"","nfl_id","player_idx","apm","apm_sd","apm_per_play","full_name","team","position","season"
"1","00-0027136",97,0.0262887171033168,0.0208961244874656,0.0023898833730288,"Jason McCourty","NE","DB",2019
"2","00-0031325",587,0.0235732464895978,0.021988437106385,0.00214302240814526,"Sammy Watkins","KC","WR",2019
"3","00-0033096",1044,0.0222620816916746,0.0220611358814831,0.00202382560833406,"Shaq Lawson","BUF","DL",2019
"4","00-0033589",1196,0.0221494961340059,0.0222751034917402,0.0020135905576369,"David Moore","SEA","WR",2019
"5","00-0030506",436,0.0221398125285163,0.0213417848423643,0.00201271022986512,"Travis Kelce","KC","TE",2019
"6","00-0033293",1092,0.0221192048357026,0.021803716869111,0.0020108368032457,"Aaron Jones","GB","RB",2019
"7","00-0032057",746,0.0219181718425786,0.0217393457180481,0.00199256107659806,"Jaquiski Tartt","SF","DB",2019
"8","00-0032580",903,0.0216766022878981,0.0222743337381376,0.00197060020799073,"Jonathan Jones","NE","DB",2019
"9","00-0029542",279,0.0215070689029189,0.0221398568680473,0.00195518808208354,"Stephon Gilmore","NE","DB",2019
"10","00-0030383",405,0.0210732286913659,0.0232825060499965,0.00191574806285145,"Duron Harmon","NE","DB",2019
"11","00-0034753",1608,0.0210545801051675,0.0221710465008947,0.00191405273683341,"Mark Andrews","BAL","TE",2019
"12","00-0031253",561,0.0205633054607556,0.0223221450068817,0.00186939140552324,"K'Waun Williams","SF","DB",2019
"13","00-0025473",52,0.0199408051563708,0.0218166565324214,0.00181280046876098,"Marshal Yanda","BAL","OL",2019
"14","00-0030584",462,0.0198227540997887,0.0224161529730703,0.00180206855452624,"Eric Fisher","KC","OL",2019
"15","00-0034796",1642,0.0197279423352524,0.0217741879719142,0.00179344930320476,"Lamar Jackson","BAL","QB",2019
"16","00-0031958",733,0.019674144933247,0.021404862198824,0.00178855863029518,"Austin Reiter","KC","OL",2019
"17","00-0035342",1874,0.0196695709443318,0.0221673975050529,0.00178814281312107,"Patrick Laird","MIA","RB",2019
"18","00-0034281",1410,0.019576358395549,0.0220214030055227,0.00177966894504991,"Bradley Bozeman","BAL","OL",2019
"19","00-0030874",490,0.019261849412982,0.0213477772292627,0.001751077219362,"Damien Williams","KC","RB",2019
"20","00-0035662",1987,0.0190307089422539,0.0220964571880147,0.00173006444929581,"Marquise Brown","BAL","WR",2019
"21","00-0034752",1607,0.0188811642989495,0.0219319828844404,0.00171646948172268,"Orlando Brown","BAL","OL",2019
"22","00-0034778",1627,0.0188002803845479,0.0215595413323053,0.00170911639859526,"Carlton Davis","TB","DB",2019
"23","00-0031166",538,0.0187370661684733,0.0224378355293749,0.00170336965167939,"Seth Roberts","BAL","WR",2019
"24","00-0033046",1018,0.0183122645951915,0.0217097104443198,0.0016647513268356,"Jihad Ward","BAL","DL",2019
"25","00-0033873",1260,0.01792431953974,0.0213322821265839,0.00162948359452182,"Patrick Mahomes","KC","QB",2019
"26","00-0028092",194,0.0177914368629758,0.0216635268511321,0.00161740335117961,"Richard Sherman","SF","DB",2019
"27","00-0032965",998,0.0177357484957683,0.0217808161927852,0.00161234077234258,"Ronnie Stanley","BAL","OL",2019
"28","00-0027986",177,0.0176710352633459,0.0225047673688989,0.00160645775121327,"Stefen Wisniewski","KC","OL",2019
"29","00-0027981",175,0.0176347633612131,0.0221191453634425,0.00160316030556483,"Kyle Rudolph","MIN","TE",2019
"30","00-0033288",1089,0.0175956138290325,0.0221944753679726,0.00159960125718478,"George Kittle","SF","TE",2019
"31","00-0033025",1014,0.0175430789057292,0.0219940273220642,0.00159482535506629,"Jalen Richard","OAK","RB",2019
"32","00-0033858",1250,0.0174163489898099,0.0216210199933832,0.00158330445361908,"Jonnu Smith","TEN","TE",2019
"33","00-0031765",700,0.0173750474742617,0.0231662354915341,0.00157954977038742,"Nick Easton","NO","OL",2019
"34","00-0030434",416,0.0172799586621826,0.0224614207050456,0.00157090533292569,"Vince Williams","PIT","LB",2019
"35","00-0029253",252,0.0171140384354226,0.0214872692563274,0.00155582167594751,"Mitchell Schwartz","KC","OL",2019
"36","00-0033381",1114,0.0169800981444975,0.0216203392401357,0.00154364528586341,"Adam Butler","NE","DL",2019
"37","00-0030463",426,0.0169798938507381,0.0209038330707871,0.00154362671370346,"A.J. Klein","NO","LB",2019
"38","00-0032764",937,0.0168255657986573,0.0216251075810924,0.00152959689078703,"Derrick Henry","TEN","RB",2019
"39","00-0033283",1086,0.0165586484439454,0.021735857574153,0.00150533167672231,"Tyus Bowser","BAL","LB",2019
"40","00-0029701",326,0.0163825518471518,0.0218916056576855,0.00148932289519562,"Ryan Tannehill","TEN","QB",2019
"41","00-0027685",118,0.0161754942534483,0.0211875959732923,0.00147049947758621,"Emmanuel Sanders","SF","WR",2019
"42","00-0027944",156,0.0160752466503141,0.0224220770576406,0.00146138605911946,"Julio Jones","ATL","WR",2019
"43","00-0032392",842,0.0159050226449976,0.0222224891506246,0.00144591114954524,"Austin Hooper","ATL","TE",2019
"44","00-0027647",110,0.0158249782555881,0.021865442456969,0.00143863438687165,"Devin McCourty","NE","DB",2019
"45","00-0034764",1616,0.0157843348772837,0.0215576617724597,0.00143493953429852,"Michael Gallup","DAL","WR",2019
"46","00-0029892",341,0.0156741452769194,0.0217239322790612,0.00142492229790176,"Kyle Juszczyk","SF","RB",2019
"47","00-0035640",1971,0.0155164460028362,0.0221711071938844,0.00141058600025784,"D.K. Metcalf","SEA","WR",2019
"48","00-0035643",1973,0.0153623613466652,0.0222432508278619,0.00139657830424229,"Jeffery Simmons","TEN","DL",2019
"49","00-0031360",602,0.0151724394926478,0.0208020553774907,0.0013793126811498,"Kyle Van Noy","NE","LB",2019
"50","00-0034096",1350,0.015171025096912,0.0211859252959376,0.00137918409971927,"Emmanuel Moseley","SF","DB",2019
"51","00-0031687",693,0.0151322766047167,0.0221878107103757,0.0013756615095197,"Raheem Mostert","SF","RB",2019
"52","00-0031740",697,0.0147801191720278,0.0223725172317425,0.00134364719745707,"Neville Hewitt","NYJ","LB",2019
"53","00-0032227",799,0.0146167983047973,0.0220482391483914,0.00132879984589067,"Jeff Heuerman","DEN","TE",2019
"54","00-0034815",1655,0.0146096224903613,0.0219439270679809,0.00132814749912376,"Fred Warner","SF","LB",2019
"55","00-0032626",909,0.0144764045397151,0.0219090324224614,0.00131603677633774,"Geronimo Allison","GB","WR",2019
"56","00-0031596",681,0.0144418240626112,0.0214174563561045,0.00131289309660102,"David Mayo","NYG","LB",2019
"57","00-0033040",1016,0.0144305150209375,0.0206325418642452,0.00131186500190341,"Tyreek Hill","KC","WR",2019
"58","00-0032109",761,0.0143845062348943,0.0221143894620048,0.00130768238499039,"Kwon Alexander","SF","LB",2019
"59","00-0031544",647,0.0142897723350122,0.0213603615232956,0.00129907021227384,"Amari Cooper","DAL","WR",2019
"60","00-0022127",7,0.0141732160387002,0.0212218268240443,0.00128847418533639,"Jason Witten","DAL","TE",2019
"61","00-0034388",1477,0.0141114702990401,0.0214512416757095,0.00128286093627637,"Davontae Harris","DEN","DB",2019
"62","00-0035526",1918,0.0140817258077961,0.0209000014427431,0.00128015689161782,"Elgton Jenkins","GB","OL",2019
"63","00-0031022",502,0.0138921523179557,0.0208350355080124,0.00126292293799597,"Laurent Duvernay-Tardif","KC","OL",2019
"64","00-0031548",650,0.0138735798356063,0.0215668347656458,0.00126123453050967,"Kevin Johnson","BUF","DB",2019
"65","00-0034837",1671,0.0138408707584144,0.0213555279939017,0.00125826097803767,"Calvin Ridley","ATL","WR",2019
"66","00-0033077",1035,0.013818613886987,0.0209659201395961,0.00125623762608973,"Dak Prescott","DAL","QB",2019
"67","00-0034983",1723,0.0136589870443878,0.0216038426901821,0.00124172609494434,"Hunter Renfrow","OAK","WR",2019
"68","00-0033466",1140,0.013480918752764,0.0218194424952549,0.00122553806843309,"Isaiah McKenzie","BUF","WR",2019
"69","00-0032575",901,0.0134415772566456,0.0205486008594909,0.00122196156878596,"Matt Skura","BAL","OL",2019
"70","00-0032775",944,0.0133173160530818,0.0221437179181827,0.00121066509573471,"Demarcus Robinson","KC","WR",2019
"71","00-0032773",942,0.0132961968663776,0.021298764968663,0.00120874516967069,"Nick Kwiatkoski","CHI","LB",2019
"72","00-0035250",1813,0.0132810188610698,0.0228881739996088,0.00120736535100634,"Devin Singletary","BUF","RB",2019
"73","00-0031402",621,0.0131655718897952,0.0211106366936183,0.00119687017179956,"Zack Martin","DAL","OL",2019
"74","00-0034334",1428,0.0130805373017314,0.0229162806760223,0.00118913975470285,"Troy Apke","WAS","DB",2019
"75","00-0031785",702,0.013044248567484,0.0213872411268126,0.00118584077886218,"Troy Hill","LA","DB",2019
"76","00-0030500",432,0.0128610294536425,0.0222650970512717,0.00116918449578568,"Nick Williams","CHI","DL",2019
"77","00-0028002",180,0.0126646495999138,0.0216075357908284,0.00115133178181034,"Randall Cobb","DAL","WR",2019
"78","00-0032424",864,0.0126626221250881,0.0215595308188765,0.0011511474659171,"D.J. Reader","HOU","DL",2019
"79","00-0033127",1061,0.0126482355840399,0.0216193169619129,0.00114983959854908,"Will Fuller","HOU","WR",2019
"80","00-0027663",113,0.0125577403238841,0.0215375518261314,0.00114161275671674,"Sean Lee","DAL","LB",2019
"81","00-0027962",167,0.0124814724359061,0.0219911964273625,0.0011346793123551,"Cameron Jordan","NO","DL",2019
"82","00-0027862",137,0.0123477739443925,0.0218023543692911,0.00112252490403568,"Tyson Alualu","PIT","DL",2019
"83","00-0035336",1871,0.0121296498515652,0.0220235881606361,0.00110269544105138,"Shaq Calhoun","MIA","OL",2019
"84","00-0027860",136,0.0120877490759551,0.0217017257580557,0.00109888627963229,"Joe Haden","PIT","DB",2019
"85","00-0035717",2030,0.0120525819151901,0.0221046942464003,0.00109568926501728,"Nick Bosa","SF","DL",2019
"86","00-0027867",140,0.0120295615426121,0.0212667944225023,0.00109359650387383,"Jason Pierre-Paul","TB","LB",2019
"87","00-0032165",785,0.0120036682248914,0.0215366865767207,0.00109124256589922,"Marcus Peters","BAL","DB",2019
"88","00-0030669",470,0.0119430160424766,0.0220363096914516,0.00108572873113424,"Albert Wilson","MIA","WR",2019
"89","00-0035525",1917,0.0119330217495035,0.0206543644905227,0.00108482015904577,"Devin Bush","PIT","LB",2019
"90","00-0032418",859,0.0118340168098518,0.0226354964306419,0.00107581970998653,"Joe Dahl","DET","OL",2019
"91","00-0033893",1279,0.0118331566453927,0.0218304188445586,0.00107574151321752,"Dalvin Cook","MIN","RB",2019
"92","00-0032765",938,0.0118018557329141,0.0208985546991078,0.00107289597571946,"Michael Thomas","NO","WR",2019
"93","00-0028015",183,0.011711849025035,0.021978776771528,0.00106471354773046,"Jurrell Casey","TEN","DL",2019
"94","00-0033503",1146,0.0116952260037312,0.0215799552117087,0.00106320236397556,"Arthur Maulet","NYJ","DB",2019
"95","00-0030279",397,0.0116632027771159,0.0209401413758328,0.00106029116155599,"Keenan Allen","LAC","WR",2019
"96","00-0027969",171,0.0116574332032637,0.0207733235543189,0.00105976665484215,"Cameron Heyward","PIT","DL",2019
"97","00-0033119",1054,0.0116520810707348,0.0217706799396994,0.00105928009733953,"Jacoby Brissett","IND","QB",2019
"98","00-0029607",297,0.011645762531211,0.0207348961872036,0.00105870568465554,"Demario Davis","NO","LB",2019
"99","00-0033461",1138,0.0116151010443628,0.0214093034284187,0.00105591827676025,"Raekwon McMillan","MIA","LB",2019
"100","00-0033560",1178,0.0115732925611004,0.0214214831493983,0.00105211750555458,"Julie'n Davenport","MIA","OL",2019
"101","00-0029409",267,0.0114944369987515,0.0214763245218539,0.00104494881806832,"Mychal Kendricks","SEA","LB",2019
"102","00-0032146",776,0.0114846626465604,0.0224368882246575,0.0010440602405964,"Bud Dupree","PIT","LB",2019
"103","00-0030148",385,0.0113513274692833,0.021033081712423,0.00103193886084393,"Damion Square","LAC","DL",2019
"104","00-0033699",1215,0.0113446597571099,0.0217403272620277,0.00103133270519181,"Austin Ekeler","LAC","RB",2019
"105","00-0033221",1073,0.0113026419529619,0.0228608932998016,0.00102751290481472,"Daniel Brunskill","SF","OL",2019
"106","00-0035678",2001,0.0112342076090747,0.0211421585109471,0.00102129160082497,"Dre'Mont Jones","DEN","DL",2019
"107","00-0034789",1635,0.0112237040348599,0.0210222539957085,0.00102033673044181,"Minkah Fitzpatrick","PIT","DB",2019
"108","00-0030421",413,0.0111734049771481,0.0216193300261426,0.00101576408883165,"Jamie Collins","NE","LB",2019
"109","00-0030442",418,0.0111608136620727,0.0221841342302292,0.00101461942382479,"John Simon","NE","DL",2019
"110","00-0033392",1118,0.0111563067370765,0.0219329982264452,0.00101420970337059,"Harvey Langi","NYJ","LB",2019
"111","00-0031610",685,0.0111085967060226,0.0218784981487462,0.00100987242782023,"Darren Waller","OAK","TE",2019
"112","00-0030573",458,0.0110954339689394,0.0218333599824906,0.00100867581535813,"Sheldon Richardson","CLE","DL",2019
"113","00-0034951",1703,0.0110453250237156,0.022924737328984,0.00100412045670142,"Fred Johnson","CIN","OL",2019
"114","00-0032413",855,0.0109855859427142,0.0219228519765315,0.000998689631155834,"Ronald Blair","SF","DL",2019
"115","00-0032355",825,0.0109714524507407,0.0221193488671081,0.000997404768249156,"Chester Rogers","IND","WR",2019
"116","00-0033871",1258,0.0109596281944476,0.0222410987900618,0.000996329835858869,"Corey Davis","TEN","WR",2019
"117","00-0027865",138,0.0109545949061661,0.0220048187763242,0.000995872264196922,"Brandon Graham","PHI","DL",2019
"118","00-0029413",270,0.0109470952978505,0.0216861625534533,0.000995190481622775,"Ben Jones","TEN","OL",2019
"119","00-0031041",509,0.010935125244187,0.0216937484326771,0.00099410229492609,"Kyle Fuller","CHI","DB",2019
"120","00-0029562",283,0.0109208100661709,0.0215443191313464,0.000992800915106442,"Lavonte David","TB","LB",2019
"121","00-0027150",98,0.0108925303326878,0.0216619211796279,0.000990230030244349,"Julian Edelman","NE","WR",2019
"122","00-0020531",4,0.0108892225105889,0.0208520321461044,0.000989929319144444,"Drew Brees","NO","QB",2019
"123","00-0027723",125,0.0108826842441518,0.0214847163981782,0.000989334931286527,"Al Woods","SEA","DL",2019
"124","00-0031345",595,0.0108677725192109,0.0212615345450373,0.000987979319928265,"Jimmy Garoppolo","SF","QB",2019
"125","00-0030997",497,0.0108187702149134,0.0214708817225914,0.000983524564992125,"Zach Fulton","HOU","OL",2019
"126","00-0027947",157,0.0108089147281107,0.0220503976292513,0.000982628611646423,"Tyron Smith","DAL","OL",2019
"127","00-0030821",485,0.0107967451599574,0.0228195306695185,0.000981522287268852,"Allen Hurns","MIA","WR",2019
"128","00-0031386",615,0.0107499886414849,0.0210414505600665,0.00097727169468045,"Greg Robinson","CLE","OL",2019
"129","00-0034397",1485,0.0106702572187606,0.0224699791728686,0.000970023383523692,"Tim Settle","WAS","DL",2019
"130","00-0027966",170,0.0106122090856217,0.0214560274369764,0.000964746280511061,"Mark Ingram","BAL","RB",2019
"131","00-0034275",1406,0.0105717923153927,0.0218324491894929,0.000961072028672065,"Foley Fatukasi","NYJ","DL",2019
"132","00-0035654",1982,0.0105605843215358,0.0218279438093137,0.000960053120139621,"Chase Winovich","NE","DL",2019
"133","00-0035707",2024,0.01055631372461,0.021708313519041,0.000959664884055459,"Devin White","TB","LB",2019
"134","00-0030546",447,0.0105297240906033,0.02133136843387,0.000957247644600302,"Travis Frederick","DAL","OL",2019
"135","00-0027061",94,0.0104890757419148,0.0206914522686488,0.00095355234017407,"Jared Cook","NO","TE",2019
"136","00-0031549",651,0.0104685852135733,0.0213034103751476,0.000951689564870299,"Nelson Agholor","PHI","WR",2019
"137","00-0031040",508,0.0103840875615808,0.0226097547255828,0.000944007960143707,"Khalil Mack","CHI","LB",2019
"138","00-0035140",1764,0.0103164466808636,0.0209406418667877,0.000937858789169422,"Mecole Hardman","KC","WR",2019
"139","00-0027956",163,0.0102863108210545,0.0229509878869263,0.000935119165550406,"Corey Liuget","BUF","DL",2019
"140","00-0034283",1411,0.0102482364231091,0.0231191772308918,0.00093165785664628,"Jullian Taylor","SF","DL",2019
"141","00-0032210",793,0.0101555455519073,0.0217051808390687,0.000923231413809753,"Frank Clark","KC","DL",2019
"142","00-0033906",1289,0.0101455229838471,0.0210604485553284,0.000922320271258828,"Alvin Kamara","NO","RB",2019
"143","00-0035230",1793,0.0101017049611311,0.0213129353159913,0.000918336814648283,"Ed Oliver","BUF","DL",2019
"144","00-0022921",15,0.0100544180612693,0.0222303847672835,0.000914038005569937,"Larry Fitzgerald","ARI","WR",2019
"145","00-0031338",592,0.010014225922471,0.0222031779698081,0.000910384174770091,"Terrence Brooks","NE","DB",2019
"146","00-0031598",683,0.00971191404756168,0.0210363970095402,0.000882901277051062,"Nick Boyle","BAL","TE",2019
"147","00-0034428",1506,0.00968957230410897,0.0217668183491847,0.000880870209464451,"Leon Jacobs","JAX","LB",2019
"148","00-0035242",1805,0.00968922546647526,0.0226869826240081,0.000880838678770478,"Erik McCoy","NO","OL",2019
"149","00-0030067",367,0.00964478219213012,0.0220040849001906,0.000876798381102738,"Terron Armstead","NO","OL",2019
"150","00-0031554",655,0.00963752075564518,0.0220236169732482,0.000876138250513199,"Eric Kendricks","MIN","LB",2019
"151","00-0033884",1271,0.00959032738378634,0.0219960122577617,0.000871847943980576,"Tre'Davious White","BUF","DB",2019
"152","00-0033051",1022,0.00957246554021891,0.0238621874894426,0.000870224140019901,"David Onyemata","NO","DL",2019
"153","00-0030401",407,0.00955261067268159,0.0218647723050276,0.000868419152061963,"Kiko Alonso","NO","LB",2019
"154","00-0032778",946,0.00953624968994376,0.0223109202561348,0.000866931789994887,"Tajae Sharpe","TEN","WR",2019
"155","00-0034760",1613,0.00951334146447243,0.02199312074462,0.000864849224042948,"Nathan Shepherd","NYJ","DL",2019
"156","00-0031300",583,0.00948862955631608,0.021248939282227,0.000862602686937825,"Trent Murphy","BUF","DL",2019
"157","00-0032385",835,0.00941539830149733,0.0220228438031517,0.00085594530013612,"Sterling Shepard","NYG","WR",2019
"158","00-0034659",1573,0.00937022754379651,0.0228517063416792,0.000851838867617865,"Sharif Finch","TEN","LB",2019
"159","00-0034678",1582,0.00929386588808583,0.0218959180657222,0.000844896898916893,"Alex Cappa","TB","OL",2019
"160","00-0030761",481,0.00921872376203285,0.0219057033317071,0.000838065796548441,"Joe Thomas","DAL","LB",2019
"161","00-0033452",1135,0.00916254447024982,0.0219940132367564,0.000832958588204529,"Austin Calitro","JAX","LB",2019
"162","00-0033122",1057,0.00913100523503251,0.023052722678612,0.000830091385002955,"Shilique Calhoun","NE","LB",2019
"163","00-0033874",1261,0.00904214868776251,0.0214511182289564,0.000822013517069319,"Marshon Lattimore","NO","DB",2019
"164","00-0030564",454,0.00902796458341279,0.0221057587141598,0.000820724053037526,"DeAndre Hopkins","HOU","WR",2019
"165","00-0031588",677,0.00898752665237699,0.0206764790671939,0.000817047877488817,"Stefon Diggs","MIN","WR",2019
"166","00-0031427",631,0.00897084722690224,0.022259267249131,0.000815531566082022,"Todd Davis","DEN","LB",2019
"167","00-0033923",1302,0.00896913953491692,0.0224675291858786,0.000815376321356083,"Kareem Hunt","CLE","RB",2019
"168","00-0031408",624,0.00891973558672743,0.0211829697739484,0.000810885053338858,"Mike Evans","TB","WR",2019
"169","00-0032257",815,0.00891284679908663,0.0216669424876377,0.000810258799916966,"Duke Johnson","HOU","RB",2019
"170","00-0031597",682,0.00887887916178462,0.0224488645262684,0.000807170832889511,"Tye Smith","TEN","DB",2019
"171","00-0035687",2008,0.00884832169613288,0.0211180316489043,0.000804392881466626,"Bobby Okereke","IND","LB",2019
"172","00-0033045",1017,0.0088468979495509,0.021783512512004,0.000804263449959173,"Ezekiel Elliott","DAL","RB",2019
"173","00-0033888",1274,0.00883022792732587,0.0226941333856486,0.000802747993393261,"Ryan Ramczyk","NO","OL",2019
"174","00-0030196",390,0.00882988244451344,0.0216232673373198,0.000802716585864858,"Jeff Heath","DAL","DB",2019
"175","00-0031236",556,0.00878000110826925,0.0220082580009519,0.000798181918933568,"Brandin Cooks","LA","WR",2019
"176","00-0032677",919,0.00873585772363515,0.0221482504546057,0.000794168883966832,"Cory Littleton","LA","LB",2019
"177","00-0033281",1084,0.0087222200087643,0.0214215603078434,0.000792929091705846,"Marlon Humphrey","BAL","DB",2019
"178","00-0031412",627,0.00871298567236455,0.0219475962523643,0.000792089606578595,"Stephon Tuitt","PIT","DL",2019
"179","00-0034847",1680,0.00867561263444109,0.0219073510392642,0.000788692057676462,"Mike McGlinchey","SF","OL",2019
"180","00-0027885",148,0.00849309797947772,0.0218698690166652,0.000772099816316156,"Linval Joseph","MIN","DL",2019
"181","00-0035118",1757,0.00847935758448768,0.0225739228330857,0.00077085068949888,"Matthew Orzech","JAX","LS",2019
"182","00-0027701",123,0.00846943172049999,0.0230366717410677,0.000769948338227272,"Everson Griffen","MIN","DL",2019
"183","00-0033090",1041,0.00845997489925067,0.0220173886389432,0.000769088627204606,"Hunter Henry","LAC","TE",2019
"184","00-0032780",948,0.00842646135737267,0.0230497217138644,0.000766041941579334,"Jordan Howard","PHI","RB",2019
"185","00-0034392",1481,0.00842448170764967,0.0231354090630259,0.000765861973422697,"Scott Quessenberry","LAC","OL",2019
"186","00-0029688",320,0.008414669287023,0.021287183350492,0.000764969935183909,"Dontari Poe","CAR","DL",2019
"187","00-0027859",135,0.00833443887561044,0.0225014458178347,0.000757676261419131,"Russell Okung","LAC","OL",2019
"188","00-0024338",40,0.0083282196422331,0.0215737795912503,0.000757110876566645,"Domata Peko Sr.","BAL","DL",2019
"189","00-0034521",1538,0.00830996813012479,0.0212347045143878,0.000755451648193162,"Allen Lazard","GB","WR",2019
"190","00-0031787",703,0.0083043562135127,0.0226157398111541,0.0007549414739557,"Jake Kumerow","GB","WR",2019
"191","00-0034803",1648,0.0082486418043242,0.0222840046187761,0.000749876527665836,"Joe Noteboom","LA","OL",2019
"192","00-0030181",389,0.00823696382633534,0.0215303451130036,0.000748814893303213,"Jack Doyle","IND","TE",2019
"193","00-0029630",303,0.00822202215699284,0.0223744264157364,0.000747456559726622,"Michael Brockers","LA","DL",2019
"194","00-0033909",1292,0.00818869540818051,0.0218229425507373,0.000744426855289138,"Pat Elflein","MIN","OL",2019
"195","00-0031433",634,0.00815125236653302,0.0219709476240145,0.000741022942412092,"Billy Turner","GB","OL",2019
"196","00-0032150",779,0.00814653499739612,0.0217293584547265,0.000740594090672374,"Steven Nelson","PIT","DB",2019
"197","00-0032234",802,0.0081374234651163,0.0221381952024792,0.000739765769556027,"Laken Tomlinson","SF","OL",2019
"198","00-0034750",1605,0.00802201629492156,0.0221991257459159,0.000729274208629233,"Rashaad Penny","SEA","RB",2019
"199","00-0029672",314,0.00797768562676943,0.0214099071320786,0.00072524414788813,"Riley Reiff","MIN","OL",2019
"200","00-0034399",1487,0.0078878330231986,0.0211781392458046,0.000717075729381691,"Wyatt Teller","CLE","OL",2019
"201","00-0034351",1442,0.00787760635197202,0.0217686086029575,0.000716146031997456,"Dallas Goedert","PHI","TE",2019
"202","00-0034858",1686,0.00782944725286226,0.0234080185992779,0.000711767932078387,"Terrell Edmunds","PIT","DB",2019
"203","00-0033055",1025,0.00781774190073614,0.0217764984355169,0.000710703809157831,"Jalen Ramsey","LA","DB",2019
"204","00-0033421",1127,0.00767921961869044,0.0222542490616754,0.000698110874426403,"Antony Auclair","TB","TE",2019
"205","00-0029586",291,0.00765800414623003,0.02242032914843,0.000696182195111821,"Derek Wolfe","DEN","DL",2019
"206","00-0034263",1397,0.00765010147905831,0.0226685145511931,0.000695463770823483,"Tarvarius Moore","SF","DB",2019
"207","00-0031935",722,0.00762269948087621,0.022079073141215,0.000692972680079655,"Preston Smith","GB","LB",2019
"208","00-0031953",730,0.00762029222059982,0.0224129527399004,0.000692753838236348,"Geremy Davis","LAC","WR",2019
"209","00-0031127",531,0.00761436694160133,0.0229066584804231,0.000692215176509212,"Brandon Dunn","HOU","DL",2019
"210","00-0031280",575,0.00757602750805448,0.0217253065044216,0.000688729773459498,"Derek Carr","OAK","QB",2019
"211","00-0031333",590,0.00755014276144074,0.0219700537852582,0.000686376614676431,"Ha Ha Clinton-Dix","CHI","DB",2019
"212","00-0030074",371,0.00754416145625943,0.0220979693967124,0.000685832859659948,"David Bakhtiari","GB","OL",2019
"213","00-0026564",78,0.00750994668351503,0.0228636922809277,0.000682722425774094,"Steve McLendon","NYJ","DL",2019
"214","00-0034437",1513,0.00746410218853468,0.0226412544743786,0.000678554744412244,"Logan Cooke","JAX","P",2019
"215","00-0031799",706,0.00743656794646801,0.0215288281626908,0.000676051631497091,"Anthony Harris","MIN","DB",2019
"216","00-0027256",101,0.0074047958099352,0.0224262247095577,0.000673163255448655,"Darian Stewart","TB","DB",2019
"217","00-0029869",338,0.00738077415089725,0.0225798250687994,0.000670979468263387,"Will Compton","OAK","LB",2019
"218","00-0035240",1803,0.00736694790746856,0.0213783176828618,0.000669722537042597,"Jahlani Tavai","DET","LB",2019
"219","00-0035663",1988,0.00733950735416677,0.0217891382812017,0.000667227941287888,"Taylor Rapp","LA","DB",2019
"220","00-0025415",47,0.00733669098334577,0.0213990774389614,0.000666971907576888,"Joe Staley","SF","OL",2019
"221","00-0027975",173,0.00728718345709584,0.0229109409337236,0.00066247122337235,"Jabaal Sheard","IND","DL",2019
"222","00-0034091",1349,0.00724580405175175,0.0207506180318851,0.000658709459250159,"George Odum","IND","DB",2019
"223","00-0031297",580,0.00724456216975067,0.0220794844449439,0.000658596560886425,"Dee Ford","SF","DL",2019
"224","00-0027010",92,0.00719778667586808,0.0215680019009731,0.000654344243260735,"Patrick Chung","NE","DB",2019
"225","00-0035253",1815,0.00718489167454506,0.0212559268044058,0.000653171970413187,"Chauncey Gardner-Johnson","NO","DB",2019
"226","00-0032763",936,0.00715750339593364,0.021761946245445,0.000650682126903058,"Austin Johnson","TEN","DL",2019
"227","00-0033611",1203,0.0071437510176576,0.0221212302914052,0.000649431910696145,"Ricky Seals-Jones","CLE","TE",2019
"228","00-0031298",581,0.00712133823111956,0.0226729729902036,0.000647394384647233,"Jimmie Ward","SF","DB",2019
"229","00-0031388",617,0.00709415483787617,0.02219589350913,0.000644923167079652,"Aaron Donald","LA","DL",2019
"230","00-0030663",468,0.00708622046157879,0.0225106437504634,0.000644201860143527,"Willie Snead","BAL","WR",2019
"231","00-0034112",1355,0.00706384838221197,0.0219325817524887,0.000642168034746543,"Austin Schlottmann","DEN","OL",2019
"232","00-0034158",1365,0.00706019852097803,0.0221562006385116,0.000641836229179821,"Brian O'Neill","MIN","OL",2019
"233","00-0033546",1168,0.00705687301021344,0.021574203659369,0.000641533910019404,"Dalvin Tomlinson","NYG","DL",2019
"234","00-0032378",828,0.00705087354447174,0.022450078972237,0.000640988504042886,"DeForest Buckner","SF","DL",2019
"235","00-0033294",1093,0.00705037904518066,0.0211668122394613,0.000640943549561878,"Chuck Clark","BAL","DB",2019
"236","00-0032241",805,0.00704579046397122,0.023024252059907,0.000640526405815566,"Todd Gurley","LA","RB",2019
"237","00-0030694",472,0.00704148824447809,0.0230567068372498,0.000640135294952554,"James Hurst","BAL","OL",2019
"238","00-0019596",3,0.0070297243274589,0.021297165342077,0.000639065847950809,"Tom Brady","NE","QB",2019
"239","00-0033886",1273,0.00701896448210272,0.0211163541072317,0.000638087680191156,"T.J. Watt","PIT","LB",2019
"240","00-0033072",1033,0.0069871211931212,0.0225901257442961,0.00063519283573829,"Leonard Floyd","CHI","LB",2019
"241","00-0034154",1364,0.0069833849667761,0.0235111013866418,0.000634853178797827,"Jacob Tuioti-Mariner","ATL","DL",2019
"242","00-0032208",791,0.00697310911458892,0.0227853181169998,0.000633919010417174,"Phillip Dorsett","NE","WR",2019
"243","00-0034179",1377,0.00697257877128663,0.0229128116362706,0.000633870797389693,"Raven Greene","GB","DB",2019
"244","00-0034302",1418,0.00693616161715357,0.0227753023044783,0.000630560147013961,"Frankie Luvu","NYJ","LB",2019
"245","00-0032160",782,0.00692773927122076,0.0214336091450057,0.000629794479201887,"Tyrell Williams","OAK","WR",2019
"246","00-0031188",548,0.00692049209141255,0.0221844780863934,0.000629135644673868,"Bennett Jackson","NYJ","DB",2019
"247","00-0035287",1843,0.00691684419759979,0.0210794239471008,0.000628804017963617,"KeeSean Johnson","ARI","WR",2019
"248","00-0029606",296,0.00691446516490638,0.0218657633923638,0.000628587742264216,"Harrison Smith","MIN","DB",2019
"249","00-0034673",1577,0.0069068190463545,0.0223183571975573,0.000627892640577682,"Tremaine Edmunds","BUF","LB",2019
"250","00-0034591",1556,0.00690255210568216,0.0210213990532535,0.000627504736880196,"J.C. Jackson","NE","DB",2019
"251","00-0034367",1458,0.00689891093962365,0.0231744356103067,0.000627173721783968,"Nyheim Hines","IND","RB",2019
"252","00-0029418",271,0.00689079976592674,0.0217566508718853,0.000626436342356976,"Najee Goode","JAX","LB",2019
"253","00-0035311",1861,0.00684034829045686,0.023730899935471,0.000621849844586987,"Myles Gaskin","MIA","RB",2019
"254","00-0033110",1049,0.00678504775241297,0.0214792317482008,0.000616822522946633,"Tyler Higbee","LA","TE",2019
"255","00-0033052",1023,0.00678471297384793,0.0215283386969175,0.00061679208853163,"Jaylon Smith","DAL","LB",2019
"256","00-0030041",356,0.00677418331556814,0.0208891212480705,0.000615834846869831,"Nickell Robey-Coleman","LA","DB",2019
"257","00-0029293",263,0.00676558967680436,0.0206273583040179,0.000615053606982215,"Marvin Jones","DET","WR",2019
"258","00-0033251",1078,0.00674864982879403,0.021921773155681,0.000613513620799457,"Zach Pascal","IND","WR",2019
"259","00-0033537",1160,0.00671420472193346,0.0218664280342293,0.000610382247448497,"Deshaun Watson","HOU","QB",2019
"260","00-0031576",668,0.00670782371650063,0.0216553873724731,0.000609802156045512,"Za'Darius Smith","GB","LB",2019
"261","00-0031060",516,0.00662496400464683,0.021594808207231,0.000602269454967894,"De'Anthony Thomas","BAL","WR",2019
"262","00-0033976",1335,0.00661267122699125,0.0215844901089283,0.000601151929726477,"Treyvon Hester","WAS","DL",2019
"263","00-0034353",1444,0.00660417623018798,0.0218131839752527,0.000600379657289816,"Anthony Miller","CHI","WR",2019
"264","00-0033946",1319,0.00658155744233402,0.0224124209279474,0.000598323403848547,"David Sharpe","OAK","OL",2019
"265","00-0031256",563,0.0065484104254241,0.0212231082412259,0.000595310038674918,"Anthony Barr","MIN","LB",2019
"266","00-0032975",1005,0.00651033549984138,0.021883213650904,0.000591848681803761,"Jonathan Williams","IND","RB",2019
"267","00-0034376",1466,0.00649208265129654,0.0207328967730202,0.000590189331936049,"Taron Johnson","BUF","DB",2019
"268","00-0031061",517,0.00648200492798187,0.0224108926938136,0.000589273175271079,"Dontae Johnson","SF","DB",2019
"269","00-0029566",284,0.00648114425535371,0.0226367315831217,0.000589194932304882,"Zach Brown","PHI","LB",2019
"270","00-0031417",628,0.00647046938621255,0.022283712503906,0.000588224489655686,"Ja'Wuan James","DEN","OL",2019
"271","00-0032255",813,0.00643734548691838,0.0218560175198552,0.000585213226083489,"A.J. Cann","JAX","OL",2019
"272","00-0033132",1064,0.00637883243725539,0.0214901070063974,0.000579893857932308,"Kevin Byard","TEN","DB",2019
"273","00-0033784",1234,0.00635600437771186,0.0222087497459296,0.000577818579791987,"Eddie Jackson","CHI","DB",2019
"274","00-0030511",437,0.00634624411391007,0.0220022768008413,0.000576931283082734,"Brandon Williams","BAL","DL",2019
"275","00-0029709",327,0.00633791242666476,0.0223410925732513,0.000576173856969524,"Ty Nsekhe","BUF","OL",2019
"276","00-0031608",684,0.00631935109755142,0.0211945088180856,0.000574486463413765,"Quandre Diggs","SEA","DB",2019
"277","00-0031442",635,0.00631599051890881,0.0209288347546059,0.000574180956264438,"Taylor Lewan","TEN","OL",2019
"278","00-0031534",645,0.00630831417655787,0.0223289918222177,0.000573483106959806,"La'el Collins","DAL","OL",2019
"279","00-0032386",836,0.00630821900234166,0.0216425820251442,0.000573474454758332,"Kamalei Correa","TEN","LB",2019
"280","00-0033921",1301,0.00630451680100715,0.021501835575345,0.00057313789100065,"Chris Godwin","TB","WR",2019
"281","00-0023682",31,0.00627841746524782,0.0217201791570744,0.000570765224113438,"Ryan Fitzpatrick","MIA","QB",2019
"282","00-0029657",309,0.00627738601321759,0.0223369736750835,0.000570671455747054,"Akiem Hicks","CHI","DL",2019
"283","00-0031619",686,0.00626829564744306,0.0213450428086375,0.00056984505885846,"Christian Covington","DAL","DL",2019
"284","00-0027560",107,0.00621798443315967,0.0229281857323922,0.000565271312105425,"Albert McClellan","NYJ","LB",2019
"285","00-0030085",374,0.00621568657311584,0.0211195748489301,0.000565062415737803,"Kenny Stills","HOU","WR",2019
"286","00-0027029",93,0.0062087288548469,0.0212331067125208,0.000564429895895173,"LeSean McCoy","KC","RB",2019
"287","00-0033347",1107,0.00618159743392221,0.0209364562312279,0.000561963403083837,"Josh Tupou","CIN","DL",2019
"288","00-0034375",1465,0.00616248537343689,0.0224855736874663,0.000560225943039717,"Kyzir White","LAC","LB",2019
"289","00-0031763",699,0.00615663972863924,0.0213567579522233,0.000559694520785385,"DeAndre Carter","HOU","WR",2019
"290","00-0033460",1137,0.0061478026623001,0.0210746841505597,0.000558891151118191,"John Ross","CIN","WR",2019
"291","00-0032637",912,0.00614189536062813,0.0216509602231383,0.000558354123693467,"Andrew Adams","TB","DB",2019
"292","00-0028112",198,0.00611461164633168,0.0221163558130903,0.000555873786030153,"Charles Clay","ARI","TE",2019
"293","00-0032094",755,0.0061145811113389,0.0222913470356425,0.000555871010121718,"Tyrell Adams","HOU","LB",2019
"294","00-0032689",921,0.006109866549091,0.022620144788424,0.000555442413553727,"Jason Vander Laan","NO","TE",2019
"295","00-0031951",729,0.00610948888808643,0.0222253496003231,0.00055540808073513,"James O'Shaughnessy","JAX","TE",2019
"296","00-0035127",1760,0.00609549682335546,0.0220422095273258,0.000554136074850496,"Andre James","OAK","OL",2019
"297","00-0033868",1255,0.0060695994143564,0.0216713396607076,0.000551781764941491,"Myles Garrett","CLE","DL",2019
"298","00-0034272",1403,0.00606510905300813,0.0215494368887894,0.000551373550273467,"Marquez Valdes-Scantling","GB","WR",2019
"299","00-0028180",207,0.00606488343066624,0.0222504339005662,0.000551353039151476,"Malcolm Smith","DAL","LB",2019
"300","00-0035292",1848,0.00606353601629081,0.022080005407387,0.000551230546935528,"David Long","TEN","LB",2019
"301","00-0030068",368,0.00604784513649226,0.0228883922581375,0.000549804103317478,"Marquise Goodwin","SF","WR",2019
"302","00-0032007",738,0.00604705479775761,0.0229830391018561,0.000549732254341601,"Quinton Dunbar","WAS","DB",2019
"303","00-0029738",328,0.00603196960764895,0.021783808200904,0.000548360873422632,"Darren Fells","HOU","TE",2019
"304","00-0027872",143,0.00602014036097339,0.0233214185860099,0.000547285487361217,"Kareem Jackson","DEN","DB",2019
"305","00-0031551",653,0.00599085353160669,0.0219218343110149,0.000544623048327881,"Eddie Goldman","CHI","DL",2019
"306","00-0034309",1419,0.00598033127134829,0.0232578291250655,0.000543666479213481,"Chad Beebe","MIN","WR",2019
"307","00-0030585",463,0.00597873497037152,0.0211735252439119,0.000543521360942866,"Justin Pugh","ARI","OL",2019
"308","00-0032762",935,0.00597311461620224,0.0223628901693874,0.000543010419654749,"Chris Jones","KC","DL",2019
"309","00-0029676",315,0.00597246969616106,0.0226415098615895,0.000542951790560096,"Morris Claiborne","KC","DB",2019
"310","00-0034743",1600,0.00595724087967645,0.0218490117412326,0.000541567352697859,"Rashaan Evans","TEN","LB",2019
"311","00-0029679",317,0.00595265889484148,0.021314624079422,0.000541150808621953,"Brandon Brooks","PHI","OL",2019
"312","00-0033393",1119,0.00594061661843367,0.0214658582373821,0.000540056056221243,"Kenny Moore","IND","DB",2019
"313","00-0034681",1585,0.00593089164701085,0.021558992164346,0.000539171967910078,"Chase Edmonds","ARI","RB",2019
"314","00-0033577",1191,0.00590551950370205,0.0216818800109796,0.000536865409427459,"Nate Gerry","PHI","LB",2019
"315","00-0027648",111,0.00586808191471108,0.0215008180656915,0.000533461992246462,"Rodger Saffold","TEN","OL",2019
"316","00-0030197",391,0.00586744776966537,0.0212602141549326,0.000533404342696852,"Deon Lacey","MIA","LB",2019
"317","00-0029329",266,0.00585886002349478,0.0219354679803579,0.000532623638499525,"Neiko Thorpe","SEA","DB",2019
"318","00-0026498",74,0.0058514007685295,0.021754808624499,0.000531945524411773,"Matthew Stafford","DET","QB",2019
"319","00-0033073",1034,0.00584780352709286,0.02159883537727,0.000531618502462987,"Emmanuel Ogbah","KC","DL",2019
"320","00-0034968",1709,0.00580421188052592,0.0219043885085515,0.000527655625502356,"Darnell Savage","GB","DB",2019
"321","00-0030216",392,0.00579487274804519,0.0213270189291183,0.000526806613458654,"Josh Hill","NO","TE",2019
"322","00-0034184",1378,0.00579378569634163,0.0217806609826255,0.000526707790576511,"Gus Edwards","BAL","RB",2019
"323","00-0035719",2032,0.00577028305937985,0.021335087951086,0.00052457118721635,"Deebo Samuel","SF","WR",2019
"324","00-0028278",211,0.00573643803899731,0.0218084648521378,0.000521494367181573,"Josh Bynes","BAL","LB",2019
"325","00-0027869",141,0.00567828159940957,0.022054693820682,0.000516207418128143,"Mike Iupati","SEA","OL",2019
"326","00-0031546",648,0.00565246263942993,0.0212838717014345,0.000513860239948176,"Trae Waynes","MIN","DB",2019
"327","00-0034171",1374,0.00560676434718392,0.0227036763500534,0.000509705849743993,"Jason Cabinda","DET","LB",2019
"328","00-0034587",1553,0.00558240813479859,0.0220203507263241,0.000507491648618054,"Abdullah Anderson","CHI","DL",2019
"329","00-0034234",1390,0.00558125892460688,0.0218448112112935,0.000507387174964262,"Poona Ford","SEA","DL",2019
"330","00-0029137",242,0.00557606094015073,0.0220278465583462,0.000506914630922794,"Alshon Jeffery","PHI","WR",2019
"331","00-0030155",386,0.00553613007404539,0.022271673721071,0.000503284552185945,"Demetrius Harris","CLE","TE",2019
"332","00-0027957",164,0.00553247120669678,0.0208780455208007,0.000502951927881525,"Prince Amukamara","CHI","DB",2019
"333","00-0029890",340,0.00552377984374789,0.0209384628165688,0.000502161803977081,"Mike Purcell","DEN","DL",2019
"334","00-0029669",312,0.00552362478494791,0.0216775844117894,0.000502147707722537,"Dont'a Hightower","NE","LB",2019
"335","00-0035531",1921,0.00550823755113833,0.0213538699332317,0.000500748868285303,"Austin Bryant","DET","DL",2019
"336","00-0031189",549,0.00550386367614694,0.0233846993805453,0.000500351243286086,"T.J. Jones","NYG","WR",2019
"337","00-0029263",256,0.00547174621732625,0.0223943534122956,0.000497431474302386,"Russell Wilson","SEA","QB",2019
"338","00-0032399",847,0.00546609915877867,0.0219617298887645,0.000496918105343515,"Miles Killebrew","DET","DB",2019
"339","00-0031218",553,0.00545673129732805,0.0218561922536689,0.000496066481575278,"Malcolm Butler","TEN","DB",2019
"340","00-0035378",1884,0.00545552449028403,0.0205755075674122,0.000495956771844002,"Andrew Wingard","JAX","DB",2019
"341","00-0032969",1001,0.00545458093230642,0.0222558647062188,0.000495870993846038,"Nick Martin","HOU","OL",2019
"342","00-0027855",133,0.00545455281072532,0.0214324026046138,0.000495868437338665,"Ndamukong Suh","TB","DL",2019
"343","00-0031938",724,0.00544612250627418,0.0226950644161186,0.000495102046024925,"Carl Davis","JAX","DL",2019
"344","00-0035215",1785,0.00543974942184353,0.022899616714382,0.000494522674713048,"Deonte Harris","NO","WR",2019
"345","00-0027952",159,0.00542695908489455,0.0213008167922427,0.000493359916808595,"Robert Quinn","DAL","DL",2019
"346","00-0033831",1244,0.0054258989893066,0.0213858401835145,0.000493263544482419,"Andrew Wylie","KC","OL",2019
"347","00-0034817",1657,0.00541837273126288,0.0227937484881563,0.000492579339205716,"Geron Christian","WAS","OL",2019
"348","00-0035112",1755,0.00541558159495221,0.0222175403122103,0.00049232559954111,"Patrick Mekari","BAL","OL",2019
"349","00-0032443",873,0.00539979245219456,0.0226256578419552,0.000490890222926778,"Joey Hunt","SEA","OL",2019
"350","00-0033870",1257,0.00539810179170428,0.0219283368960619,0.000490736526518571,"Solomon Thomas","SF","DL",2019
"351","00-0027002",91,0.00538191653379134,0.0218104478913497,0.000489265139435576,"Clay Matthews","LA","LB",2019
"352","00-0032415",856,0.00537494897433314,0.0219018401329213,0.000488631724939376,"Matt Judon","BAL","LB",2019
"353","00-0032384",834,0.0053634601886019,0.0209590311891578,0.0004875872898729,"Germain Ifedi","SEA","OL",2019
"354","00-0025630",56,0.00534442820656754,0.023625302227348,0.000485857109687958,"Clark Harris","CIN","LS",2019
"355","00-0033471",1142,0.00534344321172761,0.0218789239905623,0.00048576756470251,"Isaiah Ford","MIA","WR",2019
"356","00-0034562",1547,0.00528296687546248,0.0233226708873882,0.000480269715951134,"Donovan Olumba","DAL","DB",2019
"357","00-0033872",1259,0.00522720885900359,0.0205301768774379,0.000475200805363963,"Jamal Adams","NYJ","DB",2019
"358","00-0034833",1667,0.00519737641774236,0.0227782629259451,0.000472488765249306,"Isaiah Wynn","NE","OL",2019
"359","00-0022942",17,0.00519340634479931,0.0214993888061627,0.00047212784952721,"Philip Rivers","LAC","QB",2019
"360","00-0034414",1496,0.00517533295291988,0.0222394155473115,0.000470484813901807,"Boston Scott","PHI","RB",2019
"361","00-0035668",1993,0.00516361149390513,0.0215693249328631,0.000469419226718648,"David Edwards","LA","OL",2019
"362","00-0030114",382,0.00514774548390854,0.021983159644437,0.000467976862173504,"Jordan Poyer","BUF","DB",2019
"363","00-0032889",975,0.00513923272618221,0.0223773504719741,0.000467202975107474,"A'Shawn Robinson","DET","DL",2019
"364","00-0027103",95,0.00511747371810601,0.0230320640107114,0.000465224883464183,"Kevin Huber","CIN","P",2019
"365","00-0033111",1050,0.00511530027402605,0.022407092975098,0.000465027297638732,"Pharoh Cooper","ARI","WR",2019
"366","00-0032569",898,0.00511287377141054,0.0221510417333076,0.000464806706491868,"Wil Lutz","NO","K",2019
"367","00-0027696",122,0.00510800318290165,0.0221018149077319,0.000464363925718331,"Jimmy Graham","GB","TE",2019
"368","00-0034545",1543,0.00509166825824375,0.0215085871810834,0.000462878932567613,"Brandon Facyson","LAC","DB",2019
"369","00-0032087",754,0.00509008618519268,0.0231587745419399,0.00046273510774479,"Josh Lambo","JAX","K",2019
"370","00-0035562",1937,0.00508514234489593,0.0218084341245481,0.000462285667717812,"Jesper Horsted","CHI","TE",2019
"371","00-0034310",1420,0.00504284794203836,0.0223059104415544,0.000458440722003487,"Craig James","PHI","DB",2019
"372","00-0023459",25,0.00503444050082217,0.0221437654388073,0.000457676409165652,"Aaron Rodgers","GB","QB",2019
"373","00-0030503",433,0.00503186558592127,0.0223906764023046,0.000457442325992842,"Alex Okafor","KC","DL",2019
"374","00-0033940",1314,0.00499707111422201,0.0212120260889936,0.000454279192202001,"Jaleel Johnson","MIN","DL",2019
"375","00-0035625",1960,0.00498241548381997,0.0218513008333293,0.000452946862165452,"Juan Thornhill","KC","DB",2019
"376","00-0029410",268,0.0049815685647378,0.0218621101805002,0.000452869869521618,"Tavon Wilson","DET","DB",2019
"377","00-0034186",1380,0.00498088684029724,0.0219052517732792,0.000452807894572476,"Alex Light","GB","OL",2019
"378","00-0034159",1366,0.004978522797807,0.0216887827592355,0.000452592981618818,"Will Dissly","SEA","TE",2019
"379","00-0025424",49,0.00495771543635694,0.0215262519266156,0.000450701403305176,"Eric Weddle","LA","DB",2019
"380","00-0034829",1663,0.00495726059047655,0.0212663030596336,0.000450660053679686,"Mike Gesicki","MIA","TE",2019
"381","00-0034755",1610,0.00494957097591327,0.0210803394481133,0.000449960997810297,"Shaquem Griffin","SEA","LB",2019
"382","00-0031051",513,0.0049249996818405,0.0230515902453318,0.000447727243803682,"John Brown","BUF","WR",2019
"383","00-0033129",1062,0.00489751495136674,0.0209727246274675,0.000445228631942431,"Carl Nassib","TB","LB",2019
"384","00-0026166",68,0.00487993125196584,0.0213714409602507,0.000443630113815076,"Duane Brown","SEA","OL",2019
"385","00-0033469",1141,0.00487966785694858,0.0221078241717827,0.000443606168813507,"Vincent Taylor","BUF","DL",2019
"386","00-0027941",154,0.00485100224345011,0.0228720546234374,0.00044100020395001,"Marcell Dareus","JAX","DL",2019
"387","00-0035689",2010,0.00484379418054137,0.0216894876649634,0.000440344925503761,"Dawson Knox","BUF","TE",2019
"388","00-0035649",1978,0.00480494530998616,0.0214102499852169,0.000436813209998742,"Nate Davis","TEN","OL",2019
"389","00-0035486",1909,0.00478525326148788,0.0220987519346281,0.000435023023771625,"Miles Brown","ARI","DL",2019
"390","00-0031258",565,0.00476957231378317,0.0220061156169118,0.000433597483071198,"Jeremiah Attaochu","DEN","LB",2019
"391","00-0034357",1448,0.00474755995315755,0.0219903359582449,0.000431596359377959,"Isaiah Oliver","ATL","DB",2019
"392","00-0035266",1826,0.00474400275914715,0.0217572915911725,0.000431272978104286,"Mike Jordan","CIN","OL",2019
"393","00-0035444",1903,0.00474330676281597,0.022671158027557,0.000431209705710543,"Jordan Kunaszyk","CAR","LB",2019
"394","00-0026618",79,0.00474306253754646,0.0223470895628025,0.000431187503413315,"Michael Bennett","DAL","DL",2019
"395","00-0034843",1676,0.00472538697635891,0.0217378820564722,0.000429580634214446,"Mike Hughes","MIN","DB",2019
"396","00-0033357",1108,0.00471763086419716,0.0217755587576446,0.000428875533108832,"Taysom Hill","NO","QB",2019
"397","00-0029608",298,0.00471389835212206,0.0222286367244468,0.000428536213829278,"T.Y. Hilton","IND","WR",2019
"398","00-0035630",1962,0.00470486645807844,0.0211257047304522,0.000427715132552586,"Chris Lindstrom","ATL","OL",2019
"399","00-0033114",1051,0.00469740772185576,0.0227640197313578,0.000427037065623251,"Mike Thomas","LA","WR",2019
"400","00-0035539",1928,0.00468346461659692,0.0219638548063982,0.00042576951059972,"Isaac Nauta","DET","TE",2019
"401","00-0030089",375,0.00465988301717263,0.0223260920282955,0.000423625728833875,"Luke Willson","SEA","TE",2019
"402","00-0031019",501,0.00465964142216822,0.0211567386401437,0.000423603765651657,"Corey Linsley","GB","OL",2019
"403","00-0033891",1277,0.00464233729388979,0.0222294579664394,0.00042203066308089,"Zay Jones","OAK","WR",2019
"404","00-0034264",1398,0.00464151983125083,0.0227240270915453,0.00042195634829553,"Jalyn Holmes","MIN","DL",2019
"405","00-0030010",351,0.004632375976646,0.0223160505863899,0.000421125088786,"Brandon Copeland","NYJ","LB",2019
"406","00-0035699",2018,0.00462796168688501,0.0217185289722173,0.00042072378971682,"Jamel Dean","TB","DB",2019
"407","00-0034577",1550,0.00462680883965109,0.0217088222101212,0.000420618985422826,"Kyle Allen","CAR","QB",2019
"408","00-0031176",544,0.00460904495724968,0.0212188146469933,0.000419004087022698,"Nevin Lawson","OAK","DB",2019
"409","00-0031565",662,0.00456487296534676,0.0206057029887562,0.00041498845139516,"Danielle Hunter","MIN","DL",2019
"410","00-0032560",896,0.00454746474300216,0.0222281111987319,0.000413405885727469,"Charles Washington","ARI","DB",2019
"411","00-0035375",1883,0.00453942960835744,0.0211826046539149,0.000412675418941585,"Brandon Watson","JAX","DB",2019
"412","00-0035298",1853,0.00453494603180631,0.0224802296452833,0.000412267821073301,"Scott Miller","TB","WR",2019
"413","00-0033121",1056,0.00452317664546277,0.0221714003791333,0.000411197876860252,"B.J. Goodson","GB","LB",2019
"414","00-0035632",1964,0.00450435273877697,0.0201724320706632,0.000409486612616088,"Amani Hooker","TEN","DB",2019
"415","00-0027965",169,0.00450237152769103,0.0226663775780059,0.000409306502517366,"Jimmy Smith","BAL","DB",2019
"416","00-0032402",849,0.00449206250445039,0.0224158703947388,0.000408369318586399,"Hassan Ridgeway","PHI","DL",2019
"417","00-0028787",221,0.00448418956167041,0.0224997216313347,0.000407653596515492,"Kai Forbath","DAL","K",2019
"418","00-0034461",1521,0.00448251426142297,0.0230221136986821,0.000407501296492997,"Bruce Hector","PHI","DL",2019
"419","00-0031242",560,0.00445702742010019,0.0212841522308272,0.000405184310918199,"Shamar Stephen","MIN","DL",2019
"420","00-0033733",1222,0.00443348868256345,0.0225300097610868,0.000403044425687587,"Greg Ward","PHI","WR",2019
"421","00-0032951",992,0.00441651998080268,0.0231433136313195,0.000401501816436608,"Laquon Treadwell","MIN","WR",2019
"422","00-0032759",932,0.00440915206636265,0.0215677686655726,0.000400832006032969,"Sheldon Rankins","NO","DL",2019
"423","00-0035290",1846,0.00439644610143646,0.0217693118686914,0.000399676918312406,"Jaquan Johnson","BUF","DB",2019
"424","00-0034987",1727,0.00436993223633722,0.0230528349838053,0.000397266566939747,"E.J. Speed","IND","LB",2019
"425","00-0029546",280,0.00434622542163697,0.0239830547633741,0.000395111401966998,"Senio Kelemete","HOU","OL",2019
"426","00-0035255",1817,0.00434369959184364,0.0210752894413955,0.000394881781076695,"Kendall Sheffield","ATL","DB",2019
"427","00-0034500",1531,0.00433996631768183,0.0218680713304396,0.00039454239251653,"Tae Davis","CLE","LB",2019
"428","00-0029284",261,0.00433276633803913,0.0221987993588838,0.000393887848912648,"Mike Daniels","DET","DL",2019
"429","00-0028411",217,0.00432334257661741,0.0224545382384349,0.000393031143328855,"Dontrelle Inman","IND","WR",2019
"430","00-0035025",1741,0.0043207059932114,0.0217421112249873,0.000392791453928309,"Hale Hentges","WAS","TE",2019
"431","00-0025944",61,0.00429326105240232,0.0224185555607982,0.000390296459309302,"Stephen Hauschka","BUF","K",2019
"432","00-0028374",215,0.00429206698609478,0.0228609808062837,0.000390187907826798,"Kyle Nelson","SF","LS",2019
"433","00-0033863",1254,0.004275360695873,0.0225755857470647,0.000388669154170273,"Dan Skipper","DET","OL",2019
"434","00-0031177",545,0.00427102293369685,0.022905314660964,0.000388274812154259,"Brent Urban","CHI","DL",2019
"435","00-0028008",182,0.00425274153631715,0.0226285253984264,0.000386612866937923,"Justin Houston","IND","DL",2019
"436","00-0034352",1443,0.00422632837544282,0.0213322769553721,0.000384211670494802,"Connor Williams","DAL","OL",2019
"437","00-0031136",534,0.00419272406731522,0.0228703518764005,0.000381156733392293,"Chris Boswell","PIT","K",2019
"438","00-0035692",2011,0.00417535237538856,0.0216729683190069,0.000379577488671687,"Clelin Ferrell","OAK","DL",2019
"439","00-0033084",1039,0.00415938491830236,0.0211972816617763,0.000378125901663851,"Kendall Fuller","KC","DB",2019
"440","00-0031285",577,0.00415912162212153,0.0217430097165537,0.000378101965647411,"Devonta Freeman","ATL","RB",2019
"441","00-0030065",365,0.00415057338422805,0.0224903802686307,0.000377324853111641,"Larry Warford","NO","OL",2019
"442","00-0035597",1951,0.00413954694998607,0.0225346391494999,0.000376322449998733,"John Ursua","SEA","WR",2019
"443","00-0033642",1206,0.00413247330486186,0.0228536934717219,0.000375679391351078,"B.J. Bello","NYJ","LB",2019
"444","00-0031550",652,0.00411654441287803,0.0211829279523831,0.000374231310261639,"Shaq Thompson","CAR","LB",2019
"445","00-0033913",1296,0.00411329391275979,0.0212075676503581,0.00037393581025089,"Chris Wormley","BAL","DL",2019
"446","00-0034844",1677,0.00409929941671001,0.0222468099368966,0.000372663583337274,"Saquon Barkley","NYG","RB",2019
"447","00-0029040",236,0.00407843560030606,0.0215051306353038,0.000370766872755096,"Damon Harrison","DET","DL",2019
"448","00-0023448",24,0.00407564440545264,0.021246054074388,0.000370513127768421,"Thomas Davis","LAC","LB",2019
"449","00-0029269",257,0.00406570888166033,0.0222878090359285,0.000369609898332757,"Travis Benjamin","LAC","WR",2019
"450","00-0032211",794,0.00404540081408626,0.0211592147564731,0.000367763710371478,"Tyler Lockett","SEA","WR",2019
"451","00-0031029",504,0.00404430124369539,0.0230528158758313,0.000367663749426853,"Seantrel Henderson","HOU","OL",2019
"452","00-0035374",1882,0.00402236569740441,0.0223581001712779,0.000365669608854947,"Michael Walker","JAX","WR",2019
"453","00-0027953",160,0.0040165186444199,0.0223172770345281,0.000365138058583627,"Mike Pouncey","LAC","OL",2019
"454","00-0031307",584,0.00398645830551429,0.0223006635492694,0.000362405300501299,"Walt Aikens","MIA","DB",2019
"455","00-0035637",1968,0.00395191913456713,0.0205017244451194,0.000359265375869739,"Rock Ya-Sin","IND","DB",2019
"456","00-0035651",1980,0.00394672887386757,0.022005969781043,0.000358793533987961,"Jaylon Ferguson","BAL","LB",2019
"457","00-0029764",331,0.00390756479440634,0.0216854630030245,0.000355233163127849,"Cody Davis","JAX","DB",2019
"458","00-0030561",452,0.00389878570811145,0.0221415677495545,0.000354435064373768,"Lane Johnson","PHI","OL",2019
"459","00-0035500",1912,0.00388791470364703,0.0222928300150987,0.000353446791240639,"Greg Dortch","LA","WR",2019
"460","00-0035400",1890,0.00387729935892057,0.0233281121757786,0.00035248175990187,"Keaton Sutherland","MIA","OL",2019
"461","00-0032081",753,0.00387231828888082,0.0214137153176093,0.000352028935352802,"Nick Dzubnar","LAC","LB",2019
"462","00-0027282",102,0.00386980261876259,0.0224039938488599,0.000351800238069326,"Ben Garland","SF","OL",2019
"463","00-0031876",712,0.00386588228293084,0.0239173598097882,0.000351443843902804,"Matt Wile","DET","P",2019
"464","00-0035659",1986,0.00385882633575421,0.0217586584646687,0.000350802394159474,"Terry McLaurin","WAS","WR",2019
"465","00-0033571",1186,0.0038581405725484,0.0210480765565031,0.000350740052049855,"Matt Milano","BUF","LB",2019
"466","00-0032107",760,0.00384939573507896,0.0218034137101427,0.00034994506682536,"Angelo Blackson","HOU","DL",2019
"467","00-0034490",1528,0.00384916894179635,0.02310658222287,0.000349924449254214,"Zeke Turner","ARI","LB",2019
"468","00-0031558",659,0.00381078300313322,0.0214507762077214,0.000346434818466656,"Maxx Williams","ARI","TE",2019
"469","00-0026714",81,0.0038103339366935,0.0226671957143269,0.000346393994244864,"Nick Sundberg","WAS","LS",2019
"470","00-0034145",1363,0.00379727747195868,0.0219399423277131,0.000345207042905334,"Chris Lammons","KC","DB",2019
"471","00-0034109",1353,0.00379562458742526,0.022846181134126,0.000345056780675024,"Phillip Lindsay","DEN","RB",2019
"472","00-0033547",1169,0.00378583498374121,0.021911557218516,0.000344166816703746,"Zach Cunningham","HOU","LB",2019
"473","00-0034869",1689,0.00376052094865402,0.0221355123871525,0.000341865540786729,"Sam Darnold","NYJ","QB",2019
"474","00-0032734",927,0.00371913802965468,0.0212064365303107,0.000338103457241334,"Brennan Scarlett","HOU","LB",2019
"475","00-0034986",1726,0.00371900474100437,0.0230224464339786,0.000338091340091307,"Cameron Smith","MIN","LB",2019
"476","00-0035219",1788,0.00370319438965154,0.0236064841915892,0.000336654035422867,"Isaiah Buggs","PIT","DL",2019
"477","00-0025396",45,0.00369693352864054,0.0205312271460318,0.000336084866240049,"Ted Ginn","NO","WR",2019
"478","00-0029792",332,0.00369039553141076,0.022675440133202,0.000335490502855524,"Paul Worrilow","NYJ","LB",2019
"479","00-0030558",451,0.00368905767688206,0.0222730685786839,0.000335368879716551,"Barkevious Mingo","HOU","LB",2019
"480","00-0029632",304,0.00367773870649408,0.0207674978336444,0.000334339882408553,"Mohamed Sanu","NE","WR",2019
"481","00-0033551",1172,0.00367023935407353,0.0208199061578822,0.000333658123097594,"Rasul Douglas","PHI","DB",2019
"482","00-0034265",1399,0.00365799043548857,0.0215749100783216,0.000332544585044416,"Anthony Averett","BAL","DB",2019
"483","00-0022531",11,0.00364454654904301,0.0217506550657919,0.000331322413549365,"Jason Peters","PHI","OL",2019
"484","00-0025580",55,0.00363913726985982,0.022740790118505,0.000330830660896347,"Mason Crosby","GB","K",2019
"485","00-0033907",1290,0.00363668981246481,0.0226475729314688,0.000330608164769528,"Dawuane Smoot","JAX","DL",2019
"486","00-0025828",59,0.00363194102214832,0.0208138563403895,0.000330176456558938,"Wesley Woodyard","TEN","LB",2019
"487","00-0034842",1675,0.0036053719806697,0.021278159715998,0.000327761089151791,"Taven Bryan","JAX","DL",2019
"488","00-0028932",230,0.00359609769668806,0.0212362795770775,0.000326917972426187,"L.J. Fort","BAL","LB",2019
"489","00-0022803",13,0.00359063923849876,0.0231920341016281,0.000326421748954433,"Eli Manning","NYG","QB",2019
"490","00-0029604",295,0.00358476588127551,0.0218851517427083,0.000325887807388682,"Kirk Cousins","MIN","QB",2019
"491","00-0035718",2031,0.00357910025815715,0.0185246973792497,0.000325372750741559,"Isaiah Searight","NYG","DL",2019
"492","00-0035718",2031,0.00357910025815715,0.0185246973792497,0.000325372750741559,"Quinnen Williams","NYJ","DL",2019
"493","00-0034419",1500,0.00355741532552673,0.0228118342871127,0.000323401393229703,"Braxton Berrios","NYJ","WR",2019
"494","00-0030670",471,0.00355175747278729,0.023040360646549,0.000322887042980663,"Bennie Fowler","NYG","WR",2019
"495","00-0031017",500,0.0035301286709521,0.0229170467229651,0.000320920788268373,"Dakota Dozier","MIN","OL",2019
"496","00-0035235",1798,0.00352737417032237,0.0215792222662383,0.000320670379120215,"Kaleb McGary","ATL","OL",2019
"497","00-0028177",206,0.0035005546622173,0.0220281527540372,0.000318232242019755,"Mike Person","SF","OL",2019
"498","00-0026997",90,0.0034968155114849,0.0214248337620665,0.0003178923192259,"Alex Mack","ATL","OL",2019
"499","00-0035676",1999,0.00348976247328318,0.0211090537086483,0.000317251133934834,"A.J. Brown","TEN","WR",2019
"500","00-0030011",352,0.00346426542687211,0.0222636038986049,0.000314933220624737,"Jordan Devey","OAK","OL",2019
"501","00-0026283",72,0.00344507333098893,0.0217308022140661,0.000313188484635357,"Orlando Scandrick","PHI","DB",2019
"502","00-0029893",342,0.00342114888254626,0.0212601586128419,0.000311013534776933,"Rick Wagner","DET","OL",2019
"503","00-0028899",225,0.00342072744720175,0.0218702484048087,0.000310975222472886,"Rodney McLeod","PHI","DB",2019
"504","00-0033950",1322,0.00341256504171326,0.0229442988631532,0.000310233185610296,"Wayne Gallman","NYG","RB",2019
"505","00-0034887",1693,0.00341087640236283,0.0219383575263639,0.000310079672942075,"A.J. Johnson","DEN","LB",2019
"506","00-0034841",1674,0.00339962570317252,0.0224720871993576,0.000309056882106593,"Brandon Bryant","NYJ","DB",2019
"507","00-0031175",543,0.00339775813235978,0.0221547667386045,0.000308887102941799,"Cassius Marsh","ARI","LB",2019
"508","00-0023853",32,0.00338521976390828,0.0221391186646753,0.000307747251264389,"Matt Prater","DET","K",2019
"509","00-0031484",637,0.00338447160929226,0.0226022247474858,0.000307679237208387,"Chris Manhertz","CAR","TE",2019
"510","00-0031621",687,0.00336789919235942,0.0225105511316715,0.000306172653850856,"Jake Rodgers","DEN","OL",2019
"511","00-0029597",294,0.00335264515413007,0.023817421355246,0.000304785923102733,"Justin Tucker","BAL","K",2019
"512","00-0034594",1558,0.00334747595342386,0.0216230940519077,0.000304315995765806,"A.J. Moore","HOU","DB",2019
"513","00-0031950",728,0.00332433712686136,0.0226268315295502,0.000302212466078305,"D.J. Alexander","JAX","LB",2019
"514","00-0033338",1105,0.00330058893259235,0.0223297088184683,0.000300053539326577,"Cethan Carter","CIN","TE",2019
"515","00-0030069",369,0.00327080762610991,0.0224470829486057,0.000297346147828174,"Damontre Moore","SF","DL",2019
"516","00-0035268",1828,0.00324091518468991,0.022396173037297,0.000294628653153629,"Ryquell Armstead","JAX","RB",2019
"517","00-0034804",1649,0.00323056956234197,0.0225721791283839,0.000293688142031089,"Brian Allen","LA","OL",2019
"518","00-0033878",1265,0.00322405725945135,0.0225959662044673,0.000293096114495577,"Adoree' Jackson","TEN","DB",2019
"519","00-0031411",626,0.00320406508701035,0.0228419598148157,0.000291278644273668,"Demarcus Lawrence","DAL","DL",2019
"520","00-0030140",383,0.00318227658486363,0.0222643914055066,0.00028929787135124,"Tress Way","WAS","P",2019
"521","00-0035141",1765,0.0031779722004737,0.0225256727329773,0.000288906563679427,"Phil Haynes","SEA","OL",2019
"522","00-0035432",1900,0.00316697010227266,0.0230908538671942,0.000287906372933879,"Jason Moore","LAC","WR",2019
"523","00-0034382",1471,0.00313968264233496,0.0219965741084362,0.000285425694757724,"Marquis Haynes","CAR","DL",2019
"524","00-0022787",12,0.0031331711460839,0.0233912283743063,0.000284833740553082,"Matt Schaub","ATL","QB",2019
"525","00-0032450",877,0.00312985786091496,0.0230646660599879,0.000284532532810451,"Dwayne Washington","NO","RB",2019
"526","00-0031713",695,0.00312973879099354,0.023373568675159,0.00028452170827214,"Xavier Williams","KC","DL",2019
"527","00-0034488",1527,0.00312221870209337,0.0226427258846523,0.00028383806382667,"Tavierre Thomas","CLE","DB",2019
"528","00-0029421",273,0.00311637862359076,0.0232388702777623,0.00028330714759916,"Randy Bullock","CIN","K",2019
"529","00-0032971",1003,0.00310444554140566,0.0226297272605949,0.000282222321945969,"Justin Simmons","DEN","DB",2019
"530","00-0035245",1808,0.00310108613454314,0.0204222282062374,0.000281916921322103,"Max Scharping","HOU","OL",2019
"531","00-0034954",1704,0.00310076159964057,0.0206147917955022,0.000281887418149143,"Malik Reed","DEN","LB",2019
"532","00-0035588",1943,0.00309044429940486,0.0222780270498178,0.000280949481764078,"Garrett Bradbury","MIN","OL",2019
"533","00-0035478",1907,0.0030789495809135,0.0240186783098038,0.000279904507355773,"Isaiah Searight","NYG","TE",2019
"534","00-0026990",89,0.00306616055089508,0.021486492090809,0.000278741868263189,"Malcolm Jenkins","PHI","DB",2019
"535","00-0035044",1746,0.00306394910710199,0.0225025966785021,0.000278540827918363,"J.T. Hassell","CLE","DB",2019
"536","00-0033242",1076,0.00305706487320236,0.0226261865222609,0.000277914988472941,"Jermaine Grace","CLE","LB",2019
"537","00-0035489",1910,0.00305476918321081,0.0226529604332332,0.000277706289382801,"Wes Hills","DET","RB",2019
"538","00-0034794",1640,0.00304733672727297,0.0223610026005978,0.00027703061157027,"Jason Sanders","MIA","K",2019
"539","00-0034679",1583,0.00302713434171169,0.0220492105519342,0.000275194031064699,"Mark Walton","MIA","RB",2019
"540","00-0033944",1317,0.00302140835255409,0.0214239559326132,0.000274673486595826,"Ben Gedeon","MIN","LB",2019
"541","00-0024270",38,0.00301872983792381,0.0217005481670846,0.000274429985265801,"Andrew Whitworth","LA","OL",2019
"542","00-0034992",1732,0.00301687671556561,0.0211028055663861,0.000274261519596874,"Armon Watts","MIN","DL",2019
"543","00-0031235",555,0.00300425696783523,0.0222028577230876,0.000273114269803203,"Odell Beckham","CLE","WR",2019
"544","00-0033697",1214,0.00299163139980147,0.0213675635949814,0.000271966490891043,"Michael Davis","LAC","DB",2019
"545","00-0031410",625,0.00298271512349744,0.0230149521342137,0.000271155920317949,"Xavier Su'a-Filo","DAL","OL",2019
"546","00-0034385",1474,0.00296864151628507,0.0221909760724988,0.000269876501480461,"Ja'Whaun Bentley","NE","LB",2019
"547","00-0032244",808,0.002968488759577,0.0212942047843405,0.000269862614507,"Jamon Brown","ATL","OL",2019
"548","00-0033716",1219,0.00296752988626177,0.0223650134454249,0.000269775444205615,"Calvin Munson","MIA","LB",2019
"549","00-0034993",1733,0.00296633522118396,0.0217889681980065,0.000269666838289451,"Marcus Epps","PHI","DB",2019
"550","00-0032412",854,0.00296452885662055,0.0207717476771113,0.000269502623329141,"Dean Lowry","GB","DL",2019
"551","00-0031961",734,0.00295996686824246,0.0229489878742009,0.00026908789711295,"Mark Nzeocha","SF","LB",2019
"552","00-0033524",1150,0.00294655077830669,0.0220444189341476,0.000267868252573336,"Kevin King","GB","DB",2019
"553","00-0034800",1646,0.00294620616586019,0.0217853142085573,0.000267836924169108,"B.J. Hill","NYG","DL",2019
"554","00-0034639",1567,0.00294563004299263,0.0214073824017043,0.000267784549362967,"Mike Ford","DET","DB",2019
"555","00-0030411",411,0.00294430211259289,0.0222000085639641,0.000267663828417535,"Logan Ryan","TEN","DB",2019
"556","00-0035645",1975,0.00293398050971907,0.0226453253659224,0.000266725500883551,"Gunner Olszewski","NE","WR",2019
"557","00-0035006",1737,0.0029227770243691,0.0207823066062294,0.000265707002215372,"Bisi Johnson","MIN","WR",2019
"558","00-0033386",1116,0.00291782631016943,0.0228613220051232,0.00026525693728813,"Cody Hollister","TEN","WR",2019
"559","00-0031270",572,0.00291198216698392,0.0216375759438435,0.000264725651543993,"Shelby Harris","DEN","DL",2019
"560","00-0031264",569,0.00290996505252115,0.0218021577363216,0.000264542277501923,"Chris Smith","CLE","DL",2019
"561","00-0034389",1478,0.00290652190833188,0.0221181661214434,0.000264229264393807,"Dane Cruikshank","TEN","DB",2019
"562","00-0031382",613,0.00289347125131647,0.0214409654326799,0.00026304284102877,"Jarvis Landry","CLE","WR",2019
"563","00-0033782",1232,0.00289345082289002,0.02155275051658,0.000263040983899093,"DeMarcus Walker","DEN","DL",2019
"564","00-0035192",1783,0.00286107818102404,0.0230482987624623,0.000260098016456731,"Joey Slye","CAR","K",2019
"565","00-0034400",1488,0.00284041341305262,0.0221866606666131,0.000258219401186602,"Jordan Wilkins","IND","RB",2019
"566","00-0024417",42,0.0028245476198736,0.0221460623389953,0.000256777056352146,"Sam Koch","BAL","P",2019
"567","00-0033094",1043,0.0027996876715102,0.0227789731406059,0.000254517061046382,"Marvin Hall","DET","WR",2019
"568","00-0035265",1825,0.00279585761579104,0.0221754411226354,0.000254168874162822,"John Cominsky","ATL","DL",2019
"569","00-0032496",885,0.00279288628591478,0.0227342520104282,0.00025389875326498,"Matthias Farley","NYJ","DB",2019
"570","00-0032054",744,0.00278952142622966,0.02228755482764,0.000253592856929969,"Breshad Perriman","TB","WR",2019
"571","00-0035288",1844,0.00278593426448041,0.0218349185088272,0.000253266751316401,"Saquan Hampton","NO","DB",2019
"572","00-0035294",1850,0.00278110866899072,0.0218839795477186,0.000252828060817338,"Blessuan Austin","NYJ","DB",2019
"573","00-0029670",313,0.00277934856928702,0.0221605262403313,0.000252668051753366,"Mark Barron","PIT","LB",2019
"574","00-0035386",1887,0.00276030053539383,0.021985524786329,0.00025093641230853,"T.J. Edwards","PHI","LB",2019
"575","00-0030575",459,0.00274666382824777,0.0216943400119058,0.000249696711658888,"Xavier Rhodes","MIN","DB",2019
"576","00-0031105",528,0.00274326497614144,0.0224604209860368,0.000249387725103768,"Zach Kerr","ARI","DL",2019
"577","00-0030459",425,0.00272932916089858,0.0214451009800432,0.000248120832808962,"Tyrann Mathieu","KC","DB",2019
"578","00-0030621",465,0.00272580031175775,0.0241396471940496,0.000247800028341614,"Michael Ola","NO","OL",2019
"579","00-0032233",801,0.00271253816120075,0.0227934682175718,0.000246594378290978,"Cedric Ogbuehi","JAX","OL",2019
"580","00-0033106",1046,0.00270097803680338,0.0215944372869495,0.000245543457891216,"Jared Goff","LA","QB",2019
"581","00-0022247",9,0.00269101651212064,0.0219314740931929,0.00024463786473824,"Mike Adams","HOU","DB",2019
"582","00-0034827",1661,0.00268549059751415,0.0204778733488292,0.000244135508864923,"D.J. Moore","CAR","WR",2019
"583","00-0032543",894,0.00268158471220468,0.0206843999219698,0.000243780428382244,"Alex Erickson","CIN","WR",2019
"584","00-0030577",460,0.0026785305882164,0.0226824146267864,0.000243502780746946,"Sylvester Williams","LAC","DL",2019
"585","00-0034355",1446,0.00267307746312445,0.0220668541987814,0.000243007042102223,"M.J. Stewart","TB","DB",2019
"586","00-0033932",1310,0.00265326201036649,0.0212948857090173,0.000241205637306045,"Kenny Golladay","DET","WR",2019
"587","00-0029822",335,0.00265224185983975,0.0224095624247457,0.000241112896349068,"Brandon McManus","DEN","K",2019
"588","00-0027875",145,0.00264916340993708,0.021880661827278,0.000240833037267007,"Bryan Bulaga","GB","OL",2019
"589","00-0034792",1638,0.002649027286506,0.0229838507813581,0.000240820662409636,"Cornell Armstrong","HOU","DB",2019
"590","00-0029799",334,0.00264535304496503,0.0229594313783329,0.000240486640451366,"Lerentee McCray","JAX","DL",2019
"591","00-0034439",1514,0.00262614729692013,0.0219199040176502,0.000238740663356376,"Ryan Izzo","NE","TE",2019
"592","00-0033904",1287,0.00262476794833115,0.0213060918170182,0.000238615268030105,"Dion Dawkins","BUF","OL",2019
"593","00-0032655",914,0.00261786300386717,0.0218437259089693,0.000237987545806106,"Romeo Okwara","DET","DL",2019
"594","00-0033070",1032,0.00261648246316936,0.0226762406186274,0.000237862042106305,"Javien Elliott","CAR","DB",2019
"595","00-0033057",1026,0.00259513232978401,0.0219191732554808,0.000235921120889456,"Jack Conklin","TEN","OL",2019
"596","00-0032809",964,0.00258909698288983,0.0217942746149783,0.000235372452989984,"Joe Walker","ARI","LB",2019
"597","00-0035317",1865,0.00258495029436439,0.0231377444867906,0.000234995481305854,"Joshua Miles","ARI","OL",2019
"598","00-0032151",780,0.00256881916268422,0.0218584676066636,0.000233529014789474,"Jon Feliciano","BUF","OL",2019
"599","00-0033109",1048,0.00256731590937609,0.0208708000365691,0.000233392355397826,"Javon Hargrave","PIT","DL",2019
"600","00-0029664",310,0.00255482511970881,0.0220477636199371,0.000232256829064437,"Josh Gordon","SEA","WR",2019
"601","00-0033120",1055,0.00253778188172738,0.0217479403832326,0.000230707443793398,"Kenny Clark","GB","DL",2019
"602","00-0030706",474,0.0025157681816928,0.023238033551987,0.000228706198335709,"Josh Andrews","IND","OL",2019
"603","00-0030097",379,0.00251375391829677,0.0232108485249135,0.000228523083481524,"David Quessenberry","TEN","OL",2019
"604","00-0033693",1212,0.00251050432548585,0.0228762276413589,0.000228227665953259,"Carroll Phillips","ATL","DL",2019
"605","00-0035039",1743,0.00250795216152599,0.0231386461685283,0.000227995651047817,"Stephen Carlson","CLE","TE",2019
"606","00-0031585",675,0.0025077493047237,0.0214042049767037,0.000227977209520336,"MyCole Pruitt","TEN","TE",2019
"607","00-0032864",969,0.0024892796121162,0.0239661317026531,0.000226298146556018,"Alex Ellis","PHI","TE",2019
"608","00-0035567",1938,0.0024814730678599,0.0230634132203951,0.000225588460714536,"Craig Reynolds","ATL","RB",2019
"609","00-0034676",1580,0.00246814651746466,0.0217542454713595,0.000224376956133151,"James Washington","PIT","WR",2019
"610","00-0026950",84,0.00246409104471337,0.0215662003713368,0.000224008276792125,"A.Q. Shipley","ARI","OL",2019
"611","00-0027973",172,0.00246325332611347,0.0220079237608953,0.00022393212055577,"Andy Dalton","CIN","QB",2019
"612","00-0035596",1950,0.0024553279124157,0.0225349813544186,0.000223211628401427,"Kerrith Whyte","PIT","RB",2019
"613","00-0034118",1359,0.0024328556383942,0.0241426630199407,0.000221168694399473,"Patrick Morris","DEN","OL",2019
"614","00-0031238",558,0.00241147020027488,0.0221044752083212,0.000219224563661353,"Weston Richburg","SF","OL",2019
"615","00-0035507",1913,0.0024087281440682,0.021022602117157,0.000218975285824382,"Kyle Phillips","NYJ","DL",2019
"616","00-0033705",1218,0.00240820353073891,0.0213210705723571,0.000218927593703537,"Andre Patton","LAC","WR",2019
"617","00-0032895",979,0.00240500230623241,0.0220828292340475,0.000218636573293856,"Jatavis Brown","LAC","LB",2019
"618","00-0033103",1045,0.00239749751045614,0.0230534001052919,0.000217954319132377,"Artie Burns","PIT","DB",2019
"619","00-0031571",666,0.00239712032615463,0.0206192049813703,0.000217920029650421,"Clayton Geathers","IND","DB",2019
"620","00-0033400",1120,0.0023736328991125,0.0227088076419114,0.000215784809010227,"Matt Haack","MIA","P",2019
"621","00-0025399",46,0.00236284388784615,0.0237794002910879,0.000214803989804196,"Marshawn Lynch","SEA","RB",2019
"622","00-0033415",1125,0.00235734796550942,0.0229557503285933,0.000214304360500856,"Maurice Smith","WAS","DB",2019
"623","00-0035413",1896,0.00235091682778081,0.0230342579627807,0.000213719711616437,"Luke Gifford","DAL","LB",2019
"624","00-0034539",1541,0.00233403868515988,0.0225917515184264,0.000212185335014534,"Corey Thompson","BUF","LB",2019
"625","00-0027674",114,0.00232413104647414,0.0230752625851716,0.000211284640588558,"Jared Veldheer","GB","OL",2019
"626","00-0026189",69,0.00229650966934134,0.0228068683630612,0.000208773606303758,"DeSean Jackson","PHI","WR",2019
"627","00-0031353",600,0.00228252199805555,0.0218885654172425,0.000207501999823231,"Michael Schofield","LAC","OL",2019
"628","00-0034735",1598,0.00227101358673517,0.0225740758212085,0.000206455780612288,"Codey McElroy","TB","TE",2019
"629","00-0027607",108,0.00226204154640952,0.0216508365612357,0.000205640140582683,"Ted Larsen","CHI","OL",2019
"630","00-0031282",576,0.00225073625320387,0.0210331690721605,0.000204612386654898,"Justin Britt","SEA","OL",2019
"631","00-0029412",269,0.00224751457916355,0.0219460824591004,0.000204319507196686,"Vinny Curry","PHI","DL",2019
"632","00-0035229",1792,0.00224356999214867,0.0222113070469046,0.000203960908377152,"T.J. Hockenson","DET","TE",2019
"633","00-0033562",1179,0.00223718123724106,0.0230488941583393,0.00020338011247646,"Ryan Switzer","PIT","WR",2019
"634","00-0032437",870,0.00223602402248431,0.0212174621738603,0.000203274911134937,"Kamu Grugier-Hill","PHI","LB",2019
"635","00-0027684",117,0.0022345406324323,0.0228787286973143,0.000203140057493846,"Earl Mitchell","SF","DL",2019
"636","00-0034274",1405,0.00222755005388178,0.0234948458926306,0.000202504550352889,"Parry Nickerson","JAX","DB",2019
"637","00-0030465",427,0.00222161833793367,0.022686353739856,0.000201965303448515,"Kenjon Barner","ATL","RB",2019
"638","00-0033529",1155,0.00221148032688983,0.0222266171270341,0.000201043666080894,"Chase Roullier","WAS","OL",2019
"639","00-0034613",1563,0.00220763062099094,0.0214406053487404,0.000200693692817358,"Tanner Hudson","TB","TE",2019
"640","00-0035609",1954,0.00219963970578159,0.0233467939699897,0.000199967245980145,"Jake Gervase","LA","DB",2019
"641","00-0035533",1923,0.00218475155404765,0.0228219298979945,0.000198613777640696,"Ryan Connelly","NYG","LB",2019
"642","00-0032795",960,0.00217729463351582,0.0225456967214935,0.000197935875774166,"Cody Core","NYG","WR",2019
"643","00-0035418",1898,0.00216617927865763,0.0240829255406523,0.000196925388968876,"Brandon Knight","DAL","OL",2019
"644","00-0031296",579,0.00215308082382364,0.0222482616247528,0.000195734620347603,"C.J. Mosley","NYJ","LB",2019
"645","00-0034164",1371,0.00215031032590619,0.0236041524324575,0.000195482756900563,"Trenton Cannon","NYJ","RB",2019
"646","00-0030541",446,0.00214691655995869,0.0230616865634479,0.000195174232723517,"Blidi Wreh-Wilson","ATL","DB",2019
"647","00-0034785",1632,0.00214242799661427,0.0220943003934994,0.000194766181510388,"Mason Cole","ARI","OL",2019
"648","00-0033082",1037,0.00212956631481693,0.0224334331238797,0.00019359693771063,"Lucas Patrick","GB","OL",2019
"649","00-0030402",408,0.00212421925669271,0.0215719301131271,0.000193110841517519,"Akeem Spence","JAX","DL",2019
"650","00-0029065",238,0.00211865650892212,0.0217440416023952,0.000192605137174738,"Johnson Bademosi","NO","DB",2019
"651","00-0034759",1612,0.00211438501417401,0.0222828261406938,0.000192216819470365,"Kolton Miller","OAK","OL",2019
"652","00-0034653",1570,0.0021133139802783,0.0227334885212537,0.000192119452752573,"Deontay Burnett","PHI","WR",2019
"653","00-0034418",1499,0.00208648453570021,0.0231711339737976,0.000189680412336382,"Ced Wilson","DAL","WR",2019
"654","00-0033857",1249,0.00207254939638126,0.0220197564044955,0.000188413581489206,"JuJu Smith-Schuster","PIT","WR",2019
"655","00-0034976",1716,0.00206952092046974,0.0238716261967417,0.000188138265497249,"Dru Samia","MIN","OL",2019
"656","00-0034167",1372,0.00205841110599329,0.0229296445580164,0.000187128282363026,"Devante Downs","NYG","LB",2019
"657","00-0035184",1780,0.00204562880759746,0.0227807549922276,0.000185966255236132,"Devine Ozigbo","JAX","RB",2019
"658","00-0035434",1901,0.00203525122916101,0.0229543718723158,0.000185022839014638,"Chris Peace","NYG","LB",2019
"659","00-0032103",758,0.00203496398630767,0.0234696965514303,0.00018499672602797,"Denzel Perryman","LAC","LB",2019
"660","00-0034773",1624,0.00203382075501344,0.0215226147425309,0.000184892795910312,"Vita Vea","TB","DL",2019
"661","00-0026814",82,0.00201491265109887,0.0222253772269246,0.000183173877372625,"Demar Dotson","TB","OL",2019
"662","00-0032577",902,0.0020126361399619,0.0239837992688126,0.000182966921814718,"D.J. Foster","ARI","RB",2019
"663","00-0031045",510,0.00200046031917738,0.0213630744564886,0.000181860029016125,"Carlos Hyde","HOU","RB",2019
"664","00-0030090",376,0.00199447626901088,0.0225892489798452,0.000181316024455535,"Micah Hyde","BUF","DB",2019
"665","00-0034359",1450,0.00199153161971401,0.0230027949980179,0.00018104832906491,"Tyquan Lewis","IND","DL",2019
"666","00-0033405",1121,0.00197057375231812,0.0238251559872415,0.000179143068392557,"Torry McTyer","CIN","DB",2019
"667","00-0034473",1524,0.0019642681614904,0.022694635775245,0.000178569832862764,"Dennis Gardeck","ARI","LB",2019
"668","00-0027557",106,0.00194909812148687,0.0226036527184116,0.000177190738316988,"Morgan Cox","BAL","LS",2019
"669","00-0034603",1560,0.00193894541412942,0.0230841236306875,0.000176267764920856,"Kevin Toliver","CHI","DB",2019
"670","00-0035254",1816,0.00193681061613476,0.0216247272873797,0.000176073692375887,"Anthony Nelson","TB","LB",2019
"671","00-0035594",1949,0.00193402802626067,0.0226521503013513,0.000175820729660061,"Travis Homer","SEA","RB",2019
"672","00-0028063",188,0.00192950916345805,0.0228299915924571,0.000175409923950732,"Taiwan Jones","HOU","RB",2019
"673","00-0034810",1653,0.00191731134971173,0.0221219369423513,0.000174301031791976,"Sebastian Joseph-Day","LA","DL",2019
"674","00-0032950",991,0.00191693896748058,0.0221073619185906,0.000174267178861871,"Carson Wentz","PHI","QB",2019
"675","00-0032141",772,0.00191552333267524,0.0226936050689591,0.000174138484788658,"Geoff Swaim","JAX","TE",2019
"676","00-0031934",721,0.00190765006787018,0.0228042843707879,0.000173422733442744,"Devin Smith","DAL","WR",2019
"677","00-0025472",51,0.00188808063292678,0.0215899893160986,0.000171643693902434,"Brandon Mebane","LAC","DL",2019
"678","00-0033540",1163,0.00186611594482321,0.0212370287991956,0.000169646904074837,"Takkarist McKinley","ATL","DL",2019
"679","00-0031870",711,0.00185033868445486,0.0227604875721919,0.000168212607677715,"Dean Marlowe","BUF","DB",2019
"680","00-0034994",1734,0.00183838488035039,0.0231906004472012,0.000167125898213672,"Oli Udoh","MIN","OL",2019
"681","00-0035291",1847,0.0018160696915001,0.0233417505529204,0.000165097244681827,"Trayveon Williams","CIN","RB",2019
"682","00-0032803",962,0.00180980902964582,0.0212656656938162,0.000164528093604165,"Jalen Mills","PHI","DB",2019
"683","00-0033902",1285,0.00179383593884442,0.0210506369887034,0.000163075994440402,"Tanoh Kpassagnon","KC","DL",2019
"684","00-0034301",1417,0.0017844839295692,0.0212283823200808,0.000162225811779018,"Darrel Williams","KC","RB",2019
"685","00-0032353",824,0.00178237654818114,0.023205449574566,0.000162034231652831,"Chris Milton","TEN","DB",2019
"686","00-0027743",126,0.00177966928540634,0.0218107564086897,0.000161788116855122,"Sherrick McManis","CHI","DB",2019
"687","00-0031844",709,0.00177712016555528,0.0221217519241003,0.000161556378686844,"Deshazor Everett","WAS","DB",2019
"688","00-0032058",747,0.00177391468616924,0.0221417653758907,0.000161264971469931,"Tevin Coleman","SF","RB",2019
"689","00-0034450",1519,0.00177160022346579,0.0226568038998056,0.000161054565769617,"Greg Joseph","TEN","K",2019
"690","00-0031279",574,0.00176946614453076,0.0216984671487823,0.000160860558593706,"Jake Matthews","ATL","OL",2019
"691","00-0031346",596,0.00176873548085363,0.0235057016831666,0.000160794134623058,"Justin Ellis","BAL","DL",2019
"692","00-0027943",155,0.00176377199488019,0.0215789345387138,0.000160342908625472,"Patrick Peterson","ARI","DB",2019
"693","00-0032954",994,0.00175496073931975,0.0217207533123515,0.000159541885392704,"Isaac Seumalo","PHI","OL",2019
"694","00-0032134",769,0.0017539078467127,0.0215142156967938,0.000159446167882973,"C.J. Uzomah","CIN","TE",2019
"695","00-0034406",1490,0.00175081429974825,0.0224472178189121,0.00015916493634075,"Deon Cain","PIT","WR",2019
"696","00-0034378",1468,0.00171338447281468,0.0235282911339589,0.000155762224801334,"Ito Smith","ATL","RB",2019
"697","00-0033580",1194,0.00171019833936092,0.0220115644956224,0.000155472576305538,"Tanner Vallejo","ARI","LB",2019
"698","00-0032055",745,0.00170811879594104,0.023501925543291,0.000155283526903731,"Devin Funchess","IND","WR",2019
"699","00-0033336",1104,0.0017061127060682,0.0208711031727543,0.000155101155097109,"Eric Wilson","MIN","LB",2019
"700","00-0033786",1236,0.00169662970505091,0.0227416300171377,0.000154239064095537,"Ryan Glasgow","CIN","DL",2019
"701","00-0033455",1136,0.00169611465006654,0.0219576613965291,0.00015419224091514,"Anthony Firkser","TEN","TE",2019
"702","00-0035042",1745,0.0016905303032983,0.0231772567672395,0.000153684573027118,"Jamie Gillan","CLE","P",2019
"703","00-0028224",208,0.00168558113895485,0.0222392936490269,0.000153234648995895,"Chris Harris","DEN","DB",2019
"704","00-0033859",1251,0.0016702571443006,0.0218613439237275,0.000151841558572782,"Josh Malone","NYJ","WR",2019
"705","00-0034102",1351,0.00164496095305577,0.0236365840182565,0.000149541904823252,"Timon Parris","WAS","OL",2019
"706","00-0034204",1385,0.00164317696596525,0.0214808514553521,0.000149379724178659,"Ola Adeniyi","PIT","LB",2019
"707","00-0033779",1231,0.00163716332953768,0.0220446456244403,0.000148833029957971,"Dee Virgin","DET","DB",2019
"708","00-0031228",554,0.00159753421306797,0.0212848779022069,0.000145230383006179,"Taylor Gabriel","CHI","WR",2019
"709","00-0033787",1237,0.00159348470930052,0.0234836887763579,0.000144862246300048,"Jake Elliott","PHI","K",2019
"710","00-0034256",1394,0.00158614876218415,0.0225441101526445,0.000144195342016741,"Da'Mari Scott","NYG","WR",2019
"711","00-0030431",415,0.00158026413981353,0.021496730027145,0.000143660376346685,"Robert Woods","LA","WR",2019
"712","00-0032240",804,0.00157928179711947,0.0212742049062129,0.000143571072465406,"Vic Beasley","ATL","DL",2019
"713","00-0030098",380,0.00156829810192179,0.0223451172666606,0.000142572554720162,"Dustin Hopkins","WAS","K",2019
"714","00-0032203",790,0.00155187921946113,0.021239832540994,0.000141079929041921,"Andrus Peat","NO","OL",2019
"715","00-0035228",1791,0.00153299496237176,0.0222374728231662,0.000139363178397432,"Kyler Murray","ARI","QB",2019
"716","00-0031308",585,0.00153120822927314,0.0211416284452678,0.00013920074811574,"Kevin Pierre-Louis","CHI","LB",2019
"717","00-0032112",762,0.0015039938284584,0.0222313673447372,0.000136726711678036,"J.J. Nelson","OAK","WR",2019
"718","00-0031363",605,0.00150290519830372,0.0228762233474563,0.000136627745300338,"Michael Palardy","CAR","P",2019
"719","00-0032786",953,0.0015026101515165,0.0201181738469718,0.000136600922865136,"Marqui Christian","LA","DB",2019
"720","00-0034446",1517,0.00149574726524698,0.0232407213839004,0.000135977024113361,"Jalen Davis","ARI","DB",2019
"721","00-0030827",486,0.0014940990793835,0.0235912940158841,0.000135827189034864,"Tyler Shatley","JAX","OL",2019
"722","00-0028903",226,0.001484154685975,0.0217816246184509,0.000134923153270455,"Garrett Celek","SF","TE",2019
"723","00-0031047",511,0.00148304545815119,0.0223629140460402,0.000134822314377381,"Spencer Long","BUF","OL",2019
"724","00-0027866",139,0.00147097752815598,0.0213262773833656,0.000133725229832361,"Earl Thomas","BAL","DB",2019
"725","00-0032797",961,0.00145862634805819,0.021914645417966,0.000132602395278017,"Jordan Lucas","KC","DB",2019
"726","00-0032380",830,0.0014337586089526,0.0219559972748957,0.000130341691722963,"Laremy Tunsil","HOU","OL",2019
"727","00-0035270",1830,0.0014142365395792,0.0220668362979423,0.000128566958143563,"Amani Oruwariye","DET","DB",2019
"728","00-0033093",1042,0.00140577473950098,0.0221906786301523,0.000127797703590998,"Jonathan Bullard","ARI","DL",2019
"729","00-0034641",1568,0.0013777744549657,0.0220276102402631,0.0001252522231787,"Chris Jones","ARI","DB",2019
"730","00-0030505",435,0.00136158050059281,0.0218341368902334,0.000123780045508437,"D.J. Fluker","SEA","OL",2019
"731","00-0031933",720,0.00135335302662601,0.0203449681005622,0.000123032093329637,"Leonard Williams","NYG","DL",2019
"732","00-0029255",253,0.00135223453939791,0.0221732726368996,0.000122930412672538,"Bobby Wagner","SEA","LB",2019
"733","00-0034855",1683,0.00134848793207805,0.022122626311308,0.000122589812007096,"Baker Mayfield","CLE","QB",2019
"734","00-0033573",1188,0.00134061142782081,0.0237755743937133,0.000121873766165528,"Shelton Gibson","PHI","WR",2019
"735","00-0029144",244,0.00133366387749492,0.0219544548327461,0.000121242170681357,"Tom Compton","NYJ","OL",2019
"736","00-0031068",520,0.00132931851258761,0.0232769319689402,0.000120847137507964,"Ryan Grant","GB","WR",2019
"737","00-0035306",1857,0.00132770164023714,0.0214876566235249,0.000120700149112467,"Darryl Johnson","BUF","DL",2019
"738","00-0034160",1367,0.00132389105745732,0.0215313467528193,0.00012035373249612,"Michael Dickson","SEA","P",2019
"739","00-0032518",888,0.00131952146960762,0.023664725628577,0.000119956497237056,"Justin Zimmer","CLE","DL",2019
"740","00-0034683",1587,0.00130830477944878,0.0228815926914312,0.000118936798131707,"Darius Phillips","CIN","DB",2019
"741","00-0033024",1013,0.00129499018286093,0.0215432714943721,0.000117726380260084,"Branden Jackson","SEA","DL",2019
"742","00-0034839",1673,0.00129348793699564,0.0216399974277919,0.00011758981245415,"Sam Beal","NYG","DB",2019
"743","00-0033926",1304,0.00128865912275164,0.0221024778123983,0.000117150829341058,"Shaquill Griffin","SEA","DB",2019
"744","00-0033435",1130,0.0012805890654565,0.0213970692558491,0.000116417187768772,"Breon Borders","WAS","DB",2019
"745","00-0034848",1681,0.00126245120755349,0.0229575176006851,0.000114768291595772,"R.J. McIntosh","NYG","DL",2019
"746","00-0030414",412,0.00124281285974818,0.0227701332202803,0.000112982987249834,"Spencer Ware","KC","RB",2019
"747","00-0034705",1590,0.00122900949089732,0.0226264212480736,0.00011172813553612,"John Franklin","TB","DB",2019
"748","00-0034251",1392,0.00122396783939031,0.0232826700628945,0.000111269803580937,"Daniel Ekuale","CLE","DL",2019
"749","00-0033839",1246,0.00122109907579353,0.0219014160462671,0.000111009006890321,"Dede Westbrook","JAX","WR",2019
"750","00-0032851",968,0.00119331520861836,0.0220284752583775,0.000108483200783487,"Pete Robertson","WAS","LB",2019
"751","00-0033608",1202,0.00119131201873396,0.0214984889818023,0.000108301092612178,"Ryan Lewis","MIA","DB",2019
"752","00-0029146",245,0.00118974482519539,0.0221875871352518,0.000108158620472308,"J.R. Sweezy","ARI","OL",2019
"753","00-0035269",1829,0.00118091354322388,0.0222315305701226,0.000107355776656716,"Matt Gay","TB","K",2019
"754","00-0031067",519,0.00117202543082823,0.0224338009233726,0.00010654776643893,"Cameron Fleming","DAL","OL",2019
"755","00-0032383",833,0.00116536254904843,0.0228435189953101,0.000105942049913494,"Ryan Kelly","IND","OL",2019
"756","00-0035363",1879,0.00116517600857332,0.022247381211668,0.000105925091688484,"Joe Giles-Harris","JAX","LB",2019
"757","00-0024243",37,0.00115155522995049,0.0215928958739326,0.000104686839086409,"Marcedes Lewis","GB","TE",2019
"758","00-0033700",1216,0.00114603127307687,0.0238749481857061,0.000104184661188806,"Nigel Harris","TEN","LB",2019
"759","00-0034988",1728,0.00111008893020771,0.022099857727345,0.000100917175473428,"Kaden Smith","NYG","TE",2019
"760","00-0033266",1081,0.00110908626391613,0.0232042462752763,0.000100826023992376,"JoJo Natson","LA","WR",2019
"761","00-0033569",1184,0.00110638391619399,0.0217924647335819,0.000100580356017636,"Roderick Johnson","HOU","OL",2019
"762","00-0030752",479,0.00110164150030412,0.0233921229096594,0.000100149227300375,"Jay Elliott","PIT","LB",2019
"763","00-0032393",843,0.00109875622730677,0.0227610276870928,9.98869297551613e-05,"C.J. Prosise","SEA","RB",2019
"764","00-0029963",348,0.00107138068652809,0.0218826860699671,9.7398244229826e-05,"Chris Hubbard","CLE","OL",2019
"765","00-0031503",642,0.00107050800720271,0.0213060913475511,9.73189097457008e-05,"Jameis Winston","TB","QB",2019
"766","00-0029621",299,0.00106818740880431,0.0222650511391255,9.71079462549373e-05,"Greg Zuerlein","LA","K",2019
"767","00-0032391",841,0.00106523700903884,0.022444353335441,9.68397280944401e-05,"Joe Thuney","NE","OL",2019
"768","00-0034677",1581,0.00105152646098099,0.0214650013582268,9.55933146346359e-05,"Justin Jones","LAC","DL",2019
"769","00-0032977",1006,0.00104185638225766,0.0225341540810217,9.47142165688785e-05,"Rashard Higgins","CLE","WR",2019
"770","00-0035579",1941,0.0010335141961391,0.0217376747034314,9.39558360126456e-05,"Tuzar Skipper","PIT","LB",2019
"771","00-0032261",817,0.00103321971354135,0.0211496565686462,9.39290648673953e-05,"Malcom Brown","NO","DL",2019
"772","00-0035177",1778,0.00103171252257742,0.0233118611696988,9.37920475070379e-05,"Willie Harvey","CLE","LB",2019
"773","00-0031260",567,0.00102928014439876,0.0216845207733562,9.35709222180689e-05,"Logan Thomas","DET","TE",2019
"774","00-0028660",219,0.00101606212444322,0.0225795018207751,9.23692840402928e-05,"Dan Bailey","MIN","K",2019
"775","00-0033910",1293,0.00101031170865016,0.0206887405861302,9.18465189681964e-05,"Dan Feeney","LAC","OL",2019
"776","00-0029691",322,0.00100886668092032,0.0212398444025154,9.17151528109386e-05,"Josh Robinson","JAX","DB",2019
"777","00-0030578",461,0.000999123410266381,0.0218744980142209,9.08294009333074e-05,"Cordarrelle Patterson","CHI","WR",2019
"778","00-0029747",329,0.000996564397852729,0.0225961636589695,9.05967634411572e-05,"Chris Banjo","ARI","DB",2019
"779","00-0031838",708,0.000989198463576103,0.0220611203742337,8.9927133052373e-05,"James Vaughters","CHI","LB",2019
"780","00-0034767",1619,0.000987955405886498,0.0225333312913254,8.98141278078634e-05,"Nick Nelson","OAK","DB",2019
"781","00-0035499",1911,0.000972171457618093,0.0239301126719628,8.83792234198266e-05,"Kyron Brown","NYJ","DB",2019
"782","00-0034991",1731,0.000959791053147737,0.0221814488711095,8.72537321043397e-05,"Drew Forbes","CLE","OL",2019
"783","00-0035548",1931,0.000958235470072278,0.0227350911107194,8.71123154611162e-05,"Ventell Bryant","DAL","WR",2019
"784","00-0035016",1739,0.000950032100089846,0.0231847828991857,8.63665545536224e-05,"Josiah Tauaefa","NYG","LB",2019
"785","00-0034349",1440,0.000946855823736882,0.0222585851461441,8.60778021578984e-05,"Kerryon Johnson","DET","RB",2019
"786","00-0028128",201,0.000942756879631921,0.0221684141276968,8.57051708756291e-05,"Colin Jones","CAR","DB",2019
"787","00-0035301",1855,0.000929427147199695,0.0223608378669592,8.44933770181541e-05,"Donovan Wilson","DAL","DB",2019
"788","00-0035143",1767,0.000915405005521494,0.0225660142753107,8.32186368655904e-05,"Ben Burr-Kirven","SEA","LB",2019
"789","00-0030455",422,0.000914351417660864,0.0219350449780512,8.31228561509877e-05,"Star Lotulelei","BUF","DL",2019
"790","00-0035455",1905,0.000903576932998718,0.023091445462088,8.2143357545338e-05,"Albert Huggins","PHI","DL",2019
"791","00-0032956",996,0.000892718054794998,0.022474154258928,8.11561867995453e-05,"Andy Janovich","DEN","RB",2019
"792","00-0035147",1771,0.00088713500521997,0.0221803018620264,8.06486368381791e-05,"Rashad Fenton","KC","DB",2019
"793","00-0028129",202,0.000882737407008003,0.0221554911987618,8.02488551825457e-05,"Jason Kelce","PHI","OL",2019
"794","00-0029000",233,0.000880764777934635,0.0224221219388968,8.0069525266785e-05,"Cole Beasley","BUF","WR",2019
"795","00-0033410",1123,0.0008789964250749,0.0235300024941111,7.99087659159e-05,"Cole Luke","CAR","DB",2019
"796","00-0031543",646,0.000866974595589905,0.0223288874887274,7.8815872326355e-05,"Ty Long","LAC","P",2019
"797","00-0031035",506,0.000865564892053156,0.0214758214902331,7.86877174593779e-05,"Xavier Grimble","PIT","TE",2019
"798","00-0034808",1651,0.000861252043256612,0.0228923782723971,7.82956402960556e-05,"John Kelly","LA","RB",2019
"799","00-0034358",1449,0.000853762965702804,0.0221593524199045,7.76148150638912e-05,"Derrius Guice","WAS","RB",2019
"800","00-0023177",19,0.000853449648664006,0.0222888656939959,7.75863316967279e-05,"Jon Condo","SF","LS",2019
"801","00-0033199",1070,0.000852185601294651,0.0223396187171812,7.74714182995137e-05,"Taybor Pepper","MIA","LS",2019
"802","00-0032098",756,0.00085063326424159,0.0205453828779276,7.73302967492354e-05,"Daniel Brown","NYJ","TE",2019
"803","00-0032592",905,0.000847788524862616,0.0223581248104874,7.70716840784196e-05,"Sharrod Neasman","ATL","DB",2019
"804","00-0029692",323,0.000837759165657536,0.0216119140682985,7.61599241506851e-05,"Bryan Anger","HOU","P",2019
"805","00-0032145",775,0.000828970419880312,0.0221717128917083,7.53609472618466e-05,"Cameron Erving","KC","OL",2019
"806","00-0035534",1924,0.000826215516095453,0.0215445322387994,7.5110501463223e-05,"Marvell Tell","IND","DB",2019
"807","00-0030710",475,0.000826170849841683,0.0223437015684974,7.51064408946984e-05,"Trey Burton","CHI","TE",2019
"808","00-0032952",993,0.000816302996420532,0.0241476477031689,7.42093633109575e-05,"Noah Spence","NO","DL",2019
"809","00-0035330",1869,0.000808575411056406,0.0232857619956232,7.35068555505824e-05,"Anthony Pittman","DET","LB",2019
"810","00-0033924",1303,0.000802324647657453,0.0233100503775118,7.29386043324958e-05,"Eddie Vanderdoes","HOU","DL",2019
"811","00-0026027",62,0.000800499665179422,0.0226108105755734,7.2772696834493e-05,"J.J. Jansen","CAR","LS",2019
"812","00-0035573",1939,0.000791531832559488,0.0233368791319892,7.19574393235898e-05,"Kareem Orr","TEN","DB",2019
"813","00-0027874",144,0.000790983604835883,0.0230665729482314,7.19076004396257e-05,"Demaryius Thomas","NYJ","WR",2019
"814","00-0029653",308,0.000784088485687201,0.0216349228301961,7.12807714261092e-05,"Fletcher Cox","PHI","DL",2019
"815","00-0035216",1786,0.000782514676855402,0.0224133538173284,7.11376978959456e-05,"Diontae Johnson","PIT","WR",2019
"816","00-0034407",1491,0.000771640103646949,0.0214006978854976,7.01491003315408e-05,"Ray-Ray McCloud","BUF","WR",2019
"817","00-0034286",1413,0.000751084200716916,0.0226015712835686,6.8280381883356e-05,"Richie James","SF","WR",2019
"818","00-0033877",1264,0.000734096111676025,0.0224661980275312,6.67360101523659e-05,"Malik Hooker","IND","DB",2019
"819","00-0035260",1820,0.000733718790255389,0.022871231322425,6.67017082050354e-05,"Renell Wren","CIN","DL",2019
"820","00-0032052",742,0.000731804814078417,0.0221102975403361,6.65277103707652e-05,"Dante Fowler","LA","LB",2019
"821","00-0029272",258,0.000731509776925768,0.0234262342672835,6.65008888114335e-05,"Nigel Bradham","PHI","LB",2019
"822","00-0032423",863,0.000702494836279581,0.0216474607721785,6.38631669345074e-05,"Trevor Davis","MIA","WR",2019
"823","00-0030957",494,0.000701518438932474,0.022008651490992,6.37744035393158e-05,"Casey Kreiter","DEN","LS",2019
"824","00-0030170",388,0.000684954681972806,0.0220993150003896,6.22686074520733e-05,"Rontez Miles","NYJ","DB",2019
"825","00-0031372",610,0.000679977142079242,0.0219538898642022,6.18161038253856e-05,"Bradley Roby","HOU","DB",2019
"826","00-0035621",1957,0.000678047431411923,0.0227415400886564,6.16406755829021e-05,"Nsimba Webster","LA","WR",2019
"827","00-0035316",1864,0.000672857771577521,0.0233033154156042,6.11688883252292e-05,"Kaden Elliss","NO","LB",2019
"828","00-0034929",1698,0.000668293323111217,0.0237223152303352,6.07539384646561e-05,"Quinn Bailey","DEN","OL",2019
"829","00-0026293",73,0.000667022711044711,0.0225909238299423,6.06384282767919e-05,"Matthew Slater","NE","WR",2019
"830","00-0034064",1342,0.000662569553643767,0.0230972575522426,6.0233595785797e-05,"Colby Wadman","DEN","P",2019
"831","00-0035281",1840,0.000660015801702143,0.0231931301274998,6.00014365183766e-05,"Joe Jackson","DAL","DL",2019
"832","00-0028292",213,0.000659744523497233,0.0217467254675606,5.99767748633848e-05,"Nick Bellore","SEA","RB",2019
"833","00-0031580",671,0.000659368972437846,0.0215012480331227,5.9942633857986e-05,"Shaq Mason","NE","OL",2019
"834","00-0034648",1569,0.000658602577832295,0.0231844828147165,5.98729616211177e-05,"Ryan Santoso","TEN","P",2019
"835","00-0030050",358,0.000657377415165772,0.0223214466256404,5.97615831968884e-05,"Ray-Ray Armstrong","DAL","LB",2019
"836","00-0034422",1503,0.000653798862652217,0.0228469562663064,5.94362602411106e-05,"Keishawn Bierria","ARI","LB",2019
"837","00-0035128",1761,0.000644856301062706,0.0226303759733996,5.86233000966096e-05,"Gerald Willis","MIA","DL",2019
"838","00-0035557",1935,0.000620448548423316,0.0218790791755263,5.64044134930288e-05,"Deyon Sizer","DEN","DL",2019
"839","00-0035558",1936,0.000613491120020733,0.0230289299122408,5.57719200018848e-05,"Garrett McGhin","CAR","OL",2019
"840","00-0032725",923,0.000607658407648382,0.0228983090764079,5.52416734225802e-05,"Stephen Anderson","LAC","TE",2019
"841","00-0032466",882,0.000606681310165061,0.0209497135617099,5.51528463786419e-05,"George Fant","SEA","OL",2019
"842","00-0034846",1679,0.000603748416331171,0.0211080326879206,5.48862196664701e-05,"Darius Leonard","IND","LB",2019
"843","00-0033222",1074,0.0006002895005833,0.02324001444393,5.45717727803e-05,"Deante Burton","DAL","DB",2019
"844","00-0032366",826,0.000598352909328742,0.0213788783833795,5.43957190298856e-05,"Tyler Matakevich","PIT","LB",2019
"845","00-0031589",678,0.000598274243403135,0.0237297968025902,5.43885675821031e-05,"Brett Hundley","ARI","QB",2019
"846","00-0032053",743,0.000596697445092686,0.0219239390272811,5.42452222811533e-05,"Brandon Scherff","WAS","OL",2019
"847","00-0035383",1886,0.000591280106658702,0.02363210092629,5.37527369689729e-05,"Nate Herbig","PHI","OL",2019
"848","00-0034775",1625,0.000582561430389987,0.0219588521477393,5.29601300354534e-05,"Christian Kirk","ARI","WR",2019
"849","00-0035117",1756,0.000579134175699259,0.0228873693592908,5.26485614272054e-05,"Lester Cotton","OAK","OL",2019
"850","00-0030946",493,0.000578709758085635,0.0220610682632401,5.2609978007785e-05,"Kerry Hyder","DAL","DL",2019
"851","00-0023259",21,0.0005671793477274,0.0212555721488426,5.15617588843091e-05,"Lorenzo Alexander","BUF","LB",2019
"852","00-0032566",897,0.000560186453202603,0.0230052141311687,5.09260412002367e-05,"Trevon Coley","IND","DL",2019
"853","00-0022455",10,0.000556490444577221,0.0221644733258189,5.0590040416111e-05,"Don Muhlbach","DET","LS",2019
"854","00-0034116",1358,0.000545141326655276,0.0212987347340798,4.95583024232069e-05,"J.T. Gray","NO","DB",2019
"855","00-0031023",503,0.000531021906141084,0.0227867533931155,4.82747187400986e-05,"Quincy Enunwa","NYJ","WR",2019
"856","00-0022924",16,0.00052964681711902,0.0223779354191207,4.81497106471836e-05,"Ben Roethlisberger","PIT","QB",2019
"857","00-0034435",1511,0.000516949402606182,0.0218060048846954,4.69954002369257e-05,"Keion Crossen","HOU","DB",2019
"858","00-0034654",1571,0.000516813076457346,0.0229013723313905,4.69830069506678e-05,"Dalyn Dawkins","TEN","RB",2019
"859","00-0032788",954,0.000515742011733848,0.0217428636766546,4.68856374303498e-05,"D.J. White","DAL","DB",2019
"860","00-0035139",1763,0.000513074242431905,0.0225090568926686,4.6643112948355e-05,"Marquise Blair","SEA","DB",2019
"861","00-0034854",1682,0.000511044669229771,0.0232408215860419,4.64586062936156e-05,"KhaDarel Hodge","CLE","WR",2019
"862","00-0034404",1489,0.000508642261688792,0.0219816048961988,4.6240205608072e-05,"Kylie Fitts","ARI","LB",2019
"863","00-0035696",2015,0.000501542249422613,0.0233097872387617,4.55947499475103e-05,"Duke Shelley","CHI","DB",2019
"864","00-0034573",1549,0.000498195676352553,0.0216878405904608,4.52905160320503e-05,"Charvarius Ward","KC","DB",2019
"865","00-0034922",1696,0.000492379135304007,0.0237669829826246,4.47617395730916e-05,"Ishmael Hyman","TB","WR",2019
"866","00-0033541",1164,0.000490277935783,0.0213931024588395,4.45707214348182e-05,"Taco Charlton","MIA","DL",2019
"867","00-0035241",1804,0.000481507625919116,0.0216906571207352,4.37734205381014e-05,"Joejuan Williams","NE","DB",2019
"868","00-0035267",1827,0.000472322433839905,0.0227988858003198,4.2938403076355e-05,"Shareef Miller","PHI","DL",2019
"869","00-0031943",726,0.000467795289949388,0.0229206858700045,4.25268445408534e-05,"Ramik Wilson","CAR","LB",2019
"870","00-0029984",349,0.000463614624658861,0.0229149812932468,4.21467840598965e-05,"Ryan Allen","ATL","P",2019
"871","00-0032727",925,0.000456089168274598,0.0222512411008076,4.14626516613271e-05,"Joel Heath","HOU","DL",2019
"872","00-0027676",115,0.000443494353130806,0.0221695177643519,4.03176684664369e-05,"Morgan Burnett","CLE","DB",2019
"873","00-0033553",1173,0.000442406622853702,0.0230238272004618,4.02187838957911e-05,"James Conner","PIT","RB",2019
"874","00-0035149",1773,0.000441819860907027,0.0227703244649504,4.01654419006388e-05,"Nick Allegretti","KC","OL",2019
"875","00-0034856",1684,0.00043653659880521,0.0215005211208837,3.96851453459281e-05,"Denzel Ward","CLE","DB",2019
"876","00-0034130",1360,0.000432696161310968,0.0239215217653393,3.93360146646335e-05,"Linden Stephens","MIA","DB",2019
"877","00-0035248",1811,0.000432305816297666,0.0210425672158923,3.93005287543333e-05,"Zach Allen","ARI","DL",2019
"878","00-0032043",741,0.000420801408027051,0.0212594096023969,3.82546734570046e-05,"Quinton Spain","BUF","OL",2019
"879","00-0035669",1994,0.000418572240931313,0.0222598507803531,3.80520219028467e-05,"Nick Scott","LA","DB",2019
"880","00-0033662",1209,0.000413189537757831,0.0226275049946391,3.7562685250712e-05,"Cooper Rush","DAL","QB",2019
"881","00-0033725",1220,0.000405924823023709,0.0229942020507033,3.6902256638519e-05,"Corey Clement","PHI","RB",2019
"882","00-0035600",1952,0.000403263957049183,0.0233225232001619,3.66603597317439e-05,"Freedom Akinmoladun","CIN","DL",2019
"883","00-0035327",1868,0.000399871805074238,0.021702563363509,3.63519822794762e-05,"C.J. Moore","DET","DB",2019
"884","00-0028872",224,0.000398228896746709,0.0226520810209222,3.62026269769736e-05,"Johnny Hekker","LA","P",2019
"885","00-0032429",865,0.000396902286549504,0.0228843052206949,3.60820260499549e-05,"Jerell Adams","NO","TE",2019
"886","00-0033532",1158,0.000396348357509559,0.0230321195733128,3.60316688645053e-05,"Josh Harvey-Clemons","WAS","LB",2019
"887","00-0034790",1636,0.000391487861493412,0.0225090790267016,3.55898055903102e-05,"Derwin James","LAC","DB",2019
"888","00-0033234",1075,0.000369303504939896,0.0223557418796078,3.35730459036269e-05,"Chris Odom","WAS","LB",2019
"889","00-0034090",1348,0.000352559795150333,0.0231903336403937,3.20508904682121e-05,"Skai Moore","IND","LB",2019
"890","00-0031071",521,0.00034886942624314,0.0220453701006993,3.171540238574e-05,"Caraun Reid","ARI","DL",2019
"891","00-0034034",1339,0.000346628155225194,0.0226944960448261,3.15116504750176e-05,"Rashard Davis","TEN","WR",2019
"892","00-0033319",1102,0.000336886674300147,0.0222945206668835,3.06260613000134e-05,"Nick Mullens","SF","QB",2019
"893","00-0035603",1953,0.000335878953837387,0.0227096810673404,3.05344503488534e-05,"Kendall Blanton","LA","TE",2019
"894","00-0032790",956,0.000322689924712173,0.0219906303501425,2.93354477011066e-05,"DeAndre Houston-Carson","CHI","DB",2019
"895","00-0031632",691,0.000314446998708339,0.0212511189648563,2.85860907916672e-05,"Denzelle Good","OAK","OL",2019
"896","00-0034223",1389,0.000313245762585539,0.0224890720178767,2.84768875077763e-05,"Jonathan Wynn","DET","DL",2019
"897","00-0030457",424,0.00030698800651972,0.0228405843992071,2.79080005927018e-05,"Tank Carradine","MIA","DL",2019
"898","00-0029570",287,0.000302382478137828,0.0219786238904772,2.7489316194348e-05,"Nate Ebner","NE","DB",2019
"899","00-0033729",1221,0.000301581753574154,0.0219192242937516,2.74165230521959e-05,"Cameron Johnston","PHI","P",2019
"900","00-0035593",1948,0.000298566009625921,0.0223938109705942,2.71423645114473e-05,"Juwann Winfree","DEN","WR",2019
"901","00-0030665",469,0.000298209221326169,0.02159848841129,2.71099292114699e-05,"Daniel Sorensen","KC","DB",2019
"902","00-0029577",289,0.000296486304269319,0.0211304964665781,2.69533003881199e-05,"Danny Trevathan","CHI","LB",2019
"903","00-0034571",1548,0.000295150535094984,0.0215902588698909,2.68318668268167e-05,"Trent Scott","LAC","OL",2019
"904","00-0032389",839,0.000291709260341383,0.0214414084097444,2.65190236673984e-05,"Mackensie Alexander","MIN","DB",2019
"905","00-0030076",372,0.000291505287022557,0.0221100353010581,2.65004806384143e-05,"JC Tretter","CLE","OL",2019
"906","00-0035535",1925,0.000291199668624815,0.021924656034301,2.64726971477105e-05,"Darius Slayton","NYG","WR",2019
"907","00-0032517",887,0.000283578563785576,0.0226826801497077,2.57798694350523e-05,"Briean Boddy-Calhoun","IND","DB",2019
"908","00-0031911",716,0.000275601782163417,0.0237683436330031,2.50547074694015e-05,"Rick Lovato","PHI","LS",2019
"909","00-0034726",1594,0.000267834115696239,0.021933259277344,2.43485559723854e-05,"Dallin Leavitt","OAK","DB",2019
"910","00-0035677",2000,0.000265778710554051,0.0239039991671468,2.41617009594592e-05,"Nasir Adderley","LAC","DB",2019
"911","00-0032939",987,0.000256300613800903,0.022131765873704,2.33000558000821e-05,"Vonn Bell","NO","DB",2019
"912","00-0032463",880,0.000254538923257099,0.0222352507997632,2.31399021142817e-05,"Kyle Peko","DEN","DL",2019
"913","00-0029955",347,0.000252636626787889,0.0228004394379011,2.29669660716263e-05,"LaRoy Reynolds","CIN","LB",2019
"914","00-0034933",1699,0.000233474845625764,0.0238396542677446,2.12249859659785e-05,"Ahmad Gooden","NYJ","LB",2019
"915","00-0029762",330,0.00023169406021005,0.0224944956663246,2.10630963827318e-05,"John Wetzel","ATL","OL",2019
"916","00-0035323",1867,0.000225548550849133,0.0230958398048474,2.05044137135575e-05,"Beau Benzschawel","DET","OL",2019
"917","00-0024239",36,0.000222846654845994,0.0208688597747515,2.02587868041813e-05,"Johnathan Joseph","HOU","DB",2019
"918","00-0033289",1090,0.000220225062406622,0.02374528638658,2.00204602187838e-05,"Corn Elder","CAR","DB",2019
"919","00-0032243",807,0.000206098396508013,0.0223970837842946,1.87362178643648e-05,"Ali Marpet","TB","OL",2019
"920","",1,0.000205386863998017,0.0227788235079396,1.86715330907289e-05,NA,NA,NA,NA
"921","00-0034612",1562,0.00020473119765162,0.0218929243996133,1.86119270592382e-05,"Demone Harris","KC","DL",2019
"922","00-0033260",1080,0.00019577031114085,0.022377707231685,1.77973010128046e-05,"Thomas Hennessy","NYJ","LS",2019
"923","00-0034326",1425,0.000195134485707363,0.0231439592262347,1.77394987006694e-05,"Robert McCray","CLE","DL",2019
"924","00-0031384",614,0.000193265180191575,0.0220666027211534,1.75695618355977e-05,"Richard Rodgers","PHI","TE",2019
"925","00-0033969",1332,0.00018695011327788,0.0219627834131878,1.69954648434436e-05,"Ifeadi Odenigbo","MIN","DL",2019
"926","00-0031156",537,0.000182750338956463,0.0225610695599031,1.66136671778603e-05,"Tyler Ott","SEA","LS",2019
"927","00-0033997",1337,0.000179715244123104,0.022187068364725,1.63377494657368e-05,"Brady Sheldon","CIN","LB",2019
"928","00-0032248",811,0.000179545562650455,0.0228329386033142,1.63223238773141e-05,"Bryce Hager","LA","LB",2019
"929","00-0031561",661,0.000178504170269669,0.0231707197273137,1.62276518426972e-05,"Hroniss Grasu","BAL","OL",2019
"930","00-0033375",1112,0.00017658712803638,0.021665349352888,1.60533752760346e-05,"Tim Patrick","DEN","WR",2019
"931","00-0031972",735,0.000167872650565925,0.0225797004754775,1.52611500514478e-05,"Darius Jennings","TEN","WR",2019
"932","00-0032222",798,0.000163829759349841,0.0216266128963002,1.48936144863492e-05,"D.J. Humphries","ARI","OL",2019
"933","00-0035587",1942,0.000161906418162151,0.0232656189555655,1.47187652874682e-05,"Spencer Schnell","TB","WR",2019
"934","00-0027882",147,0.000156292512038609,0.0218511946674673,1.42084101853281e-05,"Patrick Robinson","NO","DB",2019
"935","00-0035102",1752,0.000144613097182143,0.0229294736718764,1.31466451983767e-05,"Brandon Dillon","MIN","TE",2019
"936","00-0034793",1639,0.00012935363399511,0.0233326162950866,1.17594212722828e-05,"Quentin Poling","ATL","LB",2019
"937","00-0029623",300,0.000129349793553734,0.0231093996464382,1.17590721412486e-05,"Alex Tanney","NYG","QB",2019
"938","00-0035234",1797,0.000112085295708259,0.0219610341022986,1.01895723371144e-05,"Tytus Howard","HOU","OL",2019
"939","00-0029273",259,9.59740397709317e-05,0.0229501923272029,8.72491270644834e-06,"Robert Turbin","SEA","RB",2019
"940","00-0031462",636,9.0453816599842e-05,0.0229418347972945,8.22307423634927e-06,"Jerome Cunningham","WAS","TE",2019
"941","00-0033590",1197,8.90719775226615e-05,0.0229863590032609,8.09745250206013e-06,"Joey Ivie","TEN","DL",2019
"942","00-0035402",1892,8.75789435750973e-05,0.0220219815466696,7.96172214319066e-06,"Carl Granderson","NO","DL",2019
"943","00-0034766",1618,8.34071938230612e-05,0.0237681480480942,7.58247216573284e-06,"Chris Herndon","NYJ","TE",2019
"944","00-0027224",99,8.30861020253912e-05,0.0233403820702918,7.55328200230829e-06,"Jon Weeks","HOU","LS",2019
"945","00-0033765",1229,7.46316889677831e-05,0.0228317304258791,6.78469899707119e-06,"Dylan Cole","HOU","LB",2019
"946","00-0027793",130,6.96770894519135e-05,0.0225910463905974,6.33428085926486e-06,"Antonio Brown","NE","WR",2019
"947","00-0027993",179,6.51451649010828e-05,0.0219789463480123,5.92228771828025e-06,"Rodney Hudson","OAK","OL",2019
"948","00-0031512",644,6.36242418796944e-05,0.0227304811316144,5.78402198906313e-06,"Jermaine Whitehead","CLE","DB",2019
"949","00-0028394",216,6.22651545798326e-05,0.0216065396887306,5.6604685981666e-06,"Jake McQuaide","LA","LS",2019
"950","00-0035222",1789,5.8175244576534e-05,0.0211294652742904,5.28865859786672e-06,"Zach Gentry","PIT","TE",2019
"951","00-0031076",522,5.3232483994151e-05,0.0226096812310393,4.839316726741e-06,"David Fales","NYJ","QB",2019
"952","00-0032549",895,5.12238994409324e-05,0.0222740251228327,4.65671813099385e-06,"Alex Redmond","CIN","OL",2019
"953","00-0034979",1719,4.24887998489598e-05,0.0221945477360765,3.86261816808725e-06,"Iman Marshall","BAL","DB",2019
"954","00-0035703",2021,3.29328468501505e-05,0.0210172416033726,2.9938951681955e-06,"Miles Boykin","BAL","WR",2019
"955","00-0029141",243,1.3542260342144e-05,0.0222268535191349,1.23111457655854e-06,"Alfred Morris","ARI","RB",2019
"956","00-0030023",354,1.3242986810549e-05,0.0231480416994269,1.20390789186809e-06,"Jordan Dangerfield","PIT","DB",2019
"957","00-0027835",132,4.03294877520605e-06,0.0218319440331911,3.66631706836914e-07,"Kurt Coleman","BUF","DB",2019
"958","00-0034445",1516,3.49193638203361e-06,0.0211278617666897,3.17448762003056e-07,"Nick Gates","NYG","OL",2019
"959","00-0033059",1028,3.28804230301937e-06,0.0229235696649209,2.98912936638124e-07,"T.J. Green","CAR","DB",2019
"960","00-0035295",1851,-7.16692477593712e-06,0.0230261900295642,-6.51538615994284e-07,"Isaiah Prince","CIN","OL",2019
"961","00-0031097",526,-9.14978733754575e-06,0.0234658401072856,-8.31798848867795e-07,"Terrance Mitchell","CLE","DB",2019
"962","00-0030850",488,-1.6745637946191e-05,0.02341568634657,-1.522330722381e-06,"Cody Parkey","TEN","K",2019
"963","00-0031426",630,-1.76240604915106e-05,0.0223005145007822,-1.60218731741006e-06,"Joel Bitonio","CLE","OL",2019
"964","00-0032242",806,-2.21857128022016e-05,0.022530386380966,-2.01688298201833e-06,"Rob Havenstein","LA","OL",2019
"965","00-0032434",867,-2.40394130180549e-05,0.0225864525923279,-2.18540118345953e-06,"Brandon Allen","DEN","QB",2019
"966","00-0034660",1574,-2.95944968524292e-05,0.0229098474184631,-2.69040880476629e-06,"Rico Gafford","OAK","WR",2019
"967","00-0034657",1572,-2.98061190716427e-05,0.0227514700072651,-2.70964718833115e-06,"Matt Dickerson","TEN","DL",2019
"968","00-0035257",1818,-3.983219995491e-05,0.0231377016004017,-3.62110908681e-06,"Christian Miller","CAR","LB",2019
"969","00-0030520",440,-4.00260275318025e-05,0.0236200959543112,-3.63872977561841e-06,"Mike Glennon","OAK","QB",2019
"970","00-0034239",1391,-5.19644596900935e-05,0.023673589655699,-4.7240417900085e-06,"Brad Lundblade","NYJ","OL",2019
"971","00-0034266",1400,-5.43747703529636e-05,0.0224714208991581,-4.94316094117851e-06,"Kenny Young","LA","LB",2019
"972","00-0034533",1540,-5.78995865904229e-05,0.0233345946897635,-5.26359878094753e-06,"Trayvon Henderson","CIN","DB",2019
"973","00-0032065",751,-6.89209896806432e-05,0.0222901542570865,-6.2655445164221e-06,"Bradley Pinion","TB","P",2019
"974","00-0032667",917,-7.2385218082961e-05,0.0216829748281729,-6.58047437117828e-06,"Roy Robertson-Harris","CHI","DL",2019
"975","00-0028003",181,-7.32287433343499e-05,0.0233099352238003,-6.6571584849409e-06,"Terrell McClain","OAK","DL",2019
"976","00-0032417",858,-8.14605304432945e-05,0.0232202230409046,-7.40550276757223e-06,"Paul Perkins","BAL","RB",2019
"977","00-0028339",214,-8.52058271152412e-05,0.0215760568012024,-7.74598428320375e-06,"Mario Addison","CAR","DL",2019
"978","00-0034440",1515,-8.75932150997544e-05,0.0245745416171724,-7.96301955452313e-06,"Justin Jackson","LAC","RB",2019
"979","00-0035519",1915,-9.35066357669907e-05,0.0221259044571237,-8.50060325154461e-06,"Isaiah Mack","TEN","DL",2019
"980","00-0034277",1408,-9.45137423698808e-05,0.0225138190849025,-8.5921583972619e-06,"DeShon Elliott","BAL","DB",2019
"981","00-0033578",1192,-0.000102171763290281,0.0215362998616093,-9.28834211729828e-06,"Sam Tevi","LAC","OL",2019
"982","00-0032916",982,-0.000108072906097036,0.0232306127328852,-9.82480964518506e-06,"Trevor Williams","ARI","DB",2019
"983","00-0033856",1248,-0.000108895315565655,0.0207752525139463,-9.89957414233224e-06,"Leonard Fournette","JAX","RB",2019
"984","00-0026143",64,-0.000115340116091945,0.0223332916973739,-1.04854650992677e-05,"Matt Ryan","ATL","QB",2019
"985","00-0035671",1996,-0.000119742977144735,0.022789475471198,-1.08857251949759e-05,"Jace Sternberger","GB","TE",2019
"986","00-0033588",1195,-0.000120084493946212,0.0217148267923604,-1.09167721769284e-05,"Isaac Rochell","LAC","DL",2019
"987","00-0033511",1147,-0.000125723886520759,0.0221772347065659,-1.14294442291599e-05,"Sean Harlow","ATL","OL",2019
"988","00-0033970",1333,-0.000131387352474138,0.023146569896817,-1.19443047703762e-05,"Shalom Luani","HOU","DB",2019
"989","00-0033792",1241,-0.000138981049248816,0.0230824676393113,-1.26346408408014e-05,"Rudy Ford","PHI","DB",2019
"990","00-0027547",105,-0.000146624054370029,0.0231351454873098,-1.33294594881845e-05,"Marcus Sherels","MIN","DB",2019
"991","00-0033474",1143,-0.000147380005050916,0.0232509186587676,-1.3398182277356e-05,"Gehrig Dieter","KC","WR",2019
"992","00-0032697",922,-0.000148232505092751,0.0227751059049144,-1.34756822811592e-05,"Doug Middleton","JAX","DB",2019
"993","00-0026986",88,-0.000148301017196529,0.0240244417107036,-1.34819106542299e-05,"Michael Crabtree","ARI","WR",2019
"994","00-0035277",1836,-0.000149521578698756,0.0232739928756923,-1.3592870790796e-05,"Mike Jackson","DET","DB",2019
"995","00-0034398",1486,-0.000152304686397593,0.0224414710149546,-1.38458805815993e-05,"Natrell Jamerson","CAR","DB",2019
"996","00-0031788",704,-0.000159124939417475,0.0231299562913184,-1.44659035834068e-05,"Matt Lengel","IND","TE",2019
"997","00-0035382",1885,-0.000164365872780909,0.0232218860793805,-1.49423520709918e-05,"Ryan Bates","BUF","OL",2019
"998","00-0031665",692,-0.000166415037488643,0.0228257768052298,-1.51286397716948e-05,"Zach Zenner","MIA","RB",2019
"999","00-0035537",1926,-0.000172731848963065,0.0213246776229641,-1.57028953602786e-05,"Ty Johnson","DET","RB",2019
"1000","00-0032401",848,-0.000176179409217811,0.0214719500545291,-1.60163099288919e-05,"De'Vondre Campbell","ATL","LB",2019
"1001","00-0032933",984,-0.000180972990283928,0.0218721004200402,-1.64520900258116e-05,"Antonio Hamilton","NYG","DB",2019
"1002","00-0027812",131,-0.000187746703478603,0.0236424123775675,-1.70678821344184e-05,"Dekoda Watson","SEA","LB",2019
"1003","00-0033326",1103,-0.000190508611353169,0.0226002487670411,-1.73189646684699e-05,"Aviante Collins","MIN","OL",2019
"1004","00-0032246",810,-0.000199631467225845,0.0230675645965404,-1.81483152023495e-05,"Andrew Donnal","MIA","OL",2019
"1005","00-0034662",1575,-0.000199883155643622,0.0223440428682204,-1.8171195967602e-05,"Joshua Kalu","TEN","DB",2019
"1006","00-0032132",768,-0.000200941964356087,0.0220253217347686,-1.82674513050988e-05,"Max Garcia","ARI","OL",2019
"1007","00-0033798",1242,-0.000205583611858536,0.0224517550483605,-1.86894192598669e-05,"Mason Schreck","CIN","TE",2019
"1008","00-0027236",100,-0.00020569276427972,0.0214840812241644,-1.86993422072472e-05,"Kyle Love","CAR","DL",2019
"1009","00-0034527",1539,-0.000206516860671152,0.022923108991765,-1.87742600610138e-05,"Ryan Neal","SEA","DB",2019
"1010","00-0035187",1781,-0.00021688231272091,0.0225623763095265,-1.97165738837191e-05,"Austin Walter","NYG","RB",2019
"1011","00-0034779",1628,-0.000230788449202252,0.0217094830125616,-2.09807681092956e-05,"Ronnie Harrison","JAX","DB",2019
"1012","00-0032245",809,-0.000233198644133333,0.0231629218634644,-2.11998767393939e-05,"Sean Mannion","MIN","QB",2019
"1013","00-0033359",1109,-0.000236209251457293,0.0227574720815465,-2.14735683142994e-05,"Adam Pankey","MIA","OL",2019
"1014","00-0035657",1985,-0.000237875335178824,0.0222067134456351,-2.16250304708022e-05,"Damien Harris","NE","RB",2019
"1015","00-0032627",910,-0.000248776610429032,0.021184315246753,-2.26160554935484e-05,"James Burgess","NYJ","LB",2019
"1016","00-0031054",515,-0.000249722362413217,0.0217795307785856,-2.2702032946656e-05,"DaQuan Jones","TEN","DL",2019
"1017","00-0033317",1101,-0.000251567224183985,0.0230639006673363,-2.28697476530895e-05,"Erik Magnuson","OAK","OL",2019
"1018","00-0032486",884,-0.000253184313733536,0.0229390100987302,-2.30167557939578e-05,"Kameron Canaday","PIT","LS",2019
"1019","00-0033758",1227,-0.00025591341913821,0.0219705669752399,-2.32648562852919e-05,"Jeremiah Valoaga","OAK","DL",2019
"1020","00-0034626",1564,-0.000259909295566828,0.022963692256323,-2.36281177788025e-05,"Trevor Daniel","HOU","P",2019
"1021","00-0030565",455,-0.000262903506395257,0.0235199769357778,-2.39003187632052e-05,"Geno Smith","SEA","QB",2019
"1022","00-0031170",540,-0.000276125016722535,0.0226160494731394,-2.51022742475032e-05,"Timmy Jernigan","PHI","DL",2019
"1023","00-0033933",1311,-0.000277010644399418,0.0222755249445405,-2.51827858544925e-05,"Chad Williams","IND","WR",2019
"1024","00-0026544",76,-0.000282423816695176,0.0229060768226892,-2.56748924268342e-05,"Chase Daniel","CHI","QB",2019
"1025","00-0032789",955,-0.000289002400158632,0.0230600171090004,-2.62729454689666e-05,"Devante Bond","CHI","LB",2019
"1026","00-0034424",1504,-0.00029329462651972,0.0217362219894837,-2.66631478654291e-05,"Matthew Adams","IND","LB",2019
"1027","00-0033696",1213,-0.000295602094527682,0.0220324316945385,-2.68729176843348e-05,"Sean Culkin","LAC","TE",2019
"1028","00-0034162",1369,-0.000307411855550892,0.0230783688068835,-2.79465323228083e-05,"J.K. Scott","GB","P",2019
"1029","00-0034633",1566,-0.000307844038660667,0.0222078889697487,-2.79858216964243e-05,"Jester Weah","WAS","WR",2019
"1030","00-0032779",947,-0.000315176107398186,0.0238147159787758,-2.86523733998351e-05,"Caleb Benenoch","DET","OL",2019
"1031","00-0035146",1770,-0.000321474146821022,0.0224226522230273,-2.92249224382747e-05,"Trace McSorley","BAL","QB",2019
"1032","00-0034485",1525,-0.000329724408325304,0.0227629583686731,-2.99749462113913e-05,"Jonathan Owens","HOU","DB",2019
"1033","00-0030555",450,-0.000336251738639133,0.0227690184419498,-3.05683398762848e-05,"Dion Jordan","OAK","DL",2019
"1034","00-0035639",1970,-0.000343766066145863,0.0230464459232222,-3.12514605587148e-05,"Parris Campbell","IND","WR",2019
"1035","00-0032793",958,-0.000347945963611178,0.0236355296459876,-3.16314512373798e-05,"Blake Countess","NYJ","DB",2019
"1036","00-0035615",1955,-0.000357591862334037,0.0223739088122588,-3.25083511212761e-05,"Natrez Patrick","LA","LB",2019
"1037","00-0033058",1027,-0.000357632768067219,0.0218539457718153,-3.25120698242926e-05,"Reggie Ragland","KC","LB",2019
"1038","00-0035714",2029,-0.000359275783476197,0.0227631375415453,-3.26614348614724e-05,"Mazzi Wilkins","TB","DB",2019
"1039","00-0034551",1544,-0.0003654970036377,0.0219805862014011,-3.32270003307e-05,"Jordan Chunn","DAL","RB",2019
"1040","00-0032761",934,-0.000370892685301465,0.0236074654482888,-3.37175168455877e-05,"Robert Nkemdiche","MIA","DL",2019
"1041","00-0025565",54,-0.000372494864490591,0.022807027560403,-3.38631694991446e-05,"Nick Folk","NE","K",2019
"1042","00-0033374",1111,-0.000379011450952836,0.0227602199913184,-3.44555864502578e-05,"Ricky Ortiz","NO","RB",2019
"1043","00-0033006",1009,-0.000379732289173137,0.0232872205869443,-3.45211171975579e-05,"Jaydon Mickens","TB","WR",2019
"1044","00-0035026",1742,-0.000387163775470878,0.0229385646229104,-3.51967068609889e-05,"Kevin Givens","SF","DL",2019
"1045","00-0032377",827,-0.000397157449651783,0.0227874531348254,-3.61052226956166e-05,"Josh Ferguson","WAS","RB",2019
"1046","00-0035233",1796,-0.000398820182587953,0.0219415653097115,-3.62563802352685e-05,"Andre Dillard","PHI","OL",2019
"1047","00-0030448",420,-0.000406172828933249,0.0235651619661532,-3.69248026302954e-05,"Kawann Short","CAR","DL",2019
"1048","00-0034515",1536,-0.000408323109618836,0.0232921649054838,-3.71202826926215e-05,"Dee Delaney","WAS","DB",2019
"1049","00-0030456",423,-0.000416652306916008,0.0219779875406392,-3.78774824469099e-05,"Giovani Bernard","CIN","RB",2019
"1050","00-0032416",857,-0.000417831452491013,0.0218940601708202,-3.7984677499183e-05,"Quinton Jefferson","SEA","DL",2019
"1051","00-0033367",1110,-0.000418708038461117,0.0230019482083171,-3.80643671328288e-05,"C.J. Board","JAX","WR",2019
"1052","00-0034213",1387,-0.000419296152826097,0.0207405520105038,-3.81178320750997e-05,"Holton Hill","MIN","DB",2019
"1053","00-0035510",1914,-0.00042369895459503,0.0219134664284955,-3.85180867813664e-05,"Jeff Smith","NYJ","WR",2019
"1054","00-0031130",533,-0.000423755312297019,0.0205110833814659,-3.85232102088199e-05,"Christian Jones","DET","LB",2019
"1055","00-0033908",1291,-0.000424798421678752,0.0218975320980846,-3.8618038334432e-05,"Cooper Kupp","LA","WR",2019
"1056","00-0024221",35,-0.000428340273899787,0.0222596281350339,-3.89400248999807e-05,"Vernon Davis","WAS","TE",2019
"1057","00-0035223",1790,-0.000429389521871369,0.0229663346718601,-3.90354110792154e-05,"Ulysees Gilbert","PIT","LB",2019
"1058","00-0022824",14,-0.000429479763168757,0.022362371018982,-3.90436148335234e-05,"Andy Lee","ARI","P",2019
"1059","00-0033414",1124,-0.000431374608412362,0.0238459325318364,-3.92158734920329e-05,"Eric Smith","NYG","OL",2019
"1060","00-0029091",239,-0.000436018938846437,0.0221489668771526,-3.96380853496761e-05,"Bradley Sowell","CHI","TE",2019
"1061","00-0033951",1323,-0.000454612185268215,0.0228795572465997,-4.13283804789287e-05,"Marlon Mack","IND","RB",2019
"1062","00-0034948",1702,-0.000467295560144605,0.0227968708895304,-4.24814145586005e-05,"Alijah Holder","DEN","DB",2019
"1063","00-0034959",1706,-0.000469080276810271,0.0220302157494632,-4.26436615282065e-05,"Andrew Beck","DEN","RB",2019
"1064","00-0035409",1895,-0.000485579016588133,0.0221314362617916,-4.41435469625576e-05,"Shy Tuttle","NO","DL",2019
"1065","00-0034273",1404,-0.00048818185608641,0.0227964682768184,-4.43801687351282e-05,"Damion Ratley","CLE","WR",2019
"1066","00-0035144",1768,-0.000489205156910512,0.0208939360770013,-4.44731960827738e-05,"Mack Wilson","CLE","LB",2019
"1067","00-0031595",680,-0.000490149770671845,0.023462489780581,-4.45590700610768e-05,"Michael Burton","WAS","RB",2019
"1068","00-0032470",883,-0.00049069098090631,0.0219300285648327,-4.46082709914827e-05,"Steve Longa","DET","LB",2019
"1069","00-0029794",333,-0.000492019422883503,0.0215989994231555,-4.47290384439548e-05,"Daren Bates","TEN","LB",2019
"1070","00-0035406",1894,-0.000492062331949563,0.0232930585287366,-4.47329392681421e-05,"Lil'Jordan Humphrey","NO","WR",2019
"1071","00-0030697",473,-0.00049259161915603,0.0229347951718878,-4.47810562869119e-05,"Jamie Meder","DET","DL",2019
"1072","00-0031914",717,-0.000492639011309445,0.0225517529642121,-4.4785364664495e-05,"Olsen Pierre","OAK","DL",2019
"1073","00-0030020",353,-0.000493655388429398,0.0236254772343816,-4.48777625844907e-05,"Brynden Trawick","BAL","DB",2019
"1074","00-0032525",891,-0.000496276137747148,0.0219452416370253,-4.5116012522468e-05,"Jarrod Wilson","JAX","DB",2019
"1075","00-0031584",674,-0.000503403119397439,0.0211521056455993,-4.57639199452217e-05,"Adrian Amos","GB","DB",2019
"1076","00-0034720",1592,-0.000504094898005669,0.0223189941174189,-4.58268089096063e-05,"Robert Spillane","PIT","LB",2019
"1077","00-0032883",973,-0.000508059526040616,0.0227311118969673,-4.6187229640056e-05,"Mitchell Loewen","NO","DL",2019
"1078","00-0032062",749,-0.000508173507582911,0.0214250019499906,-4.61975915984464e-05,"Blake Bell","KC","TE",2019
"1079","00-0032449",876,-0.000523785392122191,0.0229256619679867,-4.76168538292901e-05,"Lac Edwards","NYJ","P",2019
"1080","00-0034335",1429,-0.000530853447074851,0.0240042951728935,-4.82594042795319e-05,"Marcus Allen","PIT","DB",2019
"1081","00-0034860",1687,-0.000537563154304084,0.0213895888756822,-4.88693776640076e-05,"Dante Pettis","SF","WR",2019
"1082","00-0034054",1341,-0.000539129187139792,0.0229613198300452,-4.90117442854356e-05,"River Cracraft","PHI","WR",2019
"1083","00-0035208",1784,-0.000554563486786272,0.0237584972571552,-5.04148624351156e-05,"Olamide Zaccheaus","ATL","WR",2019
"1084","00-0033538",1161,-0.00055458007086939,0.0221459540216477,-5.04163700790354e-05,"Garett Bolles","DEN","OL",2019
"1085","00-0031556",657,-0.000555173294302287,0.0230777818208165,-5.04702994820261e-05,"Nate Orchard","WAS","LB",2019
"1086","00-0033896",1282,-0.000571432794842569,0.0225034903915081,-5.1948435894779e-05,"Adam Shaheen","CHI","TE",2019
"1087","00-0031364",606,-0.000575375433711064,0.0218556010590677,-5.23068576100968e-05,"Jadeveon Clowney","SEA","DL",2019
"1088","00-0035694",2013,-0.000578338198026218,0.0228623165168214,-5.25761998205653e-05,"Greg Little","CAR","OL",2019
"1089","00-0034985",1725,-0.000588305907773947,0.0225959071152292,-5.3482355252177e-05,"Daylon Mack","BAL","DL",2019
"1090","00-0029647",307,-0.00059271315257592,0.0210829910719408,-5.38830138705381e-05,"Kyle Wilber","OAK","LB",2019
"1091","00-0034168",1373,-0.000602785251299288,0.0230741475243338,-5.47986592090262e-05,"Hunter Bradley","GB","LS",2019
"1092","00-0029895",343,-0.000606530832211749,0.0220042749617056,-5.51391665647044e-05,"Ryan Jensen","TB","OL",2019
"1093","00-0032741",928,-0.000610754044518877,0.0215899073065184,-5.55230949562615e-05,"Peyton Barber","TB","RB",2019
"1094","00-0033579",1193,-0.000621932522443433,0.0222255714741707,-5.65393202221303e-05,"Xavier Woods","DAL","DB",2019
"1095","00-0030070",370,-0.000623839607423264,0.022657926783545,-5.67126915839331e-05,"John Jenkins","MIA","DL",2019
"1096","00-0035704",2022,-0.000641652766389398,0.0229584671501782,-5.83320696717634e-05,"Drew Lock","DEN","QB",2019
"1097","00-0035674",1998,-0.00065251150369564,0.0228051429986591,-5.93192276086946e-05,"Jerry Tillery","LAC","DL",2019
"1098","00-0032521",890,-0.000662711117281551,0.0212647685626248,-6.02464652074137e-05,"Mike Hilton","PIT","DB",2019
"1099","00-0031921",718,-0.000672350151864849,0.0214027770118145,-6.11227410786227e-05,"Kendall Lamm","CLE","OL",2019
"1100","00-0024333",39,-0.000674082121119182,0.0233908730277715,-6.12801928290165e-05,"Stephen Gostkowski","NE","K",2019
"1101","00-0030711",476,-0.000675562803503498,0.0243275867789125,-6.14148003184998e-05,"David Fluellen","TEN","RB",2019
"1102","00-0034978",1718,-0.000681849388769422,0.0227489557564812,-6.19863080699474e-05,"Ben Powers","BAL","OL",2019
"1103","00-0034782",1631,-0.00068198979639744,0.0232437699873586,-6.19990723997673e-05,"Harrison Phillips","BUF","DL",2019
"1104","00-0034980",1720,-0.000699458121187731,0.0227294925561386,-6.35871019261574e-05,"Isaiah Johnson","OAK","DB",2019
"1105","00-0030147",384,-0.000703202341036695,0.0226787402610592,-6.39274855487905e-05,"Russell Shepard","NYG","WR",2019
"1106","00-0035553",1934,-0.000721519380588981,0.0229570934836898,-6.55926709626347e-05,"Charles Jones","JAX","TE",2019
"1107","00-0031900",715,-0.000724659025090191,0.0236536557926697,-6.58780931900173e-05,"Rod Smith","OAK","RB",2019
"1108","00-0035666",1991,-0.000725187978288288,0.0227485280784257,-6.59261798443898e-05,"Bobby Evans","LA","OL",2019
"1109","00-0035341",1873,-0.000741525832635839,0.022682416798247,-6.74114393305308e-05,"Trenton Irwin","CIN","WR",2019
"1110","00-0033883",1270,-0.000759280203829952,0.0217732264664185,-6.90254730754502e-05,"Jabrill Peppers","NYG","DB",2019
"1111","00-0033892",1278,-0.000766870844402454,0.0214833665047057,-6.9715531309314e-05,"Marcus Maye","NYJ","DB",2019
"1112","00-0032890",976,-0.00077747572275073,0.0220444513957047,-7.06796111591573e-05,"James Bradberry","CAR","DB",2019
"1113","00-0032162",783,-0.00079054800539176,0.0226676660377411,-7.186800049016e-05,"T.Y. McGill","LAC","DL",2019
"1114","00-0034857",1685,-0.000791496204186828,0.0211852950804737,-7.19542003806208e-05,"Josh Allen","BUF","QB",2019
"1115","00-0031361",603,-0.000799554607256682,0.0228172048635247,-7.26867824778802e-05,"Christian Kirksey","CLE","LB",2019
"1116","00-0034362",1453,-0.000801787502217707,0.022141205180666,-7.28897729288825e-05,"Rashaan Gaulden","NYG","DB",2019
"1117","00-0034320",1423,-0.000805010891400579,0.0225519075211672,-7.31828083091435e-05,"Kentavius Street","SF","DL",2019
"1118","00-0034728",1595,-0.000817312475786514,0.0219002145638758,-7.43011341624104e-05,"Jaire Alexander","GB","DB",2019
"1119","00-0032269",821,-0.000841321481729572,0.0216556354216359,-7.64837710663248e-05,"Henry Anderson","NYJ","DL",2019
"1120","00-0035286",1842,-0.000841396500717403,0.0206289538754132,-7.64905909743094e-05,"Cole Holcomb","WAS","LB",2019
"1121","00-0034337",1431,-0.000844432041724771,0.022226265805083,-7.67665492477065e-05,"Greg Stroman","WAS","DB",2019
"1122","00-0032404",851,-0.000853326324107432,0.0223272375082224,-7.75751203734029e-05,"Tyler Ervin","GB","RB",2019
"1123","00-0034995",1735,-0.000855786675315114,0.0229919580318901,-7.77987886650103e-05,"Dexter Williams","GB","RB",2019
"1124","00-0033063",1029,-0.000855932851056959,0.0229989981554106,-7.78120773688145e-05,"Zach Wood","NO","LS",2019
"1125","00-0034384",1473,-0.000856448840741781,0.0229281185985733,-7.78589855219801e-05,"D.J. Reed","SF","DB",2019
"1126","00-0035142",1766,-0.000865978297324514,0.0214269500659394,-7.8725299756774e-05,"Ugo Amadi","SEA","DB",2019
"1127","00-0029319",265,-0.000866765688301769,0.0229351930388134,-7.87968807547063e-05,"Josh Bellamy","NYJ","WR",2019
"1128","00-0032785",952,-0.000876458451389497,0.0218525396590798,-7.96780410354088e-05,"Halapoulivaati Vaitai","PHI","OL",2019
"1129","00-0032641",913,-0.000884427072717377,0.022746174791852,-8.04024611561252e-05,"Donte' Deayon","LA","DB",2019
"1130","00-0035551",1933,-0.000884816713167653,0.0227290619437,-8.04378830152412e-05,"Tony Brooks-James","MIN","RB",2019
"1131","00-0031420",629,-0.000899543700619303,0.0227006309984318,-8.17767000563003e-05,"Kasey Redfern","ATL","P",2019
"1132","00-0031050",512,-0.000903387280026168,0.0230682095535581,-8.21261163660153e-05,"Kareem Martin","NYG","LB",2019
"1133","00-0031209",552,-0.000905589197663706,0.0230791232013952,-8.23262906967005e-05,"Senorise Perry","BUF","RB",2019
"1134","00-0035099",1750,-0.000911501433671405,0.0228385290389923,-8.28637666974005e-05,"Khari Blasingame","TEN","RB",2019
"1135","00-0035021",1740,-0.000952248908448876,0.0225595687543712,-8.65680825862615e-05,"Ashton Dulin","IND","WR",2019
"1136","00-0033911",1294,-0.000968351067132905,0.0228322018743152,-8.80319151939005e-05,"Taywan Taylor","CLE","WR",2019
"1137","00-0034177",1376,-0.000978159718699986,0.0230628751281167,-8.89236107909078e-05,"Tim Boyle","GB","QB",2019
"1138","00-0030649",467,-0.000990387768766798,0.0205004731201618,-9.00352517060725e-05,"Jonotthan Harrison","NYJ","OL",2019
"1139","00-0033770",1230,-0.000995331564923725,0.0221923970403725,-9.04846877203386e-05,"Justin Hardee","NO","DB",2019
"1140","00-0027980",174,-0.00100341877088708,0.0229643809155668,-9.12198882624623e-05,"Brooks Reed","ARI","LB",2019
"1141","00-0035274",1833,-0.00100415434275772,0.0229651033998654,-9.12867584325201e-05,"Ross Pierschbacher","WAS","OL",2019
"1142","00-0032528",892,-0.00101468309873378,0.0220756218799682,-9.22439180667077e-05,"Justin Murray","ARI","OL",2019
"1143","00-0031936",723,-0.00101942171179884,0.0209681236690715,-9.26747010726214e-05,"Mitch Morse","BUF","OL",2019
"1144","00-0032771",940,-0.00102971723290684,0.0225612505033814,-9.36106575369852e-05,"Parker Ehinger","BAL","OL",2019
"1145","00-0034185",1379,-0.00103079833527271,0.0218441908989067,-9.37089395702466e-05,"Tyler Lancaster","GB","DL",2019
"1146","00-0033246",1077,-0.0010321505177563,0.0214601950219837,-9.3831865250573e-05,"Johnny Mundt","LA","TE",2019
"1147","00-0031089",524,-0.00104070146253959,0.0223205190448245,-9.46092238672351e-05,"Beau Allen","TB","DL",2019
"1148","00-0033635",1205,-0.00104684737659305,0.0221155866228955,-9.51679433266412e-05,"Isaiah Irving","CHI","LB",2019
"1149","00-0033943",1316,-0.0010475570638146,0.0212235544596184,-9.52324603467816e-05,"Josh Reynolds","LA","WR",2019
"1150","00-0031957",732,-0.00105119556157189,0.0223424890453575,-9.5563232870172e-05,"Rakeem Nunez-Roches","TB","DL",2019
"1151","00-0034939",1700,-0.0010548076018111,0.0235866556498252,-9.58916001646456e-05,"Ryan Bee","WAS","DL",2019
"1152","00-0027925",151,-0.00105975469331347,0.0226938941028326,-9.63413357557699e-05,"James Develin","NE","RB",2019
"1153","00-0034845",1678,-0.00106348794606774,0.0220340301488486,-9.66807223697945e-05,"Sony Michel","NE","RB",2019
"1154","00-0022943",18,-0.00106442883461668,0.0218301632049002,-9.6766257692425e-05,"Benjamin Watson","NE","TE",2019
"1155","00-0032760",933,-0.00108188061117754,0.0229590448418416,-9.83527828343216e-05,"Josh Doctson","MIN","WR",2019
"1156","00-0034289",1414,-0.0010891763083858,0.0227600391788084,-9.90160280350731e-05,"Ryan Hunter","KC","OL",2019
"1157","00-0034132",1361,-0.00109134828147451,0.0221939167960122,-9.92134801340463e-05,"Christian Blake","ATL","WR",2019
"1158","00-0034505",1533,-0.00110567820220288,0.0229742762011691,-0.000100516200200261,"Ike Boettger","BUF","OL",2019
"1159","00-0030386",406,-0.00110750081899486,0.0210949733843171,-0.000100681892635897,"William Gholston","TB","DL",2019
"1160","00-0035155",1775,-0.00111076314607369,0.0230312346582068,-0.000100978467824881,"Mark Fields","MIN","DB",2019
"1161","00-0028986",232,-0.0011327723869806,0.0222094473043761,-0.000102979307907327,"Case Keenum","WAS","QB",2019
"1162","00-0029008",234,-0.00113594818955899,0.0217184275531188,-0.000103268017232636,"Charley Hughlett","CLE","LS",2019
"1163","00-0034383",1472,-0.00114501324343004,0.022056831141028,-0.000104092113039094,"Dalton Schultz","DAL","TE",2019
"1164","00-0023516",28,-0.00115063277873637,0.0209175656176578,-0.000104602979885125,"Richie Incognito","OAK","OL",2019
"1165","00-0027963",168,-0.00115428571965301,0.0217852709168641,-0.000104935065423001,"James Carpenter","ATL","OL",2019
"1166","00-0030288",398,-0.0011562153224302,0.021978757584869,-0.000105110483857291,"Rex Burkhead","NE","RB",2019
"1167","00-0035591",1946,-0.00115975376597984,0.0222520276211063,-0.000105432160543622,"Justin Hollins","DEN","LB",2019
"1168","00-0033064",1030,-0.00116618759149439,0.0216086207473381,-0.000106017053772217,"Adam Gotsis","DEN","DL",2019
"1169","00-0032379",829,-0.00117239373806186,0.0226693055037801,-0.000106581248914715,"Eli Apple","NO","DB",2019
"1170","00-0034606",1561,-0.00117545655945965,0.0245373251191969,-0.000106859687223604,"Ryan Winslow","ARI","P",2019
"1171","00-0034687",1589,-0.00117739043476095,0.0238961223198708,-0.000107035494069177,"Korey Cunningham","NE","OL",2019
"1172","00-0035469",1906,-0.00118251551265351,0.0223334943641321,-0.000107501410241228,"Kahzin Daniels","TB","LB",2019
"1173","00-0033131",1063,-0.00118415457735669,0.0207137196023902,-0.000107650416123335,"Maliek Collins","DAL","DL",2019
"1174","00-0034140",1362,-0.00118661620565135,0.0226203161559253,-0.000107874200513759,"Matt Gono","ATL","OL",2019
"1175","00-0035623",1958,-0.00118863627146172,0.0230677864072893,-0.000108057842860157,"Chandler Brewer","LA","OL",2019
"1176","00-0029931",345,-0.00121024121255006,0.0215742654131744,-0.000110021928413642,"Zach Line","NO","RB",2019
"1177","00-0029681",318,-0.00121118377274343,0.0206391443571985,-0.000110107615703948,"Janoris Jenkins","NO","DB",2019
"1178","00-0021206",6,-0.00121184620574676,0.0221185673942485,-0.000110167836886069,"Josh McCown","PHI","QB",2019
"1179","00-0028114",199,-0.00122331778843621,0.0237537665132037,-0.000111210708039655,"Dwayne Harris","OAK","WR",2019
"1180","00-0035449",1904,-0.00122652965771943,0.0235070035092019,-0.000111502696156312,"Jamal Davis","MIA","LB",2019
"1181","00-0035343",1875,-0.00124113648887314,0.0228863008596719,-0.000112830589897559,"Jonathan Ledbetter","MIA","DL",2019
"1182","00-0035726",2033,-0.00124642025026999,0.0221487111255691,-0.000113310931842726,"Jakob Johnson","NE","TE",2019
"1183","00-0031492",639,-0.00125224050234118,0.0221641586419911,-0.00011384004566738,"Jason Myers","SEA","K",2019
"1184","00-0030092",377,-0.00125804669668065,0.022861966109303,-0.000114367881516423,"Sam Martin","DET","P",2019
"1185","00-0032382",832,-0.00125937659210982,0.0221040224372965,-0.000114488781100893,"Keanu Neal","ATL","DB",2019
"1186","00-0033931",1309,-0.00126102374413233,0.0223621000881684,-0.000114638522193848,"Lano Hill","SEA","DB",2019
"1187","00-0031288",578,-0.00126163626645914,0.0230668775483246,-0.00011469420604174,"AJ McCarron","HOU","QB",2019
"1188","00-0033548",1170,-0.00126550016485841,0.022263959211471,-0.000115045469532582,"Chidobe Awuzie","DAL","DB",2019
"1189","00-0032596",906,-0.00126645743542229,0.0227150271419841,-0.000115132494129299,"Brian Poole","NYJ","DB",2019
"1190","00-0033576",1190,-0.00127599548829978,0.022110566174059,-0.000115999589845435,"Eric Saubert","CHI","TE",2019
"1191","00-0026280",71,-0.00128484803171721,0.0216039002301528,-0.000116804366519747,"Brandon Carr","BAL","DB",2019
"1192","00-0033790",1239,-0.0012903684521371,0.0216199150267687,-0.000117306222921554,"Jordan Evans","CIN","LB",2019
"1193","00-0035101",1751,-0.00129240835208334,0.0230911161538567,-0.000117491668371212,"Davion Davis","MIN","WR",2019
"1194","00-0034363",1454,-0.00129806842263909,0.0235836430579644,-0.000118006220239917,"Deadrin Senat","ATL","DL",2019
"1195","00-0034540",1542,-0.00133050978672525,0.0214906643944641,-0.000120955435156841,"Tony Brown","GB","DB",2019
"1196","00-0034881",1692,-0.00133602656693405,0.0230595193223255,-0.000121456960630368,"James Crawford","MIA","LB",2019
"1197","00-0035293",1849,-0.00133790979065907,0.023194734670219,-0.000121628162787188,"Xavier Crawford","CHI","DB",2019
"1198","00-0029857",337,-0.00134797592586121,0.0241396378460177,-0.000122543265987383,"Ryan Griffin","TB","QB",2019
"1199","00-0035125",1759,-0.00135788704585997,0.0213893994499267,-0.000123444276896361,"Alec Ingold","OAK","RB",2019
"1200","00-0033125",1060,-0.00136729411654323,0.0222739989586534,-0.000124299465140294,"Joe Schobert","CLE","LB",2019
"1201","00-0034588",1554,-0.00137393297664982,0.0221479439907604,-0.000124902997877256,"Trent Harris","MIA","LB",2019
"1202","00-0033085",1040,-0.00138126112482729,0.0242161747393735,-0.000125569193166118,"Jerald Hawkins","TB","OL",2019
"1203","00-0034413",1495,-0.00140157157205953,0.0217091177305806,-0.000127415597459957,"Foye Oluokun","ATL","LB",2019
"1204","00-0031489",638,-0.00140245662173402,0.023235208909747,-0.000127496056521275,"Brett Jones","MIN","OL",2019
"1205","00-0033554",1174,-0.0014031304271115,0.0221885681900209,-0.000127557311555591,"Tedric Thompson","SEA","DB",2019
"1206","00-0033490",1144,-0.00140422116611794,0.0223049137126367,-0.000127656469647086,"Ben Braden","NYJ","OL",2019
"1207","00-0035358",1878,-0.00141940881680109,0.0221448092731613,-0.000129037165163735,"Chase McLaughlin","IND","K",2019
"1208","00-0032387",837,-0.00142151909749539,0.0210215408491547,-0.000129229008863217,"Jarran Reed","SEA","DL",2019
"1209","00-0035061",1747,-0.00143070880707149,0.0231450961972663,-0.000130064437006499,"Alex Bars","CHI","OL",2019
"1210","00-0032156",781,-0.00144971999538697,0.0229024463287184,-0.000131792726853361,"Trevor Siemian","NYJ","QB",2019
"1211","00-0031348",597,-0.00145524546141554,0.0209100073081333,-0.000132295041946868,"Anthony Hitchens","KC","LB",2019
"1212","00-0034202",1383,-0.00146429679332021,0.0222782371518278,-0.000133117890301837,"Kaare Vedvik","CIN","K",2019
"1213","00-0027114",96,-0.00146688093826525,0.0226513695488681,-0.000133352812569568,"Thomas Morstead","NO","P",2019
"1214","00-0033604",1201,-0.0014705522648536,0.0227665733756968,-0.000133686569532145,"Krishawn Hogan","NO","WR",2019
"1215","00-0034415",1497,-0.00148070603995113,0.0221260622972647,-0.000134609639995558,"Jack Cichy","TB","LB",2019
"1216","00-0035527",1919,-0.00148304481823326,0.0220284178805663,-0.000134822256203024,"Andy Isabella","ARI","WR",2019
"1217","00-0028845",223,-0.00148410255328193,0.023061914645283,-0.000134918413934721,"Josh Harris","ATL","LS",2019
"1218","00-0032398",846,-0.00149458085707833,0.0215939566553602,-0.000135870987007121,"Chris Moore","BAL","WR",2019
"1219","00-0030549",449,-0.00150324314429006,0.0226554621663386,-0.000136658467662733,"Tyler Eifert","CIN","TE",2019
"1220","00-0033053",1024,-0.00152968626256198,0.023803600551808,-0.000139062387505634,"Sean Davis","PIT","DB",2019
"1221","00-0034088",1347,-0.00153162017514175,0.0228703080948585,-0.000139238197740159,"Robert Jackson","CLE","DB",2019
"1222","00-0033543",1166,-0.00154501260884617,0.0225856602814458,-0.000140455691713288,"Sidney Jones","PHI","DB",2019
"1223","00-0032265",819,-0.00156270891077676,0.0219325801191874,-0.000142064446434251,"Mario Edwards","NO","DL",2019
"1224","00-0034173",1375,-0.00159371408654948,0.0230336725054973,-0.000144883098777225,"Eddy Pineiro","CHI","K",2019
"1225","00-0034084",1346,-0.00160169498601414,0.0231885911779399,-0.000145608635092194,"Mike Badgley","LAC","K",2019
"1226","00-0032671",918,-0.00161359818335173,0.0222594994928889,-0.000146690743941066,"Morgan Fox","LA","DL",2019
"1227","00-0033915",1298,-0.00163783384720697,0.0230747127317162,-0.000148893986109724,"Tim Williams","GB","LB",2019
"1228","00-0034744",1601,-0.00163902970914016,0.0213548017622059,-0.000149002700830924,"Duke Dawson","DEN","DB",2019
"1229","00-0034668",1576,-0.00164030595605549,0.0229129568163734,-0.000149118723277772,"Aaron Stinnie","TB","OL",2019
"1230","00-0031128",532,-0.00164885616474471,0.0241262614430427,-0.000149896014976792,"Ryan Groy","LAC","OL",2019
"1231","00-0029690",321,-0.00165168646675093,0.0222332608028801,-0.000150153315159176,"Trumaine Johnson","NYJ","DB",2019
"1232","00-0033344",1106,-0.0016535360404273,0.0226342653066996,-0.000150321458220664,"Hardy Nickerson","CIN","LB",2019
"1233","00-0031395",620,-0.00166408105151717,0.0240231807110565,-0.00015128009559247,"Garrett Gilbert","CLE","QB",2019
"1234","00-0034812",1654,-0.00168217082160504,0.0221763488211822,-0.000152924620145913,"Travin Howard","LA","LB",2019
"1235","00-0034710",1591,-0.00168456032011302,0.0232387078332342,-0.000153141847283002,"Darvin Kidsy","WAS","WR",2019
"1236","00-0034345",1436,-0.00168702723001906,0.0219049505052584,-0.000153366111819914,"Frank Ragnow","DET","OL",2019
"1237","00-0034374",1464,-0.00169811988159878,0.0211968001187291,-0.000154374534690799,"Jordan Whitehead","TB","DB",2019
"1238","00-0033447",1134,-0.00170287065229437,0.0229357682745612,-0.000154806422935852,"Ahmad Thomas","ATL","LB",2019
"1239","00-0035688",2009,-0.00171156941089401,0.0227109407151888,-0.000155597219172183,"Trey Pipkins","LAC","OL",2019
"1240","00-0030741",478,-0.00171406901657278,0.0223137271228676,-0.000155824456052071,"Roosevelt Nix","PIT","RB",2019
"1241","00-0033791",1240,-0.00171888295019807,0.0227589668570494,-0.000156262086381643,"Brandon Wilson","CIN","DB",2019
"1242","00-0035693",2012,-0.00173047541310304,0.0236252246349736,-0.000157315946645731,"Johnathan Abram","OAK","DB",2019
"1243","00-0032813",965,-0.00173286900041885,0.0222862235193886,-0.000157533545492623,"Elijhaa Penny","NYG","RB",2019
"1244","00-0034261",1395,-0.00173961645853174,0.0220622240889107,-0.000158146950775612,"Austin Corbett","LA","OL",2019
"1245","00-0022161",8,-0.00174733021667144,0.0211228740017578,-0.000158848201515586,"Terrell Suggs","KC","LB",2019
"1246","00-0033164",1068,-0.00175207170116759,0.022024388393523,-0.00015927924556069,"Troymaine Pope","LAC","RB",2019
"1247","00-0034831",1665,-0.00175275942588206,0.0220424901882448,-0.000159341765989279,"Rasheem Green","SEA","DL",2019
"1248","00-0031502",641,-0.00177314975586217,0.0228566729983577,-0.000161195432351107,"Jordan Berry","PIT","P",2019
"1249","00-0034496",1530,-0.00180026398246637,0.0222114212498046,-0.000163660362042397,"Sean Chandler","NYG","DB",2019
"1250","00-0033945",1318,-0.00180946238174438,0.0218855523122388,-0.00016449658015858,"Samson Ebukam","LA","LB",2019
"1251","00-0033598",1200,-0.0018184088019388,0.022069565952672,-0.000165309891085345,"Eli Ankou","CLE","DL",2019
"1252","00-0034391",1480,-0.00182327872928552,0.0209332363362374,-0.00016575261175323,"Siran Neal","BUF","DB",2019
"1253","00-0029629",302,-0.0018245473962038,0.0224673297392195,-0.000165867945109436,"Nate Stupar","NYG","LB",2019
"1254","00-0034917",1695,-0.00183616964841951,0.0227351162718532,-0.000166924513492683,"Cole Mazza","LAC","LS",2019
"1255","00-0033038",1015,-0.00183845299948557,0.0214578005196017,-0.000167132090862325,"Eric Murray","CLE","DB",2019
"1256","00-0031120",529,-0.00185554810361567,0.0222004136417356,-0.000168686191237788,"Adarius Taylor","CLE","LB",2019
"1257","00-0030441",417,-0.00185579263174595,0.022005217010337,-0.000168708421067814,"Kyle Long","CHI","OL",2019
"1258","00-0034824",1659,-0.0018674009104602,0.0216558787651395,-0.000169763719132745,"Martinas Rankin","KC","OL",2019
"1259","00-0032968",1000,-0.00187740643167882,0.0216276907388921,-0.000170673311970802,"Myles Jack","JAX","LB",2019
"1260","00-0034765",1617,-0.00188001001825591,0.0222897401682662,-0.000170910001659628,"Tre'Quan Smith","NO","WR",2019
"1261","00-0033215",1071,-0.00188029017769658,0.0224759281239321,-0.000170935470699689,"Cyril Grayson","TB","WR",2019
"1262","00-0032455",879,-0.00188533068092735,0.0218390827644702,-0.000171393698266123,"Austin Blythe","LA","OL",2019
"1263","00-0035633",1965,-0.00188673299049869,0.0221456267111915,-0.000171521180954427,"Corey Ballentine","NYG","DB",2019
"1264","00-0034387",1476,-0.0018901666066799,0.0215521802704864,-0.000171833327879991,"Bilal Nichols","CHI","DL",2019
"1265","00-0031590",679,-0.00189299919444874,0.0228462061751747,-0.000172090835858976,"Jay Ajayi","PHI","RB",2019
"1266","00-0034336",1430,-0.0018986046846082,0.0209330241263736,-0.000172600425873473,"Shaun Dion Hamilton","WAS","LB",2019
"1267","00-0033789",1238,-0.00190153102241966,0.0226026281818568,-0.000172866456583605,"T.J. Logan","TB","RB",2019
"1268","00-0033010",1011,-0.00190246903904097,0.0218353804699442,-0.000172951730821907,"Sheldon Day","SF","DL",2019
"1269","00-0032042",740,-0.00190615322499653,0.0219983984667518,-0.000173286656817866,"Curtis Riley","OAK","DB",2019
"1270","00-0035275",1834,-0.00191344406316065,0.0228786480770156,-0.000173949460287332,"Jordan Scarlett","CAR","RB",2019
"1271","00-0035365",1880,-0.00191768922023911,0.0216238135723472,-0.000174335383658101,"Tae Hayes","MIA","DB",2019
"1272","00-0034830",1664,-0.00192847873671143,0.021133921283846,-0.000175316248791948,"Hayden Hurst","BAL","TE",2019
"1273","00-0028118",200,-0.00193145192302729,0.0226265741150793,-0.000175586538457027,"Tyrod Taylor","LAC","QB",2019
"1274","00-0034956",1705,-0.00193742433437362,0.0223490380296281,-0.000176129484943057,"Josh Watson","DEN","LB",2019
"1275","00-0035670",1995,-0.00194574416868312,0.0228919029427919,-0.000176885833516647,"Dakota Allen","JAX","LB",2019
"1276","00-0035247",1810,-0.00195008922356346,0.0228267332597204,-0.000177280838505769,"Trysten Hill","DAL","DL",2019
"1277","00-0034578",1551,-0.00195151366559972,0.0221921102668874,-0.000177410333236338,"Reggie Bonnafon","CAR","RB",2019
"1278","00-0030908",492,-0.00195526524315394,0.0221718331457642,-0.000177751385741267,"Kenny Ladler","WAS","DB",2019
"1279","00-0035339",1872,-0.00195571645793128,0.0227352124712878,-0.00017779240526648,"Montre Hartage","MIA","DB",2019
"1280","00-0029568",286,-0.00195920874621484,0.0224772071967422,-0.000178109886019531,"Malik Jackson","PHI","DL",2019
"1281","00-0033430",1128,-0.00197033432092628,0.0218709662787336,-0.00017912130190239,"Greg Mabin","CIN","DB",2019
"1282","00-0029239",249,-0.00197414043706634,0.0214899415179136,-0.000179467312460576,"Brandon Bolden","NE","RB",2019
"1283","00-0032063",750,-0.00198296071603065,0.0222520802672072,-0.000180269156002786,"Mike Davis","CAR","RB",2019
"1284","00-0034867",1688,-0.00200253301079728,0.0224320277391203,-0.000182048455527025,"Malik Turner","SEA","WR",2019
"1285","00-0034372",1462,-0.0020130750174667,0.0224871662508075,-0.0001830068197697,"Joel Iyiegbuniwe","CHI","LB",2019
"1286","00-0027778",129,-0.00201585351987457,0.0242829098734576,-0.000183259410897688,"Sam Young","SF","OL",2019
"1287","00-0026190",70,-0.00201634705992785,0.0221359266993253,-0.000183304278175259,"Calais Campbell","JAX","DL",2019
"1288","00-0032830",966,-0.00203199268364615,0.0220365196401868,-0.000184726607604196,"Rolan Milligan","IND","DB",2019
"1289","00-0034215",1388,-0.00203451609487341,0.0229932045184781,-0.000184956008624856,"Hercules Mata'afa","MIN","DL",2019
"1290","00-0034777",1626,-0.00203565872576919,0.0224696217907603,-0.000185059884160836,"D.J. Chark","JAX","WR",2019
"1291","00-0034836",1670,-0.00204905758354989,0.0218413255381561,-0.000186277962140899,"Braden Smith","IND","OL",2019
"1292","00-0029530",278,-0.0020502284515415,0.0211964028224749,-0.000186384404685591,"Justin Bethel","NE","DB",2019
"1293","00-0033526",1152,-0.00206166496618313,0.0225708049006175,-0.00018742408783483,"Samaje Perine","MIA","RB",2019
"1294","00-0026516",75,-0.00206545914048829,0.0226147029742248,-0.000187769012771662,"Britton Colquitt","MIN","P",2019
"1295","00-0035367",1881,-0.0020749417583381,0.0231497636669201,-0.000188631068939827,"Carson Meier","ATL","TE",2019
"1296","00-0032408",853,-0.00208829334827796,0.0223378363566258,-0.000189844849843451,"Blake Martinez","GB","LB",2019
"1297","00-0034680",1584,-0.0020941077349443,0.0215582986789523,-0.000190373430449482,"Armani Watts","KC","DB",2019
"1298","00-0034081",1345,-0.00209589787580389,0.0228366260655973,-0.000190536170527626,"Steven Mitchell","HOU","WR",2019
"1299","00-0034278",1409,-0.00210465755587979,0.0227977968627959,-0.000191332505079981,"Tremon Smith","PHI","WR",2019
"1300","00-0029889",339,-0.00211138542400607,0.0227007059362964,-0.000191944129455097,"Patrick Omameh","NO","OL",2019
"1301","00-0033066",1031,-0.00211736552042603,0.0209823674003123,-0.000192487774584184,"Andrew Billings","CIN","DL",2019
"1302","00-0034104",1352,-0.00211876008171389,0.0234245749026775,-0.000192614552883081,"Cam Sims","WAS","WR",2019
"1303","00-0033531",1157,-0.00212067162636712,0.0238550140240557,-0.000192788329669738,"Colin Holba","NYG","LS",2019
"1304","00-0035592",1947,-0.00212642793557417,0.0227146945417078,-0.000193311630506742,"Travis Fulgham","DET","WR",2019
"1305","00-0033903",1286,-0.0021349029853373,0.0232051205136607,-0.000194082089576119,"Josh Jones","DAL","DB",2019
"1306","00-0035262",1822,-0.00213518137982012,0.0219969562369187,-0.000194107398165466,"Drue Tranquill","LAC","LB",2019
"1307","00-0035104",1753,-0.00215463136886321,0.0224244233716859,-0.000195875578987565,"Alexander Hollins","MIN","WR",2019
"1308","00-0034465",1522,-0.00215595103161395,0.0226985254855964,-0.000195995548328541,"Jeremy Reaves","WAS","DB",2019
"1309","00-0033382",1115,-0.00215930019395046,0.0225481921876087,-0.00019630001763186,"Austin Carr","NO","WR",2019
"1310","00-0032139",771,-0.00216155282336883,0.0226585593870641,-0.000196504802124439,"Ben Koyack","JAX","TE",2019
"1311","00-0031779",701,-0.00216771797627516,0.0212850221895862,-0.000197065270570469,"B.J. Finney","PIT","OL",2019
"1312","00-0023564",30,-0.00216942040198998,0.0222972590224881,-0.000197220036544544,"Darren Sproles","PHI","RB",2019
"1313","00-0027539",104,-0.00218197454265358,0.0219765079162145,-0.000198361322059417,"Anthony Levine","BAL","DB",2019
"1314","00-0032875",972,-0.00219812861828491,0.0232072508622085,-0.000199829874389537,"Ken Crawley","MIA","DB",2019
"1315","00-0033080",1036,-0.00220242752518731,0.0220026001234135,-0.000200220684107937,"Seth DeValve","JAX","TE",2019
"1316","00-0031893",713,-0.00220769079558619,0.0213019247382973,-0.000200699163235108,"Jesse Davis","MIA","OL",2019
"1317","00-0035419",1899,-0.00220965139188548,0.0218999723889716,-0.000200877399262317,"Justin Phillips","OAK","LB",2019
"1318","00-0033659",1208,-0.00222613495113864,0.0218480670316877,-0.000202375904648967,"Joe Jones","DEN","LB",2019
"1319","00-0031557",658,-0.00223057566064129,0.021477581495923,-0.000202779605512845,"Jordan Phillips","BUF","DL",2019
"1320","00-0031079",523,-0.00223314918116506,0.0224722635762419,-0.000203013561924097,"Pat O'Donnell","CHI","P",2019
"1321","00-0030615",464,-0.00223363751926839,0.0218999043661761,-0.000203057956297127,"James Winchester","KC","LS",2019
"1322","00-0031407",623,-0.00224263967431478,0.0219337592583324,-0.000203876334028616,"Blake Bortles","LA","QB",2019
"1323","00-0031319",586,-0.00224699384825263,0.0215625583327516,-0.000204272168022966,"Diontae Spencer","DEN","WR",2019
"1324","00-0029261",255,-0.00226053918591538,0.0214120848363435,-0.000205503562355944,"Casey Hayward","LAC","DB",2019
"1325","00-0031578",670,-0.002265807804778,0.0224746923191037,-0.000205982527707091,"Jake Ryan","JAX","LB",2019
"1326","00-0033196",1069,-0.00226769357035603,0.0238261719086684,-0.000206153960941457,"Zach Triner","TB","LS",2019
"1327","00-0034834",1668,-0.00227010926611145,0.0210140865581923,-0.000206373569646496,"Sam Hubbard","CIN","DL",2019
"1328","00-0035315",1863,-0.0022736177149159,0.0227812329335006,-0.000206692519537809,"Cortez Broughton","LAC","DL",2019
"1329","00-0032144",774,-0.00227516970614254,0.0216996869197515,-0.000206833609649322,"Melvin Gordon","LAC","RB",2019
"1330","00-0031052",514,-0.00227638805454782,0.021970239151692,-0.000206944368595256,"Bashaud Breeland","KC","DB",2019
"1331","00-0033542",1165,-0.00230629745437428,0.0222358297682223,-0.000209663404943117,"Forrest Lamp","LAC","OL",2019
"1332","00-0034874",1690,-0.0023179924807933,0.0219999698714904,-0.000210726589163027,"Roquan Smith","CHI","LB",2019
"1333","00-0035683",2004,-0.00232206808013161,0.0204129402007937,-0.000211097098193782,"Dexter Lawrence","NYG","DL",2019
"1334","00-0033955",1326,-0.00232540734999343,0.0234672281635728,-0.000211400668181221,"Jeremy McNichols","JAX","RB",2019
"1335","00-0033307",1099,-0.00234667247088109,0.0218161363672735,-0.00021333386098919,"Kendrick Bourne","SF","WR",2019
"1336","00-0029854",336,-0.00234833836424845,0.0223775194666129,-0.000213485305840769,"C.J. Anderson","DET","RB",2019
"1337","00-0034317",1421,-0.00234992744449825,0.0225102092357052,-0.000213629767681659,"Keith Kirkwood","NO","WR",2019
"1338","00-0034559",1546,-0.00235431845524276,0.0237489562820436,-0.000214028950476615,"Austin Larkin","ATL","DL",2019
"1339","00-0034928",1697,-0.00235885994017702,0.0220595262813072,-0.000214441812743365,"Steven Sims","WAS","WR",2019
"1340","00-0024061",34,-0.00235889763711805,0.0220620597114429,-0.000214445239738005,"Tramon Williams","GB","DB",2019
"1341","00-0034253",1393,-0.00236840989657184,0.0217321471413021,-0.00021530999059744,"Dontrell Hilliard","CLE","RB",2019
"1342","00-0034825",1660,-0.00237174616976683,0.0231085722218264,-0.000215613288160621,"Arden Key","OAK","DL",2019
"1343","00-0031357",601,-0.00237724136900987,0.0227194685778254,-0.00021611285172817,"C.J. Goodwin","DAL","DB",2019
"1344","00-0034941",1701,-0.00237776558271753,0.0232902430014955,-0.000216160507519776,"Mitch Wishnowsky","SF","P",2019
"1345","00-0034356",1447,-0.00238465238352629,0.0221391778902581,-0.000216786580320572,"Donte Jackson","CAR","DB",2019
"1346","00-0035278",1837,-0.0023861644396577,0.0232840456046478,-0.000216924039968881,"Byron Cowart","NE","DL",2019
"1347","00-0035589",1944,-0.00239699492282517,0.0231945010714618,-0.000217908629347743,"Gary Jennings","MIA","WR",2019
"1348","00-0032751",929,-0.00240742165434946,0.0226603035846164,-0.000218856514031769,"Cassanova McKinzy","WAS","LB",2019
"1349","00-0034431",1508,-0.00241125657470566,0.0227587143314211,-0.00021920514315506,"Zaire Franklin","IND","LB",2019
"1350","00-0034801",1647,-0.00241176424133422,0.0231487597853223,-0.000219251294666748,"Josh Woods","CHI","LB",2019
"1351","00-0035521",1916,-0.00241520354088849,0.0225854522279905,-0.00021956395826259,"Derick Roberson","TEN","LB",2019
"1352","00-0030470",428,-0.0024186998835188,0.0222938793044583,-0.000219881807592619,"Vance McDonald","PIT","TE",2019
"1353","00-0033763",1228,-0.00241976565693575,0.0224960494270915,-0.000219978696085068,"Evan Baylis","GB","TE",2019
"1354","00-0033930",1308,-0.00241980962292072,0.021909521030576,-0.000219982692992792,"Cameron Sutton","PIT","DB",2019
"1355","00-0035172",1777,-0.0024286223718184,0.0226944522939532,-0.000220783851983491,"Shakial Taylor","DEN","DB",2019
"1356","00-0034285",1412,-0.0024290698868317,0.0226512572575752,-0.000220824535166519,"Zach Sieler","MIA","DL",2019
"1357","00-0033308",1100,-0.00243378078077567,0.0218619208784049,-0.000221252798252334,"Matt Breida","SF","RB",2019
"1358","00-0029278",260,-0.00243606177906688,0.0225416919867914,-0.000221460161733353,"Joe Looney","DAL","OL",2019
"1359","00-0033740",1224,-0.00245545140561768,0.0227943434934502,-0.000223222855056153,"Jordan Roos","SEA","OL",2019
"1360","00-0029992",350,-0.00246463359655025,0.0219586116754802,-0.000224057599686386,"Josh Kline","MIN","OL",2019
"1361","00-0030062",362,-0.00246640773718894,0.0211194432586109,-0.000224218885198995,"Darius Slay","DET","DB",2019
"1362","00-0031062",518,-0.00247081040357937,0.0211822214063398,-0.000224619127598124,"James White","NE","RB",2019
"1363","00-0030061",361,-0.002476588776373,0.0208315845101658,-0.000225144434215727,"Zach Ertz","PHI","TE",2019
"1364","00-0031039",507,-0.00248468329407222,0.0223465005744502,-0.000225880299461111,"James Ferentz","NE","OL",2019
"1365","00-0033894",1280,-0.00248933644776826,0.0221431285884504,-0.000226303313433478,"Marcus Williams","NO","DB",2019
"1366","00-0034495",1529,-0.002490167846004,0.0226753151862926,-0.000226378895091272,"Evan Brown","MIA","OL",2019
"1367","00-0035404",1893,-0.00249368882258813,0.0221130651067733,-0.000226698983871648,"Porter Gustin","CLE","DL",2019
"1368","00-0031559",660,-0.00250023540934518,0.0227479840323432,-0.000227294128122289,"Jordan Richards","BAL","DB",2019
"1369","00-0033973",1334,-0.00250802086314531,0.0215596948702123,-0.000228001896649574,"Elijah Lee","SF","LB",2019
"1370","00-0032660",915,-0.00250905858872852,0.0229229397013019,-0.000228096235338957,"Brandin Bryant","CLE","DL",2019
"1371","00-0033156",1067,-0.00251333575484856,0.0219844707719319,-0.000228485068622596,"Joey Bosa","LAC","DL",2019
"1372","00-0031428",632,-0.00251354181885604,0.022725235096079,-0.000228503801714185,"Allen Robinson","CHI","WR",2019
"1373","00-0033556",1176,-0.00251930523477988,0.0221820796218728,-0.000229027748616353,"Tarik Cohen","CHI","RB",2019
"1374","00-0029524",275,-0.00252300987467072,0.0225051400827999,-0.000229364534060974,"Jeff Allen","KC","OL",2019
"1375","00-0030404",410,-0.00252837416114724,0.0216701038146502,-0.000229852196467931,"Chris Thompson","WAS","RB",2019
"1376","00-0031991",736,-0.00254169967106307,0.0216297540429972,-0.000231063606460279,"DeVante Bausby","DEN","DB",2019
"1377","00-0033962",1329,-0.00254321816067674,0.0228073193590543,-0.000231201650970613,"Caleb Brantley","WAS","DL",2019
"1378","00-0023534",29,-0.00254533458664672,0.0225611002134354,-0.00023139405333152,"Dustin Colquitt","KC","P",2019
"1379","00-0032454",878,-0.00255313792833679,0.0215584012150116,-0.000232103448030617,"Jayron Kearse","MIN","DB",2019
"1380","00-0034989",1729,-0.00255502019388458,0.0227860088931373,-0.000232274563080417,"Justin Skule","SF","OL",2019
"1381","00-0028130",203,-0.00255743202917647,0.0222773631033747,-0.000232493820834225,"Matt Bosher","ATL","P",2019
"1382","00-0031269",571,-0.00256029475027021,0.021120658562718,-0.000232754068206383,"T.J. Carrie","CLE","DB",2019
"1383","00-0033757",1226,-0.0025755768992953,0.0216351968117078,-0.000234143354481391,"Robert Tonyan","GB","TE",2019
"1384","00-0035624",1959,-0.00257602773105764,0.0223203433086337,-0.000234184339187059,"N'Keal Harry","NE","WR",2019
"1385","00-0035697",2016,-0.00259394968727426,0.0223533601675086,-0.000235813607934024,"Germaine Pratt","CIN","LB",2019
"1386","00-0032581",904,-0.00260415886525315,0.0232714332697798,-0.000236741715023014,"Cre'von LeBlanc","PHI","DB",2019
"1387","00-0034787",1633,-0.00260615611425391,0.0222253915561944,-0.000236923283113992,"Chris Board","BAL","LB",2019
"1388","00-0031334",591,-0.00260785332069399,0.0233214074959314,-0.000237077574608544,"Jason Verrett","SF","DB",2019
"1389","00-0033300",1096,-0.00260823762882907,0.0225109979805117,-0.000237112511711733,"Conor McDermott","NYJ","OL",2019
"1390","00-0034721",1593,-0.00261853341822153,0.0237504200885427,-0.000238048492565594,"Corey Bojorquez","BUF","P",2019
"1391","00-0031254",562,-0.00262323340241254,0.0215220643880763,-0.000238475763855685,"Denico Autry","IND","DL",2019
"1392","00-0033876",1263,-0.00262602702063241,0.0223628924959349,-0.000238729729148401,"Derek Barnett","PHI","DL",2019
"1393","00-0031947",727,-0.00263065008403311,0.0217280901385068,-0.000239150007639373,"Tyeler Davison","ATL","DL",2019
"1394","00-0026158",66,-0.00263712421618283,0.0217187852334712,-0.00023973856510753,"Joe Flacco","DEN","QB",2019
"1395","00-0032388",838,-0.00264676528852374,0.0223435451917144,-0.000240615026229431,"Deion Jones","ATL","LB",2019
"1396","00-0032239",803,-0.00265117533845702,0.0219019375636579,-0.000241015939859729,"Byron Jones","DAL","DB",2019
"1397","00-0023482",26,-0.00265202948460081,0.0236295805073495,-0.000241093589509165,"Mike Nugent","NE","K",2019
"1398","00-0033048",1020,-0.00266495971161327,0.0219154750868578,-0.000242269064692116,"Kavon Frazier","DAL","DB",2019
"1399","00-0035664",1989,-0.00266497545748256,0.0217857268737224,-0.000242270496134778,"Darrell Henderson","LA","RB",2019
"1400","00-0031152",536,-0.0026793350342154,0.0223217896052645,-0.0002435759122014,"Bryan Witzmann","CAR","OL",2019
"1401","00-0035300",1854,-0.00268566153432555,0.0220477522781204,-0.00024415104857505,"Dennis Daley","CAR","OL",2019
"1402","00-0032403",850,-0.00268928264282267,0.0214750773825991,-0.000244480240256606,"Juston Burris","CLE","DB",2019
"1403","00-0025503",53,-0.00270108282371956,0.0222760650415255,-0.000245552983974505,"Zak DeOssie","NYG","LS",2019
"1404","00-0027940",153,-0.00270519380764117,0.0216610158416663,-0.000245926709785561,"Von Miller","DEN","LB",2019
"1405","00-0033523",1149,-0.00271397586418428,0.0213156067776187,-0.000246725078562207,"Jonathan Allen","WAS","DL",2019
"1406","00-0034487",1526,-0.00272227681790305,0.0218129029452837,-0.000247479710718459,"Trent Sherfield","ARI","WR",2019
"1407","00-0032135",770,-0.00272514768176231,0.0211077606941864,-0.000247740698342028,"Jesse James","DET","TE",2019
"1408","00-0035709",2026,-0.00273187980784963,0.0230224583792189,-0.000248352709804512,"Austin Cutting","MIN","LS",2019
"1409","00-0031015",498,-0.00273312239539876,0.0234853816955095,-0.000248465672308978,"Phillip Gaines","HOU","DB",2019
"1410","00-0035590",1945,-0.0027499173005159,0.0221697087731462,-0.000249992481865082,"Riley Ridley","CHI","WR",2019
"1411","00-0030251",394,-0.00275617949005434,0.022994115055103,-0.000250561771823121,"Wes Horton","CAR","DL",2019
"1412","00-0029627",301,-0.00276481346938718,0.021625072704441,-0.000251346679035199,"Jack Crawford","ATL","DL",2019
"1413","00-0031500",640,-0.00276676393373085,0.0221596700401179,-0.000251523993975532,"Efe Obada","CAR","DL",2019
"1414","00-0033947",1320,-0.00276734830042241,0.0211872214795836,-0.000251577118220219,"Deatrich Wise","NE","DL",2019
"1415","00-0031581",672,-0.0027892055937086,0.0219639613796847,-0.0002535641448826,"Mark Glowinski","IND","OL",2019
"1416","00-0023252",20,-0.00280129003508202,0.0221681758957463,-0.000254662730462002,"Robbie Gould","SF","K",2019
"1417","00-0035401",1891,-0.00280144147959664,0.0227816084654544,-0.000254676498145149,"Damion Willis","CIN","WR",2019
"1418","00-0032102",757,-0.00280965407992693,0.0216614093782519,-0.000255423098175176,"Stephone Anthony","NO","LB",2019
"1419","00-0026156",65,-0.00282675170218071,0.0225630330630086,-0.000256977427470974,"Dominique Rodgers-Cromartie","WAS","DB",2019
"1420","00-0032390",840,-0.00283580874257054,0.0221858068132549,-0.00025780079477914,"Cyrus Jones","DEN","DB",2019
"1421","00-0030562",453,-0.00283749324435333,0.0214979674210209,-0.000257953931304848,"Desmond Trufant","ATL","DB",2019
"1422","00-0035246",1809,-0.00283851417831236,0.0225382388887447,-0.000258046743482942,"J.J. Arcega-Whiteside","PHI","WR",2019
"1423","00-0031031",505,-0.00284972717138798,0.0232021474264929,-0.000259066106489817,"Brent Qvale","NYJ","OL",2019
"1424","00-0025708",57,-0.0028514276788045,0.0224235581797464,-0.000259220698073136,"Matt Moore","KC","QB",2019
"1425","00-0027691",121,-0.00285301350160634,0.0220964613238663,-0.000259364863782395,"Andre Roberts","BUF","WR",2019
"1426","00-0034795",1641,-0.00285515819900609,0.0234539582330665,-0.000259559836273281,"Garrett Dickerson","NYG","TE",2019
"1427","00-0030443",419,-0.0028643060904029,0.0223673585333734,-0.0002603914627639,"Levine Toilolo","SF","TE",2019
"1428","00-0026160",67,-0.00288305845799097,0.0228396378870249,-0.000262096223453725,"Aqib Talib","MIA","DB",2019
"1429","00-0035702",2020,-0.00289148987044156,0.0215112106247796,-0.000262862715494687,"Dalton Risner","DEN","OL",2019
"1430","00-0034791",1637,-0.00289890878067969,0.0210994667291658,-0.000263537161879972,"Nick Chubb","CLE","RB",2019
"1431","00-0031122",530,-0.00290532426893699,0.0215892714746509,-0.000264120388085181,"Andrew Norwell","JAX","OL",2019
"1432","00-0034781",1630,-0.00290722250630192,0.0229863446495116,-0.000264292955118356,"Dorian O'Daniel","KC","LB",2019
"1433","00-0034267",1401,-0.00290982109600744,0.0223234134428319,-0.000264529190546131,"Jaleel Scott","BAL","WR",2019
"1434","00-0029693",324,-0.00291560002112141,0.021286104704346,-0.000265054547374674,"Olivier Vernon","CLE","DL",2019
"1435","00-0034296",1415,-0.00291864208563106,0.0214333903895571,-0.000265331098693733,"Ben Niemann","KC","LB",2019
"1436","00-0034807",1650,-0.0029226660216802,0.0224457023337387,-0.000265696911061836,"Obo Okoronkwo","LA","LB",2019
"1437","00-0033434",1129,-0.00293172584922097,0.0226760029494658,-0.000266520531747361,"Bobo Wilson","CAR","WR",2019
"1438","00-0034756",1611,-0.00294421654514088,0.0211833669538896,-0.000267656049558262,"Tre Flowers","SEA","DB",2019
"1439","00-0035628",1961,-0.00295224214081863,0.022166439777329,-0.00026838564916533,"D'Ernest Johnson","CLE","RB",2019
"1440","00-0033929",1307,-0.00296178767712976,0.0228269059522416,-0.000269253425193615,"Montravius Adams","GB","DL",2019
"1441","00-0033952",1324,-0.00297617266839077,0.0218224097736088,-0.000270561151671888,"Grover Stewart","IND","DL",2019
"1442","00-0029665",311,-0.00297677004535432,0.0229820965975157,-0.000270615458668574,"Robert Griffin III","BAL","QB",2019
"1443","00-0031344",594,-0.0029864058954086,0.0215720692872257,-0.000271491445037146,"Cody Latimer","NYG","WR",2019
"1444","00-0034203",1384,-0.00299650345458439,0.0211202956682182,-0.000272409404962218,"Darious Williams","LA","DB",2019
"1445","00-0035285",1841,-0.00300065355436171,0.0230225895504785,-0.000272786686760156,"Jordan Miller","ATL","DB",2019
"1446","00-0031577",669,-0.0030010233612439,0.0229321828165609,-0.000272820305567627,"Javorius Allen","NYG","RB",2019
"1447","00-0031734",696,-0.00300784024049287,0.022664952287823,-0.000273440021862988,"Chris Reed","CAR","OL",2019
"1448","00-0028946",231,-0.00301206555292721,0.0229978755204771,-0.000273824141175201,"Aaron Brewer","ARI","LS",2019
"1449","00-0030060",360,-0.00304191210650976,0.0211164653907809,-0.00027653746422816,"Kenny Vaccaro","TEN","DB",2019
"1450","00-0035530",1920,-0.00304520858713707,0.0220045049123442,-0.000276837144285188,"Khari Willis","IND","DB",2019
"1451","00-0032497",886,-0.0030469581424244,0.0224900568345718,-0.000276996194765855,"Reid Ferguson","BUF","LS",2019
"1452","00-0034410",1492,-0.00304911268907724,0.0232598494402195,-0.000277192062643385,"Chris Covington","DAL","LB",2019
"1453","00-0035646",1976,-0.00305008077422096,0.0222924750324006,-0.000277280070383723,"Sione Takitaki","CLE","LB",2019
"1454","00-0035150",1774,-0.0030502446161116,0.022204715350154,-0.000277294965101054,"Kris Boyd","MIN","DB",2019
"1455","00-0035544",1930,-0.00305147210559347,0.0223992103084,-0.000277406555053952,"Tom Kennedy","DET","WR",2019
"1456","00-0027960",166,-0.00305697831485351,0.0222594650161584,-0.000277907119532138,"Anthony Castonzo","IND","OL",2019
"1457","00-0032445",874,-0.00306487078900714,0.0215795006128046,-0.000278624617182468,"Ted Karras","NE","OL",2019
"1458","00-0033501",1145,-0.00309120743503687,0.0224860309795644,-0.000281018857730625,"Devaroe Lawrence","KC","DL",2019
"1459","00-0033302",1097,-0.00309240528668222,0.0215953878367959,-0.000281127753334747,"Adrian Colbert","MIA","DB",2019
"1460","00-0034276",1407,-0.00309486105358628,0.0217639242660044,-0.00028135100487148,"Simeon Thomas","WAS","DB",2019
"1461","00-0035549",1932,-0.00310100275021105,0.022815029107663,-0.000281909340928277,"Noah Dawkins","TB","LB",2019
"1462","00-0025900",60,-0.00312256135346973,0.021766404413653,-0.000283869213951793,"Chris Clark","HOU","OL",2019
"1463","00-0032432",866,-0.00313692135772962,0.0212055279039388,-0.000285174668884511,"Wes Schweitzer","ATL","OL",2019
"1464","00-0034201",1382,-0.00317482408690867,0.0228687012268677,-0.000288620371537152,"De'Lance Turner","MIA","RB",2019
"1465","00-0034828",1662,-0.00318389026149546,0.0212580586899572,-0.00028944456922686,"Harold Landry","TEN","LB",2019
"1466","00-0026844",83,-0.00319186588794238,0.022731565107101,-0.00029016962617658,"Garrison Sanborn","SF","LS",2019
"1467","00-0033881",1268,-0.00319407479650025,0.0213786598198656,-0.000290370436045477,"Evan Engram","NYG","TE",2019
"1468","00-0030161",387,-0.00319987764492616,0.022137342656125,-0.00029089796772056,"Bradley McDougald","SEA","DB",2019
"1469","00-0032217",797,-0.0032046179179788,0.0218123591862009,-0.000291328901634436,"Donovan Smith","TB","OL",2019
"1470","00-0034835",1669,-0.00320791270733658,0.0217319753288365,-0.000291628427939689,"Malik Jefferson","LAC","LB",2019
"1471","00-0029248",250,-0.00320959375067485,0.0219848176023459,-0.00029178125006135,"Luke Kuechly","CAR","LB",2019
"1472","00-0033303",1098,-0.00321432610846328,0.0232506085158084,-0.000292211464405753,"Harrison Butker","KC","K",2019
"1473","00-0026964",85,-0.00322418595110025,0.0230252466232412,-0.000293107813736386,"Clinton McDonald","ARI","DL",2019
"1474","00-0034325",1424,-0.00322846766977079,0.0228273127007659,-0.000293497060888254,"Taylor Stallworth","NO","DL",2019
"1475","00-0035289",1845,-0.00323430754754561,0.0211914700029282,-0.000294027958867783,"Gardner Minshew","JAX","QB",2019
"1476","00-0028171",205,-0.00323799560684757,0.0215535164744826,-0.000294363236986143,"Lawrence Guy","NE","DL",2019
"1477","00-0032104",759,-0.00324135178667598,0.0229939969705899,-0.000294668344243271,"Ameer Abdullah","MIN","RB",2019
"1478","00-0033138",1065,-0.00324144554817157,0.0238928115892563,-0.000294676868015598,"Sam Ficken","NYJ","K",2019
"1479","00-0035650",1979,-0.00324484993304048,0.0221832955511837,-0.000294986357549135,"Justin Layne","PIT","DB",2019
"1480","00-0035541",1929,-0.00324767217594063,0.0225976012293096,-0.000295242925085512,"Michael Dogbe","ARI","DL",2019
"1481","00-0034982",1722,-0.00326282417111882,0.0221153378249812,-0.00029662037919262,"Dre Greenlaw","SF","LB",2019
"1482","00-0033463",1139,-0.00328702437720244,0.0222491341349993,-0.000298820397927495,"Carl Lawson","CIN","DL",2019
"1483","00-0030533",444,-0.00330010215930553,0.0229185463577805,-0.000300009287209594,"Matt Barkley","BUF","QB",2019
"1484","00-0031690",694,-0.00330399821225537,0.0229558685793437,-0.000300363473841397,"Eric Tomlinson","OAK","TE",2019
"1485","00-0029567",285,-0.00331739091298839,0.0229288832444384,-0.000301580992089854,"Nick Foles","JAX","QB",2019
"1486","00-0030869",489,-0.00331986055183123,0.0231754474113845,-0.00030180550471193,"Tyler Larsen","CAR","OL",2019
"1487","00-0034838",1672,-0.0033570640279938,0.0227104090249636,-0.000305187638908528,"Royce Freeman","DEN","RB",2019
"1488","00-0034990",1730,-0.00336093659881472,0.0225989582485877,-0.000305539690801339,"Ka'Dar Hollman","GB","DB",2019
"1489","00-0032195",787,-0.0033723580100546,0.0221965871864056,-0.000306578000914054,"Ronald Darby","PHI","DB",2019
"1490","00-0030515",439,-0.0033956460909995,0.0230097144845416,-0.000308695099181772,"Stacy McGee","CAR","DL",2019
"1491","00-0034411",1493,-0.00340472734043236,0.0214056994439387,-0.000309520667312033,"Russell Gage","ATL","WR",2019
"1492","00-0034972",1712,-0.00341694513983502,0.0227480950650834,-0.000310631376348638,"Alexander Mattison","MIN","RB",2019
"1493","00-0031101",527,-0.0034185098107057,0.0211947518247652,-0.000310773619155064,"Shaquil Barrett","TB","LB",2019
"1494","00-0027958",165,-0.00342353560251003,0.0221758540561307,-0.000311230509319093,"Adrian Clayborn","ATL","DL",2019
"1495","00-0032436",869,-0.00343510728116453,0.0222637356978093,-0.000312282480105866,"Jeff Driskel","DET","QB",2019
"1496","00-0033860",1252,-0.00348380089046137,0.0219822107959306,-0.000316709171860125,"Davon Godchaux","MIA","DL",2019
"1497","00-0030278",396,-0.00352021697726638,0.0227367811041828,-0.000320019725206034,"Manti Te'o","NO","LB",2019
"1498","00-0028912",228,-0.00352072635582287,0.0228806766507231,-0.000320066032347533,"Vontaze Burfict","OAK","LB",2019
"1499","00-0033536",1159,-0.00354362303603834,0.0221177669910024,-0.000322147548730758,"Mike Williams","LAC","WR",2019
"1500","00-0030829",487,-0.00354367583896666,0.0219152279860923,-0.000322152348996969,"Josh Wells","TB","OL",2019
"1501","00-0031387",616,-0.0035475070801478,0.0226553115279812,-0.0003225006436498,"Eric Ebron","IND","TE",2019
"1502","00-0033512",1148,-0.00356055999703678,0.0213869060563392,-0.000323687272457889,"Damontae Kazee","ATL","DB",2019
"1503","00-0028284",212,-0.00358092655333099,0.0229308770219485,-0.000325538777575544,"Patrick Scales","CHI","LS",2019
"1504","00-0032540",893,-0.00364194972235773,0.0225139950054656,-0.000331086338396157,"Tra Carson","DET","RB",2019
"1505","00-0034809",1652,-0.00365726866847449,0.0223424608954496,-0.000332478969861317,"Jamil Demby","LA","OL",2019
"1506","00-0035485",1908,-0.00365760105310667,0.0224913603269837,-0.000332509186646061,"Nate Brooks","MIA","DB",2019
"1507","00-0031339",593,-0.00367709642621485,0.022360182218635,-0.000334281493292259,"Donte Moncrief","CAR","WR",2019
"1508","00-0030725",477,-0.00368049361674559,0.0222038829246645,-0.000334590328795054,"Cornelius Lucas","CHI","OL",2019
"1509","00-0035273",1832,-0.00368264731935299,0.0225400750222738,-0.000334786119941181,"Qadree Ollison","ATL","RB",2019
"1510","00-0032464",881,-0.00368546219854469,0.0229304068994737,-0.000335042018049517,"Kalif Raymond","TEN","WR",2019
"1511","00-0034730",1597,-0.00368652655101542,0.0221698039425862,-0.000335138777365038,"Marcell Harris","SF","DB",2019
"1512","00-0035642",1972,-0.00368721838336827,0.0215322042801359,-0.000335201671215297,"Josh Allen","JAX","DL",2019
"1513","00-0035237",1800,-0.00369030220004372,0.0216490668714814,-0.000335482018185793,"Jawaan Taylor","JAX","OL",2019
"1514","00-0035272",1831,-0.00369753082111273,0.022579501136402,-0.000336139165555703,"Andrew Van Ginkel","MIA","LB",2019
"1515","00-0031267",570,-0.00369802332748388,0.0231781199121248,-0.000336183938862171,"Antone Exum","SF","DB",2019
"1516","00-0032214",795,-0.00371335214614966,0.0217074125550904,-0.000337577467831787,"Tyler Kroft","BUF","TE",2019
"1517","00-0025394",44,-0.00373143137391422,0.0232267696435467,-0.000339221033992202,"Adrian Peterson","WAS","RB",2019
"1518","00-0033539",1162,-0.00373966098232912,0.0213750444104809,-0.000339969180211739,"Jarrad Davis","DET","LB",2019
"1519","00-0031185",547,-0.00374735318921363,0.0216558931985911,-0.000340668471746694,"Jon Halapio","NYG","OL",2019
"1520","00-0033408",1122,-0.00375501983668083,0.0226419941379324,-0.000341365439698258,"Bryan Cox","CLE","DL",2019
"1521","00-0032871",971,-0.00376223997660226,0.0227479617280106,-0.000342021816054751,"Antwaun Woods","DAL","DL",2019
"1522","00-0028076",192,-0.00376662487279815,0.0217063193107924,-0.00034242044298165,"Marcus Cannon","NE","OL",2019
"1523","00-0035577",1940,-0.00378733618666167,0.0226538616765224,-0.000344303289696515,"Devlin Hodges","PIT","QB",2019
"1524","00-0034457",1520,-0.00378759450268012,0.0228017545891579,-0.00034432677297092,"Josh Adams","NYJ","RB",2019
"1525","00-0035631",1963,-0.00379554091431654,0.0222430834417054,-0.000345049174028776,"Drew Sample","CIN","TE",2019
"1526","00-0033905",1288,-0.00380405034750216,0.021988461923802,-0.000345822758863833,"Larry Ogunjobi","CLE","DL",2019
"1527","00-0034502",1532,-0.003807654966345,0.0213780144771303,-0.00034615045148591,"Grant Haley","NYG","DB",2019
"1528","00-0033869",1256,-0.00382623320976294,0.02203512500756,-0.000347839382705722,"Mitchell Trubisky","CHI","QB",2019
"1529","00-0033280",1083,-0.00384472638858354,0.0227971528084983,-0.000349520580780322,"Christian McCaffrey","CAR","RB",2019
"1530","00-0033595",1199,-0.00384709592230074,0.0229276427280357,-0.000349735992936431,"Pat O'Connor","TB","DL",2019
"1531","00-0027954",161,-0.00385965143315996,0.0216639126190905,-0.000350877403014542,"Ryan Kerrigan","WAS","LB",2019
"1532","00-0031367",608,-0.00386177826768571,0.0213132603405515,-0.000351070751607792,"Gabe Jackson","OAK","OL",2019
"1533","00-0035120",1758,-0.00386576726993894,0.0220550045780696,-0.000351433388176267,"Keelan Doss","OAK","WR",2019
"1534","00-0027985",176,-0.0038782393967688,0.0219481464805911,-0.000352567217888073,"Lance Kendricks","LAC","TE",2019
"1535","00-0033011",1012,-0.00388181229407503,0.0214587351258023,-0.000352892026734094,"Connor McGovern","DEN","OL",2019
"1536","00-0020578",5,-0.00389562920595173,0.0242337972830019,-0.000354148109631975,"Matt Bryant","ATL","K",2019
"1537","00-0032117",763,-0.00394473837565819,0.0214683087819223,-0.00035861257960529,"Nick O'Leary","JAX","TE",2019
"1538","00-0032200",789,-0.00396407860197958,0.0225727471724843,-0.000360370781998143,"Ty Montgomery","NYJ","RB",2019
"1539","00-0031630",690,-0.00396489046449956,0.0221216705816895,-0.000360444587681778,"Akeem King","SEA","DB",2019
"1540","00-0031431",633,-0.00396836065852988,0.0220724352420601,-0.000360760059866353,"Marqise Lee","JAX","WR",2019
"1541","00-0035261",1821,-0.00397028592806082,0.0224996186191069,-0.000360935084369165,"Tony Pollard","DAL","RB",2019
"1542","00-0034746",1603,-0.00398808080549031,0.0211684480823238,-0.00036255280049912,"Maurice Hurst","OAK","DL",2019
"1543","00-0033047",1019,-0.00401499182631764,0.0214630574996596,-0.000364999256937967,"Anthony Brown","DAL","DB",2019
"1544","00-0032319",822,-0.00402588615101114,0.0221264614671874,-0.000365989650091922,"Ross Travis","NYJ","TE",2019
"1545","00-0027678",116,-0.00403822421281151,0.0219813276064237,-0.000367111292073773,"John Jerry","CIN","OL",2019
"1546","00-0032870",970,-0.00405793409460187,0.0222463049337476,-0.000368903099509261,"Aldrick Rosas","NYG","K",2019
"1547","00-0032448",875,-0.00406615743690221,0.0211116601362705,-0.000369650676082019,"Stephen Weatherly","MIN","DL",2019
"1548","00-0035181",1779,-0.0040729900044707,0.022277081284679,-0.000370271818588245,"Darrius Shepherd","GB","WR",2019
"1549","00-0030776",482,-0.00407461309801726,0.0230583069786387,-0.000370419372547024,"Kerry Wynn","CIN","DL",2019
"1550","00-0032940",988,-0.00407593786359513,0.0225974054965545,-0.000370539805781375,"DeAndre Washington","OAK","RB",2019
"1551","00-0031193",550,-0.004077731015217,0.0232060186038565,-0.000370702819565181,"Dan McCullers","PIT","DL",2019
"1552","00-0032774",943,-0.00408239429515201,0.0220579139668302,-0.000371126754104728,"Deon Bush","CHI","DB",2019
"1553","00-0033296",1094,-0.00408702399914085,0.0213063945691269,-0.000371547636285531,"Alex Armah","CAR","RB",2019
"1554","00-0035713",2028,-0.00408998360863663,0.021402964597876,-0.000371816691694239,"Brian Burns","CAR","LB",2019
"1555","00-0031393",619,-0.00409793084682219,0.0222658465721993,-0.000372539167892927,"Maurice Alexander","BUF","LB",2019
"1556","00-0033939",1313,-0.00411047438469386,0.0209614392401131,-0.000373679489517624,"Vince Biegel","MIA","LB",2019
"1557","00-0029641",305,-0.0041216918291145,0.0227825778706597,-0.000374699257192228,"Tyrone Crawford","DAL","DL",2019
"1558","00-0034514",1535,-0.00412727179329493,0.0220121958501728,-0.000375206526663175,"Levi Wallace","BUF","DB",2019
"1559","00-0029685",319,-0.00412936924365465,0.0221599496457069,-0.000375397203968605,"Greg Van Roten","CAR","OL",2019
"1560","00-0031349",598,-0.00414110882564803,0.0212951134158391,-0.000376464438695275,"Matt Paradis","CAR","OL",2019
"1561","00-0031257",564,-0.00414216499711394,0.0226342142619683,-0.000376560454283086,"Paul Richardson","WAS","WR",2019
"1562","00-0034360",1451,-0.00414240234561981,0.023407377828211,-0.000376582031419983,"Lorenzo Carter","NYG","LB",2019
"1563","00-0031181",546,-0.00415413140412878,0.0214292776328635,-0.000377648309466253,"Ricardo Allen","ATL","DB",2019
"1564","00-0034556",1545,-0.00415662099548687,0.022934065777909,-0.000377874635953351,"Kam Kelly","PIT","DB",2019
"1565","00-0034816",1656,-0.00417021332756317,0.022258572780377,-0.000379110302505743,"Ronald Jones","TB","RB",2019
"1566","00-0034768",1620,-0.00417598158434901,0.0228885197351908,-0.000379634689486273,"Chukwuma Okorafor","PIT","OL",2019
"1567","00-0032520",889,-0.00418834439487895,0.0215652645125379,-0.000380758581352631,"Rashod Hill","MIN","OL",2019
"1568","00-0033563",1180,-0.00418945398567076,0.0214822079995369,-0.000380859453242797,"Carlos Watkins","HOU","DL",2019
"1569","00-0031203",551,-0.00419798269783181,0.0224875326274697,-0.000381634790711983,"Cairo Santos","TEN","K",2019
"1570","00-0034011",1338,-0.00419893392610016,0.0228085290325381,-0.000381721266009105,"Dan Arnold","ARI","TE",2019
"1571","00-0034350",1441,-0.00420882932426608,0.0223235085428403,-0.000382620847660553,"Uchenna Nwosu","LAC","LB",2019
"1572","00-0031898",714,-0.00423235608380402,0.023032951668609,-0.000384759643982184,"Alex Singleton","PHI","LB",2019
"1573","00-0028041",186,-0.00424323476947679,0.0225266414952117,-0.000385748615406981,"Sam Acho","TB","LB",2019
"1574","00-0028834",222,-0.004245182996544,0.0209923572908333,-0.000385925726958546,"Craig Robertson","NO","LB",2019
"1575","00-0030523",441,-0.00424605557698655,0.0227564090757906,-0.000386005052453323,"Kayvon Webster","WAS","DB",2019
"1576","00-0035307",1858,-0.00424651015726977,0.0215915970712442,-0.000386046377933615,"Jimmy Moreland","WAS","DB",2019
"1577","00-0030471",429,-0.00426995248585515,0.0224394809808859,-0.000388177498714105,"Shawn Williams","CIN","DB",2019
"1578","00-0034597",1559,-0.00427449102815618,0.0220683900064955,-0.000388590093468744,"Ryan Nall","CHI","RB",2019
"1579","00-0035538",1927,-0.00430554776494935,0.0224783408039433,-0.000391413433177214,"Emeke Egbule","LAC","LB",2019
"1580","00-0033862",1253,-0.00432679527380326,0.0220935041167893,-0.000393345024891205,"Zane Gonzalez","ARI","K",2019
"1581","00-0035145",1769,-0.00432881857477994,0.0233508881727705,-0.000393528961343631,"Austin Seibert","CLE","K",2019
"1582","00-0032934",985,-0.00432993234836626,0.0217392659968161,-0.000393630213487842,"Tony McRae","CIN","DB",2019
"1583","00-0035672",1997,-0.00433490797500327,0.022499273772458,-0.000394082543182115,"Cody Barton","SEA","LB",2019
"1584","00-0027768",128,-0.00434628863011537,0.0220030605169286,-0.000395117148192307,"Marshall Newhouse","NE","OL",2019
"1585","00-0031511",643,-0.0043546273733965,0.0218128156186585,-0.000395875215763318,"DeAndrew White","CAR","WR",2019
"1586","00-0030548",448,-0.00435894038120359,0.0223743364276092,-0.000396267307382144,"Eric Reid","CAR","DB",2019
"1587","00-0032772",941,-0.00437158528694985,0.0222450829583045,-0.000397416844268168,"Ryan Smith","TB","DB",2019
"1588","00-0032943",989,-0.00437562848777326,0.022182692181718,-0.000397784407979387,"Riley Dixon","NYG","P",2019
"1589","00-0033956",1327,-0.00437566234538541,0.0239135548819424,-0.000397787485944128,"Marquel Lee","OAK","LB",2019
"1590","00-0030538",445,-0.00438570106021637,0.0239173737501966,-0.000398700096383306,"Johnathan Cyprien","ATL","DB",2019
"1591","00-0029561",282,-0.00439052986389103,0.0220422057556104,-0.000399139078535548,"Cordy Glenn","CIN","OL",2019
"1592","00-0034115",1357,-0.00440471700740679,0.022864352663274,-0.000400428818855163,"Jeff Wilson","SF","RB",2019
"1593","00-0027688",120,-0.00443076879209938,0.0231706986373829,-0.000402797162918125,"Colt McCoy","WAS","QB",2019
"1594","00-0029699",325,-0.00443968919584465,0.0209604921407414,-0.00040360810871315,"Tony Bergstrom","WAS","OL",2019
"1595","00-0034417",1498,-0.00446153427075786,0.0223019217989376,-0.000405594024614351,"Matt Pryor","PHI","OL",2019
"1596","00-0035312",1862,-0.00446530459006328,0.0236524155627318,-0.000405936780914844,"Dontavius Russell","JAX","DL",2019
"1597","00-0034393",1482,-0.00450557489334246,0.0217947230530166,-0.000409597717576587,"Troy Fumagalli","DEN","TE",2019
"1598","00-0035276",1835,-0.00450929290555554,0.0215954973404951,-0.000409935718686867,"Blake Cashman","NYJ","LB",2019
"1599","00-0031369",609,-0.004518044627384,0.0216988264877208,-0.000410731329762182,"Brandon Linder","JAX","OL",2019
"1600","00-0035013",1738,-0.00454173622727898,0.0221579656478398,-0.000412885111570816,"Jon Hilliman","NYG","RB",2019
"1601","00-0032187",786,-0.00455171143196211,0.0215003855075778,-0.000413791948360191,"David Johnson","ARI","RB",2019
"1602","00-0031744",698,-0.00456850681262356,0.0231030719061387,-0.000415318801147597,"Matt LaCosse","NE","TE",2019
"1603","00-0033854",1247,-0.00457322719784074,0.0213623097785516,-0.000415747927076431,"Dare Ogunbowale","TB","RB",2019
"1604","00-0035700",2019,-0.00458381481583564,0.0219282259702095,-0.00041671043780324,"Josh Jacobs","OAK","RB",2019
"1605","00-0033572",1187,-0.00458854595684155,0.0223545909186615,-0.00041714054153105,"Jamal Agnew","DET","DB",2019
"1606","00-0032256",814,-0.00458873707673694,0.022480668047726,-0.000417157916066994,"Clive Walford","MIA","TE",2019
"1607","00-0029061",237,-0.00459944381276877,0.0222254996940378,-0.000418131255706252,"Julian Stanford","BUF","LB",2019
"1608","00-0030063",363,-0.00460292498828229,0.0220166762178901,-0.000418447726207481,"Johnathan Hankins","OAK","DL",2019
"1609","00-0031806",707,-0.00461455511082156,0.0224795323206142,-0.000419505010074688,"Malcolm Brown","LA","RB",2019
"1610","00-0031380",611,-0.00462390864824667,0.0225482068914754,-0.000420355331658788,"Darqueze Dennard","CIN","DB",2019
"1611","00-0025825",58,-0.00462442912645364,0.0226855557699001,-0.000420402647859422,"Brett Kern","TEN","P",2019
"1612","00-0033420",1126,-0.00463315775251838,0.0216707335326644,-0.000421196159319852,"Donald Payne","JAX","LB",2019
"1613","00-0032911",981,-0.00463324474835298,0.021927657020717,-0.00042120406803209,"Spencer Pulley","NYG","OL",2019
"1614","00-0035308",1859,-0.00463774135847497,0.022162900728927,-0.000421612850770452,"Tommy Sweeney","BUF","TE",2019
"1615","00-0031956",731,-0.00465152087289988,0.0222311991830515,-0.00042286553389999,"Anthony Chickillo","PIT","LB",2019
"1616","00-0035190",1782,-0.00465816915614087,0.0223773296690073,-0.000423469923285533,"A.J. Cole","OAK","P",2019
"1617","00-0034364",1455,-0.00465959687636535,0.020316183819724,-0.000423599716033214,"Jordan Akins","HOU","TE",2019
"1618","00-0030513",438,-0.00466383415377009,0.0222948073735984,-0.000423984923070008,"Latavius Murray","NO","RB",2019
"1619","00-0032726",924,-0.00467038476883265,0.0231350756118461,-0.000424580433530241,"Ka'imi Fairbairn","HOU","K",2019
"1620","00-0033439",1132,-0.00467995396801113,0.0222788400308639,-0.000425450360728285,"Pharaoh Brown","CLE","TE",2019
"1621","00-0033557",1177,-0.00468061930526542,0.0217878559308621,-0.00042551084593322,"Jalen Reeves-Maybin","DET","LB",2019
"1622","00-0029492",274,-0.00468330119903856,0.0216156382957949,-0.000425754654458051,"Jamize Olawale","DAL","RB",2019
"1623","00-0031331",589,-0.00468683400750663,0.0217002663420761,-0.000426075818864239,"Pierre Desir","IND","DB",2019
"1624","00-0027949",158,-0.00468925365123967,0.0221472039575332,-0.000426295786476334,"J.J. Watt","HOU","DL",2019
"1625","00-0032381",831,-0.00469421640560907,0.0215385814287274,-0.000426746945964461,"Taylor Decker","DET","OL",2019
"1626","00-0032848",967,-0.00475084469615715,0.0225055905431419,-0.000431894972377922,"Kevin Peterson","ARI","DB",2019
"1627","00-0026982",87,-0.00476420804957807,0.0219607876412091,-0.000433109822688916,"Andre Smith","BAL","OL",2019
"1628","00-0027939",152,-0.00477443411232082,0.0224831059062544,-0.000434039464756438,"Cam Newton","CAR","QB",2019
"1629","00-0033570",1185,-0.00479435649866744,0.0211487109742648,-0.000435850590787949,"Anthony Walker","IND","LB",2019
"1630","00-0033290",1091,-0.00479663800629726,0.0231279551699573,-0.000436058000572478,"Jermaine Eluemunor","NE","OL",2019
"1631","00-0032419",860,-0.00482329377444148,0.0228551004429987,-0.000438481252221953,"Joe Haeg","IND","OL",2019
"1632","00-0032071",752,-0.00485127306792117,0.0218857333731196,-0.00044102482435647,"Trent Brown","OAK","OL",2019
"1633","00-0030525",442,-0.00485777112802677,0.022258636174195,-0.000441615557093343,"Tavon Austin","DAL","WR",2019
"1634","00-0028037",185,-0.00486053644082687,0.0214431498656189,-0.000441866949166079,"K.J. Wright","SEA","LB",2019
"1635","00-0035304",1856,-0.00486408841225718,0.0223928851746703,-0.000442189855659744,"Cullen Gillaspia","HOU","RB",2019
"1636","00-0032435",868,-0.00487410155253873,0.0219905937471116,-0.000443100141139884,"Anthony Zettel","SF","DL",2019
"1637","00-0034967",1708,-0.00487496080628032,0.0228164241694059,-0.000443178255116392,"Rashan Gary","GB","LB",2019
"1638","00-0035264",1824,-0.00487798419718706,0.0231197635289285,-0.000443453108835187,"Jarrett Stidham","NE","QB",2019
"1639","00-0034763",1615,-0.00488788199126898,0.022724825974717,-0.00044435290829718,"Brandon Parker","OAK","OL",2019
"1640","00-0035133",1762,-0.00489369112008002,0.0220691310557625,-0.000444881010916366,"Keisean Nixon","OAK","DB",2019
"1641","00-0035532",1922,-0.00489536739352061,0.0219443577308939,-0.000445033399410965,"Deionte Thompson","ARI","DB",2019
"1642","00-0028240",210,-0.00489808698173435,0.0213329699031278,-0.000445280634703123,"Kenny Wiggins","DET","OL",2019
"1643","00-0035437",1902,-0.00489979468043859,0.0225322218259224,-0.000445435880039872,"Roderic Teamer","LAC","DB",2019
"1644","00-0035243",1806,-0.00493119045652657,0.02230173558275,-0.000448290041502416,"Miles Sanders","PHI","RB",2019
"1645","00-0033387",1117,-0.00493760160250133,0.0219569609726088,-0.000448872872954666,"Jacob Hollister","SEA","TE",2019
"1646","00-0034430",1507,-0.00495031124235657,0.0228726604918479,-0.000450028294759688,"Andre Smith","CAR","LB",2019
"1647","00-0029249",251,-0.00495618154363227,0.0225409743479762,-0.000450561958512025,"Melvin Ingram","LAC","DL",2019
"1648","00-0032807",963,-0.00497298173091647,0.02161824819659,-0.000452089248265133,"Clayton Fejedelem","CIN","DB",2019
"1649","00-0027856",134,-0.00500726722774133,0.0220375821491347,-0.000455206111612849,"Gerald McCoy","CAR","DL",2019
"1650","00-0033928",1306,-0.00503492883420881,0.021870691931931,-0.000457720803109892,"Jourdan Lewis","DAL","DB",2019
"1651","00-0032228",800,-0.00503779468936844,0.0222850163912934,-0.000457981335397131,"Joe Cardona","NE","LS",2019
"1652","00-0034747",1604,-0.00505444712870295,0.0219303163961122,-0.00045949519351845,"Marcell Ateman","OAK","WR",2019
"1653","00-0034975",1715,-0.00507340212136557,0.0226303786331997,-0.000461218374669597,"Justice Hill","BAL","RB",2019
"1654","00-0032599",907,-0.00508190086521244,0.022237320448064,-0.000461990987746585,"Josh Perkins","PHI","TE",2019
"1655","00-0035073",1748,-0.00509268891594053,0.0229896042151577,-0.000462971719630958,"Jonathan Harris","DEN","DL",2019
"1656","00-0034366",1457,-0.00509596691908342,0.0221419361796537,-0.000463269719916675,"Keke Coutee","HOU","WR",2019
"1657","00-0029212",248,-0.00513568430415861,0.0221742348876826,-0.000466880391287146,"Tahir Whitehead","OAK","LB",2019
"1658","00-0029134",241,-0.00516414530318838,0.0224954597272391,-0.000469467754835307,"Beau Brinkley","TEN","LS",2019
"1659","00-0034331",1426,-0.00516516862224216,0.0219393109717051,-0.000469560783840196,"Jaylen Samuels","PIT","RB",2019
"1660","00-0034586",1552,-0.00517085272770148,0.0230367732036155,-0.000470077520700134,"John Atkins","DET","DL",2019
"1661","00-0026968",86,-0.00518686561335813,0.0225738091467319,-0.000471533237578012,"Ryan Succop","TEN","K",2019
"1662","00-0035634",1966,-0.00518784121596854,0.0232307090928009,-0.000471621928724413,"Alex Brown","KC","DB",2019
"1663","00-0034052",1340,-0.00525989536061737,0.02315818357031,-0.00047817230551067,"Brandon Zylstra","CAR","WR",2019
"1664","00-0030332",402,-0.00527277590469603,0.0228825445873403,-0.000479343264063276,"Brett Maher","DAL","K",2019
"1665","00-0031171",541,-0.00528355766298395,0.0222421292629192,-0.000480323423907632,"Preston Brown","JAX","LB",2019
"1666","00-0033964",1331,-0.00530796632529069,0.0217303170122356,-0.000482542393208244,"Al-Quadin Muhammad","IND","DL",2019
"1667","00-0034198",1381,-0.00531728704502693,0.0221920755311418,-0.000483389731366084,"Trent Sieg","OAK","LS",2019
"1668","00-0033282",1085,-0.00531929287757034,0.0220155430302015,-0.000483572079779122,"Curtis Samuel","CAR","WR",2019
"1669","00-0033901",1284,-0.00532757180699959,0.021814160501587,-0.000484324709727236,"Ethan Pocic","SEA","OL",2019
"1670","00-0034736",1599,-0.00533565578587974,0.0215079159064782,-0.000485059616898158,"Steven Parker","MIA","DB",2019
"1671","00-0032143",773,-0.00534089766618951,0.0215334106389009,-0.000485536151471773,"Danny Shelton","NE","DL",2019
"1672","00-0035239",1802,-0.00535479054294751,0.020683288832527,-0.000486799140267956,"Sean Murphy-Bunting","TB","DB",2019
"1673","00-0033935",1312,-0.0053647364453893,0.0214890169406559,-0.000487703313217209,"Trey Hendrickson","NO","DL",2019
"1674","00-0032147",777,-0.00537243514353136,0.0232969949773344,-0.000488403194866488,"Ty Sambrailo","ATL","OL",2019
"1675","00-0034319",1422,-0.00541501865093241,0.0230716209641698,-0.000492274422812037,"Deon Yelder","KC","TE",2019
"1676","00-0033917",1299,-0.00542213817322208,0.0219018786646535,-0.000492921652111098,"Tarell Basham","NYJ","LB",2019
"1677","00-0031796",705,-0.0054576948943515,0.0209312116252871,-0.000496154081304682,"Justin Coleman","DET","DB",2019
"1678","00-0032794",959,-0.00547221695176682,0.0210747269476405,-0.000497474268342438,"Danny Vitale","GB","RB",2019
"1679","00-0034751",1606,-0.00547309951212927,0.0208364212268999,-0.000497554501102661,"Josh Jackson","GB","DB",2019
"1680","00-0033918",1300,-0.00547899515092846,0.0224184076441169,-0.000498090468266223,"Fabian Moreau","WAS","DB",2019
"1681","00-0035647",1977,-0.00552693311304627,0.0220027701410202,-0.000502448464822388,"Montez Sweat","WAS","LB",2019
"1682","00-0033438",1131,-0.00555166914706981,0.0232847492368447,-0.000504697195188164,"Fadol Brown","CHI","DL",2019
"1683","00-0034682",1586,-0.00555398151522322,0.0220506287850984,-0.000504907410474838,"Genard Avery","PHI","LB",2019
"1684","00-0034368",1459,-0.00557483818736443,0.0214979948233895,-0.000506803471578584,"Josey Jewell","DEN","LB",2019
"1685","00-0029119",240,-0.00557758054101505,0.0219845702411128,-0.000507052776455914,"Derek Carrier","OAK","TE",2019
"1686","00-0033914",1297,-0.00559335115369047,0.0222706404385041,-0.000508486468517316,"Alex Anzalone","NO","LB",2019
"1687","00-0030035",355,-0.0055983967826335,0.0216519375333074,-0.000508945162057591,"Adam Thielen","MIN","WR",2019
"1688","00-0033297",1095,-0.00559962247259874,0.0227240549603446,-0.000509056588418068,"D.J. Jones","SF","DL",2019
"1689","00-0031167",539,-0.00562450340879654,0.0226717001420684,-0.000511318491708777,"Scott Simonson","NYG","TE",2019
"1690","00-0034346",1437,-0.00562473676150599,0.0219128211512475,-0.000511339705591454,"Will Hernandez","NYG","OL",2019
"1691","00-0033117",1052,-0.00563724575834679,0.0220416445672333,-0.000512476887122435,"Bronson Kaufusi","NYJ","DL",2019
"1692","00-0032918",983,-0.00564063617302063,0.0210342056268615,-0.000512785106638239,"C.J. Ham","MIN","RB",2019
"1693","00-0030273",395,-0.00564581318595862,0.0229088642188865,-0.000513255744178057,"Lane Taylor","GB","OL",2019
"1694","00-0027762",127,-0.00566346793109584,0.0228856738829948,-0.000514860721008713,"Reshad Jones","MIA","DB",2019
"1695","00-0034436",1512,-0.00566444580363307,0.0221457074924633,-0.000514949618512097,"Will Clapp","NO","OL",2019
"1696","00-0034468",1523,-0.00567633973201966,0.0213377341746277,-0.00051603088472906,"Chandon Sullivan","GB","DB",2019
"1697","00-0028075",191,-0.00570608550427031,0.0217455951769546,-0.000518735045842755,"Buster Skrine","CHI","DB",2019
"1698","00-0033941",1315,-0.00571309552414075,0.0217315643015267,-0.000519372320376432,"Rayshawn Jenkins","LAC","DB",2019
"1699","00-0033742",1225,-0.00571700096170231,0.0230021322639887,-0.000519727360154755,"Tyrone Swoopes","SEA","TE",2019
"1700","00-0031583",673,-0.00571863523879686,0.0219507735881513,-0.000519875930799714,"Grady Jarrett","ATL","DL",2019
"1701","00-0035665",1990,-0.00572907876861952,0.0220103417608271,-0.000520825342601774,"David Long","LA","DB",2019
"1702","00-0031095",525,-0.00573996261071132,0.0222033404392951,-0.000521814782791938,"Charles Leno Jr.","CHI","OL",2019
"1703","00-0031237",557,-0.0057462060191139,0.0220986685097711,-0.000522382365373991,"Teddy Bridgewater","NO","QB",2019
"1704","00-0031261",568,-0.00577338772863876,0.0212217993101948,-0.000524853429876251,"Tre Boston","CAR","DB",2019
"1705","00-0033890",1276,-0.00577895543065955,0.0214285120226501,-0.000525359584605413,"Budda Baker","ARI","DB",2019
"1706","00-0034342",1433,-0.00578058555223881,0.021769087769792,-0.000525507777476255,"Quenton Nelson","IND","OL",2019
"1707","00-0031587",676,-0.00578303848568529,0.0209920198321245,-0.000525730771425936,"Bobby McCain","MIA","DB",2019
"1708","00-0033284",1087,-0.00578344891143783,0.0230494049210668,-0.000525768082857985,"Taylor Moton","CAR","OL",2019
"1709","00-0032215",796,-0.00580617427277547,0.0215717928637207,-0.00052783402479777,"Damien Wilson","KC","LB",2019
"1710","00-0032009",739,-0.00584338492134662,0.021695567451398,-0.000531216811031511,"Adam Humphries","TEN","WR",2019
"1711","00-0034960",1707,-0.00584890186387508,0.022398757261882,-0.000531718351261371,"Jakobi Meyers","NE","WR",2019
"1712","00-0029164",246,-0.00585562261575175,0.0225233878669131,-0.000532329328704704,"Mike Remmers","NYG","OL",2019
"1713","00-0027891",149,-0.00585913340464684,0.0216551638587589,-0.000532648491331531,"Golden Tate","NYG","WR",2019
"1714","00-0030781",483,-0.00586615741455337,0.0209025105705262,-0.00053328703768667,"Trey Hopkins","CIN","OL",2019
"1715","00-0034973",1713,-0.00587988205027208,0.0215989706965885,-0.000534534731842916,"Maxx Crosby","OAK","DL",2019
"1716","00-0029193",247,-0.00588735719382554,0.0214827269641259,-0.000535214290347776,"Bruce Irvin","CAR","LB",2019
"1717","00-0030046",357,-0.00589900462245632,0.0223889510345996,-0.000536273147496029,"Jordan Mills","ARI","OL",2019
"1718","00-0031366",607,-0.00591973388574136,0.0223677425951875,-0.000538157625976488,"Deone Bucannon","NYG","LB",2019
"1719","00-0034426",1505,-0.00593059563012064,0.0218057686946843,-0.000539145057283694,"Javon Wims","CHI","WR",2019
"1720","00-0032972",1004,-0.00593516334273341,0.0226942383748007,-0.000539560303884855,"Devontae Booker","DEN","RB",2019
"1721","00-0035166",1776,-0.00594423756765205,0.0217596862228046,-0.000540385233422914,"Azeez Al-Shaair","SF","LB",2019
"1722","00-0032980",1007,-0.00598900831748878,0.0207526221480551,-0.000544455301589889,"Marcus Johnson","IND","WR",2019
"1723","00-0033258",1079,-0.00599092219826696,0.0218512629651857,-0.000544629290751542,"Darrell Daniels","ARI","TE",2019
"1724","00-0034371",1461,-0.00600301240975619,0.0232706677364382,-0.000545728400886926,"Da'Shawn Hand","DET","DL",2019
"1725","00-0032442",872,-0.0060366289829727,0.0208829851308518,-0.000548784452997518,"Elandon Roberts","NE","LB",2019
"1726","00-0029643",306,-0.00604542940562609,0.0208200294786974,-0.000549584491420554,"Whitney Mercilus","HOU","LB",2019
"1727","00-0034421",1502,-0.00606918344031781,0.0220815511671758,-0.000551743949119801,"Peter Kalambayi","HOU","LB",2019
"1728","00-0026035",63,-0.00608836790642728,0.0222382556153944,-0.000553487991493389,"Danny Amendola","DET","WR",2019
"1729","00-0027955",162,-0.00608878338744028,0.0226160163975305,-0.000553525762494571,"Nate Solder","NYG","OL",2019
"1730","00-0033927",1305,-0.00611434008081172,0.0226838180653414,-0.000555849098255611,"John Johnson","LA","DB",2019
"1731","00-0032955",995,-0.00613634515544469,0.0210160611372352,-0.000557849559585881,"Kyler Fackrell","GB","LB",2019
"1732","00-0034114",1356,-0.00615846525902987,0.0229766350203345,-0.000559860478093625,"Coleman Shelton","LA","OL",2019
"1733","00-0029010",235,-0.00616934673645526,0.022412532765705,-0.000560849703314115,"Ronald Leary","DEN","OL",2019
"1734","00-0035108",1754,-0.00617121766769942,0.0234746599509669,-0.000561019787972675,"Nathan Meadors","MIN","DB",2019
"1735","00-0033107",1047,-0.00618425517284209,0.0216337954550209,-0.000562205015712918,"William Jackson","CIN","DB",2019
"1736","00-0032661",916,-0.00618894050791636,0.0232916349001504,-0.000562630955265124,"Ben Braunecker","CHI","TE",2019
"1737","00-0030527",443,-0.00620390968987854,0.022298754213234,-0.000563991789988958,"Alec Ogletree","NYG","LB",2019
"1738","00-0025418",48,-0.00623425465821997,0.0218266556031108,-0.000566750423474542,"Greg Olsen","CAR","TE",2019
"1739","00-0033783",1233,-0.00627146431789921,0.021081131098903,-0.000570133119809019,"Ahkello Witherspoon","SF","DB",2019
"1740","00-0035040",1744,-0.00628717708019043,0.0228849279996827,-0.000571561552744585,"David Blough","DET","QB",2019
"1741","00-0032783",951,-0.00628917564702758,0.0217356671099119,-0.000571743240638871,"LeShaun Sims","TEN","DB",2019
"1742","00-0034999",1736,-0.00629422936514369,0.0223240165527197,-0.000572202669558517,"Ty Summers","GB","LB",2019
"1743","00-0034590",1555,-0.00630756841498444,0.0222358652746066,-0.000573415310453131,"Frank Herron","DET","DL",2019
"1744","00-0031381",612,-0.00631283727779716,0.0220745917491847,-0.00057389429798156,"Davante Adams","GB","WR",2019
"1745","00-0031547",649,-0.00632308939781755,0.0214558300963692,-0.000574826308892504,"DeVante Parker","MIA","WR",2019
"1746","00-0029946",346,-0.00632538456707182,0.0214709266309554,-0.000575034960642893,"Abry Jones","JAX","DL",2019
"1747","00-0030757",480,-0.00632854846844113,0.0228409874722172,-0.000575322588040103,"Mike Pennel","KC","DL",2019
"1748","00-0030083",373,-0.00633615789465395,0.022639711527385,-0.00057601435405945,"Oday Aboushi","DET","OL",2019
"1749","00-0029529",277,-0.00635454494104089,0.0220102466120468,-0.00057768590373099,"Coty Sensabaugh","WAS","DB",2019
"1750","00-0034729",1596,-0.00635498730920577,0.021616246645135,-0.000577726119018707,"Jamarco Jones","SEA","OL",2019
"1751","00-0032777",945,-0.00635944878164232,0.0227794477376741,-0.000578131707422029,"Evan Boehm","MIA","OL",2019
"1752","00-0027914",150,-0.00636222590123473,0.0205878137231876,-0.000578384172839521,"Andrew Sendejo","MIN","DB",2019
"1753","00-0035310",1860,-0.00636776415052296,0.0224943047375767,-0.000578887650047542,"Chandler Cox","MIA","RB",2019
"1754","00-0032782",950,-0.00637704802722961,0.0230322236586305,-0.000579731638839055,"Wendell Smallwood","WAS","RB",2019
"1755","00-0034270",1402,-0.0063773250026641,0.0216326362290212,-0.000579756818424009,"Tyler Conklin","MIN","TE",2019
"1756","00-0031941",725,-0.00639230591933719,0.02175149171756,-0.000581118719939745,"Jamison Crowder","NYJ","WR",2019
"1757","00-0035636",1967,-0.00639334063402868,0.0219899654335943,-0.000581212784911698,"L.J. Collier","SEA","DL",2019
"1758","00-0028924",229,-0.00640924238943533,0.0216085023240587,-0.000582658399039576,"Tashaun Gipson","HOU","DB",2019
"1759","00-0033549",1171,-0.00641193512396347,0.0215507194250552,-0.000582903193087588,"Duke Riley","PHI","LB",2019
"1760","00-0034347",1438,-0.00641303126732752,0.0216913122932436,-0.00058300284248432,"James Daniels","CHI","OL",2019
"1761","00-0035232",1795,-0.00644278858658399,0.0222115235993555,-0.000585708053325817,"Dwayne Haskins","WAS","QB",2019
"1762","00-0035681",2003,-0.00649048774089773,0.0217641783673566,-0.000590044340081612,"Mike Edwards","TB","DB",2019
"1763","00-0033879",1266,-0.00649818336517258,0.0208784130538498,-0.000590743942288416,"O.J. Howard","TB","TE",2019
"1764","00-0033897",1283,-0.00653647731920123,0.0214617393619769,-0.000594225210836475,"Joe Mixon","CIN","RB",2019
"1765","00-0034974",1714,-0.00653659765013459,0.0223967983919233,-0.000594236150012236,"Julian Love","NYG","DB",2019
"1766","00-0029572",288,-0.00653697006159122,0.0221310291102993,-0.000594270005599202,"Jarius Wright","CAR","WR",2019
"1767","00-0029316",264,-0.00654073909814089,0.0219521533199123,-0.000594612645285536,"Kelvin Beachum","NYJ","OL",2019
"1768","00-0032768",939,-0.00655653083626225,0.0214832870328996,-0.000596048257842023,"Cody Whitehair","CHI","OL",2019
"1769","00-0035280",1839,-0.00657126816470795,0.02273596293762,-0.00059738801497345,"Jake Bailey","NE","P",2019
"1770","00-0035346",1876,-0.00657267596672567,0.0230916020796829,-0.000597515996975061,"Nik Needham","MIA","DB",2019
"1771","00-0034631",1565,-0.00657676740578925,0.022142208464535,-0.000597887945980841,"Vyncint Smith","NYJ","WR",2019
"1772","00-0035318",1866,-0.00658422724667422,0.0227141910598539,-0.00059856611333402,"Ken Webster","MIA","DB",2019
"1773","00-0035414",1897,-0.0065903488835009,0.023294079962207,-0.000599122625772809,"Jalen Guyton","LAC","WR",2019
"1774","00-0035217",1787,-0.00663001941529524,0.022337249691664,-0.000602729037754113,"Benny Snell","PIT","RB",2019
"1775","00-0032897",980,-0.00664706954268972,0.0220643370887526,-0.000604279049335429,"Derek Watt","LAC","RB",2019
"1776","00-0035259",1819,-0.00665434724209647,0.0221470346651876,-0.000604940658372406,"Trevon Wesco","NYJ","TE",2019
"1777","00-0031173",542,-0.00665678573271083,0.02132883658222,-0.000605162339337348,"Jaylen Watkins","LAC","DB",2019
"1778","00-0034510",1534,-0.00666041882458949,0.0230984605261698,-0.000605492620417226,"Robert Foster","BUF","WR",2019
"1779","00-0032892",978,-0.00670726390396975,0.0219780454295237,-0.00060975126399725,"Nick Vigil","CIN","LB",2019
"1780","00-0033954",1325,-0.00672711784623682,0.0208818494349667,-0.000611556167839711,"Jayon Brown","TEN","LB",2019
"1781","00-0034432",1509,-0.00674133125939273,0.0222817302726067,-0.00061284829630843,"Bo Scarbrough","DET","RB",2019
"1782","00-0028097",195,-0.00674346050479937,0.0221950159144272,-0.00061304186407267,"Lee Smith","BUF","TE",2019
"1783","00-0034161",1368,-0.00674491590208048,0.0226646469144751,-0.000613174172916407,"Daniel Carlson","OAK","K",2019
"1784","00-0032268",820,-0.00675897351673539,0.0229581205941739,-0.000614452137885036,"Marcus Mariota","TEN","QB",2019
"1785","00-0031404",622,-0.00676439798393891,0.0206418569549021,-0.000614945271267173,"Adrian Phillips","LAC","DB",2019
"1786","00-0032128",765,-0.00678832359721794,0.0209246174632738,-0.000617120327019812,"Chris Conley","JAX","WR",2019
"1787","00-0032986",1008,-0.00679374333481569,0.0223251391400543,-0.00061761303043779,"J.P. Holtz","CHI","TE",2019
"1788","00-0035710",2027,-0.00680297302067499,0.0225546731507008,-0.000618452092788635,"Daniel Jones","NYG","QB",2019
"1789","00-0029592",293,-0.00681786286201336,0.0212902930367856,-0.000619805714728487,"Kevin Zeitler","NYG","OL",2019
"1790","00-0032131",767,-0.00683243240257332,0.0210793028188045,-0.000621130218415756,"Rodney Gunter","ARI","DL",2019
"1791","00-0034361",1452,-0.00684062911614974,0.021825366540998,-0.000621875374195431,"Justin Reid","HOU","DB",2019
"1792","00-0031622",688,-0.0068436875189393,0.0219379638961532,-0.000622153410812664,"Bobby Hart","CIN","OL",2019
"1793","00-0034449",1518,-0.00684981340064536,0.0223910207666529,-0.000622710309149578,"Buddy Howell","HOU","RB",2019
"1794","00-0035094",1749,-0.0068681892553829,0.0239668720661923,-0.000624380841398445,"Bryan Mone","SEA","DL",2019
"1795","00-0033702",1217,-0.00687825731366626,0.0233159369352911,-0.000625296119424205,"Younghoe Koo","ATL","K",2019
"1796","00-0032198",788,-0.00687918298064587,0.021996862269096,-0.000625380270967807,"Ibraheim Campbell","GB","DB",2019
"1797","00-0035238",1801,-0.00688497563009962,0.0211974590780037,-0.000625906875463602,"Cody Ford","BUF","OL",2019
"1798","00-0032967",999,-0.00688883380072183,0.0206513710900092,-0.000626257618247439,"Vernon Butler","CAR","DL",2019
"1799","00-0027988",178,-0.00689327225234841,0.0216472498524674,-0.000626661113849856,"Marcus Gilchrist","JAX","DB",2019
"1800","00-0028103",197,-0.00690456946276806,0.0233504573184895,-0.000627688132978915,"Pernell McPhee","BAL","LB",2019
"1801","00-0034344",1435,-0.00692439053673119,0.0215125048733424,-0.000629490048793745,"Marcus Davenport","NO","DL",2019
"1802","00-0035617",1956,-0.00699120965670019,0.0219345289150928,-0.000635564514245472,"Troy Reeder","LA","LB",2019
"1803","00-0035231",1794,-0.00699951582033542,0.0211235127877567,-0.000636319620030493,"Christian Wilkins","MIA","DL",2019
"1804","00-0034208",1386,-0.00702211993010068,0.0218973574061009,-0.000638374539100062,"Mike Boone","MIN","RB",2019
"1805","00-0033889",1275,-0.00703525741392875,0.0219652936080497,-0.000639568855811704,"Cam Robinson","JAX","OL",2019
"1806","00-0034354",1445,-0.00703604755289685,0.0232359893308418,-0.000639640686626986,"Kemoko Turay","IND","DL",2019
"1807","00-0035656",1984,-0.00703937055904865,0.0225313383707069,-0.000639942778095332,"Khalen Saunders","KC","DL",2019
"1808","00-0033676",1210,-0.00705234919928243,0.0214988602230308,-0.000641122654480221,"Elijah Wilkinson","DEN","OL",2019
"1809","00-0034348",1439,-0.0070557341589175,0.0212969645147633,-0.000641430378083409,"Courtland Sutton","DEN","WR",2019
"1810","00-0034818",1658,-0.00707562199971487,0.0207232038098741,-0.000643238363610443,"Derrick Nnadi","KC","DL",2019
"1811","00-0027662",112,-0.00707875847350072,0.0216910219151809,-0.000643523497590974,"Carlos Dunlap","CIN","DL",2019
"1812","00-0032970",1002,-0.00709304262467446,0.0216771861634153,-0.000644822056788587,"Jordan Jenkins","NYJ","LB",2019
"1813","00-0032573",899,-0.00710647341213611,0.0217340591640456,-0.000646043037466919,"Patrick Onwuasor","BAL","LB",2019
"1814","00-0032438",871,-0.00711490082459953,0.0227734699629962,-0.000646809165872684,"Maurice Canady","NYJ","DB",2019
"1815","00-0035667",1992,-0.00712398496603526,0.0229998353696543,-0.000647634996912296,"Greg Gaines","LA","DL",2019
"1816","00-0032958",997,-0.00714098722305474,0.0218747397707055,-0.00064918065664134,"Will Parks","DEN","DB",2019
"1817","00-0032395",845,-0.00718183851070607,0.0215285141127045,-0.000652894410064188,"Graham Glasgow","DET","OL",2019
"1818","00-0034390",1479,-0.00720254196528965,0.0221615831858562,-0.00065477654229906,"Tyrell Crosby","DET","OL",2019
"1819","00-0016919",2,-0.00723357478404405,0.0233558199296443,-0.000657597707640368,"Adam Vinatieri","IND","K",2019
"1820","00-0035695",2014,-0.00723382460355653,0.0209086829947995,-0.000657620418505139,"Trayvon Mullen","OAK","DB",2019
"1821","00-0033083",1038,-0.00724363250445106,0.0222043949443024,-0.000658512045859187,"Darian Thompson","DAL","DB",2019
"1822","00-0033594",1198,-0.00725405654042647,0.0209584470612111,-0.000659459685493316,"Chris Carson","SEA","RB",2019
"1823","00-0031567",664,-0.00729367628052313,0.0221349400666201,-0.000663061480047558,"Daryl Williams","CAR","OL",2019
"1824","00-0030300",400,-0.00729456577602202,0.0215653647133611,-0.000663142343274729,"Jaron Brown","SEA","WR",2019
"1825","00-0032753",930,-0.00736125289322343,0.022142817371323,-0.000669204808474857,"Luke Rhodes","IND","LS",2019
"1826","00-0032422",862,-0.00741022568677095,0.022587584648383,-0.000673656880615541,"Kentrell Brothers","MIN","LB",2019
"1827","00-0029528",276,-0.0074643661467831,0.02119736191415,-0.000678578740616645,"Bobby Massie","CHI","OL",2019
"1828","00-0033269",1082,-0.0074868850760139,0.0225674348900325,-0.000680625916001263,"Rigoberto Sanchez","IND","P",2019
"1829","00-0032164",784,-0.00751541762297197,0.020959674950564,-0.000683219783906543,"Arik Armstead","SF","DL",2019
"1830","00-0027881",146,-0.0075448138197479,0.0213177356302567,-0.000685892165431628,"Jerry Hughes","BUF","DL",2019
"1831","00-0034394",1483,-0.00755216630477189,0.0226889539615019,-0.000686560573161081,"Andrew Brown","CIN","DL",2019
"1832","00-0034516",1537,-0.00756179122606192,0.0205800527349673,-0.000687435566005629,"Tre Herndon","JAX","DB",2019
"1833","00-0034163",1370,-0.00758126106040887,0.0216654977052706,-0.000689205550946261,"Jake Martin","HOU","LB",2019
"1834","00-0034745",1602,-0.00758777135179207,0.021838326157304,-0.000689797395617461,"Tracy Walker","DET","DB",2019
"1835","00-0032129",766,-0.00760433233327928,0.0219500315002114,-0.000691302939389025,"Jordan Hicks","ARI","LB",2019
"1836","00-0034111",1354,-0.00761362819755827,0.0213208310439485,-0.000692148017959842,"Trey Marshall","DEN","DB",2019
"1837","00-0030094",378,-0.00761837471210337,0.0224841651526982,-0.000692579519282125,"Eric Kush","CLE","OL",2019
"1838","00-0034772",1623,-0.00763286981739569,0.0223106424866858,-0.000693897256126881,"Antonio Callaway","CLE","WR",2019
"1839","00-0032633",911,-0.00773562235251311,0.021396245935953,-0.00070323839568301,"Reggie Gilbert","TEN","LB",2019
"1840","00-0031628",689,-0.00775769001327071,0.0207770413187805,-0.000705244546660973,"Darryl Roberts","NYJ","DB",2019
"1841","00-0032394",844,-0.00778906390764872,0.0216233418689523,-0.000708096718877156,"Nick Vannett","PIT","TE",2019
"1842","00-0034984",1724,-0.00779199936073569,0.0222339896294619,-0.000708363578248699,"Kingsley Keke","GB","DL",2019
"1843","00-0030572",457,-0.0078369324044652,0.0207776872252171,-0.000712448400405927,"D.J. Hayden","JAX","DB",2019
"1844","00-0030993",496,-0.00784585583434987,0.0227492543109775,-0.000713259621304534,"Aaron Lynch","CHI","LB",2019
"1845","00-0033118",1053,-0.00785427632797762,0.0215694993341573,-0.000714025120725238,"Kenyan Drake","ARI","RB",2019
"1846","00-0032781",949,-0.00787763028858309,0.0214891204605913,-0.000716148208053008,"Matthew Ioannidis","WAS","DL",2019
"1847","00-0034686",1588,-0.00794286212922075,0.0223295769275432,-0.000722078375383704,"Auden Tate","CIN","WR",2019
"1848","00-0030380",403,-0.00794382795437517,0.0228685099813368,-0.00072216617767047,"Benson Mayowa","OAK","DL",2019
"1849","00-0028024",184,-0.0079861043718125,0.0224150132198702,-0.000726009488346591,"Allen Bailey","ATL","DL",2019
"1850","00-0028087",193,-0.00801814460518657,0.0215883650754098,-0.000728922236835143,"Dion Lewis","TEN","RB",2019
"1851","00-0035686",2007,-0.00801913268390038,0.0209576215985347,-0.000729012062172762,"Michael Deiter","MIA","OL",2019
"1852","00-0034380",1469,-0.00801984075750534,0.0213910281555079,-0.000729076432500485,"Will Richardson","JAX","OL",2019
"1853","00-0034981",1721,-0.00802437490418292,0.0214786023398878,-0.000729488627652993,"Foster Moreau","OAK","TE",2019
"1854","00-0031241",559,-0.00805102476531346,0.0213084522284331,-0.000731911342301224,"Devon Kennard","DET","LB",2019
"1855","00-0034365",1456,-0.00805190124830028,0.0228449184192548,-0.000731991022572753,"Ian Thomas","CAR","TE",2019
"1856","00-0035249",1812,-0.00806372927162712,0.0225877159987965,-0.000733066297420647,"Josh Oliver","JAX","TE",2019
"1857","00-0023500",27,-0.00807948207443982,0.0226422592075258,-0.00073449837040362,"Frank Gore","BUF","RB",2019
"1858","00-0035263",1823,-0.00809683521171843,0.0221838225559288,-0.000736075928338039,"Wes Martin","WAS","OL",2019
"1859","00-0032127",764,-0.00816630249256723,0.0209722232298972,-0.00074239113568793,"Markus Golden","NYG","LB",2019
"1860","00-0029587",292,-0.00818593478028884,0.023216052220693,-0.000744175889117167,"Rhett Ellison","NYG","TE",2019
"1861","00-0033217",1072,-0.00822778291826723,0.0219081671063033,-0.000747980265297021,"Mo Alie-Cox","IND","TE",2019
"1862","00-0034770",1621,-0.00823244598290806,0.021217597309232,-0.000748404180264369,"Chad Thomas","CLE","DL",2019
"1863","00-0032888",974,-0.00823504181910209,0.0213648442027917,-0.000748640165372918,"Karl Joseph","OAK","DB",2019
"1864","00-0033147",1066,-0.00823648183964224,0.0222814326987678,-0.000748771076331113,"Darron Lee","KC","LB",2019
"1865","00-0034420",1501,-0.00826646235250688,0.0230543858630867,-0.000751496577500625,"Jordan Thomas","HOU","TE",2019
"1866","00-0031553",654,-0.00829391305930637,0.0223440127487764,-0.000753992096300579,"Benardrick McKinney","HOU","LB",2019
"1867","00-0033838",1245,-0.00832094041272652,0.0217139431526177,-0.000756449128429684,"Trey Edmunds","PIT","RB",2019
"1868","00-0033285",1088,-0.00832364272819237,0.0223466733480981,-0.000756694793472034,"Daeshon Hall","PHI","DL",2019
"1869","00-0035297",1852,-0.00834695962940788,0.0206237371969795,-0.000758814511764353,"Kelvin Harmon","WAS","WR",2019
"1870","00-0032407",852,-0.00837312000351215,0.0207154595197433,-0.000761192727592014,"Alex Lewis","NYJ","OL",2019
"1871","00-0027720",124,-0.00838219752060079,0.0217044870358209,-0.000762017956418253,"Geno Atkins","CIN","DL",2019
"1872","00-0035390",1888,-0.00841564032105952,0.0229009770608216,-0.000765058211005411,"Anthony Rush","PHI","DL",2019
"1873","00-0034333",1427,-0.00845499036869724,0.0215404701132227,-0.000768635488063385,"Daron Payne","WAS","DL",2019
"1874","00-0034396",1484,-0.00849582960912541,0.0215735536382781,-0.000772348146284128,"Jermaine Carter","CAR","LB",2019
"1875","00-0026625",80,-0.00850067700645145,0.0221128995153386,-0.000772788818768313,"Brian Hoyer","IND","QB",2019
"1876","00-0026561",77,-0.00851662818943497,0.0215205473361603,-0.00077423892631227,"Ramon Foster","PIT","OL",2019
"1877","00-0029560",281,-0.00852445735457356,0.0219454353289974,-0.000774950668597597,"Dre Kirkpatrick","CIN","DB",2019
"1878","00-0035680",2002,-0.00855429723693831,0.0218164863714021,-0.00077766338517621,"Quincy Williams","JAX","LB",2019
"1879","00-0032149",778,-0.00856157721279453,0.0221894766384025,-0.000778325201163139,"John Miller","CIN","OL",2019
"1880","00-0028064",189,-0.00856496112194552,0.0217365865800888,-0.000778632829267774,"Bilal Powell","NYJ","RB",2019
"1881","00-0030504",434,-0.00867652405467603,0.0222939697782822,-0.000788774914061457,"Earl Watford","TB","OL",2019
"1882","00-0029259",254,-0.00874200514238812,0.0231778390797115,-0.000794727740217102,"Kelechi Osemele","NYJ","OL",2019
"1883","00-0033875",1262,-0.00878175401372427,0.0208930217963635,-0.000798341273974933,"Haason Reddick","ARI","LB",2019
"1884","00-0033555",1175,-0.00878323904870027,0.0214689482700458,-0.00079847627715457,"Mack Hollins","MIA","WR",2019
"1885","00-0029585",290,-0.00879036909678595,0.0215115701769655,-0.000799124463344177,"Chandler Jones","ARI","LB",2019
"1886","00-0035399",1889,-0.00881441307888864,0.0220853666074944,-0.000801310279898967,"Stanley Morgan","CIN","WR",2019
"1887","00-0029901",344,-0.00882583859432347,0.0219334716526634,-0.000802348963120316,"Rashaan Melvin","DET","DB",2019
"1888","00-0028042",187,-0.00883507466652007,0.0208926779123904,-0.000803188606047279,"Luke Stocker","ATL","TE",2019
"1889","00-0031923",719,-0.00885871650092308,0.0220985307156031,-0.00080533786372028,"Greg Mancz","HOU","OL",2019
"1890","00-0034339",1432,-0.00886120914259371,0.0216169108736897,-0.000805564467508519,"Trey Quinn","WAS","WR",2019
"1891","00-0030403",409,-0.0088656844465022,0.0221449538627787,-0.000805971313318382,"B.W. Webb","CIN","DB",2019
"1892","00-0032728",926,-0.00887834530767294,0.0222747942242811,-0.00080712230069754,"Tevin Jones","DAL","WR",2019
"1893","00-0033885",1272,-0.00896509334131016,0.0239465319482211,-0.000815008485573651,"David Njoku","CLE","TE",2019
"1894","00-0031575",667,-0.00905812311994805,0.0211918134139934,-0.000823465738177096,"Jamil Douglas","TEN","OL",2019
"1895","00-0028074",190,-0.00908149910896412,0.021208596932289,-0.000825590828087648,"Anthony Sherman","KC","RB",2019
"1896","00-0033631",1204,-0.00908769828591002,0.0217455874470678,-0.000826154389628184,"Rashaad Coward","CHI","OL",2019
"1897","00-0035705",2023,-0.00910323510406476,0.0216024999254576,-0.000827566827642251,"Jalen Thompson","ARI","DB",2019
"1898","00-0032320",823,-0.00912367500169364,0.0221653640436394,-0.000829425000153967,"Erik Harris","OAK","DB",2019
"1899","00-0035251",1814,-0.0091784037072577,0.0231012988992047,-0.000834400337023428,"Will Grier","CAR","QB",2019
"1900","00-0030059",359,-0.0091968124204727,0.0217455969672053,-0.000836073856406609,"Ezekiel Ansah","SEA","DL",2019
"1901","00-0035698",2017,-0.00920422039436912,0.0219846725046208,-0.000836747308579011,"Chuma Edoga","NYJ","OL",2019
"1902","00-0023368",23,-0.00935716999650557,0.023310785588545,-0.000850651817864143,"Cameron Wake","TEN","LB",2019
"1903","00-0033681",1211,-0.00938369617976114,0.0215344800347026,-0.000853063289069194,"Keelan Cole","JAX","WR",2019
"1904","00-0034262",1396,-0.00938874786618747,0.0219776149236962,-0.00085352253328977,"P.J. Hall","OAK","DL",2019
"1905","00-0034969",1710,-0.00939148649247649,0.0216764990999942,-0.000853771499316045,"Ben Banogu","IND","DL",2019
"1906","00-0033895",1281,-0.0094024107908255,0.0215281938519804,-0.000854764617347773,"Gerald Everett","LA","TE",2019
"1907","00-0031299",582,-0.00940326863559947,0.0223156753600896,-0.000854842603236316,"Jordan Matthews","SF","WR",2019
"1908","00-0033912",1295,-0.00940426494409088,0.0223051734064896,-0.000854933176735535,"Jordan Willis","NYJ","DL",2019
"1909","00-0034593",1557,-0.00943528817062371,0.022562769237635,-0.000857753470056701,"Chris Lacy","DET","WR",2019
"1910","00-0027870",142,-0.00954229516537776,0.0209815267487999,-0.000867481378670706,"Maurkice Pouncey","PIT","OL",2019
"1911","00-0032259",816,-0.0095659310123142,0.0208337849943074,-0.000869630092028564,"Ereck Flowers","WAS","OL",2019
"1912","00-0032945",990,-0.00959731257394335,0.0214627246635302,-0.000872482961267577,"Duke Williams","BUF","WR",2019
"1913","00-0033525",1151,-0.00960543484894094,0.0223159009650285,-0.000873221349903722,"Ryan Anderson","WAS","LB",2019
"1914","00-0034071",1343,-0.00961269342405054,0.0239140381711276,-0.000873881220368231,"Danny Johnson","WAS","DB",2019
"1915","00-0032059",748,-0.00962494889181304,0.0219813681830906,-0.000874995353801185,"P.J. Williams","NO","DB",2019
"1916","00-0034771",1622,-0.00965456489579102,0.0224231428448014,-0.000877687717799184,"Mason Rudolph","PIT","QB",2019
"1917","00-0034788",1634,-0.00966745905260643,0.0211874289252024,-0.000878859913873312,"Jaeden Graham","ATL","TE",2019
"1918","00-0031016",499,-0.00967796213971877,0.0206079363351747,-0.000879814739974434,"Ross Cockrell","CAR","DB",2019
"1919","00-0034370",1460,-0.00972893237163371,0.02211349142309,-0.000884448397421246,"DaeSean Hamilton","DEN","WR",2019
"1920","00-0035350",1877,-0.0097508147368445,0.0218060848945554,-0.0008864377033495,"Preston Williams","MIA","WR",2019
"1921","00-0034377",1467,-0.00975980106015747,0.0215156345400978,-0.000887254641832497,"Avonte Maddox","PHI","DB",2019
"1922","00-0033530",1156,-0.0098173151798566,0.0225225871631389,-0.000892483198168782,"Robert Davis","PHI","WR",2019
"1923","00-0035279",1838,-0.00981909765588448,0.0217614056317828,-0.000892645241444044,"Charles Omenihu","HOU","DL",2019
"1924","00-0033734",1223,-0.00987449778864998,0.0213755806545325,-0.000897681617149999,"Jomal Wiltz","MIA","DB",2019
"1925","00-0032262",818,-0.00987723714661203,0.0216964828053782,-0.000897930649692003,"Landon Collins","WAS","DB",2019
"1926","00-0033528",1154,-0.00989646237977452,0.0212677303165632,-0.00089967839816132,"Jeremy Sprinkle","WAS","TE",2019
"1927","00-0034675",1579,-0.00990119117623001,0.0218359015340808,-0.000900108288748183,"Jessie Bates","CIN","DB",2019
"1928","00-0032251",812,-0.00990351645648188,0.0218915969133999,-0.000900319677861989,"Damarious Randall","CLE","DB",2019
"1929","00-0028664",220,-0.00990433049722096,0.0232585260374235,-0.000900393681565542,"Chris Jones","DAL","P",2019
"1930","00-0035236",1799,-0.00993882761394662,0.0215289873648875,-0.000903529783086056,"Byron Murphy","ARI","DB",2019
"1931","00-0029285",262,-0.0099932093846591,0.021783731789254,-0.000908473580423555,"Josh Norman","WAS","DB",2019
"1932","00-0034381",1470,-0.0100144481613881,0.0216356180834714,-0.000910404378308011,"Josh Sweat","PHI","DL",2019
"1933","00-0035334",1870,-0.0100502221876184,0.0227667624792855,-0.000913656562510763,"Kevin Strong","DET","DL",2019
"1934","00-0030883",491,-0.0100807232031641,0.0222776529874536,-0.000916429382105826,"Josh Mauro","OAK","DL",2019
"1935","00-0035652",1981,-0.0101257713735538,0.0221578064210525,-0.000920524670323069,"Ryan Finley","CIN","QB",2019
"1936","00-0034762",1614,-0.0102038344873364,0.022417040794444,-0.000927621317030586,"Billy Price","CIN","OL",2019
"1937","00-0030064",364,-0.0102194147110856,0.0211217142688568,-0.000929037701007778,"Jon Bostic","WAS","LB",2019
"1938","00-0024421",43,-0.0103439312696208,0.0218596991792989,-0.000940357388147344,"Antoine Bethea","NYG","DB",2019
"1939","00-0032891",977,-0.0103825238403341,0.0202172899963421,-0.000943865803666734,"Daryl Worley","OAK","DB",2019
"1940","00-0033568",1183,-0.0103902007792669,0.0214125649591082,-0.000944563707206082,"Nate Hairston","NYJ","DB",2019
"1941","00-0028237",209,-0.0104332447362949,0.0229404251680952,-0.000948476794208627,"Chris Hogan","CAR","WR",2019
"1942","00-0031868",710,-0.0104691375348136,0.0219553793164919,-0.000951739775892146,"Damiere Byrd","ARI","WR",2019
"1943","00-0033527",1153,-0.0105076780810831,0.0214790675557702,-0.000955243461916647,"Montae Nicholson","WAS","DB",2019
"1944","00-0023298",22,-0.0105091956450075,0.022454893264174,-0.000955381422273407,"L.P. LaDouceur","DAL","LS",2019
"1945","00-0029678",316,-0.0105449408095074,0.022417072658109,-0.000958630982682494,"David DeCastro","PIT","OL",2019
"1946","00-0031999",737,-0.0105682634119932,0.021636373580096,-0.000960751219272112,"Justin March-Lillard","DAL","LB",2019
"1947","00-0029419",272,-0.0105827135689414,0.0218686660463544,-0.000962064869903761,"Dennis Kelly","TEN","OL",2019
"1948","00-0034970",1711,-0.0105851192549613,0.022166405464604,-0.000962283568632845,"Irv Smith","MIN","TE",2019
"1949","00-0027686",119,-0.0105898406059415,0.0222815023093567,-0.00096271278235832,"Corey Peters","ARI","DL",2019
"1950","00-0031273",573,-0.010595048839261,0.0211694579501309,-0.000963186258114639,"Cameron Brate","TB","TE",2019
"1951","00-0033994",1336,-0.0106289280819978,0.0217145168547307,-0.000966266189272531,"Fred Brown","DEN","WR",2019
"1952","00-0035148",1772,-0.0106416302754299,0.0229976409205228,-0.000967420934129995,"Darwin Thompson","KC","RB",2019
"1953","00-0034073",1344,-0.0107013396359036,0.0220380924421858,-0.00097284905780942,"Ross Dwelley","SF","TE",2019
"1954","00-0032602",908,-0.0107158402707494,0.0219184307047247,-0.000974167297340858,"J.D. McKissic","DET","RB",2019
"1955","00-0032574",900,-0.010735209804939,0.0218743897542586,-0.000975928164085364,"Michael Pierce","BAL","DL",2019
"1956","00-0034373",1463,-0.0108244119935877,0.021387209287479,-0.000984037453962523,"Dorance Armstrong","DAL","DL",2019
"1957","00-0030648",466,-0.0108292953557615,0.0216047783222556,-0.000984481395978321,"Alejandro Villanueva","PIT","OL",2019
"1958","00-0030566",456,-0.010922032814905,0.020701299821122,-0.000992912074082269,"D.J. Swearinger","NO","DB",2019
"1959","00-0034433",1510,-0.0109625561596854,0.0215846571936773,-0.000996596014516851,"Nick Bawden","DET","RB",2019
"1960","00-0031142",535,-0.010975465948048,0.0220310212075227,-0.000997769631640727,"Matt Feiler","PIT","OL",2019
"1961","00-0035684",2005,-0.0110178736800624,0.0224105594544207,-0.00100162488000567,"Deandre Baker","NYG","DB",2019
"1962","00-0030968",495,-0.0110289322636926,0.0217587705073728,-0.00100263020579024,"Keith Smith","ATL","RB",2019
"1963","00-0031362",604,-0.0110508474451983,0.022143138542795,-0.00100462249501803,"Trai Turner","CAR","OL",2019
"1964","00-0033009",1010,-0.0111354701189322,0.0227593663415993,-0.00101231546535748,"Tyler Boyd","CIN","WR",2019
"1965","00-0033567",1182,-0.0111745892427884,0.0218363605349093,-0.0010158717493444,"Brian Hill","ATL","RB",2019
"1966","00-0034754",1609,-0.0111839364979596,0.0224911818807656,-0.00101672149981451,"Oren Burks","GB","LB",2019
"1967","00-0030108",381,-0.0112438824917548,0.0214182598650286,-0.00102217113561408,"Ryan Griffin","NYJ","TE",2019
"1968","00-0030496",431,-0.0113841617898767,0.0219901593094201,-0.0010349237990797,"Le'Veon Bell","NYJ","RB",2019
"1969","00-0031350",599,-0.0114274010557167,0.0224904312280402,-0.00103885464142879,"Corey Nelson","DEN","LB",2019
"1970","00-0034297",1416,-0.0114274275316008,0.0219434657448111,-0.00103885704832734,"Byron Pringle","KC","WR",2019
"1971","00-0034902",1694,-0.0114649703348305,0.021742797571815,-0.00104227003043914,"Sam Eguavoen","MIA","LB",2019
"1972","00-0031389",618,-0.0114732784913967,0.022214133327105,-0.0010430253173997,"Lamarcus Joyner","OAK","DB",2019
"1973","00-0032688",920,-0.0114839457701837,0.0217917131877343,-0.0010439950700167,"Robby Anderson","NYJ","WR",2019
"1974","00-0028101",196,-0.0114940510314154,0.0218369870665486,-0.00104491373012867,"Daniel Kilgore","MIA","OL",2019
"1975","00-0033050",1021,-0.0115376910435133,0.0227457838020604,-0.00104888100395576,"Xavien Howard","MIA","DB",2019
"1976","00-0035638",1969,-0.0116475603097477,0.0213043658706881,-0.00105886911906798,"Greedy Williams","CLE","DB",2019
"1977","00-0031259",566,-0.0117713452959146,0.0218847080121481,-0.0010701222996286,"Aaron Colvin","WAS","DB",2019
"1978","00-0035644",1974,-0.0118188628503079,0.0211200712130469,-0.00107444207730072,"Noah Fant","DEN","TE",2019
"1979","00-0030294",399,-0.0118398450244003,0.0221775133046305,-0.00107634954767275,"Tony Jefferson","BAL","DB",2019
"1980","00-0030484",430,-0.0118421953909455,0.0225112485852577,-0.00107656321735868,"Jamar Taylor","ATL","DB",2019
"1981","00-0032209",792,-0.0118758153669988,0.0221170290616986,-0.00107961957881807,"T.J. Yeldon","BUF","RB",2019
"1982","00-0028142",204,-0.0118805764919639,0.022132119509192,-0.00108005240836035,"Virgil Green","LAC","TE",2019
"1983","00-0024389",41,-0.011912087302569,0.0229682336645188,-0.00108291702750627,"Delanie Walker","TEN","TE",2019
"1984","00-0035655",1983,-0.0120189060741624,0.0216993612261932,-0.00109262782492386,"Will Harris","DET","DB",2019
"1985","00-0033819",1243,-0.0120557788811562,0.0225973151855107,-0.00109597989828693,"Jamal Carter","ATL","DB",2019
"1986","00-0033658",1207,-0.0121870116746809,0.0216184107879792,-0.00110791015224372,"Blake Jarwin","DAL","TE",2019
"1987","00-0034832",1666,-0.0121935690761935,0.0224351592136927,-0.00110850627965396,"Bradley Chubb","DEN","DL",2019
"1988","00-0033960",1328,-0.0123144872022908,0.0231396721255577,-0.00111949883657189,"Danny Isidora","MIA","OL",2019
"1989","00-0033963",1330,-0.0123819506570217,0.0220207560538943,-0.00112563187791107,"Tanzel Smart","LA","DL",2019
"1990","00-0035244",1807,-0.0124332710479836,0.0207615502548568,-0.00113029736799851,"Lonnie Johnson","HOU","DB",2019
"1991","00-0034876",1691,-0.0125011174469078,0.0211577220525503,-0.00113646522244617,"Christopher Ezeala","BAL","RB",2019
"1992","00-0034780",1629,-0.0125514704468924,0.0213339509205248,-0.00114104276789931,"Isaac Yiadom","DEN","DB",2019
"1993","00-0030228",393,-0.0125690033793157,0.0215632665041793,-0.00114263667084689,"A.J. Bouye","JAX","DB",2019
"1994","00-0032791",957,-0.0126790207483973,0.0212565167661936,-0.0011526382498543,"Jakeem Grant","MIA","WR",2019
"1995","00-0030382",404,-0.0127161345459308,0.0207083009844049,-0.00115601223144826,"Kevin Minter","TB","LB",2019
"1996","00-0033785",1235,-0.0127410292440293,0.0226280886362926,-0.00115827538582084,"Zach Banner","PIT","OL",2019
"1997","00-0023894",33,-0.0127731657111358,0.0221032801512087,-0.00116119688283053,"Donald Penn","WAS","OL",2019
"1998","00-0028908",227,-0.0127765396724647,0.0214923703176278,-0.0011615036065877,"Michael Thomas","NYG","DB",2019
"1999","00-0033566",1181,-0.0129167362863575,0.0209872973788926,-0.00117424875330523,"Desmond King","LAC","DB",2019
"2000","00-0031566",663,-0.0131261837911036,0.0218571063391798,-0.00119328943555487,"Trey Flowers","DET","DL",2019
"2001","00-0033948",1321,-0.013248863548007,0.0212100060949232,-0.0012044421407279,"Jamaal Williams","GB","RB",2019
"2002","00-0033544",1167,-0.0133078532041283,0.022926719644363,-0.00120980483673893,"Quincy Wilson","IND","DB",2019
"2003","00-0033882",1269,-0.0136900819085477,0.0205438278808922,-0.00124455290077706,"Gareon Conley","HOU","DB",2019
"2004","00-0033574",1189,-0.0137149659673657,0.0217684990708566,-0.00124681508794234,"Avery Moss","MIA","DL",2019
"2005","00-0034343",1434,-0.0137792998151025,0.0225932472577917,-0.00125266361955478,"Josh Rosen","MIA","QB",2019
"2006","00-0034674",1578,-0.0138549674028799,0.0219782902985331,-0.0012595424911709,"Leighton Vander Esch","DAL","LB",2019
"2007","00-0034977",1717,-0.0139799892937321,0.0220515867522845,-0.00127090811761201,"Sheldrick Redwine","CLE","DB",2019
"2008","00-0034799",1645,-0.0139851037316944,0.0215285934387294,-0.00127137306651767,"Kalen Ballage","MIA","RB",2019
"2009","00-0033376",1113,-0.0139993180586733,0.0216954534124657,-0.00127266527806121,"Patrick Ricard","BAL","RB",2019
"2010","00-0030449",421,-0.0145576524694336,0.0219416957354044,-0.00132342295176669,"Margus Hunt","IND","DL",2019
"2011","00-0028581",218,-0.0149156235558862,0.0223716883820314,-0.00135596577780784,"Patrick DiMarco","BUF","RB",2019
"2012","00-0025446",50,-0.0149302568284773,0.0221018700700178,-0.00135729607531612,"Ryan Kalil","NYJ","OL",2019
"2013","00-0031570",665,-0.0154287699678311,0.0216518160447982,-0.00140261545162101,"Justin Hardy","ATL","WR",2019
"2014","00-0033124",1059,-0.0155184677028365,0.0222854897729992,-0.00141076979116695,"Will Redmond","GB","DB",2019
"2015","00-0035685",2006,-0.0160279157195585,0.0204560642095702,-0.00145708324723259,"David Montgomery","CHI","RB",2019
"2016","00-0032935",986,-0.0161783027058153,0.0224081773769643,-0.00147075479143775,"Johnny Holton","PIT","WR",2019
"2017","00-0030792",484,-0.0162293761234698,0.0222164027759315,-0.00147539782940634,"Justin McCray","CLE","OL",2019
"2018","00-0031555",656,-0.0162715751816406,0.0230348607934131,-0.00147923410742187,"Eric Rowe","MIA","DB",2019
"2019","00-0031330",588,-0.0165160687473203,0.0214224243033148,-0.00150146079521094,"Morgan Moses","WAS","OL",2019
"2020","00-0032758",931,-0.0168122091166991,0.0212411852359896,-0.00152838264697265,"Vernon Hargreaves III","HOU","DB",2019
"2021","00-0034412",1494,-0.0168785249511702,0.0218953245729075,-0.00153441135919729,"Luke Falk","NYJ","QB",2019
"2022","00-0027375",103,-0.0171388762265948,0.0209971682592401,-0.00155807965696317,"Tramaine Brock","TEN","DB",2019
"2023","00-0033123",1058,-0.0172299646392137,0.0212459504137181,-0.0015663604217467,"Yannick Ngakoue","JAX","DL",2019
"2024","00-0030427",414,-0.0172373092786779,0.0211119268728226,-0.00156702811624344,"Kemal Ishmael","ATL","DB",2019
"2025","00-0033445",1133,-0.0176224843347986,0.0217547117614161,-0.00160204403043624,"Nicholas Morrow","OAK","LB",2019
"2026","00-0032420",861,-0.0177794962882962,0.0225612024738102,-0.00161631784439056,"Brandon Shell","NYJ","OL",2019
"2027","00-0034798",1644,-0.0180073813670609,0.0219095098786846,-0.00163703466973281,"Durham Smythe","MIA","TE",2019
"2028","00-0027609",109,-0.0183272159239791,0.0217847261145203,-0.00166611053854356,"J'Marcus Webb","MIA","OL",2019
"2029","00-0030312",401,-0.0185629763555945,0.0210434922732917,-0.00168754330505404,"Jahleel Addae","HOU","DB",2019
"2030","00-0033880",1267,-0.0191934307099877,0.0229446513834484,-0.0017448573372716,"Charles Harris","MIA","DL",2019
"2031","00-0034386",1475,-0.0192632156128465,0.0218990298269215,-0.00175120141934968,"Justin Watson","TB","WR",2019
"2032","00-0030066",366,-0.0196688097943712,0.0214740869516356,-0.00178807361767011,"Brian Winters","NYJ","OL",2019
"2033","00-0034797",1643,-0.020141603443394,0.0230567799605331,-0.00183105485849036,"Jerome Baker","MIA","LB",2019
"2034","00-0035708",2025,-0.0209658975709323,0.0220358975318775,-0.00190599068826657,"Oshane Ximines","NYG","LB",2019
