"","nfl_id","player_idx","apm","apm_sd","apm_per_play","full_name","team","position","season"
"1","00-0027136",97,0.0257351558948236,0.0218716424671665,0.00233955962680214,"Jason McCourty","NE","DB",2019
"2","00-0031325",587,0.023328119491487,0.0210117015166741,0.00212073813558973,"Sammy Watkins","KC","WR",2019
"3","00-0030506",436,0.0216794596198079,0.0214760776662384,0.00197085996543708,"Travis Kelce","KC","TE",2019
"4","00-0033293",1092,0.021556269883121,0.021599123125942,0.00195966089846554,"Aaron Jones","GB","RB",2019
"5","00-0033589",1196,0.0214500233514467,0.0213085857272708,0.00195000212285879,"David Moore","SEA","WR",2019
"6","00-0033096",1044,0.021423321081157,0.0208160714468433,0.00194757464374154,"Shaq Lawson","BUF","DL",2019
"7","00-0034753",1608,0.0213234736358559,0.0218401780576133,0.00193849760325963,"Mark Andrews","BAL","TE",2019
"8","00-0032057",746,0.0211384773877982,0.0213481638863723,0.00192167976252711,"Jaquiski Tartt","SF","DB",2019
"9","00-0029542",279,0.0208899435666512,0.0225015650482299,0.00189908577878647,"Stephon Gilmore","NE","DB",2019
"10","00-0031253",561,0.0208476011384417,0.0217470751242782,0.00189523646713106,"K'Waun Williams","SF","DB",2019
"11","00-0032580",903,0.0206564919325828,0.0193465174079985,0.00187786290296208,"Jonathan Jones","NE","DB",2019
"12","00-0030383",405,0.020277917707715,0.0214167807434652,0.00184344706433773,"Duron Harmon","NE","DB",2019
"13","00-0034281",1410,0.0201338582070151,0.0213227736803767,0.00183035074609228,"Bradley Bozeman","BAL","OL",2019
"14","00-0025473",52,0.0198817019332512,0.0212963409147576,0.00180742744847738,"Marshal Yanda","BAL","OL",2019
"15","00-0034752",1607,0.0193869958025802,0.0219474458044277,0.00176245416387092,"Orlando Brown","BAL","OL",2019
"16","00-0033873",1260,0.0191914716507668,0.0211754971888767,0.0017446792409788,"Patrick Mahomes","KC","QB",2019
"17","00-0030584",462,0.0190738263200744,0.0208367616914334,0.00173398421091586,"Eric Fisher","KC","OL",2019
"18","00-0033046",1018,0.0189315195077869,0.0219604105874567,0.00172104722798063,"Jihad Ward","BAL","DL",2019
"19","00-0035342",1874,0.0188516589200209,0.0215069811593629,0.00171378717454735,"Patrick Laird","MIA","RB",2019
"20","00-0034796",1642,0.0186958535253211,0.0222289103917643,0.00169962304775647,"Lamar Jackson","BAL","QB",2019
"21","00-0031958",733,0.0184479009560169,0.0220645670642225,0.00167708190509244,"Austin Reiter","KC","OL",2019
"22","00-0027986",177,0.0183878107956596,0.0218607459209449,0.00167161916324178,"Stefen Wisniewski","KC","OL",2019
"23","00-0034778",1627,0.0183368508100023,0.0207872328018789,0.00166698643727293,"Carlton Davis","TB","DB",2019
"24","00-0035662",1987,0.0180247699371761,0.0221215207902254,0.00163861544883419,"Marquise Brown","BAL","WR",2019
"25","00-0031166",538,0.0178033374625528,0.0207018179876236,0.00161848522386844,"Seth Roberts","BAL","WR",2019
"26","00-0032965",998,0.0176516768257087,0.0211884048251682,0.00160469789324625,"Ronnie Stanley","BAL","OL",2019
"27","00-0030874",490,0.0174846360424967,0.0205743693967577,0.0015895123674997,"Damien Williams","KC","RB",2019
"28","00-0028092",194,0.0172845313739146,0.0223138189011457,0.00157132103399224,"Richard Sherman","SF","DB",2019
"29","00-0033858",1250,0.0170305408330126,0.020884705282391,0.00154823098481933,"Jonnu Smith","TEN","TE",2019
"30","00-0030434",416,0.0166704148520468,0.0218185778349828,0.00151549225927698,"Vince Williams","PIT","LB",2019
"31","00-0029253",252,0.0166417812700274,0.0220821272253366,0.00151288920636613,"Mitchell Schwartz","KC","OL",2019
"32","00-0031765",700,0.016536130380173,0.0207258031362658,0.00150328458001572,"Nick Easton","NO","OL",2019
"33","00-0032764",937,0.016521114200871,0.0212950359987139,0.00150191947280645,"Derrick Henry","TEN","RB",2019
"34","00-0027685",118,0.0164735780094889,0.0219563152758725,0.00149759800086263,"Emmanuel Sanders","SF","WR",2019
"35","00-0033381",1114,0.0164367774237513,0.0210272387927867,0.0014942524930683,"Adam Butler","NE","DL",2019
"36","00-0033288",1089,0.0164247002838595,0.0214582536389108,0.00149315457125995,"George Kittle","SF","TE",2019
"37","00-0027981",175,0.0161735286782906,0.0201777316943797,0.00147032078893551,"Kyle Rudolph","MIN","TE",2019
"38","00-0029701",326,0.0161291903417004,0.0209902493048686,0.00146629003106367,"Ryan Tannehill","TEN","QB",2019
"39","00-0030463",426,0.0159498654065623,0.0200939358444206,0.00144998776423294,"A.J. Klein","NO","LB",2019
"40","00-0029892",341,0.0158948968024122,0.0217752282072254,0.00144499061840111,"Kyle Juszczyk","SF","RB",2019
"41","00-0027647",110,0.0157748634079086,0.0208271916216314,0.00143407849162805,"Devin McCourty","NE","DB",2019
"42","00-0034764",1616,0.0155933995400772,0.0220034836580207,0.00141758177637065,"Michael Gallup","DAL","WR",2019
"43","00-0033025",1014,0.0154959572748709,0.0210064574169119,0.00140872338862463,"Jalen Richard","OAK","RB",2019
"44","00-0032392",842,0.0151079966663425,0.0202970441143099,0.00137345424239477,"Austin Hooper","ATL","TE",2019
"45","00-0034815",1655,0.0150495490045299,0.0211093405425624,0.00136814081859363,"Fred Warner","SF","LB",2019
"46","00-0031596",681,0.0150056082604984,0.0212351165407478,0.00136414620549986,"David Mayo","NYG","LB",2019
"47","00-0035640",1971,0.0149141939376132,0.0214340377446983,0.00135583581251029,"D.K. Metcalf","SEA","WR",2019
"48","00-0031687",693,0.0149008979349856,0.0212682897017542,0.00135462708499869,"Raheem Mostert","SF","RB",2019
"49","00-0027944",156,0.0148532784791931,0.0220041565225537,0.00135029804356301,"Julio Jones","ATL","WR",2019
"50","00-0033283",1086,0.0146667704884477,0.0221999043860216,0.00133334277167707,"Tyus Bowser","BAL","LB",2019
"51","00-0031360",602,0.0145666870879783,0.0205856580810219,0.0013242442807253,"Kyle Van Noy","NE","LB",2019
"52","00-0032227",799,0.014503801399146,0.0215551802676952,0.00131852739992236,"Jeff Heuerman","DEN","TE",2019
"53","00-0031740",697,0.0144199675351195,0.0211963227132548,0.00131090613955632,"Neville Hewitt","NYJ","LB",2019
"54","00-0022127",7,0.0143620867722374,0.0211316998586195,0.00130564425202159,"Jason Witten","DAL","TE",2019
"55","00-0034096",1350,0.0143096686919584,0.0205155246146402,0.00130087897199622,"Emmanuel Moseley","SF","DB",2019
"56","00-0031544",647,0.0142015024093499,0.0214223015989168,0.00129104567357727,"Amari Cooper","DAL","WR",2019
"57","00-0032626",909,0.0141427037000271,0.0221534423800725,0.0012857003363661,"Geronimo Allison","GB","WR",2019
"58","00-0033040",1016,0.0139992194816641,0.0209968154449841,0.00127265631651492,"Tyreek Hill","KC","WR",2019
"59","00-0031022",502,0.0138921014606206,0.0206986545737339,0.00126291831460187,"Laurent Duvernay-Tardif","KC","OL",2019
"60","00-0035643",1973,0.0135376107425737,0.0216253388329671,0.00123069188568852,"Jeffery Simmons","TEN","DL",2019
"61","00-0034837",1671,0.0134469987062062,0.0213926030660559,0.00122245442783693,"Calvin Ridley","ATL","WR",2019
"62","00-0032109",761,0.0134200626340603,0.0216591558423774,0.00122000569400548,"Kwon Alexander","SF","LB",2019
"63","00-0035526",1918,0.0133702150143619,0.0210461192786848,0.00121547409221471,"Elgton Jenkins","GB","OL",2019
"64","00-0032575",901,0.0133655853442581,0.0199955557220898,0.00121505321311437,"Matt Skura","BAL","OL",2019
"65","00-0032775",944,0.0133050145551957,0.0216566051963571,0.00120954677774506,"Demarcus Robinson","KC","WR",2019
"66","00-0033077",1035,0.0130566739585868,0.0217398397813117,0.00118697035987152,"Dak Prescott","DAL","QB",2019
"67","00-0031402",621,0.0129747428237765,0.0214462210233324,0.00117952207488877,"Zack Martin","DAL","OL",2019
"68","00-0034388",1477,0.0128701623043161,0.0207400685923963,0.00117001475493782,"Davontae Harris","DEN","DB",2019
"69","00-0034983",1723,0.0128107084422266,0.022550160553379,0.00116460985838424,"Hunter Renfrow","OAK","WR",2019
"70","00-0033466",1140,0.0127934708798073,0.0199814412845104,0.00116304280725521,"Isaiah McKenzie","BUF","WR",2019
"71","00-0032773",942,0.0126710322690131,0.0212334863160431,0.00115191202445574,"Nick Kwiatkoski","CHI","LB",2019
"72","00-0034334",1428,0.0126471023254451,0.0210773543838373,0.00114973657504047,"Troy Apke","WAS","DB",2019
"73","00-0027860",136,0.0126270048980467,0.0210707628973131,0.00114790953618607,"Joe Haden","PIT","DB",2019
"74","00-0033127",1061,0.0125352132967826,0.0211166463963847,0.00113956484516205,"Will Fuller","HOU","WR",2019
"75","00-0035717",2030,0.0125166414961355,0.0209080491115943,0.00113787649964868,"Nick Bosa","SF","DL",2019
"76","00-0031548",650,0.012408866228295,0.0203144828282541,0.00112807874802682,"Kevin Johnson","BUF","DB",2019
"77","00-0028002",180,0.0123854868334086,0.0227584584429895,0.00112595334849169,"Randall Cobb","DAL","WR",2019
"78","00-0030500",432,0.012151291892037,0.0224202897367787,0.00110466289927609,"Nick Williams","CHI","DL",2019
"79","00-0033560",1178,0.0120698057215022,0.021031628339189,0.00109725506559111,"Julie'n Davenport","MIA","OL",2019
"80","00-0027663",113,0.0119764509545122,0.0216054544638005,0.00108876826859202,"Sean Lee","DAL","LB",2019
"81","00-0027969",171,0.0119664996528544,0.0207699181160587,0.00108786360480494,"Cameron Heyward","PIT","DL",2019
"82","00-0029607",297,0.011906640038397,0.0209718726865275,0.00108242182167246,"Demario Davis","NO","LB",2019
"83","00-0033503",1146,0.0118513614970216,0.0221651380656443,0.00107739649972924,"Arthur Maulet","NYJ","DB",2019
"84","00-0032765",938,0.0118265644495058,0.0218329016742952,0.00107514222268234,"Michael Thomas","NO","WR",2019
"85","00-0027862",137,0.0118117541036325,0.0210926787922876,0.00107379582760295,"Tyson Alualu","PIT","DL",2019
"86","00-0031785",702,0.0117916751052157,0.0212848646794532,0.00107197046411052,"Troy Hill","LA","DB",2019
"87","00-0027962",167,0.0117105625803819,0.0216720028802801,0.00106459659821654,"Cameron Jordan","NO","DL",2019
"88","00-0030148",385,0.0116514221473555,0.0217396330128268,0.00105922019521414,"Damion Square","LAC","DL",2019
"89","00-0033461",1138,0.0116030112495253,0.0213231629041518,0.0010548192045023,"Raekwon McMillan","MIA","LB",2019
"90","00-0027867",140,0.0115684516050129,0.0222692957103257,0.00105167741863754,"Jason Pierre-Paul","TB","LB",2019
"91","00-0035678",2001,0.0114200565986541,0.0210838506726877,0.00103818696351401,"Dre'Mont Jones","DEN","DL",2019
"92","00-0030279",397,0.0113516816076873,0.0208035669519918,0.0010319710552443,"Keenan Allen","LAC","WR",2019
"93","00-0032424",864,0.011319101711624,0.0216183835330898,0.00102900924651128,"D.J. Reader","HOU","DL",2019
"94","00-0035336",1871,0.0113010451704943,0.0214265755408633,0.00102736774277221,"Shaq Calhoun","MIA","OL",2019
"95","00-0030669",470,0.0112176433510525,0.0217252973024639,0.00101978575918659,"Albert Wilson","MIA","WR",2019
"96","00-0029562",283,0.011189290630623,0.0215481408726858,0.00101720823914755,"Lavonte David","TB","LB",2019
"97","00-0030997",497,0.0111192540860781,0.0197304511518576,0.00101084128055256,"Zach Fulton","HOU","OL",2019
"98","00-0032165",785,0.0111173929544546,0.0196378102956932,0.0010106720867686,"Marcus Peters","BAL","DB",2019
"99","00-0033392",1118,0.0110824102247024,0.0218922002018131,0.00100749183860931,"Harvey Langi","NYJ","LB",2019
"100","00-0033221",1073,0.0110728217032827,0.0210446643871429,0.00100662015484388,"Daniel Brunskill","SF","OL",2019
"101","00-0030421",413,0.0110708619624938,0.0213004079950558,0.00100644199659034,"Jamie Collins","NE","LB",2019
"102","00-0033871",1258,0.0110254887699078,0.0218732584200696,0.00100231716090071,"Corey Davis","TEN","WR",2019
"103","00-0032413",855,0.0109531496227478,0.0231195514815771,0.000995740874795258,"Ronald Blair","SF","DL",2019
"104","00-0035250",1813,0.0109071147556895,0.0201708040953173,0.000991555886880865,"Devin Singletary","BUF","RB",2019
"105","00-0032418",859,0.0108695559904242,0.0208927715380123,0.000988141453674931,"Joe Dahl","DET","OL",2019
"106","00-0029409",267,0.0108423790984423,0.0212290307210618,0.000985670827131115,"Mychal Kendricks","SEA","LB",2019
"107","00-0033893",1279,0.0108291962497815,0.0209322528574666,0.000984472386343769,"Dalvin Cook","MIN","RB",2019
"108","00-0034789",1635,0.0108279669619371,0.0219240144873419,0.000984360632903374,"Minkah Fitzpatrick","PIT","DB",2019
"109","00-0027947",157,0.0108233360339167,0.0219506909471428,0.000983939639446969,"Tyron Smith","DAL","OL",2019
"110","00-0027723",125,0.0107824127954398,0.0218037919902199,0.000980219345039981,"Al Woods","SEA","DL",2019
"111","00-0030442",418,0.0107718698796876,0.021977677966045,0.000979260898153419,"John Simon","NE","DL",2019
"112","00-0031040",508,0.0107657029703227,0.0220576081217531,0.000978700270029333,"Khalil Mack","CHI","LB",2019
"113","00-0030573",458,0.0107615690939477,0.0216740092640417,0.000978324463086156,"Sheldon Richardson","CLE","DL",2019
"114","00-0035707",2024,0.0107393113479143,0.0208874210115081,0.000976301031628573,"Devin White","TB","LB",2019
"115","00-0028015",183,0.0107303785739424,0.0222191326000457,0.000975488961267495,"Jurrell Casey","TEN","DL",2019
"116","00-0034951",1703,0.0107128335604204,0.0229496652534468,0.000973893960038219,"Fred Johnson","CIN","OL",2019
"117","00-0032146",776,0.010690654415404,0.0215001097249778,0.000971877674127635,"Bud Dupree","PIT","LB",2019
"118","00-0031610",685,0.0106729371911997,0.0216239172207878,0.000970267017381791,"Darren Waller","OAK","TE",2019
"119","00-0027865",138,0.0106376292560349,0.0210566244741803,0.000967057205094078,"Brandon Graham","PHI","DL",2019
"120","00-0027966",170,0.010628716638859,0.0205341103038696,0.000966246967169,"Mark Ingram","BAL","RB",2019
"121","00-0034397",1485,0.0106284951407258,0.0207616762038861,0.000966226830975072,"Tim Settle","WAS","DL",2019
"122","00-0029413",270,0.0106266967700287,0.0203935378636687,0.000966063342729886,"Ben Jones","TEN","OL",2019
"123","00-0033119",1054,0.0105845321599882,0.0214105452824787,0.000962230196362561,"Jacoby Brissett","IND","QB",2019
"124","00-0027150",98,0.0105758139725457,0.0214781663079435,0.000961437633867789,"Julian Edelman","NE","WR",2019
"125","00-0035230",1793,0.0105451501782302,0.020792950785953,0.000958650016202744,"Ed Oliver","BUF","DL",2019
"126","00-0030067",367,0.0105116644361797,0.0210046225596866,0.000955605857834514,"Terron Armstead","NO","OL",2019
"127","00-0035525",1917,0.0104733373457616,0.0212320070818986,0.000952121576887415,"Devin Bush","PIT","LB",2019
"128","00-0035654",1982,0.0104556050151524,0.0215934051907436,0.000950509546832039,"Chase Winovich","NE","DL",2019
"129","00-0032355",825,0.010417363896728,0.022608470733683,0.000947033081520724,"Chester Rogers","IND","WR",2019
"130","00-0030546",447,0.0103979327392697,0.0218962098419561,0.000945266612660878,"Travis Frederick","DAL","OL",2019
"131","00-0020531",4,0.0103966616280031,0.0226772906407338,0.000945151057091193,"Drew Brees","NO","QB",2019
"132","00-0033699",1215,0.0103617342303627,0.021513363218518,0.000941975839123881,"Austin Ekeler","LAC","RB",2019
"133","00-0022921",15,0.010207689358359,0.0207280860575505,0.000927971759850822,"Larry Fitzgerald","ARI","WR",2019
"134","00-0031554",655,0.0102072945348885,0.0212073378928234,0.000927935866808047,"Eric Kendricks","MIN","LB",2019
"135","00-0032210",793,0.0102041793541191,0.0216479126166418,0.000927652668556278,"Frank Clark","KC","DL",2019
"136","00-0030821",485,0.0102035208490179,0.0211208795601644,0.000927592804456177,"Allen Hurns","MIA","WR",2019
"137","00-0033906",1289,0.0101956255004207,0.0211490138287784,0.000926875045492793,"Alvin Kamara","NO","RB",2019
"138","00-0031338",592,0.0101294022994282,0.0209486568692018,0.000920854754493469,"Terrence Brooks","NE","DB",2019
"139","00-0034275",1406,0.0101252805298821,0.0212585238968478,0.0009204800481711,"Foley Fatukasi","NYJ","DL",2019
"140","00-0031041",509,0.0101164899803917,0.0222496471150741,0.000919680907308339,"Kyle Fuller","CHI","DB",2019
"141","00-0035140",1764,0.0100619690872002,0.0208399817849559,0.000914724462472745,"Mecole Hardman","KC","WR",2019
"142","00-0027061",94,0.0100605961730284,0.0217672945498656,0.000914599652093491,"Jared Cook","NO","TE",2019
"143","00-0031549",651,0.010018023130954,0.0224119683386541,0.000910729375541274,"Nelson Agholor","PHI","WR",2019
"144","00-0034760",1613,0.00971309345485823,0.0217971694091991,0.000883008495896203,"Nathan Shepherd","NYJ","DL",2019
"145","00-0034283",1411,0.00966251179619667,0.0222686702418869,0.000878410163290606,"Jullian Taylor","SF","DL",2019
"146","00-0035242",1805,0.00962445984417632,0.021736586418765,0.00087495089492512,"Erik McCoy","NO","OL",2019
"147","00-0033122",1057,0.00956943234205799,0.0215963478288167,0.000869948394732545,"Shilique Calhoun","NE","LB",2019
"148","00-0034678",1582,0.00954409071540562,0.02173101932231,0.00086764461049142,"Alex Cappa","TB","OL",2019
"149","00-0033051",1022,0.00951418425754902,0.0213619153477163,0.000864925841595366,"David Onyemata","NO","DL",2019
"150","00-0035687",2008,0.00933829162525401,0.0201990727968638,0.000848935602295819,"Bobby Okereke","IND","LB",2019
"151","00-0034659",1573,0.0092763127006046,0.0212504235566259,0.000843301154600418,"Sharif Finch","TEN","LB",2019
"152","00-0031386",615,0.00924705568929616,0.0212611778515561,0.000840641426299651,"Greg Robinson","CLE","OL",2019
"153","00-0031427",631,0.00923737596101256,0.0215813576303797,0.000839761451001142,"Todd Davis","DEN","LB",2019
"154","00-0031300",583,0.00921105202670312,0.0207370497835601,0.00083736836606392,"Trent Murphy","BUF","DL",2019
"155","00-0031787",703,0.00920365277051906,0.0213753615441082,0.000836695706410824,"Jake Kumerow","GB","WR",2019
"156","00-0031345",595,0.00917344199326919,0.0225019720541989,0.000833949272115381,"Jimmy Garoppolo","SF","QB",2019
"157","00-0033884",1271,0.00911117824247667,0.021837356883146,0.000828288931134243,"Tre'Davious White","BUF","DB",2019
"158","00-0031412",627,0.00907280509143447,0.0210761850664894,0.000824800462857679,"Stephon Tuitt","PIT","DL",2019
"159","00-0027956",163,0.00899496540761282,0.0210895251959776,0.000817724127964801,"Corey Liuget","BUF","DL",2019
"160","00-0031598",683,0.00890112468951746,0.0202856139492504,0.000809193153592496,"Nick Boyle","BAL","TE",2019
"161","00-0033452",1135,0.00890005350589463,0.0214789104894517,0.000809095773263149,"Austin Calitro","JAX","LB",2019
"162","00-0030761",481,0.00889616136305792,0.0217751102690941,0.000808741942096175,"Joe Thomas","DAL","LB",2019
"163","00-0033923",1302,0.00889120010220151,0.0217178014990835,0.000808290918381955,"Kareem Hunt","CLE","RB",2019
"164","00-0031597",682,0.00884369162420681,0.0215630109564378,0.000803971965836982,"Tye Smith","TEN","DB",2019
"165","00-0033888",1274,0.00881749481509129,0.021018057990222,0.000801590437735572,"Ryan Ramczyk","NO","OL",2019
"166","00-0034428",1506,0.00875949635948118,0.0213495384203264,0.000796317850861925,"Leon Jacobs","JAX","LB",2019
"167","00-0032778",946,0.00870893795414169,0.0218265236344449,0.000791721632194699,"Tajae Sharpe","TEN","WR",2019
"168","00-0034847",1680,0.00863676464106291,0.0214020364960594,0.00078516042191481,"Mike McGlinchey","SF","OL",2019
"169","00-0031588",677,0.00860466959082132,0.0208037045893582,0.000782242690074666,"Stefon Diggs","MIN","WR",2019
"170","00-0031433",634,0.0085946971169069,0.0205088083423077,0.000781336101536991,"Billy Turner","GB","OL",2019
"171","00-0033045",1017,0.00853089713006068,0.0214244837336263,0.000775536102732789,"Ezekiel Elliott","DAL","RB",2019
"172","00-0030196",390,0.00852464833252922,0.0208468044935311,0.000774968030229929,"Jeff Heath","DAL","DB",2019
"173","00-0030401",407,0.00852413633427732,0.0221855482302515,0.000774921484934301,"Kiko Alonso","NO","LB",2019
"174","00-0034858",1686,0.00851400832869144,0.022054982132058,0.000774000757153768,"Terrell Edmunds","PIT","DB",2019
"175","00-0030181",389,0.00848370468712395,0.0210727986652852,0.000771245880647632,"Jack Doyle","IND","TE",2019
"176","00-0029630",303,0.00837742272609124,0.0209857993351982,0.000761583884190113,"Michael Brockers","LA","DL",2019
"177","00-0024338",40,0.00835849882098508,0.0228043906404633,0.000759863529180461,"Domata Peko Sr.","BAL","DL",2019
"178","00-0034521",1538,0.00833713581707702,0.0213733373523307,0.000757921437916093,"Allen Lazard","GB","WR",2019
"179","00-0032257",815,0.00831888346332995,0.0211288933402734,0.000756262133029996,"Duke Johnson","HOU","RB",2019
"180","00-0030564",454,0.00829005416534241,0.0202329720826571,0.000753641287758401,"DeAndre Hopkins","HOU","WR",2019
"181","00-0032677",919,0.00819421201136192,0.0205157283119648,0.000744928364669266,"Cory Littleton","LA","LB",2019
"182","00-0032385",835,0.00817337224529401,0.0209732814632716,0.000743033840481274,"Sterling Shepard","NYG","WR",2019
"183","00-0029672",314,0.00800414292578203,0.021362634776576,0.000727649356889275,"Riley Reiff","MIN","OL",2019
"184","00-0035663",1988,0.00798109034137704,0.0213969340638582,0.000725553667397912,"Taylor Rapp","LA","DB",2019
"185","00-0033909",1292,0.00795397357115787,0.0213398524756231,0.000723088506468897,"Pat Elflein","MIN","OL",2019
"186","00-0032150",779,0.00792756961433864,0.0220949749041141,0.000720688146758058,"Steven Nelson","PIT","DB",2019
"187","00-0032780",948,0.00792613990830069,0.0216200431157234,0.000720558173481881,"Jordan Howard","PHI","RB",2019
"188","00-0027701",123,0.00792086756493871,0.0208829588642262,0.000720078869539883,"Everson Griffen","MIN","DL",2019
"189","00-0027885",148,0.00790086365920356,0.0213529103710454,0.000718260332654869,"Linval Joseph","MIN","DL",2019
"190","00-0031127",531,0.007843074332587,0.0216443444446705,0.000713006757507909,"Brandon Dunn","HOU","DL",2019
"191","00-0031333",590,0.00781446333047478,0.0210358763942288,0.000710405757315889,"Ha Ha Clinton-Dix","CHI","DB",2019
"192","00-0035118",1757,0.00779957719305138,0.0228097310209227,0.00070905247209558,"Matthew Orzech","JAX","LS",2019
"193","00-0031935",722,0.00778924025353312,0.0213133523185982,0.000708112750321193,"Preston Smith","GB","LB",2019
"194","00-0031953",730,0.0077782912671416,0.0230034767435575,0.000707117387921964,"Geremy Davis","LAC","WR",2019
"195","00-0029586",291,0.00777415476470413,0.021396712334645,0.00070674134224583,"Derek Wolfe","DEN","DL",2019
"196","00-0027975",173,0.0077394346609748,0.0222747088047375,0.000703584969179527,"Jabaal Sheard","IND","DL",2019
"197","00-0031280",575,0.00773559676938804,0.0223708321535689,0.000703236069944367,"Derek Carr","OAK","QB",2019
"198","00-0031236",556,0.00768180765100437,0.0218790814152126,0.000698346150091306,"Brandin Cooks","LA","WR",2019
"199","00-0034263",1397,0.00766616577908269,0.0221772949808686,0.00069692416173479,"Tarvarius Moore","SF","DB",2019
"200","00-0027010",92,0.00763902194746208,0.0213617589919281,0.000694456540678371,"Patrick Chung","NE","DB",2019
"201","00-0033090",1041,0.00760254127336201,0.0208376189031018,0.000691140115760183,"Hunter Henry","LAC","TE",2019
"202","00-0026564",78,0.0075573121537567,0.0208103057770839,0.000687028377614246,"Steve McLendon","NYJ","DL",2019
"203","00-0032208",791,0.00753523707730218,0.0204578277444231,0.000685021552482017,"Phillip Dorsett","NE","WR",2019
"204","00-0033294",1093,0.0074942928078244,0.0205576138261508,0.000681299346165854,"Chuck Clark","BAL","DB",2019
"205","00-0025415",47,0.00748052666368713,0.0211824304092828,0.000680047878517011,"Joe Staley","SF","OL",2019
"206","00-0033281",1084,0.00746636385593076,0.0212887295858845,0.00067876035053916,"Marlon Humphrey","BAL","DB",2019
"207","00-0034392",1481,0.00746199530952813,0.0218051748795794,0.000678363209957103,"Scott Quessenberry","LAC","OL",2019
"208","00-0032234",802,0.00745310650120674,0.021396477681579,0.00067755513647334,"Laken Tomlinson","SF","OL",2019
"209","00-0030663",468,0.00745084129051915,0.0210547776796059,0.000677349208229014,"Willie Snead","BAL","WR",2019
"210","00-0034437",1513,0.0074455692033421,0.0223646685776543,0.000676869927576555,"Logan Cooke","JAX","P",2019
"211","00-0034750",1605,0.00741774435727816,0.0211408732209644,0.000674340396116197,"Rashaad Penny","SEA","RB",2019
"212","00-0031408",624,0.00740243066624162,0.0218584635176834,0.000672948242385602,"Mike Evans","TB","WR",2019
"213","00-0030074",371,0.00739592883722658,0.0221430011042952,0.000672357167020598,"David Bakhtiari","GB","OL",2019
"214","00-0033874",1261,0.00737083290810012,0.0210443782815644,0.000670075718918192,"Marshon Lattimore","NO","DB",2019
"215","00-0034591",1556,0.00736401086617143,0.0207114251233084,0.000669455533288312,"J.C. Jackson","NE","DB",2019
"216","00-0034673",1577,0.00735335790538477,0.0215187775520701,0.000668487082307707,"Tremaine Edmunds","BUF","LB",2019
"217","00-0033886",1273,0.00734891932984133,0.0218201119991675,0.000668083575440121,"T.J. Watt","PIT","LB",2019
"218","00-0034351",1442,0.00731614686192788,0.0205889013737273,0.000665104260175262,"Dallas Goedert","PHI","TE",2019
"219","00-0033976",1335,0.00731538233563004,0.0227165259733803,0.000665034757784549,"Treyvon Hester","WAS","DL",2019
"220","00-0029606",296,0.00730771599322422,0.0209631898388011,0.000664337817565838,"Harrison Smith","MIN","DB",2019
"221","00-0034803",1648,0.00729881500426713,0.0218149362967687,0.000663528636751557,"Joe Noteboom","LA","OL",2019
"222","00-0030068",368,0.00724693516697859,0.0218084558596143,0.000658812287907145,"Marquise Goodwin","SF","WR",2019
"223","00-0035253",1815,0.00723274386735665,0.0201695989763906,0.000657522169759695,"Chauncey Gardner-Johnson","NO","DB",2019
"224","00-0032241",805,0.0072210238754547,0.0212147065331288,0.000656456715950427,"Todd Gurley","LA","RB",2019
"225","00-0027859",135,0.00721590775693204,0.0232091903498429,0.000655991614266549,"Russell Okung","LAC","OL",2019
"226","00-0033868",1255,0.00719650375535963,0.020398728193909,0.000654227614123603,"Myles Garrett","CLE","DL",2019
"227","00-0031297",580,0.00719502417806866,0.022826161570239,0.000654093107097151,"Dee Ford","SF","DL",2019
"228","00-0023682",31,0.00717123534607481,0.0212437121722383,0.000651930486006801,"Ryan Fitzpatrick","MIA","QB",2019
"229","00-0035240",1803,0.00716658379112281,0.0209806355613551,0.000651507617374801,"Jahlani Tavai","DET","LB",2019
"230","00-0033110",1049,0.00715298723678832,0.0215972530183501,0.000650271566980756,"Tyler Higbee","LA","TE",2019
"231","00-0027256",101,0.00714890441849363,0.0219740304282556,0.000649900401681239,"Darian Stewart","TB","DB",2019
"232","00-0029738",328,0.00711973468485009,0.0210941324155625,0.000647248607713644,"Darren Fells","HOU","TE",2019
"233","00-0031799",706,0.0071040239747775,0.0207474147456203,0.000645820361343409,"Anthony Harris","MIN","DB",2019
"234","00-0030041",356,0.00710052679981986,0.0211543289034414,0.00064550243634726,"Nickell Robey-Coleman","LA","DB",2019
"235","00-0035311",1861,0.00707289444746133,0.0228645920104234,0.000642990404314666,"Myles Gaskin","MIA","RB",2019
"236","00-0032378",828,0.00701595720335084,0.0206554761604423,0.000637814291213713,"DeForest Buckner","SF","DL",2019
"237","00-0034743",1600,0.00700995166470712,0.021345868326054,0.000637268333155193,"Rashaan Evans","TEN","LB",2019
"238","00-0031061",517,0.0069842932851127,0.0213725885451208,0.000634935753192064,"Dontae Johnson","SF","DB",2019
"239","00-0033055",1025,0.0069363436110395,0.020807067619834,0.000630576691912682,"Jalen Ramsey","LA","DB",2019
"240","00-0034399",1487,0.00692936473295641,0.0214374521153616,0.000629942248450583,"Wyatt Teller","CLE","OL",2019
"241","00-0034112",1355,0.00690580456705267,0.0215483956689518,0.000627800415186606,"Austin Schlottmann","DEN","OL",2019
"242","00-0029566",284,0.00689566158415995,0.0218965954650086,0.000626878325832722,"Zach Brown","PHI","LB",2019
"243","00-0034091",1349,0.00689114078479882,0.0202684554260076,0.00062646734407262,"George Odum","IND","DB",2019
"244","00-0031298",581,0.00687150835516119,0.0203485216329235,0.000624682577741927,"Jimmie Ward","SF","DB",2019
"245","00-0033072",1033,0.00686960269782313,0.0213056697036158,0.000624509336165739,"Leonard Floyd","CHI","LB",2019
"246","00-0034158",1365,0.00686265640780418,0.0221499809013609,0.000623877855254926,"Brian O'Neill","MIN","OL",2019
"247","00-0029869",338,0.00682818824031772,0.0216317323382864,0.000620744385483429,"Will Compton","OAK","LB",2019
"248","00-0030585",463,0.00680721006367605,0.0208489302063171,0.000618837278516005,"Justin Pugh","ARI","OL",2019
"249","00-0032975",1005,0.00680503506780222,0.0221752064897985,0.000618639551618383,"Jonathan Williams","IND","RB",2019
"250","00-0029688",320,0.00677269845392613,0.0214847617183837,0.00061569985944783,"Dontari Poe","CAR","DL",2019
"251","00-0032637",912,0.00675785788444651,0.0215452729093674,0.000614350716767865,"Andrew Adams","TB","DB",2019
"252","00-0033921",1301,0.00675713982108927,0.0212289606567148,0.000614285438280843,"Chris Godwin","TB","WR",2019
"253","00-0035127",1760,0.00675130926596603,0.0225017229171263,0.000613755387815094,"Andre James","OAK","OL",2019
"254","00-0032160",782,0.00669012519601168,0.0220020633689806,0.000608193199637425,"Tyrell Williams","OAK","WR",2019
"255","00-0033537",1160,0.00668019789820331,0.0221841713007279,0.000607290718018482,"Deshaun Watson","HOU","QB",2019
"256","00-0029669",312,0.00664755102124302,0.0216892788007093,0.000604322820113002,"Dont'a Hightower","NE","LB",2019
"257","00-0031388",617,0.00664569456909683,0.0211552981990418,0.000604154051736075,"Aaron Donald","LA","DL",2019
"258","00-0030085",374,0.00660028644826824,0.0211129213392852,0.000600026040751659,"Kenny Stills","HOU","WR",2019
"259","00-0034302",1418,0.00659606611319513,0.0223830500161686,0.00059964237392683,"Frankie Luvu","NYJ","LB",2019
"260","00-0029418",271,0.0065621748431915,0.0204859563708036,0.000596561349381045,"Najee Goode","JAX","LB",2019
"261","00-0032094",755,0.0065311822765505,0.0217130602708324,0.000593743843322773,"Tyrell Adams","HOU","LB",2019
"262","00-0029293",263,0.00652929928920661,0.0213727308227495,0.000593572662655147,"Marvin Jones","DET","WR",2019
"263","00-0033052",1023,0.00651571799760082,0.0209222894542094,0.000592337999781893,"Jaylon Smith","DAL","LB",2019
"264","00-0031534",645,0.00649264814451405,0.0216806614865628,0.000590240740410369,"La'el Collins","DAL","OL",2019
"265","00-0031576",668,0.00648292660858761,0.0222900066542602,0.000589356964417056,"Za'Darius Smith","GB","LB",2019
"266","00-0035531",1921,0.00647042276373883,0.0225006673991924,0.000588220251248985,"Austin Bryant","DET","DL",2019
"267","00-0033111",1050,0.00646690532364647,0.0209670028241409,0.000587900483967861,"Pharoh Cooper","ARI","WR",2019
"268","00-0033421",1127,0.00644653853377505,0.0213315757672442,0.000586048957615914,"Antony Auclair","TB","TE",2019
"269","00-0032763",936,0.00643282228490175,0.0208956864301964,0.000584802025900159,"Austin Johnson","TEN","DL",2019
"270","00-0034171",1374,0.0064318540888491,0.023243718138348,0.000584714008077191,"Jason Cabinda","DET","LB",2019
"271","00-0033946",1319,0.00642332237537531,0.0215487774133585,0.000583938397761392,"David Sharpe","OAK","OL",2019
"272","00-0035292",1848,0.00637904929650263,0.0221897971546436,0.00057991357240933,"David Long","TEN","LB",2019
"273","00-0034376",1466,0.00637855074046761,0.0211944935277391,0.000579868249133419,"Taron Johnson","BUF","DB",2019
"274","00-0034353",1444,0.00636824489553965,0.0215692575586042,0.000578931354139968,"Anthony Miller","CHI","WR",2019
"275","00-0033611",1203,0.00634937596700473,0.0218191793972293,0.00057721599700043,"Ricky Seals-Jones","CLE","TE",2019
"276","00-0030694",472,0.00634835386244129,0.0223171472645555,0.000577123078403754,"James Hurst","BAL","OL",2019
"277","00-0031442",635,0.00631034389809201,0.0215587795880155,0.000573667627099274,"Taylor Lewan","TEN","OL",2019
"278","00-0033073",1034,0.00628793369940183,0.0225178219660637,0.000571630336309258,"Emmanuel Ogbah","KC","DL",2019
"279","00-0033546",1168,0.00626629689990646,0.0210837205719892,0.000569663354536951,"Dalvin Tomlinson","NYG","DL",2019
"280","00-0023459",25,0.00626163451243954,0.0209828300189749,0.000569239501130867,"Aaron Rodgers","GB","QB",2019
"281","00-0034968",1709,0.00621542800309049,0.0219824424029372,0.000565038909371863,"Darnell Savage","GB","DB",2019
"282","00-0032386",836,0.00616460102095861,0.021181834097556,0.000560418274632601,"Kamalei Correa","TEN","LB",2019
"283","00-0029657",309,0.00616433858013014,0.0226474696595354,0.000560394416375467,"Akiem Hicks","CHI","DL",2019
"284","00-0032255",813,0.00614809606458078,0.0208349177664411,0.000558917824052798,"A.J. Cann","JAX","OL",2019
"285","00-0034154",1364,0.00613184331335528,0.0225265060883986,0.000557440301214116,"Jacob Tuioti-Mariner","ATL","DL",2019
"286","00-0031256",563,0.00611857238715582,0.0210049449631399,0.000556233853377802,"Anthony Barr","MIN","LB",2019
"287","00-0033251",1078,0.00609509941776008,0.0212043098190208,0.000554099947069098,"Zach Pascal","IND","WR",2019
"288","00-0034179",1377,0.00606420444111365,0.0227182147650146,0.000551291312828514,"Raven Greene","GB","DB",2019
"289","00-0033577",1191,0.00602598881046562,0.0207721910643971,0.000547817164587784,"Nate Gerry","PHI","LB",2019
"290","00-0034367",1458,0.00601305552686645,0.0210600238869655,0.000546641411533313,"Nyheim Hines","IND","RB",2019
"291","00-0034272",1403,0.00600068670415836,0.0208374541629902,0.000545516973105306,"Marquez Valdes-Scantling","GB","WR",2019
"292","00-0031188",548,0.00598325288383882,0.0225312600396381,0.000543932080348983,"Bennett Jackson","NYJ","DB",2019
"293","00-0027648",111,0.00598045658193647,0.0219227013834372,0.000543677871085134,"Rodger Saffold","TEN","OL",2019
"294","00-0031551",653,0.00597292428071092,0.0206153547838923,0.000542993116428265,"Eddie Goldman","CHI","DL",2019
"295","00-0035562",1937,0.00597015436463621,0.0217762517083327,0.00054274130587602,"Jesper Horsted","CHI","TE",2019
"296","00-0035287",1843,0.00594913599533648,0.0230716706151517,0.000540830545030589,"KeeSean Johnson","ARI","WR",2019
"297","00-0031051",513,0.00592805674448173,0.0217795346981181,0.000538914249498339,"John Brown","BUF","WR",2019
"298","00-0025424",49,0.0059273481460483,0.02130914760698,0.000538849831458937,"Eric Weddle","LA","DB",2019
"299","00-0032689",921,0.00590441835342006,0.0222327816291124,0.000536765304856369,"Jason Vander Laan","NO","TE",2019
"300","00-0028278",211,0.00588720845645089,0.0217175322135209,0.000535200768768263,"Josh Bynes","BAL","LB",2019
"301","00-0031619",686,0.00588470050035293,0.0210125837192734,0.000534972772759357,"Christian Covington","DAL","DL",2019
"302","00-0031951",729,0.00586095026125153,0.022812288297913,0.000532813660113775,"James O'Shaughnessy","JAX","TE",2019
"303","00-0027560",107,0.00584991783659725,0.0218753937231234,0.000531810712417932,"Albert McClellan","NYJ","LB",2019
"304","00-0031608",684,0.00582267968936376,0.0213029153224635,0.000529334517214888,"Quandre Diggs","SEA","DB",2019
"305","00-0027957",164,0.00581745646109795,0.0221007362041871,0.000528859678281632,"Prince Amukamara","CHI","DB",2019
"306","00-0032762",935,0.00581502289584019,0.0207655272792653,0.000528638445076381,"Chris Jones","KC","DL",2019
"307","00-0027869",141,0.00580992094614687,0.0210238020359797,0.000528174631467897,"Mike Iupati","SEA","OL",2019
"308","00-0034681",1585,0.005809628169906,0.0218036990856282,0.000528148015446,"Chase Edmonds","ARI","RB",2019
"309","00-0027965",169,0.00578818827605968,0.0212220262430969,0.000526198934187243,"Jimmy Smith","BAL","DB",2019
"310","00-0029679",317,0.00576913046366352,0.0208973448981148,0.000524466405787593,"Brandon Brooks","PHI","OL",2019
"311","00-0033393",1119,0.0057555985794257,0.0218525113124433,0.000523236234493245,"Kenny Moore","IND","DB",2019
"312","00-0031417",628,0.00575477192902151,0.0212283477387414,0.000523161084456501,"Ja'Wuan James","DEN","OL",2019
"313","00-0033132",1064,0.00571282756216624,0.0208380532064439,0.000519347960196931,"Kevin Byard","TEN","DB",2019
"314","00-0031060",516,0.00570405113213658,0.0218964556063599,0.000518550102921507,"De'Anthony Thomas","BAL","WR",2019
"315","00-0031546",648,0.00569989738062021,0.0218256962101472,0.000518172489147292,"Trae Waynes","MIN","DB",2019
"316","00-0027029",93,0.00569111938793412,0.0219338275991035,0.000517374489812193,"LeSean McCoy","KC","RB",2019
"317","00-0035112",1755,0.00562978236087455,0.0213176497180008,0.000511798396443141,"Patrick Mekari","BAL","OL",2019
"318","00-0033872",1259,0.00562977183004166,0.0213822415952485,0.000511797439094696,"Jamal Adams","NYJ","DB",2019
"319","00-0029709",327,0.00562968045772983,0.0218975399462091,0.000511789132520893,"Ty Nsekhe","BUF","OL",2019
"320","00-0029676",315,0.00560988977341867,0.0219746697634911,0.000509989979401697,"Morris Claiborne","KC","DB",2019
"321","00-0030216",392,0.00559167528716442,0.020869365378304,0.000508334117014948,"Josh Hill","NO","TE",2019
"322","00-0029263",256,0.00558664333595848,0.0214692168211526,0.000507876666905317,"Russell Wilson","SEA","QB",2019
"323","00-0030155",386,0.00550393954305062,0.0211828585999845,0.000500358140277329,"Demetrius Harris","CLE","TE",2019
"324","00-0033784",1234,0.00549870095341817,0.0212715060051436,0.000499881904856198,"Eddie Jackson","CHI","DB",2019
"325","00-0028112",198,0.00547643159211094,0.0220213903515742,0.000497857417464631,"Charles Clay","ARI","TE",2019
"326","00-0026498",74,0.00543781312376608,0.0216674305334606,0.000494346647615098,"Matthew Stafford","DET","QB",2019
"327","00-0029546",280,0.005422679417052,0.0218007799710194,0.000492970856095636,"Senio Kelemete","HOU","OL",2019
"328","00-0034234",1390,0.0054203195913096,0.0209064017233803,0.000492756326482691,"Poona Ford","SEA","DL",2019
"329","00-0029137",242,0.00541318348149971,0.0220919994422263,0.000492107589227247,"Alshon Jeffery","PHI","WR",2019
"330","00-0031763",699,0.00539209927349494,0.0212582858288754,0.000490190843044994,"DeAndre Carter","HOU","WR",2019
"331","00-0031218",553,0.00536934528093139,0.0215799088759552,0.00048812229826649,"Malcolm Butler","TEN","DB",2019
"332","00-0034414",1496,0.00536438164900763,0.0219981279382152,0.000487671059000694,"Boston Scott","PHI","RB",2019
"333","00-0034186",1380,0.00535116161140293,0.0225075109386502,0.000486469237400267,"Alex Light","GB","OL",2019
"334","00-0030511",437,0.00534732317344068,0.0211490267429245,0.000486120288494608,"Brandon Williams","BAL","DL",2019
"335","00-0030503",433,0.00534440078292868,0.0203785543327454,0.00048585461662988,"Alex Okafor","KC","DL",2019
"336","00-0019596",3,0.00528774670921963,0.0215601475818377,0.000480704246292694,"Tom Brady","NE","QB",2019
"337","00-0025630",56,0.00527015062741207,0.0218353544742552,0.000479104602492007,"Clark Harris","CIN","LS",2019
"338","00-0033733",1222,0.00525595266116907,0.0214685095465958,0.000477813878288097,"Greg Ward","PHI","WR",2019
"339","00-0034184",1378,0.00523717641921492,0.0214146358678867,0.000476106947201356,"Gus Edwards","BAL","RB",2019
"340","00-0035266",1826,0.00522539265967339,0.0209380705184123,0.000475035696333945,"Mike Jordan","CIN","OL",2019
"341","00-0033471",1142,0.00521133767116016,0.022077299710997,0.000473757970105469,"Isaiah Ford","MIA","WR",2019
"342","00-0034159",1366,0.00520974090629125,0.0216912096254579,0.000473612809662841,"Will Dissly","SEA","TE",2019
"343","00-0029329",266,0.00519206725220335,0.0215385683564428,0.000472006113836668,"Neiko Thorpe","SEA","DB",2019
"344","00-0033347",1107,0.00518898182238148,0.0213830967052821,0.000471725620216498,"Josh Tupou","CIN","DL",2019
"345","00-0034817",1657,0.00518442899324411,0.0224812514348308,0.000471311726658556,"Geron Christian","WAS","OL",2019
"346","00-0034833",1667,0.00518254983223696,0.0214652665326628,0.000471140893839723,"Isaiah Wynn","NE","OL",2019
"347","00-0033831",1244,0.00514502267050598,0.021148590220529,0.000467729333682362,"Andrew Wylie","KC","OL",2019
"348","00-0034843",1676,0.00512619968715556,0.0200789430862765,0.000466018153377778,"Mike Hughes","MIN","DB",2019
"349","00-0031938",724,0.00510854397217316,0.0222624497855192,0.000464413088379378,"Carl Davis","JAX","DL",2019
"350","00-0027952",159,0.00510256815018561,0.0220900746971274,0.000463869831835056,"Robert Quinn","DAL","DL",2019
"351","00-0035699",2018,0.00507428111815887,0.0218472906522215,0.000461298283468988,"Jamel Dean","TB","DB",2019
"352","00-0031189",549,0.0050703664694854,0.022783137488045,0.000460942406316854,"T.J. Jones","NYG","WR",2019
"353","00-0035378",1884,0.00506667066038996,0.0212985537021612,0.000460606423671814,"Andrew Wingard","JAX","DB",2019
"354","00-0030197",391,0.00504653395475006,0.0218367925394146,0.000458775814068187,"Deon Lacey","MIA","LB",2019
"355","00-0033870",1257,0.00504557306556872,0.0211221298357968,0.000458688460506247,"Solomon Thomas","SF","DL",2019
"356","00-0027103",95,0.0050320115065298,0.0232153068199131,0.000457455591502709,"Kevin Huber","CIN","P",2019
"357","00-0027872",143,0.00502565809337346,0.0215355041606364,0.000456878008488496,"Kareem Jackson","DEN","DB",2019
"358","00-0035630",1962,0.00499706148252514,0.0208644409346019,0.000454278316593194,"Chris Lindstrom","ATL","OL",2019
"359","00-0032560",896,0.0049673035718155,0.0224381927065637,0.000451573051983228,"Charles Washington","ARI","DB",2019
"360","00-0026166",68,0.00492144978136409,0.0226102622214222,0.000447404525578554,"Duane Brown","SEA","OL",2019
"361","00-0031136",534,0.0049128268623045,0.0226590665801997,0.000446620623845864,"Chris Boswell","PIT","K",2019
"362","00-0027855",133,0.00490990849444872,0.020799850550921,0.000446355317677156,"Ndamukong Suh","TB","DL",2019
"363","00-0035215",1785,0.00490980275821048,0.02172032470657,0.000446345705291862,"Deonte Harris","NO","WR",2019
"364","00-0022942",17,0.0049052468750073,0.0220307015676894,0.000445931534091573,"Philip Rivers","LAC","QB",2019
"365","00-0031019",501,0.00489808419484893,0.0213920566185753,0.000445280381349903,"Corey Linsley","GB","OL",2019
"366","00-0029269",257,0.00488662319179625,0.0215975826113514,0.000444238471981478,"Travis Benjamin","LAC","WR",2019
"367","00-0026618",79,0.00488510437764102,0.0209433226661495,0.000444100397967366,"Michael Bennett","DAL","DL",2019
"368","00-0028180",207,0.00486010644121291,0.0237814668793923,0.000441827858292083,"Malcolm Smith","DAL","LB",2019
"369","00-0035719",2032,0.00484289144799277,0.0203397256908609,0.000440262858908434,"Deebo Samuel","SF","WR",2019
"370","00-0032415",856,0.00483535379939109,0.0215091678566833,0.000439577618126462,"Matt Judon","BAL","LB",2019
"371","00-0035689",2010,0.00482981036847008,0.0213771961272741,0.000439073669860917,"Dawson Knox","BUF","TE",2019
"372","00-0032889",975,0.00482821187674252,0.021145053371224,0.000438928352431138,"A'Shawn Robinson","DET","DL",2019
"373","00-0027941",154,0.00482759232524596,0.0219326076927734,0.000438872029567815,"Marcell Dareus","JAX","DL",2019
"374","00-0032384",834,0.00479101046058778,0.0220932574662802,0.00043554640550798,"Germain Ifedi","SEA","OL",2019
"375","00-0029890",340,0.00478428503115012,0.0207373472984282,0.000434935002831829,"Mike Purcell","DEN","DL",2019
"376","00-0034375",1465,0.00476307311046591,0.0221932689766742,0.000433006646405992,"Kyzir White","LAC","LB",2019
"377","00-0032007",738,0.00476211029517339,0.0209919810667819,0.000432919117743035,"Quinton Dunbar","WAS","DB",2019
"378","00-0027696",122,0.00475378061061294,0.0204530385424168,0.000432161873692086,"Jimmy Graham","GB","TE",2019
"379","00-0032443",873,0.0047435825666119,0.0204676160613799,0.0004312347787829,"Joey Hunt","SEA","OL",2019
"380","00-0031258",565,0.00474127769987209,0.0211046128667809,0.000431025245442917,"Jeremiah Attaochu","DEN","LB",2019
"381","00-0030114",382,0.00473041434685523,0.0205563247007988,0.00043003766789593,"Jordan Poyer","BUF","DB",2019
"382","00-0030010",351,0.00471994001403787,0.0203831162297576,0.000429085455821624,"Brandon Copeland","NYJ","LB",2019
"383","00-0030065",365,0.00469181742123574,0.0211897651886321,0.000426528856475976,"Larry Warford","NO","OL",2019
"384","00-0034755",1610,0.00468307483938572,0.0219774568680504,0.000425734076307793,"Shaquem Griffin","SEA","LB",2019
"385","00-0027002",91,0.00466250493491214,0.0210898008082535,0.000423864084992012,"Clay Matthews","LA","LB",2019
"386","00-0034987",1727,0.00465575661609631,0.0219205659096123,0.000423250601463301,"E.J. Speed","IND","LB",2019
"387","00-0034461",1521,0.00465004115260179,0.0229152499066586,0.00042273101387289,"Bruce Hector","PHI","DL",2019
"388","00-0028374",215,0.00464296130157428,0.0232267516746158,0.000422087391052208,"Kyle Nelson","SF","LS",2019
"389","00-0034264",1398,0.00463127046310453,0.0230116390433657,0.000421024587554958,"Jalyn Holmes","MIN","DL",2019
"390","00-0033357",1108,0.00460519977377055,0.0214607162957217,0.000418654524888232,"Taysom Hill","NO","QB",2019
"391","00-0032211",794,0.00460069902333724,0.0213944148600462,0.000418245365757931,"Tyler Lockett","SEA","WR",2019
"392","00-0034587",1553,0.00457391528780077,0.0214012226126821,0.000415810480709161,"Abdullah Anderson","CHI","DL",2019
"393","00-0029284",261,0.00456310145053342,0.0214582514934777,0.000414827404593947,"Mike Daniels","DET","DL",2019
"394","00-0034844",1677,0.00456035542474233,0.0218771072879836,0.000414577765885666,"Saquon Barkley","NYG","RB",2019
"395","00-0033460",1137,0.00454901339370382,0.0204743660570572,0.000413546672154892,"John Ross","CIN","WR",2019
"396","00-0033940",1314,0.0045338357448326,0.0218440816613237,0.000412166885893872,"Jaleel Johnson","MIN","DL",2019
"397","00-0032569",898,0.00452746506594324,0.0229593003054516,0.000411587733267568,"Wil Lutz","NO","K",2019
"398","00-0025944",61,0.00449358336062253,0.0217740126896375,0.000408507578238412,"Stephen Hauschka","BUF","K",2019
"399","00-0032399",847,0.00449144149285703,0.0209915686910225,0.000408312862987003,"Miles Killebrew","DET","DB",2019
"400","00-0034562",1547,0.00448036368591523,0.0232010285886895,0.000407305789628658,"Donovan Olumba","DAL","DB",2019
"401","00-0035632",1964,0.00446405002503753,0.0212350897517657,0.000405822729548866,"Amani Hooker","TEN","DB",2019
"402","00-0033129",1062,0.00445398567480449,0.021434240554818,0.00040490778861859,"Carl Nassib","TB","LB",2019
"403","00-0035255",1817,0.00444700427006069,0.0216161493477538,0.000404273115460063,"Kendall Sheffield","ATL","DB",2019
"404","00-0032969",1001,0.00443764040302928,0.0223294793162268,0.000403421854820843,"Nick Martin","HOU","OL",2019
"405","00-0034309",1419,0.00442838552600472,0.0224620798569042,0.000402580502364065,"Chad Beebe","MIN","WR",2019
"406","00-0031550",652,0.00442546943365951,0.0214478563743528,0.000402315403059955,"Shaq Thompson","CAR","LB",2019
"407","00-0029040",236,0.00442332741981443,0.0210990711498306,0.000402120674528584,"Damon Harrison","DET","DL",2019
"408","00-0035444",1903,0.00440654845783311,0.0212965651986772,0.000400595314348464,"Jordan Kunaszyk","CAR","LB",2019
"409","00-0035486",1909,0.00440189091631091,0.0217027254511451,0.00040017190148281,"Miles Brown","ARI","DL",2019
"410","00-0033121",1056,0.00439844993730365,0.0214607937341129,0.000399859085209423,"B.J. Goodson","GB","LB",2019
"411","00-0035718",2031,0.00439196486339542,0.0193015700945477,0.000399269533035948,"Isaiah Searight","NYG","DL",2019
"412","00-0035718",2031,0.00439196486339542,0.0193015700945477,0.000399269533035948,"Quinnen Williams","NYJ","DL",2019
"413","00-0034577",1550,0.00438460243109628,0.0210523338031431,0.000398600221008753,"Kyle Allen","CAR","QB",2019
"414","00-0035298",1853,0.00437934350369127,0.0223120577840799,0.000398122136699207,"Scott Miller","TB","WR",2019
"415","00-0035290",1846,0.00437894958703793,0.021735356454309,0.000398086326094357,"Jaquan Johnson","BUF","DB",2019
"416","00-0034357",1448,0.00436395361043694,0.0211658183303471,0.000396723055494267,"Isaiah Oliver","ATL","DB",2019
"417","00-0034490",1528,0.00435083781285997,0.0232305564631527,0.000395530710259997,"Zeke Turner","ARI","LB",2019
"418","00-0031177",545,0.00434743604953338,0.0213648300181821,0.000395221459048489,"Brent Urban","CHI","DL",2019
"419","00-0033891",1277,0.00433347389146908,0.0207801487980657,0.000393952171951735,"Zay Jones","OAK","WR",2019
"420","00-0034545",1543,0.00432665066128917,0.0211814503462007,0.000393331878299016,"Brandon Facyson","LAC","DB",2019
"421","00-0031285",577,0.00432521565398596,0.0213823982417054,0.000393201423089633,"Devonta Freeman","ATL","RB",2019
"422","00-0031264",569,0.00432326696164065,0.0229472188691342,0.000393024269240059,"Chris Smith","CLE","DL",2019
"423","00-0034310",1420,0.0043218925868896,0.02236725240792,0.000392899326080873,"Craig James","PHI","DB",2019
"424","00-0035539",1928,0.00426486999642354,0.0217345300746207,0.000387715454220322,"Isaac Nauta","DET","TE",2019
"425","00-0035649",1978,0.00426233045587936,0.0209284137520545,0.000387484586898124,"Nate Davis","TEN","OL",2019
"426","00-0035374",1882,0.00424188255509724,0.0216362195941332,0.000385625686827022,"Michael Walker","JAX","WR",2019
"427","00-0034829",1663,0.00422072428456432,0.0216561462351285,0.000383702207687666,"Mike Gesicki","MIA","TE",2019
"428","00-0035141",1765,0.00421644866142399,0.0218720625301145,0.000383313514674908,"Phil Haynes","SEA","OL",2019
"429","00-0034352",1443,0.0042097621934877,0.0210528061412247,0.000382705653953428,"Connor Williams","DAL","OL",2019
"430","00-0035692",2011,0.00420642709762267,0.0205611693116134,0.000382402463420243,"Clelin Ferrell","OAK","DL",2019
"431","00-0034500",1531,0.00420484093803518,0.0212364196275542,0.000382258267094107,"Tae Davis","CLE","LB",2019
"432","00-0032087",754,0.00420327860223457,0.0222282727998622,0.000382116236566779,"Josh Lambo","JAX","K",2019
"433","00-0033469",1141,0.00417975494430329,0.0230753864095942,0.00037997772220939,"Vincent Taylor","BUF","DL",2019
"434","00-0035025",1741,0.00417969705626817,0.021406673826025,0.000379972459660743,"Hale Hentges","WAS","TE",2019
"435","00-0032107",760,0.00416325060198223,0.0218642797978979,0.00037847732745293,"Angelo Blackson","HOU","DL",2019
"436","00-0035597",1951,0.00415734666299651,0.021511703248809,0.000377940605726956,"John Ursua","SEA","WR",2019
"437","00-0023448",24,0.0041531730130388,0.0211930995591073,0.000377561183003527,"Thomas Davis","LAC","LB",2019
"438","00-0025580",55,0.00414588585729374,0.022574951223836,0.000376898714299431,"Mason Crosby","GB","K",2019
"439","00-0031029",504,0.00414269029447555,0.0233259021011671,0.000376608208588686,"Seantrel Henderson","HOU","OL",2019
"440","00-0035432",1900,0.00413133013458239,0.0219467612491387,0.000375575466780217,"Jason Moore","LAC","WR",2019
"441","00-0026997",90,0.00411808369634293,0.0208759196221366,0.000374371245122084,"Alex Mack","ATL","OL",2019
"442","00-0033084",1039,0.0040873935388004,0.0209044787241105,0.000371581230800036,"Kendall Fuller","KC","DB",2019
"443","00-0034265",1399,0.00408488702006422,0.0221210595420007,0.000371353365460383,"Anthony Averett","BAL","DB",2019
"444","00-0022531",11,0.00407690810487412,0.0218922098182441,0.000370628009534011,"Jason Peters","PHI","OL",2019
"445","00-0031565",662,0.00407448548822107,0.020916588499258,0.000370407771656461,"Danielle Hunter","MIN","DL",2019
"446","00-0035375",1883,0.00407359778321395,0.0221894592616805,0.000370327071201268,"Brandon Watson","JAX","DB",2019
"447","00-0035659",1986,0.00406773507604382,0.02068735416796,0.000369794097822165,"Terry McLaurin","WAS","WR",2019
"448","00-0028411",217,0.00404961929113229,0.0215928999590212,0.000368147208284754,"Dontrelle Inman","IND","WR",2019
"449","00-0033547",1169,0.00404775026604173,0.0209019495507003,0.000367977296912884,"Zach Cunningham","HOU","LB",2019
"450","00-0035676",1999,0.00402575540807486,0.0212555255174564,0.000365977764370442,"A.J. Brown","TEN","WR",2019
"451","00-0031242",560,0.00402023430195944,0.0205328752959238,0.000365475845632676,"Shamar Stephen","MIN","DL",2019
"452","00-0029604",295,0.00397350689792299,0.021479772816679,0.000361227899811181,"Kirk Cousins","MIN","QB",2019
"453","00-0030459",425,0.00394287495402086,0.0210642000041866,0.00035844317763826,"Tyrann Mathieu","KC","DB",2019
"454","00-0029608",298,0.00393015277151302,0.0219510229626338,0.000357286615592093,"T.Y. Hilton","IND","WR",2019
"455","00-0032402",849,0.00390431498570071,0.0222138907340467,0.000354937725972791,"Hassan Ridgeway","PHI","DL",2019
"456","00-0028177",206,0.00390056661514548,0.0218467806257568,0.000354596965013225,"Mike Person","SF","OL",2019
"457","00-0030089",375,0.00389727091796956,0.0217467817660345,0.000354297356179051,"Luke Willson","SEA","TE",2019
"458","00-0035625",1960,0.00388160039273202,0.0207756138115961,0.000352872762975638,"Juan Thornhill","KC","DB",2019
"459","00-0035400",1890,0.00387499077893747,0.0219427081999342,0.000352271888994316,"Keaton Sutherland","MIA","OL",2019
"460","00-0032951",992,0.00384952328926975,0.0221663586549895,0.000349956662660886,"Laquon Treadwell","MIN","WR",2019
"461","00-0032759",932,0.00381419232449057,0.0218850085294683,0.00034674475677187,"Sheldon Rankins","NO","DL",2019
"462","00-0034887",1693,0.00381133138016582,0.0211003689583085,0.000346484670924165,"A.J. Johnson","DEN","LB",2019
"463","00-0028787",221,0.00378958621947886,0.0223384917016099,0.000344507838134442,"Kai Forbath","DAL","K",2019
"464","00-0032244",808,0.00376994447817107,0.0216552608302286,0.000342722225288279,"Jamon Brown","ATL","OL",2019
"465","00-0033863",1254,0.00376604376519516,0.0232359763110891,0.000342367615017742,"Dan Skipper","DET","OL",2019
"466","00-0034145",1363,0.0037567269134793,0.0216560368066316,0.000341520628498119,"Chris Lammons","KC","DB",2019
"467","00-0022803",13,0.00371239151418874,0.022071983690936,0.000337490137653522,"Eli Manning","NYG","QB",2019
"468","00-0029410",268,0.00371111793828381,0.0206064200836584,0.000337374358025801,"Tavon Wilson","DET","DB",2019
"469","00-0026990",89,0.00370737296911333,0.0206297914564938,0.00033703390628303,"Malcolm Jenkins","PHI","DB",2019
"470","00-0032081",753,0.00370421615958479,0.0225760628380602,0.000336746923598617,"Nick Dzubnar","LAC","LB",2019
"471","00-0029764",331,0.00369232439811876,0.0204879349782367,0.000335665854374433,"Cody Davis","JAX","DB",2019
"472","00-0034986",1726,0.00366231907242264,0.0228236840541104,0.000332938097492968,"Cameron Smith","MIN","LB",2019
"473","00-0033907",1290,0.0036519896826857,0.021194291375612,0.000331999062062337,"Dawuane Smoot","JAX","DL",2019
"474","00-0033913",1296,0.00365032349019887,0.0206873665398854,0.000331847590018079,"Chris Wormley","BAL","DL",2019
"475","00-0030558",451,0.00364434164224246,0.0214488303619195,0.000331303785658405,"Barkevious Mingo","HOU","LB",2019
"476","00-0035588",1943,0.00364211073462001,0.0225316032505883,0.000331100975874547,"Garrett Bradbury","MIN","OL",2019
"477","00-0035668",1993,0.00361309592810578,0.0218578726317556,0.000328463266191435,"David Edwards","LA","OL",2019
"478","00-0033642",1206,0.00361305981910973,0.0220389913560513,0.00032845998355543,"B.J. Bello","NYJ","LB",2019
"479","00-0029792",332,0.00360056201129595,0.0227558435391536,0.000327323819208722,"Paul Worrilow","NYJ","LB",2019
"480","00-0033106",1046,0.00357965159810597,0.0215080391219015,0.000325422872555088,"Jared Goff","LA","QB",2019
"481","00-0031382",613,0.00357560936924521,0.0211248146647441,0.00032505539720411,"Jarvis Landry","CLE","WR",2019
"482","00-0035219",1788,0.00357032879250432,0.0220291148124746,0.00032457534477312,"Isaiah Buggs","PIT","DL",2019
"483","00-0027282",102,0.00354749685842052,0.0211362250810685,0.000322499714401865,"Ben Garland","SF","OL",2019
"484","00-0034118",1359,0.00351325080337748,0.0231694687195022,0.00031938643667068,"Patrick Morris","DEN","OL",2019
"485","00-0029421",273,0.00350555536506242,0.0216421873374612,0.000318686851369311,"Randy Bullock","CIN","K",2019
"486","00-0030411",411,0.00349587663535706,0.0208969237487611,0.000317806966850642,"Logan Ryan","TEN","DB",2019
"487","00-0032734",927,0.00349087417222247,0.0202648489169046,0.00031735219747477,"Brennan Scarlett","HOU","LB",2019
"488","00-0025828",59,0.00348588688628404,0.0206696218669322,0.000316898807844004,"Wesley Woodyard","TEN","LB",2019
"489","00-0031621",687,0.00347236146070888,0.0220793781208874,0.000315669223700808,"Jake Rodgers","DEN","OL",2019
"490","00-0026283",72,0.00346804778105102,0.0225708811612463,0.000315277071004638,"Orlando Scandrick","PHI","DB",2019
"491","00-0035288",1844,0.00345727840355036,0.0225699347914651,0.000314298036686397,"Saquan Hampton","NO","DB",2019
"492","00-0022787",12,0.00344489298047196,0.02224939678067,0.000313172089133814,"Matt Schaub","ATL","QB",2019
"493","00-0031876",712,0.00344079080494379,0.0224005148062148,0.000312799164085799,"Matt Wile","DET","P",2019
"494","00-0026814",82,0.00343863214581757,0.020693504548937,0.000312602922347052,"Demar Dotson","TB","OL",2019
"495","00-0035245",1808,0.00343689681658399,0.0214386251788012,0.000312445165144,"Max Scharping","HOU","OL",2019
"496","00-0029893",342,0.00343512832274273,0.0217842506505088,0.000312284392976612,"Rick Wagner","DET","OL",2019
"497","00-0033944",1317,0.00341271046720443,0.0232949827558464,0.000310246406109494,"Ben Gedeon","MIN","LB",2019
"498","00-0030402",408,0.00340140616248738,0.0221252892802924,0.000309218742044307,"Akeem Spence","JAX","DL",2019
"499","00-0030561",452,0.00339139723236205,0.0214028086015759,0.000308308839305641,"Lane Johnson","PHI","OL",2019
"500","00-0033571",1186,0.00333373057533659,0.0206331007083063,0.00030306641593969,"Matt Milano","BUF","LB",2019
"501","00-0033114",1051,0.00333355799349957,0.0226572988634906,0.000303050726681779,"Mike Thomas","LA","WR",2019
"502","00-0033697",1214,0.00332562424697773,0.0208572769637805,0.000302329476997976,"Michael Davis","LAC","DB",2019
"503","00-0026714",81,0.00327103809375457,0.0220950476292806,0.000297367099432233,"Nick Sundberg","WAS","LS",2019
"504","00-0034109",1353,0.00325908923639416,0.0215406435245844,0.000296280839672197,"Phillip Lindsay","DEN","RB",2019
"505","00-0034954",1704,0.00325782597392162,0.0216046081193391,0.000296165997629238,"Malik Reed","DEN","LB",2019
"506","00-0034792",1638,0.0032432397403386,0.0225941883642618,0.000294839976394418,"Cornell Armstrong","HOU","DB",2019
"507","00-0035489",1910,0.00322788421766561,0.0236046662456685,0.000293444019787782,"Wes Hills","DET","RB",2019
"508","00-0035268",1828,0.00322524804801277,0.0218902191903127,0.000293204368001161,"Ryquell Armstead","JAX","RB",2019
"509","00-0033693",1212,0.00321445258938396,0.0237747947423331,0.000292222962671269,"Carroll Phillips","ATL","DL",2019
"510","00-0031176",544,0.00318454108837569,0.0218612875934276,0.000289503735306881,"Nevin Lawson","OAK","DB",2019
"511","00-0022247",9,0.00317468603543046,0.0211946028696893,0.000288607821402769,"Mike Adams","HOU","DB",2019
"512","00-0030140",383,0.00315611762691012,0.0213489102081775,0.000286919784264556,"Tress Way","WAS","P",2019
"513","00-0031950",728,0.00314066673075406,0.0219707369595057,0.000285515157341278,"D.J. Alexander","JAX","LB",2019
"514","00-0033878",1265,0.00313778002196892,0.0217151934017902,0.000285252729269902,"Adoree' Jackson","TEN","DB",2019
"515","00-0023853",32,0.00313430350464672,0.0222732355829634,0.000284936682240611,"Matt Prater","DET","K",2019
"516","00-0034594",1558,0.00313125946236717,0.0218933887868896,0.000284659951124288,"A.J. Moore","HOU","DB",2019
"517","00-0035651",1980,0.00312615730378033,0.0205324686615693,0.000284196118525485,"Jaylon Ferguson","BAL","LB",2019
"518","00-0034842",1675,0.00309496382849019,0.0204638954787678,0.000281360348044563,"Taven Bryan","JAX","DL",2019
"519","00-0034794",1640,0.003091755005911,0.021065528444288,0.000281068636901,"Jason Sanders","MIA","K",2019
"520","00-0035235",1798,0.00308941219311992,0.0224530422603231,0.000280855653919993,"Kaleb McGary","ATL","OL",2019
"521","00-0030011",352,0.00308559275161154,0.0203319204922487,0.000280508431964686,"Jordan Devey","OAK","OL",2019
"522","00-0031175",543,0.00306052897225007,0.0223788432014357,0.000278229906568188,"Cassius Marsh","ARI","LB",2019
"523","00-0030670",471,0.00305928815170634,0.021929375794302,0.000278117104700576,"Bennie Fowler","NYG","WR",2019
"524","00-0034389",1478,0.00305864796717422,0.0204662318059416,0.000278058906106747,"Dane Cruikshank","TEN","DB",2019
"525","00-0031558",659,0.00305460486861436,0.0208482283702678,0.000277691351692215,"Maxx Williams","ARI","TE",2019
"526","00-0035386",1887,0.00304782009564151,0.0212883715646398,0.000277074554149228,"T.J. Edwards","PHI","LB",2019
"527","00-0035637",1968,0.00302710194540869,0.0218145452375456,0.000275191085946245,"Rock Ya-Sin","IND","DB",2019
"528","00-0032971",1003,0.00302003633894534,0.0219652578935223,0.00027454875808594,"Justin Simmons","DEN","DB",2019
"529","00-0029597",294,0.00301982132966175,0.0222469356184348,0.000274529211787432,"Justin Tucker","BAL","K",2019
"530","00-0035645",1975,0.00301924469976819,0.0219963001949008,0.000274476790888018,"Gunner Olszewski","NE","WR",2019
"531","00-0034992",1732,0.00300720796403338,0.02091751356098,0.000273382542184853,"Armon Watts","MIN","DL",2019
"532","00-0033120",1055,0.0029858206604233,0.0209107076692159,0.000271438241856664,"Kenny Clark","GB","DL",2019
"533","00-0032353",824,0.00297578902265171,0.021949250451887,0.000270526274786519,"Chris Milton","TEN","DB",2019
"534","00-0031484",637,0.00297255506806431,0.0204399342183969,0.000270232278914937,"Chris Manhertz","CAR","TE",2019
"535","00-0034419",1500,0.00296279854629242,0.0218686142382176,0.00026934532239022,"Braxton Berrios","NYJ","WR",2019
"536","00-0029632",304,0.00295209100134584,0.0207219602811158,0.000268371909213258,"Mohamed Sanu","NE","WR",2019
"537","00-0033782",1232,0.00294370005745398,0.0225495815357697,0.00026760909613218,"DeMarcus Walker","DEN","DL",2019
"538","00-0025396",45,0.00293921697446443,0.0213116708578285,0.00026720154313313,"Ted Ginn","NO","WR",2019
"539","00-0034993",1733,0.00293094814805804,0.0229398472191488,0.00026644983164164,"Marcus Epps","PHI","DB",2019
"540","00-0031307",584,0.00292235091289814,0.0209081894991255,0.000265668264808922,"Walt Aikens","MIA","DB",2019
"541","00-0031411",626,0.00289801358838352,0.0210694963292757,0.000263455780762138,"Demarcus Lawrence","DAL","DL",2019
"542","00-0029822",335,0.00288836630951016,0.0225023409050543,0.000262578755410014,"Brandon McManus","DEN","K",2019
"543","00-0034841",1674,0.00286689935375146,0.0220366617825196,0.000260627213977405,"Brandon Bryant","NYJ","DB",2019
"544","00-0031270",572,0.00286623630324305,0.0214185734015737,0.000260566936658459,"Shelby Harris","DEN","DL",2019
"545","00-0032895",979,0.0028650519853574,0.0224076593911054,0.000260459271396127,"Jatavis Brown","LAC","LB",2019
"546","00-0030069",369,0.00280748999002253,0.0222868124677036,0.000255226362729321,"Damontre Moore","SF","DL",2019
"547","00-0034613",1563,0.00276859019468652,0.0221814552175983,0.000251690017698775,"Tanner Hudson","TB","TE",2019
"548","00-0033551",1172,0.00276441296112875,0.0216819775841678,0.000251310269193523,"Rasul Douglas","PHI","DB",2019
"549","00-0033094",1043,0.0027574783237442,0.0215565400465665,0.000250679847613109,"Marvin Hall","DET","WR",2019
"550","00-0032054",744,0.00274215318012985,0.0209912570509325,0.000249286652739077,"Breshad Perriman","TB","WR",2019
"551","00-0030577",460,0.00274130946921032,0.0229712776168263,0.000249209951746393,"Sylvester Williams","LAC","DL",2019
"552","00-0035044",1746,0.00273752317019563,0.022313015244712,0.000248865742745057,"J.T. Hassell","CLE","DB",2019
"553","00-0028008",182,0.00273041316239492,0.0211338017267386,0.000248219378399538,"Justin Houston","IND","DL",2019
"554","00-0027953",160,0.00272387042104712,0.0216260425379508,0.000247624583731556,"Mike Pouncey","LAC","OL",2019
"555","00-0034869",1689,0.00271992879083209,0.0216745203721606,0.000247266253712008,"Sam Darnold","NYJ","QB",2019
"556","00-0030575",459,0.00271746469036192,0.0211372471251683,0.000247042244578357,"Xavier Rhodes","MIN","DB",2019
"557","00-0033705",1218,0.00271409178579344,0.0210073894400376,0.000246735616890313,"Andre Patton","LAC","WR",2019
"558","00-0031017",500,0.00270463410142241,0.02129323143255,0.000245875827402038,"Dakota Dozier","MIN","OL",2019
"559","00-0033242",1076,0.002703793364831,0.0216116641311559,0.000245799396802818,"Jermaine Grace","CLE","LB",2019
"560","00-0027674",114,0.00269960163343319,0.0226764297253291,0.000245418330312108,"Jared Veldheer","GB","OL",2019
"561","00-0034800",1646,0.00269753874047259,0.0206180347273665,0.000245230794588417,"B.J. Hill","NYG","DL",2019
"562","00-0028899",225,0.00269477779647656,0.0211481147534132,0.000244979799679687,"Rodney McLeod","PHI","DB",2019
"563","00-0031713",695,0.00269255473642265,0.0234642920209992,0.00024477770331115,"Xavier Williams","KC","DL",2019
"564","00-0028932",230,0.00268951507337713,0.0209129371011415,0.000244501370307012,"L.J. Fort","BAL","LB",2019
"565","00-0027557",106,0.00268324294112676,0.0226692027447331,0.000243931176466069,"Morgan Cox","BAL","LS",2019
"566","00-0035478",1907,0.00266926072424792,0.0233066666785648,0.00024266006584072,"Isaiah Searight","NYG","TE",2019
"567","00-0031045",510,0.00266804885530536,0.0215775873227036,0.000242549895936851,"Carlos Hyde","HOU","RB",2019
"568","00-0033400",1120,0.00266355709184584,0.0217039664166208,0.000242141553804167,"Matt Haack","MIA","P",2019
"569","00-0033109",1048,0.00266296890733438,0.0197885788882914,0.000242088082484943,"Javon Hargrave","PIT","DL",2019
"570","00-0033082",1037,0.0026627474980866,0.0210243420313588,0.000242067954371509,"Lucas Patrick","GB","OL",2019
"571","00-0033950",1322,0.0026586118232957,0.0223843848867329,0.000241691983935972,"Wayne Gallman","NYG","RB",2019
"572","00-0033524",1150,0.00265613682360235,0.0212527973031132,0.00024146698396385,"Kevin King","GB","DB",2019
"573","00-0030706",474,0.0026538975502752,0.02209777246013,0.000241263413661382,"Josh Andrews","IND","OL",2019
"574","00-0034773",1624,0.00265353728548817,0.021090860670607,0.000241230662317106,"Vita Vea","TB","DL",2019
"575","00-0031410",625,0.00265169682723624,0.0224392772110751,0.000241063347930567,"Xavier Su'a-Filo","DAL","OL",2019
"576","00-0035294",1850,0.00264848897821815,0.021958450759882,0.000240771725292559,"Blessuan Austin","NYJ","DB",2019
"577","00-0029670",313,0.00262870842634073,0.0217841258373168,0.000238973493303703,"Mark Barron","PIT","LB",2019
"578","00-0034473",1524,0.00262093411789017,0.0220355972334837,0.000238266737990015,"Dennis Gardeck","ARI","LB",2019
"579","00-0029799",334,0.00261485702981455,0.0215499097250921,0.000237714275437686,"Lerentee McCray","JAX","DL",2019
"580","00-0035265",1825,0.00261188751580911,0.0211617178974735,0.00023744431961901,"John Cominsky","ATL","DL",2019
"581","00-0032103",758,0.00260340472915008,0.021884783586998,0.000236673157195462,"Denzel Perryman","LAC","LB",2019
"582","00-0035006",1737,0.00258466931221461,0.0202589403716687,0.000234969937474056,"Bisi Johnson","MIN","WR",2019
"583","00-0034679",1583,0.00258241476416998,0.0210625095720168,0.000234764978560908,"Mark Walton","MIA","RB",2019
"584","00-0034355",1446,0.00257717565943888,0.0214758341346635,0.000234288696312625,"M.J. Stewart","TB","DB",2019
"585","00-0035306",1857,0.00256339568370981,0.0204122828940106,0.000233035971246346,"Darryl Johnson","BUF","DL",2019
"586","00-0027973",172,0.00251757530399681,0.0220324125149184,0.000228870482181528,"Andy Dalton","CIN","QB",2019
"587","00-0034653",1570,0.00251411974612266,0.0233294139370014,0.000228556340556605,"Deontay Burnett","PHI","WR",2019
"588","00-0031105",528,0.00251244733951647,0.0226082310946951,0.000228404303592406,"Zach Kerr","ARI","DL",2019
"589","00-0033786",1236,0.00251009612590633,0.0230949074604431,0.000228190556900575,"Ryan Glasgow","CIN","DL",2019
"590","00-0026189",69,0.00250291578222363,0.0219364039675581,0.000227537798383966,"DeSean Jackson","PHI","WR",2019
"591","00-0031353",600,0.00249662404400286,0.0224406085323264,0.000226965822182078,"Michael Schofield","LAC","OL",2019
"592","00-0033716",1219,0.00249600622781629,0.0223589574704904,0.000226909657074208,"Calvin Munson","MIA","LB",2019
"593","00-0035507",1913,0.00248865930894709,0.0221790054111369,0.000226241755358826,"Kyle Phillips","NYJ","DL",2019
"594","00-0027743",126,0.00248231440391117,0.02182715134664,0.000225664945810106,"Sherrick McManis","CHI","DB",2019
"595","00-0032543",894,0.00246121254657732,0.0210979589991062,0.000223746595143392,"Alex Erickson","CIN","WR",2019
"596","00-0029065",238,0.00244091294290736,0.0220581671797601,0.000221901176627942,"Johnson Bademosi","NO","DB",2019
"597","00-0035500",1912,0.00242607064705948,0.0223507963752933,0.000220551877005407,"Greg Dortch","LA","WR",2019
"598","00-0030541",446,0.00241291854219444,0.0222612682676017,0.000219356231108586,"Blidi Wreh-Wilson","ATL","DB",2019
"599","00-0035229",1792,0.00241241546794068,0.0212346021508358,0.000219310497085517,"T.J. Hockenson","DET","TE",2019
"600","00-0031238",558,0.00241070923380724,0.0214706305651177,0.000219155384891567,"Weston Richburg","SF","OL",2019
"601","00-0034378",1468,0.0024014422606264,0.0220098980972041,0.000218312932784218,"Ito Smith","ATL","RB",2019
"602","00-0033070",1032,0.0024012215198071,0.0213080088199263,0.00021829286543701,"Javien Elliott","CAR","DB",2019
"603","00-0034804",1649,0.00239636279170412,0.022858477856622,0.000217851162882193,"Brian Allen","LA","OL",2019
"604","00-0033857",1249,0.00239384395158913,0.0211612205897363,0.000217622177417194,"JuJu Smith-Schuster","PIT","WR",2019
"605","00-0033338",1105,0.00239143511436579,0.0219154668352928,0.000217403192215072,"Cethan Carter","CIN","TE",2019
"606","00-0033779",1231,0.00238659460943243,0.0220365698419179,0.000216963146312039,"Dee Virgin","DET","DB",2019
"607","00-0029412",269,0.00237670222201212,0.0220427201109178,0.000216063838364738,"Vinny Curry","PHI","DL",2019
"608","00-0032437",870,0.00237436224385511,0.0219362421896903,0.000215851113077737,"Kamu Grugier-Hill","PHI","LB",2019
"609","00-0035434",1901,0.00237124237815589,0.0228022247834157,0.000215567488923263,"Chris Peace","NYG","LB",2019
"610","00-0034827",1661,0.00236459418884096,0.0225952526493363,0.000214963108076451,"D.J. Moore","CAR","WR",2019
"611","00-0031346",596,0.00236369344011482,0.0216783815761231,0.00021488122182862,"Justin Ellis","BAL","DL",2019
"612","00-0033904",1287,0.00236185179062548,0.0207599796972543,0.000214713799147771,"Dion Dawkins","BUF","OL",2019
"613","00-0030097",379,0.0023579225089162,0.0232894332088527,0.000214356591719654,"David Quessenberry","TEN","OL",2019
"614","00-0034301",1417,0.00235701059424568,0.0217450839767047,0.000214273690385971,"Darrel Williams","KC","RB",2019
"615","00-0034382",1471,0.00234568593260822,0.0212703844890272,0.000213244175691656,"Marquis Haynes","CAR","DL",2019
"616","00-0035609",1954,0.00231696649312698,0.0220830837402843,0.000210633317556999,"Jake Gervase","LA","DB",2019
"617","00-0032240",804,0.00231440260797286,0.0217125553347813,0.000210400237088442,"Vic Beasley","ATL","DL",2019
"618","00-0035418",1898,0.00231034841718957,0.0222179330008201,0.000210031674289961,"Brandon Knight","DAL","OL",2019
"619","00-0035192",1783,0.00229954975378307,0.0234011311245799,0.000209049977616643,"Joey Slye","CAR","K",2019
"620","00-0032795",960,0.00229480922171496,0.0225533221894417,0.000208619020155905,"Cody Core","NYG","WR",2019
"621","00-0030431",415,0.00228725510362352,0.0207630936071814,0.000207932282147593,"Robert Woods","LA","WR",2019
"622","00-0034439",1514,0.00228040758777128,0.0210726783307455,0.00020730978070648,"Ryan Izzo","NE","TE",2019
"623","00-0035228",1791,0.00227953507307531,0.0207348517923778,0.000207230461188664,"Kyler Murray","ARI","QB",2019
"624","00-0029963",348,0.0022740437838271,0.0214203279416327,0.000206731253075191,"Chris Hubbard","CLE","OL",2019
"625","00-0031961",734,0.00225422577611762,0.0222420467086767,0.000204929616010693,"Mark Nzeocha","SF","LB",2019
"626","00-0034400",1488,0.00224576037054145,0.0218814592101328,0.000204160033685586,"Jordan Wilkins","IND","RB",2019
"627","00-0032450",877,0.00224103388905302,0.0209868868247186,0.000203730353550275,"Dwayne Washington","NO","RB",2019
"628","00-0032803",962,0.00222035950125071,0.0209524050596428,0.000201850863750064,"Jalen Mills","PHI","DB",2019
"629","00-0032809",964,0.00219914360415388,0.0204773384455708,0.000199922145832171,"Joe Walker","ARI","LB",2019
"630","00-0034785",1632,0.00217579329357634,0.0210141136904485,0.000197799390325121,"Mason Cole","ARI","OL",2019
"631","00-0035594",1949,0.00216739562079894,0.0207138036732056,0.000197035965527177,"Travis Homer","SEA","RB",2019
"632","00-0035317",1865,0.00216234762554939,0.0224439993362652,0.000196577056868126,"Joshua Miles","ARI","OL",2019
"633","00-0032151",780,0.00216053409700162,0.0215953232069666,0.000196412190636511,"Jon Feliciano","BUF","OL",2019
"634","00-0032655",914,0.00212938384230969,0.0209063185110265,0.000193580349300881,"Romeo Okwara","DET","DL",2019
"635","00-0024417",42,0.00212597339464166,0.0211598786778171,0.000193270308603787,"Sam Koch","BAL","P",2019
"636","00-0029664",310,0.00212513148612905,0.0208895039830009,0.000193193771466277,"Josh Gordon","SEA","WR",2019
"637","00-0027875",145,0.00212059587984315,0.0216611367384302,0.000192781443622104,"Bryan Bulaga","GB","OL",2019
"638","00-0034759",1612,0.00209815139588586,0.0218342065417031,0.000190741035989624,"Kolton Miller","OAK","OL",2019
"639","00-0030465",427,0.00208929700966874,0.0222035274257689,0.000189936091788067,"Kenjon Barner","ATL","RB",2019
"640","00-0032141",772,0.00207005849170355,0.0229918242612184,0.000188187135609413,"Geoff Swaim","JAX","TE",2019
"641","00-0027607",108,0.00206626906950812,0.0230652339315195,0.000187842642682556,"Ted Larsen","CHI","OL",2019
"642","00-0034639",1567,0.00205278058587843,0.0209185881969432,0.000186616416898039,"Mike Ford","DET","DB",2019
"643","00-0032058",747,0.00205044375689114,0.0208433082630885,0.000186403977899195,"Tevin Coleman","SF","RB",2019
"644","00-0033700",1216,0.00204821627449854,0.0226978184896455,0.000186201479499867,"Nigel Harris","TEN","LB",2019
"645","00-0032412",854,0.00203538567562647,0.0211686179513478,0.000185035061420588,"Dean Lowry","GB","DL",2019
"646","00-0035039",1743,0.00203447373958481,0.0213009614509775,0.000184952158144073,"Stephen Carlson","CLE","TE",2019
"647","00-0034164",1371,0.00202741979992163,0.0208982699436535,0.000184310890901966,"Trenton Cannon","NYJ","RB",2019
"648","00-0031282",576,0.00201884380877294,0.0217781120862121,0.000183531255342994,"Justin Britt","SEA","OL",2019
"649","00-0032233",801,0.00201830907003373,0.0219657498955287,0.000183482642730339,"Cedric Ogbuehi","JAX","OL",2019
"650","00-0032950",991,0.00201439245622185,0.0214932430243071,0.000183126586929259,"Carson Wentz","PHI","QB",2019
"651","00-0025472",51,0.00199764023780819,0.0221619093260323,0.000181603657982563,"Brandon Mebane","LAC","DL",2019
"652","00-0034539",1541,0.0019971064920595,0.0213343603650424,0.000181555135641773,"Corey Thompson","BUF","LB",2019
"653","00-0031844",709,0.00198693831343881,0.022466897300196,0.000180630755767164,"Deshazor Everett","WAS","DB",2019
"654","00-0035533",1923,0.00198568507952654,0.0222074584002914,0.000180516825411504,"Ryan Connelly","NYG","LB",2019
"655","00-0032864",969,0.00197646355945512,0.0218524691648045,0.00017967850540501,"Alex Ellis","PHI","TE",2019
"656","00-0034359",1450,0.00195659357987786,0.0221911739501155,0.00017787214362526,"Tyquan Lewis","IND","DL",2019
"657","00-0034735",1598,0.0019551138218206,0.0221587773365363,0.000177737620165509,"Codey McElroy","TB","TE",2019
"658","00-0035567",1938,0.00195215418087993,0.0229870896665065,0.000177468561898176,"Craig Reynolds","ATL","RB",2019
"659","00-0026950",84,0.0019483009032445,0.0208289992911656,0.000177118263931318,"A.Q. Shipley","ARI","OL",2019
"660","00-0033415",1125,0.00194769593434742,0.0227927400474494,0.000177063266758856,"Maurice Smith","WAS","DB",2019
"661","00-0032496",885,0.0019415631841698,0.022159321627079,0.000176505744015437,"Matthias Farley","NYJ","DB",2019
"662","00-0034102",1351,0.00193682703442156,0.0228278261031767,0.000176075184947415,"Timon Parris","WAS","OL",2019
"663","00-0032393",843,0.00192520662850899,0.0222642186797417,0.000175018784409908,"C.J. Prosise","SEA","RB",2019
"664","00-0024243",37,0.00190821937100269,0.0212864866502964,0.000173474488272972,"Marcedes Lewis","GB","TE",2019
"665","00-0030505",435,0.001900258343235,0.0208996804010938,0.000172750758475909,"D.J. Fluker","SEA","OL",2019
"666","00-0034256",1394,0.00189600415025666,0.0217773231315532,0.000172364013659697,"Da'Mari Scott","NYG","WR",2019
"667","00-0031235",555,0.00187159147509496,0.0213296472401951,0.000170144679554087,"Odell Beckham","CLE","WR",2019
"668","00-0025399",46,0.0018708898858087,0.022210663266668,0.000170080898709882,"Marshawn Lynch","SEA","RB",2019
"669","00-0034385",1474,0.00184415195310711,0.0216428938263919,0.000167650177555192,"Ja'Whaun Bentley","NE","LB",2019
"670","00-0024270",38,0.00184242554337103,0.0208543348317772,0.000167493231215548,"Andrew Whitworth","LA","OL",2019
"671","00-0034810",1653,0.00184094713044411,0.0204717684665185,0.000167358830040374,"Sebastian Joseph-Day","LA","DL",2019
"672","00-0029984",349,0.00181695415130645,0.0214885066678286,0.000165177650118768,"Ryan Allen","ATL","P",2019
"673","00-0030827",486,0.00180654955066475,0.0226645318782039,0.000164231777333159,"Tyler Shatley","JAX","OL",2019
"674","00-0033562",1179,0.00180606710225223,0.0217547673209429,0.000164187918386567,"Ryan Switzer","PIT","WR",2019
"675","00-0034488",1527,0.0017954954612195,0.0225654561142568,0.000163226860110863,"Tavierre Thomas","CLE","DB",2019
"676","00-0033103",1045,0.00179144218857123,0.0219537512257336,0.000162858380779202,"Artie Burns","PIT","DB",2019
"677","00-0035413",1896,0.00179004988361931,0.0227253133662111,0.000162731807601755,"Luke Gifford","DAL","LB",2019
"678","00-0033057",1026,0.00178611690940429,0.0206344703926213,0.000162374264491299,"Jack Conklin","TEN","OL",2019
"679","00-0035281",1840,0.00178292222306775,0.0226535986192565,0.000162083838460705,"Joe Jackson","DAL","DL",2019
"680","00-0034976",1716,0.00178229437171766,0.0217491199462857,0.000162026761065242,"Dru Samia","MIN","OL",2019
"681","00-0034848",1681,0.00178039995017353,0.0227249195675889,0.000161854540924866,"R.J. McIntosh","NYG","DL",2019
"682","00-0032797",961,0.00178013717084514,0.0219419081334635,0.000161830651895013,"Jordan Lucas","KC","DB",2019
"683","00-0033902",1285,0.00177136292662162,0.020593419042625,0.000161032993329238,"Tanoh Kpassagnon","KC","DL",2019
"684","00-0033455",1136,0.00174952174372738,0.0217465114797935,0.000159047431247943,"Anthony Firkser","TEN","TE",2019
"685","00-0034274",1405,0.00173917588529559,0.0221812232871624,0.000158106898663235,"Parry Nickerson","JAX","DB",2019
"686","00-0035596",1950,0.00172279397220145,0.0229392099845419,0.000156617633836495,"Kerrith Whyte","PIT","RB",2019
"687","00-0035184",1780,0.00172006669944705,0.022784899323411,0.000156369699949732,"Devine Ozigbo","JAX","RB",2019
"688","00-0033540",1163,0.00169754888154805,0.0209733902045261,0.000154322625595277,"Takkarist McKinley","ATL","DL",2019
"689","00-0028063",188,0.00169485259932081,0.0218009226820543,0.000154077509029165,"Taiwan Jones","HOU","RB",2019
"690","00-0030090",376,0.00168856200034226,0.0223305066402204,0.000153505636394751,"Micah Hyde","BUF","DB",2019
"691","00-0032577",902,0.00164067385772287,0.0222528986654585,0.000149152168883897,"D.J. Foster","ARI","RB",2019
"692","00-0027943",155,0.0016273428768676,0.0209808343862777,0.000147940261533418,"Patrick Peterson","ARI","DB",2019
"693","00-0031260",567,0.00162383119187077,0.0217177970947436,0.000147621017442798,"Logan Thomas","DET","TE",2019
"694","00-0035291",1847,0.00160966598600087,0.0225189208214081,0.000146333271454624,"Trayveon Williams","CIN","RB",2019
"695","00-0032112",762,0.00160780641584871,0.0217702145117975,0.00014616421962261,"J.J. Nelson","OAK","WR",2019
"696","00-0029255",253,0.00159027406876524,0.0203983989566352,0.000144570369887749,"Bobby Wagner","SEA","LB",2019
"697","00-0028224",208,0.00158889943295396,0.0224709038170514,0.000144445402995815,"Chris Harris","DEN","DB",2019
"698","00-0034422",1503,0.00157767349229793,0.0224293625733594,0.000143424862936176,"Keishawn Bierria","ARI","LB",2019
"699","00-0028128",201,0.00157076993616058,0.0217023786356876,0.000142797266923689,"Colin Jones","CAR","DB",2019
"700","00-0034167",1372,0.00156826596022569,0.022015313177539,0.00014256963274779,"Devante Downs","NYG","LB",2019
"701","00-0034446",1517,0.0015591821277797,0.0225178379662455,0.000141743829798154,"Jalen Davis","ARI","DB",2019
"702","00-0031933",720,0.0015567398434395,0.0204283933393693,0.000141521803949045,"Leonard Williams","NYG","DL",2019
"703","00-0034603",1560,0.00155016267137888,0.0222160450242451,0.000140923879216262,"Kevin Toliver","CHI","DB",2019
"704","00-0031067",519,0.00154744942349417,0.0227601543686253,0.000140677220317652,"Cameron Fleming","DAL","OL",2019
"705","00-0030752",479,0.00154601812332967,0.0237539855249973,0.000140547102120879,"Jay Elliott","PIT","LB",2019
"706","00-0027684",117,0.00153692899426307,0.022876268329983,0.000139720817660279,"Earl Mitchell","SF","DL",2019
"707","00-0034406",1490,0.00151872530424321,0.0224320718717779,0.000138065936749383,"Deon Cain","PIT","WR",2019
"708","00-0031585",675,0.00151138514847872,0.0216232257900527,0.000137398649861702,"MyCole Pruitt","TEN","TE",2019
"709","00-0035042",1745,0.001487104853808,0.0219885992512103,0.000135191350346182,"Jamie Gillan","CLE","P",2019
"710","00-0034418",1499,0.00148020901689587,0.0230729378358393,0.000134564456081443,"Ced Wilson","DAL","WR",2019
"711","00-0031068",520,0.00147922859622246,0.0217209049730948,0.000134475326929314,"Ryan Grant","GB","WR",2019
"712","00-0031571",666,0.00147247781395179,0.0212363586557488,0.000133861619450163,"Clayton Geathers","IND","DB",2019
"713","00-0032052",742,0.00147135106649725,0.0205436577831457,0.000133759187863386,"Dante Fowler","LA","LB",2019
"714","00-0034676",1580,0.00146099598513523,0.0215462064256797,0.000132817816830476,"James Washington","PIT","WR",2019
"715","00-0033529",1155,0.00144537686475265,0.0219929453992236,0.000131397896795696,"Chase Roullier","WAS","OL",2019
"716","00-0034116",1358,0.00143822012037811,0.021806067917138,0.000130747283670737,"J.T. Gray","NO","DB",2019
"717","00-0031047",511,0.00142785260970111,0.0215911701591991,0.000129804782700101,"Spencer Long","BUF","OL",2019
"718","00-0030621",465,0.00141646391106919,0.0226722861565969,0.000128769446460835,"Michael Ola","NO","OL",2019
"719","00-0033932",1310,0.00140113080845556,0.0214723794401951,0.000127375528041414,"Kenny Golladay","DET","WR",2019
"720","00-0034358",1449,0.00139709014360878,0.0219177838065098,0.000127008194873526,"Derrius Guice","WAS","RB",2019
"721","00-0035499",1911,0.00139173069112069,0.023202444833515,0.000126520971920062,"Kyron Brown","NYJ","DB",2019
"722","00-0035301",1855,0.00138319166626028,0.0224287050085686,0.000125744696932752,"Donovan Wilson","DAL","DB",2019
"723","00-0034204",1385,0.00137991153245571,0.0221263977855,0.000125446502950519,"Ola Adeniyi","PIT","LB",2019
"724","00-0032261",817,0.00137446268662262,0.0213418400278194,0.000124951153329329,"Malcom Brown","NO","DL",2019
"725","00-0032380",830,0.00136309552536874,0.0211606437564938,0.000123917775033522,"Laremy Tunsil","HOU","OL",2019
"726","00-0031279",574,0.00135392302064381,0.0205488459169869,0.000123083910967619,"Jake Matthews","ATL","OL",2019
"727","00-0034034",1339,0.00133710431633759,0.022448055613354,0.000121554937848872,"Rashard Davis","TEN","WR",2019
"728","00-0034775",1625,0.00132695776950619,0.0225638330193785,0.000120632524500563,"Christian Kirk","ARI","WR",2019
"729","00-0033405",1121,0.00132399405089109,0.0218885934432754,0.000120363095535553,"Torry McTyer","CIN","DB",2019
"730","00-0030098",380,0.00132026506609164,0.023016673354799,0.000120024096917422,"Dustin Hopkins","WAS","K",2019
"731","00-0035270",1830,0.00132025463553913,0.0209265219638083,0.000120023148685375,"Amani Oruwariye","DET","DB",2019
"732","00-0032954",994,0.00129718037626277,0.0227956225580015,0.000117925488751161,"Isaac Seumalo","PHI","OL",2019
"733","00-0032423",863,0.00128739399333278,0.0212780232613436,0.000117035817575707,"Trevor Davis","MIA","WR",2019
"734","00-0032851",968,0.00128464232319532,0.0223843851637052,0.000116785665745029,"Pete Robertson","WAS","LB",2019
"735","00-0035573",1939,0.00128219502102027,0.0217324301375417,0.000116563183729115,"Kareem Orr","TEN","DB",2019
"736","00-0033266",1081,0.00128036433600428,0.0220478552277562,0.000116396757818571,"JoJo Natson","LA","WR",2019
"737","00-0033435",1130,0.00127559755555512,0.0220257108363326,0.000115963414141374,"Breon Borders","WAS","DB",2019
"738","00-0032977",1006,0.00126517667782803,0.022991633928241,0.00011501606162073,"Rashard Higgins","CLE","WR",2019
"739","00-0034450",1519,0.00123495766438442,0.0214995302371236,0.000112268878580402,"Greg Joseph","TEN","K",2019
"740","00-0034662",1575,0.00123078265989428,0.0221525968401455,0.000111889332717662,"Joshua Kalu","TEN","DB",2019
"741","00-0033573",1188,0.00119916045165095,0.0224475477740615,0.000109014586513722,"Shelton Gibson","PHI","WR",2019
"742","00-0035260",1820,0.00119436387198337,0.0219574606247192,0.00010857853381667,"Renell Wren","CIN","DL",2019
"743","00-0033336",1104,0.00118973582281749,0.0216272809208269,0.000108157802074317,"Eric Wilson","MIN","LB",2019
"744","00-0034064",1342,0.00117830251141081,0.0228811134099024,0.000107118410128255,"Colby Wadman","DEN","P",2019
"745","00-0032222",798,0.00117668599443643,0.0212350649540712,0.000106971454039676,"D.J. Humphries","ARI","OL",2019
"746","00-0031934",721,0.00116919449222526,0.0228040621995185,0.000106290408384115,"Devin Smith","DAL","WR",2019
"747","00-0032786",953,0.00116169642231826,0.0216773358753366,0.000105608765665296,"Marqui Christian","LA","DB",2019
"748","00-0035534",1924,0.0011556938498337,0.0215731815867866,0.000105063077257609,"Marvell Tell","IND","DB",2019
"749","00-0033608",1202,0.00114430063313662,0.0213334415816589,0.000104027330285148,"Ryan Lewis","MIA","DB",2019
"750","00-0032518",888,0.00114029998383491,0.0209781289624742,0.000103663634894082,"Justin Zimmer","CLE","DL",2019
"751","00-0035621",1957,0.00113450509086533,0.0234046194653669,0.000103136826442302,"Nsimba Webster","LA","WR",2019
"752","00-0034571",1548,0.00113319942068088,0.0205855451075707,0.000103018129152808,"Trent Scott","LAC","OL",2019
"753","00-0031372",610,0.0011253786012032,0.0212752398273886,0.000102307145563927,"Bradley Roby","HOU","DB",2019
"754","00-0027676",115,0.00112395384911291,0.0216201182845278,0.000102177622646628,"Morgan Burnett","CLE","DB",2019
"755","00-0035316",1864,0.00112206204829047,0.0226319956539141,0.000102005640753679,"Kaden Elliss","NO","LB",2019
"756","00-0033877",1264,0.00112125771087199,0.0211092454813737,0.000101932519170181,"Malik Hooker","IND","DB",2019
"757","00-0033910",1293,0.001114922753699,0.0224388824343844,0.000101356613972636,"Dan Feeney","LAC","OL",2019
"758","00-0031156",537,0.00111280014858078,0.0223350349323714,0.00010116364987098,"Tyler Ott","SEA","LS",2019
"759","00-0035323",1867,0.00111211651941663,0.0227670917580603,0.000101101501765148,"Beau Benzschawel","DET","OL",2019
"760","00-0033580",1194,0.0011101371029694,0.0220233644099722,0.0001009215548154,"Tanner Vallejo","ARI","LB",2019
"761","00-0029691",322,0.00109678196756458,0.021735275428964,9.97074515967798e-05,"Josh Robinson","JAX","DB",2019
"762","00-0028903",226,0.00108874757846579,0.0216050118147608,9.89770525877995e-05,"Garrett Celek","SF","TE",2019
"763","00-0030414",412,0.00107973590028835,0.0222742745719467,9.81578091171229e-05,"Spencer Ware","KC","RB",2019
"764","00-0035254",1816,0.00107657518237116,0.0218718118534908,9.78704711246513e-05,"Anthony Nelson","TB","LB",2019
"765","00-0033662",1209,0.00107344671128206,0.022793593591523,9.75860646620055e-05,"Cooper Rush","DAL","QB",2019
"766","00-0033839",1246,0.00107263896194506,0.0212916711569678,9.75126329040966e-05,"Dede Westbrook","JAX","WR",2019
"767","00-0034251",1392,0.00106374929312964,0.0227973611585654,9.67044811936036e-05,"Daniel Ekuale","CLE","DL",2019
"768","00-0034160",1367,0.00106301297052684,0.0224566537258187,9.66375427751672e-05,"Michael Dickson","SEA","P",2019
"769","00-0034994",1734,0.00106215136818752,0.0238458040018427,9.65592152897748e-05,"Oli Udoh","MIN","OL",2019
"770","00-0034677",1581,0.00105270647563031,0.020755718539697,9.57005886936649e-05,"Justin Jones","LAC","DL",2019
"771","00-0028660",219,0.00105203066590612,0.023121602160274,9.56391514460106e-05,"Dan Bailey","MIN","K",2019
"772","00-0033024",1013,0.00104376083209131,0.0210753986457227,9.48873483719376e-05,"Branden Jackson","SEA","DL",2019
"773","00-0033569",1184,0.00104195509158171,0.0210861642522681,9.47231901437922e-05,"Roderick Johnson","HOU","OL",2019
"774","00-0032391",841,0.00103859429890709,0.0215683372167302,9.44176635370079e-05,"Joe Thuney","NE","OL",2019
"775","00-0033093",1042,0.00102228863994025,0.0219615927798279,9.29353309036593e-05,"Jonathan Bullard","ARI","DL",2019
"776","00-0029146",245,0.00101240293345035,0.0214356734411543,9.20366303136684e-05,"J.R. Sweezy","ARI","OL",2019
"777","00-0033859",1251,0.00101165895048953,0.0215195734076506,9.19689954990478e-05,"Josh Malone","NYJ","WR",2019
"778","00-0028129",202,0.0010073276816107,0.0213947092904912,9.15752437827907e-05,"Jason Kelce","PHI","OL",2019
"779","00-0030578",461,0.000991812436350731,0.0214568951826114,9.01647669409755e-05,"Cordarrelle Patterson","CHI","WR",2019
"780","00-0034349",1440,0.00097617474025592,0.0207698506208703,8.87431582050836e-05,"Kerryon Johnson","DET","RB",2019
"781","00-0031308",585,0.000960607728925799,0.0202764450865324,8.73279753568908e-05,"Kevin Pierre-Louis","CHI","LB",2019
"782","00-0029653",308,0.000947961371482163,0.0213304397250797,8.61783064983785e-05,"Fletcher Cox","PHI","DL",2019
"783","00-0027882",147,0.000926536669886592,0.0227176715387791,8.42306063533265e-05,"Patrick Robinson","NO","DB",2019
"784","00-0034991",1731,0.000915784342462416,0.0225620554782184,8.32531220420378e-05,"Drew Forbes","CLE","OL",2019
"785","00-0031296",579,0.000915044069633167,0.0226596186687994,8.31858245121061e-05,"C.J. Mosley","NYJ","LB",2019
"786","00-0035558",1936,0.000910648253071559,0.0223704352190357,8.27862048246871e-05,"Garrett McGhin","CAR","OL",2019
"787","00-0030946",493,0.000910332644157205,0.0207017430403429,8.27575131052005e-05,"Kerry Hyder","DAL","DL",2019
"788","00-0034090",1348,0.000905967632416785,0.0222342176735356,8.23606938560714e-05,"Skai Moore","IND","LB",2019
"789","00-0033532",1158,0.000893144964774049,0.0224425066805447,8.11949967976408e-05,"Josh Harvey-Clemons","WAS","LB",2019
"790","00-0035248",1811,0.000876527663306398,0.022113963108328,7.96843330278543e-05,"Zach Allen","ARI","DL",2019
"791","00-0031363",605,0.000871636631326423,0.0223044640030567,7.92396937569476e-05,"Michael Palardy","CAR","P",2019
"792","00-0032055",745,0.000868262637256826,0.022306343671791,7.89329670233478e-05,"Devin Funchess","IND","WR",2019
"793","00-0035677",2000,0.00086789275938817,0.0223228667887101,7.8899341762561e-05,"Nasir Adderley","LAC","DB",2019
"794","00-0032098",756,0.000867251253314951,0.0212019974080235,7.88410230286319e-05,"Daniel Brown","NYJ","TE",2019
"795","00-0033933",1311,0.000866957208200909,0.0211273998948224,7.88142916546281e-05,"Chad Williams","IND","WR",2019
"796","00-0034839",1673,0.000866344364030746,0.0216528405104587,7.87585785482497e-05,"Sam Beal","NYG","DB",2019
"797","00-0032939",987,0.000864902317598621,0.0221882347872745,7.86274834180565e-05,"Vonn Bell","NO","DB",2019
"798","00-0029621",299,0.000862615216182482,0.0220022705105766,7.84195651074984e-05,"Greg Zuerlein","LA","K",2019
"799","00-0034929",1698,0.00086155856833897,0.0218385911210555,7.83235062126337e-05,"Quinn Bailey","DEN","OL",2019
"800","00-0035382",1885,0.000847154960014417,0.0224061324416198,7.70140872740379e-05,"Ryan Bates","BUF","OL",2019
"801","00-0035143",1767,0.000847075048024752,0.0216363241376904,7.70068225477047e-05,"Ben Burr-Kirven","SEA","LB",2019
"802","00-0029272",258,0.00084105439938865,0.0209517282256336,7.64594908535136e-05,"Nigel Bradham","PHI","LB",2019
"803","00-0033926",1304,0.000833763690605189,0.0211451627939252,7.57966991459263e-05,"Shaquill Griffin","SEA","DB",2019
"804","00-0035455",1905,0.000810675223561442,0.0227083698680005,7.36977475964947e-05,"Albert Huggins","PHI","DL",2019
"805","00-0031943",726,0.000805519776972151,0.0228465209536451,7.3229070633832e-05,"Ramik Wilson","CAR","LB",2019
"806","00-0034988",1728,0.000798920779006514,0.0217014087738519,7.26291617278649e-05,"Kaden Smith","NYG","TE",2019
"807","00-0029955",347,0.000798423520164084,0.0223133811978874,7.25839563785531e-05,"LaRoy Reynolds","CIN","LB",2019
"808","00-0035383",1886,0.000797710576428333,0.0232614034337398,7.25191433116666e-05,"Nate Herbig","PHI","OL",2019
"809","00-0032383",833,0.000789600124145897,0.0202615230347598,7.17818294678088e-05,"Ryan Kelly","IND","OL",2019
"810","00-0033375",1112,0.000788296999105231,0.0206821503210789,7.1663363555021e-05,"Tim Patrick","DEN","WR",2019
"811","00-0035330",1869,0.000771879966699317,0.0227469932519973,7.01709060635742e-05,"Anthony Pittman","DET","LB",2019
"812","00-0034855",1683,0.000771753454828759,0.0206052633014084,7.01594049844326e-05,"Baker Mayfield","CLE","QB",2019
"813","00-0029692",323,0.000768190711253371,0.0228797069744723,6.98355192048519e-05,"Bryan Anger","HOU","P",2019
"814","00-0033787",1237,0.000763733708724649,0.0224072385534395,6.94303371567863e-05,"Jake Elliott","PHI","K",2019
"815","00-0032727",925,0.000753648506544634,0.0218796008492008,6.85135005949667e-05,"Joel Heath","HOU","DL",2019
"816","00-0033234",1075,0.000748300556986773,0.0219353244338519,6.80273233624339e-05,"Chris Odom","WAS","LB",2019
"817","00-0034846",1679,0.000748235806576569,0.0213260484721225,6.80214369615063e-05,"Darius Leonard","IND","LB",2019
"818","00-0029091",239,0.000746964249315338,0.0213933380009689,6.79058408468489e-05,"Bradley Sowell","CHI","TE",2019
"819","00-0029144",244,0.000744517959403819,0.022168762090626,6.76834508548926e-05,"Tom Compton","NYJ","OL",2019
"820","00-0035402",1892,0.00073897422096815,0.0215863182140825,6.71794746334682e-05,"Carl Granderson","NO","DL",2019
"821","00-0031838",708,0.000731486310700112,0.0220829618427821,6.6498755518192e-05,"James Vaughters","CHI","LB",2019
"822","00-0035128",1761,0.000723203423568142,0.0218224591223588,6.5745765778922e-05,"Gerald Willis","MIA","DL",2019
"823","00-0032134",769,0.00071971873481157,0.021003330425534,6.54289758919609e-05,"C.J. Uzomah","CIN","TE",2019
"824","00-0035548",1931,0.000717285214478845,0.0219578257998281,6.52077467708041e-05,"Ventell Bryant","DAL","WR",2019
"825","00-0033924",1303,0.000717128352588113,0.0223107935307992,6.51934865989194e-05,"Eddie Vanderdoes","HOU","DL",2019
"826","00-0034648",1569,0.000710185159752347,0.0224828924262182,6.45622872502134e-05,"Ryan Santoso","TEN","P",2019
"827","00-0032466",882,0.000709631230701355,0.0212305926185132,6.45119300637595e-05,"George Fant","SEA","OL",2019
"828","00-0034705",1590,0.00070331085022468,0.0216755812799793,6.39373500204255e-05,"John Franklin","TB","DB",2019
"829","00-0031870",711,0.000697446639828983,0.0213565318091351,6.3404239984453e-05,"Dean Marlowe","BUF","DB",2019
"830","00-0032043",741,0.00069070534056491,0.0207586510165774,6.279139459681e-05,"Quinton Spain","BUF","OL",2019
"831","00-0033199",1070,0.000689933719165474,0.0223219921280199,6.27212471968612e-05,"Taybor Pepper","MIA","LS",2019
"832","00-0035537",1926,0.000689278966296777,0.0207891645365061,6.26617242087979e-05,"Ty Johnson","DET","RB",2019
"833","00-0031462",636,0.000676096510526582,0.0220820843641384,6.14633191387802e-05,"Jerome Cunningham","WAS","TE",2019
"834","00-0031228",554,0.000673265936403963,0.0228969399167364,6.12059942185421e-05,"Taylor Gabriel","CHI","WR",2019
"835","00-0032788",954,0.000666613978309824,0.0225460106206759,6.06012707554386e-05,"D.J. White","DAL","DB",2019
"836","00-0034979",1719,0.00066640547003425,0.0218849356951675,6.05823154576591e-05,"Iman Marshall","BAL","DB",2019
"837","00-0022455",10,0.00066337904412892,0.0223643815155039,6.03071858299018e-05,"Don Muhlbach","DET","LS",2019
"838","00-0035269",1829,0.000659277993523677,0.0223407737989138,5.9934363047607e-05,"Matt Gay","TB","K",2019
"839","00-0032517",887,0.000643018902990438,0.0225828744940172,5.84562639082217e-05,"Briean Boddy-Calhoun","IND","DB",2019
"840","00-0034767",1619,0.000635700790965346,0.0225064752709605,5.77909809968496e-05,"Nick Nelson","OAK","DB",2019
"841","00-0026986",88,0.000635239820138426,0.0219436647615104,5.77490745580388e-05,"Michael Crabtree","ARI","WR",2019
"842","00-0034790",1636,0.000624892785381971,0.0216439377006654,5.68084350347247e-05,"Derwin James","LAC","DB",2019
"843","00-0030957",494,0.000614662606725235,0.0213804268459525,5.58784187932032e-05,"Casey Kreiter","DEN","LS",2019
"844","00-0032883",973,0.0006121446850787,0.0224696727610536,5.56495168253363e-05,"Mitchell Loewen","NO","DL",2019
"845","00-0035016",1739,0.000611071613331355,0.0205820297695902,5.5551964848305e-05,"Josiah Tauaefa","NYG","LB",2019
"846","00-0032145",775,0.000609417861665934,0.0206040115286423,5.54016237878122e-05,"Cameron Erving","KC","OL",2019
"847","00-0033386",1116,0.000584656372586228,0.0218432251552279,5.31505793260208e-05,"Cody Hollister","TEN","WR",2019
"848","00-0028339",214,0.000576106469901856,0.0208575766065413,5.23733154456233e-05,"Mario Addison","CAR","DL",2019
"849","00-0035363",1879,0.000569873930717092,0.0239309829973161,5.18067209742811e-05,"Joe Giles-Harris","JAX","LB",2019
"850","00-0031543",646,0.000568254448441699,0.0218609725817652,5.16594953128817e-05,"Ty Long","LAC","P",2019
"851","00-0033410",1123,0.000568127727816568,0.0225613931282479,5.16479752560516e-05,"Cole Luke","CAR","DB",2019
"852","00-0032242",806,0.000565809569398172,0.0220236932533911,5.1437233581652e-05,"Rob Havenstein","LA","OL",2019
"853","00-0035603",1953,0.000552789162829517,0.0221398082802937,5.02535602572288e-05,"Kendall Blanton","LA","TE",2019
"854","00-0026027",62,0.000550209648886805,0.0222159353806061,5.00190589897095e-05,"J.J. Jansen","CAR","LS",2019
"855","00-0031595",680,0.000537461488931616,0.021273728498132,4.88601353574196e-05,"Michael Burton","WAS","RB",2019
"856","00-0032916",982,0.000533692651445574,0.0223963649431201,4.85175137677795e-05,"Trevor Williams","ARI","DB",2019
"857","00-0034398",1486,0.000532888457444503,0.0224103815431306,4.84444052222276e-05,"Natrell Jamerson","CAR","DB",2019
"858","00-0035234",1797,0.000529803320376157,0.0217284020839548,4.81639382160143e-05,"Tytus Howard","HOU","OL",2019
"859","00-0032725",923,0.000523517508836513,0.0225872488875802,4.75925008033193e-05,"Stephen Anderson","LAC","TE",2019
"860","00-0026293",73,0.000522019453072591,0.0233657737864686,4.74563139156901e-05,"Matthew Slater","NE","WR",2019
"861","00-0031580",671,0.000512100228110454,0.0214286381307709,4.65545661918595e-05,"Shaq Mason","NE","OL",2019
"862","00-0032566",897,0.000498968708540809,0.0229716533046548,4.53607916855281e-05,"Trevon Coley","IND","DL",2019
"863","00-0032449",876,0.000498137994684783,0.0210917015600896,4.52852722440712e-05,"Lac Edwards","NYJ","P",2019
"864","00-0030170",388,0.000494811604412039,0.0217637449137575,4.49828731283672e-05,"Rontez Miles","NYJ","DB",2019
"865","00-0034273",1404,0.000480972770026696,0.0227273788347266,4.37247972751542e-05,"Damion Ratley","CLE","WR",2019
"866","00-0034793",1639,0.000480021412759878,0.0219076052338569,4.3638310250898e-05,"Quentin Poling","ATL","LB",2019
"867","00-0034445",1516,0.000479050525364184,0.0230525737809984,4.35500477603803e-05,"Nick Gates","NYG","OL",2019
"868","00-0030710",475,0.000476553836283876,0.0215382837574175,4.33230760258069e-05,"Trey Burton","CHI","TE",2019
"869","00-0033474",1143,0.000469711170946629,0.0220398124068919,4.27010155406026e-05,"Gehrig Dieter","KC","WR",2019
"870","00-0035147",1771,0.0004587459550961,0.021051412731147,4.17041777360091e-05,"Rashad Fenton","KC","DB",2019
"871","00-0027866",139,0.000457304579613734,0.0213083371650446,4.15731436012486e-05,"Earl Thomas","BAL","DB",2019
"872","00-0035327",1868,0.000455710092618909,0.0210425834355354,4.14281902380827e-05,"C.J. Moore","DET","DB",2019
"873","00-0032366",826,0.00045402633728387,0.0218476694146513,4.12751215712609e-05,"Tyler Matakevich","PIT","LB",2019
"874","00-0034654",1571,0.000439856027928812,0.0231102786052166,3.9986911629892e-05,"Dalyn Dawkins","TEN","RB",2019
"875","00-0029762",330,0.000437150999405142,0.0236082141626513,3.9740999945922e-05,"John Wetzel","ATL","OL",2019
"876","00-0032248",811,0.000431895673881628,0.0220379100699183,3.9263243080148e-05,"Bryce Hager","LA","LB",2019
"877","00-0031023",503,0.000414183978685178,0.0231460113254737,3.76530889713799e-05,"Quincy Enunwa","NYJ","WR",2019
"878","00-0032779",947,0.000412656320620983,0.0224807542605958,3.75142109655439e-05,"Caleb Benenoch","DET","OL",2019
"879","00-0025565",54,0.000405020317853623,0.0229800547305457,3.68200288957839e-05,"Nick Folk","NE","K",2019
"880","00-0031035",506,0.000398829536910185,0.0230368765156341,3.62572306281987e-05,"Xavier Grimble","PIT","TE",2019
"881","00-0027874",144,0.000386167903972645,0.021814991609591,3.51061730884223e-05,"Demaryius Thomas","NYJ","WR",2019
"882","00-0029273",259,0.000385858152026554,0.0231138865896162,3.50780138205958e-05,"Robert Turbin","SEA","RB",2019
"883","00-0032549",895,0.000378122954650043,0.0213529882315499,3.43748140590948e-05,"Alex Redmond","CIN","OL",2019
"884","00-0032389",839,0.000376990641769843,0.0217807454486531,3.42718765245312e-05,"Mackensie Alexander","MIN","DB",2019
"885","00-0031561",661,0.000372769928743802,0.0231601576854389,3.38881753403456e-05,"Hroniss Grasu","BAL","OL",2019
"886","00-0023177",19,0.000370112907319147,0.0220710922193727,3.36466279381043e-05,"Jon Condo","SF","LS",2019
"887","00-0034435",1511,0.000367523160406345,0.0219939182834386,3.34111964005768e-05,"Keion Crossen","HOU","DB",2019
"888","00-0034933",1699,0.000362808664258154,0.0233820230920221,3.29826058416504e-05,"Ahmad Gooden","NYJ","LB",2019
"889","00-0031071",521,0.000360629544769486,0.0213109999594832,3.27845040699533e-05,"Caraun Reid","ARI","DL",2019
"890","00-0033729",1221,0.000344129184249323,0.0225439478288026,3.1284471295393e-05,"Cameron Johnston","PHI","P",2019
"891","00-0034130",1360,0.000340360445204032,0.0212913599727075,3.0941858654912e-05,"Linden Stephens","MIA","DB",2019
"892","00-0031512",644,0.000336078124958238,0.0204138056115503,3.05525568143852e-05,"Jermaine Whitehead","CLE","DB",2019
"893","00-0034857",1685,0.000326484060345621,0.0217957929930656,2.96803691223292e-05,"Josh Allen","BUF","QB",2019
"894","00-0032203",790,0.000324740259267308,0.0222674786440316,2.95218417515735e-05,"Andrus Peat","NO","OL",2019
"895","00-0031054",515,0.000318007852176619,0.0199601652644906,2.8909804743329e-05,"DaQuan Jones","TEN","DL",2019
"896","00-0035714",2029,0.000307798421661389,0.021819155216524,2.79816746964899e-05,"Mazzi Wilkins","TB","DB",2019
"897","00-0034404",1489,0.00030400100107882,0.0223283686828363,2.76364546435291e-05,"Kylie Fitts","ARI","LB",2019
"898","00-0033319",1102,0.000295727496905592,0.0218357546627612,2.68843179005083e-05,"Nick Mullens","SF","QB",2019
"899","00-0023259",21,0.000284686973692993,0.0205760342822231,2.58806339720903e-05,"Lorenzo Alexander","BUF","LB",2019
"900","00-0034335",1429,0.000283113433657598,0.0225966968072513,2.57375848779635e-05,"Marcus Allen","PIT","DB",2019
"901","00-0029000",233,0.000281544079831826,0.0219433726569424,2.55949163483478e-05,"Cole Beasley","BUF","WR",2019
"902","00-0031589",678,0.00027911672442611,0.0235003239085793,2.53742476751009e-05,"Brett Hundley","ARI","QB",2019
"903","00-0028292",213,0.000278352325721169,0.0210247415758862,2.53047568837426e-05,"Nick Bellore","SEA","RB",2019
"904","00-0035026",1742,0.000276586135588704,0.0227676291281039,2.51441941444276e-05,"Kevin Givens","SF","DL",2019
"905","00-0035187",1781,0.00026320531641023,0.0219985893337864,2.39277560372936e-05,"Austin Walter","NYG","RB",2019
"906","00-0031503",642,0.000256688828682985,0.0204501532858896,2.33353480620895e-05,"Jameis Winston","TB","QB",2019
"907","00-0035267",1827,0.000254285898779945,0.022082209269251,2.31168998890859e-05,"Shareef Miller","PHI","DL",2019
"908","00-0032956",996,0.000250425996591999,0.0222230185761338,2.27659996901817e-05,"Andy Janovich","DEN","RB",2019
"909","00-0032952",993,0.000248981841674902,0.0216674060303079,2.26347128795366e-05,"Noah Spence","NO","DL",2019
"910","00-0032377",827,0.000246260045721452,0.0216943125743205,2.23872768837684e-05,"Josh Ferguson","WAS","RB",2019
"911","00-0031556",657,0.000237338743228924,0.0227225567037476,2.15762493844477e-05,"Nate Orchard","WAS","LB",2019
"912","00-0033289",1090,0.000231808766494945,0.0222535410332527,2.10735242268132e-05,"Corn Elder","CAR","DB",2019
"913","00-0030050",358,0.000223960305589367,0.0216593900662143,2.03600277808515e-05,"Ray-Ray Armstrong","DAL","LB",2019
"914","",1,0.000223712049015632,0.0217505369657876,2.03374590014211e-05,NA,NA,NA,NA
"915","00-0022824",14,0.000208335985265868,0.022040938707152,1.89396350241698e-05,"Andy Lee","ARI","P",2019
"916","00-0028872",224,0.000206962007707719,0.0218025655230393,1.8814727973429e-05,"Johnny Hekker","LA","P",2019
"917","00-0034239",1391,0.000202773542579187,0.0224199002652756,1.84339584162898e-05,"Brad Lundblade","NYJ","OL",2019
"918","00-0035117",1756,0.000187232030090469,0.0228441546947179,1.70210936445881e-05,"Lester Cotton","OAK","OL",2019
"919","00-0030448",420,0.000187104190822166,0.0225954156366895,1.70094718929242e-05,"Kawann Short","CAR","DL",2019
"920","00-0030455",422,0.000184272926436141,0.0209414763798834,1.67520842214673e-05,"Star Lotulelei","BUF","DL",2019
"921","00-0033374",1111,0.000180830080759596,0.0217503394916152,1.64390982508723e-05,"Ricky Ortiz","NO","RB",2019
"922","00-0026280",71,0.000177585521670977,0.0207797634486418,1.61441383337252e-05,"Brandon Carr","BAL","DB",2019
"923","00-0033222",1074,0.000174329064799499,0.0239397900854525,1.58480967999544e-05,"Deante Burton","DAL","DB",2019
"924","00-0033006",1009,0.000171699290576632,0.0214489274086277,1.56090264160575e-05,"Jaydon Mickens","TB","WR",2019
"925","00-0031911",716,0.000160509236514108,0.0221188126823743,1.45917487740098e-05,"Rick Lovato","PHI","LS",2019
"926","00-0027236",100,0.000151159581567841,0.0208863533238607,1.3741780142531e-05,"Kyle Love","CAR","DL",2019
"927","00-0035216",1786,0.000149000567925543,0.0205932439871118,1.35455061750493e-05,"Diontae Johnson","PIT","WR",2019
"928","00-0034641",1568,0.000148010684478053,0.0215369099489232,1.34555167707321e-05,"Chris Jones","ARI","DB",2019
"929","00-0035102",1752,0.000144505910351024,0.0241042597242882,1.31369009410022e-05,"Brandon Dillon","MIN","TE",2019
"930","00-0028003",181,0.000135147232365691,0.0232559940646013,1.22861120332446e-05,"Terrell McClain","OAK","DL",2019
"931","00-0031665",692,0.000129671893638034,0.0225239698523796,1.1788353967094e-05,"Zach Zenner","MIA","RB",2019
"932","00-0035696",2015,0.000115521296241597,0.0216370091716608,1.05019360219633e-05,"Duke Shelley","CHI","DB",2019
"933","00-0033588",1195,0.000106275334540293,0.0217068551639772,9.66139404911752e-06,"Isaac Rochell","LAC","DL",2019
"934","00-0029577",289,0.000102639149514987,0.0210855995216455,9.33083177408971e-06,"Danny Trevathan","CHI","LB",2019
"935","00-0034922",1696,9.95954476390312e-05,0.0224162835040806,9.05413160354829e-06,"Ishmael Hyman","TB","WR",2019
"936","00-0033951",1323,9.90996976686695e-05,0.0212910714574011,9.00906342442449e-06,"Marlon Mack","IND","RB",2019
"937","00-0034766",1618,9.71100320029313e-05,0.0212981159712636,8.82818472753921e-06,"Chris Herndon","NYJ","TE",2019
"938","00-0030456",423,9.15262885296631e-05,0.0204295668304873,8.32057168451483e-06,"Giovani Bernard","CIN","RB",2019
"939","00-0029141",243,8.4982635064942e-05,0.0226313148508511,7.72569409681291e-06,"Alfred Morris","ARI","RB",2019
"940","00-0035149",1773,6.78055886439368e-05,0.0223528313931363,6.16414442217608e-06,"Nick Allegretti","KC","OL",2019
"941","00-0035222",1789,6.45403020854953e-05,0.0225861374610401,5.86730018959048e-06,"Zach Gentry","PIT","TE",2019
"942","00-0034854",1682,6.42432871476794e-05,0.0218902725636491,5.84029883160722e-06,"KhaDarel Hodge","CLE","WR",2019
"943","00-0035593",1948,5.8423186617601e-05,0.0213194785139955,5.31119878341827e-06,"Juwann Winfree","DEN","WR",2019
"944","00-0034286",1413,5.49794521093113e-05,0.0217089073486325,4.99813200993739e-06,"Richie James","SF","WR",2019
"945","00-0035579",1941,5.15313265070475e-05,0.021947997470472,4.68466604609523e-06,"Tuzar Skipper","PIT","LB",2019
"946","00-0035704",2022,5.01628072869765e-05,0.0218395078090809,4.56025520790695e-06,"Drew Lock","DEN","QB",2019
"947","00-0035099",1750,4.94445875593222e-05,0.0217022381069665,4.49496250539293e-06,"Khari Blasingame","TEN","RB",2019
"948","00-0035557",1935,3.88763205079266e-05,0.0227794981556981,3.53421095526605e-06,"Deyon Sizer","DEN","DL",2019
"949","00-0033590",1197,3.78475778904767e-05,0.0225054774596376,3.44068889913424e-06,"Joey Ivie","TEN","DL",2019
"950","00-0035146",1770,3.78195054504652e-05,0.0230089375052932,3.4381368591332e-06,"Trace McSorley","BAL","QB",2019
"951","00-0033541",1164,3.74801733083623e-05,0.0217546470209317,3.40728848257839e-06,"Taco Charlton","MIA","DL",2019
"952","00-0022924",16,3.71166832073296e-05,0.0223872276825168,3.37424392793906e-06,"Ben Roethlisberger","PIT","QB",2019
"953","00-0031788",704,3.68776709101223e-05,0.0226655068295507,3.35251553728384e-06,"Matt Lengel","IND","TE",2019
"954","00-0035233",1796,3.61920598093778e-05,0.0219837780116319,3.29018725539798e-06,"Andre Dillard","PHI","OL",2019
"955","00-0033970",1333,3.38524800003514e-05,0.0230737469669562,3.07749818185013e-06,"Shalom Luani","HOU","DB",2019
"956","00-0032243",807,3.37112519560532e-05,0.0219143134363961,3.06465926873211e-06,"Ali Marpet","TB","OL",2019
"957","00-0034808",1651,3.19988041035686e-05,0.0223426114247565,2.90898219123351e-06,"John Kelly","LA","RB",2019
"958","00-0034424",1504,2.78273382321958e-05,0.0219234045333592,2.52975802110871e-06,"Matthew Adams","IND","LB",2019
"959","00-0034527",1539,2.7812088752856e-05,0.0218828772717258,2.52837170480509e-06,"Ryan Neal","SEA","DB",2019
"960","00-0031426",630,2.49494252435778e-05,0.0220365876947492,2.26812956759798e-06,"Joel Bitonio","CLE","OL",2019
"961","00-0029647",307,1.44380604633794e-05,0.0216489334518925,1.31255095121631e-06,"Kyle Wilber","OAK","LB",2019
"962","00-0033696",1213,1.26396134616582e-05,0.0221948053877992,1.14905576924166e-06,"Sean Culkin","LAC","TE",2019
"963","00-0035139",1763,3.55774505579724e-06,0.020419889023637,3.2343136870884e-07,"Marquise Blair","SEA","DB",2019
"964","00-0030665",469,-3.10590592480673e-06,0.020316139868659,-2.82355084073339e-07,"Daniel Sorensen","KC","DB",2019
"965","00-0029570",287,-4.19538756628715e-06,0.0217774331320756,-3.81398869662468e-07,"Nate Ebner","NE","DB",2019
"966","00-0026143",64,-1.03468568945866e-05,0.0218111703472212,-9.40623354053326e-07,"Matt Ryan","ATL","QB",2019
"967","00-0033997",1337,-1.18032097251828e-05,0.0230382062677426,-1.07301906592571e-06,"Brady Sheldon","CIN","LB",2019
"968","00-0027925",151,-1.74671579139652e-05,0.0229062389657523,-1.58792344672411e-06,"James Develin","NE","RB",2019
"969","00-0033059",1028,-2.20865576822651e-05,0.0220203757966178,-2.00786888020592e-06,"T.J. Green","CAR","DB",2019
"970","00-0032463",880,-3.42662297789647e-05,0.0226641339806802,-3.1151117980877e-06,"Kyle Peko","DEN","DL",2019
"971","00-0032592",905,-3.48530384979311e-05,0.0214742268035084,-3.16845804526647e-06,"Sharrod Neasman","ATL","DB",2019
"972","00-0032417",858,-4.50258197993508e-05,0.0229584971148222,-4.09325634539553e-06,"Paul Perkins","BAL","RB",2019
"973","00-0027224",99,-5.23798762101486e-05,0.0214279235534498,-4.76180692819533e-06,"Jon Weeks","HOU","LS",2019
"974","00-0032697",922,-5.43252987525662e-05,0.0222853036284299,-4.93866352296057e-06,"Doug Middleton","JAX","DB",2019
"975","00-0029623",300,-5.63854455293293e-05,0.0215990022760713,-5.12594959357539e-06,"Alex Tanney","NYG","QB",2019
"976","00-0035510",1914,-6.47710479429385e-05,0.0235272034319388,-5.88827708572169e-06,"Jeff Smith","NYJ","WR",2019
"977","00-0033058",1027,-6.86620049143632e-05,0.0225653300858583,-6.24200044676029e-06,"Reggie Ragland","KC","LB",2019
"978","00-0033538",1161,-7.03256617667928e-05,0.0215493160052415,-6.39324197879935e-06,"Garett Bolles","DEN","OL",2019
"979","00-0030850",488,-7.05263945504716e-05,0.0229457951855164,-6.41149041367923e-06,"Cody Parkey","TEN","K",2019
"980","00-0035587",1942,-7.29637646991598e-05,0.0226727938200608,-6.63306951810544e-06,"Spencer Schnell","TB","WR",2019
"981","00-0027835",132,-7.45670088551771e-05,0.022689717676524,-6.77881898683428e-06,"Kurt Coleman","BUF","DB",2019
"982","00-0034440",1515,-8.15469967749131e-05,0.0219668462161671,-7.41336334317392e-06,"Justin Jackson","LAC","RB",2019
"983","00-0028394",216,-8.84129608609337e-05,0.0220648833136249,-8.03754189644852e-06,"Jake McQuaide","LA","LS",2019
"984","00-0031584",674,-9.05666191161242e-05,0.0213495295616982,-8.23332901055675e-06,"Adrian Amos","GB","DB",2019
"985","00-0033725",1220,-9.24747651790271e-05,0.0221675772424434,-8.40679683445701e-06,"Corey Clement","PHI","RB",2019
"986","00-0034626",1564,-0.000106612229644005,0.0235648142258297,-9.69202087672773e-06,"Trevor Daniel","HOU","P",2019
"987","00-0030555",450,-0.000131778352663636,0.0214762016860333,-1.19798502421487e-05,"Dion Jordan","OAK","DL",2019
"988","00-0033943",1316,-0.000143147244700913,0.0205326928944063,-1.30133858819012e-05,"Josh Reynolds","LA","WR",2019
"989","00-0032246",810,-0.000143754987993172,0.0220501185215142,-1.30686352721066e-05,"Andrew Donnal","MIA","OL",2019
"990","00-0034995",1735,-0.000145287572473786,0.0220118329146159,-1.32079611339806e-05,"Dexter Williams","GB","RB",2019
"991","00-0032269",821,-0.000148901888622214,0.0208987808204002,-1.35365353292922e-05,"Henry Anderson","NYJ","DL",2019
"992","00-0035671",1996,-0.000152226087876181,0.0224243483233546,-1.3838735261471e-05,"Jace Sternberger","GB","TE",2019
"993","00-0034660",1574,-0.000157149513150483,0.0230231050934973,-1.42863193773167e-05,"Rico Gafford","OAK","WR",2019
"994","00-0030023",354,-0.000158679470511607,0.021151345759962,-1.44254064101461e-05,"Jordan Dangerfield","PIT","DB",2019
"995","00-0034363",1454,-0.000163032883859786,0.022842590030053,-1.48211712599806e-05,"Deadrin Senat","ATL","DL",2019
"996","00-0034266",1400,-0.000165194946032655,0.0217797062839751,-1.5017722366605e-05,"Kenny Young","LA","LB",2019
"997","00-0034779",1628,-0.000167808987293521,0.0209209816732546,-1.52553624812292e-05,"Ronnie Harrison","JAX","DB",2019
"998","00-0035703",2021,-0.000174596923485823,0.0205489164449968,-1.58724475896203e-05,"Miles Boykin","BAL","WR",2019
"999","00-0034683",1587,-0.000181360512383658,0.0234191828573674,-1.64873193076053e-05,"Darius Phillips","CIN","DB",2019
"1000","00-0033326",1103,-0.000184405742396707,0.0222031770182122,-1.67641583997006e-05,"Aviante Collins","MIN","OL",2019
"1001","00-0035600",1952,-0.000185055128935646,0.0226726909727641,-1.68231935396042e-05,"Freedom Akinmoladun","CIN","DL",2019
"1002","00-0032065",751,-0.00022061846156189,0.0221968368875187,-2.00562237783536e-05,"Bradley Pinion","TB","P",2019
"1003","00-0033085",1040,-0.000230700609660478,0.0225144800867142,-2.09727826964071e-05,"Jerald Hawkins","TB","OL",2019
"1004","00-0034573",1549,-0.000230746923616427,0.0209707757472669,-2.09769930560388e-05,"Charvarius Ward","KC","DB",2019
"1005","00-0033414",1124,-0.00023357904566918,0.0214346147058594,-2.12344586971981e-05,"Eric Smith","NYG","OL",2019
"1006","00-0035615",1955,-0.000235710297066103,0.0220712415898972,-2.14282088241912e-05,"Natrez Patrick","LA","LB",2019
"1007","00-0029747",329,-0.00023611129381365,0.0220715080129177,-2.14646630739682e-05,"Chris Banjo","ARI","DB",2019
"1008","00-0034362",1453,-0.000268518512393035,0.0224740744443382,-2.44107738539123e-05,"Rashaan Gaulden","NYG","DB",2019
"1009","00-0033553",1173,-0.000274706825881644,0.0222353511405384,-2.49733478074222e-05,"James Conner","PIT","RB",2019
"1010","00-0033969",1332,-0.000278951277559167,0.0217280609624585,-2.53592070508333e-05,"Ifeadi Odenigbo","MIN","DL",2019
"1011","00-0032132",768,-0.000284774799197885,0.0224803581210277,-2.58886181088986e-05,"Max Garcia","ARI","OL",2019
"1012","00-0031632",691,-0.000288152643508188,0.0212702064182594,-2.61956948643808e-05,"Denzelle Good","OAK","OL",2019
"1013","00-0031384",614,-0.000296704898253271,0.0225737686444812,-2.69731725684792e-05,"Richard Rodgers","PHI","TE",2019
"1014","00-0034551",1544,-0.000297585527633699,0.0223137272833185,-2.70532297848818e-05,"Jordan Chunn","DAL","RB",2019
"1015","00-0035535",1925,-0.000299114372059398,0.0216330303710721,-2.71922156417634e-05,"Darius Slayton","NYG","WR",2019
"1016","00-0035669",1994,-0.000310704887714573,0.0213247609754596,-2.8245898883143e-05,"Nick Scott","LA","DB",2019
"1017","00-0031914",717,-0.000316033421819566,0.0236320769589059,-2.8730311074506e-05,"Olsen Pierre","OAK","DL",2019
"1018","00-0035674",1998,-0.00031636267169178,0.0218029260076755,-2.87602428810709e-05,"Jerry Tillery","LAC","DL",2019
"1019","00-0035657",1985,-0.000320854307366954,0.0219268527583809,-2.91685733969958e-05,"Damien Harris","NE","RB",2019
"1020","00-0034337",1431,-0.000325418653957626,0.0231534344714226,-2.95835139961478e-05,"Greg Stroman","WAS","DB",2019
"1021","00-0033064",1030,-0.000327099782568252,0.0213432025280035,-2.97363438698411e-05,"Adam Gotsis","DEN","DL",2019
"1022","00-0035177",1778,-0.000328674736300639,0.0225030175023061,-2.98795214818762e-05,"Willie Harvey","CLE","LB",2019
"1023","00-0031050",512,-0.000330166068488667,0.0228532860130177,-3.00150971353334e-05,"Kareem Martin","NYG","LB",2019
"1024","00-0035519",1915,-0.000330962034184298,0.0212527366790411,-3.0087457653118e-05,"Isaiah Mack","TEN","DL",2019
"1025","00-0034985",1725,-0.000331959602749144,0.0232612125545531,-3.01781457044677e-05,"Daylon Mack","BAL","DL",2019
"1026","00-0033883",1270,-0.00033902193611033,0.0217766845655208,-3.082017601003e-05,"Jabrill Peppers","NYG","DB",2019
"1027","00-0034485",1525,-0.000341649987894252,0.0224550121514669,-3.10590898085683e-05,"Jonathan Owens","HOU","DB",2019
"1028","00-0034612",1562,-0.00034242616855016,0.0218972408327301,-3.11296516863782e-05,"Demone Harris","KC","DL",2019
"1029","00-0030457",424,-0.000346863196554347,0.0226025717567494,-3.1533017868577e-05,"Tank Carradine","MIA","DL",2019
"1030","00-0030565",455,-0.000347544471898194,0.0228704646073246,-3.15949519907449e-05,"Geno Smith","SEA","QB",2019
"1031","00-0024239",36,-0.000347558906876873,0.0216752948266676,-3.15962642615339e-05,"Johnathan Joseph","HOU","DB",2019
"1032","00-0032521",890,-0.000364220897106864,0.0212354078682073,-3.31109906460785e-05,"Mike Hilton","PIT","DB",2019
"1033","00-0033896",1282,-0.000366559770777048,0.0209807709719744,-3.33236155251862e-05,"Adam Shaheen","CHI","TE",2019
"1034","00-0035409",1895,-0.000373117532725781,0.0212047317550825,-3.39197757023437e-05,"Shy Tuttle","NO","DL",2019
"1035","00-0033579",1193,-0.000376893237273874,0.0207895240648516,-3.42630215703522e-05,"Xavier Woods","DAL","DB",2019
"1036","00-0033511",1147,-0.000380439079215465,0.0221204815616861,-3.45853708377695e-05,"Sean Harlow","ATL","OL",2019
"1037","00-0035223",1790,-0.00038624594567616,0.022907301508597,-3.51132677887418e-05,"Ulysees Gilbert","PIT","LB",2019
"1038","00-0035295",1851,-0.000387609965615197,0.0225180703792826,-3.52372696013816e-05,"Isaiah Prince","CIN","OL",2019
"1039","00-0034326",1425,-0.000392459412531603,0.0218134711609905,-3.56781284119639e-05,"Robert McCray","CLE","DL",2019
"1040","00-0027812",131,-0.000396126057289021,0.0212319465948589,-3.60114597535474e-05,"Dekoda Watson","SEA","LB",2019
"1041","00-0034978",1718,-0.000397962423510366,0.0213055543216805,-3.6178402137306e-05,"Ben Powers","BAL","OL",2019
"1042","00-0032434",867,-0.000403255192942588,0.0210054495685238,-3.66595629947807e-05,"Brandon Allen","DEN","QB",2019
"1043","00-0035406",1894,-0.000405858457726166,0.0216856393794399,-3.68962234296515e-05,"Lil'Jordan Humphrey","NO","WR",2019
"1044","00-0028986",232,-0.000412362340747121,0.0220408153275431,-3.74874855224655e-05,"Case Keenum","WAS","QB",2019
"1045","00-0035257",1818,-0.000412451806220041,0.022471898035983,-3.74956187472764e-05,"Christian Miller","CAR","LB",2019
"1046","00-0034084",1346,-0.00041345730194578,0.022714040368756,-3.75870274496164e-05,"Mike Badgley","LAC","K",2019
"1047","00-0033578",1192,-0.000422402949100823,0.0229243960263499,-3.84002681000748e-05,"Sam Tevi","LAC","OL",2019
"1048","00-0033359",1109,-0.000428399261142268,0.0217656409382057,-3.89453873765698e-05,"Adam Pankey","MIA","OL",2019
"1049","00-0034495",1529,-0.000428823220685559,0.0227187476280455,-3.89839291532327e-05,"Evan Brown","MIA","OL",2019
"1050","00-0035144",1768,-0.000440120818271662,0.0212804831023574,-4.0010983479242e-05,"Mack Wilson","CLE","LB",2019
"1051","00-0031097",526,-0.000441469998587367,0.0217487379833225,-4.01336362352152e-05,"Terrance Mitchell","CLE","DB",2019
"1052","00-0034726",1594,-0.000447224814225758,0.0222574543113612,-4.06568012932508e-05,"Dallin Leavitt","OAK","DB",2019
"1053","00-0035358",1878,-0.000452553892223911,0.0222454654979997,-4.11412629294464e-05,"Chase McLaughlin","IND","K",2019
"1054","00-0027993",179,-0.000466920555873366,0.0214098115795775,-4.24473232612151e-05,"Rodney Hudson","OAK","OL",2019
"1055","00-0029895",343,-0.000474001380209218,0.0222455278208481,-4.30910345644743e-05,"Ryan Jensen","TB","OL",2019
"1056","00-0031130",533,-0.000475069325811364,0.0212143914332044,-4.31881205283058e-05,"Christian Jones","DET","LB",2019
"1057","00-0034720",1592,-0.000476463820845654,0.022138097988058,-4.33148928041504e-05,"Robert Spillane","PIT","LB",2019
"1058","00-0032890",976,-0.000481663209161003,0.0212566521825201,-4.37875644691821e-05,"James Bradberry","CAR","DB",2019
"1059","00-0033892",1278,-0.000498609831524188,0.0213791729231539,-4.53281665021989e-05,"Marcus Maye","NYJ","DB",2019
"1060","00-0033770",1230,-0.000505980555514376,0.0219385871246845,-4.59982323194887e-05,"Justin Hardee","NO","DB",2019
"1061","00-0035341",1873,-0.000506549751174138,0.0220042100297011,-4.60499773794671e-05,"Trenton Irwin","CIN","WR",2019
"1062","00-0032429",865,-0.000519949538732833,0.0219620875756237,-4.7268139884803e-05,"Jerell Adams","NO","TE",2019
"1063","00-0032486",884,-0.000528714907568184,0.0225453587413612,-4.80649915971076e-05,"Kameron Canaday","PIT","LS",2019
"1064","00-0035208",1784,-0.000530124227530022,0.0225264836124605,-4.81931115936384e-05,"Olamide Zaccheaus","ATL","WR",2019
"1065","00-0031170",540,-0.00053748347215523,0.0214756788810956,-4.88621338322936e-05,"Timmy Jernigan","PHI","DL",2019
"1066","00-0034860",1687,-0.000546839225675116,0.0222793345598539,-4.9712656879556e-05,"Dante Pettis","SF","WR",2019
"1067","00-0035241",1804,-0.000547122585134418,0.0228553856261972,-4.97384168304016e-05,"Joejuan Williams","NE","DB",2019
"1068","00-0033246",1077,-0.000548762414789043,0.0213862276094137,-4.98874922535494e-05,"Johnny Mundt","LA","TE",2019
"1069","00-0032741",928,-0.00055230576293664,0.0213349699617255,-5.02096148124218e-05,"Peyton Barber","TB","RB",2019
"1070","00-0033765",1229,-0.00055581371663799,0.0217205732694995,-5.05285196943628e-05,"Dylan Cole","HOU","LB",2019
"1071","00-0034633",1566,-0.000558722026469931,0.0224080968995195,-5.07929114972665e-05,"Jester Weah","WAS","WR",2019
"1072","00-0032761",934,-0.000559753674785219,0.0230424646664666,-5.08866977077472e-05,"Robert Nkemdiche","MIA","DL",2019
"1073","00-0027539",104,-0.000559987070622857,0.0211168580946793,-5.09079155111689e-05,"Anthony Levine","BAL","DB",2019
"1074","00-0030711",476,-0.000560463534350505,0.0220436710451349,-5.09512303955005e-05,"David Fluellen","TEN","RB",2019
"1075","00-0032470",883,-0.000563908021948193,0.0220712008242783,-5.12643656316539e-05,"Steve Longa","DET","LB",2019
"1076","00-0032667",917,-0.000564116100535407,0.0211718795578445,-5.12832818668552e-05,"Roy Robertson-Harris","CHI","DL",2019
"1077","00-0031972",735,-0.000567042768228496,0.0216245795114441,-5.15493425662269e-05,"Darius Jennings","TEN","WR",2019
"1078","00-0027793",130,-0.000569420986154567,0.0231538862680092,-5.17655441958697e-05,"Antonio Brown","NE","WR",2019
"1079","00-0031120",529,-0.000588645031680451,0.0214712445668759,-5.35131846982228e-05,"Adarius Taylor","CLE","LB",2019
"1080","00-0034657",1572,-0.000594308738462759,0.0223215870449643,-5.40280671329781e-05,"Matt Dickerson","TEN","DL",2019
"1081","00-0034320",1423,-0.000605173246345192,0.022771920099351,-5.50157496677447e-05,"Kentavius Street","SF","DL",2019
"1082","00-0030076",372,-0.000606903855560521,0.0220894154160469,-5.51730777782292e-05,"JC Tretter","CLE","OL",2019
"1083","00-0033758",1227,-0.000609764468008484,0.022865705771543,-5.54331334553167e-05,"Jeremiah Valoaga","OAK","DL",2019
"1084","00-0032053",743,-0.00061198242176953,0.0209881385805766,-5.56347656154118e-05,"Brandon Scherff","WAS","OL",2019
"1085","00-0034959",1706,-0.000615373897629764,0.0212213664992963,-5.59430816027058e-05,"Andrew Beck","DEN","RB",2019
"1086","00-0034384",1473,-0.000628258685871409,0.0211822472725637,-5.71144259883099e-05,"D.J. Reed","SF","DB",2019
"1087","00-0032790",956,-0.000629518472725407,0.0216885187304041,-5.72289520659461e-05,"DeAndre Houston-Carson","CHI","DB",2019
"1088","00-0034277",1408,-0.000638985791123394,0.0222195954027828,-5.8089617374854e-05,"DeShon Elliott","BAL","DB",2019
"1089","00-0032933",984,-0.000640339779307381,0.0209948162792377,-5.82127072097619e-05,"Antonio Hamilton","NYG","DB",2019
"1090","00-0032641",913,-0.00064070392369633,0.0223966907810419,-5.82458112451209e-05,"Donte' Deayon","LA","DB",2019
"1091","00-0031900",715,-0.000643850404753025,0.0227285099072618,-5.85318549775477e-05,"Rod Smith","OAK","RB",2019
"1092","00-0032760",933,-0.000643880832925517,0.0230851119544962,-5.8534621175047e-05,"Josh Doctson","MIN","WR",2019
"1093","00-0029857",337,-0.00064553863191623,0.0228920070522442,-5.86853301742027e-05,"Ryan Griffin","TB","QB",2019
"1094","00-0034948",1702,-0.000653784030855065,0.023622366908998,-5.9434911895915e-05,"Alijah Holder","DEN","DB",2019
"1095","00-0033908",1291,-0.000653955555915814,0.0223215867619723,-5.94505050832558e-05,"Cooper Kupp","LA","WR",2019
"1096","00-0029319",265,-0.000657722471542196,0.0231783553572393,-5.97929519583815e-05,"Josh Bellamy","NYJ","WR",2019
"1097","00-0031936",723,-0.000693321554129265,0.0214693658855197,-6.30292321935696e-05,"Mitch Morse","BUF","OL",2019
"1098","00-0034728",1595,-0.000695598746645899,0.0224775958357097,-6.32362496950818e-05,"Jaire Alexander","GB","DB",2019
"1099","00-0033556",1176,-0.000703872473621311,0.0219300121348897,-6.39884066928465e-05,"Tarik Cohen","CHI","RB",2019
"1100","00-0032401",848,-0.000706351649995747,0.0225373851447731,-6.42137863632497e-05,"De'Vondre Campbell","ATL","LB",2019
"1101","00-0030147",384,-0.000709819691818664,0.022103602416411,-6.45290628926058e-05,"Russell Shepard","NYG","WR",2019
"1102","00-0021206",6,-0.000715743540826466,0.0214335668928379,-6.50675946205878e-05,"Josh McCown","PHI","QB",2019
"1103","00-0033856",1248,-0.000716410822224085,0.0217395796097728,-6.51282565658259e-05,"Leonard Fournette","JAX","RB",2019
"1104","00-0034980",1720,-0.000719107371223763,0.0228186746478562,-6.53733973839784e-05,"Isaiah Johnson","OAK","DB",2019
"1105","00-0035639",1970,-0.000722166073126704,0.0208524228692361,-6.56514611933367e-05,"Parris Campbell","IND","WR",2019
"1106","00-0035694",2013,-0.000732384138098199,0.0223625768329801,-6.65803761907454e-05,"Greg Little","CAR","OL",2019
"1107","00-0034383",1472,-0.000733213506363912,0.0215240500278195,-6.66557733058102e-05,"Dalton Schultz","DAL","TE",2019
"1108","00-0034515",1536,-0.000738523002068267,0.0225762797642484,-6.71384547334788e-05,"Dee Delaney","WAS","DB",2019
"1109","00-0029794",333,-0.000739916863270499,0.0209888134275141,-6.72651693882272e-05,"Daren Bates","TEN","LB",2019
"1110","00-0033792",1241,-0.000740419548286066,0.0230469764377523,-6.7310868026006e-05,"Rudy Ford","PHI","DB",2019
"1111","00-0030520",440,-0.000753914503112758,0.0219276012702605,-6.85376821011598e-05,"Mike Glennon","OAK","QB",2019
"1112","00-0032062",749,-0.000762219651088893,0.0216755904066997,-6.92926955535357e-05,"Blake Bell","KC","TE",2019
"1113","00-0032793",958,-0.000774909222344918,0.0216397110233966,-7.04462929404471e-05,"Blake Countess","NYJ","DB",2019
"1114","00-0031076",522,-0.000789411109863529,0.0225599482063854,-7.17646463512299e-05,"David Fales","NYJ","QB",2019
"1115","00-0034668",1576,-0.000793572344806874,0.0216276263112073,-7.21429404369886e-05,"Aaron Stinnie","TB","OL",2019
"1116","00-0035286",1842,-0.000793665042278096,0.0209278378617601,-7.21513674798269e-05,"Cole Holcomb","WAS","LB",2019
"1117","00-0034140",1362,-0.000795565246535228,0.0219339641852289,-7.23241133213843e-05,"Matt Gono","ATL","OL",2019
"1118","00-0034744",1601,-0.000800159171597852,0.0199194494159554,-7.2741742872532e-05,"Duke Dawson","DEN","DB",2019
"1119","00-0035061",1747,-0.000808271109660073,0.0225892607860569,-7.34791917872793e-05,"Alex Bars","CHI","OL",2019
"1120","00-0034407",1491,-0.000813890777809512,0.0215284678910205,-7.39900707099556e-05,"Ray-Ray McCloud","BUF","WR",2019
"1121","00-0033798",1242,-0.000817976236426994,0.0224166215942418,-7.43614760388176e-05,"Mason Schreck","CIN","TE",2019
"1122","00-0031209",552,-0.000820455818404592,0.0228890895313011,-7.45868925822356e-05,"Senorise Perry","BUF","RB",2019
"1123","00-0033317",1101,-0.000820680704006718,0.0216866674073776,-7.46073367278834e-05,"Erik Magnuson","OAK","OL",2019
"1124","00-0035666",1991,-0.000833134558602931,0.0213703058573102,-7.57395053275392e-05,"Bobby Evans","LA","OL",2019
"1125","00-0035155",1775,-0.000839224395417001,0.0235649078762516,-7.6293126856091e-05,"Mark Fields","MIN","DB",2019
"1126","00-0035553",1934,-0.000847472851272987,0.0228678699040895,-7.70429864793625e-05,"Charles Jones","JAX","TE",2019
"1127","00-0031921",718,-0.000850781273909738,0.0214225695537952,-7.73437521736126e-05,"Kendall Lamm","CLE","OL",2019
"1128","00-0035101",1751,-0.000850844610332767,0.0234870461491585,-7.73495100302515e-05,"Davion Davis","MIN","WR",2019
"1129","00-0031364",606,-0.00086249418255863,0.0217667712082349,-7.84085620507845e-05,"Jadeveon Clowney","SEA","DL",2019
"1130","00-0030070",370,-0.000865926103993343,0.0203125444351037,-7.87205549084858e-05,"John Jenkins","MIA","DL",2019
"1131","00-0034213",1387,-0.000870964822258652,0.0221253272235585,-7.9178620205332e-05,"Holton Hill","MIN","DB",2019
"1132","00-0034345",1436,-0.000871050410275005,0.0212784446993665,-7.91864009340914e-05,"Frank Ragnow","DET","OL",2019
"1133","00-0024221",35,-0.000873895229966498,0.0220806792379375,-7.94450209060453e-05,"Vernon Davis","WAS","TE",2019
"1134","00-0031395",620,-0.000875656073937688,0.0221914190024404,-7.96050976306989e-05,"Garrett Gilbert","CLE","QB",2019
"1135","00-0031089",524,-0.000877633908004987,0.0204332958266927,-7.97849007277261e-05,"Beau Allen","TB","DL",2019
"1136","00-0035293",1849,-0.000879428526218553,0.0221174444221318,-7.99480478380503e-05,"Xavier Crawford","CHI","DB",2019
"1137","00-0035449",1904,-0.000882313273846833,0.0224726775991903,-8.02102976224394e-05,"Jamal Davis","MIA","LB",2019
"1138","00-0033125",1060,-0.000898633176018824,0.0215830061205593,-8.16939250926203e-05,"Joe Schobert","CLE","LB",2019
"1139","00-0029681",318,-0.000903792202011748,0.0211574254191183,-8.21629274556134e-05,"Janoris Jenkins","NO","DB",2019
"1140","00-0034223",1389,-0.00090714081481906,0.0226821363011933,-8.24673468017327e-05,"Jonathan Wynn","DET","DL",2019
"1141","00-0027547",105,-0.000908516266727267,0.0214902060942795,-8.2592387884297e-05,"Marcus Sherels","MIN","DB",2019
"1142","00-0034856",1684,-0.000922790224900703,0.0212354954180337,-8.38900204455184e-05,"Denzel Ward","CLE","DB",2019
"1143","00-0034812",1654,-0.000927167598030702,0.0220277885880583,-8.42879634573366e-05,"Travin Howard","LA","LB",2019
"1144","00-0035021",1740,-0.000927763266453432,0.0230955526738128,-8.43421151321302e-05,"Ashton Dulin","IND","WR",2019
"1145","00-0032627",910,-0.000928974143394762,0.0208515139255445,-8.44521948540693e-05,"James Burgess","NYJ","LB",2019
"1146","00-0034533",1540,-0.000932068777870804,0.0219405690012287,-8.47335252609821e-05,"Trayvon Henderson","CIN","DB",2019
"1147","00-0033063",1029,-0.000938655388056903,0.0221795071652063,-8.5332308005173e-05,"Zach Wood","NO","LS",2019
"1148","00-0035343",1875,-0.000949179886330729,0.0232930403002274,-8.62890805755209e-05,"Jonathan Ledbetter","MIA","DL",2019
"1149","00-0034939",1700,-0.000950914863572953,0.0215474688786354,-8.64468057793593e-05,"Ryan Bee","WAS","DL",2019
"1150","00-0032245",809,-0.000967912148170493,0.0224270094026398,-8.79920134700449e-05,"Sean Mannion","MIN","QB",2019
"1151","00-0029008",234,-0.000969623808587693,0.02255931293325,-8.81476189625175e-05,"Charley Hughlett","CLE","LS",2019
"1152","00-0034215",1388,-0.00097573868582545,0.0226309402430508,-8.87035168932228e-05,"Hercules Mata'afa","MIN","DL",2019
"1153","00-0024333",39,-0.000978132381556142,0.0221461080799705,-8.89211255960129e-05,"Stephen Gostkowski","NE","K",2019
"1154","00-0032162",783,-0.000981562455471407,0.0230690567565168,-8.92329504974007e-05,"T.Y. McGill","LAC","DL",2019
"1155","00-0033635",1205,-0.000995077740540131,0.0216533003467402,-9.04616127763756e-05,"Isaiah Irving","CHI","LB",2019
"1156","00-0032156",781,-0.00102081291980365,0.0220270138705216,-9.28011745276042e-05,"Trevor Siemian","NYJ","QB",2019
"1157","00-0033576",1190,-0.00102324824713289,0.0215400508528667,-9.3022567921172e-05,"Eric Saubert","CHI","TE",2019
"1158","00-0030649",467,-0.0010278561105335,0.0215435765852035,-9.34414645939545e-05,"Jonotthan Harrison","NYJ","OL",2019
"1159","00-0033260",1080,-0.00102962860789795,0.0221228765805807,-9.36026007179953e-05,"Thomas Hennessy","NYJ","LS",2019
"1160","00-0026544",76,-0.0010406983997307,0.0216466925374503,-9.46089454300634e-05,"Chase Daniel","CHI","QB",2019
"1161","00-0027114",96,-0.00104160927879682,0.0220127657607258,-9.4691752617893e-05,"Thomas Morstead","NO","P",2019
"1162","00-0034054",1341,-0.00104400157530347,0.0227528398995546,-9.4909234118497e-05,"River Cracraft","PHI","WR",2019
"1163","00-0035142",1766,-0.0010442272930685,0.0211878447284981,-9.49297539153186e-05,"Ugo Amadi","SEA","DB",2019
"1164","00-0030020",353,-0.00104922957738499,0.0217493226083668,-9.5384507034999e-05,"Brynden Trawick","BAL","DB",2019
"1165","00-0034289",1414,-0.00106629819117659,0.022000536846158,-9.69361991978721e-05,"Ryan Hunter","KC","OL",2019
"1166","00-0034162",1369,-0.00107053370007672,0.0213794376275737,-9.73212454615202e-05,"J.K. Scott","GB","P",2019
"1167","00-0034415",1497,-0.00107252097735165,0.0223002433733337,-9.75019070319679e-05,"Jack Cichy","TB","LB",2019
"1168","00-0031492",639,-0.00107346236628882,0.0215466917578874,-9.75874878444386e-05,"Jason Myers","SEA","K",2019
"1169","00-0031052",514,-0.00107388354689761,0.0207316254718139,-9.76257769906914e-05,"Bashaud Breeland","KC","DB",2019
"1170","00-0031957",732,-0.00107685960322744,0.0211125315369156,-9.78963275661313e-05,"Rakeem Nunez-Roches","TB","DL",2019
"1171","00-0034387",1476,-0.00108429379022055,0.0214878068088079,-9.85721627473226e-05,"Bilal Nichols","CHI","DL",2019
"1172","00-0033367",1110,-0.00109624493794764,0.022506914510672,-9.96586307225124e-05,"C.J. Board","JAX","WR",2019
"1173","00-0035726",2033,-0.00111747535159102,0.0229739409342521,-0.000101588668326457,"Jakob Johnson","NE","TE",2019
"1174","00-0035277",1836,-0.00112584467743128,0.0224929404715577,-0.000102349516130116,"Mike Jackson","DET","DB",2019
"1175","00-0034278",1409,-0.0011260696695589,0.0226551066467467,-0.0001023699699599,"Tremon Smith","PHI","WR",2019
"1176","00-0034168",1373,-0.00113218601954194,0.021624753855135,-0.00010292600177654,"Hunter Bradley","GB","LS",2019
"1177","00-0032404",851,-0.00113416556201635,0.0225574453493615,-0.000103105960183304,"Tyler Ervin","GB","RB",2019
"1178","00-0029629",302,-0.00113834282752914,0.0221998381082129,-0.000103485711593559,"Nate Stupar","NYG","LB",2019
"1179","00-0033526",1152,-0.00113924118687447,0.0213951989338523,-0.000103567380624952,"Samaje Perine","MIA","RB",2019
"1180","00-0033307",1099,-0.00114634652481102,0.0220796652064434,-0.000104213320437365,"Kendrick Bourne","SF","WR",2019
"1181","00-0031420",629,-0.00115071408854662,0.0227750865429031,-0.000104610371686056,"Kasey Redfern","ATL","P",2019
"1182","00-0033548",1170,-0.00115543480110314,0.021008573946679,-0.000105039527373012,"Chidobe Awuzie","DAL","DB",2019
"1183","00-0033604",1201,-0.00115881351339778,0.0209888819665929,-0.000105346683036162,"Krishawn Hogan","NO","WR",2019
"1184","00-0035125",1759,-0.00116704479950462,0.0218212096379274,-0.000106094981773147,"Alec Ingold","OAK","RB",2019
"1185","00-0032771",940,-0.00117171281204894,0.0218452722649566,-0.000106519346549904,"Parker Ehinger","BAL","OL",2019
"1186","00-0032416",857,-0.00117699699410778,0.0219152526466574,-0.000106999726737071,"Quinton Jefferson","SEA","DL",2019
"1187","00-0031361",603,-0.00118201345784041,0.0214786650979902,-0.000107455768894583,"Christian Kirksey","CLE","LB",2019
"1188","00-0032789",955,-0.00118500768986238,0.0215248184783752,-0.000107727971805671,"Devante Bond","CHI","LB",2019
"1189","00-0029239",249,-0.00118523425185336,0.020992510184238,-0.000107748568350306,"Brandon Bolden","NE","RB",2019
"1190","00-0034177",1376,-0.00119644885357118,0.0224400307162329,-0.00010876807759738,"Tim Boyle","GB","QB",2019
"1191","00-0034782",1631,-0.00119857947052974,0.0230170613128397,-0.000108961770048159,"Harrison Phillips","BUF","DL",2019
"1192","00-0030386",406,-0.00119923086762172,0.0202123574183557,-0.000109020987965611,"William Gholston","TB","DL",2019
"1193","00-0033791",1240,-0.00119971913425378,0.0214781702396162,-0.000109065375841253,"Brandon Wilson","CIN","DB",2019
"1194","00-0034687",1589,-0.0012247404047551,0.0221261407032707,-0.000111340036795918,"Korey Cunningham","NE","OL",2019
"1195","00-0034588",1554,-0.00123119880872227,0.0211418971105352,-0.000111927164429297,"Trent Harris","MIA","LB",2019
"1196","00-0032785",952,-0.00123173455289782,0.021751793297951,-0.000111975868445257,"Halapoulivaati Vaitai","PHI","OL",2019
"1197","00-0032379",829,-0.0012386206109429,0.0210128753488815,-0.000112601873722082,"Eli Apple","NO","DB",2019
"1198","00-0034881",1692,-0.00124357380615766,0.0225042946500609,-0.000113052164196151,"James Crawford","MIA","LB",2019
"1199","00-0034777",1626,-0.001253244279274,0.0220488993197383,-0.000113931298115818,"D.J. Chark","JAX","WR",2019
"1200","00-0034285",1412,-0.00126581644039367,0.0220776789404895,-0.00011507422185397,"Zach Sieler","MIA","DL",2019
"1201","00-0031348",597,-0.00127735448068831,0.0210424000903107,-0.000116123134608028,"Anthony Hitchens","KC","LB",2019
"1202","00-0030697",473,-0.00129302990044011,0.0220175980824013,-0.000117548172767283,"Jamie Meder","DET","DL",2019
"1203","00-0035591",1946,-0.00129677900875643,0.0208890399810871,-0.000117889000796039,"Justin Hollins","DEN","LB",2019
"1204","00-0032525",891,-0.00130826571437832,0.0222977762115152,-0.000118933246761665,"Jarrod Wilson","JAX","DB",2019
"1205","00-0029931",345,-0.00131473344777269,0.0205978119644447,-0.00011952122252479,"Zach Line","NO","RB",2019
"1206","00-0032671",918,-0.00131819067973277,0.0210380050343797,-0.000119835516339343,"Morgan Fox","LA","DL",2019
"1207","00-0033430",1128,-0.00133002818797044,0.0226383860688081,-0.000120911653451858,"Greg Mabin","CIN","DB",2019
"1208","00-0034917",1695,-0.00133489573515834,0.0218618296026906,-0.000121354157741667,"Cole Mazza","LAC","LS",2019
"1209","00-0033543",1166,-0.0013372254039591,0.0213565633527818,-0.000121565945814464,"Sidney Jones","PHI","DB",2019
"1210","00-0034081",1345,-0.00133750316791475,0.0223822387738307,-0.000121591197083159,"Steven Mitchell","HOU","WR",2019
"1211","00-0023516",28,-0.00133757130281059,0.0210615844789187,-0.000121597391164599,"Richie Incognito","OAK","OL",2019
"1212","00-0034391",1480,-0.00134068365066066,0.0218118956472351,-0.000121880331878242,"Siran Neal","BUF","DB",2019
"1213","00-0033911",1294,-0.00134243604104591,0.0224877960425219,-0.000122039640095082,"Taywan Taylor","CLE","WR",2019
"1214","00-0032387",837,-0.00135273255673551,0.0213568519944546,-0.000122975686975956,"Jarran Reed","SEA","DL",2019
"1215","00-0035365",1880,-0.00135471002891419,0.0233053058161675,-0.000123155457174018,"Tae Hayes","MIA","DB",2019
"1216","00-0032390",840,-0.00135766972762945,0.0239124676025101,-0.000123424520693586,"Cyrus Jones","DEN","DB",2019
"1217","00-0034202",1383,-0.00135937930836024,0.022955584644306,-0.000123579937123658,"Kaare Vedvik","CIN","K",2019
"1218","00-0034540",1542,-0.00135948006877727,0.0220527728057282,-0.00012358909716157,"Tony Brown","GB","DB",2019
"1219","00-0022943",18,-0.00139010195492536,0.0213126733770199,-0.000126372904993214,"Benjamin Watson","NE","TE",2019
"1220","00-0027778",129,-0.00139075578291394,0.0215769154450079,-0.000126432343901267,"Sam Young","SF","OL",2019
"1221","00-0035551",1933,-0.00139274382108554,0.0231537392408559,-0.00012661307464414,"Tony Brooks-James","MIN","RB",2019
"1222","00-0034956",1705,-0.00140397512864099,0.0218480958794459,-0.000127634102603727,"Josh Watson","DEN","LB",2019
"1223","00-0029854",336,-0.00141046677309153,0.0223734269223906,-0.00012822425209923,"C.J. Anderson","DET","RB",2019
"1224","00-0029690",321,-0.00142069533596308,0.0211719484153385,-0.000129154121451189,"Trumaine Johnson","NYJ","DB",2019
"1225","00-0034831",1665,-0.00143178484834905,0.0211274906108902,-0.000130162258940823,"Rasheem Green","SEA","DL",2019
"1226","00-0035274",1833,-0.00143450893849403,0.0220073549213057,-0.000130409903499457,"Ross Pierschbacher","WAS","OL",2019
"1227","00-0035315",1863,-0.0014366316422275,0.0220197435263179,-0.000130602876566137,"Cortez Broughton","LAC","DL",2019
"1228","00-0034928",1697,-0.00146097027485158,0.0208093848235519,-0.000132815479531961,"Steven Sims","WAS","WR",2019
"1229","00-0034336",1430,-0.00146273852645272,0.0199948730279994,-0.00013297622967752,"Shaun Dion Hamilton","WAS","LB",2019
"1230","00-0032968",1000,-0.00146411512357051,0.0214276726868546,-0.000133101374870046,"Myles Jack","JAX","LB",2019
"1231","00-0031062",518,-0.0014689628889904,0.0211559609202015,-0.000133542080817309,"James White","NE","RB",2019
"1232","00-0035670",1995,-0.00147945327522359,0.0225310760586398,-0.000134495752293053,"Dakota Allen","JAX","LB",2019
"1233","00-0035275",1834,-0.00148260416059444,0.0223245359792697,-0.000134782196417677,"Jordan Scarlett","CAR","RB",2019
"1234","00-0033931",1309,-0.00149054669915676,0.0215059891882454,-0.000135504245377887,"Lano Hill","SEA","DB",2019
"1235","00-0033164",1068,-0.00149270176888629,0.0231429106661916,-0.000135700160807844,"Troymaine Pope","LAC","RB",2019
"1236","00-0033447",1134,-0.00149296716209445,0.0219885408958328,-0.000135724287463132,"Ahmad Thomas","ATL","LB",2019
"1237","00-0035469",1906,-0.00149768645426388,0.0228838959301862,-0.000136153314023989,"Kahzin Daniels","TB","LB",2019
"1238","00-0032528",892,-0.00150367871575835,0.0208202448229977,-0.000136698065068941,"Justin Murray","ARI","OL",2019
"1239","00-0032102",757,-0.00151536335797459,0.021920217930063,-0.000137760305270417,"Stephone Anthony","NO","LB",2019
"1240","00-0032830",966,-0.00151811186931171,0.0218071437443054,-0.000138010169937428,"Rolan Milligan","IND","DB",2019
"1241","00-0034505",1533,-0.00153206094584924,0.0223497790076542,-0.000139278267804477,"Ike Boettger","BUF","OL",2019
"1242","00-0032751",929,-0.00153311462139558,0.0230102485598835,-0.000139374056490507,"Cassanova McKinzy","WAS","LB",2019
"1243","00-0022161",8,-0.00154416283419271,0.0208854590480521,-0.000140378439472065,"Terrell Suggs","KC","LB",2019
"1244","00-0033066",1031,-0.0015533746267892,0.0211063050239124,-0.000141215875162655,"Andrew Billings","CIN","DL",2019
"1245","00-0031489",638,-0.00156440169290215,0.0221559911509968,-0.000142218335718377,"Brett Jones","MIN","OL",2019
"1246","00-0030092",377,-0.00156816895907385,0.0220238197891546,-0.000142560814461259,"Sam Martin","DET","P",2019
"1247","00-0031128",532,-0.00157029463295679,0.0223719346741602,-0.000142754057541526,"Ryan Groy","LAC","OL",2019
"1248","00-0035104",1753,-0.00157428034823372,0.0224153905229904,-0.000143116395293975,"Alexander Hollins","MIN","WR",2019
"1249","00-0033554",1174,-0.00158096448905391,0.0215294782023517,-0.000143724044459447,"Tedric Thompson","SEA","DB",2019
"1250","00-0035527",1919,-0.00158872393241589,0.0219691972906052,-0.000144429448401444,"Andy Isabella","ARI","WR",2019
"1251","00-0033790",1239,-0.00158971137799783,0.0210532409728223,-0.000144519216181621,"Jordan Evans","CIN","LB",2019
"1252","00-0031357",601,-0.00159559779666369,0.0210964106528605,-0.000145054345151244,"C.J. Goodwin","DAL","DB",2019
"1253","00-0034356",1447,-0.00160982774311422,0.0200651350509193,-0.000146347976646747,"Donte Jackson","CAR","DB",2019
"1254","00-0035624",1959,-0.00161147856431487,0.0216028053940578,-0.000146498051301352,"N'Keal Harry","NE","WR",2019
"1255","00-0033215",1071,-0.00161816084456248,0.0217498594472908,-0.000147105531323862,"Cyril Grayson","TB","WR",2019
"1256","00-0035367",1881,-0.00162962542720667,0.0205537890246759,-0.000148147766109697,"Carson Meier","ATL","TE",2019
"1257","00-0032139",771,-0.00163894832838477,0.0209535338745506,-0.000148995302580433,"Ben Koyack","JAX","TE",2019
"1258","00-0031502",641,-0.00165463941517129,0.0216563932070978,-0.000150421765015572,"Jordan Berry","PIT","P",2019
"1259","00-0033915",1298,-0.00165904764722154,0.0225775074868841,-0.000150822513383776,"Tim Williams","GB","LB",2019
"1260","00-0034374",1464,-0.00166331413206995,0.0210868884332797,-0.000151210375642722,"Jordan Whitehead","TB","DB",2019
"1261","00-0034372",1462,-0.00167519245976427,0.0219328019935473,-0.000152290223614933,"Joel Iyiegbuniwe","CHI","LB",2019
"1262","00-0030741",478,-0.00167545369385607,0.0229963810807745,-0.000152313972168733,"Roosevelt Nix","PIT","RB",2019
"1263","00-0033955",1326,-0.00167793200678286,0.0226582204999841,-0.000152539273343896,"Jeremy McNichols","JAX","RB",2019
"1264","00-0032382",832,-0.00168919790018129,0.0217973359868203,-0.000153563445471027,"Keanu Neal","ATL","DB",2019
"1265","00-0033131",1063,-0.00169140032996794,0.0210130260673283,-0.000153763666360721,"Maliek Collins","DAL","DL",2019
"1266","00-0034845",1678,-0.0016916779227103,0.0226719236378141,-0.000153788902064573,"Sony Michel","NE","RB",2019
"1267","00-0030908",492,-0.00169393351206227,0.0216851912897304,-0.000153993955642024,"Kenny Ladler","WAS","DB",2019
"1268","00-0033048",1020,-0.00170353107628209,0.0221439184043965,-0.00015486646148019,"Kavon Frazier","DAL","DB",2019
"1269","00-0030061",361,-0.00175401773751505,0.0212826097285552,-0.000159456157955913,"Zach Ertz","PHI","TE",2019
"1270","00-0032596",906,-0.00176298455620969,0.0213812949463091,-0.00016027132329179,"Brian Poole","NYJ","DB",2019
"1271","00-0035623",1958,-0.00177450568996003,0.0212966511469294,-0.000161318699087276,"Chandler Brewer","LA","OL",2019
"1272","00-0033382",1115,-0.00177884774522863,0.0224157571502307,-0.000161713431384421,"Austin Carr","NO","WR",2019
"1273","00-0030062",362,-0.00178377622229761,0.0206327284401532,-0.000162161474754328,"Darius Slay","DET","DB",2019
"1274","00-0027980",174,-0.00178507293682497,0.021518648347948,-0.000162279357893179,"Brooks Reed","ARI","LB",2019
"1275","00-0034941",1701,-0.00179311639264405,0.0228966383035849,-0.000163010581149459,"Mitch Wishnowsky","SF","P",2019
"1276","00-0034606",1561,-0.00180808838947457,0.0225083270868019,-0.000164371671770416,"Ryan Winslow","ARI","P",2019
"1277","00-0031288",578,-0.00180857262618694,0.0224012731708943,-0.000164415693289722,"AJ McCarron","HOU","QB",2019
"1278","00-0035592",1947,-0.00182005834927454,0.0226493221126905,-0.000165459849934049,"Travis Fulgham","DET","WR",2019
"1279","00-0034824",1659,-0.00182616036217115,0.0217583343256816,-0.000166014578379196,"Martinas Rankin","KC","OL",2019
"1280","00-0033945",1318,-0.00182839585288153,0.0216983901092507,-0.000166217804807412,"Samson Ebukam","LA","LB",2019
"1281","00-0033490",1144,-0.00182955911274886,0.0227787107882513,-0.000166323555704442,"Ben Braden","NYJ","OL",2019
"1282","00-0035404",1893,-0.00183456627087762,0.0219262532967239,-0.000166778751897966,"Porter Gustin","CLE","DL",2019
"1283","00-0032042",740,-0.001841852354602,0.0216694402987157,-0.000167441123145636,"Curtis Riley","OAK","DB",2019
"1284","00-0034185",1379,-0.00185112781586601,0.0211125668302001,-0.00016828434689691,"Tyler Lancaster","GB","DL",2019
"1285","00-0033010",1011,-0.00185715541249843,0.0218754623279469,-0.00016883231022713,"Sheldon Day","SF","DL",2019
"1286","00-0028118",200,-0.00187198159023347,0.0232099068032244,-0.000170180144566679,"Tyrod Taylor","LAC","QB",2019
"1287","00-0034173",1375,-0.00188210179057645,0.022261003725182,-0.000171100162779677,"Eddy Pineiro","CHI","K",2019
"1288","00-0033038",1015,-0.00189787617829395,0.0213970489437043,-0.000172534198026723,"Eric Murray","CLE","DB",2019
"1289","00-0033659",1208,-0.00190069622430854,0.021674361148046,-0.000172790565846231,"Joe Jones","DEN","LB",2019
"1290","00-0033929",1307,-0.00190248877513857,0.0211298704070432,-0.000172953525012598,"Montravius Adams","GB","DL",2019
"1291","00-0035589",1944,-0.00191468756743737,0.021355431536952,-0.00017406250613067,"Gary Jennings","MIA","WR",2019
"1292","00-0034801",1647,-0.00192956434624677,0.0217662119256516,-0.000175414940567888,"Josh Woods","CHI","LB",2019
"1293","00-0034795",1641,-0.00194845670828185,0.0223531393035878,-0.000177132428025623,"Garrett Dickerson","NYG","TE",2019
"1294","00-0031590",679,-0.00195131254008685,0.0230157809172953,-0.000177392049098805,"Jay Ajayi","PHI","RB",2019
"1295","00-0032398",846,-0.00195133204590652,0.0222701946095491,-0.000177393822355138,"Chris Moore","BAL","WR",2019
"1296","00-0029568",286,-0.00195418476507755,0.0225447437729126,-0.000177653160461595,"Malik Jackson","PHI","DL",2019
"1297","00-0035541",1929,-0.00195699472181477,0.0221518633590841,-0.00017790861107407,"Michael Dogbe","ARI","DL",2019
"1298","00-0031254",562,-0.00195775167813742,0.0219187374041283,-0.00017797742528522,"Denico Autry","IND","DL",2019
"1299","00-0031079",523,-0.0019593486162772,0.0215281151322195,-0.000178122601479745,"Pat O'Donnell","CHI","P",2019
"1300","00-0034431",1508,-0.00196829867926044,0.0216304189268166,-0.000178936243569131,"Zaire Franklin","IND","LB",2019
"1301","00-0033300",1096,-0.00197256167722475,0.0212651835746015,-0.000179323788838614,"Conor McDermott","NYJ","OL",2019
"1302","00-0031269",571,-0.00200120865592194,0.0203765670626336,-0.000181928059629267,"T.J. Carrie","CLE","DB",2019
"1303","00-0033789",1238,-0.0020119652906233,0.0222003077955082,-0.000182905935511209,"T.J. Logan","TB","RB",2019
"1304","00-0023482",26,-0.00201988069454894,0.0224380411789738,-0.000183625517686267,"Mike Nugent","NE","K",2019
"1305","00-0032063",750,-0.00202243001349838,0.021311543584185,-0.000183857273954398,"Mike Davis","CAR","RB",2019
"1306","00-0032408",853,-0.0020288905046867,0.0209991020225457,-0.000184444591335154,"Blake Martinez","GB","LB",2019
"1307","00-0034317",1421,-0.00204308386143757,0.0221019378825774,-0.000185734896494325,"Keith Kirkwood","NO","WR",2019
"1308","00-0034825",1660,-0.00204702103657666,0.0232095347171851,-0.000186092821506969,"Arden Key","OAK","DL",2019
"1309","00-0034787",1633,-0.00205470287512772,0.0212312834486028,-0.000186791170466157,"Chris Board","BAL","LB",2019
"1310","00-0031319",586,-0.00207133521450419,0.0220567031636414,-0.000188303201318562,"Diontae Spencer","DEN","WR",2019
"1311","00-0032265",819,-0.00207746436328152,0.0221510165217092,-0.000188860396661956,"Mario Edwards","NO","DL",2019
"1312","00-0034830",1664,-0.00208182401912895,0.021121965497843,-0.000189256729011723,"Hayden Hurst","BAL","TE",2019
"1313","00-0030441",417,-0.00208384905836304,0.021676872942519,-0.000189440823487549,"Kyle Long","CHI","OL",2019
"1314","00-0034710",1591,-0.00209196159549936,0.0221663893408021,-0.000190178326863578,"Darvin Kidsy","WAS","WR",2019
"1315","00-0030288",398,-0.00209591827451513,0.0217698021411594,-0.000190538024955921,"Rex Burkhead","NE","RB",2019
"1316","00-0033894",1280,-0.00210604127137478,0.0203655735831473,-0.000191458297397708,"Marcus Williams","NO","DB",2019
"1317","00-0035401",1891,-0.00211097706406978,0.0209296515241165,-0.000191907005824525,"Damion Willis","CIN","WR",2019
"1318","00-0034413",1495,-0.002114777787041,0.0205246122765765,-0.000192252526094636,"Foye Oluokun","ATL","LB",2019
"1319","00-0034088",1347,-0.00212016867213806,0.0218773128257786,-0.000192742606558005,"Robert Jackson","CLE","DB",2019
"1320","00-0033344",1106,-0.00213160401152635,0.0219967565058103,-0.000193782182866032,"Hardy Nickerson","CIN","LB",2019
"1321","00-0024061",34,-0.00213493893743553,0.0208218411637394,-0.000194085357948684,"Tramon Williams","GB","DB",2019
"1322","00-0035521",1916,-0.00213597449416868,0.0221733211514401,-0.00019417949946988,"Derick Roberson","TEN","LB",2019
"1323","00-0031334",591,-0.00213652539669013,0.0225239328446346,-0.000194229581517284,"Jason Verrett","SF","DB",2019
"1324","00-0029992",350,-0.00213810883162855,0.0218302672562628,-0.00019437353014805,"Josh Kline","MIN","OL",2019
"1325","00-0034680",1584,-0.00214040777486344,0.0213557442342563,-0.000194582524987586,"Armani Watts","KC","DB",2019
"1326","00-0035247",1810,-0.00215187524963806,0.0222239541445078,-0.000195625022694369,"Trysten Hill","DAL","DL",2019
"1327","00-0030443",419,-0.00215238236613061,0.0221245372232647,-0.000195671124193692,"Levine Toilolo","SF","TE",2019
"1328","00-0033156",1067,-0.00216023628554412,0.0208220606196534,-0.000196385116867647,"Joey Bosa","LAC","DL",2019
"1329","00-0033308",1100,-0.00216320318291191,0.020837058176136,-0.000196654834810174,"Matt Breida","SF","RB",2019
"1330","00-0032239",803,-0.00217045125724612,0.020899505337435,-0.000197313750658738,"Byron Jones","DAL","DB",2019
"1331","00-0034559",1546,-0.00218541219623291,0.0222688785845983,-0.000198673836021174,"Austin Larkin","ATL","DL",2019
"1332","00-0032144",774,-0.00219082450170564,0.0211188316621244,-0.000199165863791422,"Melvin Gordon","LAC","RB",2019
"1333","00-0033930",1308,-0.00219663023249703,0.0208364966193456,-0.00019969365749973,"Cameron Sutton","PIT","DB",2019
"1334","00-0034496",1530,-0.00219675616491896,0.021778169186346,-0.000199705105901724,"Sean Chandler","NYG","DB",2019
"1335","00-0032445",874,-0.00219741196024482,0.0209066803099812,-0.00019976472365862,"Ted Karras","NE","OL",2019
"1336","00-0029889",339,-0.00220310515589609,0.0212245257289687,-0.000200282286899645,"Patrick Omameh","NO","OL",2019
"1337","00-0028845",223,-0.00221345477297688,0.0223060216797812,-0.000201223161179716,"Josh Harris","ATL","LS",2019
"1338","00-0034104",1352,-0.0022152826886845,0.0226837749068723,-0.000201389335334955,"Cam Sims","WAS","WR",2019
"1339","00-0033881",1268,-0.0022263444403509,0.0216785104306786,-0.000202394949122809,"Evan Engram","NYG","TE",2019
"1340","00-0031947",727,-0.00222664157613788,0.0215944399594594,-0.00020242196146708,"Tyeler Davison","ATL","DL",2019
"1341","00-0032455",879,-0.00222888644339002,0.0213776163114357,-0.000202626040308183,"Austin Blythe","LA","OL",2019
"1342","00-0033740",1224,-0.00224418577497232,0.0231355004960983,-0.000204016888633847,"Jordan Roos","SEA","OL",2019
"1343","00-0030562",453,-0.00224678889988192,0.0213610722126486,-0.000204253536352902,"Desmond Trufant","ATL","DB",2019
"1344","00-0034578",1551,-0.00225903351528685,0.0220031876560932,-0.000205366683207896,"Reggie Bonnafon","CAR","RB",2019
"1345","00-0033542",1165,-0.00226994682486804,0.0219435482985471,-0.000206358802260731,"Forrest Lamp","LAC","OL",2019
"1346","00-0035642",1972,-0.00227055674817621,0.0206627535306472,-0.000206414249834201,"Josh Allen","JAX","DL",2019
"1347","00-0032875",972,-0.00228122173877394,0.0228705397069136,-0.000207383794433994,"Ken Crawley","MIA","DB",2019
"1348","00-0025708",57,-0.00229062077607026,0.0217248562055278,-0.000208238252370024,"Matt Moore","KC","QB",2019
"1349","00-0035300",1854,-0.00229082190306498,0.0221224251313428,-0.000208256536642271,"Dennis Daley","CAR","OL",2019
"1350","00-0033196",1069,-0.00229375333077271,0.0224286392348859,-0.000208523030070247,"Zach Triner","TB","LS",2019
"1351","00-0025503",53,-0.00229572954558822,0.0225837017020319,-0.000208702685962565,"Zak DeOssie","NYG","LS",2019
"1352","00-0034989",1729,-0.00229838623119203,0.0221271927809723,-0.000208944202835639,"Justin Skule","SF","OL",2019
"1353","00-0035590",1945,-0.00230428052177774,0.0218921344733296,-0.00020948004743434,"Riley Ridley","CHI","WR",2019
"1354","00-0027963",168,-0.00230581308414428,0.0211971103915966,-0.000209619371285844,"James Carpenter","ATL","OL",2019
"1355","00-0033053",1024,-0.00231110017460918,0.0227311388801212,-0.000210100015873562,"Sean Davis","PIT","DB",2019
"1356","00-0033962",1329,-0.00231157893154602,0.0228063655094369,-0.000210143539231457,"Caleb Brantley","WAS","DL",2019
"1357","00-0030615",464,-0.00231648457541218,0.0226988197373997,-0.000210589506855653,"James Winchester","KC","LS",2019
"1358","00-0035262",1822,-0.00232265365148229,0.0224795969841019,-0.000211150331952936,"Drue Tranquill","LAC","LB",2019
"1359","00-0030060",360,-0.00232657134086042,0.0204315390154741,-0.000211506485532765,"Kenny Vaccaro","TEN","DB",2019
"1360","00-0026190",70,-0.00232811895742452,0.0208490728936536,-0.000211647177947684,"Calais Campbell","JAX","DL",2019
"1361","00-0032813",965,-0.00233062351354585,0.0212834710494624,-0.000211874864867804,"Elijhaa Penny","NYG","RB",2019
"1362","00-0035633",1965,-0.00233344624236561,0.0211105672495709,-0.000212131476578692,"Corey Ballentine","NYG","DB",2019
"1363","00-0031039",507,-0.00234929089520972,0.0215979662789319,-0.00021357189956452,"James Ferentz","NE","OL",2019
"1364","00-0032454",878,-0.00236397730261595,0.0213863930539593,-0.000214907027510541,"Jayron Kearse","MIN","DB",2019
"1365","00-0033876",1263,-0.0023699545070577,0.0211232955941987,-0.000215450409732518,"Derek Barnett","PHI","DL",2019
"1366","00-0029530",278,-0.00237925704936902,0.0204173591168877,-0.000216296095397183,"Justin Bethel","NE","DB",2019
"1367","00-0033903",1286,-0.00237956407678355,0.022771892579908,-0.000216324006980322,"Josh Jones","DAL","DB",2019
"1368","00-0034756",1611,-0.00238577654685242,0.0215520488222742,-0.000216888776986583,"Tre Flowers","SEA","DB",2019
"1369","00-0033598",1200,-0.00239159855740366,0.0226076794727108,-0.00021741805067306,"Eli Ankou","CLE","DL",2019
"1370","00-0031581",672,-0.00239291269011397,0.0217837548885538,-0.000217537517283088,"Mark Glowinski","IND","OL",2019
"1371","00-0033947",1320,-0.00239841177241442,0.021880845488142,-0.000218037433855856,"Deatrich Wise","NE","DL",2019
"1372","00-0031344",594,-0.00240195513926336,0.0215999958569396,-0.000218359558114851,"Cody Latimer","NYG","WR",2019
"1373","00-0032403",850,-0.00240286812685101,0.0204093312516625,-0.000218442556986455,"Juston Burris","CLE","DB",2019
"1374","00-0026158",66,-0.00243341636334046,0.0209408042340452,-0.000221219669394587,"Joe Flacco","DEN","QB",2019
"1375","00-0023534",29,-0.00243348945115734,0.0229833298189167,-0.000221226313741576,"Dustin Colquitt","KC","P",2019
"1376","00-0033434",1129,-0.00243439338750535,0.0217910565792078,-0.000221308489773213,"Bobo Wilson","CAR","WR",2019
"1377","00-0029524",275,-0.00243617944454584,0.0223661369376349,-0.000221470858595077,"Jeff Allen","KC","OL",2019
"1378","00-0034765",1617,-0.00244011594584895,0.0215315558400307,-0.000221828722349904,"Tre'Quan Smith","NO","WR",2019
"1379","00-0033080",1036,-0.00245439706639813,0.0219453658074655,-0.000223127006036194,"Seth DeValve","JAX","TE",2019
"1380","00-0034807",1650,-0.00245584652845926,0.0220730844869826,-0.000223258775314479,"Obo Okoronkwo","LA","LB",2019
"1381","00-0034791",1637,-0.00246277768809987,0.0219126328927498,-0.000223888880736352,"Nick Chubb","CLE","RB",2019
"1382","00-0031577",669,-0.00247001807531615,0.0215324691315809,-0.000224547097756014,"Javorius Allen","NYG","RB",2019
"1383","00-0034487",1526,-0.00247668775960782,0.0222074289753707,-0.00022515343269162,"Trent Sherfield","ARI","WR",2019
"1384","00-0034261",1395,-0.00248068116362945,0.0212432646094463,-0.000225516469420859,"Austin Corbett","LA","OL",2019
"1385","00-0034253",1393,-0.00249009969523028,0.0212686496463557,-0.000226372699566389,"Dontrell Hilliard","CLE","RB",2019
"1386","00-0035339",1872,-0.00249202787451722,0.0221275466922871,-0.000226547988592474,"Montre Hartage","MIA","DB",2019
"1387","00-0035419",1899,-0.00250441298446049,0.0222645848647767,-0.000227673907678227,"Justin Phillips","OAK","LB",2019
"1388","00-0031559",660,-0.00251910163775478,0.0218205176861627,-0.000229009239795889,"Jordan Richards","BAL","DB",2019
"1389","00-0033763",1228,-0.00253247282169782,0.0228272967489844,-0.000230224801972529,"Evan Baylis","GB","TE",2019
"1390","00-0033536",1159,-0.00254476684185941,0.0222144820883963,-0.000231342440169037,"Mike Williams","LAC","WR",2019
"1391","00-0034411",1493,-0.00254723817974007,0.0211680960140303,-0.000231567107249097,"Russell Gage","ATL","WR",2019
"1392","00-0027691",121,-0.00255888967179292,0.0212076799357368,-0.000232626333799356,"Andre Roberts","BUF","WR",2019
"1393","00-0031407",623,-0.00256003498920566,0.0226569699426604,-0.000232730453564151,"Blake Bortles","LA","QB",2019
"1394","00-0035702",2020,-0.00256268165806231,0.0207896909189951,-0.000232971059823846,"Dalton Risner","DEN","OL",2019
"1395","00-0029261",255,-0.00256331063878389,0.0217361744409453,-0.000233028239889444,"Casey Hayward","LAC","DB",2019
"1396","00-0034835",1669,-0.00256721874798536,0.02226364492526,-0.000233383522544124,"Malik Jefferson","LAC","LB",2019
"1397","00-0033757",1226,-0.00256857330405711,0.0216325477339078,-0.000233506664005192,"Robert Tonyan","GB","TE",2019
"1398","00-0034296",1415,-0.00257211085613198,0.0208015817194887,-0.000233828259648362,"Ben Niemann","KC","LB",2019
"1399","00-0033531",1157,-0.00257438488486411,0.0218505160574146,-0.000234034989533101,"Colin Holba","NYG","LS",2019
"1400","00-0029693",324,-0.00257462943837725,0.0210647141293193,-0.000234057221670659,"Olivier Vernon","CLE","DL",2019
"1401","00-0031578",670,-0.00259058614459877,0.0226160254548916,-0.000235507831327161,"Jake Ryan","JAX","LB",2019
"1402","00-0035664",1989,-0.0025948744983404,0.0218325035738138,-0.000235897681667309,"Darrell Henderson","LA","RB",2019
"1403","00-0034809",1652,-0.0025988860369869,0.0225105973137893,-0.000236262366998809,"Jamil Demby","LA","OL",2019
"1404","00-0035709",2026,-0.00260680176701449,0.023132782042118,-0.000236981978819499,"Austin Cutting","MIN","LS",2019
"1405","00-0035693",2012,-0.00261192240261108,0.0224418203386378,-0.000237447491146462,"Johnathan Abram","OAK","DB",2019
"1406","00-0028114",199,-0.00261662415793943,0.0213057916160641,-0.000237874923449039,"Dwayne Harris","OAK","WR",2019
"1407","00-0035246",1809,-0.00261685621217033,0.0217207269574236,-0.000237896019288212,"J.J. Arcega-Whiteside","PHI","WR",2019
"1408","00-0031630",690,-0.00262031097579566,0.0209217985549006,-0.000238210088708697,"Akeem King","SEA","DB",2019
"1409","00-0029278",260,-0.00262616171755751,0.0229057030695601,-0.00023874197432341,"Joe Looney","DAL","OL",2019
"1410","00-0028130",203,-0.00262646508690303,0.0223214624441226,-0.000238769553354821,"Matt Bosher","ATL","P",2019
"1411","00-0023252",20,-0.00262686846687787,0.0228082835421769,-0.000238806224261625,"Robbie Gould","SF","K",2019
"1412","00-0034781",1630,-0.00262792533707989,0.0222440698728465,-0.000238902303370899,"Dorian O'Daniel","KC","LB",2019
"1413","00-0030471",429,-0.00263702939348945,0.021655507832751,-0.000239729944862677,"Shawn Williams","CIN","DB",2019
"1414","00-0034465",1522,-0.00264237542956802,0.0215248104089009,-0.000240215948142547,"Jeremy Reaves","WAS","DB",2019
"1415","00-0031500",640,-0.00265144981244682,0.0221723598106198,-0.00024104089204062,"Efe Obada","CAR","DL",2019
"1416","00-0031690",694,-0.00266589492061662,0.0221925618877052,-0.00024235408369242,"Eric Tomlinson","OAK","TE",2019
"1417","00-0032388",838,-0.00267212968212923,0.0209542202352261,-0.000242920880193567,"Deion Jones","ATL","LB",2019
"1418","00-0034874",1690,-0.002687389367708,0.021940553434392,-0.000244308124337091,"Roquan Smith","CHI","LB",2019
"1419","00-0032432",866,-0.00269363724938732,0.0213498714783737,-0.000244876113580666,"Wes Schweitzer","ATL","OL",2019
"1420","00-0033973",1334,-0.0026957155268615,0.0221921637616413,-0.0002450650478965,"Elijah Lee","SF","LB",2019
"1421","00-0032660",915,-0.0027010885240225,0.0212045279288864,-0.000245553502183863,"Brandin Bryant","CLE","DL",2019
"1422","00-0030470",428,-0.00270336425248108,0.0207313858075069,-0.000245760386589189,"Vance McDonald","PIT","TE",2019
"1423","00-0035172",1777,-0.00270927950981527,0.0228720539641232,-0.000246298137255934,"Shakial Taylor","DEN","DB",2019
"1424","00-0030404",410,-0.00271657615573315,0.0228995052461205,-0.000246961468703013,"Chris Thompson","WAS","RB",2019
"1425","00-0031779",701,-0.002719851077044,0.0205644578229852,-0.000247259188822182,"B.J. Finney","PIT","OL",2019
"1426","00-0033523",1149,-0.00272378704187527,0.0212770681531138,-0.000247617003806843,"Jonathan Allen","WAS","DL",2019
"1427","00-0031267",570,-0.00273853113548166,0.0222404021232499,-0.000248957375952878,"Antone Exum","SF","DB",2019
"1428","00-0030251",394,-0.00274111926015321,0.022060653545106,-0.000249192660013928,"Wes Horton","CAR","DL",2019
"1429","00-0034132",1361,-0.00274841631156086,0.0220339331102161,-0.000249856028323715,"Christian Blake","ATL","WR",2019
"1430","00-0031991",736,-0.00275525964301831,0.0222934671201277,-0.000250478149365301,"DeVante Bausby","DEN","DB",2019
"1431","00-0030549",449,-0.00275697306170803,0.0214679741149963,-0.00025063391470073,"Tyler Eifert","CIN","TE",2019
"1432","00-0026156",65,-0.00278020520694967,0.0220082034390087,-0.000252745927904516,"Dominique Rodgers-Cromartie","WAS","DB",2019
"1433","00-0031203",551,-0.00280742013363839,0.0224129404854712,-0.000255220012148945,"Cairo Santos","TEN","K",2019
"1434","00-0023564",30,-0.00281887315434945,0.0227917851587098,-0.00025626119584995,"Darren Sproles","PHI","RB",2019
"1435","00-0034276",1407,-0.00283351606304144,0.0211043964792489,-0.000257592369367404,"Simeon Thomas","WAS","DB",2019
"1436","00-0026964",85,-0.00283391657866953,0.0217263922196482,-0.000257628779879048,"Clinton McDonald","ARI","DL",2019
"1437","00-0030725",477,-0.00283757761729054,0.0218176320779326,-0.000257961601571867,"Cornelius Lucas","CHI","OL",2019
"1438","00-0034867",1688,-0.0028410350162808,0.021440682259096,-0.000258275910570982,"Malik Turner","SEA","WR",2019
"1439","00-0035278",1837,-0.00287129301560432,0.0225281201767981,-0.000261026637782211,"Byron Cowart","NE","DL",2019
"1440","00-0033501",1145,-0.00289139063173554,0.0215037516810596,-0.00026285369379414,"Devaroe Lawrence","KC","DL",2019
"1441","00-0031015",498,-0.00289733521670537,0.0222571768550979,-0.000263394110609579,"Phillip Gaines","HOU","DB",2019
"1442","00-0031893",713,-0.00289949497852236,0.0212733933550296,-0.000263590452592941,"Jesse Davis","MIA","OL",2019
"1443","00-0030829",487,-0.00290686583513763,0.0226702982870185,-0.000264260530467057,"Josh Wells","TB","OL",2019
"1444","00-0031734",696,-0.00292065419278879,0.0211155245435568,-0.000265514017526254,"Chris Reed","CAR","OL",2019
"1445","00-0035145",1769,-0.00292644827308247,0.0214469739345694,-0.000266040752098406,"Austin Seibert","CLE","K",2019
"1446","00-0031122",530,-0.00293748410962845,0.020739673765138,-0.000267044009966222,"Andrew Norwell","JAX","OL",2019
"1447","00-0028946",231,-0.00296899580100586,0.0221933084726449,-0.000269908709182351,"Aaron Brewer","ARI","LS",2019
"1448","00-0032214",795,-0.00296931743346235,0.0211224210742252,-0.000269937948496578,"Tyler Kroft","BUF","TE",2019
"1449","00-0035237",1800,-0.00297311469203243,0.0213313004411186,-0.00027028315382113,"Jawaan Taylor","JAX","OL",2019
"1450","00-0034972",1712,-0.00297870932787035,0.02282171402514,-0.000270791757079123,"Alexander Mattison","MIN","RB",2019
"1451","00-0030533",444,-0.0029893186908566,0.0217959556727157,-0.000271756244623327,"Matt Barkley","BUF","QB",2019
"1452","00-0027768",128,-0.00300084282462307,0.0216360213122007,-0.000272803893147552,"Marshall Newhouse","NE","OL",2019
"1453","00-0035485",1908,-0.00301400534003964,0.0226942033110552,-0.000274000485458149,"Nate Brooks","MIA","DB",2019
"1454","00-0033952",1324,-0.00302027666177957,0.0216179714886252,-0.000274570605616324,"Grover Stewart","IND","DL",2019
"1455","00-0034838",1672,-0.0030339853956005,0.0221342260452442,-0.0002758168541455,"Royce Freeman","DEN","RB",2019
"1456","00-0035646",1976,-0.00305813948929973,0.0213756568758311,-0.00027801268084543,"Sione Takitaki","CLE","LB",2019
"1457","00-0035544",1930,-0.00305873487087643,0.0218986390042026,-0.000278066806443312,"Tom Kennedy","DET","WR",2019
"1458","00-0032774",943,-0.00306193620878064,0.0211121318808099,-0.000278357837161876,"Deon Bush","CHI","DB",2019
"1459","00-0033512",1148,-0.00306879790067245,0.0206666939404667,-0.000278981627333859,"Damontae Kazee","ATL","DB",2019
"1460","00-0032135",770,-0.00306986314069876,0.0221129304298553,-0.000279078467336251,"Jesse James","DET","TE",2019
"1461","00-0031031",505,-0.003072563070867,0.0224753771907264,-0.000279323915533363,"Brent Qvale","NYJ","OL",2019
"1462","00-0032104",759,-0.00307541407549694,0.0210754499832838,-0.000279583097772449,"Ameer Abdullah","MIN","RB",2019
"1463","00-0027954",161,-0.00308323854523709,0.0220209096865079,-0.000280294413203371,"Ryan Kerrigan","WAS","LB",2019
"1464","00-0035683",2004,-0.00308964375290035,0.0214290481117914,-0.000280876704809123,"Dexter Lawrence","NYG","DL",2019
"1465","00-0029567",285,-0.00311627139180999,0.0223847358753925,-0.000283297399255454,"Nick Foles","JAX","QB",2019
"1466","00-0025900",60,-0.00311784606565251,0.0211888499504273,-0.000283440551422955,"Chris Clark","HOU","OL",2019
"1467","00-0034267",1401,-0.00311818560877729,0.0225423946917683,-0.000283471418979754,"Jaleel Scott","BAL","WR",2019
"1468","00-0030523",441,-0.00313714458773185,0.0218094963779871,-0.000285194962521077,"Kayvon Webster","WAS","DB",2019
"1469","00-0031557",658,-0.00313751722330502,0.0210645942475184,-0.000285228838482275,"Jordan Phillips","BUF","DL",2019
"1470","00-0035697",2016,-0.00314548618892022,0.0204872770505495,-0.000285953289901838,"Germaine Pratt","CIN","LB",2019
"1471","00-0035688",2009,-0.00315034887804016,0.0226016196563825,-0.000286395352549105,"Trey Pipkins","LAC","OL",2019
"1472","00-0030278",396,-0.00315665106686021,0.0220894184838495,-0.000286968278805473,"Manti Te'o","NO","LB",2019
"1473","00-0031744",698,-0.00315787439432875,0.0207086476354559,-0.000287079490393523,"Matt LaCosse","NE","TE",2019
"1474","00-0033138",1065,-0.00317272298196752,0.0223982605230085,-0.000288429361997047,"Sam Ficken","NYJ","K",2019
"1475","00-0033047",1019,-0.00317714703288009,0.0225586349277772,-0.000288831548443645,"Anthony Brown","DAL","DB",2019
"1476","00-0031431",633,-0.00317890675132478,0.0230866960931721,-0.000288991522847707,"Marqise Lee","JAX","WR",2019
"1477","00-0026160",67,-0.00318539472925778,0.0226394070110957,-0.000289581339023435,"Aqib Talib","MIA","DB",2019
"1478","00-0035650",1979,-0.00320040052987556,0.0239138354712315,-0.00029094550271596,"Justin Layne","PIT","DB",2019
"1479","00-0026844",83,-0.0032204758341557,0.0230434014938123,-0.000292770530377791,"Garrison Sanborn","SF","LS",2019
"1480","00-0029665",311,-0.00323001138706387,0.0220635680995541,-0.000293637398823988,"Robert Griffin III","BAL","QB",2019
"1481","00-0033408",1122,-0.00323450985020421,0.0213412325981324,-0.000294046350018565,"Bryan Cox","CLE","DL",2019
"1482","00-0034410",1492,-0.00323474523881696,0.0213234386738192,-0.00029406774898336,"Chris Covington","DAL","LB",2019
"1483","00-0027940",153,-0.00324280534932569,0.0207968046552401,-0.000294800486302336,"Von Miller","DEN","LB",2019
"1484","00-0031428",632,-0.00325052659664504,0.0202949402237059,-0.000295502417876822,"Allen Robinson","CHI","WR",2019
"1485","00-0033854",1247,-0.00327383958744664,0.0208153605215939,-0.000297621780676968,"Dare Ogunbowale","TB","RB",2019
"1486","00-0026516",75,-0.00328908841647541,0.0214906987390262,-0.000299008037861401,"Britton Colquitt","MIN","P",2019
"1487","00-0034514",1535,-0.00329421739606043,0.0218290026080045,-0.000299474308732766,"Levi Wallace","BUF","DB",2019
"1488","00-0033302",1097,-0.00329608963339211,0.0221283772797033,-0.000299644512126555,"Adrian Colbert","MIA","DB",2019
"1489","00-0027958",165,-0.00330803399261646,0.022010079082315,-0.000300730362965133,"Adrian Clayborn","ATL","DL",2019
"1490","00-0034203",1384,-0.00332934724111278,0.0222518820996064,-0.000302667931010253,"Darious Williams","LA","DB",2019
"1491","00-0031101",527,-0.00336594952611392,0.0209413988023709,-0.000305995411464902,"Shaquil Barrett","TB","LB",2019
"1492","00-0034990",1730,-0.00336789025214257,0.021495901053277,-0.00030617184110387,"Ka'Dar Hollman","GB","DB",2019
"1493","00-0031387",616,-0.00337607133926632,0.0221519906469824,-0.000306915576296938,"Eric Ebron","IND","TE",2019
"1494","00-0032319",822,-0.00338246808811749,0.0222046198666554,-0.000307497098919772,"Ross Travis","NYJ","TE",2019
"1495","00-0032497",886,-0.00339995570363842,0.0223292606161413,-0.000309086882148947,"Reid Ferguson","BUF","LS",2019
"1496","00-0033463",1139,-0.00341238400924714,0.0204348708269527,-0.000310216728113376,"Carl Lawson","CIN","DL",2019
"1497","00-0027960",166,-0.00341319551020141,0.02064628409465,-0.000310290500927401,"Anthony Castonzo","IND","OL",2019
"1498","00-0034836",1670,-0.00341345705313539,0.0221055004413663,-0.000310314277557763,"Braden Smith","IND","OL",2019
"1499","00-0031956",731,-0.00341874739738435,0.021314891285574,-0.000310795217944031,"Anthony Chickillo","PIT","LB",2019
"1500","00-0034721",1593,-0.00342630374272249,0.0231421152092842,-0.000311482158429317,"Corey Bojorquez","BUF","P",2019
"1501","00-0028076",192,-0.0034338606529306,0.0220149366217734,-0.000312169150266419,"Marcus Cannon","NE","OL",2019
"1502","00-0034730",1597,-0.00344577468090923,0.0222117747405881,-0.000313252243719021,"Marcell Harris","SF","DB",2019
"1503","00-0033280",1083,-0.00345420401383789,0.0210664927232596,-0.000314018546712535,"Christian McCaffrey","CAR","RB",2019
"1504","00-0031339",593,-0.00346044331974247,0.0215703855731777,-0.000314585756340224,"Donte Moncrief","CAR","WR",2019
"1505","00-0033303",1098,-0.00347703530172376,0.0218787338329986,-0.000316094118338523,"Harrison Butker","KC","K",2019
"1506","00-0030161",387,-0.00347721060028585,0.0213913890433374,-0.000316110054571441,"Bradley McDougald","SEA","DB",2019
"1507","00-0034746",1603,-0.0034815813313669,0.0222130181758762,-0.000316507393760627,"Maurice Hurst","OAK","DL",2019
"1508","00-0034325",1424,-0.00350342582260789,0.0221900596542299,-0.000318493256600717,"Taylor Stallworth","NO","DL",2019
"1509","00-0031257",564,-0.00352358412766108,0.0215806471548727,-0.000320325829787371,"Paul Richardson","WAS","WR",2019
"1510","00-0030515",439,-0.00353017307465116,0.0223267530464103,-0.000320924824968288,"Stacy McGee","CAR","DL",2019
"1511","00-0035530",1920,-0.00353592780360336,0.0211314044892297,-0.00032144798214576,"Khari Willis","IND","DB",2019
"1512","00-0031367",608,-0.00353624945038644,0.0222408011311963,-0.000321477222762403,"Gabe Jackson","OAK","OL",2019
"1513","00-0029248",250,-0.00354107924145073,0.0210566903387362,-0.000321916294677339,"Luke Kuechly","CAR","LB",2019
"1514","00-0030538",445,-0.00355657830625695,0.0224451155631533,-0.000323325300568814,"Johnathan Cyprien","ATL","DB",2019
"1515","00-0035181",1779,-0.00355914894887423,0.0227802013302841,-0.000323558995352203,"Darrius Shepherd","GB","WR",2019
"1516","00-0034768",1620,-0.003573699743421,0.0227997790342182,-0.000324881794856454,"Chukwuma Okorafor","PIT","OL",2019
"1517","00-0033905",1288,-0.00357728179639896,0.0201805873343427,-0.000325207436036269,"Larry Ogunjobi","CLE","DL",2019
"1518","00-0034834",1668,-0.00359904808006771,0.0212269528072655,-0.000327186189097065,"Sam Hubbard","CIN","DL",2019
"1519","00-0034201",1382,-0.00360009739951857,0.0227239210329091,-0.000327281581774416,"De'Lance Turner","MIA","RB",2019
"1520","00-0034502",1532,-0.00360775581013203,0.0208053870808806,-0.000327977800921093,"Grant Haley","NYG","DB",2019
"1521","00-0035289",1845,-0.0036077954783424,0.0207636323955705,-0.000327981407122036,"Gardner Minshew","JAX","QB",2019
"1522","00-0035549",1932,-0.00361386390602516,0.0206000102761212,-0.000328533082365923,"Noah Dawkins","TB","LB",2019
"1523","00-0031152",536,-0.00361702220354284,0.0220309236632223,-0.000328820200322077,"Bryan Witzmann","CAR","OL",2019
"1524","00-0028171",205,-0.00361774356945821,0.0208899307014903,-0.000328885779041655,"Lawrence Guy","NE","DL",2019
"1525","00-0034982",1722,-0.00362171468612005,0.0210928468536595,-0.000329246789647277,"Dre Greenlaw","SF","LB",2019
"1526","00-0033570",1185,-0.0036253533452975,0.0213044754236614,-0.000329577576845227,"Anthony Walker","IND","LB",2019
"1527","00-0035272",1831,-0.00362672157771611,0.0211052500563507,-0.000329701961610555,"Andrew Van Ginkel","MIA","LB",2019
"1528","00-0033862",1253,-0.0036308027022916,0.0221028022315807,-0.0003300729729356,"Zane Gonzalez","ARI","K",2019
"1529","00-0029685",319,-0.00363143178035057,0.0216016883937847,-0.000330130161850052,"Greg Van Roten","CAR","OL",2019
"1530","00-0034556",1545,-0.00363934898714793,0.0215946146972597,-0.000330849907922539,"Kam Kelly","PIT","DB",2019
"1531","00-0035150",1774,-0.00363996598963086,0.021167174337932,-0.000330905999057351,"Kris Boyd","MIN","DB",2019
"1532","00-0032870",970,-0.00364221783889061,0.0215566175266319,-0.000331110712626419,"Aldrick Rosas","NYG","K",2019
"1533","00-0035285",1841,-0.00364699273116293,0.0219787126870407,-0.000331544793742084,"Jordan Miller","ATL","DB",2019
"1534","00-0029627",301,-0.00364846579272405,0.0204542068746565,-0.000331678708429459,"Jack Crawford","ATL","DL",2019
"1535","00-0032871",971,-0.00368420293456002,0.021646004621915,-0.000334927539505456,"Antwaun Woods","DAL","DL",2019
"1536","00-0032943",989,-0.0037110365315403,0.0234039046918456,-0.000337366957412755,"Riley Dixon","NYG","P",2019
"1537","00-0034011",1338,-0.00371903039965511,0.0223651810580974,-0.000338093672695919,"Dan Arnold","ARI","TE",2019
"1538","00-0033956",1327,-0.00373487111516944,0.0216409755929195,-0.000339533737742676,"Marquel Lee","OAK","LB",2019
"1539","00-0032911",981,-0.00373942530364252,0.0216026621227077,-0.000339947754876592,"Spencer Pulley","NYG","OL",2019
"1540","00-0034457",1520,-0.00377501437487869,0.021895018830856,-0.000343183124988972,"Josh Adams","NYJ","RB",2019
"1541","00-0032464",881,-0.00378067604617734,0.0223002737868937,-0.000343697822379758,"Kalif Raymond","TEN","WR",2019
"1542","00-0028834",222,-0.00378849239096606,0.021106696993208,-0.000344408399178733,"Craig Robertson","NO","LB",2019
"1543","00-0035628",1961,-0.00381272579570413,0.022783836518327,-0.000346611435973103,"D'Ernest Johnson","CLE","RB",2019
"1544","00-0031369",609,-0.00381707919049145,0.021313501471005,-0.000347007199135586,"Brandon Linder","JAX","OL",2019
"1545","00-0035073",1748,-0.00382983202081351,0.0224869596782256,-0.000348166547346683,"Jonathan Harris","DEN","DL",2019
"1546","00-0030869",489,-0.0038576902334534,0.0215243889105199,-0.000350699112132127,"Tyler Larsen","CAR","OL",2019
"1547","00-0032381",831,-0.00385858598119321,0.0214161563073519,-0.000350780543744837,"Taylor Decker","DET","OL",2019
"1548","00-0032217",797,-0.00385948610087096,0.02164793826168,-0.000350862372806451,"Donovan Smith","TB","OL",2019
"1549","00-0028912",228,-0.00385999426330976,0.0214569148423019,-0.000350908569391796,"Vontaze Burfict","OAK","LB",2019
"1550","00-0032436",869,-0.00386308024619577,0.021400317087426,-0.000351189113290524,"Jeff Driskel","DET","QB",2019
"1551","00-0031898",714,-0.00388056971792443,0.0220525649256948,-0.000352779065265857,"Alex Singleton","PHI","LB",2019
"1552","00-0035538",1927,-0.00388068981837809,0.0216929349626944,-0.000352789983488917,"Emeke Egbule","LAC","LB",2019
"1553","00-0030776",482,-0.00389676092636156,0.0239679184638211,-0.000354250993305596,"Kerry Wynn","CIN","DL",2019
"1554","00-0029699",325,-0.00392095432841696,0.0226880110738074,-0.000356450393492451,"Tony Bergstrom","WAS","OL",2019
"1555","00-0035631",1963,-0.00392572500242481,0.0215724775255466,-0.000356884091129528,"Drew Sample","CIN","TE",2019
"1556","00-0032117",763,-0.0039438353214134,0.0218070490064161,-0.000358530483764854,"Nick O'Leary","JAX","TE",2019
"1557","00-0034597",1559,-0.00394551691287096,0.0229473461235431,-0.000358683355715542,"Ryan Nall","CHI","RB",2019
"1558","00-0031380",611,-0.00394732705076902,0.0214933187115436,-0.000358847913706275,"Darqueze Dennard","CIN","DB",2019
"1559","00-0034393",1482,-0.00395114587663919,0.0220757107804593,-0.000359195079694472,"Troy Fumagalli","DEN","TE",2019
"1560","00-0032540",893,-0.00397319630850363,0.0222396129465198,-0.000361199664409421,"Tra Carson","DET","RB",2019
"1561","00-0032940",988,-0.00398268389563917,0.0218238840535113,-0.000362062172330833,"DeAndre Washington","OAK","RB",2019
"1562","00-0033595",1199,-0.00398920556587797,0.0222394173494899,-0.000362655051443452,"Pat O'Connor","TB","DL",2019
"1563","00-0032581",904,-0.00400079917912338,0.0226511456944941,-0.000363709016283944,"Cre'von LeBlanc","PHI","DB",2019
"1564","00-0034828",1662,-0.0040178216728697,0.0205289875250141,-0.000365256515715428,"Harold Landry","TEN","LB",2019
"1565","00-0031185",547,-0.00402974228010222,0.0211905937264131,-0.00036634020728202,"Jon Halapio","NYG","OL",2019
"1566","00-0033539",1162,-0.00403545548534683,0.021809380623853,-0.000366859589576985,"Jarrad Davis","DET","LB",2019
"1567","00-0027939",152,-0.004038934466657,0.0215621642161773,-0.000367175860605182,"Cam Newton","CAR","QB",2019
"1568","00-0035120",1758,-0.00404000174835349,0.0222129540612873,-0.000367272886213953,"Keelan Doss","OAK","WR",2019
"1569","00-0030548",448,-0.00404285466032438,0.0215978335309326,-0.000367532241847671,"Eric Reid","CAR","DB",2019
"1570","00-0032256",814,-0.00404501345781172,0.0225033420429208,-0.000367728496164702,"Clive Walford","MIA","TE",2019
"1571","00-0035437",1902,-0.00405419672473675,0.0218970887270572,-0.000368563338612432,"Roderic Teamer","LAC","DB",2019
"1572","00-0033860",1252,-0.00406393507313484,0.0213368872001803,-0.000369448643012258,"Davon Godchaux","MIA","DL",2019
"1573","00-0031393",619,-0.00407273324436311,0.0219445384606413,-0.000370248476760283,"Maurice Alexander","BUF","LB",2019
"1574","00-0025394",44,-0.00407607880823892,0.0225130919122503,-0.000370552618930811,"Adrian Peterson","WAS","RB",2019
"1575","00-0032195",787,-0.00407941234295473,0.0208865973381113,-0.000370855667541339,"Ronald Darby","PHI","DB",2019
"1576","00-0033939",1313,-0.00410450487311999,0.021991932421107,-0.000373136806647272,"Vince Biegel","MIA","LB",2019
"1577","00-0034816",1656,-0.00411133272935233,0.0213339291072334,-0.000373757520850212,"Ronald Jones","TB","RB",2019
"1578","00-0034350",1441,-0.00411634567881543,0.0212055656392159,-0.000374213243528676,"Uchenna Nwosu","LAC","LB",2019
"1579","00-0033296",1094,-0.00412274332076592,0.0205053376788547,-0.000374794847342356,"Alex Armah","CAR","RB",2019
"1580","00-0029641",305,-0.00413155710159242,0.0218752975731362,-0.000375596100144765,"Tyrone Crawford","DAL","DL",2019
"1581","00-0035577",1940,-0.00413379089473296,0.0211702801470612,-0.000375799172248451,"Devlin Hodges","PIT","QB",2019
"1582","00-0032772",941,-0.00413570207499047,0.0212066616255647,-0.000375972915908224,"Ryan Smith","TB","DB",2019
"1583","00-0035243",1806,-0.00416560466912959,0.0211671466787897,-0.000378691333557235,"Miles Sanders","PHI","RB",2019
"1584","00-0033557",1177,-0.00417561250105251,0.0220264198486502,-0.000379601136459319,"Jalen Reeves-Maybin","DET","LB",2019
"1585","00-0028284",212,-0.00418397767118262,0.0221710324961711,-0.000380361606471147,"Patrick Scales","CHI","LS",2019
"1586","00-0032448",875,-0.00419486225421307,0.0208172370026483,-0.00038135111401937,"Stephen Weatherly","MIN","DL",2019
"1587","00-0035532",1922,-0.00419919563760207,0.0213477493401559,-0.000381745057963824,"Deionte Thompson","ARI","DB",2019
"1588","00-0035308",1859,-0.00419988489596074,0.0229268115694551,-0.000381807717814613,"Tommy Sweeney","BUF","TE",2019
"1589","00-0034967",1708,-0.00421805050630282,0.0214773556546793,-0.00038345913693662,"Rashan Gary","GB","LB",2019
"1590","00-0035013",1738,-0.00422124228726519,0.0212614276950372,-0.00038374929884229,"Jon Hilliman","NYG","RB",2019
"1591","00-0034430",1507,-0.00422547470431048,0.0220723344711674,-0.000384134064028226,"Andre Smith","CAR","LB",2019
"1592","00-0032934",985,-0.00423265042415813,0.0216396155273715,-0.000384786402196194,"Tony McRae","CIN","DB",2019
"1593","00-0029119",240,-0.00423544164233771,0.0210886348237536,-0.000385040149303428,"Derek Carrier","OAK","TE",2019
"1594","00-0033438",1131,-0.00423899810272045,0.0235216510079183,-0.000385363463883677,"Fadol Brown","CHI","DL",2019
"1595","00-0031349",598,-0.00425697242397258,0.0205515607609858,-0.000386997493088416,"Matt Paradis","CAR","OL",2019
"1596","00-0035273",1832,-0.0042765016289438,0.0225188936490903,-0.000388772875358527,"Qadree Ollison","ATL","RB",2019
"1597","00-0033935",1312,-0.00428218002626281,0.0210534829378204,-0.000389289093296619,"Trey Hendrickson","NO","DL",2019
"1598","00-0035634",1966,-0.00428812327830551,0.0216590501378608,-0.000389829388936865,"Alex Brown","KC","DB",2019
"1599","00-0029492",274,-0.00430002784234288,0.0218691420708908,-0.000390911622031171,"Jamize Olawale","DAL","RB",2019
"1600","00-0035261",1821,-0.00431197389114643,0.0213303361607189,-0.000391997626467857,"Tony Pollard","DAL","RB",2019
"1601","00-0031331",589,-0.00431261592989079,0.020757748889684,-0.000392055993626436,"Pierre Desir","IND","DB",2019
"1602","00-0032520",889,-0.00431425181752878,0.0220680465318753,-0.000392204710684435,"Rashod Hill","MIN","OL",2019
"1603","00-0020578",5,-0.00431523453564282,0.0223157437840265,-0.000392294048694802,"Matt Bryant","ATL","K",2019
"1604","00-0035264",1824,-0.00433106368360415,0.0228317836836353,-0.000393733062145832,"Jarrett Stidham","NE","QB",2019
"1605","00-0032726",924,-0.00433528927493915,0.022217161401982,-0.00039411720681265,"Ka'imi Fairbairn","HOU","K",2019
"1606","00-0027985",176,-0.00434378392404927,0.0219863245537075,-0.000394889447640843,"Lance Kendricks","LAC","TE",2019
"1607","00-0031193",550,-0.00435211493801242,0.0223611265161819,-0.000395646812546583,"Dan McCullers","PIT","DL",2019
"1608","00-0035713",2028,-0.0043528364572356,0.0212514720883311,-0.000395712405203237,"Brian Burns","CAR","LB",2019
"1609","00-0034115",1357,-0.00436986853842842,0.0227510925030134,-0.000397260776220766,"Jeff Wilson","SF","RB",2019
"1610","00-0035307",1858,-0.00438854360247062,0.0213916774846607,-0.000398958509315511,"Jimmy Moreland","WAS","DB",2019
"1611","00-0032419",860,-0.0043931482404813,0.0223472921975987,-0.000399377112771028,"Joe Haeg","IND","OL",2019
"1612","00-0028037",185,-0.004445981096551,0.0210124985608352,-0.000404180099686455,"K.J. Wright","SEA","LB",2019
"1613","00-0033928",1306,-0.00445941740148246,0.0206172514632928,-0.000405401581952951,"Jourdan Lewis","DAL","DB",2019
"1614","00-0032187",786,-0.0044980025765859,0.0208171718509003,-0.000408909325144172,"David Johnson","ARI","RB",2019
"1615","00-0035672",1997,-0.00450419579407368,0.021172437280769,-0.000409472344915789,"Cody Barton","SEA","LB",2019
"1616","00-0035700",2019,-0.00453234731869116,0.0210436527940845,-0.000412031574426469,"Josh Jacobs","OAK","RB",2019
"1617","00-0034751",1606,-0.00454184370849515,0.0212710777260005,-0.000412894882590468,"Josh Jackson","GB","DB",2019
"1618","00-0033918",1300,-0.00455403307643589,0.0205296081653054,-0.000414003006948717,"Fabian Moreau","WAS","DB",2019
"1619","00-0031181",546,-0.00456387206036801,0.0205492596197968,-0.000414897460033455,"Ricardo Allen","ATL","DB",2019
"1620","00-0030525",442,-0.00456636030391785,0.0210799509744708,-0.000415123663992532,"Tavon Austin","DAL","WR",2019
"1621","00-0031511",643,-0.00458318762487784,0.0224852565874412,-0.00041665342044344,"DeAndrew White","CAR","WR",2019
"1622","00-0029249",251,-0.00459899873612178,0.0208689152647733,-0.000418090794192889,"Melvin Ingram","LAC","DL",2019
"1623","00-0032435",868,-0.00459935530057072,0.0223210687247714,-0.000418123209142793,"Anthony Zettel","SF","DL",2019
"1624","00-0027678",116,-0.00460009548648751,0.0208110893072679,-0.000418190498771592,"John Jerry","CIN","OL",2019
"1625","00-0034975",1715,-0.00460029368048367,0.0223396440175668,-0.000418208516407606,"Justice Hill","BAL","RB",2019
"1626","00-0030513",438,-0.00460810836050534,0.0212092250791284,-0.000418918941864122,"Latavius Murray","NO","RB",2019
"1627","00-0033563",1180,-0.00460968453545312,0.0227777666495939,-0.000419062230495739,"Carlos Watkins","HOU","DL",2019
"1628","00-0026982",87,-0.00461139190929867,0.0226240666489788,-0.000419217446299879,"Andre Smith","BAL","OL",2019
"1629","00-0032200",789,-0.00463181322981192,0.0215693522476053,-0.000421073929982902,"Ty Montgomery","NYJ","RB",2019
"1630","00-0032071",752,-0.00463527710847167,0.0212941032721451,-0.000421388828042879,"Trent Brown","OAK","OL",2019
"1631","00-0032228",800,-0.004644635411474,0.0224308194852602,-0.000422239582861273,"Joe Cardona","NE","LS",2019
"1632","00-0034586",1552,-0.00465909463203948,0.021910825009195,-0.000423554057458135,"John Atkins","DET","DL",2019
"1633","00-0030781",483,-0.0046628397320107,0.0205378105885638,-0.000423894521091882,"Trey Hopkins","CIN","OL",2019
"1634","00-0027688",120,-0.00466545220772203,0.0229697477047953,-0.000424132018883821,"Colt McCoy","WAS","QB",2019
"1635","00-0027949",158,-0.00466860364908537,0.0229428619544736,-0.000424418513553216,"J.J. Watt","HOU","DL",2019
"1636","00-0028075",191,-0.00466966195398522,0.0214459471288029,-0.000424514723089565,"Buster Skrine","CHI","DB",2019
"1637","00-0029061",237,-0.00467311583483929,0.0213995304942872,-0.000424828712258117,"Julian Stanford","BUF","LB",2019
"1638","00-0032848",967,-0.0046812560099814,0.0218001080719071,-0.000425568728180128,"Kevin Peterson","ARI","DB",2019
"1639","00-0032143",773,-0.00469134934113293,0.0213791522776048,-0.000426486303739358,"Danny Shelton","NE","DL",2019
"1640","00-0032807",963,-0.00469414011844964,0.0213116647741702,-0.000426740010768149,"Clayton Fejedelem","CIN","DB",2019
"1641","00-0033572",1187,-0.00470084925824374,0.0205629533129395,-0.000427349932567613,"Jamal Agnew","DET","DB",2019
"1642","00-0032147",777,-0.00470135279651833,0.0218437525558975,-0.000427395708774394,"Ty Sambrailo","ATL","OL",2019
"1643","00-0025825",58,-0.00471434532500026,0.0227436753567322,-0.000428576847727296,"Brett Kern","TEN","P",2019
"1644","00-0030332",402,-0.00474123570684629,0.0223124481633247,-0.000431021427895117,"Brett Maher","DAL","K",2019
"1645","00-0035190",1782,-0.00474933467473806,0.0214835105346674,-0.00043175769770346,"A.J. Cole","OAK","P",2019
"1646","00-0032918",983,-0.00475301169664238,0.0198640847330935,-0.000432091972422035,"C.J. Ham","MIN","RB",2019
"1647","00-0033387",1117,-0.00476998489554501,0.020762866609926,-0.000433634990504092,"Jacob Hollister","SEA","TE",2019
"1648","00-0032794",959,-0.00479055771847739,0.0215209632199712,-0.000435505247134308,"Danny Vitale","GB","RB",2019
"1649","00-0033420",1126,-0.00480644635424581,0.0212381962054803,-0.000436949668567801,"Donald Payne","JAX","LB",2019
"1650","00-0034417",1498,-0.00482052161986455,0.0219437467682298,-0.000438229238169504,"Matt Pryor","PHI","OL",2019
"1651","00-0035304",1856,-0.00483745750986343,0.0219738850362873,-0.000439768864533039,"Cullen Gillaspia","HOU","RB",2019
"1652","00-0035133",1762,-0.00485677067562483,0.0213315122105047,-0.000441524606874984,"Keisean Nixon","OAK","DB",2019
"1653","00-0035312",1862,-0.00486719947049409,0.0225397231996389,-0.000442472679135826,"Dontavius Russell","JAX","DL",2019
"1654","00-0033290",1091,-0.00487369425179952,0.0221199754807884,-0.000443063113799956,"Jermaine Eluemunor","NE","OL",2019
"1655","00-0034342",1433,-0.00489081913329635,0.0216506749604772,-0.000444619921208759,"Quenton Nelson","IND","OL",2019
"1656","00-0033439",1132,-0.00489602357789623,0.0219104736057233,-0.000445093052536021,"Pharaoh Brown","CLE","TE",2019
"1657","00-0032215",796,-0.00490217579167954,0.021572644856199,-0.00044565234469814,"Damien Wilson","KC","LB",2019
"1658","00-0035276",1835,-0.00491775813164846,0.0213014727710263,-0.000447068921058951,"Blake Cashman","NYJ","LB",2019
"1659","00-0035108",1754,-0.00492897603779266,0.0220597871923275,-0.000448088730708423,"Nathan Meadors","MIN","DB",2019
"1660","00-0033869",1256,-0.00492907532763129,0.0215981831583497,-0.00044809775705739,"Mitchell Trubisky","CHI","QB",2019
"1661","00-0033297",1095,-0.00492927009243327,0.0216601868821669,-0.000448115462948479,"D.J. Jones","SF","DL",2019
"1662","00-0034364",1455,-0.00495375303284668,0.0201562210273082,-0.000450341184804244,"Jordan Akins","HOU","TE",2019
"1663","00-0034682",1586,-0.00495511097075301,0.021795902609742,-0.000450464633704819,"Genard Avery","PHI","LB",2019
"1664","00-0032980",1007,-0.00495596222093068,0.0213537510783402,-0.000450542020084607,"Marcus Johnson","IND","WR",2019
"1665","00-0030063",363,-0.00495599820707739,0.0210657573474397,-0.00045054529155249,"Johnathan Hankins","OAK","DL",2019
"1666","00-0031806",707,-0.0049583584929619,0.0225465303647632,-0.000450759862996536,"Malcolm Brown","LA","RB",2019
"1667","00-0031171",541,-0.00496026646854567,0.0210132112607529,-0.000450933315322333,"Preston Brown","JAX","LB",2019
"1668","00-0027856",134,-0.00497364169509332,0.021113542618698,-0.000452149245008484,"Gerald McCoy","CAR","DL",2019
"1669","00-0033011",1012,-0.00498672285755917,0.0217723247195143,-0.000453338441596288,"Connor McGovern","DEN","OL",2019
"1670","00-0032599",907,-0.00502510373865692,0.0222416527219928,-0.000456827612605175,"Josh Perkins","PHI","TE",2019
"1671","00-0034436",1512,-0.00502593500109064,0.0214002024403204,-0.000456903181917331,"Will Clapp","NO","OL",2019
"1672","00-0029134",241,-0.00504508906616607,0.0223223791759757,-0.000458644460560552,"Beau Brinkley","TEN","LS",2019
"1673","00-0031237",557,-0.00504688876954271,0.0210845061995419,-0.000458808069958429,"Teddy Bridgewater","NO","QB",2019
"1674","00-0034360",1451,-0.00505202912719248,0.0210515156304069,-0.000459275375199317,"Lorenzo Carter","NYG","LB",2019
"1675","00-0034331",1426,-0.00505964941149754,0.0208723595342376,-0.000459968128317958,"Jaylen Samuels","PIT","RB",2019
"1676","00-0031583",673,-0.00506257615172059,0.021153040235368,-0.000460234195610962,"Grady Jarrett","ATL","DL",2019
"1677","00-0034052",1340,-0.00507023617057846,0.0215426224191694,-0.000460930560961678,"Brandon Zylstra","CAR","WR",2019
"1678","00-0028240",210,-0.00509865762505399,0.0204014048389939,-0.000463514329550363,"Kenny Wiggins","DET","OL",2019
"1679","00-0029193",247,-0.00509937900793035,0.0210341904771262,-0.00046357990981185,"Bruce Irvin","CAR","LB",2019
"1680","00-0034366",1457,-0.00510782638541218,0.0215876399826908,-0.000464347853219289,"Keke Coutee","HOU","WR",2019
"1681","00-0033117",1052,-0.00510783086414585,0.0217881752674504,-0.000464348260376895,"Bronson Kaufusi","NYJ","DL",2019
"1682","00-0029212",248,-0.0051300370707862,0.0216869563414277,-0.000466367006435109,"Tahir Whitehead","OAK","LB",2019
"1683","00-0033282",1085,-0.00514345423955623,0.0221775950755598,-0.000467586749050567,"Curtis Samuel","CAR","WR",2019
"1684","00-0033783",1233,-0.00514642181118191,0.0211596047156863,-0.000467856528289265,"Ahkello Witherspoon","SF","DB",2019
"1685","00-0035665",1990,-0.00516022960600509,0.0216919113683107,-0.000469111782364099,"David Long","LA","DB",2019
"1686","00-0033964",1331,-0.00516377510099387,0.0208748509705194,-0.000469434100090352,"Al-Quadin Muhammad","IND","DL",2019
"1687","00-0034763",1615,-0.00517176086023888,0.0213999366479633,-0.000470160078203535,"Brandon Parker","OAK","OL",2019
"1688","00-0034747",1604,-0.00517526371340023,0.0218694751283825,-0.00047047851940002,"Marcell Ateman","OAK","WR",2019
"1689","00-0031796",705,-0.00518071578236409,0.0210981570722928,-0.000470974162033099,"Justin Coleman","DET","DB",2019
"1690","00-0031366",607,-0.00519021112555947,0.0217273351841699,-0.000471837375050861,"Deone Bucannon","NYG","LB",2019
"1691","00-0027891",149,-0.00519689347370237,0.0210001599229224,-0.00047244486124567,"Golden Tate","NYG","WR",2019
"1692","00-0028041",186,-0.00521371266062157,0.0212060969141667,-0.000473973878238325,"Sam Acho","TB","LB",2019
"1693","00-0030035",355,-0.00523002921209681,0.021315255421106,-0.00047545720109971,"Adam Thielen","MIN","WR",2019
"1694","00-0034198",1381,-0.00525324983185646,0.0235229711735262,-0.000477568166532405,"Trent Sieg","OAK","LS",2019
"1695","00-0033917",1299,-0.00525394816519919,0.0207799354683433,-0.000477631651381744,"Tarell Basham","NYJ","LB",2019
"1696","00-0027955",162,-0.00535561007679915,0.0224487723999652,-0.000486873643345377,"Nate Solder","NYG","OL",2019
"1697","00-0030046",357,-0.00537402769839076,0.0218565310324403,-0.000488547972580978,"Jordan Mills","ARI","OL",2019
"1698","00-0033901",1284,-0.00541048857052598,0.0214915814106701,-0.000491862597320544,"Ethan Pocic","SEA","OL",2019
"1699","00-0029164",246,-0.00544471803649697,0.0203963212417827,-0.00049497436695427,"Mike Remmers","NYG","OL",2019
"1700","00-0029010",235,-0.00545886302956251,0.0217320884670106,-0.000496260275414774,"Ronald Leary","DEN","OL",2019
"1701","00-0027762",127,-0.00548430455780888,0.0220791113103266,-0.000498573141618989,"Reshad Jones","MIA","DB",2019
"1702","00-0034371",1461,-0.00548458937587558,0.0213512008857807,-0.000498599034170507,"Da'Shawn Hand","DET","DL",2019
"1703","00-0032268",820,-0.00549536941493285,0.021389491230558,-0.000499579037721168,"Marcus Mariota","TEN","QB",2019
"1704","00-0029561",282,-0.00552671427806928,0.0220622464523048,-0.000502428570733571,"Cordy Glenn","CIN","OL",2019
"1705","00-0026968",86,-0.0055358106553201,0.0225096842761058,-0.000503255514120009,"Ryan Succop","TEN","K",2019
"1706","00-0035681",2003,-0.00553750464130238,0.0202698693320815,-0.000503409512845671,"Mike Edwards","TB","DB",2019
"1707","00-0032768",939,-0.00553752832083325,0.0203911473006342,-0.000503411665530296,"Cody Whitehair","CHI","OL",2019
"1708","00-0034729",1596,-0.00556611913910999,0.0218824336830245,-0.000506010830828181,"Jamarco Jones","SEA","OL",2019
"1709","00-0031547",649,-0.00558446254091392,0.020937268553427,-0.000507678412810356,"DeVante Parker","MIA","WR",2019
"1710","00-0034960",1707,-0.00559080731445163,0.0211514150080359,-0.000508255210404694,"Jakobi Meyers","NE","WR",2019
"1711","00-0031167",539,-0.00559838666607238,0.0212918258234857,-0.000508944242370216,"Scott Simonson","NYG","TE",2019
"1712","00-0031261",568,-0.00560661478065186,0.0204569788018311,-0.000509692252786533,"Tre Boston","CAR","DB",2019
"1713","00-0032573",899,-0.00561365032756065,0.0207847664189025,-0.000510331847960059,"Patrick Onwuasor","BAL","LB",2019
"1714","00-0032782",950,-0.00564491985424188,0.021532526416606,-0.000513174532203807,"Wendell Smallwood","WAS","RB",2019
"1715","00-0031381",612,-0.00565288017001361,0.0215711248640401,-0.000513898197273965,"Davante Adams","GB","WR",2019
"1716","00-0034631",1565,-0.00565692408086549,0.0206266575676785,-0.000514265825533227,"Vyncint Smith","NYJ","WR",2019
"1717","00-0031095",525,-0.00565985022953342,0.0218625008588912,-0.000514531839048493,"Charles Leno Jr.","CHI","OL",2019
"1718","00-0030273",395,-0.00566450754668919,0.0228342696259874,-0.000514955231517199,"Lane Taylor","GB","OL",2019
"1719","00-0027914",150,-0.00572682740735139,0.0203303484112139,-0.000520620673395581,"Andrew Sendejo","MIN","DB",2019
"1720","00-0034974",1714,-0.00574513330281464,0.0218491238025192,-0.000522284845710422,"Julian Love","NYG","DB",2019
"1721","00-0033549",1171,-0.00574578927367662,0.0229170541292789,-0.000522344479425148,"Duke Riley","PHI","LB",2019
"1722","00-0033879",1266,-0.00575453645800708,0.0214365444007972,-0.000523139678000643,"O.J. Howard","TB","TE",2019
"1723","00-0034368",1459,-0.00579113400544061,0.0204864725533771,-0.000526466727767328,"Josey Jewell","DEN","LB",2019
"1724","00-0030083",373,-0.00582426097706324,0.0217229891578557,-0.000529478270642113,"Oday Aboushi","DET","OL",2019
"1725","00-0033914",1297,-0.00583282059951407,0.0225306298623766,-0.000530256418137643,"Alex Anzalone","NO","LB",2019
"1726","00-0032661",916,-0.00584735740079521,0.0217318520825412,-0.000531577945526837,"Ben Braunecker","CHI","TE",2019
"1727","00-0033258",1079,-0.00585960080301603,0.0222341225105057,-0.000532690982092366,"Darrell Daniels","ARI","TE",2019
"1728","00-0029643",306,-0.00586039799298894,0.0212697127179655,-0.000532763453908085,"Whitney Mercilus","HOU","LB",2019
"1729","00-0033927",1305,-0.00587329529944974,0.0216626661018528,-0.000533935936313613,"John Johnson","LA","DB",2019
"1730","00-0035217",1787,-0.00589419121299111,0.0217193120864266,-0.000535835564817373,"Benny Snell","PIT","RB",2019
"1731","00-0035239",1802,-0.00591630345344721,0.0206077368931225,-0.000537845768495201,"Sean Murphy-Bunting","TB","DB",2019
"1732","00-0034468",1523,-0.00592894112841333,0.0206675447641293,-0.000538994648037576,"Chandon Sullivan","GB","DB",2019
"1733","00-0031622",688,-0.00593577366095448,0.0206999781228312,-0.000539615787359499,"Bobby Hart","CIN","OL",2019
"1734","00-0029316",264,-0.00597730856511686,0.0219495905334839,-0.000543391687737897,"Kelvin Beachum","NYJ","OL",2019
"1735","00-0034346",1437,-0.0059835918385408,0.0209880392884369,-0.0005439628944128,"Will Hernandez","NYG","OL",2019
"1736","00-0027988",178,-0.00600028008802487,0.0226547987609328,-0.000545480008002261,"Marcus Gilchrist","JAX","DB",2019
"1737","00-0033897",1283,-0.00600436276494185,0.0204781965395284,-0.000545851160449259,"Joe Mixon","CIN","RB",2019
"1738","00-0031173",542,-0.00603079695426448,0.0225943241683956,-0.000548254268569498,"Jaylen Watkins","LAC","DB",2019
"1739","00-0034999",1736,-0.00605193069195798,0.020538175753831,-0.000550175517450726,"Ty Summers","GB","LB",2019
"1740","00-0033941",1315,-0.00606142369774815,0.0210142446935272,-0.000551038517977104,"Rayshawn Jenkins","LAC","DB",2019
"1741","00-0034745",1602,-0.00608028237955366,0.0224286330504259,-0.000552752943595787,"Tracy Walker","DET","DB",2019
"1742","00-0035647",1977,-0.00608136515264919,0.0203154800352645,-0.000552851377513563,"Montez Sweat","WAS","LB",2019
"1743","00-0032009",739,-0.00608268619697507,0.0215923866742608,-0.000552971472452279,"Adam Humphries","TEN","WR",2019
"1744","00-0035318",1866,-0.00608344892285843,0.0210600360895256,-0.000553040811168948,"Ken Webster","MIA","DB",2019
"1745","00-0034421",1502,-0.00608432797096599,0.0210491556959622,-0.000553120724633272,"Peter Kalambayi","HOU","LB",2019
"1746","00-0034114",1356,-0.00609103090845481,0.0224349537074895,-0.000553730082586801,"Coleman Shelton","LA","OL",2019
"1747","00-0034426",1505,-0.00609501961579844,0.02097486291783,-0.000554092692345313,"Javon Wims","CHI","WR",2019
"1748","00-0032955",995,-0.00612136625121337,0.0206773296111816,-0.000556487841019397,"Kyler Fackrell","GB","LB",2019
"1749","00-0034319",1422,-0.00612406680901368,0.0218933128419605,-0.000556733346273971,"Deon Yelder","KC","TE",2019
"1750","00-0032442",872,-0.00612699460318313,0.0215788974205528,-0.000556999509380285,"Elandon Roberts","NE","LB",2019
"1751","00-0035166",1776,-0.00615245903091139,0.02184487086074,-0.000559314457355581,"Azeez Al-Shaair","SF","LB",2019
"1752","00-0035280",1839,-0.00615802957176075,0.0219877456989034,-0.000559820870160068,"Jake Bailey","NE","P",2019
"1753","00-0035259",1819,-0.00615845277151617,0.0208053481984168,-0.000559859342865106,"Trevon Wesco","NYJ","TE",2019
"1754","00-0034590",1555,-0.00617555951524679,0.0226766945843783,-0.000561414501386072,"Frank Herron","DET","DL",2019
"1755","00-0035310",1860,-0.00618928934525584,0.0211051250940506,-0.000562662667750531,"Chandler Cox","MIA","RB",2019
"1756","00-0028924",229,-0.00619337533654657,0.021801894182034,-0.000563034121504234,"Tashaun Gipson","HOU","DB",2019
"1757","00-0034161",1368,-0.00620531219028469,0.0226619791128294,-0.000564119290025881,"Daniel Carlson","OAK","K",2019
"1758","00-0033284",1087,-0.00621950777186746,0.0205371024511057,-0.000565409797442497,"Taylor Moton","CAR","OL",2019
"1759","00-0035346",1876,-0.0062285893906591,0.0202308033973,-0.000566235399150827,"Nik Needham","MIA","DB",2019
"1760","00-0035040",1744,-0.00623152782090837,0.0207076977059541,-0.000566502529173489,"David Blough","DET","QB",2019
"1761","00-0034449",1518,-0.00623932364118476,0.0212372973194103,-0.000567211240107705,"Buddy Howell","HOU","RB",2019
"1762","00-0031567",664,-0.00625731440219024,0.0208295813077665,-0.000568846763835476,"Daryl Williams","CAR","OL",2019
"1763","00-0033083",1038,-0.00625864599066473,0.021197672298095,-0.000568967817333157,"Darian Thompson","DAL","DB",2019
"1764","00-0033954",1325,-0.00627156924765621,0.0216030929120941,-0.000570142658877837,"Jayon Brown","TEN","LB",2019
"1765","00-0027881",146,-0.00629125952889482,0.0210488734534246,-0.000571932684444984,"Jerry Hughes","BUF","DL",2019
"1766","00-0035094",1749,-0.00629648349458152,0.0234044702613322,-0.000572407590416502,"Bryan Mone","SEA","DL",2019
"1767","00-0026035",63,-0.00630155813770782,0.0208814571255644,-0.000572868921609802,"Danny Amendola","DET","WR",2019
"1768","00-0034361",1452,-0.00631287617038577,0.0210933561652938,-0.000573897833671434,"Justin Reid","HOU","DB",2019
"1769","00-0035617",1956,-0.00631532568437721,0.0212958492116928,-0.000574120516761564,"Troy Reeder","LA","LB",2019
"1770","00-0025418",48,-0.00632075478115793,0.0220153716902623,-0.000574614071014357,"Greg Olsen","CAR","TE",2019
"1771","00-0032892",978,-0.00634187566671265,0.0209546699068856,-0.000576534151519332,"Nick Vigil","CIN","LB",2019
"1772","00-0032777",945,-0.00637416550400216,0.0212086331715079,-0.000579469591272923,"Evan Boehm","MIA","OL",2019
"1773","00-0035232",1795,-0.00638157476383937,0.0209443349715571,-0.000580143160349034,"Dwayne Haskins","WAS","QB",2019
"1774","00-0032395",845,-0.00639265588740679,0.0210444928976563,-0.000581150535218799,"Graham Glasgow","DET","OL",2019
"1775","00-0034347",1438,-0.00640900531340646,0.020975751641031,-0.000582636846673315,"James Daniels","CHI","OL",2019
"1776","00-0028097",195,-0.00641182644627344,0.021243408932503,-0.000582893313297586,"Lee Smith","BUF","TE",2019
"1777","00-0030527",443,-0.00642299530765384,0.0204343654554647,-0.000583908664332167,"Alec Ogletree","NYG","LB",2019
"1778","00-0032783",951,-0.0064388008800359,0.0203106046544447,-0.000585345534548718,"LeShaun Sims","TEN","DB",2019
"1779","00-0033742",1225,-0.00644500638125539,0.0226949269911355,-0.000585909671023218,"Tyrone Swoopes","SEA","TE",2019
"1780","00-0034270",1402,-0.00646649557463731,0.0214357801490776,-0.000587863234057937,"Tyler Conklin","MIN","TE",2019
"1781","00-0033890",1276,-0.00648491246841391,0.0207626899690084,-0.000589537497128537,"Budda Baker","ARI","DB",2019
"1782","00-0034973",1713,-0.00648834849265598,0.0213117117192142,-0.000589849862968725,"Maxx Crosby","OAK","DL",2019
"1783","00-0030757",480,-0.00649208850862218,0.0222875736378695,-0.000590189864420198,"Mike Pennel","KC","DL",2019
"1784","00-0035656",1984,-0.00650716472566643,0.0222498713176278,-0.00059156042960604,"Khalen Saunders","KC","DL",2019
"1785","00-0035695",2014,-0.00650717759895862,0.021213614043878,-0.000591561599905329,"Trayvon Mullen","OAK","DB",2019
"1786","00-0032131",767,-0.00652346176325856,0.020941325132913,-0.000593041978478051,"Rodney Gunter","ARI","DL",2019
"1787","00-0029529",277,-0.00654802802131955,0.0222055167985034,-0.000595275274665414,"Coty Sensabaugh","WAS","DB",2019
"1788","00-0031404",622,-0.0065682139393014,0.021502419451227,-0.000597110358118309,"Adrian Phillips","LAC","DB",2019
"1789","00-0032972",1004,-0.00656842668843864,0.0216918706906088,-0.000597129698948967,"Devontae Booker","DEN","RB",2019
"1790","00-0033107",1047,-0.00657040632982993,0.0208354768808555,-0.000597309666348176,"William Jackson","CIN","DB",2019
"1791","00-0032128",765,-0.0066021109223693,0.0211701599896222,-0.000600191902033573,"Chris Conley","JAX","WR",2019
"1792","00-0035414",1897,-0.00660861638020473,0.0224651809158381,-0.000600783307291339,"Jalen Guyton","LAC","WR",2019
"1793","00-0034344",1435,-0.00663444539289001,0.0214088390953581,-0.000603131399353637,"Marcus Davenport","NO","DL",2019
"1794","00-0034510",1534,-0.0066459134724602,0.0217571539536765,-0.000604173952041836,"Robert Foster","BUF","WR",2019
"1795","00-0034772",1623,-0.00666882165367039,0.0217680799489713,-0.000606256513970036,"Antonio Callaway","CLE","WR",2019
"1796","00-0029592",293,-0.00667656722371109,0.021085272485163,-0.000606960656701008,"Kevin Zeitler","NYG","OL",2019
"1797","00-0031587",676,-0.00671302146976768,0.0208255256106497,-0.000610274679069789,"Bobby McCain","MIA","DB",2019
"1798","00-0026561",77,-0.00671636432952549,0.0210461781759316,-0.000610578575411408,"Ramon Foster","PIT","OL",2019
"1799","00-0016919",2,-0.00672261882483695,0.0218170279742611,-0.000611147165894269,"Adam Vinatieri","IND","K",2019
"1800","00-0034420",1501,-0.00676266666668039,0.0230891423353223,-0.000614787878789127,"Jordan Thomas","HOU","TE",2019
"1801","00-0028103",197,-0.00676405553745453,0.0214226611684856,-0.000614914139768594,"Pernell McPhee","BAL","LB",2019
"1802","00-0034736",1599,-0.0067660759127563,0.0216279057937996,-0.000615097810250572,"Steven Parker","MIA","DB",2019
"1803","00-0034111",1354,-0.0067690611471551,0.021182368568546,-0.000615369195195918,"Trey Marshall","DEN","DB",2019
"1804","00-0029528",276,-0.00677984577735724,0.0218560106248629,-0.000616349616123385,"Bobby Massie","CHI","OL",2019
"1805","00-0034432",1509,-0.00679098866190712,0.0220615855037115,-0.00061736260562792,"Bo Scarbrough","DET","RB",2019
"1806","00-0032438",871,-0.00682421875482716,0.0210434176434301,-0.000620383523166105,"Maurice Canady","NYJ","DB",2019
"1807","00-0034354",1445,-0.00687005947259839,0.0226888812528406,-0.000624550861145308,"Kemoko Turay","IND","DL",2019
"1808","00-0031941",725,-0.00688024518195104,0.021104070785183,-0.000625476834722821,"Jamison Crowder","NYJ","WR",2019
"1809","00-0030380",403,-0.00689741491545061,0.0218383777838472,-0.000627037719586419,"Benson Mayowa","OAK","DL",2019
"1810","00-0027662",112,-0.00691182776837447,0.0208114253602058,-0.000628347978943134,"Carlos Dunlap","CIN","DL",2019
"1811","00-0032897",980,-0.00691386500804401,0.0207941279687808,-0.000628533182549455,"Derek Watt","LAC","RB",2019
"1812","00-0032970",1002,-0.00691636854087597,0.0209900902600206,-0.00062876077644327,"Jordan Jenkins","NYJ","LB",2019
"1813","00-0030094",378,-0.00691726445622648,0.0217243625758215,-0.000628842223293316,"Eric Kush","CLE","OL",2019
"1814","00-0033269",1082,-0.00693672668758544,0.0220796083565391,-0.000630611517053222,"Rigoberto Sanchez","IND","P",2019
"1815","00-0032967",999,-0.00698289019657056,0.0223145032986164,-0.000634808199688232,"Vernon Butler","CAR","DL",2019
"1816","00-0026625",80,-0.00701495729714789,0.0216885468025306,-0.000637723390649809,"Brian Hoyer","IND","QB",2019
"1817","00-0030300",400,-0.00704633937607042,0.0219002345515401,-0.000640576306915493,"Jaron Brown","SEA","WR",2019
"1818","00-0032422",862,-0.00705139816462832,0.0205144712031565,-0.000641036196784393,"Kentrell Brothers","MIN","LB",2019
"1819","00-0034380",1469,-0.00705228666096735,0.0214476816565876,-0.00064111696917885,"Will Richardson","JAX","OL",2019
"1820","00-0034394",1483,-0.00707807654434543,0.0220596699060545,-0.000643461504031403,"Andrew Brown","CIN","DL",2019
"1821","00-0029572",288,-0.00708503491030599,0.0223341091827368,-0.00064409408275509,"Jarius Wright","CAR","WR",2019
"1822","00-0031241",559,-0.00711302473235034,0.0210877773877916,-0.000646638612031849,"Devon Kennard","DET","LB",2019
"1823","00-0034818",1658,-0.00712740892112272,0.0205512910525411,-0.000647946265556611,"Derrick Nnadi","KC","DL",2019
"1824","00-0035238",1801,-0.00713152868452182,0.0222292626876273,-0.000648320789501984,"Cody Ford","BUF","OL",2019
"1825","00-0035667",1992,-0.00713408272272494,0.0225675856307751,-0.000648552974793176,"Greg Gaines","LA","DL",2019
"1826","00-0033702",1217,-0.00715124879684907,0.0224687817988001,-0.000650113526986279,"Younghoe Koo","ATL","K",2019
"1827","00-0034208",1386,-0.00716797607789541,0.0212095854868449,-0.000651634188899583,"Mike Boone","MIN","RB",2019
"1828","00-0034333",1427,-0.00718014657950994,0.0212410422052782,-0.000652740598137267,"Daron Payne","WAS","DL",2019
"1829","00-0035231",1794,-0.00718042993951041,0.0214427952756753,-0.00065276635813731,"Christian Wilkins","MIA","DL",2019
"1830","00-0033118",1053,-0.00719144216135163,0.020441708433898,-0.000653767469213784,"Kenyan Drake","ARI","RB",2019
"1831","00-0034348",1439,-0.00724200987377357,0.0206265360707736,-0.000658364533979415,"Courtland Sutton","DEN","WR",2019
"1832","00-0032198",788,-0.00724658290754604,0.0218483805491139,-0.000658780264322367,"Ibraheim Campbell","GB","DB",2019
"1833","00-0031628",689,-0.00725910230614353,0.0210674151830671,-0.000659918391467593,"Darryl Roberts","NYJ","DB",2019
"1834","00-0033217",1072,-0.00729047683852096,0.0204429542535702,-0.000662770621683723,"Mo Alie-Cox","IND","TE",2019
"1835","00-0034163",1370,-0.00730328559664471,0.0214762581787797,-0.000663935054240428,"Jake Martin","HOU","LB",2019
"1836","00-0035263",1823,-0.007329576105805,0.0217624483370906,-0.000666325100527727,"Wes Martin","WAS","OL",2019
"1837","00-0034365",1456,-0.00733962491471561,0.0213685204061259,-0.00066723862861051,"Ian Thomas","CAR","TE",2019
"1838","00-0035249",1812,-0.00735028106613191,0.0225977480119616,-0.000668207369648355,"Josh Oliver","JAX","TE",2019
"1839","00-0032958",997,-0.0073763999140445,0.0211231480413276,-0.000670581810367682,"Will Parks","DEN","DB",2019
"1840","00-0032753",930,-0.00740429697534626,0.0225535056091767,-0.00067311790684966,"Luke Rhodes","IND","LS",2019
"1841","00-0035710",2027,-0.0074417106883262,0.0220132743645614,-0.0006765191534842,"Daniel Jones","NYG","QB",2019
"1842","00-0033889",1275,-0.00745381282830774,0.0219461367828677,-0.000677619348027976,"Cam Robinson","JAX","OL",2019
"1843","00-0033676",1210,-0.0074718711827721,0.0217723391883488,-0.000679261016615645,"Elijah Wilkinson","DEN","OL",2019
"1844","00-0031923",719,-0.00749180438601731,0.0222410806523229,-0.000681073126001574,"Greg Mancz","HOU","OL",2019
"1845","00-0032986",1008,-0.00752226983632287,0.0217957698790058,-0.000683842712392988,"J.P. Holtz","CHI","TE",2019
"1846","00-0034390",1479,-0.00752625852460039,0.0220803281749651,-0.000684205320418217,"Tyrell Crosby","DET","OL",2019
"1847","00-0035636",1967,-0.00753660230556873,0.0225831640700496,-0.000685145664142612,"L.J. Collier","SEA","DL",2019
"1848","00-0033594",1198,-0.0075593088163495,0.021828665035868,-0.000687209892395409,"Chris Carson","SEA","RB",2019
"1849","00-0034984",1724,-0.00757812037242927,0.0217176018336078,-0.000688920033857206,"Kingsley Keke","GB","DL",2019
"1850","00-0029946",346,-0.00760294351198141,0.0213449781582365,-0.000691176682907401,"Abry Jones","JAX","DL",2019
"1851","00-0028087",193,-0.00760839657397954,0.0216006855262435,-0.000691672415816321,"Dion Lewis","TEN","RB",2019
"1852","00-0032781",949,-0.00761722365893594,0.0211724864265952,-0.000692474878085086,"Matthew Ioannidis","WAS","DL",2019
"1853","00-0035390",1888,-0.00763153394962253,0.0227199703463954,-0.000693775813602048,"Anthony Rush","PHI","DL",2019
"1854","00-0032127",764,-0.00764142391692788,0.0210046683340284,-0.000694674901538898,"Markus Golden","NYG","LB",2019
"1855","00-0032129",766,-0.00772359098100966,0.0208826337035099,-0.000702144634637241,"Jordan Hicks","ARI","LB",2019
"1856","00-0029560",281,-0.00773621606964643,0.0212496129436413,-0.000703292369967857,"Dre Kirkpatrick","CIN","DB",2019
"1857","00-0034339",1432,-0.00776085940048449,0.0212694209680094,-0.000705532672771318,"Trey Quinn","WAS","WR",2019
"1858","00-0033147",1066,-0.00781791162699063,0.0206059430646078,-0.00071071923881733,"Darron Lee","KC","LB",2019
"1859","00-0030572",457,-0.00781828232295973,0.0217519476626405,-0.000710752938450884,"D.J. Hayden","JAX","DB",2019
"1860","00-0035680",2002,-0.00782774948713373,0.0213528137034886,-0.00071161358973943,"Quincy Williams","JAX","LB",2019
"1861","00-0034516",1537,-0.00785019109720982,0.0215405380491155,-0.000713653736109983,"Tre Herndon","JAX","DB",2019
"1862","00-0034686",1588,-0.00785685157891568,0.0210241328792319,-0.00071425923444688,"Auden Tate","CIN","WR",2019
"1863","00-0030993",496,-0.00800946656615278,0.0238142634331358,-0.000728133324195708,"Aaron Lynch","CHI","LB",2019
"1864","00-0033838",1245,-0.00803748840169442,0.0228037664062867,-0.000730680763790402,"Trey Edmunds","PIT","RB",2019
"1865","00-0030504",434,-0.00804870405127902,0.0208703818942023,-0.000731700368298093,"Earl Watford","TB","OL",2019
"1866","00-0029585",290,-0.00805915596010649,0.0203954033545235,-0.000732650541827863,"Chandler Jones","ARI","LB",2019
"1867","00-0035279",1838,-0.00806409237614511,0.0202388927667589,-0.000733099306922282,"Charles Omenihu","HOU","DL",2019
"1868","00-0032149",778,-0.00807956299976297,0.0227309054934023,-0.000734505727251179,"John Miller","CIN","OL",2019
"1869","00-0035297",1852,-0.00808913855530192,0.0209545457324677,-0.000735376232300174,"Kelvin Harmon","WAS","WR",2019
"1870","00-0033285",1088,-0.00815237140966011,0.0222662301667705,-0.000741124673605464,"Daeshon Hall","PHI","DL",2019
"1871","00-0030059",359,-0.00816114419644239,0.0216127980204404,-0.000741922199676581,"Ezekiel Ansah","SEA","DL",2019
"1872","00-0032164",784,-0.00822429041290549,0.0210082200317485,-0.00074766276480959,"Arik Armstead","SF","DL",2019
"1873","00-0032888",974,-0.0082287016804987,0.0218712430651575,-0.000748063789136245,"Karl Joseph","OAK","DB",2019
"1874","00-0028024",184,-0.00823767767406526,0.0209631365784996,-0.000748879788551387,"Allen Bailey","ATL","DL",2019
"1875","00-0023368",23,-0.00824880472348235,0.0225958180523939,-0.000749891338498395,"Cameron Wake","TEN","LB",2019
"1876","00-0031016",499,-0.00826694364453338,0.0220241799269674,-0.000751540331321216,"Ross Cockrell","CAR","DB",2019
"1877","00-0028064",189,-0.00827571196515648,0.0216022102814332,-0.000752337451377861,"Bilal Powell","NYJ","RB",2019
"1878","00-0030403",409,-0.00832343232500277,0.0224746458093389,-0.000756675665909343,"B.W. Webb","CIN","DB",2019
"1879","00-0034770",1621,-0.00834754574452827,0.0213507558623232,-0.000758867794957115,"Chad Thomas","CLE","DL",2019
"1880","00-0027720",124,-0.00841214632565874,0.0216051074394462,-0.000764740575059886,"Geno Atkins","CIN","DL",2019
"1881","00-0035399",1889,-0.00841293403982379,0.0212281270329644,-0.000764812185438526,"Stanley Morgan","CIN","WR",2019
"1882","00-0029587",292,-0.00846495305086204,0.0223654258618729,-0.000769541186442003,"Rhett Ellison","NYG","TE",2019
"1883","00-0032633",911,-0.00850745306657125,0.0218637059722267,-0.00077340482423375,"Reggie Gilbert","TEN","LB",2019
"1884","00-0034593",1557,-0.00853116428576086,0.0218775319023,-0.000775560389614624,"Chris Lacy","DET","WR",2019
"1885","00-0030883",491,-0.00855435270818615,0.022244114381084,-0.000777668428016923,"Josh Mauro","OAK","DL",2019
"1886","00-0029259",254,-0.00856704943379646,0.0209950573596996,-0.000778822675799678,"Kelechi Osemele","NYJ","OL",2019
"1887","00-0034788",1634,-0.0085897194835814,0.0201324195756565,-0.000780883589416491,"Jaeden Graham","ATL","TE",2019
"1888","00-0035705",2023,-0.00860350148434703,0.0209517039638638,-0.000782136498577003,"Jalen Thompson","ARI","DB",2019
"1889","00-0035686",2007,-0.00865939634190206,0.0221684126151592,-0.000787217849263824,"Michael Deiter","MIA","OL",2019
"1890","00-0023500",27,-0.00868599346693225,0.0211890783088817,-0.000789635769721114,"Frank Gore","BUF","RB",2019
"1891","00-0033681",1211,-0.00869582872946736,0.0230021780368143,-0.000790529884497033,"Keelan Cole","JAX","WR",2019
"1892","00-0028074",190,-0.00872256098718824,0.0213848902492012,-0.000792960089744385,"Anthony Sherman","KC","RB",2019
"1893","00-0035698",2017,-0.0087578958199271,0.0217460521217981,-0.0007961723472661,"Chuma Edoga","NYJ","OL",2019
"1894","00-0034381",1470,-0.00878408976070953,0.0217501388015028,-0.000798553614609957,"Josh Sweat","PHI","DL",2019
"1895","00-0034969",1710,-0.00878666336454196,0.0217453821914748,-0.000798787578594724,"Ben Banogu","IND","DL",2019
"1896","00-0032891",977,-0.00878804929367288,0.0215095819675082,-0.00079891357215208,"Daryl Worley","OAK","DB",2019
"1897","00-0032394",844,-0.0088004825117205,0.0225503590861302,-0.000800043864701864,"Nick Vannett","PIT","TE",2019
"1898","00-0034981",1721,-0.00880999704038691,0.0201607276269075,-0.000800908821853356,"Foster Moreau","OAK","TE",2019
"1899","00-0031553",654,-0.00881274623803977,0.0219326646292185,-0.000801158748912706,"Benardrick McKinney","HOU","LB",2019
"1900","00-0032407",852,-0.00887253186976297,0.021489673303246,-0.000806593806342088,"Alex Lewis","NYJ","OL",2019
"1901","00-0031575",667,-0.008982123555752,0.0207674656094034,-0.000816556686886545,"Jamil Douglas","TEN","OL",2019
"1902","00-0034396",1484,-0.00901857749001362,0.0217699948565833,-0.000819870680910329,"Jermaine Carter","CAR","LB",2019
"1903","00-0034370",1460,-0.00902859850890949,0.0221416002740535,-0.000820781682628135,"DaeSean Hamilton","DEN","WR",2019
"1904","00-0035350",1877,-0.00902993128366571,0.0205846744836024,-0.00082090284396961,"Preston Williams","MIA","WR",2019
"1905","00-0034071",1343,-0.00904287760734643,0.021817926045447,-0.000822079782486039,"Danny Johnson","WAS","DB",2019
"1906","00-0033555",1175,-0.00904455481132039,0.0206786263253448,-0.000822232255574581,"Mack Hollins","MIA","WR",2019
"1907","00-0033885",1272,-0.00914947050612401,0.0213732075544621,-0.000831770046011274,"David Njoku","CLE","TE",2019
"1908","00-0034262",1396,-0.00915959519024231,0.0217017682865333,-0.00083269047184021,"P.J. Hall","OAK","DL",2019
"1909","00-0033631",1204,-0.00922126371868471,0.0225674857117599,-0.00083829670169861,"Rashaad Coward","CHI","OL",2019
"1910","00-0032320",823,-0.00927634329715759,0.0212811867554657,-0.000843303936105235,"Erik Harris","OAK","DB",2019
"1911","00-0033912",1295,-0.00930587178039827,0.0227825663352645,-0.00084598834367257,"Jordan Willis","NYJ","DL",2019
"1912","00-0034675",1579,-0.00933633972266248,0.0204034037695297,-0.00084875815660568,"Jessie Bates","CIN","DB",2019
"1913","00-0035251",1814,-0.00933759865927874,0.0222602810190359,-0.000848872605388976,"Will Grier","CAR","QB",2019
"1914","00-0032251",812,-0.00934036562594568,0.0205814044643525,-0.000849124147813243,"Damarious Randall","CLE","DB",2019
"1915","00-0027870",142,-0.00934771395775455,0.0221223521146506,-0.000849792177977686,"Maurkice Pouncey","PIT","OL",2019
"1916","00-0028042",187,-0.0094222473277387,0.02056928770844,-0.000856567938885337,"Luke Stocker","ATL","TE",2019
"1917","00-0034970",1711,-0.00945419305826924,0.0208870512003966,-0.000859472096206295,"Irv Smith","MIN","TE",2019
"1918","00-0034762",1614,-0.00946782863271848,0.0214143490863185,-0.000860711693883498,"Billy Price","CIN","OL",2019
"1919","00-0032945",990,-0.0094691290884244,0.0217375088449413,-0.000860829917129491,"Duke Williams","BUF","WR",2019
"1920","00-0028237",209,-0.00947431531729545,0.021440742430071,-0.000861301392481405,"Chris Hogan","CAR","WR",2019
"1921","00-0033875",1262,-0.00950527295472569,0.0211665756509552,-0.000864115723156881,"Haason Reddick","ARI","LB",2019
"1922","00-0029901",344,-0.00951636785431041,0.0209588636449117,-0.000865124350391855,"Rashaan Melvin","DET","DB",2019
"1923","00-0029285",262,-0.00954426190748533,0.0225577474636835,-0.000867660173407757,"Josh Norman","WAS","DB",2019
"1924","00-0031299",582,-0.00956191874493778,0.022360587103581,-0.000869265340448889,"Jordan Matthews","SF","WR",2019
"1925","00-0027686",119,-0.00960520946767667,0.0204739273529903,-0.000873200860697879,"Corey Peters","ARI","DL",2019
"1926","00-0033895",1281,-0.00963737668108828,0.0213273885743095,-0.000876125152826207,"Gerald Everett","LA","TE",2019
"1927","00-0032059",748,-0.00967165889251328,0.0213755295370326,-0.000879241717501207,"P.J. Williams","NO","DB",2019
"1928","00-0030064",364,-0.00969656864930196,0.0210490816911929,-0.000881506240845633,"Jon Bostic","WAS","LB",2019
"1929","00-0033734",1223,-0.00972146437720864,0.0210588997221019,-0.000883769488837149,"Jomal Wiltz","MIA","DB",2019
"1930","00-0033525",1151,-0.00974272659360248,0.0203611701506,-0.000885702417600225,"Ryan Anderson","WAS","LB",2019
"1931","00-0034771",1622,-0.00974992442126694,0.0224792649400313,-0.000886356765569722,"Mason Rudolph","PIT","QB",2019
"1932","00-0032728",926,-0.00977867092121467,0.0224206574725906,-0.000888970083746788,"Tevin Jones","DAL","WR",2019
"1933","00-0032262",818,-0.00978612800434995,0.0211295771449471,-0.00088964800039545,"Landon Collins","WAS","DB",2019
"1934","00-0035334",1870,-0.00982392099378603,0.0213157681624405,-0.000893083726707821,"Kevin Strong","DET","DL",2019
"1935","00-0035236",1799,-0.00984260069350264,0.0218907541013817,-0.000894781881227513,"Byron Murphy","ARI","DB",2019
"1936","00-0029419",272,-0.00984547050621906,0.0222488680049444,-0.000895042773292642,"Dennis Kelly","TEN","OL",2019
"1937","00-0032574",900,-0.00987694930003242,0.021795849149211,-0.000897904481821129,"Michael Pierce","BAL","DL",2019
"1938","00-0024421",43,-0.0100131398395775,0.0214916859478139,-0.000910285439961594,"Antoine Bethea","NYG","DB",2019
"1939","00-0034377",1467,-0.0100178287438952,0.0198992563125943,-0.000910711703990472,"Avonte Maddox","PHI","DB",2019
"1940","00-0029678",316,-0.0101519407285923,0.0212802834439928,-0.000922903702599297,"David DeCastro","PIT","OL",2019
"1941","00-0033568",1183,-0.0101887850205371,0.0212297160701622,-0.000926253183685187,"Nate Hairston","NYJ","DB",2019
"1942","00-0033994",1336,-0.0102348444844541,0.0219737242462962,-0.000930440407677648,"Fred Brown","DEN","WR",2019
"1943","00-0035652",1981,-0.0102494759398225,0.0220306965275416,-0.000931770539983868,"Ryan Finley","CIN","QB",2019
"1944","00-0033528",1154,-0.0103175650586265,0.0201300742043378,-0.000937960459875133,"Jeremy Sprinkle","WAS","TE",2019
"1945","00-0034433",1510,-0.0103366791710088,0.0212913862094402,-0.000939698106455342,"Nick Bawden","DET","RB",2019
"1946","00-0028664",220,-0.0103712182322746,0.0221941010176129,-0.000942838021115877,"Chris Jones","DAL","P",2019
"1947","00-0030968",495,-0.0104149729000976,0.0212058481636007,-0.000946815718190694,"Keith Smith","ATL","RB",2019
"1948","00-0033567",1182,-0.0104297214021508,0.0216088389522803,-0.000948156491104615,"Brian Hill","ATL","RB",2019
"1949","00-0033050",1021,-0.0104759289587574,0.022041302995327,-0.000952357178068858,"Xavien Howard","MIA","DB",2019
"1950","00-0034902",1694,-0.0104770617415628,0.0213953722863111,-0.000952460158323893,"Sam Eguavoen","MIA","LB",2019
"1951","00-0034073",1344,-0.0104846703383795,0.0207532464461334,-0.000953151848943592,"Ross Dwelley","SF","TE",2019
"1952","00-0023298",22,-0.0105025115581226,0.022463723084382,-0.000954773778011141,"L.P. LaDouceur","DAL","LS",2019
"1953","00-0035684",2005,-0.010547211573354,0.0216926757532382,-0.000958837415759459,"Deandre Baker","NYG","DB",2019
"1954","00-0031999",737,-0.010587507889781,0.0216353183347619,-0.000962500717252817,"Justin March-Lillard","DAL","LB",2019
"1955","00-0032602",908,-0.0106007662725719,0.0211346055439858,-0.000963706024779259,"J.D. McKissic","DET","RB",2019
"1956","00-0032259",816,-0.0106222125105485,0.0206656265054101,-0.000965655682777135,"Ereck Flowers","WAS","OL",2019
"1957","00-0031142",535,-0.0106437833107076,0.0217800940864081,-0.000967616664609783,"Matt Feiler","PIT","OL",2019
"1958","00-0035148",1772,-0.0106695241314889,0.0222659232168334,-0.000969956739226261,"Darwin Thompson","KC","RB",2019
"1959","00-0030648",466,-0.0106698906683882,0.0223412505483827,-0.000969990060762564,"Alejandro Villanueva","PIT","OL",2019
"1960","00-0034297",1416,-0.0106753236532383,0.0208149739257358,-0.000970483968476212,"Byron Pringle","KC","WR",2019
"1961","00-0031273",573,-0.0107526551820302,0.0210415099389794,-0.000977514107457293,"Cameron Brate","TB","TE",2019
"1962","00-0031362",604,-0.0107701203225615,0.0208411451035706,-0.000979101847505589,"Trai Turner","CAR","OL",2019
"1963","00-0030566",456,-0.0108921198465078,0.0212047074133921,-0.000990192713318894,"D.J. Swearinger","NO","DB",2019
"1964","00-0033527",1153,-0.0109348706136219,0.0214272232075662,-0.000994079146692903,"Montae Nicholson","WAS","DB",2019
"1965","00-0035655",1983,-0.0109399921884268,0.0202268990358943,-0.000994544744402437,"Will Harris","DET","DB",2019
"1966","00-0030108",381,-0.0109674937616332,0.0207238298737071,-0.000997044887421196,"Ryan Griffin","NYJ","TE",2019
"1967","00-0034754",1609,-0.0109901808318222,0.0227511912164986,-0.000999107348347474,"Oren Burks","GB","LB",2019
"1968","00-0030496",431,-0.0109968676996575,0.0217422972689489,-0.00099971524542341,"Le'Veon Bell","NYJ","RB",2019
"1969","00-0033819",1243,-0.0110360601948182,0.0226195347119802,-0.00100327819952893,"Jamal Carter","ATL","DB",2019
"1970","00-0033530",1156,-0.0110904250359747,0.02216884401999,-0.00100822045781588,"Robert Davis","PHI","WR",2019
"1971","00-0031868",710,-0.0111385460001556,0.0215770449671753,-0.00101259509092323,"Damiere Byrd","ARI","WR",2019
"1972","00-0033009",1010,-0.0111727551692006,0.0199140200970782,-0.00101570501538187,"Tyler Boyd","CIN","WR",2019
"1973","00-0031350",599,-0.0111842878992571,0.0228259150356416,-0.00101675344538701,"Corey Nelson","DEN","LB",2019
"1974","00-0032688",920,-0.0112167787749903,0.021899030694074,-0.00101970716136275,"Robby Anderson","NYJ","WR",2019
"1975","00-0033658",1207,-0.011296002924087,0.0218296250285698,-0.00102690935673518,"Blake Jarwin","DAL","TE",2019
"1976","00-0034373",1463,-0.0113107711883707,0.0212350838042378,-0.00102825192621552,"Dorance Armstrong","DAL","DL",2019
"1977","00-0035638",1969,-0.0113167689889296,0.022029792210876,-0.00102879718081178,"Greedy Williams","CLE","DB",2019
"1978","00-0024389",41,-0.0113227884472625,0.0223807514806053,-0.00102934440429659,"Delanie Walker","TEN","TE",2019
"1979","00-0031259",566,-0.0113898199756549,0.0218714525597437,-0.00103543817960499,"Aaron Colvin","WAS","DB",2019
"1980","00-0028101",196,-0.0114534587756479,0.0206958306855359,-0.0010412235250589,"Daniel Kilgore","MIA","OL",2019
"1981","00-0031389",618,-0.0115806081745853,0.0222073033184294,-0.00105278256132594,"Lamarcus Joyner","OAK","DB",2019
"1982","00-0030484",430,-0.0116453958149409,0.0216393552850217,-0.00105867234681281,"Jamar Taylor","ATL","DB",2019
"1983","00-0033960",1328,-0.0116921202020993,0.0228759243983399,-0.00106292001837266,"Danny Isidora","MIA","OL",2019
"1984","00-0032209",792,-0.0117553688224776,0.0206344124421456,-0.00106866989295251,"T.J. Yeldon","BUF","RB",2019
"1985","00-0030382",404,-0.0117628589628739,0.0210971825846983,-0.00106935081480672,"Kevin Minter","TB","LB",2019
"1986","00-0035644",1974,-0.0117642398505345,0.0217285486140291,-0.00106947635004859,"Noah Fant","DEN","TE",2019
"1987","00-0032791",957,-0.0118742209013804,0.0208311183900808,-0.00107947462739821,"Jakeem Grant","MIA","WR",2019
"1988","00-0033963",1330,-0.0119480875411493,0.0219656771150963,-0.00108618977646812,"Tanzel Smart","LA","DL",2019
"1989","00-0034780",1629,-0.0119519601198532,0.0218327358751088,-0.00108654182907756,"Isaac Yiadom","DEN","DB",2019
"1990","00-0023894",33,-0.0120251028488177,0.0221800444052498,-0.00109319116807434,"Donald Penn","WAS","OL",2019
"1991","00-0033785",1235,-0.0120698611011828,0.0221622239677238,-0.00109726010010753,"Zach Banner","PIT","OL",2019
"1992","00-0028142",204,-0.012111227917302,0.0212108356835798,-0.00110102071975472,"Virgil Green","LAC","TE",2019
"1993","00-0030294",399,-0.0121778490946385,0.0223651829494854,-0.00110707719042168,"Tony Jefferson","BAL","DB",2019
"1994","00-0028908",227,-0.0122299679139772,0.0210867793064532,-0.00111181526490702,"Michael Thomas","NYG","DB",2019
"1995","00-0034832",1666,-0.012266578382376,0.0221268306488376,-0.00111514348930691,"Bradley Chubb","DEN","DL",2019
"1996","00-0034876",1691,-0.0123463533216555,0.0220178841217822,-0.00112239575651414,"Christopher Ezeala","BAL","RB",2019
"1997","00-0031566",663,-0.0125943348983108,0.0211538948005138,-0.00114493953621007,"Trey Flowers","DET","DL",2019
"1998","00-0033948",1321,-0.0126459834238311,0.0214600548165644,-0.00114963485671191,"Jamaal Williams","GB","RB",2019
"1999","00-0033574",1189,-0.0126647285935229,0.0213528613805803,-0.00115133896304753,"Avery Moss","MIA","DL",2019
"2000","00-0033566",1181,-0.0126715919019992,0.0206038871684919,-0.00115196290018175,"Desmond King","LAC","DB",2019
"2001","00-0033544",1167,-0.0127036407158523,0.0221201070468758,-0.00115487642871385,"Quincy Wilson","IND","DB",2019
"2002","00-0030228",393,-0.0127144967493725,0.0221771543880225,-0.00115586334085205,"A.J. Bouye","JAX","DB",2019
"2003","00-0034799",1645,-0.0128818007926048,0.0215081119432778,-0.00117107279932771,"Kalen Ballage","MIA","RB",2019
"2004","00-0034977",1717,-0.0132026506079782,0.0213196100097155,-0.00120024096436165,"Sheldrick Redwine","CLE","DB",2019
"2005","00-0034343",1434,-0.0133443513431294,0.0226530260936573,-0.0012131228493754,"Josh Rosen","MIA","QB",2019
"2006","00-0035244",1807,-0.0133582808408226,0.0212749940597963,-0.00121438916734751,"Lonnie Johnson","HOU","DB",2019
"2007","00-0034674",1578,-0.0133788068305143,0.0215111374741306,-0.00121625516641039,"Leighton Vander Esch","DAL","LB",2019
"2008","00-0033882",1269,-0.013601273915375,0.0203587636014214,-0.00123647944685227,"Gareon Conley","HOU","DB",2019
"2009","00-0033376",1113,-0.013736406947967,0.0217015489811756,-0.001248764267997,"Patrick Ricard","BAL","RB",2019
"2010","00-0030449",421,-0.014105366554434,0.0206091101859389,-0.00128230605040309,"Margus Hunt","IND","DL",2019
"2011","00-0028581",218,-0.0142657717889814,0.0212163424064018,-0.00129688834445286,"Patrick DiMarco","BUF","RB",2019
"2012","00-0025446",50,-0.0144202392212749,0.0218197970416012,-0.00131093083829772,"Ryan Kalil","NYJ","OL",2019
"2013","00-0033124",1059,-0.0147920987964968,0.0217231166956166,-0.00134473625422698,"Will Redmond","GB","DB",2019
"2014","00-0031570",665,-0.014863469359573,0.0214595755223996,-0.00135122448723391,"Justin Hardy","ATL","WR",2019
"2015","00-0030792",484,-0.0153440347455356,0.0208889822485393,-0.00139491224959415,"Justin McCray","CLE","OL",2019
"2016","00-0035685",2006,-0.0153596836498665,0.0213313845054093,-0.00139633487726059,"David Montgomery","CHI","RB",2019
"2017","00-0031330",588,-0.015518744471222,0.0216257511676784,-0.00141079495192928,"Morgan Moses","WAS","OL",2019
"2018","00-0034412",1494,-0.0161145579501206,0.0237846775691845,-0.00146495981364733,"Luke Falk","NYJ","QB",2019
"2019","00-0027375",103,-0.0162546634259201,0.0211093437581313,-0.00147769667508364,"Tramaine Brock","TEN","DB",2019
"2020","00-0031555",656,-0.0162885291065094,0.0209795377687988,-0.00148077537331904,"Eric Rowe","MIA","DB",2019
"2021","00-0033123",1058,-0.0166023267241803,0.0235316388800173,-0.00150930242947094,"Yannick Ngakoue","JAX","DL",2019
"2022","00-0030427",414,-0.0166808234098239,0.0212164817975833,-0.00151643849180217,"Kemal Ishmael","ATL","DB",2019
"2023","00-0032758",931,-0.016774018295981,0.0210021421442318,-0.00152491075418009,"Vernon Hargreaves III","HOU","DB",2019
"2024","00-0032935",986,-0.0168541726418533,0.0217456267040141,-0.00153219751289575,"Johnny Holton","PIT","WR",2019
"2025","00-0033445",1133,-0.0172269434089336,0.0204258355187257,-0.00156608576444851,"Nicholas Morrow","OAK","LB",2019
"2026","00-0034798",1644,-0.0174419469077875,0.0204941407809938,-0.0015856315370716,"Durham Smythe","MIA","TE",2019
"2027","00-0030312",401,-0.0179711522913233,0.0205319442166406,-0.00163374111739303,"Jahleel Addae","HOU","DB",2019
"2028","00-0027609",109,-0.0181792009187861,0.0209604707997527,-0.00165265462898055,"J'Marcus Webb","MIA","OL",2019
"2029","00-0032420",861,-0.0185144951982915,0.021874399763649,-0.00168313592711741,"Brandon Shell","NYJ","OL",2019
"2030","00-0033880",1267,-0.0185312169582986,0.0220205678020899,-0.00168465608711806,"Charles Harris","MIA","DL",2019
"2031","00-0030066",366,-0.0188001289800328,0.0217105687084169,-0.00170910263454843,"Brian Winters","NYJ","OL",2019
"2032","00-0034386",1475,-0.0191090036425398,0.0215648109578814,-0.0017371821493218,"Justin Watson","TB","WR",2019
"2033","00-0034797",1643,-0.0194870546591459,0.0219592029697337,-0.00177155042355872,"Jerome Baker","MIA","LB",2019
"2034","00-0035708",2025,-0.0201752504461048,0.0213007442370995,-0.00183411367691862,"Oshane Ximines","NYG","LB",2019
