"","nfl_id","player_idx","apm","apm_sd","apm_per_play","full_name","team","position","season"
"1","00-0027656",255,0.0253738814009216,0.0196311523732199,0.00230671649099287,"Rob Gronkowski","NE","TE",2017
"2","00-0030669",822,0.0201703384836023,0.0210734929259403,0.00183366713487294,"Albert Wilson","KC","WR",2017
"3","00-0025396",85,0.0198844353226399,0.021307504050868,0.00180767593842181,"Ted Ginn","NO","WR",2017
"4","00-0019596",4,0.0189900153092479,0.0216092915288578,0.00172636502811344,"Tom Brady","NE","QB",2017
"5","00-0030107",682,0.0187129760052579,0.0210885497912064,0.00170117963684163,"Theo Riddick","DET","RB",2017
"6","00-0030279",710,0.0186581890790042,0.0219322634722002,0.0016961990071822,"Keenan Allen","LAC","WR",2017
"7","00-0027986",356,0.0183651017571162,0.0202611677775456,0.00166955470519238,"Stefen Wisniewski","PHI","OL",2017
"8","00-0030448",744,0.018253466671368,0.0219082714229445,0.00165940606103345,"Kawann Short","CAR","DL",2017
"9","00-0029137",484,0.0180261168886953,0.0205169364480829,0.0016387378989723,"Alshon Jeffery","PHI","WR",2017
"10","00-0031236",947,0.0177697625818789,0.0199800148370225,0.00161543296198899,"Brandin Cooks","NE","WR",2017
"11","00-0028339",425,0.0175216176383421,0.020989065498533,0.00159287433075837,"Mario Addison","CAR","DL",2017
"12","00-0032391",1360,0.0175057837217021,0.0207941423678777,0.0015914348837911,"Joe Thuney","NE","OL",2017
"13","00-0027947",330,0.0174172212305949,0.0200955416884603,0.0015833837482359,"Tyron Smith","DAL","OL",2017
"14","00-0027955",336,0.0172721128964195,0.0208597765004376,0.00157019208149268,"Nate Solder","NE","OL",2017
"15","00-0029653",587,0.0170783742920439,0.0213553359522572,0.0015525794810949,"Fletcher Cox","PHI","DL",2017
"16","00-0031062",896,0.0170173247444012,0.02082318271778,0.00154702952221829,"James White","NE","RB",2017
"17","00-0031152",923,0.0169777136153099,0.0215089689232353,0.00154342851048272,"Bryan Witzmann","KC","OL",2017
"18","00-0031914",1185,0.016945888730788,0.0214926928064088,0.00154053533916255,"Olsen Pierre","ARI","DL",2017
"19","00-0032765",1495,0.0167824697223001,0.0203305926033111,0.00152567906566364,"Michael Thomas","NO","WR",2017
"20","00-0033123",1664,0.0166103245902772,0.0199414452578868,0.00151002950820702,"Yannick Ngakoue","JAX","DL",2017
"21","00-0027539",244,0.0165082851199791,0.0210859802620436,0.00150075319272537,"Anthony Levine","BAL","DB",2017
"22","00-0030575",801,0.0164305245862998,0.0203462585441259,0.00149368405329998,"Xavier Rhodes","MIN","DB",2017
"23","00-0031580",1101,0.0164038459875131,0.020752499580411,0.00149125872613756,"Shaq Mason","NE","OL",2017
"24","00-0031576",1098,0.0163634226019411,0.0208943461702296,0.00148758387290374,"Za'Darius Smith","BAL","DL",2017
"25","00-0029269",509,0.0162522246654885,0.0202898930833969,0.00147747496958987,"Travis Benjamin","LAC","WR",2017
"26","00-0030561",794,0.0162294006682606,0.0199658685901332,0.00147540006075097,"Lane Johnson","PHI","OL",2017
"27","00-0029679",596,0.0159838002422279,0.0204851142990882,0.00145307274929345,"Brandon Brooks","PHI","OL",2017
"28","00-0027965",343,0.0158941790665745,0.0203604238057819,0.00144492536968859,"Jimmy Smith","BAL","DB",2017
"29","00-0030147",692,0.0158069748845425,0.0201652738753988,0.00143699771677659,"Russell Shepard","CAR","WR",2017
"30","00-0031173",929,0.0156750090001046,0.021092228145453,0.00142500081819132,"Jaylen Watkins","PHI","DB",2017
"31","00-0030431",738,0.0155890194599261,0.0212606613045583,0.00141718358726601,"Robert Woods","LA","WR",2017
"32","00-0031373",1028,0.0155464151241431,0.021346527931166,0.00141331046583119,"Martavis Bryant","PIT","WR",2017
"33","00-0031345",1008,0.0153166294645395,0.021160951724385,0.00139242086041268,"Jimmy Garoppolo","SF","QB",2017
"34","00-0029285",514,0.0151302502662632,0.0198883942883042,0.00137547729693302,"Josh Norman","WAS","DB",2017
"35","00-0031309",989,0.0148661411080282,0.0207232179205558,0.00135146737345711,"Telvin Smith","JAX","LB",2017
"36","00-0033908",1953,0.014836242422051,0.0208183593586935,0.00134874931109555,"Cooper Kupp","LA","WR",2017
"37","00-0028924",457,0.0147626587388399,0.0209556328461782,0.00134205988534908,"Tashaun Gipson","JAX","DB",2017
"38","00-0032950",1571,0.0147253401219131,0.0200464942056343,0.00133866728381028,"Carson Wentz","PHI","QB",2017
"39","00-0026035",123,0.0146546234148914,0.0202125827214093,0.00133223849226286,"Danny Amendola","NE","WR",2017
"40","00-0031904",1183,0.0146436178540769,0.0206308845743732,0.00133123798673426,"Bryce Callahan","CHI","DB",2017
"41","00-0031852",1173,0.0145589958301071,0.0201425804274086,0.00132354507546428,"David Andrews","NE","OL",2017
"42","00-0033906",1951,0.0144874878030162,0.0201665011124701,0.00131704434572875,"Alvin Kamara","NO","RB",2017
"43","00-0030471",756,0.0144839929859893,0.0215688089862673,0.00131672663508994,"Shawn Williams","CIN","DB",2017
"44","00-0033040",1605,0.0144519901482489,0.0195886070379176,0.00131381728620445,"Tyreek Hill","KC","WR",2017
"45","00-0031050",889,0.0144220801112649,0.0214581050016355,0.00131109819193317,"Kareem Martin","ARI","LB",2017
"46","00-0031365",1022,0.0144124899218003,0.020972274836267,0.0013102263565273,"Ryan Shazier","PIT","LB",2017
"47","00-0033307",1713,0.0142973717223736,0.020442575741438,0.00129976106567033,"Kendrick Bourne","SF","WR",2017
"48","00-0032762",1492,0.0141595717198109,0.0208556218867201,0.00128723379271008,"Chris Jones","KC","DL",2017
"49","00-0030496",762,0.0140291270315265,0.0210608043124924,0.00127537518468423,"Le'Veon Bell","PIT","RB",2017
"50","00-0031325",994,0.0137276118689187,0.0211364058983094,0.00124796471535625,"Sammy Watkins","LA","WR",2017
"51","00-0026839",176,0.0136984555567147,0.0209187419263938,0.00124531414151952,"Jermey Parnell","JAX","OL",2017
"52","00-0029568",555,0.013696931094155,0.0206253104247025,0.00124517555401409,"Malik Jackson","JAX","DL",2017
"53","00-0033699",1864,0.0136742410778545,0.0209885268533385,0.0012431128252595,"Austin Ekeler","LAC","RB",2017
"54","00-0033537",1795,0.0134167727128749,0.0209524093316213,0.00121970661026135,"Deshaun Watson","HOU","QB",2017
"55","00-0026201",140,0.0133813305444356,0.020703459480476,0.0012164845949487,"Martellus Bennett","NE","TE",2017
"56","00-0031326",995,0.0133673431669587,0.020304718772926,0.00121521301517806,"Bruce Ellington","HOU","WR",2017
"57","00-0031390",1040,0.0133570632607111,0.0204185423719817,0.00121427847824646,"Charles Sims","TB","RB",2017
"58","00-0032415",1378,0.0133069785142819,0.0198190523846027,0.00120972531948017,"Matt Judon","BAL","LB",2017
"59","00-0027551",246,0.0132750984332793,0.0211022337049622,0.00120682713029811,"Junior Galette","WAS","LB",2017
"60","00-0032875",1540,0.0132433370007378,0.0215674538997669,0.0012039397273398,"Ken Crawley","NO","DB",2017
"61","00-0030061",658,0.0130873486947562,0.0196832248521633,0.00118975897225057,"Zach Ertz","PHI","TE",2017
"62","00-0031259",959,0.0129565781716009,0.0197213876406878,0.00117787074287281,"Aaron Colvin","JAX","DB",2017
"63","00-0029688",601,0.0129116236503525,0.0200252320358156,0.00117378396821386,"Dontari Poe","ATL","DL",2017
"64","00-0027663",259,0.0129058466421943,0.0203077053409897,0.00117325878565403,"Sean Lee","DAL","LB",2017
"65","00-0028129",410,0.0128448030528622,0.0209179231411569,0.00116770936844201,"Jason Kelce","PHI","OL",2017
"66","00-0032128",1261,0.01272510423214,0.0210532194424795,0.00115682765746727,"Chris Conley","KC","WR",2017
"67","00-0033765",1881,0.0127203896742095,0.0211852799219555,0.00115639906129177,"Dylan Cole","HOU","LB",2017
"68","00-0027025",206,0.012579325827382,0.0204315963857679,0.00114357507521655,"Max Unger","NO","OL",2017
"69","00-0030065",662,0.0125153281650022,0.019972337563684,0.00113775710590929,"Larry Warford","NO","OL",2017
"70","00-0022045",14,0.0124533648560924,0.0206656915355931,0.00113212407782658,"Terence Newman","MIN","DB",2017
"71","00-0030455",747,0.0124298296357599,0.0209589771943502,0.00112998451234181,"Star Lotulelei","CAR","DL",2017
"72","00-0033856",1906,0.0123977364540466,0.0204388226017696,0.00112706695036787,"Leonard Fournette","JAX","RB",2017
"73","00-0027944",329,0.0123579873516161,0.0212190080495346,0.00112345339560146,"Julio Jones","ATL","WR",2017
"74","00-0033923",1965,0.0121915165328977,0.0200675100646232,0.00110831968480888,"Kareem Hunt","KC","RB",2017
"75","00-0027442",241,0.0119562468292,0.0205241749782893,0.00108693152992728,"Frank Zombo","KC","LB",2017
"76","00-0029632",580,0.0119347089386533,0.0201170922978681,0.00108497353987757,"Mohamed Sanu","ATL","WR",2017
"77","00-0032203",1297,0.0119133964995217,0.020493302240836,0.00108303604541106,"Andrus Peat","NO","OL",2017
"78","00-0026142",126,0.0119081589491269,0.0211900249578357,0.00108255990446608,"Chris Long","PHI","DL",2017
"79","00-0031241",951,0.0118342194361252,0.0203400433274229,0.00107583813055684,"Devon Kennard","NYG","LB",2017
"80","00-0024270",67,0.0117060549586676,0.0208423364677896,0.00106418681442433,"Andrew Whitworth","LA","OL",2017
"81","00-0027957",338,0.0115095224229168,0.0199069410642419,0.00104632022026516,"Prince Amukamara","CHI","DB",2017
"82","00-0033912",1957,0.0115021948756682,0.0204112596162564,0.0010456540796062,"Jordan Willis","CIN","DL",2017
"83","00-0027860",302,0.0114820926115245,0.0202801953557673,0.00104382660104768,"Joe Haden","PIT","DB",2017
"84","00-0032764",1494,0.0114707931554476,0.0202699953383501,0.00104279937776796,"Derrick Henry","TEN","RB",2017
"85","00-0030148",693,0.0114528477325981,0.0219718585502742,0.00104116797569073,"Damion Square","LAC","DL",2017
"86","00-0022942",27,0.0114367450249852,0.0208546112177591,0.00103970409318047,"Philip Rivers","LAC","QB",2017
"87","00-0033888",1933,0.0114191793063449,0.0204589438456163,0.00103810720966772,"Ryan Ramczyk","NO","OL",2017
"88","00-0023259",34,0.0112809344800866,0.0193864418160273,0.00102553949818969,"Lorenzo Alexander","BUF","LB",2017
"89","00-0032211",1302,0.0112653058959675,0.0205173150543536,0.00102411871781522,"Tyler Lockett","SEA","WR",2017
"90","00-0030035",651,0.0111524986302797,0.0210437176768178,0.00101386351184361,"Adam Thielen","MIN","WR",2017
"91","00-0031549",1078,0.0109716080428672,0.0212691320087096,0.000997418912987928,"Nelson Agholor","PHI","WR",2017
"92","00-0030527",779,0.0109525743376214,0.0201790512819232,0.000995688576147397,"Alec Ogletree","LA","LB",2017
"93","00-0030986",864,0.0109275428641201,0.0208481603963397,0.000993412987647278,"Ethan Westbrooks","LA","DL",2017
"94","00-0027215",228,0.0109039086971101,0.0201469113767145,0.000991264427010008,"Logan Paulsen","SF","TE",2017
"95","00-0029577",560,0.0108493045381603,0.021022906006972,0.000986300412560023,"Danny Trevathan","CHI","LB",2017
"96","00-0023459",41,0.0107809038951092,0.0200576474114264,0.000980082172282656,"Aaron Rodgers","GB","QB",2017
"97","00-0027701",274,0.0107783878325338,0.0206463699103945,0.000979853439321251,"Everson Griffen","MIN","DL",2017
"98","00-0029678",595,0.0107102068121372,0.0208234900589581,0.000973655164739747,"David DeCastro","PIT","OL",2017
"99","00-0020531",6,0.0106681361045824,0.0201928403732512,0.000969830554962037,"Drew Brees","NO","QB",2017
"100","00-0030421",735,0.0105879047467921,0.020343747174425,0.000962536795162919,"Jamie Collins","CLE","LB",2017
"101","00-0030108",683,0.0105614759571287,0.0209128324366765,0.000960134177920787,"Ryan Griffin","HOU","TE",2017
"102","00-0027256",233,0.0104312476961632,0.0208528034402945,0.000948295245105747,"Darian Stewart","DEN","DB",2017
"103","00-0030506",766,0.0103134381624544,0.0206755527884305,0.000937585287495856,"Travis Kelce","KC","TE",2017
"104","00-0029253",501,0.0102979563616783,0.0211232078456871,0.000936177851061661,"Mitchell Schwartz","KC","OL",2017
"105","00-0032968",1583,0.0102936961735833,0.0198876169497458,0.00093579056123485,"Myles Jack","JAX","LB",2017
"106","00-0031578",1100,0.0102874487845643,0.0197256293424376,0.000935222616778576,"Jake Ryan","GB","LB",2017
"107","00-0022924",25,0.0102424481525674,0.0211465199603487,0.0009311316502334,"Ben Roethlisberger","PIT","QB",2017
"108","00-0032520",1419,0.0102382663519379,0.020202440889128,0.000930751486539808,"Rashod Hill","MIN","OL",2017
"109","00-0027865",305,0.0101816738832984,0.0202387701501462,0.000925606716663487,"Brandon Graham","PHI","DL",2017
"110","00-0027870",310,0.0101636682230865,0.0200296339761814,0.000923969838462405,"Maurkice Pouncey","PIT","OL",2017
"111","00-0030523",775,0.00992531074849972,0.0202556356263744,0.000902300977136338,"Kayvon Webster","LA","DB",2017
"112","00-0030757",836,0.00988683845967599,0.0212432148927068,0.000898803496334181,"Mike Pennel","NYJ","DL",2017
"113","00-0032242",1316,0.009828195946164,0.0211860827797521,0.000893472358742182,"Rob Havenstein","LA","OL",2017
"114","00-0029786",618,0.00981980270907386,0.0209635476611851,0.000892709337188533,"Ryan Schraeder","ATL","OL",2017
"115","00-0030288",712,0.00977041688507084,0.0210394004431034,0.000888219716824622,"Rex Burkhead","NE","RB",2017
"116","00-0033938",1980,0.00972595385214308,0.0201563346475003,0.000884177622922099,"Kendell Beckwith","TB","LB",2017
"117","00-0032911",1553,0.00969467730724391,0.0205612044443934,0.000881334300658537,"Spencer Pulley","LAC","OL",2017
"118","00-0030041",652,0.00965487859427379,0.0211550730121472,0.000877716235843072,"Nickell Robey-Coleman","LA","DB",2017
"119","00-0031814",1165,0.00964085725902785,0.0202020886847768,0.000876441569002532,"Matt Longacre","LA","LB",2017
"120","00-0033156",1674,0.0096145003268176,0.0203509965977464,0.000874045484256145,"Joey Bosa","LAC","DL",2017
"121","00-0030228",706,0.00956318370750652,0.0201843961537714,0.000869380337046047,"A.J. Bouye","JAX","DB",2017
"122","00-0027027",207,0.00954265924555529,0.0212890360908385,0.000867514476868663,"Andy Levitre","ATL","OL",2017
"123","00-0033927",1969,0.00951554830326309,0.0209149912422205,0.00086504984575119,"John Johnson","LA","DB",2017
"124","00-0033548",1805,0.00951548057603824,0.0210561812939022,0.000865043688730749,"Chidobe Awuzie","DAL","DB",2017
"125","00-0023448",39,0.00951153121163443,0.0201886442954844,0.00086468465560313,"Thomas Davis","CAR","LB",2017
"126","00-0032560",1427,0.00948582826211143,0.0213947897252398,0.000862348023828312,"Charles Washington","DET","DB",2017
"127","00-0033571",1822,0.00947005277003936,0.0198701279944878,0.000860913888185396,"Matt Milano","BUF","LB",2017
"128","00-0031257",957,0.00939654934436977,0.0207872427464197,0.00085423175857907,"Paul Richardson","SEA","WR",2017
"129","00-0033786",1889,0.00929787215172153,0.0208624389714871,0.000845261104701957,"Ryan Glasgow","CIN","DL",2017
"130","00-0031362",1019,0.00923619474540458,0.020241788920234,0.000839654067764053,"Trai Turner","CAR","OL",2017
"131","00-0031381",1032,0.0092284917216106,0.0203788801939245,0.000838953792873691,"Davante Adams","GB","WR",2017
"132","00-0027557",247,0.00918380943743289,0.0215810828056368,0.000834891767039354,"Morgan Cox","BAL","LS",2017
"133","00-0029261",506,0.00915777114994199,0.0204125591512764,0.000832524649994726,"Casey Hayward","LAC","DB",2017
"134","00-0032268",1331,0.0091570286022499,0.0210921712484721,0.000832457145659082,"Marcus Mariota","TEN","QB",2017
"135","00-0031608",1117,0.00914063528125656,0.0197497739501926,0.000830966843750596,"Quandre Diggs","DET","DB",2017
"136","00-0026190",138,0.0091261136431327,0.0205736223700243,0.000829646694830246,"Calais Campbell","JAX","DL",2017
"137","00-0025424",95,0.00910424226913712,0.0208854287754374,0.000827658388103375,"Eric Weddle","BAL","DB",2017
"138","00-0027793",289,0.00904851842581761,0.0208292455668266,0.000822592584165238,"Antonio Brown","PIT","WR",2017
"139","00-0031546",1075,0.0090394836476885,0.0194278635346207,0.000821771240698954,"Trae Waynes","MIN","DB",2017
"140","00-0029889",633,0.00903008228167611,0.0201854675028463,0.000820916571061465,"Patrick Omameh","JAX","OL",2017
"141","00-0031844",1171,0.00902177537115737,0.0198033251108258,0.000820161397377942,"Deshazor Everett","WAS","DB",2017
"142","00-0031584",1104,0.00901130020144443,0.0208940165380463,0.000819209109222221,"Adrian Amos","CHI","DB",2017
"143","00-0028899",452,0.00888652469682852,0.0196190124295504,0.000807865881529865,"Rodney McLeod","PHI","DB",2017
"144","00-0029697",607,0.00887562789265969,0.0210539082681438,0.000806875262969063,"Coby Fleener","NO","TE",2017
"145","00-0030584",806,0.00885743447235303,0.0211369609454309,0.000805221315668458,"Eric Fisher","KC","OL",2017
"146","00-0032387",1357,0.00883436522438845,0.0199154161608503,0.000803124111308041,"Jarran Reed","SEA","DL",2017
"147","00-0031052",891,0.00877699462137582,0.0201176592721231,0.000797908601943257,"Bashaud Breeland","WAS","DB",2017
"148","00-0033926",1968,0.00875545907466981,0.0206639603235785,0.000795950824969983,"Shaquill Griffin","SEA","DB",2017
"149","00-0027696",273,0.00874152075728439,0.0208882322717076,0.000794683705207672,"Jimmy Graham","SEA","TE",2017
"150","00-0027943",328,0.00871786298256257,0.0207304314263813,0.000792532998414779,"Patrick Peterson","ARI","DB",2017
"151","00-0025489",103,0.00870641960063398,0.0201103548731025,0.000791492690966726,"Brian Robison","MIN","DL",2017
"152","00-0029620",575,0.00866842793066543,0.020435648910336,0.000788038902787767,"Brandon Marshall","DEN","LB",2017
"153","00-0027996",362,0.00864730395434824,0.0203936146014511,0.000786118541304386,"Torrey Smith","PHI","WR",2017
"154","00-0030278",709,0.00863390309987671,0.0206997775521653,0.000784900281806973,"Manti Te'o","NO","LB",2017
"155","00-0032009",1220,0.00862569267579954,0.019845825103927,0.00078415387961814,"Adam Humphries","TB","WR",2017
"156","00-0030648",814,0.00858871889499667,0.0212018847801702,0.000780792626817879,"Alejandro Villanueva","PIT","OL",2017
"157","00-0032889",1544,0.00857139127907704,0.0200123052470387,0.000779217389007004,"A'Shawn Robinson","DET","DL",2017
"158","00-0033910",1955,0.00843059522715944,0.0203844400440472,0.000766417747923585,"Dan Feeney","LAC","OL",2017
"159","00-0033055",1615,0.00839473784245039,0.0203257793012419,0.000763157985677308,"Jalen Ramsey","JAX","DB",2017
"160","00-0024323",71,0.00838214328574208,0.020513259026042,0.000762013025976553,"Jahri Evans","GB","OL",2017
"161","00-0032208",1299,0.0083789299188552,0.0204825706143229,0.000761720901714109,"Phillip Dorsett","NE","WR",2017
"162","00-0028394",428,0.00833959692530382,0.022020692940449,0.00075814517502762,"Jake McQuaide","LA","LS",2017
"163","00-0032195",1292,0.00833372562837089,0.0198361248252233,0.00075761142076099,"Ronald Darby","PHI","DB",2017
"164","00-0027694",272,0.00830335620320614,0.0201141329225406,0.00075485056392783,"Shawn Lauvao","WAS","OL",2017
"165","00-0033084",1637,0.00830004704372212,0.0202447778745082,0.000754549731247465,"Kendall Fuller","WAS","DB",2017
"166","00-0027857",299,0.00827925002126944,0.0200586420567759,0.000752659092842677,"Trent Williams","WAS","OL",2017
"167","00-0031389",1039,0.0082400239727193,0.0205193068722162,0.000749093088429027,"Lamarcus Joyner","LA","DB",2017
"168","00-0031779",1155,0.0082350624966576,0.0204813890486731,0.000748642045150691,"B.J. Finney","PIT","OL",2017
"169","00-0031279",972,0.00823379340667509,0.0210040611250033,0.000748526673334099,"Jake Matthews","ATL","OL",2017
"170","00-0024417",78,0.00817539725494907,0.0217535770642091,0.000743217932268097,"Sam Koch","BAL","P",2017
"171","00-0032432",1392,0.0081058750390041,0.0215409681474512,0.000736897730818555,"Wes Schweitzer","ATL","OL",2017
"172","00-0032369",1344,0.00808948091042972,0.0211221147343137,0.000735407355493611,"Anthony Lanier","WAS","DL",2017
"173","00-0031588",1107,0.00806678873608132,0.0205789930245003,0.000733344430552847,"Stefon Diggs","MIN","WR",2017
"174","00-0030443",743,0.00806516580132944,0.0211163718954729,0.000733196891029949,"Levine Toilolo","ATL","TE",2017
"175","00-0033051",1612,0.00804471188268735,0.0211121277191808,0.000731337443880668,"David Onyemata","NO","DL",2017
"176","00-0032521",1420,0.0080160666068391,0.0203890096471732,0.000728733327894464,"Mike Hilton","PIT","DB",2017
"177","00-0032160",1281,0.0079966883337753,0.0209031987340734,0.000726971666706846,"Tyrell Williams","LAC","WR",2017
"178","00-0032241",1315,0.0079960375601359,0.0215775938097158,0.0007269125054669,"Todd Gurley","LA","RB",2017
"179","00-0031981",1214,0.00797343008043726,0.0200528557475832,0.000724857280039751,"Richard Ash","DAL","DL",2017
"180","00-0028872",451,0.00794438723039113,0.0211854934028285,0.000722217020944648,"Johnny Hekker","LA","P",2017
"181","00-0030294",714,0.00793411623168695,0.0204657276192971,0.000721283293789723,"Tony Jefferson","BAL","DB",2017
"182","00-0033297",1705,0.0079265089920196,0.0207230256485511,0.000720591726547236,"D.J. Jones","SF","DL",2017
"183","00-0032701",1470,0.0078884545361232,0.021751543703313,0.000717132230556654,"Jake Brendel","MIA","OL",2017
"184","00-0032958",1577,0.0078683241896655,0.0197903174320796,0.0007153021990605,"Will Parks","DEN","DB",2017
"185","00-0029606",570,0.00785674296055867,0.0214335062551349,0.000714249360050789,"Harrison Smith","MIN","DB",2017
"186","00-0030068",665,0.00785525327368936,0.020073533746168,0.00071411393397176,"Marquise Goodwin","SF","WR",2017
"187","00-0025415",91,0.00784510918891158,0.0201404630438768,0.000713191744446507,"Joe Staley","SF","OL",2017
"188","00-0030470",755,0.00782479974183677,0.0202496470535975,0.00071134543107607,"Vance McDonald","PIT","TE",2017
"189","00-0030827",845,0.00780795094816379,0.0208467726457547,0.000709813722560344,"Tyler Shatley","JAX","OL",2017
"190","00-0033909",1954,0.00780313231875174,0.0205917263649908,0.000709375665341067,"Pat Elflein","MIN","OL",2017
"191","00-0029963",643,0.00778117545535274,0.0207046664921563,0.000707379586850249,"Chris Hubbard","PIT","OL",2017
"192","00-0033469",1773,0.00774892334312846,0.0203314624036403,0.000704447576648042,"Vincent Taylor","MIA","DL",2017
"193","00-0027648",251,0.00773620701597485,0.0212241513956345,0.000703291546906804,"Rodger Saffold","LA","OL",2017
"194","00-0033947",1988,0.00771056237454894,0.0196365753804258,0.000700960215868086,"Deatrich Wise","NE","DL",2017
"195","00-0033890",1935,0.0076875895767409,0.0199567207836959,0.000698871779703718,"Budda Baker","ARI","DB",2017
"196","00-0031598",1114,0.00767096714174083,0.0200528467377716,0.000697360649249166,"Nick Boyle","BAL","TE",2017
"197","00-0031018",873,0.00765824340279421,0.020289714289241,0.000696203945708564,"Jeremiah George","IND","LB",2017
"198","00-0031933",1193,0.00764958444840957,0.020857281766217,0.000695416768037233,"Leonard Williams","NYJ","DL",2017
"199","00-0027658",257,0.00757677994167264,0.0203372436912435,0.000688798176515695,"Zane Beadles","SF","OL",2017
"200","00-0030577",803,0.00755048341438864,0.0202601931153881,0.00068640758312624,"Sylvester Williams","TEN","DL",2017
"201","00-0030566",798,0.00751483080406226,0.0206056797184648,0.000683166436732933,"D.J. Swearinger","WAS","DB",2017
"202","00-0028030",375,0.00750647248557186,0.0205685592800468,0.000682406589597442,"Joe Barksdale","LAC","OL",2017
"203","00-0033009",1597,0.0074879976189104,0.0209770946143766,0.000680727056264581,"Tyler Boyd","CIN","WR",2017
"204","00-0027717",276,0.00748018924329401,0.0206758612512037,0.00068001720393582,"Joe Hawley","TB","OL",2017
"205","00-0032734",1481,0.00743883936740699,0.0202535709461256,0.000676258124309727,"Brennan Scarlett","HOU","LB",2017
"206","00-0033572",1823,0.00739718882995341,0.0211331640680899,0.000672471711813946,"Jamal Agnew","DET","DB",2017
"207","00-0032971",1586,0.00737863831667479,0.0207094477897628,0.00067078530151589,"Justin Simmons","DEN","DB",2017
"208","00-0030881",853,0.00734401962897366,0.0221356234638815,0.000667638148088515,"Howard Jones","CHI","LB",2017
"209","00-0033950",1990,0.00733166915665426,0.0206105321612113,0.00066651537787766,"Wayne Gallman","NYG","RB",2017
"210","00-0025825",115,0.00732024968924395,0.021701167430261,0.000665477244476723,"Brett Kern","TEN","P",2017
"211","00-0029419",535,0.00728890177660953,0.0211268101579221,0.00066262743423723,"Dennis Kelly","TEN","OL",2017
"212","00-0031404",1046,0.00728868059455769,0.0208693558853925,0.000662607326777972,"Adrian Phillips","LAC","DB",2017
"213","00-0024061",56,0.00720966591262036,0.0203037244358585,0.000655424173874578,"Tramon Williams","ARI","DB",2017
"214","00-0027949",332,0.00718122910027537,0.0206004447596321,0.000652839009115943,"J.J. Watt","HOU","DL",2017
"215","00-0027881",316,0.00716166209649405,0.0204444288221129,0.000651060190590368,"Jerry Hughes","BUF","DL",2017
"216","00-0029134",483,0.00715064308143363,0.0209067312247122,0.000650058461948512,"Beau Brinkley","TEN","LS",2017
"217","00-0033857",1907,0.00714530727299263,0.019951099820364,0.000649573388453876,"JuJu Smith-Schuster","PIT","WR",2017
"218","00-0027859",301,0.00714018017627193,0.0201873658833404,0.000649107288751993,"Russell Okung","LAC","OL",2017
"219","00-0028374",427,0.00711943393041336,0.020200006572395,0.000647221266401214,"Kyle Nelson","SF","LS",2017
"220","00-0028128",409,0.00710890379455525,0.0204485552513519,0.000646263981323204,"Colin Jones","CAR","DB",2017
"221","00-0032899",1552,0.00710469456984714,0.0200662352186534,0.000645881324531558,"Vadal Alexander","OAK","OL",2017
"222","00-0033874",1919,0.00710402064946199,0.0208812097458882,0.000645820059041999,"Marshon Lattimore","NO","DB",2017
"223","00-0028038",378,0.00709026891880448,0.0200910855012307,0.000644569901709498,"Da'Norris Searcy","TEN","DB",2017
"224","00-0032575",1433,0.00704851123672009,0.0206329831599715,0.000640773748792735,"Matt Skura","BAL","OL",2017
"225","00-0033106",1649,0.00704051078631732,0.0202603335795714,0.000640046435119756,"Jared Goff","LA","QB",2017
"226","00-0033725",1871,0.00701350158935439,0.0202875144882078,0.000637591053577672,"Corey Clement","PHI","RB",2017
"227","00-0030663",819,0.0069878423569002,0.0224735777215296,0.000635258396081836,"Willie Snead","NO","WR",2017
"228","00-0030011",648,0.0069738332014132,0.0217047830122903,0.000633984836492109,"Jordan Devey","KC","OL",2017
"229","00-0022161",16,0.00695760645183852,0.0202807296237606,0.000632509677439865,"Terrell Suggs","BAL","LB",2017
"230","00-0032103",1247,0.00695428539577663,0.0214418002901837,0.000632207763252421,"Denzel Perryman","LAC","LB",2017
"231","00-0033039",1604,0.00694521517024546,0.0225887754102246,0.000631383197295042,"Christian Westerman","CIN","OL",2017
"232","00-0031128",918,0.00689232778182768,0.0213343375640317,0.000626575252893425,"Ryan Groy","BUF","OL",2017
"233","00-0029634",581,0.00682623009350677,0.0209610744300391,0.000620566372136979,"James Hanna","DAL","TE",2017
"234","00-0032891",1546,0.00679436686889452,0.0206537434517164,0.000617669715354047,"Daryl Worley","CAR","DB",2017
"235","00-0029560",550,0.00678157575239761,0.0206823585134152,0.000616506886581601,"Dre Kirkpatrick","CIN","DB",2017
"236","00-0030615",810,0.00677815516479667,0.0212309622880072,0.000616195924072425,"James Winchester","KC","LS",2017
"237","00-0032058",1231,0.00675711872397156,0.0209134449337677,0.000614283520361051,"Tevin Coleman","ATL","RB",2017
"238","00-0027733",280,0.00672316009271422,0.0207061701049486,0.000611196372064929,"Kam Chancellor","SEA","DB",2017
"239","00-0026990",190,0.00670169400602588,0.019577203653878,0.000609244909638716,"Malcolm Jenkins","PHI","DB",2017
"240","00-0032110",1252,0.00669057201061632,0.0200426178596224,0.000608233819146938,"Kyle Emanuel","LAC","LB",2017
"241","00-0032749",1485,0.00665745940402798,0.0212394816937072,0.000605223582184362,"Isaiah Johnson","TB","DB",2017
"242","00-0031427",1057,0.00664566745968368,0.0213698215332244,0.000604151587243971,"Todd Davis","DEN","LB",2017
"243","00-0031296",979,0.00656074239105033,0.0207943615532655,0.000596431126459121,"C.J. Mosley","BAL","LB",2017
"244","00-0026986",188,0.00655586025954613,0.020046218831311,0.000595987296322375,"Michael Crabtree","OAK","WR",2017
"245","00-0032371",1345,0.00653737426174122,0.0214554878565971,0.000594306751067383,"Rob Kelley","WAS","RB",2017
"246","00-0030062",659,0.00653477719706519,0.0202577534220821,0.000594070654278653,"Darius Slay","DET","DB",2017
"247","00-0031105",913,0.00653246520958119,0.0215449974381092,0.00059386047359829,"Zach Kerr","DEN","DL",2017
"248","00-0032065",1237,0.0065163203958189,0.0214196675842264,0.000592392763256264,"Bradley Pinion","SF","P",2017
"249","00-0027981",353,0.00650265403511981,0.0196358038534527,0.000591150366829073,"Kyle Rudolph","MIN","TE",2017
"250","00-0021547",13,0.00650113507439829,0.0205115371680067,0.000591012279490754,"Antonio Gates","LAC","TE",2017
"251","00-0025900",117,0.00647987322174797,0.0204697313903311,0.00058907938379527,"Chris Clark","HOU","OL",2017
"252","00-0030067",664,0.00644512372499526,0.0208880162989057,0.000585920338635933,"Terron Armstead","NO","OL",2017
"253","00-0027022",204,0.00642836482021176,0.0217658438141794,0.000584396801837433,"Connor Barwin","LA","LB",2017
"254","00-0030050",655,0.00642172002581964,0.0199907409226057,0.000583792729619967,"Ray-Ray Armstrong","NYG","LB",2017
"255","00-0024102",57,0.00641472848143039,0.0209070066881098,0.00058315713467549,"Tony McDaniel","NO","DL",2017
"256","00-0033010",1598,0.0064126146955021,0.0207599707030115,0.000582964972318372,"Sheldon Day","SF","DL",2017
"257","00-0026564",166,0.00640570283936916,0.0208519114621782,0.000582336621760833,"Steve McLendon","NYJ","DL",2017
"258","00-0033635",1848,0.00634862200284942,0.0207756914738574,0.000577147454804493,"Isaiah Irving","CHI","LB",2017
"259","00-0032399",1367,0.00632646048623827,0.0202155438581725,0.000575132771476207,"Miles Killebrew","DET","DB",2017
"260","00-0027416",240,0.00629242571911872,0.0203738330067795,0.000572038701738065,"Barry Church","JAX","DB",2017
"261","00-0032145",1273,0.00625130538335805,0.0207184645355177,0.000568300489396186,"Cameron Erving","KC","OL",2017
"262","00-0029681",597,0.00622883636156965,0.0216436983986791,0.000566257851051786,"Janoris Jenkins","NYG","DB",2017
"263","00-0026189",137,0.00622784862682321,0.0191145021499212,0.000566168056983928,"DeSean Jackson","TB","WR",2017
"264","00-0032785",1512,0.00621211327855112,0.0203145962623072,0.000564737570777374,"Halapoulivaati Vaitai","PHI","OL",2017
"265","00-0026217",144,0.00616692961201028,0.0212889433243072,0.000560629964728208,"Pat Sims","CIN","DL",2017
"266","00-0031731",1146,0.00615880388755354,0.0213626716431338,0.000559891262504868,"Corey Grant","JAX","RB",2017
"267","00-0030472",757,0.00612738345528645,0.0205944313781765,0.000557034859571496,"Jordan Reed","WAS","TE",2017
"268","00-0025470",100,0.00611009019672789,0.0208555351385472,0.000555462745157081,"Charles Johnson","CAR","DL",2017
"269","00-0032221",1307,0.00608132789341178,0.0202375389554393,0.000552847990310162,"Shane Ray","DEN","LB",2017
"270","00-0032144",1272,0.00606552075891489,0.0202669123703976,0.000551410978083172,"Melvin Gordon","LAC","RB",2017
"271","00-0030402",729,0.00602569307035488,0.0199444481434235,0.000547790279123171,"Akeem Spence","DET","DL",2017
"272","00-0030404",730,0.00601544995858362,0.0206145055793922,0.000546859087143965,"Chris Thompson","WAS","RB",2017
"273","00-0030216",704,0.00600618976340865,0.01955110356699,0.000546017251218969,"Josh Hill","NO","TE",2017
"274","00-0028825",445,0.00600227745831095,0.0200433110876282,0.000545661587119177,"Terrelle Pryor","WAS","WR",2017
"275","00-0025828",116,0.00594731223510758,0.0199090582125177,0.000540664748646144,"Wesley Woodyard","TEN","LB",2017
"276","00-0032135",1267,0.00592343997374411,0.0203082666627595,0.000538494543067646,"Jesse James","PIT","TE",2017
"277","00-0031431",1059,0.00590285875571876,0.019716744269773,0.00053662352324716,"Marqise Lee","JAX","WR",2017
"278","00-0031765",1153,0.00588543687392571,0.0202638461410595,0.000535039715811428,"Nick Easton","MIN","OL",2017
"279","00-0028845",448,0.0058777085559866,0.0219098124299903,0.000534337141453328,"Josh Harris","ATL","LS",2017
"280","00-0026561",165,0.00586093745675084,0.0208212517261068,0.000532812496068258,"Ramon Foster","PIT","OL",2017
"281","00-0028037",377,0.00585380289269758,0.0200921158892824,0.000532163899336144,"K.J. Wright","SEA","LB",2017
"282","00-0031101",910,0.00582465541819561,0.0211988403218484,0.000529514128926873,"Shaquil Barrett","DEN","LB",2017
"283","00-0032114",1254,0.00582406617013864,0.0216151392490886,0.000529460560921694,"Deiontrez Mount","DEN","LB",2017
"284","00-0033281",1693,0.00580584066678324,0.0205714426367714,0.000527803696980295,"Marlon Humphrey","BAL","DB",2017
"285","00-0031414",1052,0.00579039271905355,0.0209264321308179,0.000526399338095777,"Dexter McDougle","NO","DB",2017
"286","00-0032602",1441,0.00577555288145933,0.0210125459806689,0.000525050261950848,"J.D. McKissic","SEA","RB",2017
"287","00-0032401",1368,0.00576984708806111,0.0208840961296359,0.000524531553460101,"De'Vondre Campbell","ATL","LB",2017
"288","00-0025944",120,0.00576252124563469,0.021230131562652,0.000523865567784972,"Stephen Hauschka","BUF","K",2017
"289","00-0032786",1513,0.00572926851541689,0.0209303670639796,0.000520842592310626,"Marqui Christian","LA","DB",2017
"290","00-0033308",1714,0.00572207173600544,0.0204650417782402,0.000520188339636858,"Matt Breida","SF","RB",2017
"291","00-0031344",1007,0.00571390374562939,0.0209323168644394,0.000519445795057217,"Cody Latimer","DEN","WR",2017
"292","00-0032753",1486,0.00570855365438407,0.0213699583194959,0.000518959423125825,"Luke Rhodes","IND","LS",2017
"293","00-0030517",772,0.00568491009233819,0.0202696587727935,0.00051681000839438,"David Bass","NYJ","LB",2017
"294","00-0030551",791,0.00561060485054991,0.0211471550477961,0.000510054986413629,"Colton Schmidt","BUF","P",2017
"295","00-0031263",963,0.00560752196493729,0.020646766231988,0.000509774724085209,"Avery Williamson","TEN","LB",2017
"296","00-0033642",1849,0.00557209533734229,0.0211487808911074,0.000506554121576571,"B.J. Bello","CLE","LB",2017
"297","00-0027868",308,0.00556464843547273,0.0206788088831402,0.000505877130497521,"Derrick Morgan","TEN","LB",2017
"298","00-0031560",1088,0.00553671272791728,0.0219816767914407,0.000503337520719753,"Jaelen Strong","JAX","WR",2017
"299","00-0031394",1042,0.00551351231029948,0.0204572837002676,0.000501228391845407,"E.J. Gaines","BUF","DB",2017
"300","00-0033876",1921,0.00551272436282501,0.0200417828846571,0.000501156760256819,"Derek Barnett","PHI","DL",2017
"301","00-0032257",1326,0.00547224286053373,0.0210032135938551,0.000497476623684884,"Duke Johnson","CLE","RB",2017
"302","00-0029597",567,0.00545780164786426,0.0216744622166837,0.000496163786169478,"Justin Tucker","BAL","K",2017
"303","00-0029249",499,0.00545025889070347,0.0207990393650945,0.000495478080973043,"Melvin Ingram","LAC","LB",2017
"304","00-0029643",585,0.00544914885222516,0.0207237309944661,0.000495377168384106,"Whitney Mercilus","HOU","LB",2017
"305","00-0023894",54,0.00543312185425252,0.0209942411369387,0.00049392016856841,"Donald Penn","OAK","OL",2017
"306","00-0030997",866,0.00539260191740772,0.0209784726879632,0.000490236537946156,"Zach Fulton","KC","OL",2017
"307","00-0033839",1900,0.005391303381582,0.0209334092752061,0.000490118489234727,"Dede Westbrook","JAX","WR",2017
"308","00-0031782",1156,0.00536743986777353,0.0216810576628165,0.000487949078888502,"Eli Rogers","PIT","WR",2017
"309","00-0030521",774,0.00536150117852091,0.0212040552161341,0.000487409198047355,"Justin Hunter","PIT","WR",2017
"310","00-0027866",306,0.00534175942770533,0.0191528557521609,0.000485614493427757,"Earl Thomas","SEA","DB",2017
"311","00-0031554",1082,0.0053328345819605,0.021402136310906,0.000484803143814591,"Eric Kendricks","MIN","LB",2017
"312","00-0027977",349,0.00532962130457547,0.0216172046148713,0.000484511027688679,"Akeem Ayers","NYG","LB",2017
"313","00-0030312",716,0.00531492342412546,0.0200278454894721,0.000483174856738679,"Jahleel Addae","LAC","DB",2017
"314","00-0030576",802,0.00530694367120099,0.021443624261361,0.000482449424654635,"Datone Jones","DAL","DL",2017
"315","00-0030059",656,0.00529177317915126,0.0202327694486033,0.000481070289013751,"Ezekiel Ansah","DET","DL",2017
"316","00-0030543",785,0.00528681211167169,0.0201311225162122,0.000480619282879245,"J.J. Wilcox","PIT","DB",2017
"317","00-0033073",1628,0.00527871993277292,0.0210955692868442,0.000479883630252083,"Emmanuel Ogbah","CLE","DL",2017
"318","00-0033381",1740,0.00527752519869476,0.0209586582860443,0.00047977501806316,"Adam Butler","NE","DL",2017
"319","00-0029621",576,0.00526751665718523,0.0203299496607487,0.000478865150653203,"Greg Zuerlein","LA","K",2017
"320","00-0029000",465,0.00525444153146694,0.0205092059141006,0.000477676502860631,"Cole Beasley","DAL","WR",2017
"321","00-0033090",1640,0.00525316048941748,0.0208108960207225,0.000477560044492498,"Hunter Henry","LAC","TE",2017
"322","00-0031041",884,0.00525237562613032,0.0210320847045724,0.000477488693284575,"Kyle Fuller","CHI","DB",2017
"323","00-0031503",1067,0.00524995244579525,0.021236781106517,0.000477268404163205,"Jameis Winston","TB","QB",2017
"324","00-0033546",1803,0.00523881070447845,0.0202456123683753,0.00047625551858895,"Dalvin Tomlinson","NYG","DL",2017
"325","00-0031067",898,0.00521144433615856,0.0212788336725024,0.000473767666923506,"Cameron Fleming","NE","OL",2017
"326","00-0029585",562,0.00520703877128243,0.0201915494925845,0.000473367161025675,"Chandler Jones","ARI","LB",2017
"327","00-0029546",549,0.00519664837544412,0.0208728644718742,0.000472422579585829,"Senio Kelemete","NO","OL",2017
"328","00-0027060",214,0.0051783716214349,0.0212608349132388,0.000470761056494082,"Lardarius Webb","BAL","DB",2017
"329","00-0030287",711,0.00515835519243387,0.0209846232495682,0.000468941381130352,"Andre Ellington","HOU","RB",2017
"330","00-0030096",678,0.00515043105763087,0.0221990267110289,0.00046822100523917,"Vinston Painter","ARI","OL",2017
"331","00-0031595",1111,0.00514614838572153,0.0213067125223166,0.00046783167142923,"Michael Burton","CHI","RB",2017
"332","00-0029647",586,0.00513758675458494,0.0211399552237717,0.000467053341325904,"Kyle Wilber","DAL","LB",2017
"333","00-0030776",839,0.00510559668149626,0.0202007523745609,0.000464145152863296,"Kerry Wynn","NYG","DL",2017
"334","00-0032228",1310,0.00510241017702504,0.0215524732927844,0.00046385547063864,"Joe Cardona","NE","LS",2017
"335","00-0032633",1450,0.00508937743014688,0.0210881172482851,0.000462670675467898,"Reggie Gilbert","GB","LB",2017
"336","00-0033269",1688,0.00508130411413813,0.0210998930620814,0.000461936737648921,"Rigoberto Sanchez","IND","P",2017
"337","00-0028092",396,0.00507622980921496,0.019992684499665,0.00046147543720136,"Richard Sherman","SEA","DB",2017
"338","00-0032042",1221,0.00507482341689965,0.0204763306442025,0.000461347583354514,"Curtis Riley","TEN","DB",2017
"339","00-0027078",216,0.00507405231433582,0.0214205632568696,0.000461277483121438,"T.J. Lang","DET","OL",2017
"340","00-0032217",1306,0.00503540274055243,0.0203427061891555,0.000457763885504766,"Donovan Smith","TB","OL",2017
"341","00-0030463",752,0.00502966589763194,0.0209208768632573,0.000457242354330177,"A.J. Klein","NO","LB",2017
"342","00-0029255",503,0.00501379461939003,0.0200521456802022,0.000455799510853639,"Bobby Wagner","SEA","LB",2017
"343","00-0030572",799,0.00498279443047879,0.0196989105945139,0.000452981311861708,"D.J. Hayden","DET","DB",2017
"344","00-0029984",645,0.00497950020358156,0.0216623282207752,0.000452681836689233,"Ryan Allen","NE","P",2017
"345","00-0031619",1122,0.00497168162833019,0.0209692784513483,0.000451971057120926,"Christian Covington","HOU","DL",2017
"346","00-0033048",1610,0.00496185254887215,0.0210596105861225,0.000451077504442923,"Kavon Frazier","DAL","DB",2017
"347","00-0030197",703,0.00494311142397884,0.0205679153655703,0.000449373765816258,"Deon Lacey","BUF","LB",2017
"348","00-0026176",135,0.00493651787326349,0.0209840703746417,0.000448774352114863,"Jordy Nelson","GB","WR",2017
"349","00-0033891",1936,0.0049333638783507,0.0201292484180383,0.000448487625304609,"Zay Jones","BUF","WR",2017
"350","00-0033074",1629,0.00489976534610454,0.021092580963191,0.000445433213282231,"Kevin Dodd","TEN","LB",2017
"351","00-0031402",1044,0.00484631927424185,0.0200862570978856,0.000440574479476532,"Zack Martin","DAL","OL",2017
"352","00-0023436",37,0.00479541284712466,0.0201461527564379,0.000435946622465878,"Alex Smith","KC","QB",2017
"353","00-0032143",1271,0.00473252254626367,0.0202690161902755,0.000430229322387606,"Danny Shelton","CLE","DL",2017
"354","00-0029672",593,0.00472733314783468,0.0202956331183334,0.000429757558894061,"Riley Reiff","MIN","OL",2017
"355","00-0033059",1619,0.00472451850203211,0.020199974575621,0.000429501682002919,"T.J. Green","IND","DB",2017
"356","00-0032244",1318,0.00472023206877788,0.0205364660700359,0.000429112006252535,"Jamon Brown","LA","OL",2017
"357","00-0031242",952,0.00471799625343312,0.020023591478914,0.000428908750312102,"Shamar Stephen","MIN","DL",2017
"358","00-0022247",17,0.00469482168321432,0.0207159787195865,0.000426801971201302,"Mike Adams","CAR","DB",2017
"359","00-0023177",32,0.00468689681246664,0.0211027973684334,0.000426081528406058,"Jon Condo","OAK","LS",2017
"360","00-0033845",1903,0.00467962882759097,0.0214148682525708,0.00042542080250827,"Dominique Hatfield","LA","DB",2017
"361","00-0032234",1312,0.00467825209415702,0.0211394597349896,0.000425295644923365,"Laken Tomlinson","SF","OL",2017
"362","00-0031317",993,0.00467170757909481,0.0204020520537549,0.000424700689008619,"Terrence Fede","MIA","DL",2017
"363","00-0033528",1787,0.00466499519882966,0.0207465009677726,0.000424090472620878,"Jeremy Sprinkle","WAS","TE",2017
"364","00-0030770",838,0.00465303987069707,0.019927725247654,0.000423003624608825,"Brock Coyle","SF","LB",2017
"365","00-0033093",1642,0.00465296724043088,0.0210243306859176,0.000422997021857353,"Jonathan Bullard","CHI","DL",2017
"366","00-0032497",1416,0.00464988069380943,0.0215176796445615,0.000422716426709949,"Reid Ferguson","BUF","LS",2017
"367","00-0028076",390,0.00464364314346278,0.0204869203290846,0.000422149376678434,"Marcus Cannon","NE","OL",2017
"368","00-0028087",393,0.00462780687465193,0.0203697903037508,0.000420709715877448,"Dion Lewis","NE","RB",2017
"369","00-0031068",899,0.00462473150205056,0.0207374857257799,0.000420430136550051,"Ryan Grant","WAS","WR",2017
"370","00-0026164",133,0.00459438064709158,0.020838946405934,0.000417670967917417,"Chris Johnson","ARI","RB",2017
"371","00-0029685",599,0.00458326139172011,0.0210148974998516,0.00041666012652001,"Greg Van Roten","CAR","OL",2017
"372","00-0033532",1791,0.00455500453869648,0.020639289467259,0.00041409132169968,"Josh Harvey-Clemons","WAS","LB",2017
"373","00-0032381",1351,0.00455287486169421,0.0201428749668631,0.000413897714699473,"Taylor Decker","DET","OL",2017
"374","00-0023639",48,0.0045433630516859,0.0213070068278973,0.000413033004698718,"Joe Berger","MIN","OL",2017
"375","00-0032250",1322,0.00452628974784963,0.0209431548633932,0.000411480886168149,"Kasen Williams","CLE","WR",2017
"376","00-0029087",477,0.00452348342524373,0.0201633752466452,0.000411225765931249,"Leonard Johnson","BUF","DB",2017
"377","00-0028278",423,0.00452034165550335,0.020772224369875,0.000410940150500305,"Josh Bynes","ARI","LB",2017
"378","00-0029272",510,0.00450775562911625,0.0210665849601143,0.000409795966283295,"Nigel Bradham","PHI","LB",2017
"379","00-0033598",1843,0.00450572299104656,0.0215659224041422,0.000409611181004233,"Eli Ankou","JAX","DL",2017
"380","00-0028986",463,0.00450263811692667,0.0204876027269607,0.000409330737902424,"Case Keenum","MIN","QB",2017
"381","00-0023534",46,0.00450038234227137,0.0211051890446859,0.000409125667479215,"Dustin Colquitt","KC","P",2017
"382","00-0027705",275,0.00447164432816119,0.021214356283971,0.000406513120741926,"Alterraun Verner","MIA","DB",2017
"383","00-0026307",155,0.00446595792692583,0.0199168230466699,0.000405996175175075,"Erik Walden","TEN","LB",2017
"384","00-0031551",1080,0.00444081524852817,0.0211321633441756,0.000403710477138925,"Eddie Goldman","CHI","DL",2017
"385","00-0032416",1379,0.00443615277831506,0.022132440858157,0.00040328661621046,"Quinton Jefferson","SEA","DL",2017
"386","00-0026019",121,0.00441127612983028,0.0220575432642602,0.000401025102711844,"Danny Woodhead","BAL","RB",2017
"387","00-0029410",530,0.00439727993384605,0.0204157507989067,0.000399752721258732,"Tavon Wilson","DET","DB",2017
"388","00-0028063",384,0.00439144785823619,0.021427715726042,0.000399222532566926,"Taiwan Jones","BUF","RB",2017
"389","00-0033293",1701,0.00438661796845457,0.0210604052680428,0.000398783451677688,"Aaron Jones","GB","RB",2017
"390","00-0027885",318,0.00437804821981581,0.0204613586791721,0.000398004383619619,"Linval Joseph","MIN","DL",2017
"391","00-0032820",1531,0.00437320972866336,0.0212165800687349,0.000397564520787578,"Terrance Smith","KC","LB",2017
"392","00-0033661",1853,0.00436472028210312,0.021263149592384,0.000396792752918465,"Lewis Neal","DAL","DL",2017
"393","00-0029252",500,0.00436157591916873,0.0212841304904408,0.000396506901742612,"Courtney Upshaw","ATL","DL",2017
"394","00-0029412",531,0.00433971787493671,0.0199738286184196,0.000394519806812428,"Vinny Curry","PHI","DL",2017
"395","00-0031366",1023,0.00433635694755766,0.0203731719242166,0.000394214267959787,"Deone Bucannon","ARI","LB",2017
"396","00-0030083",671,0.0043251172324605,0.0200420176823002,0.000393192475678227,"Oday Aboushi","SEA","OL",2017
"397","00-0028041",380,0.00431863473717108,0.0197465878655601,0.000392603157924644,"Sam Acho","CHI","LB",2017
"398","00-0022531",19,0.00431749196545269,0.0204801323544307,0.000392499269586608,"Jason Peters","PHI","OL",2017
"399","00-0032929",1559,0.00427851506510969,0.0198201748798632,0.000388955915009972,"James Cowser","OAK","DL",2017
"400","00-0032146",1274,0.0042622006000544,0.019904251199458,0.000387472781823127,"Bud Dupree","PIT","LB",2017
"401","00-0030562",795,0.00425471234772527,0.0203056503867368,0.000386792031611388,"Desmond Trufant","ATL","DB",2017
"402","00-0029942",639,0.00423797883267297,0.0214239683162385,0.00038527080297027,"Marcus Burley","HOU","DB",2017
"403","00-0033430",1757,0.00421816849649413,0.021952346387614,0.000383469863317648,"Greg Mabin","SF","DB",2017
"404","00-0033110",1653,0.00421169936986537,0.0200768914328779,0.000382881760896851,"Tyler Higbee","LA","TE",2017
"405","00-0033077",1632,0.00420603565913183,0.0201092844048346,0.000382366878102894,"Dak Prescott","DAL","QB",2017
"406","00-0026997",194,0.00419346234483325,0.0208854158422856,0.000381223849530295,"Alex Mack","ATL","OL",2017
"407","00-0032214",1304,0.0041831469480174,0.0204266252767676,0.0003802860861834,"Tyler Kroft","CIN","TE",2017
"408","00-0025402",88,0.00418194278674009,0.0215922376198989,0.000380176616976372,"Lawrence Timmons","MIA","LB",2017
"409","00-0032851",1535,0.00417843957476079,0.0220214384842282,0.000379858143160072,"Pete Robertson","WAS","LB",2017
"410","00-0033539",1797,0.00415757462761012,0.0202811259699198,0.000377961329782738,"Jarrad Davis","DET","LB",2017
"411","00-0027940",325,0.00413693080432949,0.0206162679744324,0.000376084618575408,"Von Miller","DEN","LB",2017
"412","00-0027968",345,0.00413062477084433,0.0200333988670189,0.00037551134280403,"Muhammad Wilkerson","NYJ","DL",2017
"413","00-0033678",1859,0.00411144756135167,0.0208491407839349,0.000373767960122879,"Jerrol Garcia-Williams","DEN","LB",2017
"414","00-0029123",482,0.0040766192551082,0.02084572602533,0.000370601750464382,"Marquette King","OAK","P",2017
"415","00-0029822",625,0.00404827985226224,0.0203390859723599,0.000368025441114749,"Brandon McManus","DEN","K",2017
"416","00-0033266",1686,0.00404258093563703,0.0214541626287797,0.000367507357785185,"JoJo Natson","NYJ","WR",2017
"417","00-0028130",411,0.00404151840780842,0.0211575386783162,0.00036741076434622,"Matt Bosher","ATL","P",2017
"418","00-0030710",828,0.00403892787599991,0.0209528300126622,0.000367175261454537,"Trey Burton","PHI","TE",2017
"419","00-0027882",317,0.00401382164787765,0.019874439702656,0.000364892877079787,"Patrick Robinson","PHI","DB",2017
"420","00-0033120",1661,0.00397003345914848,0.0206730339584496,0.000360912132649861,"Kenny Clark","GB","DL",2017
"421","00-0023449",40,0.00396509006225764,0.0203705131906535,0.000360462732932513,"Derrick Johnson","KC","LB",2017
"422","00-0030459",750,0.00395583738721116,0.0199179142239477,0.00035962158065556,"Tyrann Mathieu","ARI","DB",2017
"423","00-0029384",524,0.00394189099970339,0.0220498033831242,0.000358353727245763,"Bobby Rainey","BAL","RB",2017
"424","00-0029691",604,0.00393477958380556,0.0205470579155734,0.000357707234891414,"Josh Robinson","TB","DB",2017
"425","00-0030088",673,0.00393317953671022,0.0201687216173986,0.000357561776064565,"Quinton Dial","GB","DL",2017
"426","00-0032418",1381,0.00393034771964679,0.0225156120519009,0.000357304338149708,"Joe Dahl","DET","OL",2017
"427","00-0033873",1918,0.00391201105326822,0.021580318229464,0.000355637368478929,"Patrick Mahomes","KC","QB",2017
"428","00-0023252",33,0.00389907236484177,0.0225013561817891,0.000354461124076525,"Robbie Gould","SF","K",2017
"429","00-0033464",1768,0.0038915348101115,0.0198896033351689,0.000353775891828318,"Jehu Chesson","KC","WR",2017
"430","00-0032392",1361,0.00388389619065136,0.0204867793096712,0.000353081471877396,"Austin Hooper","ATL","TE",2017
"431","00-0029248",498,0.00388312528679933,0.0202914001340774,0.00035301138970903,"Luke Kuechly","CAR","LB",2017
"432","00-0020578",7,0.00388228820901309,0.0208399068458979,0.000352935291728463,"Matt Bryant","ATL","K",2017
"433","00-0033096",1645,0.00387718643486906,0.0206488812823068,0.000352471494079005,"Shaq Lawson","BUF","DL",2017
"434","00-0032130",1263,0.00386311197994272,0.0217222345326089,0.000351191998176611,"Jalston Fowler","SEA","RB",2017
"435","00-0027686",268,0.00385377566289247,0.0201035645561039,0.000350343242081133,"Corey Peters","ARI","DL",2017
"436","00-0032056",1229,0.00384573161816172,0.0200731073177452,0.000349611965287429,"Hau'oli Kikaha","NO","LB",2017
"437","00-0031186",936,0.0038451973359066,0.02050918608749,0.000349563394173328,"Kenneth Acker","KC","DB",2017
"438","00-0027732",279,0.0038407709919346,0.0196074841764193,0.000349160999266782,"Michael Hoomanawanui","NO","TE",2017
"439","00-0032127",1260,0.00381754284116064,0.0216194221951396,0.000347049349196422,"Markus Golden","ARI","LB",2017
"440","00-0026143",127,0.00376966281281855,0.0206995521012959,0.000342696619347141,"Matt Ryan","ATL","QB",2017
"441","00-0031047",888,0.00376726496983814,0.0201783490925342,0.000342478633621649,"Spencer Long","WAS","OL",2017
"442","00-0021140",9,0.00375591955004497,0.0193238785753292,0.00034144723182227,"Julius Peppers","CAR","DL",2017
"443","00-0031166",925,0.00375339697496175,0.0206366390357332,0.000341217906814705,"Seth Roberts","OAK","WR",2017
"444","00-0031029",880,0.00371989271386163,0.0209686560861,0.000338172064896512,"Seantrel Henderson","BUF","OL",2017
"445","00-0033376",1739,0.00371801269841764,0.0196771159361169,0.000338001154401604,"Patrick Ricard","BAL","RB",2017
"446","00-0030503",763,0.00369718411091749,0.0207754565614037,0.000336107646447045,"Alex Okafor","NO","DL",2017
"447","00-0032141",1270,0.00365157567311462,0.020271789905216,0.000331961424828602,"Geoff Swaim","DAL","TE",2017
"448","00-0031071",901,0.00364325715146352,0.0222156519830418,0.000331205195587593,"Caraun Reid","IND","DL",2017
"449","00-0028091",395,0.00364077156308256,0.0209347215273495,0.000330979233007505,"Jeremy Kerley","NYJ","WR",2017
"450","00-0032385",1355,0.00362753978191512,0.0197388265180451,0.000329776343810466,"Sterling Shepard","NYG","WR",2017
"451","00-0033420",1754,0.00362334433136062,0.0210391747415899,0.000329394939214601,"Donald Payne","JAX","LB",2017
"452","00-0029669",591,0.00362182903133289,0.0212133057234944,0.000329257184666627,"Dont'a Hightower","NE","LB",2017
"453","00-0022127",15,0.0035893751598438,0.0207670713457662,0.000326306832713072,"Jason Witten","DAL","TE",2017
"454","00-0031177",932,0.0035695575897915,0.022225622138039,0.000324505235435591,"Brent Urban","BAL","DL",2017
"455","00-0027914",322,0.00354779062744034,0.0200550231596853,0.000322526420676395,"Andrew Sendejo","MIN","DB",2017
"456","00-0033045",1607,0.00354587868911552,0.0203152255195429,0.000322352608101411,"Ezekiel Elliott","DAL","RB",2017
"457","00-0033671",1856,0.00353426525733246,0.0213612788500978,0.000321296841575678,"Marcus Rios","DEN","DB",2017
"458","00-0030465",753,0.00352181747526573,0.0212129869346893,0.000320165225024157,"Kenjon Barner","PHI","RB",2017
"459","00-0032149",1276,0.00349221704138742,0.0218792997006024,0.000317474276489765,"John Miller","BUF","OL",2017
"460","00-0032463",1405,0.00347421523813739,0.0218984077703489,0.000315837748921581,"Kyle Peko","DEN","DL",2017
"461","00-0029524",542,0.00346396852990731,0.0208641852128034,0.000314906229991574,"Jeff Allen","HOU","OL",2017
"462","00-0027675",262,0.00344556875382969,0.0203164754959001,0.000313233523075426,"Ed Dickson","CAR","TE",2017
"463","00-0023487",43,0.00342350121064084,0.0221050217512054,0.000311227382785531,"Khalif Barnes","ARI","OL",2017
"464","00-0033880",1925,0.00341006836150589,0.0206757754711983,0.000310006214682353,"Charles Harris","MIA","DL",2017
"465","00-0033403",1749,0.00340096351596962,0.022287341102629,0.000309178501451784,"Cameron Malveaux","MIA","DL",2017
"466","00-0029946",640,0.00339912470886867,0.0207870162176796,0.000309011337169879,"Abry Jones","JAX","DL",2017
"467","00-0031130",919,0.00339791514782537,0.0210256754126263,0.000308901377075034,"Christian Jones","CHI","LB",2017
"468","00-0033421",1755,0.00339570227901244,0.0212009276660219,0.000308700207182949,"Antony Auclair","TB","TE",2017
"469","00-0028177",416,0.00339296017373347,0.0209595336715244,0.000308450924884861,"Mike Person","IND","OL",2017
"470","00-0029289",515,0.00339202691215566,0.0209556478960466,0.000308366082923241,"Korey Toomer","LAC","LB",2017
"471","00-0031085",905,0.0033886802214522,0.0204339323222413,0.000308061838313836,"Jay Prosch","HOU","RB",2017
"472","00-0031273",969,0.00338676248530191,0.0199598557050837,0.00030788749866381,"Cameron Brate","TB","TE",2017
"473","00-0032116",1256,0.00338386297444269,0.0198246737179303,0.000307623906767517,"Darius Philon","LAC","DL",2017
"474","00-0032955",1575,0.00337636974128444,0.0201163896297511,0.000306942703753131,"Kyler Fackrell","GB","LB",2017
"475","00-0030112",684,0.00336513195203621,0.0206260672013317,0.000305921086548746,"Tommy Bohanon","JAX","RB",2017
"476","00-0032355",1341,0.00335840923335163,0.0211633489254818,0.000305309930304694,"Chester Rogers","IND","WR",2017
"477","00-0028237",418,0.00331757624574218,0.020786141549681,0.000301597840522017,"Chris Hogan","NE","WR",2017
"478","00-0029208",494,0.00325617546741204,0.020794320413166,0.000296015951582912,"Tyrunn Walker","LA","DL",2017
"479","00-0031328",996,0.00325065111597211,0.0210721195419079,0.000295513737815646,"Brandon Dixon","NYG","DB",2017
"480","00-0033889",1934,0.00324860280333977,0.0199935741866273,0.000295327527576343,"Cam Robinson","JAX","OL",2017
"481","00-0031570",1094,0.00324284547092442,0.0200267873713939,0.000294804133720402,"Justin Hardy","ATL","WR",2017
"482","00-0031911",1184,0.00323780202157932,0.0210860700279971,0.000294345638325393,"Rick Lovato","PHI","LS",2017
"483","00-0031943",1202,0.00321898636528449,0.0215836816005115,0.000292635124116772,"Ramik Wilson","KC","LB",2017
"484","00-0030860",848,0.00321595555167164,0.0203711746789423,0.000292359595606513,"Orleans Darkwa","NYG","RB",2017
"485","00-0032147",1275,0.00321250600804838,0.020098395387979,0.000292046000731671,"Ty Sambrailo","ATL","OL",2017
"486","00-0033434",1758,0.00319891393352307,0.0211516558291172,0.000290810357593006,"Bobo Wilson","TB","WR",2017
"487","00-0026327",156,0.00319136850224516,0.0206443433229432,0.000290124409295014,"John Sullivan","LA","OL",2017
"488","00-0033058",1618,0.00318137199830383,0.0212077503894018,0.000289215636209439,"Reggie Ragland","KC","LB",2017
"489","00-0031597",1113,0.00317887331435465,0.0201735230411496,0.00028898848312315,"Tye Smith","TEN","DB",2017
"490","00-0026160",132,0.00316654237270327,0.0205138906148221,0.00028786748842757,"Aqib Talib","DEN","DB",2017
"491","00-0030387",724,0.00316541799553389,0.0213300819737289,0.000287765272321263,"Steven Means","PHI","DL",2017
"492","00-0027743",281,0.00312128075620413,0.0210643987024161,0.000283752796018558,"Sherrick McManis","CHI","DB",2017
"493","00-0033868",1913,0.00311667035380024,0.0200479419253229,0.000283333668527295,"Myles Garrett","CLE","DL",2017
"494","00-0026166",134,0.00311302116099709,0.0202427327763825,0.000283001923727008,"Duane Brown","SEA","OL",2017
"495","00-0031565",1090,0.00310918741650282,0.0202046572933176,0.000282653401500256,"Danielle Hunter","MIN","DL",2017
"496","00-0029670",592,0.00309377226590784,0.0205627977205941,0.00028125202417344,"Mark Barron","LA","LB",2017
"497","00-0031922",1189,0.00308112260352291,0.0214092615026494,0.000280102054865719,"Khari Lee","BUF","TE",2017
"498","00-0033284",1696,0.00307978505302471,0.0206696576140263,0.000279980459365883,"Taylor Moton","CAR","OL",2017
"499","00-0026512",162,0.00306815509272647,0.0208055192514026,0.000278923190247861,"Chris Baker","TB","DL",2017
"500","00-0033468",1772,0.00304967620400722,0.0210291805949624,0.000277243291273383,"Ukeme Eligwe","KC","LB",2017
"501","00-0027723",278,0.00303400719564262,0.0206740112918227,0.000275818835967511,"Al Woods","IND","DL",2017
"502","00-0032766",1496,0.00303125932659165,0.0209149951260469,0.00027556902969015,"Jason Spriggs","GB","OL",2017
"503","00-0031176",931,0.00302783493823196,0.0201928827615381,0.000275257721657451,"Nevin Lawson","DET","DB",2017
"504","00-0026027",122,0.00301505034554646,0.0220207640923556,0.000274095485958769,"J.J. Jansen","CAR","LS",2017
"505","00-0024278",68,0.00300943180006131,0.0217985087574232,0.000273584709096483,"Darryl Tapp","TB","DL",2017
"506","00-0026858",179,0.00300688879623547,0.0220075985528064,0.000273353526930497,"Graham Gano","CAR","K",2017
"507","00-0033562",1816,0.00299427697982638,0.0210248031097093,0.000272206998166035,"Ryan Switzer","DAL","WR",2017
"508","00-0031558",1086,0.00298565429502152,0.0206981214950357,0.000271423117729229,"Maxx Williams","BAL","TE",2017
"509","00-0028536",435,0.00298504239984891,0.0206954471734105,0.000271367490895356,"Bryan Braman","PHI","LB",2017
"510","00-0029888",632,0.0029809651319843,0.0215721962895449,0.000270996830180391,"Darryl Morris","NYG","DB",2017
"511","00-0032246",1320,0.00296453181182706,0.0218507114538369,0.000269502891984278,"Andrew Donnal","BAL","OL",2017
"512","00-0030513",769,0.00296232933881634,0.0208744930226179,0.000269302667165121,"Latavius Murray","MIN","RB",2017
"513","00-0026213",143,0.00293943604207338,0.0214322390425552,0.000267221458370307,"Jamaal Charles","DEN","RB",2017
"514","00-0022927",26,0.0029362844134366,0.0204099944934334,0.000266934946676054,"Karlos Dansby","ARI","LB",2017
"515","00-0032761",1491,0.00292979057743727,0.0205168390513149,0.000266344597948843,"Robert Nkemdiche","ARI","DL",2017
"516","00-0032892",1547,0.00291671744879176,0.0193170821400021,0.000265156131708342,"Nick Vigil","CIN","LB",2017
"517","00-0027691",271,0.0028982541430103,0.0214480152616658,0.000263477649364572,"Andre Roberts","ATL","WR",2017
"518","00-0031408",1048,0.00289476760465041,0.0202862045390668,0.000263160691331856,"Mike Evans","TB","WR",2017
"519","00-0030896",856,0.00289348346006972,0.0212517692378214,0.000263043950915429,"Chandler Catanzaro","NYJ","K",2017
"520","00-0031189",937,0.00287832963755921,0.019904224292167,0.000261666330687201,"T.J. Jones","DET","WR",2017
"521","00-0031235",946,0.00287762513136604,0.0218616961425761,0.00026160228466964,"Odell Beckham","NYG","WR",2017
"522","00-0032438",1396,0.00285252059485707,0.0204759026394967,0.000259320054077915,"Maurice Canady","BAL","DB",2017
"523","00-0032094",1244,0.00284034365214575,0.0205824438166433,0.000258213059285977,"Tyrell Adams","OAK","LB",2017
"524","00-0031937",1196,0.00283988455889443,0.021602086269588,0.000258171323535858,"Quinten Rollins","GB","DB",2017
"525","00-0031208",941,0.0028372630743325,0.0208520527823467,0.0002579330067575,"Chris McCain","LAC","DL",2017
"526","00-0029561",551,0.00283702734038981,0.0218445213881933,0.000257911576399074,"Cordy Glenn","BUF","OL",2017
"527","00-0033326",1720,0.00283600504145882,0.0223348789764795,0.00025781864013262,"Aviante Collins","MIN","OL",2017
"528","00-0029886",631,0.00283327365729875,0.0205406147783832,0.000257570332481704,"LaAdrian Waddle","NE","OL",2017
"529","00-0031256",956,0.00282980188070936,0.0201696894728783,0.000257254716428124,"Anthony Barr","MIN","LB",2017
"530","00-0027282",234,0.00280725985108869,0.0198671464291796,0.000255205441008062,"Ben Garland","ATL","OL",2017
"531","00-0033704",1867,0.0028045215236789,0.0208880949352699,0.000254956502152627,"James Onwualu","LAC","LB",2017
"532","00-0030871",851,0.00280289832063142,0.0211779847354527,0.00025480893823922,"Garrison Smith","SEA","DL",2017
"533","00-0022684",20,0.00278481897914917,0.0217444657626884,0.000253165361740834,"Donnie Jones","PHI","P",2017
"534","00-0033065",1623,0.00278193504732508,0.0216418706004303,0.000252903186120461,"Le'Raven Clark","IND","OL",2017
"535","00-0033738",1872,0.0027809750675805,0.0218999272080937,0.00025281591523459,"Otha Peters","WAS","LB",2017
"536","00-0029076",476,0.00277447985756333,0.0213594256288878,0.000252225441596666,"Austin Pasztor","ATL","OL",2017
"537","00-0029159",488,0.002765802133504,0.0203738438182914,0.000251436557591273,"Jermaine Kearse","NYJ","WR",2017
"538","00-0027657",256,0.00275707496322648,0.0205236735447536,0.000250643178475134,"Lamarr Houston","CHI","LB",2017
"539","00-0028908",455,0.00275627984653363,0.0207614030211594,0.000250570895139421,"Michael Thomas","MIA","DB",2017
"540","00-0031614",1120,0.00274607103310317,0.0211728579033134,0.000249642821191198,"Obum Gwacham","NYJ","LB",2017
"541","00-0031915",1186,0.00274487437257626,0.0194097467442647,0.000249534033870569,"John Timu","CHI","LB",2017
"542","00-0033070",1626,0.00273588377280177,0.0204136434817112,0.000248716706618343,"Javien Elliott","TB","DB",2017
"543","00-0028224",417,0.00273112684996729,0.0207126659037633,0.000248284259087935,"Chris Harris","DEN","DB",2017
"544","00-0032087",1243,0.00273092400641644,0.0221766302134741,0.00024826581876513,"Josh Lambo","JAX","K",2017
"545","00-0030887",855,0.00272820498349548,0.0209817433028081,0.000248018634863225,"Anthony Steen","MIA","OL",2017
"546","00-0033746",1876,0.00272518085295148,0.0211565779296612,0.00024774371390468,"Alex Barrett","DET","DL",2017
"547","00-0027008",199,0.00271785807377796,0.0211104032487259,0.000247078006707087,"Ziggy Hood","WAS","DL",2017
"548","00-0031626",1125,0.00271539922358828,0.0215533011852623,0.000246854474871662,"Brian Mihalik","DET","OL",2017
"549","00-0029878",629,0.00270421704850892,0.0216004290069638,0.000245837913500811,"MarQueis Gray","MIA","TE",2017
"550","00-0027980",352,0.00270269096037629,0.0200720737508374,0.000245699178216027,"Brooks Reed","ATL","DL",2017
"551","00-0024338",74,0.00270021217561967,0.021110526149573,0.000245473834147243,"Domata Peko Sr.","DEN","DL",2017
"552","00-0029641",584,0.00269937581390716,0.0202671816489649,0.000245397801264287,"Tyrone Crawford","DAL","DL",2017
"553","00-0029575",558,0.00269218477979469,0.0218457604006653,0.000244744070890427,"Robert Blanton","BUF","DB",2017
"554","00-0031627",1126,0.00267494604292426,0.0210983616118091,0.000243176912993115,"Corey Robinson","DET","OL",2017
"555","00-0027871",311,0.00266814105595586,0.0198466131905287,0.000242558277814169,"Sean Weatherspoon","ATL","LB",2017
"556","00-0028912",456,0.0026666368050448,0.0204930637185828,0.000242421527731346,"Vontaze Burfict","CIN","LB",2017
"557","00-0031172",928,0.00266401396815208,0.0212245960831401,0.000242183088013825,"Khyri Thornton","NYG","DL",2017
"558","00-0032916",1554,0.00265245050293523,0.0200124943843743,0.000241131863903203,"Trevor Williams","LAC","DB",2017
"559","00-0033933",1975,0.00264192473717927,0.0218195212051735,0.000240174976107206,"Chad Williams","ARI","WR",2017
"560","00-0033337",1722,0.0026410668265923,0.021272041283982,0.000240096984235664,"Brandon Bell","CIN","LB",2017
"561","00-0029586",563,0.00263996131003572,0.0209070101577504,0.00023999648273052,"Derek Wolfe","DEN","DL",2017
"562","00-0031022",877,0.00260649013750485,0.0197365313961365,0.000236953648864077,"Laurent Duvernay-Tardif","KC","OL",2017
"563","00-0033445",1761,0.00257937615629415,0.0193051307386123,0.000234488741481286,"Nicholas Morrow","OAK","LB",2017
"564","00-0030469",754,0.00257785133618344,0.0211524857874342,0.000234350121471222,"Johnthan Banks","HOU","DB",2017
"565","00-0033260",1685,0.00257666157610427,0.0211146482128623,0.000234241961464024,"Thomas Hennessy","NYJ","LS",2017
"566","00-0026944",182,0.00256746191576962,0.020014225394482,0.000233405628706329,"Captain Munnerlyn","CAR","DB",2017
"567","00-0032661",1460,0.00256455849339204,0.0211889075505957,0.000233141681217458,"Ben Braunecker","CHI","TE",2017
"568","00-0030516",771,0.00255765595443323,0.0210339076079055,0.000232514177675748,"Brice Butler","DAL","WR",2017
"569","00-0026232",146,0.00254953709195879,0.0210910244082771,0.000231776099268981,"Cliff Avril","SEA","DL",2017
"570","00-0032779",1506,0.00253882475473249,0.0201796993623111,0.000230802250430227,"Caleb Benenoch","TB","OL",2017
"571","00-0032938",1565,0.00253518023902856,0.022276186133236,0.000230470930820778,"Darius Latham","OAK","DL",2017
"572","00-0029572",557,0.00253504732990181,0.0219304367646798,0.000230458848172891,"Jarius Wright","MIN","WR",2017
"573","00-0033323",1718,0.00253423809760469,0.0221256544801271,0.000230385281600427,"Darrell Williams","SF","OL",2017
"574","00-0023173",31,0.00252435775305071,0.0203447571145138,0.000229487068459155,"John Denney","MIA","LS",2017
"575","00-0031363",1020,0.00251709457145961,0.0213628302217796,0.000228826779223601,"Michael Palardy","CAR","P",2017
"576","00-0024281",69,0.00251257872570151,0.020708168102452,0.000228416247791046,"Eric Winston","CIN","OL",2017
"577","00-0031384",1035,0.0025097485504097,0.0206969735219369,0.000228158959128155,"Richard Rodgers","GB","TE",2017
"578","00-0031191",938,0.0025053543694062,0.0218528817347898,0.000227759488127836,"Luke Bowanko","BAL","OL",2017
"579","00-0016919",3,0.00248407913686129,0.0221527861255882,0.000225825376078299,"Adam Vinatieri","IND","K",2017
"580","00-0031534",1072,0.00247905385867524,0.0212177724728135,0.00022536853260684,"La'el Collins","DAL","OL",2017
"581","00-0026280",151,0.0024717163629115,0.0210592317481762,0.000224701487537409,"Brandon Carr","BAL","DB",2017
"582","00-0033424",1756,0.00247059636186164,0.0216671298273192,0.000224599669260149,"Riley Bullough","TB","LB",2017
"583","00-0024306",70,0.00246470535285313,0.0210189798715291,0.000224064122986648,"Frostee Rucker","ARI","DL",2017
"584","00-0033871",1916,0.00244177114998896,0.0205538411815554,0.000221979195453542,"Corey Davis","TEN","WR",2017
"585","00-0029795",622,0.00243393909917354,0.0204667350512239,0.000221267190833958,"Benny Cunningham","CHI","RB",2017
"586","00-0032455",1403,0.00242308309758359,0.0216363145316997,0.000220280281598508,"Austin Blythe","LA","OL",2017
"587","00-0029657",588,0.0024178738651642,0.0203721861649389,0.000219806715014927,"Akiem Hicks","CHI","DL",2017
"588","00-0032791",1517,0.00240168530452836,0.0197053328779443,0.000218335027684396,"Jakeem Grant","MIA","WR",2017
"589","00-0027796",290,0.00237464236296459,0.0204629122399776,0.000215876578451326,"Joe Webb","BUF","QB",2017
"590","00-0032428",1388,0.00237237244063647,0.0208351625206189,0.000215670221876042,"Tyrone Holmes","KC","DL",2017
"591","00-0028111",403,0.0023706818932607,0.0209830975069479,0.000215516535750972,"Byron Maxwell","SEA","DB",2017
"592","00-0029053",472,0.00236181630815405,0.020284466772575,0.00021471057346855,"Ryan Davis","BUF","DL",2017
"593","00-0028012",370,0.00236078033583442,0.0209445637863645,0.000214616394166766,"Ryan Mallett","BAL","QB",2017
"594","00-0029422",537,0.00235042860311951,0.0205909273369275,0.000213675327556319,"Keith Tandy","TB","DB",2017
"595","00-0027812",292,0.00234607698289388,0.0204499385735374,0.000213279725717625,"Dekoda Watson","SF","LB",2017
"596","00-0033963",2000,0.0023415954206308,0.0203510209050311,0.000212872310966436,"Tanzel Smart","LA","DL",2017
"597","00-0031959",1212,0.00233916436295538,0.0209817050637959,0.000212651305723217,"Marcus Murphy","BUF","RB",2017
"598","00-0033576",1827,0.00233904013895434,0.0213308924250389,0.000212640012632213,"Eric Saubert","ATL","TE",2017
"599","00-0031136",920,0.00233726340661946,0.0219658922372417,0.00021247849151086,"Chris Boswell","PIT","K",2017
"600","00-0033611",1845,0.00233566485301317,0.0205665219280144,0.000212333168455743,"Ricky Seals-Jones","ARI","TE",2017
"601","00-0027991",359,0.00233488055332552,0.0205616604987651,0.000212261868484139,"Stephen Paea","DAL","DL",2017
"602","00-0033523",1782,0.00233126660095993,0.0215492567606595,0.000211933327359993,"Jonathan Allen","WAS","DL",2017
"603","00-0027089",218,0.00232072545745895,0.0213410500836264,0.000210975041587177,"Louis Murphy","SF","WR",2017
"604","00-0031728",1145,0.0023101613046688,0.020795481624658,0.0002100146640608,"Zach Vigil","WAS","LB",2017
"605","00-0033300",1708,0.00230229108809856,0.0219218688927013,0.000209299189827142,"Conor McDermott","BUF","OL",2017
"606","00-0030412",733,0.00229536012348527,0.019797714324184,0.000208669102135024,"Shamarko Thomas","BUF","DB",2017
"607","00-0032809",1528,0.00229382736458968,0.0211109195079788,0.000208529760417244,"Joe Walker","PHI","LB",2017
"608","00-0031258",958,0.00228396517392466,0.0214710904806572,0.000207633197629514,"Jeremiah Attaochu","LAC","DL",2017
"609","00-0028074",388,0.00225524558710566,0.0207707346789958,0.000205022326100515,"Anthony Sherman","KC","RB",2017
"610","00-0032918",1555,0.00225264100948488,0.0200348528405001,0.000204785546316807,"C.J. Ham","MIN","RB",2017
"611","00-0033860",1910,0.00225199512332426,0.0217180374136264,0.000204726829393115,"Davon Godchaux","MIA","DL",2017
"612","00-0033819",1897,0.00225034657359165,0.0213821435589004,0.000204576961235605,"Jamal Carter","DEN","DB",2017
"613","00-0033675",1857,0.00224885678688354,0.0216725941948858,0.000204441526080322,"Dymonte Thomas","DEN","DB",2017
"614","00-0027891",319,0.0022427883358716,0.0203732340455362,0.0002038898487156,"Golden Tate","DET","WR",2017
"615","00-0032115",1255,0.00223396601145744,0.0200775243129806,0.000203087819223403,"Kaelin Clay","CAR","WR",2017
"616","00-0028031",376,0.00222100577035448,0.0206817908797569,0.00020190961548677,"Chris Conte","TB","DB",2017
"617","00-0031544",1073,0.0022014771671752,0.020662823673754,0.000200134287925019,"Amari Cooper","OAK","WR",2017
"618","00-0031301",983,0.00220010040504578,0.0220645564017443,0.000200009127731435,"Jeremy Hill","CIN","RB",2017
"619","00-0031261",961,0.00215962662873378,0.020388397935591,0.000196329693521253,"Tre Boston","LAC","DB",2017
"620","00-0031533",1071,0.0021547239059279,0.0207895221362315,0.000195883991447991,"Randall Telfer","CLE","TE",2017
"621","00-0032969",1584,0.00214465633711006,0.0204594867802557,0.000194968757919097,"Nick Martin","HOU","OL",2017
"622","00-0033787",1890,0.00214098943096262,0.0214257808194361,0.000194635402814784,"Jake Elliott","PHI","K",2017
"623","00-0033776",1884,0.00211991747788339,0.022580344129581,0.000192719770716671,"Gimel President","HOU","LB",2017
"624","00-0033400",1748,0.00211378921714868,0.0222909266062184,0.000192162656104426,"Matt Haack","MIA","P",2017
"625","00-0031961",1213,0.00211012850029954,0.0208393013631662,0.000191829863663595,"Mark Nzeocha","SF","LB",2017
"626","00-0029630",579,0.00210540020442854,0.0199812763297305,0.000191400018584412,"Michael Brockers","LA","DL",2017
"627","00-0030585",807,0.00210236632188391,0.02166862642446,0.000191124211080355,"Justin Pugh","NYG","OL",2017
"628","00-0026995",193,0.00209787535027817,0.0204128448661027,0.000190715940934379,"Jeremy Maclin","BAL","WR",2017
"629","00-0031738",1148,0.00208489886535014,0.0213001555246498,0.000189536260486377,"Justin Currie","CLE","DB",2017
"630","00-0031122",916,0.00206323782891476,0.0208231137284034,0.000187567075355887,"Andrew Norwell","CAR","OL",2017
"631","00-0029747",615,0.00206266278033475,0.021426937657977,0.00018751479821225,"Chris Banjo","NO","DB",2017
"632","00-0026243",148,0.00206109486205675,0.0218912906668317,0.000187372260186977,"William Hayes","MIA","DL",2017
"633","00-0027835",294,0.00205710054784794,0.0209662968207786,0.000187009140713449,"Kurt Coleman","CAR","DB",2017
"634","00-0026784",173,0.00203040374494414,0.0200515925252206,0.000184582158631286,"Evan Smith","TB","OL",2017
"635","00-0033345",1726,0.00201068357620232,0.0215950233587987,0.000182789416018393,"Kent Perkins","CIN","OL",2017
"636","00-0031607",1116,0.00200265591593766,0.0207772991324726,0.000182059628721605,"L.T. Walton","PIT","DL",2017
"637","00-0031847",1172,0.00199158580661568,0.0209638972741863,0.00018105325514688,"Josh Keyes","CLE","LB",2017
"638","00-0028787",444,0.00196326888996456,0.0215988927174605,0.000178478989996779,"Kai Forbath","MIN","K",2017
"639","00-0033783",1886,0.00195960766245937,0.020992828383731,0.00017814615113267,"Ahkello Witherspoon","SF","DB",2017
"640","00-0031801",1163,0.00195180390681484,0.022188465257477,0.000177436718801349,"Jordan Leslie","DEN","WR",2017
"641","00-0025555",108,0.00194684575461584,0.0203346713598156,0.000176985977692349,"Corey Graham","PHI","DB",2017
"642","00-0032859",1538,0.00194408292166329,0.0217712538092151,0.000176734811060299,"Destiny Vaeao","PHI","DL",2017
"643","00-0032061",1234,0.00192580919063589,0.0209990602902757,0.000175073562785081,"Xavier Cooper","NYJ","DL",2017
"644","00-0032621",1445,0.00192346696768671,0.0210965348660663,0.000174860633426065,"Rashawn Scott","MIA","WR",2017
"645","00-0032569",1430,0.00192335811098044,0.0210321628771729,0.000174850737361858,"Wil Lutz","NO","K",2017
"646","00-0032934",1562,0.00192006700073576,0.0210442957268658,0.000174551545521433,"Tony McRae","CIN","DB",2017
"647","00-0032745",1484,0.00191319936540653,0.0210993898808655,0.000173927215036957,"Alan Cross","TB","TE",2017
"648","00-0033050",1611,0.00190856548406157,0.0200850674268843,0.000173505953096507,"Xavien Howard","MIA","DB",2017
"649","00-0024183",58,0.00189053994777321,0.0211768861547592,0.000171867267979383,"Brent Grimes","TB","DB",2017
"650","00-0027858",300,0.00188927734161869,0.0216009104119083,0.000171752485601699,"Eric Berry","KC","DB",2017
"651","00-0033512",1779,0.00188884366029723,0.0206999629844943,0.000171713060027021,"Damontae Kazee","ATL","DB",2017
"652","00-0033913",1958,0.00188757934267819,0.0216581848894487,0.000171598122061654,"Chris Wormley","BAL","DL",2017
"653","00-0031000",867,0.00188559699479607,0.0219981377753282,0.000171417908617825,"Trevor Reilly","NE","LB",2017
"654","00-0032171",1288,0.00187766152855,0.021376857668911,0.000170696502595455,"Hayes Pullard","LAC","LB",2017
"655","00-0026832",175,0.00187674687911094,0.0213162457073961,0.000170613352646449,"Jonathan Casillas","NYG","LB",2017
"656","00-0033940",1982,0.00187427554534298,0.0204411755414093,0.000170388685940271,"Jaleel Johnson","MIN","DL",2017
"657","00-0029304",519,0.00185109025108184,0.0206859224181694,0.00016828093191653,"Brad Nortman","JAX","P",2017
"658","00-0025473",102,0.00184173371791942,0.0218206488564215,0.000167430337992675,"Marshal Yanda","BAL","OL",2017
"659","00-0027044",211,0.00184061105874353,0.0210232395815864,0.000167328278067594,"Michael Johnson","CIN","DL",2017
"660","00-0032804",1526,0.00184029408879321,0.0210849234633955,0.000167299462617565,"Daniel Lasco","NO","RB",2017
"661","00-0032894",1548,0.00182861673859731,0.0224808466654092,0.000166237885327028,"Joshua Perry","IND","LB",2017
"662","00-0028059",382,0.00182647882059991,0.021442735119621,0.000166043529145446,"Chris Prosinski","CHI","DB",2017
"663","00-0031254",954,0.00182146871654008,0.0201441289976687,0.000165588065140008,"Denico Autry","OAK","DL",2017
"664","00-0033336",1721,0.00181804707481404,0.0206352345388244,0.000165277006801277,"Eric Wilson","MIN","LB",2017
"665","00-0027987",357,0.00181400715537629,0.021625142164697,0.000164909741397845,"Ben Ijalana","NYJ","OL",2017
"666","00-0031815",1166,0.00179830009294557,0.0219075674041447,0.000163481826631415,"Cameron Lynch","LA","LB",2017
"667","00-0031280",973,0.00179586232535299,0.0210268387657867,0.000163260211395726,"Derek Carr","OAK","QB",2017
"668","00-0028932",458,0.0017840857175741,0.0207082170780317,0.000162189610688555,"L.J. Fort","PIT","LB",2017
"669","00-0033399",1747,0.00177139173395707,0.0196700175425248,0.000161035612177916,"Chase Allen","MIA","LB",2017
"670","00-0033592",1839,0.00174982944594051,0.0219383615910434,0.00015907540417641,"Kyle Fuller","HOU","OL",2017
"671","00-0032635",1451,0.00174876093193903,0.0200180849482233,0.000158978266539911,"Josh Hawkins","GB","DB",2017
"672","00-0032926",1558,0.0017446228716483,0.0215673568476668,0.000158602079240754,"K.J. Brent","IND","WR",2017
"673","00-0032053",1226,0.00173119668062176,0.0202341118459957,0.00015738151642016,"Brandon Scherff","WAS","OL",2017
"674","00-0026857",178,0.00172698756120681,0.0214259546490041,0.000156998869200619,"Dannell Ellerbe","PHI","LB",2017
"675","00-0031796",1160,0.00172423824212461,0.0203246233227872,0.000156748931102237,"Justin Coleman","SEA","DB",2017
"676","00-0030126",688,0.00171963696241939,0.0207535537324499,0.000156330632947217,"T.J. Johnson","CIN","OL",2017
"677","00-0028664",439,0.00171766145208841,0.0214506542969701,0.000156151041098947,"Chris Jones","DAL","P",2017
"678","00-0033580",1831,0.00171078785517846,0.0218555354785346,0.000155526168652588,"Tanner Vallejo","BUF","LB",2017
"679","00-0030864",849,0.00170405168449215,0.0209295215068064,0.000154913789499287,"Anthony Johnson","IND","DL",2017
"680","00-0032580",1436,0.00170390773418772,0.0197048618177348,0.000154900703107975,"Jonathan Jones","NE","DB",2017
"681","00-0032856",1537,0.00170063352240293,0.0230641524742689,0.000154603047491175,"C.J. Smith","CLE","DB",2017
"682","00-0033748",1877,0.00169184963980012,0.0205387376440945,0.000153804512709102,"Tion Green","DET","RB",2017
"683","00-0031031",881,0.00168781095896127,0.0194161358850748,0.00015343735990557,"Brent Qvale","NYJ","OL",2017
"684","00-0033974",2007,0.00168365441334873,0.0215724419496675,0.000153059492122612,"Ejuan Price","LA","LB",2017
"685","00-0031567",1092,0.00168024306901474,0.0203825768190708,0.000152749369910431,"Daryl Williams","CAR","OL",2017
"686","00-0027745",283,0.00167694110641089,0.0209658764568184,0.000152449191491899,"Cam Thomas","KC","DL",2017
"687","00-0029570",556,0.00164614457288589,0.021983788513441,0.00014964950662599,"Nate Ebner","NE","DB",2017
"688","00-0031502",1066,0.00161751400506268,0.0212811355518661,0.000147046727732971,"Jordan Berry","PIT","P",2017
"689","00-0030392",726,0.00161746422852894,0.0203851351892813,0.00014704220259354,"Michael Mauti","NO","LB",2017
"690","00-0033960",1997,0.00160846591817483,0.0198671639356152,0.00014622417437953,"Danny Isidora","MIN","OL",2017
"691","00-0033784",1887,0.00160464243008524,0.0200374057490901,0.000145876584553204,"Eddie Jackson","CHI","DB",2017
"692","00-0030544",786,0.00160097750419801,0.0207730990186349,0.000145543409472546,"Gavin Escobar","BAL","TE",2017
"693","00-0031834",1170,0.00159335847436971,0.0212720243086962,0.000144850770397246,"Larry Pinkard","JAX","WR",2017
"694","00-0031799",1161,0.00159062667177547,0.0208104079607585,0.000144602424706861,"Anthony Harris","MIN","DB",2017
"695","00-0027939",324,0.00158962102454893,0.0203169343855453,0.000144511002231721,"Cam Newton","CAR","QB",2017
"696","00-0028101",400,0.00158744149862484,0.0201546694699182,0.000144312863511349,"Daniel Kilgore","SF","OL",2017
"697","00-0031895",1179,0.00156353611407171,0.0218642432259713,0.000142139646733792,"Ronald Martin","IND","DB",2017
"698","00-0029955",641,0.00155706050772795,0.0204127322367121,0.000141550955247996,"LaRoy Reynolds","ATL","LB",2017
"699","00-0030273",708,0.00154992685762689,0.0206380402421333,0.000140902441602445,"Lane Taylor","GB","OL",2017
"700","00-0033350",1729,0.00154793841345905,0.0216819174531011,0.000140721673950823,"Donatello Brown","GB","DB",2017
"701","00-0033956",1995,0.00154435614787658,0.0218744193647032,0.000140396013443325,"Marquel Lee","OAK","LB",2017
"702","00-0032388",1358,0.00154157406907666,0.0209530528745561,0.000140143097188787,"Deion Jones","ATL","LB",2017
"703","00-0031407",1047,0.00153743480959659,0.0200533812625821,0.000139766800872418,"Blake Bortles","JAX","QB",2017
"704","00-0029319",521,0.00153073104755477,0.0207868424308604,0.000139157367959524,"Josh Bellamy","CHI","WR",2017
"705","00-0033324",1719,0.00152922449500023,0.0215971801820011,0.000139020408636385,"Tashawn Bower","MIN","DL",2017
"706","00-0033362",1733,0.00151372605177774,0.0203602098638638,0.000137611459252522,"Lenzy Pipkins","GB","DB",2017
"707","00-0033895",1940,0.00150873899089449,0.0205079788407992,0.000137158090081318,"Gerald Everett","LA","TE",2017
"708","00-0029205",493,0.00149851636203916,0.0203817169446566,0.000136228760185378,"Travaris Cadet","BUF","RB",2017
"709","00-0033962",1999,0.00149421688133586,0.0217488831461065,0.00013583789830326,"Caleb Brantley","CLE","DL",2017
"710","00-0029263",507,0.0014941475387979,0.0205612265731351,0.000135831594436173,"Russell Wilson","SEA","QB",2017
"711","00-0023564",47,0.00147939449008599,0.0214527469746394,0.000134490408189636,"Darren Sproles","PHI","RB",2017
"712","00-0027862",304,0.00147598421757011,0.020288138319531,0.000134180383415465,"Tyson Alualu","PIT","DL",2017
"713","00-0033006",1596,0.00147597148308388,0.0209501177340142,0.000134179225734898,"Jaydon Mickens","JAX","WR",2017
"714","00-0030117",686,0.00144908155693317,0.0206218927023849,0.000131734686993924,"Kerwynn Williams","ARI","RB",2017
"715","00-0033916",1961,0.00144693163554274,0.0203926877587253,0.000131539239594795,"ArDarius Stewart","NYJ","WR",2017
"716","00-0027756",284,0.00144084162636066,0.0217246963523855,0.000130985602396424,"Arthur Jones","WAS","DL",2017
"717","00-0029693",606,0.00144036406045474,0.0209249615844607,0.000130942187314068,"Olivier Vernon","NYG","DL",2017
"718","00-0033894",1939,0.0014350944345095,0.0208118556833031,0.000130463130409954,"Marcus Williams","NO","DB",2017
"719","00-0032921",1556,0.00141016941343739,0.0214872050401808,0.000128197219403399,"Zach Sterup","MIA","OL",2017
"720","00-0033470",1774,0.00138196031970313,0.0207512552776219,0.000125632756336648,"Leon McQuay III","KC","DB",2017
"721","00-0030737",831,0.00138138873753257,0.0209444591291668,0.000125580794321142,"Freddie Martino","TB","WR",2017
"722","00-0028103",401,0.00137714171901722,0.0206769743869844,0.000125194701728838,"Pernell McPhee","CHI","LB",2017
"723","00-0029664",589,0.00137647720635991,0.020953674588608,0.000125134291487264,"Josh Gordon","CLE","WR",2017
"724","00-0023853",53,0.00137021923047035,0.0209386832911186,0.000124565384588214,"Matt Prater","DET","K",2017
"725","00-0031209",942,0.00136223801428512,0.0206506411186581,0.000123839819480466,"Senorise Perry","MIA","RB",2017
"726","00-0031019",874,0.00136052436160521,0.0207215221823065,0.000123684032873201,"Corey Linsley","GB","OL",2017
"727","00-0031181",933,0.00135136791287114,0.0206227754942902,0.000122851628442831,"Ricardo Allen","ATL","DB",2017
"728","00-0029111",479,0.00133744704901509,0.021379670238738,0.000121586095365008,"Derrick Shelby","ATL","DL",2017
"729","00-0032703",1471,0.00133670417957893,0.0222173270160751,0.000121518561779903,"Rodney Coe","DET","DL",2017
"730","00-0031492",1065,0.0013353271713607,0.0214233250930833,0.000121393379214609,"Jason Myers","JAX","K",2017
"731","00-0032362",1342,0.00133196788247249,0.0214801743825285,0.000121087989315681,"Maurice Harris","WAS","WR",2017
"732","00-0030590",808,0.00133087920047575,0.0205005451194141,0.000120989018225068,"Jonathan Cooper","DAL","OL",2017
"733","00-0030626",812,0.00132150902362217,0.0220768304180645,0.000120137183965652,"Patrick Murray","TB","K",2017
"734","00-0033024",1600,0.00132149253239841,0.0206372585516826,0.000120135684763492,"Branden Jackson","SEA","DL",2017
"735","00-0032449",1400,0.00131755234236189,0.0209358896008901,0.000119777485669263,"Lac Edwards","NYJ","P",2017
"736","00-0030993",865,0.00131381516514148,0.020605318993038,0.00011943774228559,"Aaron Lynch","SF","DL",2017
"737","00-0032198",1294,0.00130854315107311,0.0208936125238876,0.000118958468279373,"Ibraheim Campbell","HOU","DB",2017
"738","00-0031743",1150,0.00130491004027692,0.0207507993592363,0.00011862818547972,"Akeem Hunt","KC","RB",2017
"739","00-0030457",749,0.00129739104329436,0.0210625493720367,0.000117944640299487,"Tank Carradine","SF","DL",2017
"740","00-0032107",1250,0.00129355345734425,0.0207661924826266,0.000117595768849477,"Angelo Blackson","HOU","DL",2017
"741","00-0033659",1852,0.00128675575260068,0.02116866570146,0.000116977795690971,"Joe Jones","DEN","LB",2017
"742","00-0033285",1697,0.00128618784167183,0.0217508967745102,0.000116926167424711,"Daeshon Hall","CAR","DL",2017
"743","00-0027867",307,0.00127736476581326,0.0207431043620641,0.000116124069619387,"Jason Pierre-Paul","NYG","DL",2017
"744","00-0031583",1103,0.00127710760269896,0.0208769998034708,0.000116100691154451,"Grady Jarrett","ATL","DL",2017
"745","00-0033298",1706,0.00127101018174066,0.0222010439847262,0.000115546380158241,"Pita Taumoepenu","SF","LB",2017
"746","00-0027055",212,0.00126626105767418,0.0214600802099256,0.000115114641606744,"Roy Miller","KC","DL",2017
"747","00-0026968",185,0.001241434093583,0.02177741887888,0.000112857644871182,"Ryan Succop","TEN","K",2017
"748","00-0032422",1384,0.0012355097555463,0.0213915406363528,0.000112319068686028,"Kentrell Brothers","MIN","LB",2017
"749","00-0033280",1692,0.00121880353907466,0.0192284584130757,0.00011080032173406,"Christian McCaffrey","CAR","RB",2017
"750","00-0033064",1622,0.00121712184293957,0.0199025463236097,0.000110647440267234,"Adam Gotsis","DEN","DL",2017
"751","00-0031696",1139,0.00121297066243787,0.0207329297874407,0.000110270060221624,"Zaire Anderson","DEN","LB",2017
"752","00-0033303",1710,0.00120628838374303,0.0216205725029944,0.000109662580340275,"Harrison Butker","KC","K",2017
"753","00-0032200",1295,0.00119851832829187,0.0218256221196092,0.000108956211662897,"Ty Montgomery","GB","RB",2017
"754","00-0033118",1659,0.00119703021095352,0.0207758683289804,0.000108820928268501,"Kenyan Drake","MIA","RB",2017
"755","00-0033296",1704,0.00119122214317574,0.0208417228882917,0.000108292922106885,"Alex Armah","CAR","RB",2017
"756","00-0031006",869,0.00117380689568631,0.0205197904597529,0.000106709717789665,"Robert Thomas","NYG","DL",2017
"757","00-0033531",1790,0.00117213352902333,0.0210381800284244,0.000106557593547576,"Colin Holba","JAX","LS",2017
"758","00-0033676",1858,0.00117192426551217,0.0212386320380809,0.000106538569592016,"Elijah Wilkinson","DEN","OL",2017
"759","00-0032965",1580,0.0011706143234768,0.0201870716941578,0.000106419483952437,"Ronnie Stanley","BAL","OL",2017
"760","00-0031624",1124,0.00116961505828415,0.022849915915484,0.000106328641662195,"Edmond Robinson","ARI","LB",2017
"761","00-0031676",1135,0.00116817710847366,0.0210458145744159,0.000106197918952151,"Joey Mbu","IND","DL",2017
"762","00-0033392",1745,0.001166974705506,0.0226905903681453,0.000106088609591454,"Harvey Langi","NE","LB",2017
"763","00-0028110",402,0.00116529988846954,0.0200818506925429,0.000105936353497231,"Brandon Fusco","SF","OL",2017
"764","00-0030070",667,0.00116049875826489,0.0209268339109319,0.00010549988711499,"John Jenkins","CHI","DL",2017
"765","00-0027854",296,0.00115977144832811,0.0217195084091835,0.000105433768029828,"Sam Bradford","MIN","QB",2017
"766","00-0033945",1986,0.00115952675868167,0.0205139596438819,0.000105411523516515,"Samson Ebukam","LA","LB",2017
"767","00-0030486",760,0.00114597708596307,0.0213441100393376,0.000104179735087552,"Brian Schwenke","TEN","OL",2017
"768","00-0032397",1365,0.00114259109110486,0.0216011088447396,0.000103871917373169,"Rees Odhiambo","SEA","OL",2017
"769","00-0031768",1154,0.00113301115689417,0.0216614594533902,0.000103001014263106,"Terrence Magee","ATL","RB",2017
"770","00-0027654",254,0.0011276743070072,0.0214356764366262,0.000102515846091564,"Arrelious Benn","JAX","WR",2017
"771","00-0030899",857,0.0011271056953633,0.0215374594840394,0.000102464154123936,"Garry Gilliam","SF","OL",2017
"772","00-0033897",1942,0.00112576850999558,0.0213210395436371,0.00010234259181778,"Joe Mixon","CIN","RB",2017
"773","00-0033587",1835,0.00112381655681775,0.0219431380262319,0.000102165141528886,"Jalen Myrick","JAX","DB",2017
"774","00-0033791",1893,0.00111976414938712,0.0221623994936582,0.000101796740853375,"Brandon Wilson","CIN","DB",2017
"775","00-0033344",1725,0.00110365580195129,0.0207006017489479,0.000100332345631936,"Hardy Nickerson","CIN","LB",2017
"776","00-0033862",1911,0.00108906322370276,0.0215069805243873,9.90057476093416e-05,"Zane Gonzalez","CLE","K",2017
"777","00-0030573",800,0.00107733969746306,0.0210716922598559,9.79399724966418e-05,"Sheldon Richardson","SEA","DL",2017
"778","00-0031335",1002,0.0010704950309083,0.0216790664684237,9.73177300825731e-05,"Cyrus Kouandjio","DEN","OL",2017
"779","00-0029421",536,0.00106913580043191,0.0212350871557629,9.71941636756284e-05,"Randy Bullock","CIN","K",2017
"780","00-0030427",737,0.00106812063606722,0.0205723427347984,9.71018760061107e-05,"Kemal Ishmael","ATL","DB",2017
"781","00-0027872",312,0.00106726430821421,0.0207629009991096,9.7024028019474e-05,"Kareem Jackson","HOU","DB",2017
"782","00-0033140",1672,0.00106513171920706,0.0213487871781084,9.68301562915508e-05,"Darnell Sankey","BAL","LB",2017
"783","00-0033631",1846,0.00105918834449426,0.0222075035627743,9.62898494994786e-05,"Rashaad Coward","CHI","DL",2017
"784","00-0032803",1525,0.00104964661292141,0.0201031397408577,9.54224193564919e-05,"Jalen Mills","PHI","DB",2017
"785","00-0032486",1412,0.00104110362749107,0.0206763226421142,9.46457843173702e-05,"Kameron Canaday","PIT","LS",2017
"786","00-0031297",980,0.00103967438475089,0.0218172628910651,9.45158531591722e-05,"Dee Ford","KC","LB",2017
"787","00-0033935",1977,0.00103527383968324,0.0211752154642947,9.41158036075677e-05,"Trey Hendrickson","NO","DL",2017
"788","00-0032890",1545,0.00103385490468532,0.0210248872267315,9.39868095168469e-05,"James Bradberry","CAR","DB",2017
"789","00-0027652",252,0.00103253337772316,0.021361198847727,9.38666707021057e-05,"Nate Allen","MIA","DB",2017
"790","00-0032508",1417,0.0010107711047553,0.0207792921114349,9.18882822504821e-05,"Hakeem Valles","DET","TE",2017
"791","00-0029040",470,0.00101011052750336,0.0202386662428274,9.18282297730326e-05,"Damon Harrison","NYG","DL",2017
"792","00-0024334",73,0.00100119386944858,0.0200456861916624,9.10176244953259e-05,"Brandon Marshall","NYG","WR",2017
"793","00-0030001",647,0.000999373206089404,0.0221376747427138,9.08521096444913e-05,"Joe Vellano","ATL","DL",2017
"794","00-0033566",1818,0.000991628217757217,0.019582111575877,9.01480197961107e-05,"Desmond King","LAC","DB",2017
"795","00-0032939",1566,0.000985406968913277,0.0208403280435297,8.95824517193888e-05,"Vonn Bell","NO","DB",2017
"796","00-0030161",699,0.000973549259843645,0.0204041178151578,8.85044781676041e-05,"Bradley McDougald","SEA","DB",2017
"797","00-0032353",1339,0.000969374606001531,0.020280197291205,8.81249641819573e-05,"Chris Milton","IND","DB",2017
"798","00-0030792",842,0.000967698416413202,0.0195596695361371,8.79725833102911e-05,"Justin McCray","GB","OL",2017
"799","00-0032643",1454,0.000964945256010064,0.0214127645725301,8.77222960009149e-05,"Michael Hunter","DEN","DB",2017
"800","00-0031332",999,0.000963699094592797,0.0218774937948908,8.76090085993452e-05,"Fitzgerald Toussaint","PIT","RB",2017
"801","00-0031818",1167,0.000961710593683572,0.0205650693247562,8.74282357894156e-05,"Bradley Marquez","DET","WR",2017
"802","00-0031636",1130,0.000956572163537034,0.021907471400871,8.6961105776094e-05,"Justin Hamilton","KC","DL",2017
"803","00-0032852",1536,0.000951274425894665,0.0216988266352004,8.64794932631513e-05,"Tani Tupou","ATL","DL",2017
"804","00-0033234",1678,0.000942546564472475,0.020984715323334,8.56860513156795e-05,"Chris Odom","GB","LB",2017
"805","00-0030621",811,0.000941717308640092,0.0214244286415168,8.56106644218266e-05,"Michael Ola","LAC","OL",2017
"806","00-0033594",1840,0.000937367418478049,0.0222118217295153,8.52152198616408e-05,"Chris Carson","SEA","RB",2017
"807","00-0032131",1264,0.000931134242018541,0.0197638275708803,8.4648567456231e-05,"Rodney Gunter","ARI","DL",2017
"808","00-0023298",35,0.000927489917371217,0.0203250128740496,8.43172652155652e-05,"L.P. LaDouceur","DAL","LS",2017
"809","00-0032810",1529,0.000926244892006756,0.0214367802095683,8.42040810915233e-05,"Kalan Reed","TEN","DB",2017
"810","00-0025557",109,0.000918611221688018,0.0205666315790559,8.35101110625471e-05,"William Gay","PIT","DB",2017
"811","00-0033893",1938,0.000916028920637993,0.0217240778464177,8.32753564216357e-05,"Dalvin Cook","MIN","RB",2017
"812","00-0033595",1841,0.000905836522338234,0.0217851178939619,8.23487747580213e-05,"Pat O'Connor","TB","DL",2017
"813","00-0033267",1687,0.000890020318565539,0.0215595673932013,8.09109380514126e-05,"Reggie Porter","CLE","DB",2017
"814","00-0028263",421,0.000886873372176928,0.0203056359302384,8.06248520160843e-05,"Andre Holmes","BUF","WR",2017
"815","00-0031902",1182,0.000883681153146799,0.0212770022010545,8.03346502860726e-05,"Jonathan Anderson","CHI","LB",2017
"816","00-0031270",968,0.000882585069798963,0.0208958974220195,8.02350063453603e-05,"Shelby Harris","DEN","DL",2017
"817","00-0030411",732,0.000879271314470194,0.0201608837012804,7.99337558609267e-05,"Logan Ryan","TEN","DB",2017
"818","00-0033242",1679,0.000875481600929168,0.0217040486249917,7.95892364481062e-05,"Jermaine Grace","IND","LB",2017
"819","00-0024227",61,0.000871586152696211,0.0207582871158663,7.92351047905646e-05,"Haloti Ngata","DET","DL",2017
"820","00-0028002",364,0.000866781904674366,0.0206713602859624,7.87983549703969e-05,"Randall Cobb","GB","WR",2017
"821","00-0033925",1967,0.000864702500279471,0.0212495357005074,7.86093182072247e-05,"D'Onta Foreman","HOU","RB",2017
"822","00-0029607",571,0.000861722215134051,0.0217243689736791,7.83383831940046e-05,"Demario Davis","NYJ","LB",2017
"823","00-0031076",903,0.000858475710271418,0.0214515686928609,7.80432463883107e-05,"David Fales","MIA","QB",2017
"824","00-0025434",97,0.000845600975996055,0.0211153905809562,7.68728159996413e-05,"David Harris","NE","LB",2017
"825","00-0032667",1461,0.000840082102769436,0.0208156398029039,7.63711002517669e-05,"Roy Robertson-Harris","CHI","DL",2017
"826","00-0031371",1026,0.000825994484233159,0.0209935299918034,7.50904076575599e-05,"Marcus Smith","SEA","DL",2017
"827","00-0032677",1465,0.000821711974144529,0.0200521691379179,7.47010885585936e-05,"Cory Littleton","LA","LB",2017
"828","00-0026184",136,0.000817839836058401,0.0210943534524827,7.43490760053092e-05,"Matt Forte","NYJ","RB",2017
"829","00-0032050",1224,0.000815572504124635,0.020776871273527,7.41429549204214e-05,"Corey Moore","HOU","DB",2017
"830","00-0032682",1466,0.00080797162377672,0.0221490254906394,7.34519657978836e-05,"Kache Palacio","SEA","LB",2017
"831","00-0030546",788,0.000804587083769258,0.0211270290790923,7.31442803426599e-05,"Travis Frederick","DAL","OL",2017
"832","00-0033700",1865,0.000776291343400348,0.0210074541177691,7.05719403091225e-05,"Nigel Harris","TB","LB",2017
"833","00-0023500",44,0.000772267185784416,0.0211489592121266,7.02061077985832e-05,"Frank Gore","IND","RB",2017
"834","00-0033998",2012,0.000770302803874662,0.0211040822011627,7.00275276249693e-05,"Chunky Clements","HOU","DL",2017
"835","00-0031051",890,0.000770151689314816,0.0208372499887454,7.00137899377106e-05,"John Brown","ARI","WR",2017
"836","00-0029738",613,0.000748955382142805,0.0200267128473758,6.80868529220732e-05,"Darren Fells","DET","TE",2017
"837","00-0029266",508,0.000744121626762722,0.0211956845094436,6.7647420614793e-05,"John Hughes","NO","DL",2017
"838","00-0031331",998,0.0007311830473015,0.0200721770602423,6.64711861183182e-05,"Pierre Desir","IND","DB",2017
"839","00-0030650",816,0.000730924605066834,0.0219044157143024,6.64476913697121e-05,"Dewey McDonald","SEA","LB",2017
"840","00-0030555",792,0.000730416331348487,0.0215323774565608,6.64014846680443e-05,"Dion Jordan","SEA","DL",2017
"841","00-0030579",805,0.000714571516361532,0.020994898929094,6.49610469419575e-05,"Menelik Watson","DEN","OL",2017
"842","00-0029479",538,0.000709881385840817,0.0212960714308789,6.45346714400743e-05,"Emmanuel Lamur","MIN","LB",2017
"843","00-0029690",603,0.000706159201699525,0.0194270875493458,6.41962910635931e-05,"Trumaine Johnson","LA","DB",2017
"844","00-0032656",1458,0.000704156668275323,0.0210326025792596,6.40142425704839e-05,"Darius Powe","NYG","WR",2017
"845","00-0032966",1581,0.000699933462216313,0.0213669210372368,6.36303147469376e-05,"Corey Coleman","CLE","WR",2017
"846","00-0032433",1393,0.000697477552804698,0.021601888183516,6.34070502549725e-05,"Kyle Murphy","GB","OL",2017
"847","00-0026989",189,0.000692360818052594,0.0203982041548857,6.29418925502359e-05,"Brian Orakpo","TEN","LB",2017
"848","00-0033543",1800,0.000681768232929661,0.0218121626190184,6.19789302663328e-05,"Sidney Jones","PHI","DB",2017
"849","00-0031442",1061,0.000680043517575025,0.0210224489212914,6.18221379613659e-05,"Taylor Lewan","TEN","OL",2017
"850","00-0028292",424,0.000668439515591906,0.0215916621128771,6.07672286901733e-05,"Nick Bellore","DET","LB",2017
"851","00-0031350",1013,0.000666291132371328,0.0206859741544618,6.05719211246662e-05,"Corey Nelson","DEN","LB",2017
"852","00-0029687",600,0.000662683464163828,0.0220047418332533,6.02439512876207e-05,"Matt Kalil","CAR","OL",2017
"853","00-0032078",1240,0.000658812352969544,0.0221856690328934,5.98920320881403e-05,"Tyreek Burwell","IND","OL",2017
"854","00-0033955",1994,0.000657094240663329,0.0217830221721945,5.97358400603027e-05,"Jeremy McNichols","SF","RB",2017
"855","00-0031020",875,0.000652034563392457,0.022030266229479,5.92758693993143e-05,"Keith Reaser","KC","DB",2017
"856","00-0033347",1727,0.000649505916457127,0.0213100694681508,5.90459924051933e-05,"Josh Tupou","CIN","DL",2017
"857","00-0031545",1074,0.000642918178635371,0.0215518378974036,5.84471071486701e-05,"Kevin White","CHI","WR",2017
"858","00-0029682",598,0.000642124871643472,0.0213815793085156,5.83749883312247e-05,"Brock Osweiler","DEN","QB",2017
"859","00-0031788",1158,0.000640514538129757,0.0217125379144966,5.82285943754324e-05,"Matt Lengel","CLE","TE",2017
"860","00-0024243",64,0.000639658264895694,0.0204563664862874,5.8150751354154e-05,"Marcedes Lewis","JAX","TE",2017
"861","00-0028080",391,0.000635690238464694,0.0199648193854933,5.77900216786085e-05,"Karl Klug","TEN","DL",2017
"862","00-0033038",1603,0.000631588544607147,0.0208355126514548,5.74171404188315e-05,"Eric Murray","KC","DB",2017
"863","00-0033782",1885,0.000628949801701639,0.0209839105637713,5.7177254700149e-05,"DeMarcus Walker","DEN","DL",2017
"864","00-0032970",1585,0.000622816075277283,0.0208040104846897,5.66196432070257e-05,"Jordan Jenkins","NYJ","LB",2017
"865","00-0031267",966,0.000620942087361906,0.0208134761542047,5.64492806692642e-05,"Antone Exum","SF","DB",2017
"866","00-0028903",453,0.000612770958233293,0.0200474667097773,5.57064507484812e-05,"Garrett Celek","SF","TE",2017
"867","00-0032780",1507,0.000594541324772101,0.0207772073394794,5.40492113429183e-05,"Jordan Howard","CHI","RB",2017
"868","00-0024389",77,0.000591622732601216,0.0209273929496319,5.37838847819288e-05,"Delanie Walker","TEN","TE",2017
"869","00-0027187",225,0.000586064752470842,0.0199874159369924,5.32786138609856e-05,"Matt Overton","JAX","LS",2017
"870","00-0033863",1912,0.000583996603881687,0.0212310169825896,5.30906003528807e-05,"Dan Skipper","DET","OL",2017
"871","00-0032402",1369,0.000582827912413441,0.0210899642740206,5.29843556739492e-05,"Hassan Ridgeway","IND","DL",2017
"872","00-0029530",545,0.000578960448715244,0.0211118297103099,5.26327680650222e-05,"Justin Bethel","ARI","DB",2017
"873","00-0029259",505,0.000570543077761615,0.0201352516940176,5.18675525237832e-05,"Kelechi Osemele","OAK","OL",2017
"874","00-0030290",713,0.000555461220295561,0.0219012143588801,5.04964745723238e-05,"Cobi Hamilton","HOU","WR",2017
"875","00-0030488",761,0.0005513645002096,0.0214091036139985,5.01240454736e-05,"Lavar Edwards","CLE","LB",2017
"876","00-0032578",1435,0.000547044483986335,0.0214105455713403,4.97313167260305e-05,"Woodrow Hamilton","NO","DL",2017
"877","00-0031399",1043,0.000530516986671481,0.0214660850154562,4.82288169701346e-05,"Demetrius Rhaney","WAS","OL",2017
"878","00-0028121",408,0.000524044201731219,0.0211034404669647,4.76403819755654e-05,"Jordan Todman","HOU","RB",2017
"879","00-0025660",113,0.000518204810067624,0.0213603628177176,4.71095281879658e-05,"Brett Goode","GB","LS",2017
"880","00-0024424",80,0.000515500206836233,0.0215758788108974,4.68636551669302e-05,"Zach Strief","NO","OL",2017
"881","00-0032616",1443,0.000505290235871979,0.0212999904680394,4.59354759883617e-05,"Marshall Koehn","CIN","K",2017
"882","00-0032417",1380,0.000502552950121682,0.0216915282352248,4.56866318292438e-05,"Paul Perkins","NYG","RB",2017
"883","00-0032491",1414,0.000493159784242212,0.0208963582644646,4.48327076583829e-05,"Bryson Albright","ARI","LB",2017
"884","00-0031282",974,0.000492602158063005,0.0187922417331821,4.47820143693641e-05,"Justin Britt","SEA","OL",2017
"885","00-0031956",1209,0.00048220232037033,0.0205666303771968,4.38365745791209e-05,"Anthony Chickillo","PIT","LB",2017
"886","00-0032650",1456,0.000480426430118175,0.0224024878702009,4.36751300107432e-05,"Ryan Malleck","HOU","TE",2017
"887","00-0032004",1218,0.00047914860745931,0.0216473463339998,4.35589643144827e-05,"Will Tye","NE","TE",2017
"888","00-0028015",371,0.000474924034782065,0.0200191843481072,4.3174912252915e-05,"Jurrell Casey","TEN","DL",2017
"889","00-0030578",804,0.000461564967577347,0.0201233688274054,4.19604515979406e-05,"Cordarrelle Patterson","OAK","WR",2017
"890","00-0032784",1511,0.000461528709183445,0.0211918190922755,4.19571553803132e-05,"Kevin Hogan","CLE","QB",2017
"891","00-0031866",1175,0.000459102684004149,0.0215912710536763,4.17366076367408e-05,"Jordan Williams","NYG","DL",2017
"892","00-0031572",1096,0.000453609521267466,0.0213682344787114,4.12372292061333e-05,"T.J. Clemmings","WAS","OL",2017
"893","00-0031265",965,0.000442722805523762,0.0208181548051179,4.02475277748875e-05,"Ed Stinson","NYJ","DL",2017
"894","00-0031646",1131,0.000438534633778259,0.0215973422321361,3.98667848889326e-05,"Brett Boyko","LAC","OL",2017
"895","00-0033997",2011,0.000435362321420447,0.0210631679897663,3.95783928564042e-05,"Brady Sheldon","OAK","LB",2017
"896","00-0028118",407,0.000433161841177093,0.0211769875441635,3.93783491979175e-05,"Tyrod Taylor","BUF","QB",2017
"897","00-0028001",363,0.000429776344038134,0.0209373345446664,3.90705767307395e-05,"Marcus Gilbert","PIT","OL",2017
"898","00-0031411",1050,0.000429718634660289,0.0207078110508957,3.90653304236626e-05,"Demarcus Lawrence","DAL","DL",2017
"899","00-0026138",125,0.000428539035699926,0.0216310454554742,3.89580941545387e-05,"Connor Barth","CHI","K",2017
"900","00-0029714",611,0.00039907796483839,0.0213012843897568,3.62798149853082e-05,"Andrew DePaola","CHI","LS",2017
"901","00-0028946",460,0.000383262331408907,0.0211905309230155,3.48420301280824e-05,"Aaron Brewer","ARI","LS",2017
"902","00-0030564",796,0.000377235117751992,0.020385414019356,3.42941016138174e-05,"DeAndre Hopkins","HOU","WR",2017
"903","00-0027962",341,0.000373542781835355,0.0204371707198203,3.3958434712305e-05,"Cameron Jordan","NO","DL",2017
"904","00-0027245",231,0.000371636775684032,0.0202559483685127,3.37851614258211e-05,"Vincent Rey","CIN","LB",2017
"905","00-0030401",728,0.000371617730185983,0.0205865260323636,3.37834300169076e-05,"Kiko Alonso","MIA","LB",2017
"906","00-0031682",1136,0.000364640069941374,0.0214881535187777,3.31490972673977e-05,"Terron Ward","ATL","RB",2017
"907","00-0033527",1786,0.000355993627749208,0.0211511629447038,3.23630570681099e-05,"Montae Nicholson","WAS","DB",2017
"908","00-0030542",784,0.000353971450923962,0.0208689620658529,3.21792228112693e-05,"Terrance Williams","DAL","WR",2017
"909","00-0030937",860,0.000351226042317896,0.0217763567890464,3.19296402107178e-05,"Zac Kerin","DET","OL",2017
"910","00-0026544",164,0.000351058952939793,0.020993651223024,3.19144502672539e-05,"Chase Daniel","NO","QB",2017
"911","00-0032167",1286,0.000349647815912323,0.0213842265704131,3.17861650829384e-05,"P.J. Dawson","SEA","LB",2017
"912","00-0032771",1499,0.000348088114784463,0.0209885275510986,3.16443740713148e-05,"Parker Ehinger","KC","OL",2017
"913","00-0032549",1425,0.00033974685679573,0.0201254754468534,3.08860778905209e-05,"Alex Redmond","CIN","OL",2017
"914","00-0031193",939,0.000332600103393691,0.0219788443426881,3.02363730357901e-05,"Dan McCullers","PIT","DL",2017
"915","00-0030511",768,0.000328829416763948,0.0204279432863763,2.98935833421771e-05,"Brandon Williams","BAL","DL",2017
"916","00-0032464",1406,0.000328203197541094,0.0215517502608216,2.98366543219177e-05,"Kalif Raymond","NYG","WR",2017
"917","00-0033277",1691,0.000323751888828234,0.0208139956069213,2.94319898934759e-05,"Kyle Kalis","WAS","OL",2017
"918","00-0032403",1370,0.000317185991362416,0.0205141216953971,2.8835090123856e-05,"Juston Burris","NYJ","DB",2017
"919","00-0028943",459,0.000307262740538215,0.02087408738637,2.7932976412565e-05,"Steven Johnson","BAL","LB",2017
"920","00-0032994",1593,0.000306923428565725,0.0216644165759532,2.79021298696113e-05,"Jeremy Cash","CLE","LB",2017
"921","00-0032776",1504,0.000306482877198777,0.0211955611558941,2.78620797453433e-05,"Deiondre' Hall","CHI","DB",2017
"922","00-0032727",1478,0.000306451500529001,0.0208741235127652,2.78592273208183e-05,"Joel Heath","HOU","DL",2017
"923","00-0030950",861,0.000294508615831333,0.0228392889920851,2.67735105301212e-05,"John Fullington","NO","OL",2017
"924","00-0030538",782,0.000267747124818287,0.0204883073029088,2.43406477107534e-05,"Johnathan Cyprien","TEN","DB",2017
"925","00-0031428",1058,0.000262207825982135,0.0230591388589469,2.3837075089285e-05,"Allen Robinson","JAX","WR",2017
"926","00-0029215",496,0.00024767708729397,0.0206592882969565,2.25160988449064e-05,"George Iloka","CIN","DB",2017
"927","00-0033567",1819,0.000246583775984577,0.0206409468560164,2.24167069076888e-05,"Brian Hill","CIN","RB",2017
"928","00-0027375",238,0.000243438155187269,0.0213477459950436,2.21307413806608e-05,"Tramaine Brock","MIN","DB",2017
"929","00-0027825",293,0.000240771770184124,0.0225964676864659,2.18883427440112e-05,"Jim Dray","ARI","TE",2017
"930","00-0031585",1105,0.00024011822732217,0.0213783287910422,2.18289297565609e-05,"MyCole Pruitt","HOU","TE",2017
"931","00-0032192",1291,0.000239226107262936,0.0217943495883628,2.17478279329942e-05,"Daniel Munyer","ARI","OL",2017
"932","00-0030652",817,0.000237344539824218,0.0217303401814166,2.15767763476562e-05,"Josh Walker","JAX","OL",2017
"933","00-0030386",723,0.000236348834642446,0.0201240209450037,2.14862576947678e-05,"William Gholston","TB","DL",2017
"934","00-0032395",1364,0.000231680507995743,0.0213611165721631,2.10618643632494e-05,"Graham Glasgow","DET","OL",2017
"935","00-0031940",1199,0.00022652753400957,0.0206586208602136,2.05934121826882e-05,"Geneo Grissom","NE","LB",2017
"936","00-0033415",1753,0.000218424100478959,0.0214135519307312,1.98567364071781e-05,"Maurice Smith","MIA","DB",2017
"937","00-0032240",1314,0.000214751016678896,0.0210114397128825,1.95228196980814e-05,"Vic Beasley","ATL","LB",2017
"938","00-0031629",1128,0.000214025769669894,0.0232254149865225,1.94568881518085e-05,"Ryan Murphy","NYG","DB",2017
"939","00-0032375",1346,0.000212320666962214,0.0206002954433158,1.93018788147467e-05,"Joe Kerridge","GB","RB",2017
"940","00-0033359",1732,0.000209534886500209,0.0212922541808321,1.90486260454735e-05,"Adam Pankey","GB","OL",2017
"941","00-0027685",267,0.00020333483573326,0.0197702252086905,1.848498506666e-05,"Emmanuel Sanders","DEN","WR",2017
"942","00-0028698",440,0.000200029968532945,0.0211022698163708,1.8184542593904e-05,"Ben Jacobs","CAR","LB",2017
"943","00-0030699",827,0.000196951671630315,0.0218937196703393,1.79046974209378e-05,"Deji Olatoye","ATL","DB",2017
"944","00-0033591",1838,0.000195405347413299,0.0202525581236522,1.77641224921181e-05,"Noah Brown","DAL","WR",2017
"945","00-0033584",1834,0.000189239747910509,0.0212626675909509,1.72036134464099e-05,"Elijah Qualls","PHI","DL",2017
"946","00-0032055",1228,0.00018505613149221,0.0208100796042388,1.682328468111e-05,"Devin Funchess","CAR","WR",2017
"947","",1,0.000181347787121969,0.0213263190308995,1.64861624656336e-05,NA,NA,NA,NA
"948","00-0031754",1152,0.000173578479509784,0.0212449432190615,1.57798617736168e-05,"Tim Scott","NYG","DB",2017
"949","00-0032627",1447,0.000171356347895348,0.0205127867792533,1.5577849808668e-05,"James Burgess","CLE","LB",2017
"950","00-0030060",657,0.000169620365630615,0.020925881835446,1.54200332391468e-05,"Kenny Vaccaro","NO","DB",2017
"951","00-0033696",1862,0.000167377426213755,0.0213427433599939,1.52161296557959e-05,"Sean Culkin","LAC","TE",2017
"952","00-0030687",824,0.000165121508384331,0.0219149748122536,1.50110462167573e-05,"Deontae Skinner","NYG","LB",2017
"953","00-0030390",725,0.00016357046571972,0.022899658271678,1.48700423381563e-05,"Caleb Sturgis","PHI","K",2017
"954","00-0032069",1238,0.000160628494093778,0.0203785929511591,1.46025903721616e-05,"Derron Smith","CLE","DB",2017
"955","00-0032081",1241,0.000155408895373564,0.0205593348903417,1.41280813975968e-05,"Nick Dzubnar","LAC","LB",2017
"956","00-0029414",533,0.000150998051795908,0.0208172301755362,1.37270956178098e-05,"Orson Charles","KC","TE",2017
"957","00-0027114",220,0.000140074408808831,0.0207573481744797,1.27340371644391e-05,"Thomas Morstead","NO","P",2017
"958","00-0033503",1778,0.00013494579549004,0.0215226179700254,1.22677995900036e-05,"Arthur Maulet","NO","DB",2017
"959","00-0033529",1788,0.000128378192845278,0.0204920115931038,1.16707448041162e-05,"Chase Roullier","WAS","OL",2017
"960","00-0031800",1162,0.000126801088770973,0.0221779337795525,1.15273717064521e-05,"Taylor Heinicke","HOU","QB",2017
"961","00-0032323",1337,0.000124224591910914,0.021516491614783,1.1293144719174e-05,"Derrick Mathews","NYG","LB",2017
"962","00-0030153",696,0.00010725065579321,0.0225594340939279,9.75005961756458e-06,"Otha Foster","BAL","DB",2017
"963","00-0031369",1025,9.46180377931909e-05,0.0206646534915615,8.60163979938099e-06,"Brandon Linder","JAX","OL",2017
"964","00-0032445",1398,9.24363978730763e-05,0.020862156961207,8.40330889755239e-06,"Ted Karras","NE","OL",2017
"965","00-0027875",315,9.17677875352581e-05,0.0211240192759758,8.34252613956892e-06,"Bryan Bulaga","GB","OL",2017
"966","00-0032151",1278,8.92965498108413e-05,0.0204512444330928,8.11786816462193e-06,"Jon Feliciano","OAK","OL",2017
"967","00-0031203",940,8.38997490138918e-05,0.0215914141537597,7.6272499103538e-06,"Cairo Santos","CHI","K",2017
"968","00-0033199",1676,7.79388798668644e-05,0.0215099260087309,7.08535271516949e-06,"Taybor Pepper","GB","LS",2017
"969","00-0031079",904,7.16000803233937e-05,0.0205120189157182,6.5090982112176e-06,"Pat O'Donnell","CHI","P",2017
"970","00-0024495",81,6.49894310662538e-05,0.0210542918038137,5.90813009693217e-06,"Ahmad Brooks","GB","LB",2017
"971","00-0033075",1630,6.14220990688026e-05,0.021271147047031,5.58382718807296e-06,"Charles Tapper","DAL","DL",2017
"972","00-0033520",1781,5.60803467987151e-05,0.0213589134476183,5.09821334533774e-06,"Jeremy Clark","NYJ","DB",2017
"973","00-0029048",471,4.1145520444817e-05,0.0220357815318263,3.74050185861973e-06,"Joe Banyard","BUF","RB",2017
"974","00-0029901",637,2.65062059464136e-05,0.0206852252303953,2.4096550860376e-06,"Rashaan Melvin","IND","DB",2017
"975","00-0032769",1498,1.16500264521888e-05,0.021918488292756,1.05909331383534e-06,"Brandon Williams","ARI","DB",2017
"976","00-0028274",422,9.94627426808911e-06,0.0223265898022408,9.04206751644464e-07,"Tim Barnes","SF","OL",2017
"977","00-0032940",1567,4.37697910288126e-06,0.0205370537140569,3.97907191171023e-07,"DeAndre Washington","OAK","RB",2017
"978","00-0032525",1422,4.06769981219204e-06,0.020965252711262,3.69790892017458e-07,"Jarrod Wilson","JAX","DB",2017
"979","00-0030317",717,-3.42825572191843e-06,0.0222726377437968,-3.11659611083494e-07,"Marcus Cromartie","HOU","DB",2017
"980","00-0032790",1516,-1.56968056599491e-05,0.0210147676807718,-1.42698233272265e-06,"DeAndre Houston-Carson","CHI","DB",2017
"981","00-0033792",1894,-1.6714223017839e-05,0.0215410711190931,-1.51947481980354e-06,"Rudy Ford","ARI","DB",2017
"982","00-0030155",697,-2.91586282248846e-05,0.0201862517094585,-2.65078438408041e-06,"Demetrius Harris","KC","TE",2017
"983","00-0033533",1792,-3.29129248632375e-05,0.0212974397580163,-2.99208407847614e-06,"Joshua Holsey","WAS","DB",2017
"984","00-0031284",975,-3.39589930577354e-05,0.0206054813879043,-3.08718118706685e-06,"Travis Swanson","DET","OL",2017
"985","00-0033554",1810,-4.82514002128699e-05,0.0217282960843993,-4.38649092844272e-06,"Tedric Thompson","SEA","DB",2017
"986","00-0026144",128,-5.33697795138825e-05,0.0210149200066881,-4.85179813762568e-06,"Darren McFadden","DAL","RB",2017
"987","00-0032798",1523,-5.34725903681961e-05,0.0205922905325342,-4.86114457892692e-06,"Harlan Miller","ARI","DB",2017
"988","00-0030405",731,-6.2534112639281e-05,0.021140154142547,-5.68491933084373e-06,"Jeff Locke","DET","P",2017
"989","00-0033258",1684,-6.87104286801641e-05,0.0194667964861291,-6.24640260728765e-06,"Darrell Daniels","IND","TE",2017
"990","00-0033972",2005,-7.06405032538964e-05,0.0215161098653279,-6.4218639321724e-06,"Jylan Ware","OAK","OL",2017
"991","00-0033770",1882,-7.21329492186744e-05,0.0216949068060208,-6.55754083806131e-06,"Justin Hardee","NO","DB",2017
"992","00-0026197",139,-7.34258830225612e-05,0.0213354149369471,-6.67508027477829e-06,"Chad Henne","JAX","QB",2017
"993","00-0033465",1769,-7.65037588086715e-05,0.0213939088731168,-6.95488716442468e-06,"Isaac Asiata","MIA","OL",2017
"994","00-0032998",1594,-7.85475811669243e-05,0.0204352696614429,-7.14068919699312e-06,"Jared Norris","CAR","LB",2017
"995","00-0033742",1874,-8.78542933681116e-05,0.0212859739444693,-7.9867539425556e-06,"Tyrone Swoopes","SEA","TE",2017
"996","00-0033107",1650,-8.95951976588206e-05,0.0202284094856828,-8.14501796898369e-06,"William Jackson","CIN","DB",2017
"997","00-0033914",1959,-8.96560423689469e-05,0.0205934719875085,-8.1505493062679e-06,"Alex Anzalone","NO","LB",2017
"998","00-0032937",1564,-0.000105025834834398,0.0218616565819762,-9.54780316676344e-06,"Max McCaffrey","SF","WR",2017
"999","00-0032106",1249,-0.00012549444496808,0.0211752955875869,-1.14085859061891e-05,"Craig Mager","LAC","DB",2017
"1000","00-0031383",1034,-0.000128271787717054,0.0214597156789927,-1.16610716106412e-05,"Dezmen Southward","CAR","DB",2017
"1001","00-0031343",1006,-0.000133705143638346,0.0217509560076922,-1.21550130580314e-05,"Calvin Pryor","JAX","DB",2017
"1002","00-0030761",837,-0.000140037733956195,0.0205408661656635,-1.27307030869268e-05,"Joe Thomas","GB","LB",2017
"1003","00-0031418",1054,-0.000140662823893547,0.0199385647735046,-1.27875294448679e-05,"Austin Seferian-Jenkins","NYJ","TE",2017
"1004","00-0031484",1062,-0.00014334060682359,0.0211123490974952,-1.303096425669e-05,"Chris Manhertz","CAR","TE",2017
"1005","00-0027954",335,-0.000145296554760083,0.0199201132795527,-1.32087777054621e-05,"Ryan Kerrigan","WAS","LB",2017
"1006","00-0033530",1789,-0.000145697924717144,0.0215013790490705,-1.32452658833767e-05,"Robert Davis","WAS","WR",2017
"1007","00-0033668",1855,-0.000164892211746656,0.0205116897924555,-1.49902010678778e-05,"Tyrique Jarrett","DEN","DL",2017
"1008","00-0033435",1759,-0.000172374622359313,0.0209271421619365,-1.5670420214483e-05,"Breon Borders","BUF","DB",2017
"1009","00-0030869",850,-0.00017906419805875,0.0207322295674478,-1.62785634598863e-05,"Tyler Larsen","CAR","OL",2017
"1010","00-0033384",1743,-0.000179312885323009,0.0211981901375866,-1.63011713930008e-05,"LeShun Daniels","WAS","RB",2017
"1011","00-0032922",1557,-0.000180454814508014,0.0199937678309519,-1.64049831370921e-05,"Marwin Evans","GB","DB",2017
"1012","00-0032377",1347,-0.000186074869961737,0.0213892581910192,-1.69158972692489e-05,"Josh Ferguson","IND","RB",2017
"1013","00-0031550",1079,-0.000186804208623751,0.0206593945818172,-1.69822007839773e-05,"Shaq Thompson","CAR","LB",2017
"1014","00-0032756",1487,-0.000188455956988895,0.021462653187675,-1.71323597262632e-05,"Channing Ward","TB","DL",2017
"1015","00-0031719",1143,-0.000190246216927198,0.0199683732098063,-1.72951106297453e-05,"Mike Hull","MIA","LB",2017
"1016","00-0022999",29,-0.000191975212114256,0.0221949723542185,-1.74522920103869e-05,"John Kuhn","NO","RB",2017
"1017","00-0033299",1707,-0.000200929313155595,0.0205895117818431,-1.82663011959631e-05,"Derrick Jones","NYJ","DB",2017
"1018","00-0032062",1235,-0.000205532217397809,0.0200841980798531,-1.86847470361645e-05,"Blake Bell","MIN","TE",2017
"1019","00-0032413",1377,-0.000205829070955356,0.0215080364563529,-1.87117337232142e-05,"Ronald Blair","SF","DL",2017
"1020","00-0033604",1844,-0.000206089771607809,0.0214215674574831,-1.87354337825281e-05,"Krishawn Hogan","IND","WR",2017
"1021","00-0033796",1896,-0.000212650340844711,0.0217594994243278,-1.9331849167701e-05,"Marquez Williams","CLE","RB",2017
"1022","00-0032774",1502,-0.000213769488152561,0.0206959721106961,-1.9433589832051e-05,"Deon Bush","CHI","DB",2017
"1023","00-0032983",1592,-0.000232591206007267,0.0212805519568876,-2.11446550915698e-05,"Dominique Alexander","CLE","LB",2017
"1024","00-0033025",1601,-0.000239952320387355,0.0209297854476995,-2.18138473079413e-05,"Jalen Richard","OAK","RB",2017
"1025","00-0031103",912,-0.000245106592658322,0.0209043594481095,-2.22824175143929e-05,"Deandre Coleman","BUF","DL",2017
"1026","00-0032630",1449,-0.000282501899283461,0.0228617074934687,-2.5681990843951e-05,"Joe Callahan","GB","QB",2017
"1027","00-0030750",834,-0.000283564012765448,0.0206618161838688,-2.57785466150407e-05,"James Stone","OAK","OL",2017
"1028","00-0029273",511,-0.000286820633470983,0.0200874157161885,-2.60746030428166e-05,"Robert Turbin","IND","RB",2017
"1029","00-0029692",605,-0.000291811215108297,0.0207333209088233,-2.65282922825725e-05,"Bryan Anger","TB","P",2017
"1030","00-0033046",1608,-0.000301874366054071,0.0213824699724928,-2.74431241867337e-05,"Jihad Ward","OAK","DL",2017
"1031","00-0028172",415,-0.000303509426632099,0.0217379559565109,-2.75917660574636e-05,"Andrew Gachkar","CAR","LB",2017
"1032","00-0032139",1269,-0.000316637032062832,0.0205742264851396,-2.87851847329847e-05,"Ben Koyack","JAX","TE",2017
"1033","00-0027894",320,-0.000317418285433022,0.0190598319006157,-2.88562077666383e-05,"NaVorro Bowman","OAK","LB",2017
"1034","00-0031239",950,-0.00031952927436159,0.0217534372119649,-2.90481158510536e-05,"Stanley Jean-Baptiste","BAL","DB",2017
"1035","00-0032060",1233,-0.00033804234781839,0.020231861772033,-3.07311225289445e-05,"Eli Harold","SF","LB",2017
"1036","00-0031592",1110,-0.000338339897276798,0.0224209684560984,-3.07581724797089e-05,"David Parry","NO","DL",2017
"1037","00-0033514",1780,-0.000341568312898434,0.0207419576987914,-3.10516648089485e-05,"Emanuel Byrd","GB","TE",2017
"1038","00-0032628",1448,-0.000346385171746399,0.0218855494325713,-3.14895610678545e-05,"Kentrell Brice","GB","DB",2017
"1039","00-0033658",1851,-0.00034677533411069,0.0228660842008008,-3.15250303736991e-05,"Blake Jarwin","DAL","TE",2017
"1040","00-0033907",1952,-0.0003517721620554,0.02140467338835,-3.19792874595819e-05,"Dawuane Smoot","JAX","DL",2017
"1041","00-0027057",213,-0.000378476715254637,0.0206882938319031,-3.44069741140579e-05,"Brandon Tate","BUF","WR",2017
"1042","00-0027984",354,-0.000386755693602862,0.0214058631226097,-3.51596085093511e-05,"Orlando Franklin","WAS","OL",2017
"1043","00-0031722",1144,-0.000388232165566574,0.0215228090747886,-3.52938332333249e-05,"Michael Liedtke","TB","OL",2017
"1044","00-0033130",1668,-0.000391486486276472,0.020653549409484,-3.55896805705883e-05,"Max Tuerk","ARI","OL",2017
"1045","00-0032705",1472,-0.000393849033498659,0.0221758376044337,-3.58044575907872e-05,"Ed Eagan","NYG","WR",2017
"1046","00-0029629",578,-0.000400993956997961,0.0198410136224887,-3.64539960907238e-05,"Nate Stupar","NO","LB",2017
"1047","00-0033948",1989,-0.000402573999476579,0.019603909670835,-3.65976363160526e-05,"Jamaal Williams","GB","RB",2017
"1048","00-0032794",1520,-0.000403813670122756,0.0201888154523107,-3.67103336475233e-05,"Danny Vitale","CLE","RB",2017
"1049","00-0033794",1895,-0.000420826463210078,0.0211870837769478,-3.82569512009162e-05,"Josh Carraway","TEN","LB",2017
"1050","00-0030968",863,-0.000430382901347064,0.0216165530162979,-3.91257183042785e-05,"Keith Smith","DAL","RB",2017
"1051","00-0029604",569,-0.000434484442416029,0.0204414573140422,-3.94985856741845e-05,"Kirk Cousins","WAS","QB",2017
"1052","00-0026206",142,-0.000439769338353976,0.0213107434309384,-3.99790307594524e-05,"Kendall Langford","HOU","DL",2017
"1053","00-0032671",1462,-0.000443854628480628,0.0206216447613103,-4.03504207709662e-05,"Morgan Fox","LA","DL",2017
"1054","00-0031590",1109,-0.000444805739224725,0.0201168583732001,-4.04368853840659e-05,"Jay Ajayi","PHI","RB",2017
"1055","00-0031661",1133,-0.000450814561168594,0.0216827477429459,-4.09831419244176e-05,"Kevin Snyder","ARI","LB",2017
"1056","00-0032932",1560,-0.000453948326913088,0.0223151855987197,-4.12680297193716e-05,"Ryan O'Malley","NYG","TE",2017
"1057","00-0030801",843,-0.00046154901204448,0.020471829143562,-4.19590010949528e-05,"Brandon Coleman","NO","WR",2017
"1058","00-0033348",1728,-0.000462661674089672,0.0224720591869155,-4.20601521899702e-05,"Jarveon Williams","CIN","RB",2017
"1059","00-0033254",1682,-0.000464142897738392,0.020928962719172,-4.21948088853084e-05,"Brandon Banks","WAS","DL",2017
"1060","00-0033854",1904,-0.000466182218479433,0.023730313390426,-4.23802016799485e-05,"Dare Ogunbowale","WAS","RB",2017
"1061","00-0033887",1932,-0.000469435562257338,0.0206256290650903,-4.26759602052126e-05,"Reuben Foster","SF","LB",2017
"1062","00-0030743",833,-0.000470073959108654,0.021172421261586,-4.27339962826049e-05,"Bernard Reedy","NE","WR",2017
"1063","00-0033121",1662,-0.000476980969414163,0.0207048712924393,-4.33619063103785e-05,"B.J. Goodson","NYG","LB",2017
"1064","00-0032574",1432,-0.000482214345557337,0.0212192235478347,-4.38376677779397e-05,"Michael Pierce","BAL","DL",2017
"1065","00-0031232",945,-0.000492912889992911,0.0225952293214876,-4.48102627266283e-05,"Robert Nelson","BAL","DB",2017
"1066","00-0028133",412,-0.000498079612174159,0.0214757981240049,-4.52799647431054e-05,"J.T. Thomas","NYG","LB",2017
"1067","00-0027941",326,-0.000500446385129413,0.0205258010001458,-4.54951259208557e-05,"Marcell Dareus","JAX","DL",2017
"1068","00-0004091",2,-0.000508336669646596,0.0217129062521504,-4.62124245133269e-05,"Phil Dawson","ARI","K",2017
"1069","00-0029144",486,-0.000510509383558355,0.0216596265898765,-4.64099439598505e-05,"Tom Compton","CHI","OL",2017
"1070","00-0031367",1024,-0.000513683776698766,0.0203586135241086,-4.66985251544333e-05,"Gabe Jackson","OAK","OL",2017
"1071","00-0033939",1981,-0.000520904487097498,0.0206909521364858,-4.73549533724998e-05,"Vince Biegel","GB","LB",2017
"1072","00-0030097",679,-0.00052650675657044,0.0210501197710463,-4.78642505973127e-05,"David Quessenberry","HOU","OL",2017
"1073","00-0032979",1590,-0.000529378650402892,0.0203616785710081,-4.81253318548084e-05,"Scooby Wright","ARI","LB",2017
"1074","00-0033693",1861,-0.000539834892769777,0.021614166341723,-4.9075899342707e-05,"Carroll Phillips","JAX","DL",2017
"1075","00-0033185",1675,-0.000545238039852057,0.0210377704346897,-4.95670945320051e-05,"Adam Bighill","NO","LB",2017
"1076","00-0025942",119,-0.000548956072260518,0.0216527346179423,-4.99050974782289e-05,"Leger Douzable","SF","DL",2017
"1077","00-0028957",462,-0.000550479278896319,0.0217387720590437,-5.00435708087563e-05,"Austin Davis","SEA","QB",2017
"1078","00-0033001",1595,-0.000550563198636004,0.0211685129249397,-5.00511998760004e-05,"Trae Elston","MIA","DB",2017
"1079","00-0030558",793,-0.000553189270173379,0.0197138277395682,-5.02899336521254e-05,"Barkevious Mingo","IND","LB",2017
"1080","00-0031514",1070,-0.000561976218487778,0.0203846313776007,-5.10887471352526e-05,"Quan Bray","BUF","WR",2017
"1081","00-0026618",168,-0.000567087563813715,0.0205419024478925,-5.15534148921559e-05,"Michael Bennett","SEA","DL",2017
"1082","00-0028240",419,-0.000567362289298914,0.020589898659937,-5.15783899362649e-05,"Kenny Wiggins","LAC","OL",2017
"1083","00-0031559",1087,-0.000568128644579378,0.0204315465202093,-5.16480585981253e-05,"Jordan Richards","NE","DB",2017
"1084","00-0032426",1387,-0.000570556331710249,0.0204855344092592,-5.18687574282044e-05,"Alex Collins","BAL","RB",2017
"1085","00-0031958",1211,-0.000570934606968693,0.0226402268699808,-5.1903146088063e-05,"Austin Reiter","CLE","OL",2017
"1086","00-0033589",1837,-0.000571481562337178,0.0218933462733715,-5.19528693033798e-05,"David Moore","SEA","WR",2017
"1087","00-0026224",145,-0.000596454069305466,0.0204568748074967,-5.42230972095878e-05,"Harry Douglas","TEN","WR",2017
"1088","00-0033270",1689,-0.000598578423836935,0.0228796056598398,-5.44162203488122e-05,"Garrett Sickels","LA","LB",2017
"1089","00-0032162",1282,-0.000599675401214198,0.0208978440994517,-5.45159455649271e-05,"T.Y. McGill","CLE","DL",2017
"1090","00-0032448",1399,-0.000615011340541579,0.0205080886774136,-5.59101218674163e-05,"Stephen Weatherly","MIN","DL",2017
"1091","00-0032063",1236,-0.000618874986030089,0.0216395343967849,-5.62613623663717e-05,"Mike Davis","SEA","RB",2017
"1092","00-0032479",1410,-0.000634430255992659,0.0219343292298098,-5.76754778175145e-05,"Tyvis Powell","SF","DB",2017
"1093","00-0023682",51,-0.000636857299162713,0.0200538202754058,-5.78961181057012e-05,"Ryan Fitzpatrick","TB","QB",2017
"1094","00-0028008",367,-0.000637032405089641,0.02038876491764,-5.7912036826331e-05,"Justin Houston","KC","LB",2017
"1095","00-0031829",1169,-0.000644025027580298,0.0214481414169491,-5.85477297800271e-05,"LaDarius Gunter","CAR","DB",2017
"1096","00-0032972",1587,-0.000653941225450966,0.0207563792216978,-5.94492023137242e-05,"Devontae Booker","DEN","RB",2017
"1097","00-0032606",1442,-0.000657490082830868,0.0211830967608361,-5.97718257118971e-05,"Kyle Carter","MIN","TE",2017
"1098","00-0029141",485,-0.000669464182366693,0.0213267811802068,-6.08603802151539e-05,"Alfred Morris","DAL","RB",2017
"1099","00-0027297",235,-0.000670812990612011,0.019952936358943,-6.09829991465464e-05,"Austin Howard","BAL","OL",2017
"1100","00-0029615",574,-0.000681572498540796,0.0210061764907486,-6.19611362309814e-05,"Lamar Miller","HOU","RB",2017
"1101","00-0031288",977,-0.000684415026644159,0.0206834138396589,-6.22195478767417e-05,"AJ McCarron","CIN","QB",2017
"1102","00-0029545",548,-0.000689579514551128,0.0206930785152445,-6.26890467773753e-05,"Keenan Robinson","NYG","LB",2017
"1103","00-0032393",1362,-0.00069139505731819,0.0209517309570435,-6.28540961198354e-05,"C.J. Prosise","SEA","RB",2017
"1104","00-0033373",1738,-0.000698427728294932,0.0218995739421461,-6.34934298449938e-05,"Taquan Mizzell","CHI","RB",2017
"1105","00-0031785",1157,-0.000713540356776526,0.0207710181754671,-6.48673051615024e-05,"Troy Hill","LA","DB",2017
"1106","00-0027037",210,-0.000717504383654956,0.0199356541430968,-6.52276712413596e-05,"Sean Smith","OAK","DB",2017
"1107","00-0031420",1055,-0.000720910688615317,0.0219296027110304,-6.55373353286652e-05,"Kasey Redfern","DET","P",2017
"1108","00-0030505",765,-0.000726428382573142,0.0207677849746219,-6.60389438702856e-05,"D.J. Fluker","NYG","OL",2017
"1109","00-0026983",187,-0.000740860436044921,0.0202110563377045,-6.73509487313564e-05,"Darrius Heyward-Bey","PIT","WR",2017
"1110","00-0026844",177,-0.000741746900061565,0.0213029552151871,-6.74315363692332e-05,"Garrison Sanborn","TB","LS",2017
"1111","00-0032793",1519,-0.000744298339653562,0.0203215986738488,-6.76634854230511e-05,"Blake Countess","LA","DB",2017
"1112","00-0031947",1204,-0.000749587228745533,0.0207046795254627,-6.81442935223212e-05,"Tyeler Davison","NO","DL",2017
"1113","00-0032470",1407,-0.000749683510920501,0.0203480863752328,-6.81530464473183e-05,"Steve Longa","DET","LB",2017
"1114","00-0032488",1413,-0.000752472529632085,0.0213056358688278,-6.84065936029168e-05,"Mose Frazier","CAR","WR",2017
"1115","00-0033127",1666,-0.000756985849327525,0.0198980026521321,-6.88168953934113e-05,"Will Fuller","HOU","WR",2017
"1116","00-0032649",1455,-0.000758073441146476,0.0218637095850568,-6.89157673769524e-05,"Brian Price","DAL","DL",2017
"1117","00-0027224",229,-0.000770058618750146,0.0211320488782428,-7.0005328977286e-05,"Jon Weeks","HOU","LS",2017
"1118","00-0027321",236,-0.000771801972124583,0.0206755125381044,-7.01638156476894e-05,"Jeff Cumberland","LAC","TE",2017
"1119","00-0030079",670,-0.000771838171014022,0.0213227114756468,-7.01671064558202e-05,"Devin Taylor","NYG","DL",2017
"1120","00-0032188",1290,-0.00077285600826649,0.0206767682213068,-7.02596371151354e-05,"Vince Mayle","BAL","WR",2017
"1121","00-0019714",5,-0.000773254694565386,0.0214381225544325,-7.0295881324126e-05,"Shane Lechler","HOU","P",2017
"1122","00-0027861",303,-0.00077641532982797,0.0219100544467203,-7.05832118025427e-05,"C.J. Spiller","KC","RB",2017
"1123","00-0027688",269,-0.000781757410575801,0.0205774888300043,-7.1068855506891e-05,"Colt McCoy","WAS","QB",2017
"1124","00-0033763",1880,-0.000783673029142691,0.0223149779073727,-7.12430026493355e-05,"Evan Baylis","CAR","TE",2017
"1125","00-0026578",167,-0.000784075135592,0.0226446575925284,-7.12795577810909e-05,"Colt Anderson","BUF","DB",2017
"1126","00-0030694",825,-0.000787149794640552,0.0195943755921385,-7.15590722400502e-05,"James Hurst","BAL","OL",2017
"1127","00-0029792",619,-0.000793671301823665,0.0189908478838911,-7.21519365294241e-05,"Paul Worrilow","DET","LB",2017
"1128","00-0033063",1621,-0.000818376219445769,0.0216340472621401,-7.43978381314335e-05,"Zach Wood","NO","LS",2017
"1129","00-0030104",681,-0.000821739586997689,0.0221734986319636,-7.47035988179717e-05,"Nate Palmer","TEN","LB",2017
"1130","00-0023441",38,-0.000823234403499255,0.0209435818700476,-7.4839491227205e-05,"Adam Jones","CIN","DB",2017
"1131","00-0021206",11,-0.000823509747622389,0.0216369941640829,-7.48645225111263e-05,"Josh McCown","NYJ","QB",2017
"1132","00-0033368",1737,-0.000824119870836698,0.0220734780168488,-7.49199882578817e-05,"Bam Bradley","BAL","LB",2017
"1133","00-0033405",1750,-0.00082415521660531,0.0225682730656276,-7.49232015095736e-05,"Torry McTyer","MIA","DB",2017
"1134","00-0027018",203,-0.000834280031201593,0.0211217750722133,-7.58436392001448e-05,"Jairus Byrd","CAR","DB",2017
"1135","00-0028954",461,-0.000848653502478614,0.0204282934945066,-7.71503184071468e-05,"Robert Golden","PIT","DB",2017
"1136","00-0033992",2010,-0.000850174356094682,0.0220417994617318,-7.72885778267893e-05,"Lance Lenoir","DAL","WR",2017
"1137","00-0032298",1333,-0.000854687441468287,0.0223190005113986,-7.76988583152988e-05,"Bronson Hill","ARI","RB",2017
"1138","00-0028862",450,-0.000858736085198496,0.0218500798329675,-7.80669168362269e-05,"Bryce Harris","NO","OL",2017
"1139","00-0033131",1669,-0.00086775882855107,0.0203741936372263,-7.88871662319155e-05,"Maliek Collins","DAL","DL",2017
"1140","00-0030485",759,-0.000870899618217648,0.0221934101150565,-7.91726925652407e-05,"Eddie Lacy","SEA","RB",2017
"1141","00-0032881",1541,-0.000872068371844088,0.021771734227218,-7.92789428949171e-05,"Tommylee Lewis","NO","WR",2017
"1142","00-0033274",1690,-0.000880895552932218,0.0209983565484099,-8.00814139029289e-05,"Fish Smithson","WAS","DB",2017
"1143","00-0031806",1164,-0.000883651287733536,0.0201343601694656,-8.03319352485032e-05,"Malcolm Brown","LA","RB",2017
"1144","00-0029293",516,-0.000889960004065008,0.0205799460444892,-8.09054549150008e-05,"Marvin Jones","DET","WR",2017
"1145","00-0031218",943,-0.000893085544239957,0.0201323956786144,-8.11895949309052e-05,"Malcolm Butler","NE","DB",2017
"1146","00-0033103",1647,-0.000894309607216914,0.0211131278626068,-8.13008733833558e-05,"Artie Burns","PIT","DB",2017
"1147","00-0032383",1353,-0.000897522460513655,0.0206156864940843,-8.15929509557868e-05,"Ryan Kelly","IND","OL",2017
"1148","00-0030752",835,-0.000897896123907867,0.0222801214663871,-8.16269203552607e-05,"Jay Elliott","DAL","LB",2017
"1149","00-0031433",1060,-0.000905291951927648,0.0215543679266115,-8.22992683570589e-05,"Billy Turner","DEN","OL",2017
"1150","00-0032795",1521,-0.000915544141198693,0.0212009994045228,-8.32312855635176e-05,"Cody Core","CIN","WR",2017
"1151","00-0030149",694,-0.000921132692133995,0.0216568855985683,-8.3739335648545e-05,"Matt Tobin","SEA","OL",2017
"1152","00-0032799",1524,-0.000935412673567765,0.0224430067199171,-8.50375157788877e-05,"Aaron Wallace","TEN","LB",2017
"1153","00-0033838",1899,-0.000943418164340793,0.0208765851110383,-8.57652876673448e-05,"Trey Edmunds","NO","RB",2017
"1154","00-0029409",529,-0.000944209751197101,0.0197725573729876,-8.58372501088273e-05,"Mychal Kendricks","PHI","LB",2017
"1155","00-0031707",1141,-0.000948840016995003,0.0215987659229228,-8.6258183363182e-05,"Gabe Martin","ARI","LB",2017
"1156","00-0032959",1578,-0.000956700680947216,0.0217570423953571,-8.69727891770197e-05,"Charone Peake","NYJ","WR",2017
"1157","00-0033788",1891,-0.00096048860588823,0.0203328881386355,-8.73171459898391e-05,"Will Holden","ARI","OL",2017
"1158","00-0032553",1426,-0.000964410045151765,0.0215686021974804,-8.76736404683423e-05,"Jace Billingsley","DET","WR",2017
"1159","00-0028846",449,-0.000965479357672955,0.0206128219019441,-8.77708506975414e-05,"Peyton Thompson","JAX","DB",2017
"1160","00-0032888",1543,-0.000967255402475185,0.0207579611775253,-8.79323093159259e-05,"Karl Joseph","OAK","DB",2017
"1161","00-0033413",1752,-0.000970228744271155,0.0218590462645381,-8.82026131155596e-05,"De'Veon Smith","MIA","RB",2017
"1162","00-0033929",1971,-0.000976697654849645,0.0210864350655337,-8.87906958954223e-05,"Montravius Adams","GB","DL",2017
"1163","00-0031856",1174,-0.000994396068978073,0.0212149804878971,-9.03996426343703e-05,"Brandon King","NE","DB",2017
"1164","00-0031945",1203,-0.000997321574648053,0.0202064066384407,-9.06655976952775e-05,"Martrell Spaight","WAS","LB",2017
"1165","00-0032212",1303,-0.00100291462420455,0.0202909584971992,-9.11740567458686e-05,"Dexter McDonald","OAK","DB",2017
"1166","00-0032255",1324,-0.00100940118864802,0.0210549891089909,-9.1763744422547e-05,"A.J. Cann","JAX","OL",2017
"1167","00-0027979",351,-0.00101477965940087,0.02123536256896,-9.225269630917e-05,"Jarvis Jenkins","KC","DL",2017
"1168","00-0027653",253,-0.00101580996143793,0.0200800389971439,-9.23463601307209e-05,"T.J. Ward","TB","DB",2017
"1169","00-0031001",868,-0.00102371917273261,0.020046211518945,-9.30653793393285e-05,"Jeff Janis","GB","WR",2017
"1170","00-0024348",76,-0.00104600417357599,0.0210907539329717,-9.50912885069085e-05,"Kyle Williams","BUF","DL",2017
"1171","00-0033119",1660,-0.00104702147988677,0.0203893350454098,-9.51837708987973e-05,"Jacoby Brissett","IND","QB",2017
"1172","00-0033292",1700,-0.00105179691428412,0.0203934540155229,-9.56179012985566e-05,"Trent Taylor","SF","WR",2017
"1173","00-0025446",99,-0.0010564728301983,0.0204532942012656,-9.60429845634814e-05,"Ryan Kalil","CAR","OL",2017
"1174","00-0033934",1976,-0.00106108167914366,0.020983535871079,-9.6461970831242e-05,"Nazair Jones","SEA","DL",2017
"1175","00-0029061",473,-0.00107250504446264,0.0203403050954151,-9.7500458587513e-05,"Julian Stanford","NYJ","LB",2017
"1176","00-0031657",1132,-0.00107266774631752,0.0214766020954764,-9.75152496652291e-05,"Isaiah Johnson","LA","DB",2017
"1177","00-0031622",1123,-0.00107550276789034,0.0197538018658978,-9.77729788991214e-05,"Bobby Hart","NYG","OL",2017
"1178","00-0033535",1793,-0.00109467805987549,0.0217989018591412,-9.95161872614082e-05,"Daniel Ross","DAL","DL",2017
"1179","00-0028368",426,-0.00109825163030844,0.0213009675258918,-9.98410573007671e-05,"Spencer Paysinger","CAR","LB",2017
"1180","00-0027139",224,-0.00110065739958429,0.0218104623855563,-0.000100059763598571,"John Phillips","NO","TE",2017
"1181","00-0033941",1983,-0.00112435241592784,0.0209130795863334,-0.00010221385599344,"Rayshawn Jenkins","LAC","DB",2017
"1182","00-0033383",1742,-0.00112558967655663,0.0218538042486926,-0.000102326334232421,"Cole Croston","NE","OL",2017
"1183","00-0032454",1402,-0.00113927950661697,0.0212636050535535,-0.000103570864237907,"Jayron Kearse","MIN","DB",2017
"1184","00-0024239",63,-0.00114969065775069,0.0198463800642711,-0.00010451733252279,"Johnathan Joseph","HOU","DB",2017
"1185","00-0029033",469,-0.00115398279261209,0.0222422461349674,-0.000104907526601099,"Griff Whalen","BAL","WR",2017
"1186","00-0033965",2002,-0.00115940521746675,0.0227441868703496,-0.000105400474315159,"Adam Bisnowaty","NYG","OL",2017
"1187","00-0029065",474,-0.00116444619445179,0.0209139040653621,-0.000105858744950163,"Johnson Bademosi","NE","DB",2017
"1188","00-0029257",504,-0.00116663024603155,0.0210119207310145,-0.000106057295093777,"Jerel Worthy","BUF","DL",2017
"1189","00-0033633",1847,-0.00116779509858508,0.0214343318170879,-0.000106163190780462,"Tanner Gentry","CHI","WR",2017
"1190","00-0028022",372,-0.00117109517887038,0.0206862420812832,-0.000106463198079125,"Mason Foster","WAS","LB",2017
"1191","00-0033087",1639,-0.00117917455086475,0.021425120539817,-0.00010719768644225,"Marquis Bundy","NYG","WR",2017
"1192","00-0032048",1223,-0.00118455810440151,0.0209128672717514,-0.000107687100400137,"Mack Brown","MIN","RB",2017
"1193","00-0032409",1374,-0.00118706723513499,0.0206109172199927,-0.00010791520319409,"Willie Henry","BAL","DL",2017
"1194","00-0032641",1453,-0.00120009006778356,0.0220463305845137,-0.000109099097071232,"Donte' Deayon","NYG","DB",2017
"1195","00-0033826",1898,-0.00120367820362586,0.0214963467550726,-0.000109425291238714,"Jaylen Hill","BAL","DB",2017
"1196","00-0027902",321,-0.00122586028509905,0.020329506524418,-0.000111441844099914,"Dez Bryant","DAL","WR",2017
"1197","00-0033066",1624,-0.00122703533852241,0.0205441343293016,-0.000111548667138401,"Andrew Billings","CIN","DL",2017
"1198","00-0031021",876,-0.00122887515401104,0.0212677091944322,-0.000111715923091913,"Jared Abbrederis","DET","WR",2017
"1199","00-0033302",1709,-0.00123294900242404,0.020176869092428,-0.00011208627294764,"Adrian Colbert","SF","DB",2017
"1200","00-0027124",221,-0.00123479318500601,0.0214263143024208,-0.000112253925909637,"Don Carey","DET","DB",2017
"1201","00-0030196",702,-0.00123626657823722,0.0197510248576519,-0.000112387870748838,"Jeff Heath","DAL","DB",2017
"1202","00-0031380",1031,-0.0012393137880593,0.0203346502069831,-0.000112664889823572,"Darqueze Dennard","CIN","DB",2017
"1203","00-0024268",66,-0.00124005532992901,0.0203398509569517,-0.000112732302720819,"Anthony Fasano","MIA","TE",2017
"1204","00-0032883",1542,-0.00124051853907545,0.0214686196046258,-0.000112774412643223,"Mitchell Loewen","NO","DL",2017
"1205","00-0033210",1677,-0.00124909217485577,0.0223510108765435,-0.000113553834077797,"Derek Hart","GB","LS",2017
"1206","00-0033855",1905,-0.00125368461106735,0.0202505686580312,-0.00011397132827885,"Chris Thompson","HOU","WR",2017
"1207","00-0031599",1115,-0.00125720287287142,0.0204598992577909,-0.000114291170261038,"Cameron Artis-Payne","CAR","RB",2017
"1208","00-0031112",914,-0.00125897392876472,0.0222920179920105,-0.000114452175342247,"Travis Coons","LAC","K",2017
"1209","00-0030160",698,-0.00126679249563889,0.0191155897031118,-0.00011516295414899,"Josh Martin","NYJ","LB",2017
"1210","00-0032406",1372,-0.00127425019697731,0.020100884184445,-0.000115840926997937,"Antonio Morrison","IND","LB",2017
"1211","00-0027744",282,-0.00129949672025689,0.0213621357261123,-0.000118136065477899,"Nolan Carroll","DAL","DB",2017
"1212","00-0025630",112,-0.00131049550342226,0.0212169380597528,-0.000119135954856569,"Clark Harris","CIN","LS",2017
"1213","00-0033138",1671,-0.00133886116430289,0.022497677272112,-0.000121714651300263,"Sam Ficken","LA","K",2017
"1214","00-0032523",1421,-0.00134305473304164,0.0220237526910287,-0.000122095884821967,"Henry Krieger-Coble","LA","TE",2017
"1215","00-0030066",663,-0.00135040708592785,0.020579991787063,-0.000122764280538896,"Brian Winters","NYJ","OL",2017
"1216","00-0026498",159,-0.00135454268151903,0.0211931010625388,-0.000123140243774457,"Matthew Stafford","DET","QB",2017
"1217","00-0030090",675,-0.00137601511778662,0.0206300269052552,-0.000125092283435147,"Micah Hyde","BUF","DB",2017
"1218","00-0029562",552,-0.00137715986117684,0.020984926639243,-0.000125196351016076,"Lavonte David","TB","LB",2017
"1219","00-0032956",1576,-0.00137719405513427,0.0208726696645371,-0.000125199459557661,"Andy Janovich","DEN","RB",2017
"1220","00-0033858",1908,-0.00137726654747774,0.0208006558475863,-0.000125206049770704,"Jonnu Smith","TEN","TE",2017
"1221","00-0033043",1606,-0.00137933017139054,0.02161427199693,-0.000125393651944594,"Austin Traylor","DEN","TE",2017
"1222","00-0033072",1627,-0.00138135547655169,0.0209687094207054,-0.000125577770595608,"Leonard Floyd","CHI","LB",2017
"1223","00-0031375",1029,-0.00139489877147988,0.0220753510001802,-0.000126808979225444,"Terrance West","BAL","RB",2017
"1224","00-0031941",1200,-0.00140585933933265,0.020229419187902,-0.000127805394484787,"Jamison Crowder","WAS","WR",2017
"1225","00-0029068",475,-0.00140732569020459,0.0209400283398098,-0.000127938699109508,"Derrick Coleman","ATL","RB",2017
"1226","00-0029848",626,-0.00141816870651803,0.0205034515786165,-0.000128924427865276,"Nick Williams","ATL","WR",2017
"1227","00-0027942",327,-0.00141855073196596,0.0202300869167784,-0.000128959157451451,"A.J. Green","CIN","WR",2017
"1228","00-0030530",781,-0.0014339984239878,0.0203520445927731,-0.0001303634930898,"T.J. McDonald","MIA","DB",2017
"1229","00-0032546",1424,-0.00143640723235428,0.0220213831470684,-0.000130582475668571,"Darius Hillary","OAK","DB",2017
"1230","00-0032354",1340,-0.00144286341527685,0.0213477792580618,-0.000131169401388805,"Adam Redmond","BUF","OL",2017
"1231","00-0033453",1764,-0.00145248845575302,0.0227810360417607,-0.000132044405068456,"Xavier Coleman","NYJ","DB",2017
"1232","00-0033760",1879,-0.00145780340748443,0.0212088507866342,-0.000132527582498585,"Justin Davis","LA","RB",2017
"1233","00-0030528",780,-0.00146505188806207,0.0205527279901347,-0.00013318653527837,"Robert Alford","ATL","DB",2017
"1234","00-0032472",1408,-0.00146661058704146,0.0212405896642251,-0.000133328235185588,"Tre Madden","SEA","RB",2017
"1235","00-0027197",227,-0.00148062627179139,0.0209822121360395,-0.000134602388344672,"Justin Drescher","ARI","LS",2017
"1236","00-0027778",288,-0.00148780492015964,0.0214063511748905,-0.000135254992741785,"Sam Young","MIA","OL",2017
"1237","00-0033952",1992,-0.0014883212216135,0.0205758360871455,-0.000135301929237591,"Grover Stewart","IND","DL",2017
"1238","00-0029294",517,-0.00149702822964737,0.0215836291675931,-0.000136093475422488,"Asa Jackson","SF","DB",2017
"1239","00-0029879",630,-0.0014986898645282,0.0212677773318676,-0.000136244533138928,"Kevin McDermott","MIN","LS",2017
"1240","00-0033095",1644,-0.00150005888648253,0.0231092328396887,-0.00013636898968023,"Garrett Griffin","NO","TE",2017
"1241","00-0032209",1300,-0.00150048482866729,0.0211751037867943,-0.000136407711697026,"T.J. Yeldon","JAX","RB",2017
"1242","00-0033364",1735,-0.0015015258240795,0.021204584827312,-0.000136502347643591,"Justin Vogel","GB","P",2017
"1243","00-0027978",350,-0.001510106598958,0.0202520281581816,-0.000137282418087091,"Bruce Carter","NYJ","LB",2017
"1244","00-0031175",930,-0.00151218490329476,0.0199337409117068,-0.000137471354844978,"Cassius Marsh","SF","DL",2017
"1245","00-0031055",893,-0.00151562507413508,0.0211017343401191,-0.000137784097648644,"Andre Williams","LAC","RB",2017
"1246","00-0033363",1734,-0.00152253647290233,0.0214366431602625,-0.000138412406627485,"David Rivers","TB","DB",2017
"1247","00-0033057",1617,-0.00152578564713318,0.0196400780163065,-0.000138707786103016,"Jack Conklin","TEN","OL",2017
"1248","00-0033339",1724,-0.00152871698828674,0.0224374881092177,-0.000138974271662431,"Demetrious Cox","CAR","DB",2017
"1249","00-0032430",1390,-0.00153113656790224,0.0199520019473234,-0.000139194233445659,"David Morgan","MIN","TE",2017
"1250","00-0033559",1814,-0.00154707807120141,0.0207112035077859,-0.00014064346101831,"Michael Roberts","DET","TE",2017
"1251","00-0029187",490,-0.00155109722225877,0.0211935368312177,-0.000141008838387161,"Don Barclay","DET","OL",2017
"1252","00-0033579",1830,-0.00156002331395895,0.0194148140481708,-0.000141820301268996,"Xavier Woods","DAL","DB",2017
"1253","00-0033076",1631,-0.00156119415374316,0.0199974154632206,-0.000141926741249378,"Derrick Kindred","CLE","DB",2017
"1254","00-0032674",1463,-0.0015741826046314,0.0209581066642042,-0.000143107509511945,"Nicholas Grigsby","NE","LB",2017
"1255","00-0025580",111,-0.00157447100677054,0.0211476553042034,-0.000143133727888231,"Mason Crosby","GB","K",2017
"1256","00-0030091",676,-0.00157546024924488,0.0212328092969047,-0.000143223659022262,"Tavarres King","NYG","WR",2017
"1257","00-0033467",1771,-0.00160335396967407,0.0212330662324214,-0.000145759451788552,"Brian Allen","PIT","DB",2017
"1258","00-0031238",949,-0.001604518777141,0.0209686382845075,-0.000145865343376454,"Weston Richburg","NYG","OL",2017
"1259","00-0031744",1151,-0.00160936302944535,0.0224711508949034,-0.000146305729949577,"Matt LaCosse","DEN","TE",2017
"1260","00-0032689",1468,-0.00161118922280113,0.0212520420899376,-0.000146471747527375,"Jason Vander Laan","IND","TE",2017
"1261","00-0033147",1673,-0.00162005950536016,0.0201645110173721,-0.000147278136850924,"Darron Lee","NYJ","LB",2017
"1262","00-0033304",1711,-0.00162676054277187,0.0212589125223044,-0.00014788732207017,"Devante Mays","GB","RB",2017
"1263","00-0033740",1873,-0.00162828875340684,0.0222027072816101,-0.000148026250309713,"Jordan Roos","SEA","OL",2017
"1264","00-0029520",541,-0.00162848914537585,0.0219157803862255,-0.000148044467761441,"Eddie Pleasant","HOU","DB",2017
"1265","00-0032322",1336,-0.00163009842194576,0.0212590068629812,-0.000148190765631433,"Dexter McCoil","SF","DB",2017
"1266","00-0029492",539,-0.00163104270058979,0.020311987466683,-0.000148276609144526,"Jamize Olawale","OAK","RB",2017
"1267","00-0031687",1137,-0.001642624164781,0.0218299059953206,-0.000149329469525545,"Raheem Mostert","SF","RB",2017
"1268","00-0032210",1301,-0.00164566443889389,0.0209450518877226,-0.000149605858081262,"Frank Clark","SEA","DL",2017
"1269","00-0028171",414,-0.00164584284883933,0.0202835131742069,-0.000149622077167212,"Lawrence Guy","NE","DL",2017
"1270","00-0032057",1230,-0.00164835150969922,0.0202875889261585,-0.000149850137245384,"Jaquiski Tartt","SF","DB",2017
"1271","00-0026069",124,-0.00166327230740313,0.0206748416881161,-0.000151206573400285,"Mike Tolbert","BUF","RB",2017
"1272","00-0031953",1208,-0.00166343041156605,0.021790918630913,-0.000151220946506004,"Geremy Davis","LAC","WR",2017
"1273","00-0032420",1383,-0.00166511895228727,0.021863673210617,-0.000151374450207933,"Brandon Shell","NYJ","OL",2017
"1274","00-0031939",1198,-0.00166942505394662,0.0213685976484266,-0.000151765913995147,"Matt Jones","IND","RB",2017
"1275","00-0032201",1296,-0.00167218289373415,0.0213300997304243,-0.000152016626703105,"Ben Heeney","HOU","LB",2017
"1276","00-0026293",154,-0.0016734459165683,0.0211825206771066,-0.000152131446960754,"Matthew Slater","NE","WR",2017
"1277","00-0030063",660,-0.0016736997023205,0.0203069989940439,-0.000152154518392773,"Johnathan Hankins","IND","DL",2017
"1278","00-0033975",2008,-0.00168624143363046,0.0210464938640303,-0.000153294675784588,"Elijah Hood","OAK","RB",2017
"1279","00-0032435",1394,-0.00169586288577298,0.0194933165102576,-0.000154169353252089,"Anthony Zettel","DET","DL",2017
"1280","00-0033785",1888,-0.00169611299710546,0.0213739172591669,-0.000154192090645951,"Zach Banner","CLE","OL",2017
"1281","00-0033555",1811,-0.00170026418564567,0.0209977029250467,-0.000154569471422334,"Mack Hollins","PHI","WR",2017
"1282","00-0030048",654,-0.00171321910510353,0.0197039038824478,-0.000155747191373048,"Cornelius Washington","DET","DL",2017
"1283","00-0033366",1736,-0.00172031907762047,0.0217329576909891,-0.000156392643420043,"Quincy Adeboyejo","BAL","WR",2017
"1284","00-0029895",636,-0.00172119259426961,0.0201903538293353,-0.00015647205402451,"Ryan Jensen","BAL","OL",2017
"1285","00-0033702",1866,-0.0017232734960681,0.0209679976483276,-0.000156661226915282,"Younghoe Koo","LAC","K",2017
"1286","00-0032726",1477,-0.00172502209495386,0.0212122791658863,-0.000156820190450351,"Ka'imi Fairbairn","HOU","K",2017
"1287","00-0023645",49,-0.00172737762962227,0.0226011735769587,-0.000157034329965661,"Derek Anderson","CAR","QB",2017
"1288","00-0030548",789,-0.00173628716047659,0.0202233080133303,-0.000157844287316053,"Eric Reid","SF","DB",2017
"1289","00-0033577",1828,-0.00179996338729922,0.0214631207450666,-0.00016363303520902,"Nate Gerry","PHI","LB",2017
"1290","00-0033557",1813,-0.00180220198763332,0.0204861028721909,-0.000163836544330302,"Jalen Reeves-Maybin","DET","LB",2017
"1291","00-0033944",1985,-0.00181153357697909,0.0205413730362948,-0.000164684870634462,"Ben Gedeon","MIN","LB",2017
"1292","00-0033052",1613,-0.00181473672768354,0.0201539040369057,-0.000164976066153049,"Jaylon Smith","DAL","LB",2017
"1293","00-0033973",2006,-0.00181610669117656,0.0207456013334321,-0.000165100608288778,"Elijah Lee","SF","LB",2017
"1294","00-0027607",249,-0.00182440624185406,0.0211782991447591,-0.000165855112895824,"Ted Larsen","MIA","OL",2017
"1295","00-0025401",87,-0.0018400435166606,0.0212839552938098,-0.000167276683332782,"Darrelle Revis","KC","DB",2017
"1296","00-0029731",612,-0.00184011908197086,0.0208657171695314,-0.000167283552906441,"Fozzy Whittaker","CAR","RB",2017
"1297","00-0031596",1112,-0.00185181198033374,0.0203882514939986,-0.000168346543666704,"David Mayo","CAR","LB",2017
"1298","00-0027958",339,-0.00185365767974614,0.0198261719209408,-0.000168514334522376,"Adrian Clayborn","ATL","DL",2017
"1299","00-0027014",201,-0.00185421053693357,0.0215475341457388,-0.000168564594266689,"Rey Maualuga","MIA","LB",2017
"1300","00-0032384",1354,-0.00185903449761454,0.0216375627430019,-0.000169003136146776,"Germain Ifedi","SEA","OL",2017
"1301","00-0025399",86,-0.00186075400795074,0.0210646360349239,-0.000169159455268249,"Marshawn Lynch","OAK","RB",2017
"1302","00-0025418",92,-0.00186204928105403,0.0205661632854347,-0.000169277207368548,"Greg Olsen","CAR","TE",2017
"1303","00-0026502",161,-0.00186617936972096,0.020259092403964,-0.000169652669974633,"Ricky Jean Francois","NE","DL",2017
"1304","00-0029566",553,-0.00186932436202614,0.0193869152321681,-0.000169938578366012,"Zach Brown","WAS","LB",2017
"1305","00-0033551",1807,-0.00189084849094326,0.0210144336881306,-0.000171895317358478,"Rasul Douglas","PHI","DB",2017
"1306","00-0024421",79,-0.00189867440663912,0.0193332014080394,-0.00017260676423992,"Antoine Bethea","ARI","DB",2017
"1307","00-0031346",1009,-0.00190975482486951,0.0207992204150448,-0.000173614074988137,"Justin Ellis","OAK","DL",2017
"1308","00-0029794",621,-0.00191969122369262,0.0212865333440052,-0.000174517383972056,"Daren Bates","TEN","LB",2017
"1309","00-0033083",1636,-0.00192226614501161,0.0211331107990196,-0.000174751467728328,"Darian Thompson","NYG","DB",2017
"1310","00-0033439",1760,-0.00192643013877954,0.0205644216963848,-0.000175130012616322,"Pharaoh Brown","OAK","TE",2017
"1311","00-0033246",1680,-0.0019305107924726,0.0215517609898854,-0.000175500981133872,"Johnny Mundt","LA","TE",2017
"1312","00-0031151",922,-0.00196474229895036,0.0215222756030567,-0.000178612936268214,"Marcus Williams","HOU","DB",2017
"1313","00-0028767",443,-0.00197339952023739,0.0217743726332198,-0.000179399956385217,"Sterling Moore","NO","DB",2017
"1314","00-0027969",346,-0.00197549835644321,0.0197894082696814,-0.000179590759676656,"Cameron Heyward","PIT","DL",2017
"1315","00-0033662",1854,-0.00198030471906028,0.0220113424986311,-0.000180027701732753,"Cooper Rush","DAL","QB",2017
"1316","00-0029004",466,-0.00198532426491579,0.0213603576153352,-0.000180484024083254,"Lance Dunbar","LA","RB",2017
"1317","00-0030526",778,-0.00199327234537908,0.0210379088994776,-0.000181206576852644,"EJ Manuel","OAK","QB",2017
"1318","00-0024535",82,-0.00200044404871624,0.0211018347911107,-0.000181858549883294,"Eric Weems","TEN","WR",2017
"1319","00-0032933",1561,-0.00200362004476032,0.0219589653574904,-0.000182147276796392,"Antonio Hamilton","OAK","DB",2017
"1320","00-0028060",383,-0.00200410016279293,0.0219422640204095,-0.000182190923890266,"Chris Hairston","LAC","OL",2017
"1321","00-0026516",163,-0.00202652739491053,0.0205341145384517,-0.000184229763173684,"Britton Colquitt","CLE","P",2017
"1322","00-0030098",680,-0.00204477496729276,0.0202908199404824,-0.000185888633390251,"Dustin Hopkins","WAS","K",2017
"1323","00-0030114",685,-0.00205023838809236,0.0211335535793076,-0.000186385308008396,"Jordan Poyer","BUF","DB",2017
"1324","00-0031044",885,-0.00205558885037813,0.0199065903919188,-0.000186871713670739,"Troy Niklas","ARI","TE",2017
"1325","00-0023096",30,-0.00205691940216383,0.0221775341639068,-0.000186992672923985,"Nick Novak","LAC","K",2017
"1326","00-0032150",1277,-0.00205944311179836,0.0216806604337404,-0.000187222101072578,"Steven Nelson","KC","DB",2017
"1327","00-0023482",42,-0.0020684681463417,0.0227463242491756,-0.000188042558758337,"Mike Nugent","CHI","K",2017
"1328","00-0032248",1321,-0.00207655697994982,0.0208855093899582,-0.000188777907268165,"Bryce Hager","LA","LB",2017
"1329","00-0032129",1262,-0.00208795750405638,0.021042719973954,-0.00018981431855058,"Jordan Hicks","PHI","LB",2017
"1330","00-0032261",1328,-0.00209857619595028,0.0199665951164849,-0.000190779654177299,"Malcom Brown","NE","DL",2017
"1331","00-0031884",1177,-0.00209893722276761,0.0214910244450413,-0.000190812474797055,"Gabe Holmes","ARI","TE",2017
"1332","00-0031557",1085,-0.00210771905407992,0.0211741423729505,-0.000191610823098174,"Jordan Phillips","MIA","DL",2017
"1333","00-0032412",1376,-0.00211428238971467,0.0206733907208159,-0.000192207489974061,"Dean Lowry","GB","DL",2017
"1334","00-0032419",1382,-0.00212294184840328,0.020306314025085,-0.000192994713491208,"Joe Haeg","IND","OL",2017
"1335","00-0032699",1469,-0.00213160260598125,0.0217006718984485,-0.000193782055089204,"Claude Pelon","NYJ","DL",2017
"1336","00-0031017",872,-0.00213261501163944,0.0205355811536334,-0.000193874091967222,"Dakota Dozier","NYJ","OL",2017
"1337","00-0027874",314,-0.00214847604205833,0.0206130701681699,-0.000195316003823485,"Demaryius Thomas","DEN","WR",2017
"1338","00-0026153",129,-0.00215238324545087,0.0216764033255381,-0.000195671204131897,"Jonathan Stewart","CAR","RB",2017
"1339","00-0028907",454,-0.00217276075976337,0.0210328822818409,-0.000197523705433034,"Giorgio Tavecchio","OAK","K",2017
"1340","00-0027547",245,-0.00217693985726944,0.0205867683420514,-0.000197903623388131,"Marcus Sherels","MIN","DB",2017
"1341","00-0030451",746,-0.00217946154129815,0.0220118999922343,-0.00019813286739074,"Demetrius McCray","OAK","DB",2017
"1342","00-0033382",1741,-0.00224130629444313,0.0221471689967316,-0.000203755117676648,"Austin Carr","NO","WR",2017
"1343","00-0033883",1928,-0.00224431725225538,0.0204755757032131,-0.000204028841114125,"Jabrill Peppers","CLE","DB",2017
"1344","00-0033481",1776,-0.0022464051141938,0.0207488422104048,-0.000204218646744891,"Marcus Kemp","KC","WR",2017
"1345","00-0030780",840,-0.00225552896504939,0.0211859256558153,-0.000205048087731763,"Ryan Hewitt","CIN","TE",2017
"1346","00-0033357",1731,-0.00225756559370647,0.0215867722868164,-0.000205233235791498,"Taysom Hill","NO","QB",2017
"1347","00-0033581",1832,-0.00226501997955326,0.0219347467463403,-0.000205910907232115,"De'Angelo Henderson Sr.","DEN","RB",2017
"1348","00-0031734",1147,-0.00228662828677668,0.0204968854356311,-0.00020787529879788,"Chris Reed","JAX","OL",2017
"1349","00-0033575",1826,-0.00228908432951812,0.0210359299268481,-0.000208098575410738,"Treston Decoud","HOU","DB",2017
"1350","00-0029708",609,-0.0022950066935693,0.0201167632004586,-0.000208636972142663,"Kendall Wright","CHI","WR",2017
"1351","00-0033596",1842,-0.00230120438942718,0.0214486910010502,-0.000209200399038834,"Matt Dayes","CLE","RB",2017
"1352","00-0032741",1483,-0.00230424959954219,0.0212172389932889,-0.000209477236322017,"Peyton Barber","TB","RB",2017
"1353","00-0032084",1242,-0.00230631753512394,0.0213453207713627,-0.000209665230465813,"Curtis Grant","NYG","LB",2017
"1354","00-0030380",718,-0.00231300269457275,0.0210153168092968,-0.000210272972233887,"Benson Mayowa","DAL","DL",2017
"1355","00-0030565",797,-0.00231453003124643,0.021698198769065,-0.000210411821022403,"Geno Smith","NYG","QB",2017
"1356","00-0029008",467,-0.0023192022624004,0.0212432900916523,-0.000210836569309127,"Charley Hughlett","CLE","LS",2017
"1357","00-0032166",1285,-0.00232011795851063,0.0210712230414032,-0.000210919814410057,"Sammie Coates","CLE","WR",2017
"1358","00-0031334",1001,-0.00232684409468282,0.0211035721329295,-0.000211531281334802,"Jason Verrett","LAC","DB",2017
"1359","00-0021429",12,-0.00233782785783764,0.0211108473716655,-0.000212529805257967,"Carson Palmer","ARI","QB",2017
"1360","00-0027103",219,-0.00235268814524402,0.0211249993364915,-0.000213880740476729,"Kevin Huber","CIN","P",2017
"1361","00-0031403",1045,-0.00235844553246395,0.0196744332778867,-0.000214404139314905,"Jay Bromley","NYG","DL",2017
"1362","00-0031868",1176,-0.00235875239249111,0.0211142574950257,-0.00021443203568101,"Damiere Byrd","CAR","WR",2017
"1363","00-0032423",1385,-0.00236277663602133,0.0206331114256133,-0.000214797876001939,"Trevor Davis","GB","WR",2017
"1364","00-0026994",192,-0.00236319384178035,0.0202634366357728,-0.000214835803798214,"Robert Ayers","TB","DL",2017
"1365","00-0027647",250,-0.00236961804105819,0.0203854648920886,-0.000215419821914381,"Devin McCourty","NE","DB",2017
"1366","00-0033114",1656,-0.00240058684557004,0.0207646837272728,-0.000218235167779094,"Mike Thomas","LA","WR",2017
"1367","00-0031361",1018,-0.00240552225950889,0.0205348609368721,-0.000218683841773536,"Christian Kirksey","CLE","LB",2017
"1368","00-0031171",927,-0.00241116007065314,0.0210955766454111,-0.000219196370059377,"Preston Brown","BUF","LB",2017
"1369","00-0033872",1917,-0.00241447589077291,0.021229393453443,-0.000219497808252083,"Jamal Adams","NYJ","DB",2017
"1370","00-0033964",2001,-0.0024151695507315,0.0212843008591097,-0.000219560868248318,"Al-Quadin Muhammad","NO","DL",2017
"1371","00-0033552",1808,-0.00242002713253694,0.0216560067385286,-0.000220002466594267,"Brendan Langley","DEN","DB",2017
"1372","00-0026964",184,-0.0024319564751283,0.0203131236699899,-0.000221086952284391,"Clinton McDonald","TB","DL",2017
"1373","00-0031156",924,-0.00243531868741991,0.0218202337208899,-0.000221392607947264,"Tyler Ott","SEA","LS",2017
"1374","00-0023742",52,-0.00243721916405896,0.0221397301123204,-0.000221565378550814,"Jon Ryan","SEA","P",2017
"1375","00-0033449",1762,-0.00244058442048328,0.0216250031371167,-0.000221871310953025,"Isaac Whitney","OAK","WR",2017
"1376","00-0033338",1723,-0.00244369400976909,0.0215777389509869,-0.000222154000888099,"Cethan Carter","CIN","TE",2017
"1377","00-0029191",491,-0.00244773836196608,0.0210198209214074,-0.000222521669269644,"DeShawn Shead","SEA","DB",2017
"1378","00-0031313",990,-0.00244812372383428,0.0214404950898419,-0.000222556702166753,"Jordan Tripp","ATL","LB",2017
"1379","00-0031821",1168,-0.00245129674133547,0.0206566320774341,-0.000222845158303224,"Darrell Williams","LA","OL",2017
"1380","00-0026290",153,-0.0024556277818606,0.0206309521121713,-0.000223238889260054,"Breno Giacomini","HOU","OL",2017
"1381","00-0031919",1187,-0.00246076179422539,0.0204315599917555,-0.000223705617656854,"Kurtis Drummond","HOU","DB",2017
"1382","00-0032431",1391,-0.00246419247336391,0.0208597129390819,-0.000224017497578538,"Jake Rudock","DET","QB",2017
"1383","00-0033716",1868,-0.00246893519825879,0.0206038396861023,-0.000224448654387163,"Calvin Munson","NYG","LB",2017
"1384","00-0024333",72,-0.00247410310704367,0.0210479683327567,-0.000224918464276697,"Stephen Gostkowski","NE","K",2017
"1385","00-0030385",722,-0.00248480570948702,0.0220869287252885,-0.000225891428135184,"Gerald Hodges","NO","LB",2017
"1386","00-0032243",1317,-0.00251263297771545,0.0210348003927929,-0.000228421179792313,"Ali Marpet","TB","OL",2017
"1387","00-0031228",944,-0.00251683985724403,0.0208227579665725,-0.00022880362338582,"Taylor Gabriel","ATL","WR",2017
"1388","00-0029613",573,-0.00253125799116967,0.0207824716819769,-0.000230114362833607,"Doug Martin","TB","RB",2017
"1389","00-0031237",948,-0.00254741336476455,0.0213266410536482,-0.000231583033160413,"Teddy Bridgewater","MIN","QB",2017
"1390","00-0032382",1352,-0.00255252541737278,0.0208604850302198,-0.000232047765215707,"Keanu Neal","ATL","DB",2017
"1391","00-0032896",1550,-0.00255628598740364,0.0218787578969851,-0.000232389635218513,"Drew Kaser","LAC","P",2017
"1392","00-0032730",1480,-0.00255842706043263,0.0209804722992775,-0.000232584278221149,"Eric Lee","NE","DL",2017
"1393","00-0030384",721,-0.00257304773101552,0.0214370404949389,-0.00023391343009232,"Jelani Jenkins","HOU","LB",2017
"1394","00-0031900",1181,-0.00257687881213801,0.0208407002389191,-0.000234261710194365,"Rod Smith","DAL","RB",2017
"1395","00-0031299",982,-0.00260445370481819,0.0211866013026291,-0.000236768518619836,"Jordan Matthews","BUF","WR",2017
"1396","00-0032951",1572,-0.00263051091392106,0.0199635162512555,-0.000239137355811006,"Laquon Treadwell","MIN","WR",2017
"1397","00-0028114",405,-0.00263085168383542,0.0211668224196134,-0.000239168334894129,"Dwayne Harris","NYG","WR",2017
"1398","00-0032567",1429,-0.0026666686130004,0.0208642464263992,-0.000242424419363673,"Anthony Fabiano","IND","OL",2017
"1399","00-0029972",644,-0.00266912687688175,0.021057250780569,-0.000242647897898341,"A.J. Francis","WAS","DL",2017
"1400","00-0025430",96,-0.00268473903884173,0.0215111395809169,-0.000244067185349248,"Drew Stanton","ARI","QB",2017
"1401","00-0033905",1950,-0.00268781996618113,0.0203347334890293,-0.00024434726965283,"Larry Ogunjobi","CLE","DL",2017
"1402","00-0027956",337,-0.00268927709047531,0.0211342925036612,-0.000244479735497755,"Corey Liuget","LAC","DL",2017
"1403","00-0022824",22,-0.00269316734787974,0.020502968820245,-0.000244833395261795,"Andy Lee","ARI","P",2017
"1404","00-0032227",1309,-0.00272080017131217,0.0206606582108432,-0.000247345470119288,"Jeff Heuerman","DEN","TE",2017
"1405","00-0033125",1665,-0.00272821748610478,0.0206122372954965,-0.000248019771464071,"Joe Schobert","CLE","LB",2017
"1406","00-0032459",1404,-0.00275017563638529,0.0220312636451273,-0.000250015966944118,"Aaron Neary","LA","OL",2017
"1407","00-0033968",2003,-0.0027575248346299,0.0213278630190619,-0.000250684075875446,"Stacy Coley","MIN","WR",2017
"1408","00-0032707",1473,-0.00276737067679915,0.0218574665970975,-0.000251579152436286,"Andy Jones","DET","WR",2017
"1409","00-0033085",1638,-0.00281721876950933,0.0206648824951774,-0.000256110797228121,"Jerald Hawkins","PIT","OL",2017
"1410","00-0032543",1423,-0.00282155842705682,0.0211918495682851,-0.00025650531155062,"Alex Erickson","CIN","WR",2017
"1411","00-0029212",495,-0.00283353759668964,0.0195842176943233,-0.000257594326971786,"Tahir Whitehead","DET","LB",2017
"1412","00-0033306",1712,-0.00284677311581609,0.0207241699856913,-0.000258797555983281,"Victor Bolden","SF","WR",2017
"1413","00-0033502",1777,-0.00285842625953814,0.021911788828085,-0.000259856932685285,"Cameron Lee","CHI","OL",2017
"1414","00-0031060",894,-0.00286202533944509,0.019674148089976,-0.000260184121767736,"De'Anthony Thomas","KC","WR",2017
"1415","00-0027036",209,-0.00287093252062088,0.0207561117864075,-0.000260993865510989,"Will Beatty","PHI","OL",2017
"1416","00-0030020",649,-0.0029006586896798,0.0214727567077648,-0.000263696244516346,"Brynden Trawick","TEN","DB",2017
"1417","00-0028083",392,-0.00290818989173714,0.0199904869754729,-0.000264380899248831,"Jacquizz Rodgers","TB","RB",2017
"1418","00-0029112",480,-0.00291325973098936,0.0211575918707523,-0.000264841793726306,"Jacquies Smith","DET","DL",2017
"1419","00-0029821",624,-0.00291432213146199,0.0213389041632196,-0.000264938375587453,"Emmett Cleary","DET","OL",2017
"1420","00-0032071",1239,-0.00291909834202789,0.0204398462375092,-0.00026537257654799,"Trent Brown","SF","OL",2017
"1421","00-0031372",1027,-0.00294302700019375,0.0204170152099954,-0.000267547909108522,"Bradley Roby","DEN","DB",2017
"1422","00-0032154",1279,-0.0029430301492404,0.0208127870439408,-0.000267548195385491,"Michael Bennett","JAX","DL",2017
"1423","00-0033915",1960,-0.00295286964405497,0.0214431599698696,-0.000268442694914088,"Tim Williams","BAL","LB",2017
"1424","00-0022455",18,-0.00295536047085653,0.0204938810491612,-0.00026866913371423,"Don Muhlbach","DET","LS",2017
"1425","00-0032952",1573,-0.00296178363969311,0.0211898569228509,-0.000269253058153919,"Noah Spence","TB","DL",2017
"1426","00-0033884",1929,-0.00297438675688473,0.0203134955416088,-0.00027039879608043,"Tre'Davious White","BUF","DB",2017
"1427","00-0032617",1444,-0.00298042029137382,0.0208076424978197,-0.000270947299215802,"Lafayette Pitts","BUF","DB",2017
"1428","00-0028006",366,-0.00298602130203783,0.0202375033510742,-0.000271456482003439,"Kelvin Sheppard","NYG","LB",2017
"1429","00-0025565",110,-0.00298747803237836,0.0215522098022275,-0.000271588912034396,"Nick Folk","TB","K",2017
"1430","00-0032112",1253,-0.00298815828360854,0.0212892198274299,-0.000271650753055322,"J.J. Nelson","ARI","WR",2017
"1431","00-0030725",830,-0.00299868618469621,0.0225513712309949,-0.000272607834972383,"Cornelius Lucas","LA","OL",2017
"1432","00-0031690",1138,-0.0030211682896905,0.020697144357834,-0.000274651662699137,"Eric Tomlinson","NYJ","TE",2017
"1433","00-0032262",1329,-0.00302242120317891,0.0212757870812356,-0.000274765563925355,"Landon Collins","NYG","DB",2017
"1434","00-0029640",583,-0.00302281756229264,0.0216713735409424,-0.000274801596572058,"Brian Quick","WAS","WR",2017
"1435","00-0031276",970,-0.00302746726140443,0.0218767219562331,-0.000275224296491312,"Tyler Patmon","JAX","DB",2017
"1436","00-0027963",342,-0.00304205464744269,0.0205235616682144,-0.00027655042249479,"James Carpenter","NYJ","OL",2017
"1437","00-0031314",991,-0.00304339109314011,0.0203603779170611,-0.000276671917558192,"Wesley Johnson","NYJ","OL",2017
"1438","00-0030121",687,-0.00305062852371111,0.021894954400853,-0.000277329865791919,"David King","TEN","DL",2017
"1439","00-0032789",1515,-0.00306548185949499,0.0204818764115135,-0.000278680169044999,"Devante Bond","TB","LB",2017
"1440","00-0033649",1850,-0.00307255176880158,0.0210043311788274,-0.000279322888072871,"Kai Nacua","CLE","DB",2017
"1441","00-0030396",727,-0.00308990434423167,0.0215796551213315,-0.000280900394930152,"Freddie Bishop","NYJ","LB",2017
"1442","00-0031574",1097,-0.00309304617492412,0.0213693405452308,-0.000281186015902192,"Gabe Wright","MIA","DL",2017
"1443","00-0031581",1102,-0.00309348247824238,0.0218983609686558,-0.000281225679840216,"Mark Glowinski","IND","OL",2017
"1444","00-0030460",751,-0.00309686970261986,0.0207343903425219,-0.000281533609329078,"Markus Wheaton","CHI","WR",2017
"1445","00-0031793",1159,-0.00311847435966271,0.0216653748189765,-0.000283497669060247,"Terrell Watson","PIT","RB",2017
"1446","00-0031262",962,-0.00314171471899179,0.0206956301177215,-0.000285610428999254,"Bene' Benwikere","DAL","DB",2017
"1447","00-0033870",1915,-0.00315347881252665,0.0203455353128999,-0.000286679892047878,"Solomon Thomas","SF","DL",2017
"1448","00-0032109",1251,-0.00315513386694804,0.0205823258786273,-0.00028683035154073,"Kwon Alexander","TB","LB",2017
"1449","00-0033859",1909,-0.00315655959513986,0.0216689964577133,-0.000286959963194533,"Josh Malone","CIN","WR",2017
"1450","00-0032596",1440,-0.00315999775351304,0.0207451824582657,-0.00028727252304664,"Brian Poole","ATL","DB",2017
"1451","00-0033115",1657,-0.00316059938944844,0.0214010874064234,-0.000287327217222586,"Jeff Overbaugh","MIN","LS",2017
"1452","00-0030874",852,-0.0031654412069638,0.021251921324525,-0.000287767382451255,"Damien Williams","MIA","RB",2017
"1453","00-0029608",572,-0.00316569430479996,0.0202455450925548,-0.000287790391345451,"T.Y. Hilton","IND","WR",2017
"1454","00-0030046",653,-0.00317183408545299,0.0201672884607148,-0.000288348553222999,"Jordan Mills","BUF","OL",2017
"1455","00-0032792",1518,-0.00317958382818765,0.021861958426088,-0.000289053075289787,"Nate Sudfeld","PHI","QB",2017
"1456","00-0027993",360,-0.00320759278074389,0.0207076282235737,-0.00029159934370399,"Rodney Hudson","OAK","OL",2017
"1457","00-0028987",464,-0.00321467468036776,0.020106456848901,-0.000292243152760705,"Phillip Supernaw","TEN","TE",2017
"1458","00-0029892",634,-0.0032164652493534,0.0214193141989448,-0.0002924059317594,"Kyle Juszczyk","SF","RB",2017
"1459","00-0031015",870,-0.00322633293844996,0.021027432764039,-0.000293302994404542,"Phillip Gaines","KC","DB",2017
"1460","00-0029992",646,-0.00323914734899877,0.0203391758699941,-0.00029446794081807,"Josh Kline","TEN","OL",2017
"1461","00-0032870",1539,-0.00324054853390844,0.0226531466148935,-0.000294595321264404,"Aldrick Rosas","NYG","K",2017
"1462","00-0033924",1966,-0.00324287476466117,0.0205477728780885,-0.000294806796787379,"Eddie Vanderdoes","OAK","DL",2017
"1463","00-0032043",1222,-0.00325406062965397,0.0204725906812098,-0.000295823693604907,"Quinton Spain","TEN","OL",2017
"1464","00-0029893",635,-0.00325410492493798,0.0206653606998266,-0.000295827720448907,"Rick Wagner","DET","OL",2017
"1465","00-0029709",610,-0.00325801605555761,0.0208556885637232,-0.000296183277777965,"Ty Nsekhe","WAS","OL",2017
"1466","00-0028003",365,-0.00325914996011166,0.0209850641452585,-0.000296286360010151,"Terrell McClain","WAS","DL",2017
"1467","00-0028093",397,-0.00327666700608666,0.0206035270052071,-0.000297878818735151,"Niles Paul","WAS","TE",2017
"1468","00-0031928",1191,-0.00327978146159513,0.0217482307938337,-0.000298161951054103,"Chad Slade","HOU","OL",2017
"1469","00-0031028",879,-0.00328184691945588,0.021503394151064,-0.000298349719950535,"Ulrick John","GB","OL",2017
"1470","00-0030781",841,-0.00329050570367646,0.0199758741963355,-0.000299136882152406,"Trey Hopkins","CIN","OL",2017
"1471","00-0033758",1878,-0.00330004830628934,0.0194396896396784,-0.000300004391480849,"Jeremiah Valoaga","DET","DL",2017
"1472","00-0027855",297,-0.00331027294263102,0.0192347538280617,-0.000300933903875547,"Ndamukong Suh","MIA","DL",2017
"1473","00-0031393",1041,-0.00331370643783995,0.0215303215195443,-0.000301246039803632,"Maurice Alexander","LA","DB",2017
"1474","00-0033896",1941,-0.00332633242644473,0.020106252531643,-0.000302393856949521,"Adam Shaheen","CHI","TE",2017
"1475","00-0030069",666,-0.00333849833311961,0.0211887758794755,-0.000303499848465419,"Damontre Moore","DAL","DL",2017
"1476","00-0027684",266,-0.00334352457222472,0.0207577621809792,-0.000303956779293157,"Earl Mitchell","SF","DL",2017
"1477","00-0031016",871,-0.00335750359278253,0.0210150908574108,-0.000305227599343866,"Ross Cockrell","NYG","DB",2017
"1478","00-0027985",355,-0.0033724220831297,0.0199611206735892,-0.000306583825739064,"Lance Kendricks","GB","TE",2017
"1479","00-0033283",1695,-0.00337506467902436,0.0206935639013521,-0.000306824061729487,"Tyus Bowser","BAL","LB",2017
"1480","00-0033892",1937,-0.00337551853409977,0.0206281814649999,-0.000306865321281797,"Marcus Maye","NYJ","DB",2017
"1481","00-0029528",543,-0.00337784733748319,0.020434694335461,-0.00030707703068029,"Bobby Massie","CHI","OL",2017
"1482","00-0030850",847,-0.00338005593255255,0.0205922085386496,-0.000307277812050232,"Cody Parkey","MIA","K",2017
"1483","00-0031950",1206,-0.00340213044213858,0.0216128895462142,-0.000309284585648962,"D.J. Alexander","SEA","LB",2017
"1484","00-0033553",1809,-0.00340643155273289,0.021947522714005,-0.00030967559570299,"James Conner","PIT","RB",2017
"1485","00-0027988",358,-0.00341046234957938,0.0203967474785295,-0.000310042031779943,"Marcus Gilchrist","HOU","DB",2017
"1486","00-0031182",934,-0.00342291391322508,0.0211085878856488,-0.000311173992111371,"Kevin Pamphile","TB","OL",2017
"1487","00-0032592",1439,-0.00342300254732774,0.0209492957441371,-0.000311182049757067,"Sharrod Neasman","ATL","DB",2017
"1488","00-0031054",892,-0.0034236962476116,0.0206754331799386,-0.000311245113419236,"DaQuan Jones","TEN","DL",2017
"1489","00-0025920",118,-0.00342849014614272,0.0223095470675147,-0.000311680922376611,"Jerrell Freeman","CHI","LB",2017
"1490","00-0033570",1821,-0.00343798312238709,0.0210165126414133,-0.000312543920217009,"Anthony Walker","IND","LB",2017
"1491","00-0031382",1033,-0.00344570793918134,0.0209296086958228,-0.000313246176289213,"Jarvis Landry","MIA","WR",2017
"1492","00-0033094",1643,-0.00345776200749916,0.0217325508247618,-0.000314342000681742,"Marvin Hall","ATL","WR",2017
"1493","00-0027966",344,-0.00345779645060365,0.0200749282693742,-0.000314345131873059,"Mark Ingram","NO","RB",2017
"1494","00-0029164",489,-0.00346937224194692,0.0201739333660978,-0.000315397476540629,"Mike Remmers","MIN","OL",2017
"1495","00-0027952",333,-0.00347483240812316,0.0203786125672505,-0.000315893855283924,"Robert Quinn","LA","LB",2017
"1496","00-0030484",758,-0.00347720936294363,0.02065320965628,-0.000316109942085784,"Jamar Taylor","CLE","DB",2017
"1497","00-0033885",1930,-0.00348864121223304,0.0202986653722486,-0.000317149201112094,"David Njoku","CLE","TE",2017
"1498","00-0027029",208,-0.00349980988508186,0.0201482749327658,-0.000318164535007441,"LeSean McCoy","BUF","RB",2017
"1499","00-0031609",1118,-0.00352301304808541,0.0203032239719012,-0.00032027391346231,"A.J. Derby","MIA","TE",2017
"1500","00-0032389",1359,-0.00352708043625519,0.021531022380913,-0.000320643676023199,"Mackensie Alexander","MIN","DB",2017
"1501","00-0029119",481,-0.0035313193916223,0.0202602483652371,-0.000321029035602027,"Derek Carrier","LA","TE",2017
"1502","00-0032566",1428,-0.00353384174443091,0.0213647994940205,-0.00032125834040281,"Trevon Coley","CLE","DL",2017
"1503","00-0032320",1335,-0.00354834452193823,0.0212437683380019,-0.000322576774721657,"Erik Harris","OAK","DB",2017
"1504","00-0029295",518,-0.00358008687379161,0.0209465194519292,-0.000325462443071965,"Jeremy Lane","SEA","DB",2017
"1505","00-0029146",487,-0.00359344519436365,0.0204319926216429,-0.000326676835851241,"J.R. Sweezy","TB","OL",2017
"1506","00-0028454",433,-0.0035958491965017,0.0229377526746492,-0.000326895381500155,"Jonathan Freeny","NO","LB",2017
"1507","00-0033117",1658,-0.00359743104441112,0.0231431848130297,-0.000327039185855556,"Bronson Kaufusi","BAL","DL",2017
"1508","00-0031315",992,-0.00359744735784847,0.0217697399246453,-0.000327040668895315,"Matt Hazel","CLE","WR",2017
"1509","00-0033545",1802,-0.00360519285553082,0.0214520414116634,-0.000327744805048256,"Teez Tabor","DET","DB",2017
"1510","00-0031999",1217,-0.00361789553637974,0.0205588235470368,-0.00032889959421634,"Justin March-Lillard","DAL","LB",2017
"1511","00-0030217",705,-0.00362333425827542,0.0216024400617465,-0.000329394023479584,"Tim Lelito","DET","OL",2017
"1512","00-0033104",1648,-0.00362397227250666,0.0215650191925151,-0.000329452024773332,"Cody Kessler","CLE","QB",2017
"1513","00-0033122",1663,-0.00362913041283133,0.0211102718688476,-0.00032992094662103,"Shilique Calhoun","OAK","LB",2017
"1514","00-0032827",1532,-0.00363260410132324,0.0213221310460646,-0.000330236736483931,"Leonard Wester","TB","OL",2017
"1515","00-0033840",1901,-0.00363429958153107,0.0212463671191092,-0.000330390871048279,"Chad Hansen","NYJ","WR",2017
"1516","00-0033901",1946,-0.00363984435137495,0.0201865763659209,-0.000330894941034087,"Ethan Pocic","SEA","OL",2017
"1517","00-0026330",157,-0.00364368189380824,0.0207044590840232,-0.000331243808528021,"Ahtyba Rubin","ATL","DL",2017
"1518","00-0033961",1998,-0.0036597316128415,0.0219664622493504,-0.000332702873894682,"Dylan Donahue","NYJ","LB",2017
"1519","00-0030524",776,-0.00366006859254489,0.021501744323938,-0.000332733508413172,"Landry Jones","PIT","QB",2017
"1520","00-0031935",1194,-0.0036626692553847,0.0200006828308388,-0.0003329699323077,"Preston Smith","WAS","LB",2017
"1521","00-0030151",695,-0.00366422139787843,0.0216010675073928,-0.000333111036170767,"Tyler Bray","KC","QB",2017
"1522","00-0030668",821,-0.00369122328861281,0.0202828297667317,-0.000335565753510255,"Charcandrick West","KC","RB",2017
"1523","00-0030545",787,-0.00369681246645616,0.0194828387120397,-0.000336073860586924,"Luke Joeckel","SEA","OL",2017
"1524","00-0032437",1395,-0.00370815874310566,0.0206718619036895,-0.000337105340282333,"Kamu Grugier-Hill","PHI","LB",2017
"1525","00-0028064",385,-0.00371047920920436,0.0209852398741629,-0.000337316291745851,"Bilal Powell","NYJ","RB",2017
"1526","00-0030821",844,-0.00371858000484688,0.0206524505490252,-0.000338052727713353,"Allen Hurns","JAX","WR",2017
"1527","00-0030649",815,-0.00371993676119254,0.0206285731655771,-0.000338176069199322,"Jonotthan Harrison","NYJ","OL",2017
"1528","00-0033477",1775,-0.00372314953208649,0.0212388644613373,-0.00033846813928059,"LaTroy Lewis","HOU","LB",2017
"1529","00-0022803",21,-0.00372821312207304,0.0202715097073117,-0.000338928465643003,"Eli Manning","NYG","QB",2017
"1530","00-0032187",1289,-0.0037327477393837,0.0216503299037552,-0.000339340703580336,"David Johnson","ARI","RB",2017
"1531","00-0033921",1964,-0.00373562991673852,0.0203774217519323,-0.000339602719703502,"Chris Godwin","TB","WR",2017
"1532","00-0031290",978,-0.00375238961568805,0.0211744955024266,-0.000341126328698914,"Marquis Flowers","NE","LB",2017
"1533","00-0032943",1569,-0.003754102576083,0.0211530146251206,-0.000341282052371182,"Riley Dixon","DEN","P",2017
"1534","00-0029666",590,-0.00375744899953995,0.0209662367754154,-0.00034158627268545,"Josh LeRibeus","NO","OL",2017
"1535","00-0032980",1591,-0.00376038765308766,0.0215594694466722,-0.000341853423007969,"Marcus Johnson","PHI","WR",2017
"1536","00-0028424",430,-0.00376575684892378,0.0205563660000145,-0.000342341531720344,"Cedric Thornton","BUF","DL",2017
"1537","00-0032134",1266,-0.00377780118246181,0.0200492132875229,-0.000343436471132892,"C.J. Uzomah","CIN","TE",2017
"1538","00-0033882",1927,-0.00379498494776072,0.0209742517592776,-0.000344998631614611,"Gareon Conley","OAK","DB",2017
"1539","00-0027573",248,-0.00380980062746963,0.0207659172036851,-0.000346345511588149,"Mitch Unrein","CHI","DL",2017
"1540","00-0031304",985,-0.0038263139854188,0.0204690673476122,-0.000347846725947163,"Will Clarke","TB","DL",2017
"1541","00-0024226",60,-0.00383602764257615,0.0200617612460643,-0.000348729785688741,"Jay Cutler","MIA","QB",2017
"1542","00-0031127",917,-0.0038506075976086,0.0205674497845394,-0.000350055236146237,"Brandon Dunn","HOU","DL",2017
"1543","00-0033053",1614,-0.0038581318239325,0.0199851693237771,-0.000350739256721137,"Sean Davis","PIT","DB",2017
"1544","00-0027081",217,-0.0038606480722807,0.0197097083165208,-0.000350968006570972,"Glover Quin","DET","DB",2017
"1545","00-0033869",1914,-0.00386964475681988,0.0210733340750815,-0.000351785886983626,"Mitchell Trubisky","CHI","QB",2017
"1546","00-0032007",1219,-0.00388183942311249,0.0203085664416399,-0.000352894493010226,"Quinton Dunbar","WAS","DB",2017
"1547","00-0032136",1268,-0.00390672764903865,0.0212339597663879,-0.000355157059003514,"Lorenzo Doss","BUF","DB",2017
"1548","00-0029418",534,-0.00390956161103614,0.0204151379783698,-0.000355414691912376,"Najee Goode","PHI","LB",2017
"1549","00-0029567",554,-0.00392694671942547,0.0209013985342539,-0.000356995156311406,"Nick Foles","PHI","QB",2017
"1550","00-0032052",1225,-0.00392755180367809,0.0207077569069654,-0.000357050163970735,"Dante Fowler","JAX","DL",2017
"1551","00-0027768",286,-0.00395269839991491,0.0200183925549276,-0.000359336218174083,"Marshall Newhouse","OAK","OL",2017
"1552","00-0029799",623,-0.00395667838342157,0.0215446431978325,-0.000359698034856506,"Lerentee McCray","JAX","DL",2017
"1553","00-0031336",1003,-0.00395671775096064,0.0199844361772886,-0.000359701613723694,"Kony Ealy","NYJ","DL",2017
"1554","00-0026257",149,-0.00395696771126937,0.0210652487433162,-0.000359724337388124,"Quintin Demps","CHI","DB",2017
"1555","00-0031142",921,-0.00396701350452246,0.0214775083151622,-0.000360637591320223,"Matt Feiler","PIT","OL",2017
"1556","00-0028011",369,-0.00397905129790538,0.0214072562600697,-0.000361731936173216,"Stevan Ridley","PIT","RB",2017
"1557","00-0030420",734,-0.00398353334989663,0.0213031023544336,-0.000362139395445148,"David Amerson","OAK","DB",2017
"1558","00-0031330",997,-0.00399097987165773,0.0199143330082443,-0.000362816351968885,"Morgan Moses","WAS","OL",2017
"1559","00-0033900",1945,-0.00399886770211604,0.0209040087838046,-0.000363533427465094,"Obi Melifonwu","OAK","DB",2017
"1560","00-0032848",1534,-0.00400357459791161,0.0199893854172787,-0.000363961327082874,"Kevin Peterson","LA","DB",2017
"1561","00-0026982",186,-0.00400893455478143,0.0208600556779767,-0.000364448595889221,"Andre Smith","CIN","OL",2017
"1562","00-0032584",1438,-0.004018885191231,0.0216022637509346,-0.000365353199202818,"Nick Rose","LAC","K",2017
"1563","00-0032256",1325,-0.00404846404578563,0.0204851621159829,-0.000368042185980512,"Clive Walford","OAK","TE",2017
"1564","00-0028660",438,-0.00405820073711975,0.0210050969449115,-0.000368927339738159,"Dan Bailey","DAL","K",2017
"1565","00-0031713",1142,-0.0040686314432771,0.0208727070695351,-0.000369875585752464,"Xavier Williams","ARI","DL",2017
"1566","00-0029413",532,-0.00409387776062876,0.0207724898022412,-0.000372170705511705,"Ben Jones","TEN","OL",2017
"1567","00-0033113",1655,-0.00409725470174128,0.0213212277279507,-0.000372477700158298,"Josh Forrest","SEA","LB",2017
"1568","00-0033719",1870,-0.0041133371943097,0.0206761246781585,-0.000373939744937245,"Shane Smith","NYG","TE",2017
"1569","00-0033556",1812,-0.00411578630688157,0.020302042236616,-0.000374162391534688,"Tarik Cohen","CHI","RB",2017
"1570","00-0032964",1579,-0.00413546969909986,0.0213374126189067,-0.00037595179082726,"Byron Marshall","WAS","RB",2017
"1571","00-0031376",1030,-0.00418887307206058,0.020400393363497,-0.000380806642914598,"Jerick McKinnon","MIN","RB",2017
"1572","00-0033881",1926,-0.00419884522681589,0.0204321415971667,-0.000381713202437808,"Evan Engram","NYG","TE",2017
"1573","00-0032098",1245,-0.00420349153600847,0.020582137043147,-0.000382135594182589,"Daniel Brown","CHI","TE",2017
"1574","00-0021146",10,-0.00421511484115247,0.0213457245479761,-0.000383192258286589,"Dwight Freeney","DET","DL",2017
"1575","00-0029336",523,-0.00423182391468578,0.0207644155488718,-0.000384711264971435,"Brittan Golden","ARI","WR",2017
"1576","00-0029493",540,-0.00423239796881378,0.0210273721319332,-0.000384763451710344,"Ryan Quigley","MIN","P",2017
"1577","00-0031302",984,-0.00423659998864974,0.0208709755518002,-0.000385145453513612,"C.J. Fiedorowicz","HOU","TE",2017
"1578","00-0032637",1452,-0.00423967729359937,0.0203008262239878,-0.000385425208509034,"Andrew Adams","NYG","DB",2017
"1579","00-0031307",987,-0.00424162666639237,0.0211024057872493,-0.000385602424217489,"Walt Aikens","MIA","DB",2017
"1580","00-0032117",1257,-0.00425442983707239,0.0204314216081105,-0.000386766348824763,"Nick O'Leary","BUF","TE",2017
"1581","00-0032319",1334,-0.0042554401360719,0.0218087568112233,-0.000386858194188354,"Ross Travis","IND","TE",2017
"1582","00-0033047",1609,-0.00427763331305549,0.0193505970660271,-0.000388875755732317,"Anthony Brown","DAL","DB",2017
"1583","00-0033697",1863,-0.00428817442289558,0.0203010991658542,-0.000389834038445053,"Michael Davis","LAC","DB",2017
"1584","00-0033588",1836,-0.00431607136942625,0.0213160131461254,-0.000392370124493296,"Isaac Rochell","LAC","DL",2017
"1585","00-0032788",1514,-0.00436912878644806,0.0219796327944946,-0.000397193526040733,"D.J. White","IND","DB",2017
"1586","00-0026814",174,-0.00437858911445934,0.0209435128462238,-0.00039805355585994,"Demar Dotson","TB","OL",2017
"1587","00-0033466",1770,-0.0043866793742773,0.0217425679914299,-0.000398789034025209,"Isaiah McKenzie","DEN","WR",2017
"1588","00-0032626",1446,-0.00439178503623032,0.0202399141075658,-0.000399253185111847,"Geronimo Allison","GB","WR",2017
"1589","00-0031388",1038,-0.00439589868675147,0.0202094415981605,-0.000399627153341042,"Aaron Donald","LA","DL",2017
"1590","00-0033886",1931,-0.00440346445305514,0.0209412683571981,-0.00040031495027774,"T.J. Watt","PIT","LB",2017
"1591","00-0028836",447,-0.00440388094754534,0.0204005929809017,-0.000400352813413213,"Michael Wilhoite","SEA","LB",2017
"1592","00-0032729",1479,-0.00441782631682489,0.0201998866120589,-0.000401620574256808,"Ufomba Kamalu","HOU","LB",2017
"1593","00-0030520",773,-0.00442061713018869,0.0209869607290809,-0.000401874284562608,"Mike Glennon","CHI","QB",2017
"1594","00-0031548",1077,-0.00444783499511324,0.0193327613110004,-0.000404348635919385,"Kevin Johnson","HOU","DB",2017
"1595","00-0031102",911,-0.00448549957811644,0.0206192973643046,-0.000407772688919676,"Kapri Bibbs","WAS","RB",2017
"1596","00-0033460",1765,-0.00449421420694928,0.0220949977353191,-0.00040856492790448,"John Ross","CIN","WR",2017
"1597","00-0032807",1527,-0.00449562967881018,0.0192177198890411,-0.000408693607164562,"Clayton Fejedelem","CIN","DB",2017
"1598","00-0029576",559,-0.00449702858207672,0.0211226076128515,-0.000408820780188792,"Blair Walsh","SEA","K",2017
"1599","00-0029580",561,-0.00450416676830665,0.0206166642809863,-0.000409469706209696,"Rishard Matthews","TEN","WR",2017
"1600","00-0031929",1192,-0.00450939509717359,0.0202849421891784,-0.000409945008833963,"Carlos Thompson","LA","LB",2017
"1601","00-0031260",960,-0.0045173471798467,0.0210716022719844,-0.000410667925440609,"Logan Thomas","BUF","TE",2017
"1602","00-0029600",568,-0.00453952052544534,0.0203463493384344,-0.000412683684131395,"Andre Branch","MIA","DL",2017
"1603","00-0032976",1588,-0.00454411801286631,0.0205078457334442,-0.000413101637533301,"Spencer Drango","CLE","OL",2017
"1604","00-0030181",701,-0.00454972811235222,0.0196527586650878,-0.000413611646577475,"Jack Doyle","IND","TE",2017
"1605","00-0032404",1371,-0.0045775233364286,0.0210194495834428,-0.000416138485129873,"Tyler Ervin","HOU","RB",2017
"1606","00-0027136",223,-0.00457936250632401,0.0200372716113382,-0.000416305682393092,"Jason McCourty","CLE","DB",2017
"1607","00-0032708",1474,-0.00458075555743233,0.0211976285114758,-0.000416432323402939,"Deon King","JAX","LB",2017
"1608","00-0033879",1924,-0.00459422055500885,0.0209497320330297,-0.000417656414091714,"O.J. Howard","TB","TE",2017
"1609","00-0033526",1785,-0.00459476299307413,0.0213018460470227,-0.000417705726643103,"Samaje Perine","WAS","RB",2017
"1610","00-0028256",420,-0.00460335236893253,0.0207057900896994,-0.000418486578993866,"Sealver Siliga","TB","DL",2017
"1611","00-0030382",719,-0.00461459840960764,0.0209467659677376,-0.000419508946327968,"Kevin Minter","CIN","LB",2017
"1612","00-0031740",1149,-0.00461726443676475,0.0211954039925097,-0.000419751312433159,"Neville Hewitt","MIA","LB",2017
"1613","00-0032269",1332,-0.00462875629195805,0.0212385845778324,-0.000420796026541641,"Henry Anderson","IND","DL",2017
"1614","00-0033771",1883,-0.00463615524224372,0.0227856292217295,-0.000421468658385793,"Rickey Hatley","BUF","DL",2017
"1615","00-0031285",976,-0.00465122727508352,0.0208253781913525,-0.000422838843189411,"Devonta Freeman","ATL","RB",2017
"1616","00-0031555",1083,-0.00465294709064098,0.0201527403298421,-0.000422995190058271,"Eric Rowe","NE","DB",2017
"1617","00-0033573",1824,-0.00465352632491061,0.0213059311785207,-0.000423047847719146,"Shelton Gibson","PHI","WR",2017
"1618","00-0032655",1457,-0.00467093201013576,0.0221737950608669,-0.000424630182739615,"Romeo Okwara","NYG","DL",2017
"1619","00-0031338",1004,-0.00469080701257637,0.0215592491289123,-0.000426437001143306,"Terrence Brooks","NYJ","DB",2017
"1620","00-0030092",677,-0.00472459161569922,0.0212103189787038,-0.000429508328699929,"Sam Martin","DET","P",2017
"1621","00-0031997",1216,-0.00472694556236059,0.0206723792611541,-0.000429722323850963,"David Irving","DAL","DL",2017
"1622","00-0033282",1694,-0.00472930808172366,0.0208631822422095,-0.000429937098338514,"Curtis Samuel","CAR","WR",2017
"1623","00-0031566",1091,-0.00475274342026399,0.0206030199162337,-0.000432067583660362,"Trey Flowers","NE","DL",2017
"1624","00-0031491",1064,-0.0047535738395511,0.020450399455832,-0.000432143076322828,"Brian Peters","HOU","LB",2017
"1625","00-0029278",512,-0.00475675519804453,0.0205565996412896,-0.000432432290731321,"Joe Looney","DAL","OL",2017
"1626","00-0029239",497,-0.00476837391976206,0.0208968329739177,-0.000433488538160187,"Brandon Bolden","NE","RB",2017
"1627","00-0032839",1533,-0.00477211698349654,0.0218136176613157,-0.000433828816681504,"Hunter Sharp","NYG","WR",2017
"1628","00-0030957",862,-0.0047752538495416,0.0224002367705041,-0.000434113986321964,"Casey Kreiter","DEN","LS",2017
"1629","00-0032942",1568,-0.00477604793145017,0.02063873789596,-0.000434186175586379,"Kevon Seymour","CAR","DB",2017
"1630","00-0030541",783,-0.00477993181029463,0.0217848856773877,-0.00043453925548133,"Blidi Wreh-Wilson","ATL","DB",2017
"1631","00-0028039",379,-0.00479582500393177,0.0210148038501535,-0.000435984091266524,"Clint Boling","CIN","OL",2017
"1632","00-0032758",1488,-0.00479613077833804,0.0205643538757614,-0.000436011888939821,"Vernon Hargreaves","TB","DB",2017
"1633","00-0032777",1505,-0.00481598841705807,0.0208689954310132,-0.000437817128823461,"Evan Boehm","ARI","OL",2017
"1634","00-0031561",1089,-0.00482957442838759,0.0213978930342648,-0.000439052220762508,"Hroniss Grasu","CHI","OL",2017
"1635","00-0032350",1338,-0.00482972092363548,0.0218424813670578,-0.000439065538512317,"Stefan McClure","OAK","DB",2017
"1636","00-0033108",1651,-0.00483224154036025,0.021514138807012,-0.000439294685487295,"Paxton Lynch","DEN","QB",2017
"1637","00-0032573",1431,-0.00483252559353381,0.0204645983511652,-0.000439320508503073,"Patrick Onwuasor","BAL","LB",2017
"1638","00-0030697",826,-0.00486876374226584,0.0211905148255026,-0.000442614885660531,"Jamie Meder","CLE","DL",2017
"1639","00-0033541",1799,-0.00488721062590155,0.0203529844732435,-0.000444291875081959,"Taco Charlton","DAL","DL",2017
"1640","00-0029543",547,-0.00488827713894866,0.0217780603361834,-0.000444388830813514,"Donald Stephenson","DEN","OL",2017
"1641","00-0032935",1563,-0.00490228678873993,0.021080360927356,-0.000445662435339993,"Johnny Holton","OAK","WR",2017
"1642","00-0028097",398,-0.00491320373613488,0.0206849251842386,-0.000446654885103171,"Lee Smith","OAK","TE",2017
"1643","00-0027004",197,-0.00494154691112709,0.0200740913670944,-0.00044923153737519,"Eric Wood","BUF","OL",2017
"1644","00-0033132",1670,-0.00494562769921241,0.0198064378377316,-0.000449602518110219,"Kevin Byard","TEN","DB",2017
"1645","00-0031897",1180,-0.00495140082706888,0.0215437094246725,-0.000450127347915353,"Thomas Rawls","SEA","RB",2017
"1646","00-0027869",309,-0.0049523044991649,0.0214696119369586,-0.000450209499924082,"Mike Iupati","ARI","OL",2017
"1647","00-0031489",1063,-0.00495581718605782,0.0202161899157156,-0.000450528835096166,"Brett Jones","NYG","OL",2017
"1648","00-0029793",620,-0.00496063637850654,0.0205015853615404,-0.000450966943500595,"Brandon Williams","IND","TE",2017
"1649","00-0030665",820,-0.00496395583489495,0.0207163462198903,-0.000451268712263177,"Daniel Sorensen","KC","DB",2017
"1650","00-0031547",1076,-0.00497343371484976,0.0209103882987353,-0.000452130337713614,"DeVante Parker","MIA","WR",2017
"1651","00-0033904",1949,-0.0049920719498246,0.0208387664289668,-0.000453824722711327,"Dion Dawkins","BUF","OL",2017
"1652","00-0031512",1069,-0.00500957477631752,0.021505978519695,-0.000455415888756138,"Jermaine Whitehead","GB","DB",2017
"1653","00-0029394",527,-0.00501594757524925,0.0207822810410268,-0.000455995234113568,"Brenton Bersin","CAR","WR",2017
"1654","00-0032386",1356,-0.00502338890551369,0.0207772988120008,-0.000456671718683063,"Kamalei Correa","BAL","LB",2017
"1655","00-0032215",1305,-0.00506166457927895,0.0199913951094388,-0.000460151325388995,"Damien Wilson","DAL","LB",2017
"1656","00-0031951",1207,-0.00507397990021376,0.0204653927911495,-0.000461270900019433,"James O'Shaughnessy","JAX","TE",2017
"1657","00-0025390",83,-0.00512477644894147,0.0217154824885428,-0.000465888768085588,"Joe Thomas","CLE","OL",2017
"1658","00-0031087",906,-0.00512905439228279,0.0201273235766378,-0.000466277672025709,"Andre Hal","HOU","DB",2017
"1659","00-0029254",502,-0.00514465772324399,0.0215664819402857,-0.000467696156658545,"Amini Silatolu","CAR","OL",2017
"1660","00-0031253",953,-0.00514666320208342,0.0199999935213713,-0.000467878472916675,"K'Waun Williams","SF","DB",2017
"1661","00-0033568",1820,-0.00514963164430407,0.0210267966884796,-0.00046814833130037,"Nate Hairston","IND","DB",2017
"1662","00-0032797",1522,-0.00515716590020019,0.0210571686493296,-0.000468833263654563,"Jordan Lucas","MIA","DB",2017
"1663","00-0028112",404,-0.00515788308915591,0.0207557029819764,-0.000468898462650537,"Charles Clay","BUF","TE",2017
"1664","00-0026901",180,-0.00515790474193352,0.0201863594838524,-0.000468900431084865,"Mike Wallace","BAL","WR",2017
"1665","00-0031921",1188,-0.00516062783782107,0.0211871163442567,-0.000469147985256461,"Kendall Lamm","HOU","OL",2017
"1666","00-0033037",1602,-0.00520104629374993,0.0213093697448676,-0.000472822390340903,"Adolphus Washington","BUF","DL",2017
"1667","00-0032408",1373,-0.00520857079335296,0.0205281988161277,-0.00047350643575936,"Blake Martinez","GB","LB",2017
"1668","00-0031571",1095,-0.00521009686199777,0.0214071377463433,-0.000473645169272525,"Clayton Geathers","IND","DB",2017
"1669","00-0031936",1195,-0.00523372343911311,0.0212239761273176,-0.000475793039919374,"Mitch Morse","KC","OL",2017
"1670","00-0023516",45,-0.00523833782533518,0.0209631517067338,-0.000476212529575925,"Richie Incognito","BUF","OL",2017
"1671","00-0031587",1106,-0.00526532610313867,0.0196155801203716,-0.000478666009376243,"Bobby McCain","MIA","DB",2017
"1672","00-0025421",94,-0.00526943623654034,0.0203736732233273,-0.000479039657867304,"Paul Posluszny","JAX","LB",2017
"1673","00-0033902",1947,-0.00527575247916501,0.0209238485282416,-0.000479613861742273,"Tanoh Kpassagnon","KC","LB",2017
"1674","00-0028075",389,-0.0052849303939278,0.021077531388998,-0.0004804482176298,"Buster Skrine","NYJ","DB",2017
"1675","00-0031948",1205,-0.00528558263497275,0.01995667958104,-0.00048050751227025,"Ryan Russell","TB","DL",2017
"1676","00-0031410",1049,-0.00532776253710668,0.0206381536395473,-0.00048434204882788,"Xavier Su'a-Filo","HOU","OL",2017
"1677","00-0031511",1068,-0.00534706450590052,0.0215222496402105,-0.000486096773263683,"DeAndrew White","HOU","WR",2017
"1678","00-0031697",1140,-0.00536035493453099,0.0209200238253964,-0.000487304994048272,"Jordan Taylor","DEN","WR",2017
"1679","00-0028090",394,-0.00536799634261974,0.0206522913764376,-0.000487999667510886,"T.J. Yates","HOU","QB",2017
"1680","00-0025512",106,-0.00537244108796161,0.0210012962514419,-0.000488403735269237,"Jermon Bushrod","MIA","OL",2017
"1681","00-0033315",1715,-0.00537717729793169,0.0211737105624121,-0.000488834299811972,"Cole Hikutini","SF","TE",2017
"1682","00-0028434",431,-0.00538328175616482,0.0206287038781005,-0.000489389250560438,"Doug Baldwin","SEA","WR",2017
"1683","00-0031333",1000,-0.00538622742076301,0.0203610552148427,-0.000489657038251183,"Ha Ha Clinton-Dix","GB","DB",2017
"1684","00-0033524",1783,-0.0053866557380738,0.0218603254422476,-0.000489695976188527,"Kevin King","GB","DB",2017
"1685","00-0032239",1313,-0.00540077200728111,0.0191292315225411,-0.000490979273389192,"Byron Jones","DAL","DB",2017
"1686","00-0028581",436,-0.00541402522814921,0.0206928925287272,-0.000492184111649928,"Patrick DiMarco","BUF","RB",2017
"1687","00-0027378",239,-0.00542041008957855,0.0209777420234038,-0.00049276455359805,"Chris Maragos","PHI","DB",2017
"1688","00-0033316",1716,-0.00542048694322022,0.021665349267397,-0.000492771540292748,"Lorenzo Jerome","SF","DB",2017
"1689","00-0028069",387,-0.00543014614350442,0.0203489278194451,-0.000493649649409493,"Davon House","GB","DB",2017
"1690","00-0033295",1703,-0.00543528319726733,0.0207160956951742,-0.00049411665429703,"Elijah McGuire","NYJ","RB",2017
"1691","00-0029762",616,-0.00544201852303544,0.0204512263014116,-0.000494728956639586,"John Wetzel","ARI","OL",2017
"1692","00-0027236",230,-0.00544497799648594,0.021128519073443,-0.00049499799968054,"Kyle Love","CAR","DL",2017
"1693","00-0031628",1127,-0.0054667828128328,0.0204191245175203,-0.000496980255712073,"Darryl Roberts","NYJ","DB",2017
"1694","00-0031046",887,-0.00546863141293468,0.0200352445719948,-0.000497148310266789,"Jack Mewhort","IND","OL",2017
"1695","00-0033525",1784,-0.0054792929038816,0.0205175089106094,-0.000498117536716509,"Ryan Anderson","WAS","LB",2017
"1696","00-0033930",1972,-0.00549090386482437,0.0204095083522191,-0.000499173078620397,"Cameron Sutton","PIT","DB",2017
"1697","00-0031347",1010,-0.00549360456826402,0.0215770238256619,-0.000499418597114911,"Keith McGill","OAK","DB",2017
"1698","00-0031348",1011,-0.00549776564976304,0.0211229997873674,-0.000499796877251185,"Anthony Hitchens","DAL","LB",2017
"1699","00-0031982",1215,-0.00550798699200245,0.0211992935126225,-0.000500726090182041,"Cap Capi","BUF","DL",2017
"1700","00-0027762",285,-0.0055528467563008,0.0212251286424268,-0.0005048042505728,"Reshad Jones","MIA","DB",2017
"1701","00-0032772",1500,-0.00558869310395295,0.0206255584552992,-0.000508063009450268,"Ryan Smith","TB","DB",2017
"1702","00-0028411",429,-0.00559104734606594,0.0212144510901199,-0.00050827703146054,"Dontrelle Inman","CHI","WR",2017
"1703","00-0028024",373,-0.00559608265136541,0.0199308104604607,-0.000508734786487765,"Allen Bailey","KC","DL",2017
"1704","00-0026714",171,-0.00560445646853085,0.0210143317633631,-0.000509496042593713,"Nick Sundberg","WAS","LS",2017
"1705","00-0032156",1280,-0.00562874895447725,0.0200543100524282,-0.000511704450407022,"Trevor Siemian","DEN","QB",2017
"1706","00-0033290",1699,-0.00563370577163471,0.0207711157871228,-0.00051215507014861,"Jermaine Eluemunor","BAL","OL",2017
"1707","00-0030711",829,-0.00563966324861946,0.0208894523945055,-0.000512696658965406,"David Fluellen","TEN","RB",2017
"1708","00-0027925",323,-0.00566830175075956,0.0207731116841865,-0.00051530015915996,"James Develin","NE","RB",2017
"1709","00-0033841",1902,-0.0056872764060877,0.0202395748131776,-0.000517025127826154,"Blair Brown","JAX","LB",2017
"1710","00-0029542",546,-0.00569193001763056,0.0197864029600245,-0.00051744818342096,"Stephon Gilmore","NE","DB",2017
"1711","00-0028027",374,-0.00569567368961995,0.0204096571577612,-0.000517788517238177,"Shareece Wright","BUF","DB",2017
"1712","00-0030140",690,-0.00569866479984237,0.0211934183456411,-0.000518060436349307,"Tress Way","WAS","P",2017
"1713","00-0030504",764,-0.00570148248771229,0.0201436298506439,-0.000518316589792027,"Earl Watford","ARI","OL",2017
"1714","00-0029091",478,-0.00571010387444256,0.0198616353219001,-0.000519100352222051,"Bradley Sowell","CHI","OL",2017
"1715","00-0031075",902,-0.0057129382732255,0.0212643841652492,-0.000519358024838682,"Alfred Blue","HOU","RB",2017
"1716","00-0032676",1464,-0.00571928201517524,0.0212094763324813,-0.000519934728652295,"Mike Jordan","CLE","DB",2017
"1717","00-0032768",1497,-0.00572620315075807,0.0201624842004457,-0.000520563922796188,"Cody Whitehair","CHI","OL",2017
"1718","00-0031306",986,-0.00573860213100583,0.0213740570767732,-0.000521691102818712,"Russell Bodine","CIN","OL",2017
"1719","00-0032245",1319,-0.00579521935306262,0.0224590894697577,-0.000526838123005693,"Sean Mannion","LA","QB",2017
"1720","00-0026156",130,-0.00583624501764055,0.0201998219351542,-0.000530567728876414,"Dominique Rodgers-Cromartie","NYG","DB",2017
"1721","00-0027973",347,-0.00583895744363514,0.0209843649887554,-0.00053081431305774,"Andy Dalton","CIN","QB",2017
"1722","00-0027662",258,-0.0058448625760587,0.0197295893225897,-0.000531351143278064,"Carlos Dunlap","CIN","DL",2017
"1723","00-0033932",1974,-0.00585595057487253,0.0208133342181384,-0.00053235914317023,"Kenny Golladay","DET","WR",2017
"1724","00-0033463",1767,-0.00588455034964367,0.0203498477196787,-0.000534959122694879,"Carl Lawson","CIN","DL",2017
"1725","00-0028100",399,-0.00588583687094257,0.0212074333767004,-0.000535076079176598,"Chris Carter","WAS","LB",2017
"1726","00-0026205",141,-0.0058861894109304,0.0222773848189221,-0.0005351081282664,"John Greco","NYG","OL",2017
"1727","00-0031938",1197,-0.0058863031634792,0.0205205199229854,-0.0005351184694072,"Carl Davis","BAL","DL",2017
"1728","00-0020712",8,-0.00590248391095525,0.0209650033243368,-0.000536589446450478,"James Harrison","NE","LB",2017
"1729","00-0028142",413,-0.00591318762410979,0.0202334919427208,-0.000537562511282708,"Virgil Green","DEN","TE",2017
"1730","00-0033091",1641,-0.00591525913535805,0.0204801701233297,-0.000537750830487096,"KeiVarae Russell","CIN","DB",2017
"1731","00-0032895",1549,-0.00592122787758247,0.0208761077541406,-0.000538293443416588,"Jatavis Brown","LAC","LB",2017
"1732","00-0032265",1330,-0.00592234875562919,0.0208590224864113,-0.000538395341420836,"Mario Edwards","OAK","DL",2017
"1733","00-0033899",1944,-0.00593043136065265,0.0218677901621778,-0.000539130123695695,"DeShone Kizer","CLE","QB",2017
"1734","00-0032782",1509,-0.00593143338763108,0.020976307184862,-0.000539221217057371,"Wendell Smallwood","PHI","RB",2017
"1735","00-0030921",858,-0.00596834926125812,0.0207449939663653,-0.00054257720556892,"Tenny Palepoi","LAC","DL",2017
"1736","00-0031040",883,-0.00597566903740228,0.0201715250247538,-0.000543242639763844,"Khalil Mack","OAK","DL",2017
"1737","00-0033011",1599,-0.00600177981107743,0.0210514133884569,-0.000545616346461584,"Connor McGovern","DEN","OL",2017
"1738","00-0029316",520,-0.00600193982876763,0.0208838506204475,-0.00054563089352433,"Kelvin Beachum","NYJ","OL",2017
"1739","00-0027856",298,-0.00602100595073256,0.0207123216039158,-0.000547364177339324,"Gerald McCoy","TB","DL",2017
"1740","00-0027948",331,-0.00603432498832361,0.0216180012475243,-0.00054857499893851,"Blaine Gabbert","ARI","QB",2017
"1741","00-0026991",191,-0.0060358098857633,0.0202931574017258,-0.000548709989614845,"Brian Cushing","HOU","LB",2017
"1742","00-0033928",1970,-0.00606505902005089,0.0201938646482109,-0.000551369001822808,"Jourdan Lewis","DAL","DB",2017
"1743","00-0028702",441,-0.00610905752207875,0.0221940158913643,-0.000555368865643523,"Chris Matthews","BAL","WR",2017
"1744","00-0033917",1962,-0.00614146906088838,0.0204076638639055,-0.000558315369171671,"Tarell Basham","IND","LB",2017
"1745","00-0032222",1308,-0.00620630436803963,0.020684172429195,-0.000564209488003603,"D.J. Humphries","ARI","OL",2017
"1746","00-0031097",909,-0.00621816561610591,0.0201949238414174,-0.000565287783282356,"Terrance Mitchell","KC","DB",2017
"1747","00-0032781",1508,-0.00622389531587293,0.0205730934666208,-0.000565808665079357,"Matthew Ioannidis","WAS","DL",2017
"1748","00-0027808",291,-0.00623335086682487,0.0215473012961769,-0.000566668260620442,"Willie Young","CHI","LB",2017
"1749","00-0032164",1283,-0.00624969417955929,0.0204620291922683,-0.000568154016323572,"Arik Armstead","SF","DL",2017
"1750","00-0025408",90,-0.00626958297766155,0.0203510057645265,-0.000569962088878323,"Reggie Nelson","OAK","DB",2017
"1751","00-0030629",813,-0.00629654549961075,0.0209019141721975,-0.000572413227237341,"Jeremy Vujnovich","IND","OL",2017
"1752","00-0032366",1343,-0.00630068582226935,0.0204692767305806,-0.000572789620206304,"Tyler Matakevich","PIT","LB",2017
"1753","00-0033943",1984,-0.00630096615597698,0.0203558847468084,-0.000572815105088816,"Josh Reynolds","LA","WR",2017
"1754","00-0033387",1744,-0.00633078013502346,0.0206746379988107,-0.000575525466820314,"Jacob Hollister","NE","TE",2017
"1755","00-0027720",277,-0.00633830234892995,0.0210149211013344,-0.000576209304448177,"Geno Atkins","CIN","DL",2017
"1756","00-0027667",260,-0.00634357088256758,0.02107185443641,-0.000576688262051598,"Vladimir Ducasse","BUF","OL",2017
"1757","00-0032496",1415,-0.00634818606178118,0.0205474871982568,-0.000577107823798289,"Matthias Farley","IND","DB",2017
"1758","00-0022923",24,-0.00635622558551589,0.0213811051192101,-0.000577838689592354,"DeAngelo Hall","WAS","DB",2017
"1759","00-0031893",1178,-0.00636431184056735,0.0209577204559039,-0.000578573803687941,"Jesse Davis","MIA","OL",2017
"1760","00-0027010",200,-0.00638975745382139,0.0201990210963365,-0.00058088704125649,"Patrick Chung","NE","DB",2017
"1761","00-0025394",84,-0.00641578433391964,0.0209908101313392,-0.000583253121265422,"Adrian Peterson","ARI","RB",2017
"1762","00-0032104",1248,-0.00641779278966344,0.0215748438793135,-0.000583435708151222,"Ameer Abdullah","DET","RB",2017
"1763","00-0031277",971,-0.00642396314182393,0.0207675053446896,-0.000583996649256721,"Branden Oliver","LAC","RB",2017
"1764","00-0026935",181,-0.00645191802684044,0.0198638913252389,-0.00058653800244004,"Brice McCain","TEN","DB",2017
"1765","00-0024235",62,-0.00646163475110008,0.0206353669680788,-0.000587421341009098,"Tamba Hali","KC","LB",2017
"1766","00-0028445",432,-0.00646938210812316,0.0209995172742365,-0.000588125646193014,"Ron Parker","KC","DB",2017
"1767","00-0033549",1806,-0.00648126309589401,0.0205687183339539,-0.000589205735990364,"Duke Riley","ATL","LB",2017
"1768","00-0031070",900,-0.00649875521249074,0.0207650007035018,-0.000590795928408249,"Nat Berhe","NYG","DB",2017
"1769","00-0033951",1991,-0.00650869306725842,0.02148075214906,-0.000591699369750765,"Marlon Mack","IND","RB",2017
"1770","00-0033288",1698,-0.00660297943111712,0.0200513080403338,-0.000600270857374283,"George Kittle","SF","TE",2017
"1771","00-0029931",638,-0.00661999130275934,0.020680088541831,-0.00060181739115994,"Zach Line","NO","RB",2017
"1772","00-0024030",55,-0.00662877053106759,0.0201639487631941,-0.000602615502824327,"Tom Johnson","MIN","DL",2017
"1773","00-0031615",1121,-0.00665431155658095,0.0219680871882106,-0.000604937414234632,"Christian Ringo","DET","DL",2017
"1774","00-0030433",739,-0.00666850978040754,0.0208465205219758,-0.000606228161855231,"Mike Gillislee","NE","RB",2017
"1775","00-0029740",614,-0.0066719141476736,0.0212284591157497,-0.000606537649788509,"Ifeanyi Momah","ARI","TE",2017
"1776","00-0033547",1804,-0.00668567788748987,0.0208744350715188,-0.000607788898862716,"Zach Cunningham","HOU","LB",2017
"1777","00-0031387",1037,-0.00671941758543096,0.0206236504119078,-0.000610856144130087,"Eric Ebron","DET","TE",2017
"1778","00-0029699",608,-0.00673587060022866,0.0200943502754711,-0.00061235187274806,"Tony Bergstrom","WAS","OL",2017
"1779","00-0031357",1015,-0.00675076071491027,0.0207325617113348,-0.000613705519537297,"C.J. Goodwin","ARI","DB",2017
"1780","00-0027960",340,-0.00675114213803448,0.0208491599907117,-0.000613740194366771,"Anthony Castonzo","IND","OL",2017
"1781","00-0029869",628,-0.00677037796532718,0.0201305439454425,-0.000615488905938835,"Will Compton","WAS","LB",2017
"1782","00-0030515",770,-0.00678974819579886,0.0213184126252497,-0.000617249835981714,"Stacy McGee","WAS","DL",2017
"1783","00-0030033",650,-0.0067909673826195,0.0206409430399338,-0.000617360671147227,"Terence Garvin","SEA","LB",2017
"1784","00-0033256",1683,-0.00679408933423782,0.02118342679446,-0.00061764448493071,"Deyshawn Bond","IND","OL",2017
"1785","00-0027125",222,-0.00681343140566057,0.020113108300844,-0.000619402855060052,"Zach Miller","CHI","TE",2017
"1786","00-0025708",114,-0.00682137746246217,0.0203996414861794,-0.000620125223860197,"Matt Moore","MIA","QB",2017
"1787","00-0031612",1119,-0.00685142980387037,0.0198872799262207,-0.000622857254897306,"Aaron Ripkowski","GB","RB",2017
"1788","00-0029388",525,-0.00685172753976986,0.019965190376304,-0.00062288432179726,"Deonte Thompson","BUF","WR",2017
"1789","00-0031120",915,-0.00686621942054513,0.0215632932713281,-0.000624201765504102,"Adarius Taylor","TB","LB",2017
"1790","00-0027023",205,-0.00688387937995304,0.0203827754576289,-0.000625807216359367,"Mike Mitchell","PIT","DB",2017
"1791","00-0032102",1246,-0.0068954535955324,0.0207173069517512,-0.000626859417775673,"Stephone Anthony","MIA","LB",2017
"1792","00-0031255",955,-0.00691977120725029,0.0212122133590217,-0.000629070109750026,"Kasim Edebali","NO","LB",2017
"1793","00-0028042",381,-0.00696529088101849,0.0202464973832499,-0.000633208261910772,"Luke Stocker","TEN","TE",2017
"1794","00-0031269",967,-0.00699622066265188,0.0208963271377678,-0.00063602006024108,"T.J. Carrie","OAK","DB",2017
"1795","00-0031185",935,-0.00700648110924506,0.0204644066109865,-0.000636952828113187,"Jon Halapio","NYG","OL",2017
"1796","00-0027495",242,-0.00702124077690295,0.0208461530481275,-0.000638294616082086,"George Johnson","NO","DL",2017
"1797","00-0030089",674,-0.00702962250172485,0.0216559697024034,-0.000639056591065896,"Luke Willson","SEA","TE",2017
"1798","00-0031359",1016,-0.00703019435586411,0.0193845882305071,-0.000639108577805828,"Kelvin Benjamin","BUF","WR",2017
"1799","00-0029587",564,-0.0070401607235654,0.019696103099859,-0.000640014611233218,"Rhett Ellison","NYG","TE",2017
"1800","00-0030549",790,-0.00705514755833091,0.0226598961062368,-0.000641377050757355,"Tyler Eifert","CIN","TE",2017
"1801","00-0032688",1467,-0.00706477060181395,0.0214890236193214,-0.000642251872892177,"Robby Anderson","NYJ","WR",2017
"1802","00-0030074",668,-0.0071129466668609,0.020048361421335,-0.000646631515169173,"David Bakhtiari","GB","OL",2017
"1803","00-0029638",582,-0.00712461883396689,0.0209052478436258,-0.000647692621269717,"Michael Floyd","MIN","WR",2017
"1804","00-0033253",1681,-0.00713237783821313,0.0209507766258263,-0.000648397985292103,"Tyler Catalina","WAS","OL",2017
"1805","00-0033056",1616,-0.00715962396030529,0.0209946229222604,-0.000650874905482299,"Cory James","OAK","LB",2017
"1806","00-0029676",594,-0.00717339277125286,0.0209899105614738,-0.000652126615568441,"Morris Claiborne","NYJ","DB",2017
"1807","00-0032378",1348,-0.00719173366314263,0.0192052781040981,-0.000653793969376603,"DeForest Buckner","SF","DL",2017
"1808","00-0024264",65,-0.00720093780488118,0.0214815663051484,-0.000654630709534653,"Kellen Clemens","LAC","QB",2017
"1809","00-0030593",809,-0.00721272846329654,0.0216842627836303,-0.000655702587572413,"Chance Warmack","PHI","OL",2017
"1810","00-0031568",1093,-0.00721307336464,0.0212964336065411,-0.00065573394224,"Bryce Petty","NYJ","QB",2017
"1811","00-0027777",287,-0.00722059891288313,0.0201013298023471,-0.000656418082989375,"Arthur Moats","PIT","LB",2017
"1812","00-0032059",1232,-0.00723993185310627,0.0189066576516851,-0.000658175623009661,"P.J. Williams","NO","DB",2017
"1813","00-0031386",1036,-0.00725904039719111,0.0209924834515873,-0.00065991276338101,"Greg Robinson","DET","OL",2017
"1814","00-0033790",1892,-0.00726122136942284,0.0203316444371034,-0.000660111033583894,"Jordan Evans","CIN","LB",2017
"1815","00-0030170",700,-0.00726198910944209,0.0215441320350666,-0.000660180828131099,"Rontez Miles","NYJ","DB",2017
"1816","00-0031308",988,-0.00730639651652993,0.0212004500124916,-0.000664217865139085,"Kevin Pierre-Louis","KC","LB",2017
"1817","00-0032813",1530,-0.00733656800968351,0.0211582732781257,-0.000666960728153047,"Elijhaa Penny","ARI","RB",2017
"1818","00-0032196",1293,-0.00734063763143073,0.0202689661249319,-0.00066733069376643,"Jake Fisher","CIN","OL",2017
"1819","00-0026240",147,-0.00737195963807133,0.0196383481489424,-0.000670178148915575,"Tyvon Branch","ARI","DB",2017
"1820","00-0029958",642,-0.00739179121654186,0.0211330051880666,-0.000671981019685624,"Steven Terrell","KC","DB",2017
"1821","00-0030422",736,-0.00739396958169327,0.0214321504386038,-0.000672179052881206,"Dion Sims","CHI","TE",2017
"1822","00-0025405",89,-0.00740312485045567,0.0209165612302442,-0.000673011350041425,"Leon Hall","SF","DB",2017
"1823","00-0027247",232,-0.00740752532415469,0.0213991515597199,-0.000673411393104971,"Mike Windt","LAC","LS",2017
"1824","00-0033544",1801,-0.00746206606743839,0.0213142387513269,-0.000678369642494399,"Quincy Wilson","IND","DB",2017
"1825","00-0032954",1574,-0.0074669023489859,0.020336244078712,-0.000678809304453263,"Isaac Seumalo","PHI","OL",2017
"1826","00-0033109",1652,-0.00747411873038596,0.0207997273977588,-0.000679465339125996,"Javon Hargrave","PIT","DL",2017
"1827","00-0026275",150,-0.00752825561387189,0.0205162231711155,-0.000684386873988354,"Josh Sitton","CHI","OL",2017
"1828","00-0025435",98,-0.00758917949708717,0.0208249354361292,-0.000689925408826106,"Justin Durant","DAL","LB",2017
"1829","00-0026762",172,-0.00765110251505559,0.0216574112074999,-0.000695554774095962,"Alex Boone","ARI","OL",2017
"1830","00-0028067",386,-0.00766410958300076,0.019925537650661,-0.000696737234818251,"Julius Thomas","MIA","TE",2017
"1831","00-0033958",1996,-0.00768057719739315,0.020376629683277,-0.000698234290672104,"Nathan Peterman","BUF","QB",2017
"1832","00-0027006",198,-0.00768614778485753,0.0205731469291277,-0.000698740707714321,"Kenny Britt","NE","WR",2017
"1833","00-0031170",926,-0.0077312917468689,0.0213187060786884,-0.000702844704260809,"Timmy Jernigan","PHI","DL",2017
"1834","00-0031577",1099,-0.00774295943009634,0.0211519161583844,-0.000703905402736031,"Javorius Allen","BAL","RB",2017
"1835","00-0032165",1284,-0.00775272280228438,0.0200230310721392,-0.000704792982025852,"Marcus Peters","KC","DB",2017
"1836","00-0032442",1397,-0.00776142955145229,0.0192234080933841,-0.000705584504677481,"Elandon Roberts","NE","LB",2017
"1837","00-0029329",522,-0.00776616251553405,0.0201289517991663,-0.000706014774139459,"Neiko Thorpe","SEA","DB",2017
"1838","00-0031556",1084,-0.0078309491870296,0.0216909970300881,-0.000711904471548146,"Nate Orchard","CLE","DL",2017
"1839","00-0024221",59,-0.00784964066529818,0.0196395504030576,-0.000713603696845289,"Vernon Davis","WAS","TE",2017
"1840","00-0030064",661,-0.00784977719944144,0.0208599201012772,-0.000713616109040131,"Jon Bostic","IND","LB",2017
"1841","00-0032424",1386,-0.00787456299741292,0.0209623934182238,-0.000715869363401175,"D.J. Reader","HOU","DL",2017
"1842","00-0028595",437,-0.00791159852436828,0.0216291241984349,-0.000719236229488026,"Scott Tolzien","IND","QB",2017
"1843","00-0029764",617,-0.00795161850439481,0.0206904284873723,-0.000722874409490437,"Cody Davis","LA","DB",2017
"1844","00-0022921",23,-0.0079564317347961,0.0211342246390722,-0.000723311975890554,"Larry Fitzgerald","ARI","WR",2017
"1845","00-0027678",264,-0.00796469955089913,0.0201338280214178,-0.000724063595536285,"John Jerry","NYG","OL",2017
"1846","00-0032054",1227,-0.00800745334115035,0.0204200552999951,-0.00072795030374094,"Breshad Perriman","BAL","WR",2017
"1847","00-0031417",1053,-0.00801300604281608,0.0205505009072878,-0.000728455094801462,"Ja'Wuan James","MIA","OL",2017
"1848","00-0031364",1021,-0.00802623177910467,0.0212936702885762,-0.000729657434464061,"Jadeveon Clowney","HOU","LB",2017
"1849","00-0032450",1401,-0.00804792386662911,0.0213816093666843,-0.000731629442420828,"Dwayne Washington","DET","RB",2017
"1850","00-0031089",907,-0.0080601159285394,0.0202705572345924,-0.0007327378116854,"Beau Allen","PHI","DL",2017
"1851","00-0032251",1323,-0.00812288944155652,0.0197988395532289,-0.000738444494686956,"Damarious Randall","GB","DB",2017
"1852","00-0029854",627,-0.00812985792209164,0.0209629165567871,-0.000739077992917421,"C.J. Anderson","DEN","RB",2017
"1853","00-0030441",741,-0.00815615605816724,0.0199928860877864,-0.000741468732560659,"Kyle Long","CHI","OL",2017
"1854","00-0027681",265,-0.00822060278780785,0.0208964749313317,-0.00074732752616435,"Brandon LaFell","CIN","WR",2017
"1855","00-0032410",1375,-0.00822624615155048,0.0186294507612706,-0.000747840559231861,"Rashard Robinson","NYJ","DB",2017
"1856","00-0033536",1794,-0.00825667589443894,0.0201525842847573,-0.000750606899494449,"Mike Williams","LAC","WR",2017
"1857","00-0033408",1751,-0.00831122183559209,0.0210394891395718,-0.000755565621417462,"Bryan Cox","CAR","DL",2017
"1858","00-0033097",1646,-0.00832123468720951,0.0211629853184899,-0.00075647588065541,"Shon Coleman","CLE","OL",2017
"1859","00-0032233",1311,-0.00832375073908444,0.0199156888155119,-0.00075670461264404,"Cedric Ogbuehi","CIN","OL",2017
"1860","00-0033970",2004,-0.00832938418709455,0.0214484983557366,-0.000757216744281322,"Shalom Luani","OAK","DB",2017
"1861","00-0032120",1258,-0.00835200238688288,0.0209796378935651,-0.00075927294426208,"Neal Sterling","NYJ","WR",2017
"1862","00-0033069",1625,-0.00836089332330007,0.0205260626701882,-0.000760081211209097,"Braxton Miller","HOU","WR",2017
"1863","00-0032204",1298,-0.00837300124230411,0.0206516738896227,-0.000761181931118556,"Chaz Green","DAL","OL",2017
"1864","00-0022943",28,-0.00837514924027364,0.0204343119888243,-0.00076137720366124,"Benjamin Watson","BAL","TE",2017
"1865","00-0031412",1051,-0.00837849557554422,0.020026863856047,-0.000761681415958565,"Stephon Tuitt","PIT","DL",2017
"1866","00-0031360",1017,-0.00839272566157108,0.0205809863337744,-0.000762975060142825,"Kyle Van Noy","NE","LB",2017
"1867","00-0029627",577,-0.00841036772355336,0.0214238642754808,-0.000764578883959396,"Jack Crawford","ATL","DL",2017
"1868","00-0027975",348,-0.00844553452502783,0.0199874593587508,-0.000767775865911621,"Jabaal Sheard","IND","LB",2017
"1869","00-0033317",1717,-0.00844714335789621,0.0207681484540304,-0.00076792212344511,"Erik Magnuson","SF","OL",2017
"1870","00-0025420",93,-0.00845828220705627,0.0207143167132284,-0.000768934746096024,"Alan Branch","NE","DL",2017
"1871","00-0031025",878,-0.00849230665862582,0.0210478156513473,-0.000772027878056892,"Michael Campanaro","BAL","WR",2017
"1872","00-0030300",715,-0.00851241370831421,0.0209926889264796,-0.000773855791664928,"Jaron Brown","ARI","WR",2017
"1873","00-0026500",160,-0.00851836359387435,0.021539978880717,-0.000774396690352213,"Matt Slauson","LAC","OL",2017
"1874","00-0029391",526,-0.00853081935056168,0.0214247304985618,-0.000775529031869244,"Sean McGrath","LAC","TE",2017
"1875","00-0026158",131,-0.00854810610764754,0.0210255762595746,-0.000777100555240685,"Joe Flacco","BAL","QB",2017
"1876","00-0033450",1763,-0.00858151667367242,0.021700971349668,-0.000780137879424765,"Xavier Woodson-Luster","BUF","LB",2017
"1877","00-0033976",2009,-0.00859699125852167,0.0203420676543609,-0.000781544659865607,"Treyvon Hester","OAK","DL",2017
"1878","00-0032398",1366,-0.00867705160102804,0.0200175789018608,-0.000788822872820731,"Chris Moore","BAL","WR",2017
"1879","00-0027195",226,-0.00871108169500706,0.0209387331644981,-0.000791916517727915,"Rafael Bush","NO","DB",2017
"1880","00-0033060",1620,-0.00871815525679127,0.0205695763125012,-0.000792559568799206,"Leonte Carroo","MIA","WR",2017
"1881","00-0031264",964,-0.00872754142810538,0.0211320569496759,-0.000793412857100489,"Chris Smith","CIN","DL",2017
"1882","00-0026345",158,-0.00874586444833094,0.0206976159612239,-0.000795078586211903,"Pierre Garcon","SF","WR",2017
"1883","00-0031632",1129,-0.00874984278721339,0.0207699764810583,-0.000795440253383036,"Denzelle Good","IND","OL",2017
"1884","00-0031339",1005,-0.00875482145338152,0.0211740335111308,-0.00079589285939832,"Donte Moncrief","IND","WR",2017
"1885","00-0025506",105,-0.00882393640059974,0.0201313135148235,-0.000802176036418158,"Allen Barbre","DEN","OL",2017
"1886","00-0029592",565,-0.00885807445987172,0.0211994156164663,-0.000805279496351975,"Kevin Zeitler","CLE","OL",2017
"1887","00-0032775",1503,-0.0089044083714318,0.0204282541844363,-0.000809491670130164,"Demarcus Robinson","KC","WR",2017
"1888","00-0030883",854,-0.00890916981123436,0.0206791981424651,-0.000809924528294033,"Josh Mauro","ARI","DL",2017
"1889","00-0030670",823,-0.00894635197718038,0.0192523689298139,-0.000813304725198216,"Bennie Fowler","DEN","WR",2017
"1890","00-0033903",1948,-0.00896232350257985,0.0211223981784588,-0.000814756682052714,"Josh Jones","GB","DB",2017
"1891","00-0033294",1702,-0.0089768957905874,0.0201982193519643,-0.000816081435507945,"Chuck Clark","BAL","DB",2017
"1892","00-0030434",740,-0.00897785219890532,0.0211953468932787,-0.000816168381718666,"Vince Williams","PIT","LB",2017
"1893","00-0033540",1798,-0.00899946608879332,0.0207431485001379,-0.000818133280799392,"Takkarist McKinley","ATL","DL",2017
"1894","00-0027840",295,-0.00900199561384244,0.0203380506600252,-0.00081836323762204,"Robert McClain","TB","DB",2017
"1895","00-0033898",1943,-0.00902074770141169,0.0210377909129147,-0.000820067972855608,"Justin Evans","TB","DB",2017
"1896","00-0032259",1327,-0.00904465218011505,0.0202079418470187,-0.000822241107283186,"Ereck Flowers","NYG","OL",2017
"1897","00-0029284",513,-0.00905917540767106,0.0201683533578199,-0.000823561400697369,"Mike Daniels","GB","DL",2017
"1898","00-0026283",152,-0.00907462554254203,0.019543682989852,-0.000824965958412912,"Orlando Scandrick","DAL","DB",2017
"1899","00-0032394",1363,-0.00910708948147725,0.0207201525410331,-0.000827917225588841,"Nick Vannett","SEA","TE",2017
"1900","00-0023368",36,-0.00917444213108658,0.0203495904741752,-0.000834040193735144,"Cameron Wake","MIA","DL",2017
"1901","00-0029529",544,-0.00924234262650627,0.020739297586047,-0.000840212966046025,"Coty Sensabaugh","PIT","DB",2017
"1902","00-0031095",908,-0.00928718860067842,0.0206138769720021,-0.000844289872788947,"Charles Leno Jr.","CHI","OL",2017
"1903","00-0031064",897,-0.00929232049016741,0.0207742384562555,-0.000844756408197038,"Tom Savage","HOU","QB",2017
"1904","00-0030076",669,-0.0093319798198315,0.019943997834382,-0.000848361801802863,"JC Tretter","CLE","OL",2017
"1905","00-0031923",1190,-0.00936083693302702,0.0198254421852683,-0.00085098517572973,"Greg Mancz","HOU","OL",2017
"1906","00-0031589",1108,-0.00938596237525082,0.0203053874655743,-0.000853269306840984,"Brett Hundley","GB","QB",2017
"1907","00-0033079",1633,-0.00939979317375805,0.0214218723483242,-0.000854526652159822,"Ricardo Louis","CLE","WR",2017
"1908","00-0029010",468,-0.00943788275900879,0.0215426028046362,-0.000857989341728071,"Ronald Leary","DEN","OL",2017
"1909","00-0032763",1493,-0.00944023547968753,0.0194296765141772,-0.000858203225426139,"Austin Johnson","TEN","DL",2017
"1910","00-0032740",1482,-0.00944578600069823,0.0201631360821008,-0.000858707818245294,"Lawrence Thomas","NYJ","RB",2017
"1911","00-0033875",1920,-0.00945886736249848,0.0201976743029811,-0.000859897032954407,"Haason Reddick","ARI","LB",2017
"1912","00-0033352",1730,-0.00948592389734319,0.0203575350785398,-0.00086235671794029,"Michael Clark","GB","WR",2017
"1913","00-0033393",1746,-0.0095298304612895,0.0209731578275391,-0.00086634822375359,"Kenny Moore","IND","DB",2017
"1914","00-0032577",1434,-0.00954357072763922,0.0218639094478292,-0.000867597338876292,"D.J. Foster","ARI","RB",2017
"1915","00-0031665",1134,-0.00956997196996179,0.0222014020294973,-0.000869997451814708,"Zach Zenner","DET","RB",2017
"1916","00-0033717",1869,-0.00957396932600604,0.0212723856081978,-0.000870360847818731,"Travis Rudolph","NYG","WR",2017
"1917","00-0032724",1475,-0.00959524406164651,0.0206554770592847,-0.000872294914695137,"Bryce Treggs","PHI","WR",2017
"1918","00-0030829",846,-0.00971816693588538,0.0206076959310138,-0.000883469721444126,"Josh Wells","JAX","OL",2017
"1919","00-0030741",832,-0.00973864433086562,0.0205449924907088,-0.000885331302805965,"Roosevelt Nix","PIT","RB",2017
"1920","00-0030127",689,-0.00974599592486227,0.0212174562033633,-0.000885999629532933,"Marcus Cooper","CHI","DB",2017
"1921","00-0028834",446,-0.00982799725017605,0.0204843041916826,-0.00089345429547055,"Craig Robertson","NO","LB",2017
"1922","00-0025472",101,-0.00983144141744221,0.0203742959818668,-0.000893767401585655,"Brandon Mebane","LAC","DL",2017
"1923","00-0031957",1210,-0.00987901825700353,0.0198024841379227,-0.000898092568818503,"Rakeem Nunez-Roches","KC","DL",2017
"1924","00-0027061",215,-0.00992161145862758,0.0208132073264818,-0.000901964678057053,"Jared Cook","OAK","TE",2017
"1925","00-0032380",1350,-0.00996531621592595,0.0208950492082323,-0.00090593783781145,"Laremy Tunsil","MIA","OL",2017
"1926","00-0029594",566,-0.0100333469171431,0.0209566707114113,-0.000912122447013011,"Sean Spence","PIT","LB",2017
"1927","00-0030525",777,-0.0100477808629778,0.0212928909998452,-0.000913434623907069,"Tavon Austin","LA","WR",2017
"1928","00-0032123",1259,-0.0101190765277571,0.0212750513426865,-0.000919916047977915,"Tre McBride","NYJ","WR",2017
"1929","00-0033937",1979,-0.0101537643307596,0.0214476108185518,-0.000923069484614508,"Amara Darboh","SEA","WR",2017
"1930","00-0032783",1510,-0.0102224674609882,0.0205255560165292,-0.0009293152237262,"LeShaun Sims","TEN","DB",2017
"1931","00-0033462",1766,-0.0102596313140029,0.0199381246289621,-0.000932693755818445,"Cordrea Tankersley","MIA","DB",2017
"1932","00-0025503",104,-0.010267117160936,0.0220268465048626,-0.000933374287357816,"Zak DeOssie","NYG","LS",2017
"1933","00-0033111",1654,-0.0102964493349013,0.0196797311687542,-0.000936040848627391,"Pharoh Cooper","LA","WR",2017
"1934","00-0032759",1489,-0.0103242132111508,0.0207533180098759,-0.000938564837377345,"Sheldon Rankins","NO","DL",2017
"1935","00-0032429",1389,-0.0103316748027195,0.0205727137666476,-0.00093924316388359,"Jerell Adams","NYG","TE",2017
"1936","00-0031426",1056,-0.0103451257203136,0.0209561779688365,-0.000940465974573963,"Joel Bitonio","CLE","OL",2017
"1937","00-0032773",1501,-0.0104023981921158,0.0220769442997603,-0.000945672562919615,"Nick Kwiatkoski","CHI","LB",2017
"1938","00-0033538",1796,-0.010406353911453,0.0204587511470719,-0.000946032173768451,"Garett Bolles","DEN","OL",2017
"1939","00-0026950",183,-0.0104183710577502,0.0209536263362244,-0.000947124641613658,"A.Q. Shipley","ARI","OL",2017
"1940","00-0033936",1978,-0.0104574613108541,0.0209530285422119,-0.000950678300986736,"C.J. Beathard","SF","QB",2017
"1941","00-0033082",1635,-0.0105938489856506,0.0215282287627745,-0.000963077180513695,"Lucas Patrick","GB","OL",2017
"1942","00-0033918",1963,-0.0106308400303835,0.0211044724602983,-0.000966440002762134,"Fabian Moreau","WAS","DB",2017
"1943","00-0033878",1923,-0.0106744886668996,0.0199691444018939,-0.000970408060627236,"Adoree' Jackson","TEN","DB",2017
"1944","00-0033877",1922,-0.010702137374473,0.020311799944269,-0.000972921579497547,"Malik Hooker","IND","DB",2017
"1945","00-0031553",1081,-0.0107401727866638,0.0199043170388489,-0.000976379344242165,"Benardrick McKinney","HOU","LB",2017
"1946","00-0033931",1973,-0.0107898432871033,0.0208644388971524,-0.000980894844282117,"Delano Hill","SEA","DB",2017
"1947","00-0030142",691,-0.0107952735161806,0.0211937893465136,-0.00098138850147096,"Brad Wing","NYG","P",2017
"1948","00-0028009",368,-0.0108320895318732,0.0201192059886587,-0.000984735411988475,"DeMarco Murray","TEN","RB",2017
"1949","00-0027531",243,-0.0108712517356641,0.0203712043635514,-0.000988295612333096,"Chris Ivory","JAX","RB",2017
"1950","00-0033946",1987,-0.0109367693200357,0.0221068566732425,-0.000994251756366883,"David Sharpe","OAK","OL",2017
"1951","00-0024341",75,-0.0109426462001593,0.0211845543530256,-0.000994786018196297,"Elvis Dumervil","SF","DL",2017
"1952","00-0031045",886,-0.0109637501372083,0.0200051533565721,-0.000996704557928024,"Carlos Hyde","SF","RB",2017
"1953","00-0032977",1589,-0.0110660006939969,0.0208126751618132,-0.00100600006309063,"Rashard Higgins","CLE","WR",2017
"1954","00-0031035",882,-0.0110769960963499,0.0219621706254438,-0.00100699964512272,"Xavier Grimble","PIT","TE",2017
"1955","00-0033911",1956,-0.0111795232144762,0.0203086480840763,-0.00101632029222511,"Taywan Taylor","TEN","WR",2017
"1956","00-0029689",602,-0.0112616251256716,0.0203641574509071,-0.00102378410233378,"Dwayne Allen","NE","TE",2017
"1957","00-0026625",169,-0.011267436507598,0.0210966327367426,-0.00102431240978164,"Brian Hoyer","NE","QB",2017
"1958","00-0027001",195,-0.0112767682224518,0.0208331057561435,-0.00102516074749562,"Vontae Davis","IND","DB",2017
"1959","00-0026672",170,-0.0112857962698031,0.0196944231980332,-0.00102598147907301,"Ramon Humber","BUF","LB",2017
"1960","00-0033954",1993,-0.0113034190774053,0.0203617593178711,-0.00102758355249139,"Jayon Brown","TEN","LB",2017
"1961","00-0029408",528,-0.0114067751336257,0.0203509256454893,-0.00103697955760234,"Nick Perry","GB","LB",2017
"1962","00-0031349",1012,-0.0114117196237554,0.0203967713807642,-0.00103742905670504,"Matt Paradis","DEN","OL",2017
"1963","00-0030923",859,-0.0114752062474791,0.0210233410161886,-0.00104320056795264,"Jeremiah Sirles","MIN","OL",2017
"1964","00-0027676",263,-0.0115322354585087,0.0193159269678025,-0.00104838504168261,"Morgan Burnett","GB","DB",2017
"1965","00-0032659",1459,-0.0115527668977854,0.0207492699171622,-0.00105025153616231,"Roger Lewis","NYG","WR",2017
"1966","00-0032581",1437,-0.0116769708400016,0.0207755033112118,-0.00106154280363651,"Cre'von LeBlanc","CHI","DB",2017
"1967","00-0033560",1815,-0.0117305022204333,0.0214438447128233,-0.00106640929276666,"Julie'n Davenport","HOU","OL",2017
"1968","00-0033681",1860,-0.0117929869971024,0.0213745207113695,-0.00107208972700931,"Keelan Cole","JAX","WR",2017
"1969","00-0028497",434,-0.0118325179579644,0.0210271185367211,-0.00107568345072404,"Kamar Aiken","IND","WR",2017
"1970","00-0033582",1833,-0.0118891221662803,0.0198894946599342,-0.00108082928784367,"Jeremiah Ledbetter","DET","DL",2017
"1971","00-0033578",1829,-0.0118895539905562,0.020502147148747,-0.00108086854459602,"Sam Tevi","LAC","OL",2017
"1972","00-0027674",261,-0.0120451693999906,0.0195032023906795,-0.00109501539999914,"Jared Veldheer","ARI","OL",2017
"1973","00-0030456",748,-0.0120766098154443,0.0203921967538899,-0.00109787361958585,"Giovani Bernard","CIN","RB",2017
"1974","00-0032379",1349,-0.0122238691749387,0.0203771051507356,-0.00111126083408533,"Eli Apple","NYG","DB",2017
"1975","00-0030085",672,-0.0122528799473469,0.0203379392589894,-0.00111389817703154,"Kenny Stills","MIA","WR",2017
"1976","00-0032517",1418,-0.0122971880202968,0.0197814362076702,-0.00111792618366335,"Briean Boddy-Calhoun","CLE","DB",2017
"1977","00-0029193",492,-0.0124795762401225,0.0204383295618569,-0.00113450693092023,"Bruce Irvin","OAK","LB",2017
"1978","00-0031298",981,-0.0125200591954378,0.021360014097621,-0.00113818719958525,"Jimmie Ward","SF","DB",2017
"1979","00-0033574",1825,-0.0125615494419933,0.0212843868783972,-0.00114195904018121,"Avery Moss","NYG","DL",2017
"1980","00-0030656",818,-0.0125718758096689,0.0220937825573556,-0.00114289780087899,"Isaiah Crowell","CLE","RB",2017
"1981","00-0025549",107,-0.0126302033080962,0.0212856629190543,-0.00114820030073602,"Brent Celek","PHI","TE",2017
"1982","00-0031353",1014,-0.0126472005596678,0.0202113627685134,-0.00114974550542435,"Michael Schofield","LAC","OL",2017
"1983","00-0030383",720,-0.0126591839806838,0.0197507260270459,-0.00115083490733489,"Duron Harmon","NE","DB",2017
"1984","00-0033744",1875,-0.0127911464149336,0.0209040851150387,-0.00116283149226669,"Chad Wheeler","NYG","OL",2017
"1985","00-0027017",202,-0.0128116770544628,0.020574726826562,-0.00116469791404207,"Darius Butler","IND","DB",2017
"1986","00-0032946",1570,-0.0128880796856008,0.0212390463814675,-0.00117164360778189,"De'Vante Harris","NO","DB",2017
"1987","00-0032760",1490,-0.0128979227135792,0.0208729366437684,-0.0011725384285072,"Josh Doctson","WAS","WR",2017
"1988","00-0028738",442,-0.0129928101791349,0.0213440416149935,-0.00118116456173953,"Byron Bell","DAL","OL",2017
"1989","00-0027994",361,-0.0130315149498666,0.0213989469126531,-0.0011846831772606,"Shane Vereen","NYG","RB",2017
"1990","00-0032475",1409,-0.0130400456204519,0.0203399063925987,-0.00118545869276835,"Tanner McEvoy","SEA","WR",2017
"1991","00-0032132",1265,-0.0131615877286872,0.0204217365209539,-0.0011965079753352,"Max Garcia","DEN","OL",2017
"1992","00-0027002",196,-0.0131732308974444,0.0200961198437224,-0.00119756644522221,"Clay Matthews","GB","LB",2017
"1993","00-0030251",707,-0.0134545700899188,0.0209697105493249,-0.00122314273544717,"Wes Horton","CAR","DL",2017
"1994","00-0033080",1634,-0.0134831676794438,0.0198501522860497,-0.00122574251631308,"Seth DeValve","CLE","TE",2017
"1995","00-0027873",313,-0.0135714309956237,0.0209159776962186,-0.00123376645414761,"Jermaine Gresham","ARI","TE",2017
"1996","00-0031942",1201,-0.0136276230330925,0.0206675810657206,-0.00123887482119023,"Arie Kouandjio","WAS","OL",2017
"1997","00-0032168",1287,-0.013763759624052,0.0207726835949247,-0.00125125087491382,"Josh Shaw","CIN","DB",2017
"1998","00-0030507",767,-0.013983858438036,0.0202672422272825,-0.00127125985800327,"Bennie Logan","KC","DL",2017
"1999","00-0023662",50,-0.0139961091496608,0.0210715650336792,-0.00127237355906007,"Matt Cassel","TEN","QB",2017
"2000","00-0030449",745,-0.0140206068763025,0.0207060976716289,-0.00127460062511841,"Margus Hunt","IND","DL",2017
"2001","00-0030442",742,-0.0147154232157215,0.021434691130239,-0.00133776574688377,"John Simon","IND","LB",2017
"2002","00-0027953",334,-0.0147157303172964,0.0205723626533422,-0.00133779366520877,"Mike Pouncey","MIA","OL",2017
"2003","00-0033129",1667,-0.014859429431136,0.0202705031533596,-0.00135085722101236,"Carl Nassib","CLE","DL",2017
"2004","00-0031061",895,-0.0150115606393437,0.0208514191107215,-0.00136468733084942,"Dontae Johnson","SF","DB",2017
"2005","00-0032897",1551,-0.01506701179949,0.0217122284981728,-0.00136972834540818,"Derek Watt","LAC","RB",2017
"2006","00-0032480",1411,-0.0154052724132436,0.0213581871877991,-0.00140047931029487,"Eddie Yarbrough","BUF","DL",2017
"2007","00-0033563",1817,-0.0157196207694647,0.0216197166793271,-0.0014290564335877,"Carlos Watkins","HOU","DL",2017
"2008","00-0032725",1476,-0.0158233775981409,0.0204447262469614,-0.00143848887255827,"Stephen Anderson","HOU","TE",2017
"2009","00-0027690",270,-0.016194920458709,0.0201588958061807,-0.00147226549624628,"Eric Decker","TEN","WR",2017
"2010","00-0027325",237,-0.0164037162115954,0.0210262293940397,-0.00149124692832686,"LeGarrette Blount","PHI","RB",2017
"2011","00-0028116",406,-0.01682100687293,0.0196781269978839,-0.00152918244299364,"Aldrick Robinson","SF","WR",2017
"2012","00-0032967",1582,-0.0191879513383037,0.0208894424345342,-0.00174435921257306,"Vernon Butler","CAR","DL",2017
