"","nfl_id","player_idx","apm","apm_sd","apm_per_play","full_name","team","position","season"
"1","00-0033040",836,0.0255138579434834,0.0209271095577426,0.00231944163122576,"Tyreek Hill","KC","WR",2020
"2","00-0033856",1065,0.0247121774779901,0.0218918661521161,0.00224656158890819,"Leonard Fournette","TB","RB",2020
"3","00-0034521",1349,0.0225318664196935,0.021167373038306,0.00204835149269941,"Allen Lazard","GB","WR",2020
"4","00-0033921",1117,0.0225238306530933,0.021082187255874,0.00204762096846302,"Chris Godwin","TB","WR",2020
"5","00-0031381",481,0.021784215707335,0.0208347482699105,0.00198038324612137,"Davante Adams","GB","WR",2020
"6","00-0033072",852,0.0215277381644828,0.0208223546671971,0.00195706710586208,"Leonard Floyd","LA","LB",2020
"7","00-0023459",16,0.0207180442291514,0.0215866933622141,0.0018834585662865,"Aaron Rodgers","GB","QB",2020
"8","00-0031408",491,0.0201738331383183,0.0202757718653906,0.00183398483075621,"Mike Evans","TB","WR",2020
"9","00-0031785",553,0.0198092029528621,0.0208242277001603,0.00180083663207837,"Troy Hill","LA","DB",2020
"10","00-0035526",1730,0.0197922521057189,0.0211484892938503,0.00179929564597445,"Elgton Jenkins","GB","OL",2020
"11","00-0029893",262,0.0197824026858265,0.0197381781388526,0.00179840024416604,"Rick Wagner","GB","OL",2020
"12","00-0031588",531,0.0193019513970147,0.0210732421218391,0.00175472285427406,"Stefon Diggs","BUF","WR",2020
"13","00-0031388",486,0.0187983597563557,0.021380995164587,0.00170894179603233,"Aaron Donald","LA","DL",2020
"14","00-0029413",209,0.0184719967756689,0.0215615636679193,0.00167927243415172,"Ben Jones","TEN","OL",2020
"15","00-0031019",392,0.0182806206492666,0.0212003470472066,0.00166187460447878,"Corey Linsley","GB","OL",2020
"16","00-0035150",1575,0.0182473696581578,0.0221511476864844,0.00165885178710525,"Kris Boyd","MIN","DB",2020
"17","00-0030506",339,0.0180687423990472,0.0209613795761784,0.00164261294536792,"Travis Kelce","KC","TE",2020
"18","00-0036431",2186,0.0176822412844196,0.0221406153080008,0.00160747648040178,"Jordan Fuller","LA","DB",2020
"19","00-0030584",363,0.0176256275609541,0.0207680341028399,0.00160232977826856,"Eric Fisher","KC","OL",2020
"20","00-0034263",1211,0.0175857156464525,0.0205196766644405,0.00159870142240477,"Tarvarius Moore","SF","DB",2020
"21","00-0029608",229,0.0173892411975959,0.021496912145833,0.00158084010887236,"T.Y. Hilton","IND","WR",2020
"22","00-0035181",1581,0.0172915247520078,0.0215598700254623,0.00157195679563708,"Darrius Shepherd","GB","WR",2020
"23","00-0032146",619,0.0172692754138688,0.0203669045888113,0.00156993412853353,"Bud Dupree","PIT","LB",2020
"24","00-0029701",249,0.0172044106704896,0.0205087340041455,0.00156403733368087,"Ryan Tannehill","TEN","QB",2020
"25","00-0032243",649,0.0169229159486771,0.0207662506759067,0.00153844690442519,"Ali Marpet","TB","OL",2020
"26","00-0033927",1121,0.0168565573679562,0.021088312955788,0.00153241430617784,"John Johnson","LA","DB",2020
"27","00-0031936",574,0.0167297492591607,0.0209525497118047,0.00152088629628733,"Mitch Morse","BUF","OL",2020
"28","00-0035676",1803,0.0167259187584042,0.0208273244479679,0.00152053806894584,"A.J. Brown","TEN","WR",2020
"29","00-0031177",425,0.0165248815212452,0.0206979483456467,0.00150226195647684,"Brent Urban","CHI","DL",2020
"30","00-0030511",340,0.0163907392527679,0.0212098981077349,0.00149006720479708,"Brandon Williams","BAL","DL",2020
"31","00-0030505",338,0.0156410705983135,0.0210832359276037,0.00142191550893759,"D.J. Fluker","BAL","OL",2020
"32","00-0031382",482,0.0153920312519499,0.0213451157795977,0.00139927556835908,"Jarvis Landry","CLE","WR",2020
"33","00-0034796",1441,0.0152308209094944,0.0205394507307973,0.00138462008268131,"Lamar Jackson","BAL","QB",2020
"34","00-0036221",1998,0.0151297842343143,0.0212905791844186,0.00137543493039221,"Brandon Jones","MIA","DB",2020
"35","00-0033082",856,0.0150958785662555,0.021722340859452,0.00137235259693232,"Lucas Patrick","GB","OL",2020
"36","00-0032764",761,0.0150033106469002,0.02120574835084,0.00136393733153638,"Derrick Henry","TEN","RB",2020
"37","00-0036219",1996,0.0149673603196142,0.0206619880856511,0.00136066911996492,"Marquez Callaway","NO","WR",2020
"38","00-0032977",826,0.0149230373208217,0.0213843795180123,0.00135663975643834,"Rashard Higgins","CLE","WR",2020
"39","00-0033873",1077,0.0149034857268257,0.0212817662081523,0.00135486233880234,"Patrick Mahomes","KC","QB",2020
"40","00-0029419",210,0.0146403703773392,0.021715113541763,0.00133094276157629,"Dennis Kelly","TEN","OL",2020
"41","00-0033923",1118,0.0145770850195791,0.0212104520991724,0.00132518954723446,"Kareem Hunt","CLE","RB",2020
"42","00-0030035",271,0.0142319012694851,0.0219754537777887,0.00129380920631682,"Adam Thielen","MIN","WR",2020
"43","00-0036158",1964,0.014218201218394,0.0214348490383997,0.00129256374712673,"J.K. Dobbins","BAL","RB",2020
"44","00-0035286",1646,0.0140811495363799,0.0214079518982778,0.00128010450330726,"Cole Holcomb","WAS","LB",2020
"45","00-0034367",1270,0.0140221495735652,0.0213654713944151,0.00127474087032411,"Nyheim Hines","IND","RB",2020
"46","00-0035699",1823,0.0139194336479048,0.0204606294078962,0.00126540305890044,"Jamel Dean","TB","DB",2020
"47","00-0027969",127,0.013864553343519,0.0210574699988134,0.00126041394031991,"Cameron Heyward","PIT","DL",2020
"48","00-0032217",640,0.013508773719684,0.0204085195662079,0.00122807033815309,"Donovan Smith","TB","OL",2020
"49","00-0029164",188,0.0133258259262711,0.0204932249438066,0.0012114387205701,"Mike Remmers","KC","OL",2020
"50","00-0035681",1808,0.0131045749906595,0.0209747940230646,0.00119132499915087,"Mike Edwards","TB","DB",2020
"51","00-0031433",498,0.0130333051064873,0.0201028892939405,0.00118484591877157,"Billy Turner","GB","OL",2020
"52","00-0036196",1984,0.012816926868702,0.0214188294091531,0.001165175169882,"Gabriel Davis","BUF","WR",2020
"53","00-0032667",747,0.0128020052909245,0.0216222340483118,0.00116381866281132,"Roy Robertson-Harris","CHI","DL",2020
"54","00-0032420",698,0.0127521439406879,0.020994838674714,0.0011592858127898,"Brandon Shell","SEA","OL",2020
"55","00-0031269",445,0.0125440580695085,0.0216871873608412,0.00114036891540986,"T.J. Carrie","IND","DB",2020
"56","00-0035654",1785,0.0125170039953044,0.0209494552994642,0.00113790945411859,"Chase Winovich","NE","DL",2020
"57","00-0035375",1689,0.0124579388964623,0.0209033931092927,0.0011325398996784,"Brandon Rusnak","JAX","DB",2020
"58","00-0033055",845,0.0124340941352307,0.0216840989595252,0.00113037219411188,"Jalen Ramsey","LA","DB",2020
"59","00-0032378",666,0.012383571762227,0.0210905417754684,0.00112577925111154,"DeForest Buckner","IND","DL",2020
"60","00-0036321",2087,0.0123313577398953,0.0212416132463493,0.00112103252180867,"Chase Young","WAS","DL",2020
"61","00-0034857",1480,0.0123016415454043,0.0213382061496346,0.00111833104958221,"Josh Allen","BUF","QB",2020
"62","00-0029607",228,0.012191032744075,0.0211090094042935,0.00110827570400682,"Demario Davis","NO","LB",2020
"63","00-0029764",255,0.0121875152903613,0.0219552991121036,0.0011079559354874,"Cody Davis","NE","DB",2020
"64","00-0028103",148,0.0121064844380614,0.0206277123499227,0.00110058949436922,"Pernell McPhee","BAL","LB",2020
"65","00-0034073",1155,0.0120361674522698,0.0219555680180184,0.00109419704111544,"Ross Dwelley","SF","TE",2020
"66","00-0036326",2092,0.0119368564496945,0.0208786984605725,0.00108516876815405,"Chase Claypool","PIT","WR",2020
"67","00-0036322",2088,0.0119285534168372,0.0220105122625209,0.0010844139469852,"Justin Jefferson","MIN","WR",2020
"68","00-0032211",637,0.011891933438283,0.0215008363737549,0.00108108485802573,"Tyler Lockett","SEA","WR",2020
"69","00-0034203",1196,0.0118884379114917,0.0211949105085624,0.00108076708286288,"Darious Williams","LA","DB",2020
"70","00-0035236",1607,0.0118183684412777,0.0217018543817219,0.00107439713102524,"Byron Murphy","ARI","DB",2020
"71","00-0027648",76,0.0117423204210217,0.0210284338951907,0.00106748367463834,"Rodger Saffold","TEN","OL",2020
"72","00-0036306",2073,0.0117362771692601,0.0213423622518836,0.00106693428811455,"Daniel Thomas","JAX","DB",2020
"73","00-0034399",1300,0.0116997649997165,0.0206004502068292,0.00106361499997423,"Wyatt Teller","CLE","OL",2020
"74","00-0026190",44,0.0116799922883712,0.0221559341617596,0.00106181748076102,"Calais Campbell","BAL","DL",2020
"75","00-0019596",2,0.0116674605884897,0.0216613793021533,0.00106067823531725,"Tom Brady","TB","QB",2020
"76","00-0035149",1574,0.0116559211286566,0.0214316274840448,0.00105962919351423,"Nick Allegretti","KC","OL",2020
"77","00-0036267",2038,0.0114194522391871,0.0209346415377543,0.00103813202174428,"Jedrick Wills","CLE","OL",2020
"78","00-0031567",522,0.0113847389973808,0.021007070200016,0.00103497627248917,"Daryl Williams","BUF","OL",2020
"79","00-0033025",834,0.0113569549953668,0.0225496842001629,0.00103245045412425,"Jalen Richard","LV","RB",2020
"80","00-0036417",2173,0.0113507500469378,0.0209688920388779,0.00103188636790343,"Damien Lewis","SEA","OL",2020
"81","00-0024270",26,0.0112682522102287,0.0207867948276772,0.00102438656456624,"Andrew Whitworth","LA","OL",2020
"82","00-0034775",1427,0.0112531533432502,0.0221212770697176,0.00102301394029548,"Christian Kirk","ARI","WR",2020
"83","00-0036233",2009,0.0112455293984675,0.0218893567583982,0.00102232085440614,"Donovan Peoples-Jones","CLE","WR",2020
"84","00-0035649",1781,0.0111314297952663,0.021383068235397,0.00101194816320603,"Nate Davis","TEN","OL",2020
"85","00-0033886",1089,0.0111234655532917,0.021152535837049,0.00101122414120834,"T.J. Watt","PIT","LB",2020
"86","00-0033077",854,0.01107736665152,0.0207894508573118,0.00100703333195637,"Dak Prescott","DAL","QB",2020
"87","00-0033857",1066,0.0110580915528429,0.0212545305450223,0.00100528105025844,"JuJu Smith-Schuster","PIT","WR",2020
"88","00-0029000",178,0.0109984321248779,0.0207245279280558,0.00099985746589799,"Cole Beasley","BUF","WR",2020
"89","00-0033569",1001,0.0109956305533273,0.0220918018933062,0.000999602777575208,"Roderick Johnson","HOU","OL",2020
"90","00-0033073",853,0.0109541902434609,0.0217421067522384,0.000995835476678267,"Emmanuel Ogbah","MIA","DL",2020
"91","00-0031101",409,0.0109019709369773,0.0208845829620381,0.000991088266997937,"Shaquil Barrett","TB","LB",2020
"92","00-0036275",2045,0.0108267896966929,0.0211290922861032,0.000984253608790268,"D'Andre Swift","DET","RB",2020
"93","00-0034285",1226,0.010813426547791,0.0216370646268904,0.00098303877707191,"Zach Sieler","MIA","DL",2020
"94","00-0029681",243,0.0107897067590976,0.0213597421069982,0.000980882432645241,"Janoris Jenkins","NO","DB",2020
"95","00-0035707",1829,0.0107678939156675,0.0207673738334286,0.000978899446878862,"Devin White","TB","LB",2020
"96","00-0033831",1060,0.0107239089786039,0.020842970854623,0.000974900816236719,"Andrew Wylie","KC","OL",2020
"97","00-0032775",770,0.0106985139514625,0.0216738927505647,0.000972592177405678,"Demarcus Robinson","KC","WR",2020
"98","00-0036373",2133,0.0106919338347549,0.0228222494968409,0.00097199398497772,"Rashard Lawrence","ARI","DL",2020
"99","00-0030067",281,0.0104634391542833,0.0214113938987535,0.000951221741298483,"Terron Armstead","NO","OL",2020
"100","00-0034272",1217,0.0104399510840767,0.0211582954684253,0.00094908646218879,"Marquez Valdes-Scantling","GB","WR",2020
"101","00-0034951",1498,0.0102917480936874,0.0215404862625662,0.000935613463062489,"Fred Johnson","CIN","OL",2020
"102","00-0034440",1326,0.0102235936050091,0.021105021093805,0.000929417600455376,"Justin Jackson","LAC","RB",2020
"103","00-0031051",399,0.0101508827237608,0.020710620048716,0.000922807520341894,"John Brown","BUF","WR",2020
"104","00-0031904",567,0.0101317022131412,0.0208067941838298,0.000921063837558295,"Bryce Callahan","DEN","DB",2020
"105","00-0033904",1103,0.0101049556116721,0.0206559856421811,0.000918632328333831,"Dion Dawkins","BUF","OL",2020
"106","00-0036357",2119,0.0099998002119718,0.0209567823632762,0.000909072746542891,"Henry Ruggs","LV","WR",2020
"107","00-0033557",994,0.00997121965948616,0.0218587736656615,0.000906474514498742,"Jalen Reeves-Maybin","DET","LB",2020
"108","00-0027793",91,0.00996943627078463,0.0216613244956177,0.000906312388253148,"Antonio Brown","TB","WR",2020
"109","00-0032239",645,0.00996711104052416,0.0206276007705689,0.000906101003684015,"Byron Jones","MIA","DB",2020
"110","00-0034954",1499,0.00994978331964968,0.020288749746173,0.000904525756331789,"Malik Reed","DEN","LB",2020
"111","00-0035242",1613,0.00994288486159829,0.02168319995084,0.000903898623781663,"Erik McCoy","NO","OL",2020
"112","00-0033894",1096,0.00994057448530555,0.0213080480356517,0.000903688589573232,"Marcus Williams","NO","DB",2020
"113","00-0027862",97,0.00989402677045677,0.0205845114759558,0.000899456979132433,"Tyson Alualu","PIT","DL",2020
"114","00-0031958",581,0.00987314065535836,0.0217753331425044,0.000897558241396214,"Austin Reiter","KC","OL",2020
"115","00-0031348",467,0.00972646628437329,0.0212722981330437,0.000884224207670299,"Anthony Hitchens","KC","LB",2020
"116","00-0033553",990,0.00969348793467564,0.0210230463511445,0.000881226175879604,"James Conner","PIT","RB",2020
"117","00-0034234",1203,0.00967352428584499,0.0205758025766433,0.000879411298713181,"Poona Ford","SEA","DL",2020
"118","00-0030074",284,0.00964095142806399,0.0214665858231076,0.000876450129823999,"David Bakhtiari","GB","OL",2020
"119","00-0029278",199,0.00963176383576804,0.0200947469343641,0.000875614894160731,"Joe Looney","DAL","OL",2020
"120","00-0036406",2163,0.00959977525269906,0.0208573158376481,0.00087270684115446,"Tristan Wirfs","TB","OL",2020
"121","00-0034468",1334,0.00954857763362449,0.0210946787843426,0.000868052512147681,"Chandon Sullivan","GB","DB",2020
"122","00-0034858",1481,0.00946915796854939,0.0213084313275523,0.000860832542595399,"Terrell Edmunds","PIT","DB",2020
"123","00-0031237",434,0.00945854842002463,0.0211088428423207,0.000859868038184057,"Teddy Bridgewater","CAR","QB",2020
"124","00-0030503",337,0.0094003221803385,0.0218119061143477,0.000854574743667136,"Alex Okafor","KC","DL",2020
"125","00-0036349",2114,0.00937120147896031,0.0208290796956512,0.00085192740717821,"Kamren Curl","WAS","DB",2020
"126","00-0029895",263,0.00936334024342283,0.0212228628263104,0.000851212749402076,"Ryan Jensen","TB","OL",2020
"127","00-0027962",123,0.00932216606471096,0.021932496061417,0.000847469642246451,"Cameron Jordan","NO","DL",2020
"128","00-0031367",476,0.0092941469166944,0.0210486175180279,0.000844922446972218,"Gabe Jackson","LV","OL",2020
"129","00-0033446",950,0.00927425025416312,0.0206322459524715,0.000843113659469374,"Jordan Simmons","SEA","OL",2020
"130","00-0036440",2195,0.00923401049336865,0.0223437309153871,0.00083945549939715,"Derrek Tuszka","DEN","LB",2020
"131","00-0031016",390,0.0092058710766303,0.0209606511955186,0.000836897370602755,"Ross Cockrell","TB","DB",2020
"132","00-0034720",1396,0.00919255580509296,0.0202767962379212,0.000835686891372088,"Robert Spillane","PIT","LB",2020
"133","00-0035647",1780,0.00916750813658879,0.020656671846373,0.000833409830598981,"Montez Sweat","WAS","DL",2020
"134","00-0031127",413,0.00912902449042528,0.0215406746923395,0.000829911317311389,"Brandon Dunn","HOU","DL",2020
"135","00-0027656",77,0.00912648525683749,0.0214029703225884,0.000829680477894318,"Rob Gronkowski","TB","TE",2020
"136","00-0027685",81,0.00910306715102211,0.0216743697268416,0.000827551559183828,"Emmanuel Sanders","NO","WR",2020
"137","00-0036425",2181,0.00902883754330033,0.0218082519718145,0.000820803413027303,"DeeJay Dallas","SEA","RB",2020
"138","00-0036382",2141,0.00899458481776432,0.0213680022328231,0.000817689528887666,"K.J. Hill","LAC","WR",2020
"139","00-0036323",2089,0.00897040357266388,0.0207042992828018,0.000815491233878534,"Patrick Queen","BAL","LB",2020
"140","00-0035239",1610,0.00895674467573281,0.0207082458916437,0.00081424951597571,"Sean Murphy-Bunting","TB","DB",2020
"141","00-0026035",39,0.0089198251688297,0.0209965973416647,0.000810893197166336,"Danny Amendola","DET","WR",2020
"142","00-0035645",1778,0.00891653314704348,0.0224162548449886,0.000810593922458498,"Gunner Olszewski","NE","WR",2020
"143","00-0035726",1838,0.00886065545991636,0.0204046161462998,0.000805514132719669,"Jakob Johnson","NE","RB",2020
"144","00-0033901",1100,0.00884395924419458,0.0201582211501834,0.00080399629492678,"Ethan Pocic","SEA","OL",2020
"145","00-0033283",907,0.00883142672259555,0.021168317055282,0.000802856974781414,"Tyus Bowser","BAL","LB",2020
"146","00-0031585",529,0.00878925631396626,0.021656713730582,0.00079902330126966,"MyCole Pruitt","TEN","TE",2020
"147","00-0035062",1547,0.008764851513741,0.0213084865953937,0.000796804683067363,"Sam Mustipher","CHI","OL",2020
"148","00-0030387",316,0.00871716726021635,0.0208600238062541,0.000792469750928759,"Steven Means","ATL","DL",2020
"149","00-0034160",1180,0.00869424513527179,0.0209991685594233,0.000790385921388345,"Michael Dickson","SEA","P",2020
"150","00-0035686",1812,0.00866478483230667,0.0217782459113014,0.000787707712027879,"Michael Deiter","MIA","OL",2020
"151","00-0034982",1520,0.00865926317874898,0.020159760140026,0.000787205743522635,"Dre Greenlaw","SF","LB",2020
"152","00-0026990",59,0.00861198721306122,0.0210760379040024,0.000782907928460111,"Malcolm Jenkins","NO","DB",2020
"153","00-0027860",96,0.00859108197978405,0.0214797158010267,0.000781007452707641,"Joe Haden","PIT","DB",2020
"154","00-0032187",627,0.00857582254041129,0.0219848271279008,0.000779620230946481,"David Johnson","HOU","RB",2020
"155","00-0031380",480,0.00857081659911906,0.0211224363707509,0.00077916514537446,"Darqueze Dennard","ATL","DB",2020
"156","00-0031319",457,0.00856529984164495,0.0221955884089051,0.000778663621967722,"Diontae Spencer","DEN","WR",2020
"157","00-0036300",2068,0.00852658009413531,0.0199913768024617,0.000775143644921392,"Mykal Walker","ATL","LB",2020
"158","00-0034855",1478,0.00850901267127262,0.0212884643885614,0.000773546606479329,"Baker Mayfield","CLE","QB",2020
"159","00-0028101",147,0.00847021371354957,0.0220138691306214,0.000770019428504507,"Daniel Kilgore","KC","OL",2020
"160","00-0034744",1406,0.00837389815703749,0.021165176575936,0.00076126346882159,"Duke Dawson","DEN","DB",2020
"161","00-0033757",1043,0.00834648419743968,0.021208802151959,0.000758771290676334,"Robert Tonyan","GB","TE",2020
"162","00-0033869",1073,0.00830379862551659,0.0209472770493589,0.000754890784137872,"Mitchell Trubisky","CHI","QB",2020
"163","00-0030064",279,0.00828765604884312,0.0213620594156778,0.000753423277167557,"Jon Bostic","WAS","LB",2020
"164","00-0029530",213,0.00828001267279736,0.0212304540281509,0.00075272842479976,"Justin Bethel","NE","DB",2020
"165","00-0034830",1462,0.00826261027684426,0.0211692735268313,0.000751146388804024,"Hayden Hurst","ATL","TE",2020
"166","00-0034159",1179,0.0082541739997707,0.0207576272798798,0.000750379454524609,"Will Dissly","SEA","TE",2020
"167","00-0036412",2169,0.00825179728223994,0.0213131357218201,0.00075016338929454,"K.J. Hamler","DEN","WR",2020
"168","00-0033888",1090,0.00824265541358228,0.021020039653601,0.000749332310325662,"Ryan Ramczyk","NO","OL",2020
"169","00-0029647",237,0.00822993648888497,0.0212894724641409,0.000748176044444088,"Kyle Wilber","LV","LB",2020
"170","00-0029604",226,0.00822089202455176,0.0215154808274308,0.000747353820413796,"Kirk Cousins","MIN","QB",2020
"171","00-0032765",762,0.00821997337675314,0.0220467580737014,0.000747270306977558,"Michael Thomas","NO","WR",2020
"172","00-0034833",1465,0.00820814111915861,0.0215436368124048,0.000746194647196238,"Isaiah Wynn","NE","OL",2020
"173","00-0031412",494,0.00818111914235842,0.0212944605083859,0.000743738103850766,"Stephon Tuitt","PIT","DL",2020
"174","00-0030380",312,0.00817013958198533,0.0213565997387873,0.000742739961998666,"Benson Mayowa","SEA","DL",2020
"175","00-0036253",2028,0.0080962424321017,0.0207461810379642,0.000736022039281973,"Julian Blackmon","IND","DB",2020
"176","00-0033537",977,0.00804105675416632,0.0220264281278622,0.000731005159469665,"Deshaun Watson","HOU","QB",2020
"177","00-0033746",1041,0.00803932953858487,0.0209511075425676,0.000730848139871352,"Alex Barrett","SF","DL",2020
"178","00-0035327",1671,0.00802462933633765,0.0219327521622755,0.000729511757848877,"C.J. Moore","DET","DB",2020
"179","00-0033681",1028,0.00798235149816583,0.0205214579131524,0.000725668318015075,"Keelan Cole","JAX","WR",2020
"180","00-0035363",1686,0.00798015649554485,0.0209130808343751,0.000725468772322259,"Joe Giles-Harris","JAX","LB",2020
"181","00-0032518",720,0.00793920746723412,0.0214127667233304,0.00072174613338492,"Justin Zimmer","BUF","DL",2020
"182","00-0034845",1474,0.00790930427626433,0.0221626335108031,0.000719027661478576,"Sony Michel","NE","RB",2020
"183","00-0036442",2197,0.00784571684328944,0.021224333137779,0.000713246985753585,"Joe Burrow","CIN","QB",2020
"184","00-0029822",257,0.00783399954352708,0.0218577424512246,0.00071218177668428,"Brandon McManus","DEN","K",2020
"185","00-0035026",1540,0.00779774586198462,0.0218957432918682,0.000708885987453147,"Kevin Givens","SF","DL",2020
"186","00-0032150",622,0.00777877270323669,0.0212500170538254,0.000707161154839699,"Steven Nelson","PIT","DB",2020
"187","00-0033929",1123,0.00776209197058604,0.0214167077771467,0.00070564472459873,"Montravius Adams","GB","DL",2020
"188","00-0028015",137,0.00772479361377276,0.0222246541905843,0.000702253964888433,"Jurrell Casey","DEN","DL",2020
"189","00-0032151",623,0.00770839442675466,0.0215913791640442,0.000700763129704969,"Jon Feliciano","BUF","OL",2020
"190","00-0036262",2035,0.0076982532713124,0.0213459040386141,0.000699841206482945,"Davon Hamilton","JAX","DL",2020
"191","00-0031193",428,0.00769710488066226,0.0214630337685822,0.000699736807332933,"Daniel McCullers","CHI","DL",2020
"192","00-0031334",461,0.00769683806586603,0.0208176752504163,0.000699712551442366,"Jason Verrett","SF","DB",2020
"193","00-0031236",433,0.00769127380181645,0.0216208729944569,0.000699206709256041,"Brandin Cooks","HOU","WR",2020
"194","00-0033580",1009,0.00766745245824585,0.0206383834222426,0.000697041132567804,"Tanner Vallejo","ARI","LB",2020
"195","00-0035640",1774,0.00763959610560225,0.0201747442658271,0.000694508736872932,"DK Metcalf","SEA","WR",2020
"196","00-0026858",56,0.00762345957516416,0.0219204709298714,0.000693041779560379,"Graham Gano","NYG","K",2020
"197","00-0031156",419,0.00758990462134379,0.0218322631619004,0.000689991329213072,"Tyler Ott","SEA","LS",2020
"198","00-0034344",1248,0.00755663575313188,0.0204862821589132,0.000686966886648353,"Marcus Davenport","NO","DL",2020
"199","00-0034818",1456,0.00755634636655023,0.0212166371723559,0.000686940578777293,"Derrick Nnadi","KC","DL",2020
"200","00-0036355",2117,0.00755232842147815,0.0206880317182998,0.000686575311043468,"Justin Herbert","LAC","QB",2020
"201","00-0029890",260,0.00754616527554848,0.0210350434005815,0.000686015025049862,"Mike Purcell","DEN","DL",2020
"202","00-0032399",684,0.00753439737282472,0.0204910277000308,0.000684945215711339,"Miles Killebrew","DET","DB",2020
"203","00-0033084",858,0.0075163934011179,0.0211045571247746,0.000683308491010718,"Kendall Fuller","WAS","DB",2020
"204","00-0020531",3,0.00750704720810221,0.0208222328883966,0.000682458837100201,"Drew Brees","NO","QB",2020
"205","00-0033885",1088,0.00748949819262382,0.020365521313372,0.000680863472056711,"David Njoku","CLE","TE",2020
"206","00-0035414",1708,0.0074717560488655,0.0210364459883457,0.000679250549896864,"Jalen Guyton","LAC","WR",2020
"207","00-0034505",1344,0.00739437644647987,0.0211084136290295,0.000672216040589079,"Ike Boettger","BUF","OL",2020
"208","00-0027282",69,0.00737740290600533,0.0214866030767976,0.00067067299145503,"Ben Garland","SF","OL",2020
"209","00-0034765",1421,0.00736893787628455,0.021407192652372,0.000669903443298596,"Tre'Quan Smith","NO","WR",2020
"210","00-0033948",1135,0.00731170907044067,0.0213503443418491,0.000664700824585516,"Jamaal Williams","GB","RB",2020
"211","00-0035527",1731,0.00729983030958549,0.0216674097755443,0.000663620937235044,"Andy Isabella","ARI","WR",2020
"212","00-0034789",1437,0.00729377750531695,0.0207616649813519,0.000663070682301541,"Minkah Fitzpatrick","PIT","DB",2020
"213","00-0035228",1600,0.0072855635933306,0.0209311304469928,0.000662323963030055,"Kyler Murray","ARI","QB",2020
"214","00-0036365",2127,0.00726114577683029,0.0212748907429322,0.000660104161530027,"Bryan Edwards","LV","WR",2020
"215","00-0031687",545,0.00721945458525389,0.0218176004320589,0.000656314053204899,"Raheem Mostert","SF","RB",2020
"216","00-0036410",2167,0.00718323480020147,0.02033437628952,0.00065302134547286,"Tee Higgins","CIN","WR",2020
"217","00-0034374",1276,0.00717657529839025,0.0204387149936776,0.000652415936217295,"Jordan Whitehead","TB","DB",2020
"218","00-0036254",2029,0.0071626978896168,0.0219355160850149,0.000651154353601527,"Collin Johnson","JAX","WR",2020
"219","00-0026498",48,0.00712429317409082,0.0213944265821981,0.000647663015826439,"Matthew Stafford","DET","QB",2020
"220","00-0027975",129,0.00712218341459428,0.0210859966064115,0.000647471219508571,"Jabaal Sheard","NYG","DL",2020
"221","00-0036360",2122,0.00712121239130142,0.0209393712544439,0.000647382944663765,"Clyde Edwards-Helaire","KC","RB",2020
"222","00-0030097",292,0.00710282104081616,0.0201242063152554,0.00064571100371056,"David Quessenberry","TEN","OL",2020
"223","00-0029542",214,0.00709936650524595,0.0208555977960495,0.000645396955022359,"Stephon Gilmore","NE","DB",2020
"224","00-0036166",1970,0.00706347403895831,0.0220378273053416,0.000642134003541665,"Dane Jackson","BUF","DB",2020
"225","00-0033217",893,0.00705924163693532,0.022264673731125,0.000641749239721393,"Mo Alie-Cox","IND","TE",2020
"226","00-0033926",1120,0.00705596151379624,0.0212237801741437,0.000641451046708749,"Shaquill Griffin","SEA","DB",2020
"227","00-0033090",860,0.00705271454626517,0.0218445024390105,0.000641155867842288,"Hunter Henry","LAC","TE",2020
"228","00-0029630",233,0.00703243519456354,0.0203468671349014,0.000639312290414867,"Michael Brockers","LA","DL",2020
"229","00-0035231",1603,0.00700719606359113,0.0206777881551805,0.00063701782396283,"Christian Wilkins","MIA","DL",2020
"230","00-0033932",1126,0.00699042983212353,0.0228748080369669,0.000635493621102139,"Kenny Golladay","DET","WR",2020
"231","00-0036251",2026,0.00692636257685928,0.0212956237778954,0.000629669325169026,"Zack Moss","BUF","RB",2020
"232","00-0031844",561,0.00691619698934001,0.0205420542925314,0.000628745180849092,"Deshazor Everett","WAS","DB",2020
"233","00-0035651",1783,0.00691265077762537,0.0213104165415351,0.000628422797965943,"Jaylon Ferguson","BAL","LB",2020
"234","00-0023682",21,0.0068921310615072,0.021704733989609,0.000626557369227928,"Ryan Fitzpatrick","MIA","QB",2020
"235","00-0033871",1075,0.00687296786095111,0.0204314759355988,0.000624815260086464,"Corey Davis","TEN","WR",2020
"236","00-0035588",1749,0.00686647421291501,0.0220781499134664,0.000624224928446819,"Garrett Bradbury","MIN","OL",2020
"237","00-0033251",898,0.00686367365742713,0.0204179930495211,0.000623970332493376,"Zach Pascal","IND","WR",2020
"238","00-0033941",1130,0.00681146762617671,0.0209670707636999,0.000619224329652428,"Rayshawn Jenkins","LAC","DB",2020
"239","00-0029261",196,0.00678192908139958,0.0211116404230731,0.000616539007399962,"Casey Hayward","LAC","DB",2020
"240","00-0033282",906,0.00676659694111796,0.0205792177868124,0.000615145176465269,"Curtis Samuel","CAR","WR",2020
"241","00-0033294",914,0.00675808206994516,0.0208769564736424,0.000614371097267742,"Chuck Clark","BAL","DB",2020
"242","00-0035662",1791,0.00674110672252783,0.0213371188876314,0.000612827883866166,"Marquise Brown","BAL","WR",2020
"243","00-0031345",465,0.00673116884587275,0.0215938181800171,0.000611924440533887,"Jimmy Garoppolo","SF","QB",2020
"244","00-0034678",1388,0.00671481835051545,0.0201195775633071,0.000610438031865041,"Alex Cappa","TB","OL",2020
"245","00-0033872",1076,0.00668934032888778,0.0213968150266363,0.000608121848080707,"Jamal Adams","SEA","DB",2020
"246","00-0036402",2160,0.00666786688028414,0.0217218038780037,0.000606169716389467,"Carter Coughlin","NYG","LB",2020
"247","00-0031610",537,0.00663540523460212,0.0206670972874038,0.000603218657691102,"Darren Waller","LV","TE",2020
"248","00-0032104",605,0.00662703194000071,0.0208429356321351,0.000602457449090974,"Ameer Abdullah","MIN","RB",2020
"249","00-0032773",768,0.00657112307980776,0.0214710123208624,0.000597374825437069,"Nick Kwiatkoski","LV","LB",2020
"250","00-0030148",298,0.00656594778955924,0.0213777140138141,0.000596904344505386,"Damion Square","LAC","DL",2020
"251","00-0033783",1049,0.00656027055036419,0.0211877474650804,0.00059638823185129,"Ahkello Witherspoon","SF","DB",2020
"252","00-0024243",25,0.00651560340101713,0.0216403933043461,0.000592327581910649,"Marcedes Lewis","GB","TE",2020
"253","00-0032109",607,0.0064805767031075,0.0209938213578157,0.000589143336646136,"Kwon Alexander","NO","LB",2020
"254","00-0034762",1418,0.00647205285310861,0.022001420170279,0.000588368441191692,"Billy Price","CIN","OL",2020
"255","00-0032549",726,0.00647190221700854,0.0218145446818106,0.000588354747000776,"Alex Redmond","CIN","OL",2020
"256","00-0034411",1305,0.00644023000941198,0.0203202023823178,0.000585475455401089,"Russell Gage","ATL","WR",2020
"257","00-0032763",760,0.00642435842192339,0.0227611584994829,0.000584032583811217,"Austin Johnson","NYG","DL",2020
"258","00-0022942",11,0.00640464661059193,0.0219579713869433,0.000582240600962902,"Philip Rivers","IND","QB",2020
"259","00-0031209",430,0.00640436145375159,0.0213061939924914,0.000582214677613781,"Senorise Perry","TEN","RB",2020
"260","00-0034797",1442,0.0063996898573136,0.0216261093210063,0.000581789987028509,"Jerome Baker","MIA","LB",2020
"261","00-0027963",124,0.00636997986283501,0.0218305242148449,0.000579089078439547,"James Carpenter","ATL","OL",2020
"262","00-0036232",2008,0.00633976340715165,0.0204226099618539,0.000576342127922878,"Harrison Bryant","CLE","TE",2020
"263","00-0026166",42,0.00632520918079596,0.021108806080918,0.000575019016435996,"Duane Brown","SEA","OL",2020
"264","00-0031580",525,0.00627275018029622,0.0212775775471626,0.000570250016390565,"Shaquille Mason","NE","OL",2020
"265","00-0036245",2020,0.00624647147195336,0.0220923065548525,0.000567861042904851,"Malcolm Perry","MIA","RB",2020
"266","00-0028339",162,0.00623620071083254,0.0212519591289204,0.000566927337348413,"Mario Addison","BUF","DL",2020
"267","00-0035370",1688,0.00622353472339024,0.021787078525628,0.000565775883944567,"Saivion Smith","DAL","DB",2020
"268","00-0035346",1680,0.00618865638358115,0.0208359526906232,0.000562605125780105,"Nik Needham","MIA","DB",2020
"269","00-0032103",604,0.00618508903154978,0.021826248175334,0.00056228082104998,"Denzel Perryman","LAC","LB",2020
"270","00-0035342",1678,0.0061526740062788,0.0220411982543983,0.0005593340005708,"Patrick Laird","MIA","RB",2020
"271","00-0035532",1736,0.00614277503482354,0.02104295580782,0.000558434094074867,"Deionte Thompson","ARI","DB",2020
"272","00-0035272",1634,0.00613671974206032,0.0210070048628968,0.000557883612914575,"Andrew Van Ginkel","MIA","LB",2020
"273","00-0033876",1080,0.00612292780543608,0.0215680192565982,0.000556629800494189,"Derek Barnett","PHI","DL",2020
"274","00-0033439",948,0.00611567041310709,0.0209544630485989,0.00055597003755519,"Pharaoh Brown","HOU","TE",2020
"275","00-0035248",1619,0.0061010519196616,0.0212027080466546,0.0005546410836056,"Zach Allen","ARI","DL",2020
"276","00-0035253",1621,0.00610022019376134,0.020295962880212,0.000554565472160121,"Chauncey Gardner-Johnson","NO","DB",2020
"277","00-0029586",223,0.00607970948745415,0.0200441101104115,0.000552700862495832,"Derek Wolfe","BAL","DL",2020
"278","00-0027993",134,0.0060758357404983,0.0214590967888784,0.000552348703681664,"Rodney Hudson","LV","OL",2020
"279","00-0036195",1983,0.00606429680155241,0.0222118382804175,0.000551299709232037,"Charlie Heck","HOU","OL",2020
"280","00-0035241",1612,0.0060569937152392,0.0203197986946493,0.000550635792294473,"Joejuan Williams","NE","DB",2020
"281","00-0035328",1672,0.00605001160946616,0.0217288583972799,0.000550001055406015,"Matt Nelson","DET","OL",2020
"282","00-0035694",1818,0.00604074251403234,0.0220024751334255,0.000549158410366577,"Greg Little","CAR","OL",2020
"283","00-0026293",47,0.00603960063887336,0.0216002624440731,0.000549054603533941,"Matt Slater","NE","WR",2020
"284","00-0033127",881,0.00603807165203636,0.0216957159683418,0.000548915604730578,"Will Fuller","HOU","WR",2020
"285","00-0033582",1010,0.0060278625338937,0.0217355329111066,0.000547987503081246,"Jeremiah Ledbetter","TB","DL",2020
"286","00-0033560",995,0.00601266374203646,0.0223912137107613,0.000546605794730587,"Julien Davenport","MIA","OL",2020
"287","00-0036295",2063,0.00600647360570688,0.0210559740641947,0.000546043055064262,"Matt Hennessy","ATL","OL",2020
"288","00-0033064",850,0.00600567411536887,0.0207963021622495,0.000545970374124443,"Adam Gotsis","JAX","DL",2020
"289","00-0027956",120,0.00599704828722102,0.0216983037812535,0.000545186207929184,"Corey Liuget","HOU","DL",2020
"290","00-0033556",993,0.00599685327573982,0.0225644411166524,0.000545168479612711,"Tarik Cohen","CHI","RB",2020
"291","00-0034810",1452,0.00598313623274451,0.0209894230605969,0.000543921475704047,"Sebastian Joseph","LA","DL",2020
"292","00-0033280",904,0.00597433413650851,0.0216040275246051,0.000543121285137137,"Christian McCaffrey","CAR","RB",2020
"293","00-0031583",527,0.00595157154281176,0.0211293754916017,0.000541051958437432,"Grady Jarrett","ATL","DL",2020
"294","00-0030076",285,0.00595073010394251,0.0212981290417394,0.000540975463994774,"J.C. Tretter","CLE","OL",2020
"295","00-0031040",395,0.00592376838850539,0.0210464027007835,0.000538524398955036,"Khalil Mack","CHI","LB",2020
"296","00-0033912",1111,0.00589847008912972,0.0220792750752806,0.000536224553557248,"Jordan Willis","SF","DL",2020
"297","00-0035630",1767,0.0058764069126712,0.0206331397733237,0.000534218810242836,"Chris Lindstrom","ATL","OL",2020
"298","00-0032228",642,0.00586841619796445,0.021250169681695,0.000533492381633132,"Joe Cardona","NE","LS",2020
"299","00-0033874",1078,0.00585494793052699,0.0218250667312518,0.000532267993684272,"Marshon Lattimore","NO","DB",2020
"300","00-0032415",694,0.00585023060139951,0.0208000640681594,0.000531839145581774,"Matt Judon","BAL","LB",2020
"301","00-0034815",1453,0.0058459081295065,0.0209023173358623,0.0005314461935915,"Fred Warner","SF","LB",2020
"302","00-0031947",577,0.00584291345581619,0.0217133705202165,0.000531173950528745,"Tyeler Davison","ATL","DL",2020
"303","00-0034011",1151,0.0058413109855723,0.0213666338684777,0.000531028271415664,"Dan Arnold","ARI","TE",2020
"304","00-0035507",1723,0.00583977030742188,0.0218104648247969,0.000530888209765625,"Kyle Phillips","NYJ","DL",2020
"305","00-0034778",1429,0.00581919680043355,0.0203269604259378,0.000529017890948504,"Carlton Davis","TB","DB",2020
"306","00-0034502",1343,0.0058184772014598,0.0216886169221361,0.000528952472859982,"Grant Haley","NO","DB",2020
"307","00-0031325",458,0.00581709411750376,0.0205850191826213,0.000528826737954887,"Sammy Watkins","KC","WR",2020
"308","00-0034309",1232,0.00578898609145208,0.0219663552665938,0.00052627146285928,"Chad Beebe","MIN","WR",2020
"309","00-0029293",202,0.00578481171850678,0.0223595792579644,0.000525891974409707,"Marvin Jones","DET","WR",2020
"310","00-0029562",217,0.00578118116519033,0.0213674482473043,0.000525561924108212,"Lavonte David","TB","LB",2020
"311","00-0035235",1606,0.00577978212034088,0.0206957414731173,0.000525434738212807,"Kaleb McGary","ATL","OL",2020
"312","00-0033790",1055,0.00574656125429626,0.0218776263847259,0.000522414659481479,"Jordan Evans","CIN","LB",2020
"313","00-0030471",332,0.00573097511336941,0.0218208765818346,0.000520997737579038,"Shawn Williams","CIN","DB",2020
"314","00-0033109",868,0.00572190276112173,0.0205028468837703,0.000520172978283794,"Javon Hargrave","PHI","DL",2020
"315","00-0034639",1373,0.00571646585914071,0.0216017892934556,0.000519678714467337,"Mike Ford","DET","DB",2020
"316","00-0032671",748,0.005704207104137,0.0205817513094993,0.000518564282194272,"Morgan Fox","LA","DL",2020
"317","00-0034773",1426,0.00570199344116307,0.0216594338318201,0.000518363040105734,"Vita Vea","TB","DL",2020
"318","00-0035537",1740,0.00570125648189278,0.022114532571869,0.000518296043808435,"Ty Johnson","NYJ","RB",2020
"319","00-0032071",599,0.00569451890575909,0.0209258916354083,0.00051768353688719,"Trenton Brown","LV","OL",2020
"320","00-0033292",912,0.00568744760011781,0.0216690200668791,0.000517040690919801,"Trent Taylor","SF","WR",2020
"321","00-0034967",1507,0.00566512421865104,0.0216682180643648,0.00051501129260464,"Rashan Gary","GB","LB",2020
"322","00-0033786",1052,0.0056651177264088,0.0218542459373756,0.0005150107024008,"Ryan Glasgow","NO","DL",2020
"323","00-0036400",2158,0.00565065426023935,0.0205646728109677,0.000513695841839941,"Cam Brown","NYG","LB",2020
"324","00-0033107",867,0.00564536140955714,0.0207648687008128,0.000513214673596104,"William Jackson","CIN","DB",2020
"325","00-0034277",1221,0.00562839357147313,0.0203735857498234,0.000511672142861193,"DeShon Elliott","BAL","DB",2020
"326","00-0036086",1937,0.00560306460677615,0.0218817846666756,0.000509369509706922,"Rashod Berry","NE","TE",2020
"327","00-0032386",674,0.00559761845238317,0.0219439577010398,0.000508874404762106,"Kamalei Correa","JAX","LB",2020
"328","00-0031587",530,0.00557429007432944,0.0207855152523386,0.000506753643120858,"Bobby McCain","MIA","DB",2020
"329","00-0031554",514,0.00554783375891612,0.0207737296162617,0.000504348523537829,"Eric Kendricks","MIN","LB",2020
"330","00-0027960",122,0.00550630092501251,0.0214206465797917,0.000500572811364774,"Anthony Castonzo","IND","OL",2020
"331","00-0027939",110,0.0055049823680827,0.0211961047048229,0.000500452942552972,"Cam Newton","NE","QB",2020
"332","00-0032382",670,0.00550191947145055,0.0205169665700621,0.000500174497404596,"Keanu Neal","ATL","DB",2020
"333","00-0035289",1649,0.00548138570917216,0.0215129166657826,0.000498307791742924,"Gardner Minshew","JAX","QB",2020
"334","00-0031071",405,0.00547414197059336,0.0226874389621389,0.000497649270053942,"Caraun Reid","JAX","DL",2020
"335","00-0034983",1521,0.00546429681246401,0.0211519179052571,0.000496754255678546,"Hunter Renfrow","LV","WR",2020
"336","00-0029263",197,0.00545766850734289,0.0211799320586659,0.000496151682485717,"Russell Wilson","SEA","QB",2020
"337","00-0033995",1149,0.00545564071069728,0.0217132334329609,0.000495967337336117,"Michael Dunn","CLE","OL",2020
"338","00-0032781",773,0.0054526478806762,0.0226609667562203,0.000495695261879654,"Matt Ioannidis","WAS","DL",2020
"339","00-0030997",388,0.00545129744001268,0.0210982308801307,0.000495572494546607,"Zach Fulton","HOU","OL",2020
"340","00-0032165",626,0.00543761793193021,0.0216866285845112,0.000494328902902747,"Marcus Peters","BAL","DB",2020
"341","00-0033466",957,0.00543497571545982,0.0213030426953833,0.000494088701405438,"Isaiah McKenzie","BUF","WR",2020
"342","00-0032969",821,0.00538271707276853,0.0214601648408631,0.00048933791570623,"Nick Martin","HOU","OL",2020
"343","00-0034111",1163,0.00536211138235254,0.0232133958395756,0.000487464671122958,"Trey Marshall","DEN","DB",2020
"344","00-0034397",1298,0.00535633844438369,0.0209422750765764,0.000486939858580336,"Tim Settle","WAS","DL",2020
"345","00-0025580",34,0.00535474092916725,0.0225193496926223,0.000486794629924295,"Mason Crosby","GB","K",2020
"346","00-0033905",1104,0.00535225258997269,0.0204729133321106,0.000486568417270244,"Larry Ogunjobi","CLE","DL",2020
"347","00-0036106",1943,0.00533355005133514,0.0230028685889418,0.000484868186485013,"Parnell Motley","DEN","DB",2020
"348","00-0036418",2174,0.00532950811256742,0.020665145337529,0.000484500737506129,"Zack Baun","NO","LB",2020
"349","00-0029546",215,0.00531158239200123,0.0209025062652962,0.000482871126545566,"Senio Kelemete","HOU","OL",2020
"350","00-0034753",1412,0.00525320074777693,0.020257631434515,0.000477563704343357,"Mark Andrews","BAL","TE",2020
"351","00-0030694",370,0.00523964608452796,0.0208430640424321,0.000476331462229814,"James Hurst","NO","OL",2020
"352","00-0033258",899,0.00522972093094678,0.0205201321210338,0.000475429175540616,"Darrell Daniels","ARI","TE",2020
"353","00-0033913",1112,0.00519014330768421,0.0223415876832481,0.000471831209789474,"Chris Wormley","PIT","DL",2020
"354","00-0027965",125,0.00518103294938444,0.0214157566746733,0.000471002995398586,"Jimmy Smith","BAL","DB",2020
"355","00-0031621",539,0.00517817731699167,0.022584181477318,0.000470743392453788,"Jake Rodgers","BAL","OL",2020
"356","00-0031273",447,0.00517711435446875,0.0210687412680455,0.000470646759497159,"Cameron Brate","TB","TE",2020
"357","00-0030463",329,0.00517617542735441,0.0204059459101875,0.000470561402486764,"A.J. Klein","BUF","LB",2020
"358","00-0029137",184,0.00514214683194788,0.0208877370783526,0.000467467893813443,"Alshon Jeffery","PHI","WR",2020
"359","00-0032132",612,0.00513534574700699,0.0230207372016512,0.000466849613364272,"Max Garcia","ARI","OL",2020
"360","00-0036366",2128,0.00512401120197242,0.0226784100738398,0.000465819200179311,"Neville Gallimore","DAL","DL",2020
"361","00-0032943",810,0.00511786430359874,0.0223620289716147,0.00046526039123625,"Riley Dixon","NYG","P",2020
"362","00-0028092",145,0.00511240728626077,0.0207861596758934,0.000464764298750979,"Richard Sherman","SF","DB",2020
"363","00-0031935",573,0.00507257815679034,0.0222590362080159,0.000461143468799121,"Preston Smith","GB","LB",2020
"364","00-0030085",287,0.00506168690962784,0.0213983550295024,0.000460153355420713,"Kenny Stills","BUF","WR",2020
"365","00-0034829",1461,0.00505871056412308,0.0204194113611941,0.000459882778556644,"Mike Gesicki","MIA","TE",2020
"366","00-0033955",1141,0.0050497600277475,0.0215726121602203,0.000459069093431591,"Jeremy McNichols","TEN","RB",2020
"367","00-0033549",988,0.00504920001692824,0.0200877451249964,0.000459018183357112,"Duke Riley","PHI","LB",2020
"368","00-0029141",185,0.00502059434876609,0.0225112482463902,0.000456417668069644,"Alfred Morris","NYG","RB",2020
"369","00-0033858",1067,0.00501115617838535,0.0210373433936385,0.000455559652580486,"Jonnu Smith","TEN","TE",2020
"370","00-0032871",792,0.00499120127283068,0.0216489678792749,0.000453745570257334,"Antwaun Woods","DAL","DL",2020
"371","00-0033906",1105,0.00498020602940352,0.0209326666981601,0.000452746002673047,"Alvin Kamara","NO","RB",2020
"372","00-0033048",840,0.00494731188585629,0.0215619000655878,0.000449755625986936,"Kavon Frazier","MIA","DB",2020
"373","00-0033702",1032,0.00492944842415105,0.0222665709076239,0.000448131674922822,"Younghoe Koo","ATL","K",2020
"374","00-0027857",94,0.00492718749475441,0.0213053760433279,0.000447926135886765,"Trent Williams","SF","OL",2020
"375","00-0033293",913,0.00490523288085113,0.0222805990239557,0.000445930261895558,"Aaron Jones","GB","RB",2020
"376","00-0031402",489,0.00486659405562274,0.0214121533968083,0.000442417641420249,"Zack Martin","DAL","OL",2020
"377","00-0034577",1359,0.00484568328687402,0.0219295786762024,0.000440516662443093,"Kyle Allen","WAS","QB",2020
"378","00-0034681",1390,0.00483355080809724,0.0209106668381205,0.000439413709827022,"Chase Edmonds","ARI","RB",2020
"379","00-0032892",800,0.00483161149047708,0.0213373237786109,0.000439237408225189,"Nick Vigil","LAC","LB",2020
"380","00-0031547",509,0.00481569526493081,0.0220374562071574,0.000437790478630074,"DeVante Parker","MIA","WR",2020
"381","00-0033863",1071,0.00477414764463094,0.0227751753486658,0.000434013422239176,"Dan Skipper","DET","OL",2020
"382","00-0033452",951,0.00476753650927305,0.0231915518788329,0.000433412409933913,"Austin Calitro","DEN","LB",2020
"383","00-0031041",396,0.00476639243638948,0.0210186755815807,0.000433308403308134,"Kyle Fuller","CHI","DB",2020
"384","00-0033659",1026,0.00475435403819423,0.0220544436983526,0.000432214003472203,"Joseph Jones","DEN","LB",2020
"385","00-0034112",1164,0.00474727743875568,0.0204105078216751,0.000431570676250516,"Austin Schlottmann","DEN","OL",2020
"386","00-0035521",1728,0.00474276266192192,0.021801474471528,0.000431160241992901,"Derick Roberson","TEN","LB",2020
"387","00-0035763",1844,0.00473105203355661,0.0221347971794608,0.000430095639414237,"Malcolm Roach","NO","DL",2020
"388","00-0034990",1526,0.00472675361665166,0.0216181603478994,0.00042970487424106,"Ka'dar Hollman","GB","DB",2020
"389","00-0032688",750,0.0046779887105504,0.0204596165996565,0.000425271700959127,"Robby Anderson","CAR","WR",2020
"390","00-0036101",1942,0.0046755351302348,0.0218876582388238,0.000425048648203164,"Luq Barcoo","JAX","DB",2020
"391","00-0034874",1485,0.00466754789582987,0.0216237005911687,0.000424322535984533,"Roquan Smith","CHI","LB",2020
"392","00-0027944",113,0.00464973410041156,0.0213831660171418,0.000422703100037415,"Julio Jones","ATL","WR",2020
"393","00-0030957",385,0.00464626127805108,0.0221682112385926,0.000422387388913735,"Casey Kreiter","NYG","LS",2020
"394","00-0033387",937,0.00464566475847725,0.0217837051580203,0.000422333159861568,"Jacob Hollister","SEA","TE",2020
"395","00-0034948",1497,0.00464287371859523,0.0218969427208759,0.000422079428963203,"Alijah Holder","DEN","DB",2020
"396","00-0033221",894,0.00463332693490379,0.0214381206212142,0.000421211539536708,"Daniel Brunskill","SF","OL",2020
"397","00-0030515",342,0.00463308013723454,0.0231253686134144,0.000421189103384958,"Stacy McGee","ARI","DL",2020
"398","00-0031279",448,0.00462880680941816,0.0214280863679428,0.000420800619038015,"Jake Matthews","ATL","OL",2020
"399","00-0033936",1128,0.00462533905385917,0.0219602970023809,0.000420485368532652,"C.J. Beathard","SF","QB",2020
"400","00-0034978",1517,0.00460288816534252,0.0208105930713396,0.000418444378667502,"Ben Powers","BAL","OL",2020
"401","00-0031054",401,0.00459378018310535,0.0210570204478923,0.000417616380282305,"DaQuan Jones","TEN","DL",2020
"402","00-0036159",1965,0.00458635766370774,0.0222713364688059,0.000416941605791613,"Josh Uche","NE","LB",2020
"403","00-0032265",658,0.00458157113813977,0.0208965554033857,0.000416506467103615,"Mario Edwards","CHI","DL",2020
"404","00-0034603",1367,0.004570466714953,0.022394070871389,0.000415496974086636,"Kevin Toliver","DEN","DB",2020
"405","00-0035594",1754,0.00456997519761658,0.0220646257599265,0.000415452290692417,"Travis Homer","SEA","RB",2020
"406","00-0034838",1470,0.00456440796605173,0.0215611760237188,0.000414946178731976,"Royce Freeman","DEN","RB",2020
"407","00-0036389",2147,0.00456142661119875,0.0211725773082113,0.000414675146472613,"Jalen Hurts","PHI","QB",2020
"408","00-0027865",98,0.00454550529761152,0.0206558359231338,0.00041322775432832,"Brandon Graham","PHI","DL",2020
"409","00-0035831",1858,0.004537633189228,0.0208686831604455,0.000412512108111636,"James Robinson","JAX","RB",2020
"410","00-0031632",543,0.00453425880328788,0.0212032148153735,0.000412205345753444,"Denzelle Good","LV","OL",2020
"411","00-0031800",558,0.00452508840342144,0.0213141138458187,0.000411371673038312,"Taylor Heinicke","WAS","QB",2020
"412","00-0030850",381,0.00445701424646144,0.0219288482805486,0.000405183113314677,"Cody Parkey","CLE","K",2020
"413","00-0036325",2091,0.00444495410738954,0.0203460918227692,0.000404086737035413,"Robert Hunt","MIA","OL",2020
"414","00-0034104",1161,0.00444269412705495,0.0207096565954437,0.000403881284277723,"Cam Sims","WAS","WR",2020
"415","00-0034396",1297,0.00444061031696056,0.020872183320993,0.000403691846996414,"Jermaine Carter","CAR","LB",2020
"416","00-0034207",1198,0.00443038766018556,0.0223197823925111,0.000402762514562324,"Jeff Badet","WAS","WR",2020
"417","00-0030402",317,0.00442813916891075,0.0216562208903806,0.000402558106264613,"Akeem Spence","NE","DL",2020
"418","00-0029738",252,0.00441400167008293,0.0215847801661499,0.000401272879098448,"Darren Fells","HOU","TE",2020
"419","00-0036265",2036,0.00441094461175471,0.02197613417824,0.000400994964704974,"A.J. Dillon","GB","RB",2020
"420","00-0034281",1225,0.0044024258805607,0.0209614026998481,0.000400220534596427,"Bradley Bozeman","BAL","OL",2020
"421","00-0030196",303,0.00440129540249774,0.0207654324177334,0.000400117763863431,"Jeff Heath","LV","DB",2020
"422","00-0033744",1040,0.00436014881302115,0.0219408482752345,0.000396377164820105,"Chad Wheeler","SEA","OL",2020
"423","00-0029119",182,0.00434114479543072,0.0224200281977077,0.000394649526857338,"Derek Carrier","LV","TE",2020
"424","00-0034752",1411,0.00433754985212887,0.0208822280841549,0.000394322713829897,"Orlando Brown","BAL","OL",2020
"425","00-0031105",410,0.00432616443779276,0.0215659797455538,0.000393287676162978,"Zach Kerr","CAR","DL",2020
"426","00-0032774",769,0.00431454978699863,0.021437626929653,0.000392231798818057,"Deon Bush","CHI","DB",2020
"427","00-0031142",417,0.004314380025282,0.020852266204631,0.000392216365934728,"Matt Feiler","PIT","OL",2020
"428","00-0033303",920,0.00429781503532433,0.021402643841215,0.000390710457756757,"Harrison Butker","KC","K",2020
"429","00-0035216",1593,0.00429559966054934,0.0203714692413935,0.00039050906004994,"Diontae Johnson","PIT","WR",2020
"430","00-0028008",136,0.00427402922192051,0.020999657041072,0.000388548111083683,"Justin Houston","IND","DL",2020
"431","00-0033883",1086,0.0042725845698849,0.0207031719793347,0.000388416779080445,"Jabrill Peppers","NYG","DB",2020
"432","00-0032162",624,0.00427201662026761,0.0223804285705525,0.000388365147297056,"T.Y. McGill","PHI","DL",2020
"433","00-0027778",90,0.00426485856429404,0.0213492242927865,0.000387714414935822,"Sam Young","LV","OL",2020
"434","00-0029889",259,0.00425972242439396,0.0210126147097549,0.000387247493126724,"Patrick Omameh","KC","OL",2020
"435","00-0031933",572,0.00424279225561504,0.0208480182225478,0.000385708386874095,"Leonard Williams","NYG","DL",2020
"436","00-0034096",1160,0.00423927610245354,0.0212632752906473,0.000385388736586686,"Emmanuel Moseley","SF","DB",2020
"437","00-0031254",438,0.00423518066519671,0.0207441661809892,0.000385016424108792,"Denico Autry","IND","DL",2020
"438","00-0034140",1173,0.00421413721563138,0.0215148559057734,0.000383103383239216,"Matt Gono","ATL","OL",2020
"439","00-0027867",99,0.00418356963479409,0.0212990428070933,0.000380324512254008,"Jason Pierre-Paul","TB","DL",2020
"440","00-0029259",195,0.00416300683304011,0.0215954725403073,0.00037845516664001,"Kelechi Osemele","KC","OL",2020
"441","00-0032391",678,0.00412081555553923,0.0206696282917312,0.000374619595958112,"Joe Thuney","NE","OL",2020
"442","00-0033367",931,0.0041134732548688,0.0210157259958534,0.000373952114078982,"C.J. Board","NYG","WR",2020
"443","00-0035215",1592,0.0041087056450561,0.0201615771723951,0.0003735186950051,"Deonte Harris","NO","WR",2020
"444","00-0034837",1469,0.00410795962929306,0.0215017951005514,0.000373450875390278,"Calvin Ridley","ATL","WR",2020
"445","00-0023252",12,0.00408223184122973,0.0235826602393898,0.000371111985566339,"Robbie Gould","SF","K",2020
"446","00-0033578",1007,0.00407272347074924,0.0211089743118478,0.000370247588249931,"Sam Tevi","LAC","OL",2020
"447","00-0031357",470,0.0040714706173039,0.0208586261824996,0.000370133692482173,"C.J. Goodwin","DAL","DB",2020
"448","00-0031898",566,0.00406627388435585,0.021966735584267,0.000369661262214169,"Alex Singleton","PHI","LB",2020
"449","00-0033839",1062,0.00406139890484657,0.0221833252676134,0.000369218082258779,"Dede Westbrook","JAX","WR",2020
"450","00-0031270",446,0.00405635404520606,0.0208863768819799,0.000368759458655096,"Shelby Harris","DEN","DL",2020
"451","00-0033455",952,0.00404688495112035,0.0215518050391185,0.000367898631920032,"Anthony Firkser","TEN","TE",2020
"452","00-0033288",909,0.00404164599353226,0.0208496738948885,0.000367422363048387,"George Kittle","SF","TE",2020
"453","00-0035280",1641,0.00403705208651819,0.0220302014817595,0.000367004735138017,"Jake Bailey","NE","P",2020
"454","00-0031619",538,0.00403199217741074,0.0209762763663151,0.000366544743400976,"Christian Covington","CIN","DL",2020
"455","00-0033875",1079,0.00402861615035622,0.0209612151074294,0.000366237831850565,"Haason Reddick","ARI","LB",2020
"456","00-0031280",449,0.00402422723858699,0.0216098826797108,0.000365838839871545,"Derek Carr","LV","QB",2020
"457","00-0033469",959,0.00401346302768195,0.0210860594626168,0.000364860275243813,"Vincent Taylor","CLE","DL",2020
"458","00-0035457",1719,0.00397326820639772,0.0213873116714247,0.000361206200581611,"Tyron Johnson","LAC","WR",2020
"459","00-0036292",2060,0.00396526349716501,0.0217132092563473,0.000360478499742273,"Jaylon Johnson","CHI","DB",2020
"460","00-0030946",384,0.00394423943037671,0.020559381400618,0.000358567220943337,"Kerry Hyder","SF","DL",2020
"461","00-0033884",1087,0.00392522793438316,0.0199548672120115,0.000356838903125742,"Tre'Davious White","BUF","DB",2020
"462","00-0036358",2120,0.00390379177762097,0.0205913622800226,0.000354890161601907,"CeeDee Lamb","DAL","WR",2020
"463","00-0030459",328,0.0038937647918919,0.021435643547494,0.000353978617444718,"Tyrann Mathieu","KC","DB",2020
"464","00-0036380",2140,0.00387430348128855,0.0212370638276072,0.000352209407389869,"Alohi Gilman","LAC","DB",2020
"465","00-0031997",584,0.00387422830483265,0.0225435741150837,0.000352202573166605,"David Irving","LV","DL",2020
"466","00-0035528",1732,0.00386992900042492,0.0214750381111976,0.000351811727311357,"Jachai Polite","LA","LB",2020
"467","00-0023448",15,0.00386807133519539,0.0227474499528907,0.000351642848654126,"Thomas Davis","WAS","LB",2020
"468","00-0035663",1792,0.00385538195976756,0.0213605430497515,0.000350489269069778,"Taylor Rapp","LA","DB",2020
"469","00-0034981",1519,0.00384865442012718,0.02082376328857,0.000349877674557016,"Foster Moreau","LV","TE",2020
"470","00-0033568",1000,0.00384569941795211,0.0221531010467418,0.000349609037995647,"Nate Hairston","DEN","DB",2020
"471","00-0033785",1051,0.00383398806835069,0.0207825096297943,0.000348544369850062,"Zach Banner","PIT","OL",2020
"472","00-0023516",19,0.00382024203082968,0.0233528746624253,0.000347294730075425,"Richie Incognito","LV","OL",2020
"473","00-0029253",193,0.00381269363956522,0.0213288622622923,0.000346608512687747,"Mitchell Schwartz","KC","OL",2020
"474","00-0035269",1632,0.00380321001527296,0.0231809659203436,0.000345746365024814,"Matt Gay","LA","K",2020
"475","00-0036223",2000,0.00379245837430406,0.0210843571109588,0.000344768943118551,"Jonathan Taylor","IND","RB",2020
"476","00-0027855",93,0.00378587912514452,0.0214104123629007,0.000344170829558592,"Ndamukong Suh","TB","DL",2020
"477","00-0036235",2011,0.00377063182566753,0.0215070835462996,0.000342784711424321,"Shaquille Quarterman","JAX","LB",2020
"478","00-0031870",564,0.0037522427056128,0.0213259395546823,0.000341112973237527,"Dean Marlowe","BUF","DB",2020
"479","00-0031128",414,0.00374550853076333,0.0217699743097453,0.000340500775523939,"Ryan Groy","LAC","OL",2020
"480","00-0034264",1212,0.00373394982910875,0.0209228879819583,0.000339449984464432,"Jalyn Holmes","MIN","DL",2020
"481","00-0035862",1871,0.00373222568211369,0.021588108923737,0.000339293243828517,"Essang Bassey","DEN","DB",2020
"482","00-0035250",1620,0.00372938484241845,0.0203628876641274,0.000339034985674405,"Devin Singletary","BUF","RB",2020
"483","00-0035319",1667,0.00370461678027939,0.0223644905621698,0.000336783343661763,"Jordan Brailford","MIN","LB",2020
"484","00-0035294",1654,0.00369033182541127,0.0217970429327576,0.000335484711401025,"Blessuan Austin","NYJ","DB",2020
"485","00-0036324",2090,0.00368542583139099,0.0213698146144211,0.000335038711944636,"Jeff Gladney","MIN","DB",2020
"486","00-0035140",1565,0.00367242554307081,0.0211788936706977,0.000333856867551892,"Mecole Hardman","KC","WR",2020
"487","00-0034465",1333,0.00367101461979703,0.0205917714135993,0.00033372860179973,"Jeremy Reaves","WAS","DB",2020
"488","00-0034154",1177,0.00367065782870345,0.0202680375766875,0.000333696166245769,"Jacob Tuioti-Mariner","ATL","DL",2020
"489","00-0034345",1249,0.00362940578533546,0.0214246660284715,0.000329945980485042,"Frank Ragnow","DET","OL",2020
"490","00-0026950",57,0.00361209606826733,0.0220021984346878,0.000328372369842484,"A.Q. Shipley","TB","OL",2020
"491","00-0036069",1930,0.00359726589441966,0.0218623562968785,0.000327024172219969,"Scottie Phillips","HOU","RB",2020
"492","00-0031597",534,0.00357558230853491,0.0219985539176066,0.000325052937139537,"Tye Smith","TEN","DB",2020
"493","00-0034794",1440,0.00357210933803689,0.0217791121966705,0.000324737212548809,"Jason Sanders","MIA","K",2020
"494","00-0032967",819,0.00356839478903712,0.0207286975111527,0.000324399526276101,"Vernon Butler","BUF","DL",2020
"495","00-0032577",733,0.00356419000350964,0.0217941893215759,0.000324017273046331,"D.J. Foster","ARI","RB",2020
"496","00-0035137",1563,0.00356270424866965,0.0215773355664905,0.000323882204424514,"Terrell Bonds","BAL","DB",2020
"497","00-0022921",9,0.00355328918939955,0.0216245817534557,0.000323026289945414,"Larry Fitzgerald","ARI","WR",2020
"498","00-0036246",2021,0.00354991188649868,0.0211376846687813,0.00032271926240897,"Jon Runyan","GB","OL",2020
"499","00-0031852",562,0.00354849213468112,0.0221457631498037,0.00032259019406192,"David Andrews","NE","OL",2020
"500","00-0027947",115,0.00354822394920092,0.022284040992053,0.00032256581356372,"Tyron Smith","DAL","OL",2020
"501","00-0027902",108,0.00354751889904658,0.0213567573334439,0.000322501718095144,"Dez Bryant","BAL","WR",2020
"502","00-0036346",2112,0.00354383203624225,0.0221786174930547,0.000322166548749295,"Antoine Brooks","PIT","DB",2020
"503","00-0034687",1395,0.00353788648218354,0.0226010669414388,0.000321626043834867,"Korey Cunningham","NE","OL",2020
"504","00-0034573",1358,0.00352273971684214,0.0209221549796483,0.000320249065167467,"Charvarius Ward","KC","DB",2020
"505","00-0027859",95,0.00351882421104201,0.0208047433722565,0.000319893110094729,"Russell Okung","CAR","OL",2020
"506","00-0036408",2165,0.00351794140415251,0.0215523519167203,0.000319812854922955,"Cesar Ruiz","NO","OL",2020
"507","00-0032787",778,0.00351221348652588,0.0206225196542372,0.000319292135138716,"Cole Toner","LAC","OL",2020
"508","00-0033658",1025,0.00349494279120949,0.0231264119019228,0.000317722071928135,"Blake Jarwin","DAL","TE",2020
"509","00-0033381",934,0.00349166754946015,0.021394610691666,0.000317424322678195,"Adam Butler","NE","DL",2020
"510","00-0032770",766,0.00348446907483929,0.0223156324923449,0.000316769915894481,"Tavon Young","BAL","DB",2020
"511","00-0031576",524,0.00347968387974811,0.0203485123866582,0.000316334898158919,"Za'Darius Smith","GB","LB",2020
"512","00-0034366",1269,0.00345473174275264,0.0215390504906742,0.000314066522068422,"Keke Coutee","HOU","WR",2020
"513","00-0033083",857,0.00345253567555241,0.0208093956735988,0.000313866879595673,"Darian Thompson","DAL","DB",2020
"514","00-0035700",1824,0.00343006897854191,0.0210928441383873,0.000311824452594719,"Josh Jacobs","LV","RB",2020
"515","00-0032497",718,0.00342986131022241,0.0222056734766416,0.000311805573656583,"Reid Ferguson","BUF","LS",2020
"516","00-0036401",2159,0.00342881412692712,0.0208043019976898,0.000311710375175193,"Shaun Bradley","PHI","LB",2020
"517","00-0034846",1475,0.00341473023396995,0.0205051958826702,0.000310430021269996,"Darius Leonard","IND","LB",2020
"518","00-0033890",1092,0.00340428248741906,0.0205079080317394,0.000309480226129005,"Budda Baker","ARI","DB",2020
"519","00-0035386",1694,0.00339080917456349,0.0202786024936778,0.000308255379505772,"T.J. Edwards","PHI","LB",2020
"520","00-0033908",1107,0.00337326716049517,0.0206347938381996,0.000306660650954107,"Cooper Kupp","LA","WR",2020
"521","00-0036266",2037,0.00336446012699368,0.0218842797894115,0.00030586001154488,"Jordan Elliott","CLE","DL",2020
"522","00-0034301",1230,0.00336069760540273,0.0213608258119173,0.00030551796412752,"Darrel Williams","KC","RB",2020
"523","00-0035835",1861,0.00334972031487691,0.0215933672093254,0.000304520028625174,"Nathan Cottrell","JAX","RB",2020
"524","00-0035418",1710,0.00334021112386773,0.0214818842051879,0.000303655556715248,"Brandon Knight","DAL","OL",2020
"525","00-0034731",1403,0.00333606608045315,0.0221602333457122,0.00030327873458665,"Reginald McKenzie","CIN","DL",2020
"526","00-0032233",643,0.00333406671540755,0.022048998509348,0.000303096974127959,"Cedric Ogbuehi","SEA","OL",2020
"527","00-0034278",1222,0.00332705894179638,0.0214851659434464,0.000302459903799671,"Tremon Smith","IND","DB",2020
"528","00-0033541",981,0.00332546497521087,0.0219983362611288,0.000302314997746443,"Taco Charlton","KC","DL",2020
"529","00-0030434",322,0.00332538088342729,0.0214987762547364,0.000302307353038844,"Vince Williams","PIT","LB",2020
"530","00-0031561",520,0.00330256790402002,0.0219409024280028,0.000300233445820002,"Hroniss Grasu","SF","OL",2020
"531","00-0034674",1384,0.00329176063316954,0.0219913151659452,0.000299250966651776,"Leighton Vander Esch","DAL","LB",2020
"532","00-0035665",1794,0.0032752512481365,0.0209658621809274,0.000297750113466954,"David Long","LA","DB",2020
"533","00-0027882",105,0.00327102614982193,0.0212985587642133,0.000297366013620175,"Patrick Robinson","NO","DB",2020
"534","00-0032209",635,0.00326432123593732,0.0212705462193375,0.000296756475994301,"T.J. Yeldon","BUF","RB",2020
"535","00-0034333",1241,0.00326192665027131,0.0201853839024663,0.000296538786388301,"Daron Payne","WAS","DL",2020
"536","00-0034824",1457,0.00325843106206425,0.0216399740764832,0.000296221005642205,"Martinas Rankin","KC","OL",2020
"537","00-0034787",1435,0.00323528707627117,0.0211053231672738,0.000294117006933743,"Chris Board","BAL","LB",2020
"538","00-0033421",945,0.00322802262318116,0.0222308394455228,0.000293456602107378,"Antony Auclair","TB","TE",2020
"539","00-0034791",1438,0.00321925544685948,0.0223213179156395,0.000292659586078135,"Nick Chubb","CLE","RB",2020
"540","00-0031387",485,0.00321336016998874,0.0213719133577762,0.000292123651817158,"Eric Ebron","PIT","TE",2020
"541","00-0031765",551,0.00321207115848537,0.0208863114732352,0.000292006468953216,"Nick Easton","NO","OL",2020
"542","00-0033110",869,0.00320604842766383,0.0210214694166134,0.000291458947969439,"Tyler Higbee","LA","TE",2020
"543","00-0035822",1854,0.00319045323229787,0.021070982026077,0.00029004120293617,"Doug Costin","JAX","DL",2020
"544","00-0033554",991,0.00318591331227217,0.0229204223494479,0.000289628482933834,"Tedric Thompson","CLE","DB",2020
"545","00-0033382",935,0.00317979155198361,0.0224826331110502,0.000289071959271237,"Austin Carr","NO","WR",2020
"546","00-0035672",1801,0.00317579410484829,0.0217420267589346,0.000288708554986208,"Cody Barton","SEA","LB",2020
"547","00-0030278",308,0.00317266674787069,0.0225258946163497,0.000288424249806427,"Manti Te'o","CHI","LB",2020
"548","00-0033788",1054,0.00317169276574596,0.0212337130350214,0.000288335705976906,"Will Holden","IND","OL",2020
"549","00-0034540",1354,0.00317122732753848,0.0209710980443197,0.000288293393412589,"Tony Brown","CIN","DB",2020
"550","00-0032383",671,0.00316594643658684,0.0217733208188325,0.000287813312416985,"Ryan Kelly","IND","OL",2020
"551","00-0035927",1892,0.00316472184086243,0.0214140174258481,0.000287701985532948,"Breiden Fehoko","LAC","DL",2020
"552","00-0029747",253,0.00315124312753135,0.0221422529078561,0.000286476647957396,"Chris Banjo","ARI","DB",2020
"553","00-0033095",864,0.00314786834385502,0.0212881825834214,0.000286169849441366,"Garrett Griffin","NO","TE",2020
"554","00-0028180",155,0.00314139781738585,0.0202455074234535,0.00028558161976235,"Malcolm Smith","CLE","LB",2020
"555","00-0029709",250,0.0031334601028239,0.0215039214133542,0.000284860009347627,"Ty Nsekhe","BUF","OL",2020
"556","00-0036392",2150,0.00313034620686654,0.0219762189341406,0.000284576927896958,"Matt Peart","NYG","OL",2020
"557","00-0031442",499,0.00309470511108381,0.0213213073056535,0.000281336828280346,"Taylor Lewan","TEN","OL",2020
"558","00-0031893",565,0.00308401939533802,0.0214766762223954,0.000280365399576184,"Jesse Davis","MIA","OL",2020
"559","00-0033591",1013,0.0030798822167724,0.0227343038581485,0.000279989292433855,"Noah Brown","DAL","WR",2020
"560","00-0035112",1555,0.00307507996403203,0.0214542133826391,0.000279552724002912,"Patrick Mekari","BAL","OL",2020
"561","00-0033589",1012,0.00307242320724611,0.0208393683885337,0.000279311200658737,"David Moore","SEA","WR",2020
"562","00-0035300",1656,0.00306377018008015,0.0216740069646376,0.000278524561825468,"Dennis Daley","CAR","OL",2020
"563","00-0032234",644,0.00305844597715379,0.02073814488658,0.000278040543377617,"Laken Tomlinson","SF","OL",2020
"564","00-0034721",1397,0.00304555470007963,0.0217250888802633,0.000276868609098148,"Corey Bojorquez","BUF","P",2020
"565","00-0034377",1279,0.00304299655254278,0.0206060256697963,0.000276636050231162,"Avonte Maddox","PHI","DB",2020
"566","00-0031339",464,0.00304271288465788,0.0212305899758274,0.000276610262241626,"Donte Moncrief","NE","WR",2020
"567","00-0032261",656,0.00303597029991688,0.0212340413651753,0.000275997299992444,"Malcom Brown","NO","DL",2020
"568","00-0034759",1416,0.00302808976119064,0.0210455363277763,0.000275280887380967,"Kolton Miller","LV","OL",2020
"569","00-0036087",1938,0.00302627047077315,0.0217276744221279,0.000275115497343013,"Myles Bryant","NE","DB",2020
"570","00-0035683",1809,0.00301635800766084,0.021077527906035,0.000274214364332803,"Dexter Lawrence","NYG","DL",2020
"571","00-0035246",1617,0.00301565210614916,0.0219976558838395,0.000274150191468106,"J.J. Arcega-Whiteside","PHI","WR",2020
"572","00-0035384",1693,0.0030103649261662,0.0225021083990412,0.000273669538742382,"Iosua Opeta","PHI","OL",2020
"573","00-0030564",354,0.00300594727523401,0.0217131539997463,0.000273267934112182,"DeAndre Hopkins","ARI","WR",2020
"574","00-0036339",2105,0.00300092644165052,0.0207633304520714,0.000272811494695502,"Kevin Dotson","PIT","OL",2020
"575","00-0036084",1935,0.00299659333178156,0.0224983909658453,0.000272417575616505,"Madre Harper","NYG","DB",2020
"576","00-0026714",53,0.00295982861758702,0.0220363391605738,0.000269075328871547,"Nick Sundberg","WAS","LS",2020
"577","00-0032766",763,0.00294229958593733,0.0217993190339422,0.000267481780539757,"Jason Spriggs","CHI","OL",2020
"578","00-0032195",629,0.00294086491568769,0.0214455413564476,0.000267351355971608,"Ronald Darby","WAS","DB",2020
"579","00-0033046",838,0.00293738765231668,0.0218109956937169,0.000267035241119698,"Jihad Ward","BAL","DL",2020
"580","00-0033943",1131,0.00293369867335064,0.020945004077792,0.000266699879395512,"Josh Reynolds","LA","WR",2020
"581","00-0033462",955,0.002929218114278,0.0221609775685011,0.000266292555843455,"Cordrea Tankersley","MIN","DB",2020
"582","00-0034736",1404,0.00292297036002952,0.0213609885781958,0.000265724578184502,"Steven Parker","DAL","DB",2020
"583","00-0033222",895,0.00289209950986854,0.0222605438464796,0.000262918137260776,"Deante Burton","DAL","DB",2020
"584","00-0033784",1050,0.00288843361683177,0.0212015594494028,0.000262584874257434,"Eddie Jackson","CHI","DB",2020
"585","00-0034514",1347,0.00286219973112811,0.0203192853612671,0.000260199975557101,"Levi Wallace","BUF","DB",2020
"586","00-0030288",310,0.00285268365616513,0.0211905816736128,0.000259334877833193,"Rex Burkhead","NE","RB",2020
"587","00-0032268",659,0.00285090610322049,0.0217526942170119,0.000259173282110954,"Marcus Mariota","LV","QB",2020
"588","00-0034777",1428,0.00284689231193739,0.0197157128450551,0.000258808391994308,"D.J. Chark","JAX","WR",2020
"589","00-0036243",2018,0.00284560099224454,0.0210934307543623,0.000258690999294958,"Vernon Scott","GB","DB",2020
"590","00-0035210",1591,0.00283911112389346,0.022160029799003,0.000258101011263041,"Herb Miller","TB","DB",2020
"591","00-0035549",1744,0.00283480317103184,0.0227982316000016,0.000257709379184713,"Noah Dawkins","NYJ","LB",2020
"592","00-0033935",1127,0.00283008302217183,0.0199861392193433,0.000257280274742893,"Trey Hendrickson","NO","DL",2020
"593","00-0033393",939,0.00282864340238188,0.0210196667834201,0.000257149400216534,"Kenny Moore","IND","DB",2020
"594","00-0027743",88,0.00281548003361479,0.0218870267267835,0.000255952730328617,"Sherrick McManis","CHI","DB",2020
"595","00-0033122",877,0.00281544518927313,0.021676230147096,0.000255949562661194,"Shilique Calhoun","NE","LB",2020
"596","00-0036395",2153,0.00281369623840207,0.0214414224900762,0.000255790567127461,"K'Von Wallace","PHI","DB",2020
"597","00-0036283",2051,0.00280826724006454,0.0218369516780267,0.000255297021824049,"Kenny Robinson","CAR","DB",2020
"598","00-0032780",772,0.00277566722471624,0.0232625550560778,0.000252333384065112,"Jordan Howard","PHI","RB",2020
"599","00-0030456",327,0.00277263855004288,0.0209084641303971,0.000252058050003899,"Giovani Bernard","CIN","RB",2020
"600","00-0029632",234,0.00276740591172501,0.0214002559442028,0.000251582355611365,"Mohamed Sanu","DET","WR",2020
"601","00-0036314",2081,0.00274688418783311,0.0225775429299541,0.000249716744348465,"Markus Bailey","CIN","LB",2020
"602","00-0034439",1325,0.00274633760976211,0.0209809840924766,0.000249667055432919,"Ryan Izzo","NE","TE",2020
"603","00-0031559",519,0.00274617185353646,0.0215659349500011,0.000249651986685133,"Jordan Richards","BAL","DB",2020
"604","00-0035000",1533,0.00273683896297628,0.0220908858657676,0.000248803542088752,"Quinton Bell","TB","DL",2020
"605","00-0034413",1306,0.00273115482816867,0.0210068720068957,0.000248286802560789,"Foyesade Oluokun","ATL","LB",2020
"606","00-0033400",940,0.0027293144397554,0.0227098117038624,0.000248119494523219,"Matt Haack","MIA","P",2020
"607","00-0033281",905,0.00272109840316177,0.0211422089771326,0.000247372582105615,"Marlon Humphrey","BAL","DB",2020
"608","00-0028224",156,0.00271191467321656,0.0209660947374162,0.000246537697565142,"Chris Harris","LAC","DB",2020
"609","00-0036397",2155,0.00270975663765656,0.0221072972838814,0.000246341512514233,"Shane Lemieux","NYG","OL",2020
"610","00-0034659",1379,0.00269909507789671,0.0219122573153958,0.000245372279808791,"Sharif Finch","NYJ","LB",2020
"611","00-0035273",1635,0.00268863153404117,0.0220405886768011,0.000244421048549197,"Qadree Ollison","ATL","RB",2020
"612","00-0036252",2027,0.00267557179227316,0.0214356829985972,0.00024323379929756,"Michael Pittman","IND","WR",2020
"613","00-0030883",383,0.0026721184816388,0.0217263313206681,0.000242919861967164,"Josh Mauro","ARI","DL",2020
"614","00-0027674",80,0.00267185886731002,0.0213827348845547,0.000242896260664547,"Jared Veldheer","GB","OL",2020
"615","00-0033543",983,0.00266955588975068,0.0215853732891298,0.000242686899068244,"Sidney Jones","JAX","DB",2020
"616","00-0036261",2034,0.00264605516541925,0.0217257684718196,0.000240550469583568,"Brandon Aiyuk","SF","WR",2020
"617","00-0036439",2194,0.00263862611879674,0.0217622366829411,0.000239875101708795,"Tyrie Cleveland","DEN","WR",2020
"618","00-0035579",1748,0.00259078542073946,0.0228082873258565,0.000235525947339951,"Tuzar Skipper","TEN","LB",2020
"619","00-0035329",1673,0.00258879722278239,0.0211760589493798,0.000235345202071127,"Donald Parham","LAC","TE",2020
"620","00-0031779",552,0.00258564567187039,0.0228843951833894,0.000235058697442763,"B.J. Finney","CIN","OL",2020
"621","00-0029303",203,0.00257603962526479,0.022201455449664,0.000234185420478617,"Billy Winn","GB","DL",2020
"622","00-0025565",33,0.00256701482824395,0.0228019959497587,0.000233364984385813,"Nick Folk","NE","K",2020
"623","00-0035688",1814,0.00255776810984821,0.0212020747915097,0.000232524373622564,"Trey Pipkins","LAC","OL",2020
"624","00-0031411",493,0.00253225941325014,0.0207002941183329,0.000230205401204559,"Demarcus Lawrence","DAL","DL",2020
"625","00-0034490",1339,0.00252998759514611,0.0219968541301365,0.00022999887228601,"Ezekiel Turner","ARI","LB",2020
"626","00-0035355",1683,0.00252962234177591,0.0222613675038028,0.000229965667434173,"Blake Hance","CLE","OL",2020
"627","00-0036362",2124,0.00252458050119589,0.0200408561901944,0.000229507318290536,"Willie Gay","KC","LB",2020
"628","00-0029892",261,0.00251250684744959,0.0211364257597979,0.000228409713404508,"Kyle Juszczyk","SF","RB",2020
"629","00-0033551",989,0.00249788346201947,0.0211019376000025,0.000227080314729043,"Rasul Douglas","CAR","DB",2020
"630","00-0035378",1690,0.00248580303352738,0.0204619359861528,0.000225982093957034,"Andrew Wingard","JAX","DB",2020
"631","00-0030228",306,0.00246209617891633,0.0216477759970585,0.00022382692535603,"A.J. Bouye","DEN","DB",2020
"632","00-0034342",1247,0.00245061919064093,0.0214708632794635,0.000222783562785539,"Quenton Nelson","IND","OL",2020
"633","00-0034944",1496,0.0024401290361013,0.0217575420832572,0.000221829912372845,"Chase Hansen","NO","LB",2020
"634","00-0032762",759,0.00243080300249204,0.020296076033185,0.00022098209113564,"Chris Jones","KC","DL",2020
"635","00-0030092",290,0.00242410782231166,0.0224067601013093,0.000220373438391969,"Sam Martin","DEN","P",2020
"636","00-0035432",1714,0.0024206626767952,0.0214249064578985,0.000220060243345018,"Jason Moore","LAC","WR",2020
"637","00-0032445",708,0.00241555050010853,0.0215465298797694,0.000219595500009866,"Ted Karras","MIA","OL",2020
"638","00-0031492",502,0.00240565022114085,0.0220254446057895,0.000218695474649168,"Jason Myers","SEA","K",2020
"639","00-0035229",1601,0.00235345961876022,0.0202391162845483,0.000213950874432748,"T.J. Hockenson","DET","TE",2020
"640","00-0034980",1518,0.00235168858089183,0.0224759360214304,0.000213789870990166,"Isaiah Johnson","LV","DB",2020
"641","00-0034071",1154,0.00234349376245368,0.02070855652589,0.000213044887495789,"Danny Johnson","WAS","DB",2020
"642","00-0035407",1703,0.00234233410781859,0.022077476042438,0.000212939464347144,"Derrick Kelly","NO","OL",2020
"643","00-0035617",1761,0.0023354158765097,0.020091986329508,0.000212310534228155,"Troy Reeder","LA","LB",2020
"644","00-0034578",1360,0.00232288882001736,0.0218167257995254,0.000211171710910669,"Reggie Bonnafon","CAR","RB",2020
"645","00-0032087",601,0.00231987180597135,0.0217390836117177,0.000210897436906487,"Josh Lambo","JAX","K",2020
"646","00-0036288",2056,0.00231717155078428,0.0208486288890217,0.000210651959162207,"Yetur Gross-Matos","CAR","DL",2020
"647","00-0031763",550,0.0023061116428359,0.0218525660615258,0.000209646512985082,"DeAndre Carter","CHI","WR",2020
"648","00-0032848",790,0.00228849406838382,0.0212289208699903,0.00020804491530762,"Kevin Peterson","ARI","DB",2020
"649","00-0032813",787,0.00228823331569751,0.0220507021277026,0.000208021210517955,"Elijhaa Penny","NYG","RB",2020
"650","00-0030107",294,0.00227932031550802,0.0214115339111248,0.000207210937773457,"Theo Riddick","LV","RB",2020
"651","00-0036139",1957,0.00227186076047101,0.0213920530194056,0.000206532796406455,"Rico Dowdle","DAL","RB",2020
"652","00-0035881",1877,0.00227097026560888,0.0219194370269362,0.00020645184232808,"Yasir Durant","KC","OL",2020
"653","00-0035148",1573,0.00225756562444231,0.0214903961123704,0.000205233238585665,"Darwin Thompson","KC","RB",2020
"654","00-0033080",855,0.00225538197878698,0.0222918054837293,0.000205034725344271,"Seth DeValve","ARI","TE",2020
"655","00-0036409",2166,0.00223903321160726,0.0226325178737466,0.000203548473782478,"Jordyn Brooks","SEA","LB",2020
"656","00-0035238",1609,0.00223215999353257,0.0216419831588278,0.000202923635775688,"Cody Ford","BUF","OL",2020
"657","00-0032059",595,0.00222956462994095,0.0205945995924366,0.000202687693630996,"P.J. Williams","NO","DB",2020
"658","00-0033338",927,0.00222368522608755,0.0206617605124519,0.000202153202371596,"Cethan Carter","CIN","TE",2020
"659","00-0033733",1038,0.00221793979027135,0.0209760418523495,0.000201630890024668,"Greg Ward","PHI","WR",2020
"660","00-0032975",825,0.00221638793182996,0.0219438200409774,0.000201489811984542,"Jonathan Williams","WAS","RB",2020
"661","00-0029316",204,0.00221354942897039,0.021526409216207,0.000201231766270035,"Kelvin Beachum","ARI","OL",2020
"662","00-0036419",2175,0.00221032648393985,0.022276349331936,0.000200938771267259,"Terrell Lewis","LA","LB",2020
"663","00-0036188",1977,0.00220726177791999,0.0217031557258676,0.00020066016162909,"Antonio Williams","BUF","RB",2020
"664","00-0036345",2111,0.0022042708192302,0.0222672261252876,0.000200388256293655,"K.J. Osborn","MIN","WR",2020
"665","00-0034955",1500,0.00220106850588297,0.0222630078815383,0.000200097136898452,"Brett Rypien","DEN","QB",2020
"666","00-0034968",1508,0.00219851932904029,0.0209713457714338,0.000199865393549117,"Darnell Savage","GB","DB",2020
"667","00-0036007",1913,0.00218811903305341,0.0218055654678039,0.000198919912095764,"Raequan Williams","PHI","DL",2020
"668","00-0035687",1813,0.00218104104557804,0.0214310302764485,0.000198276458688913,"Bobby Okereke","IND","LB",2020
"669","00-0032257",654,0.00217634930940643,0.0212512841630365,0.000197849937218767,"Duke Johnson","HOU","RB",2020
"670","00-0035223",1598,0.00217480642746539,0.023293768692426,0.000197709675224127,"Ulysees Gilbert","PIT","LB",2020
"671","00-0034970",1510,0.00217067210891517,0.0202014143013893,0.000197333828083197,"Irv Smith","MIN","TE",2020
"672","00-0034371",1273,0.00216818470372246,0.0216615287101372,0.000197107700338405,"Da'Shawn Hand","DET","DL",2020
"673","00-0025418",32,0.00216728289754664,0.0215180564997656,0.000197025717958786,"Greg Olsen","SEA","TE",2020
"674","00-0034354",1258,0.00216480190169974,0.0229088928296548,0.000196800172881794,"Kemoko Turay","IND","DL",2020
"675","00-0034115",1166,0.0021488954082927,0.0216300835097687,0.000195354128026609,"Jeffery Wilson","SF","RB",2020
"676","00-0032697",751,0.00214809266614265,0.0219504192174476,0.000195281151467514,"Doug Middleton","JAX","DB",2020
"677","00-0029272",198,0.00214246418302878,0.0224922279618741,0.000194769471184434,"Nigel Bradham","DEN","LB",2020
"678","00-0032951",813,0.00212998939023838,0.0218501426042322,0.00019363539911258,"Laquon Treadwell","ATL","WR",2020
"679","00-0034827",1459,0.00212661065515617,0.0207472353597942,0.000193328241377834,"D.J. Moore","CAR","WR",2020
"680","00-0032063",597,0.00212271839919649,0.0205243023328377,0.000192974399926954,"Mike Davis","CAR","RB",2020
"681","00-0032448",709,0.00211387366109803,0.021045548616627,0.000192170332827094,"Stephen Weatherly","CAR","DL",2020
"682","00-0033699",1031,0.00211149998822616,0.0209624642111189,0.000191954544384196,"Austin Ekeler","LAC","RB",2020
"683","00-0031361",472,0.00210471599198875,0.0204309874511625,0.000191337817453522,"Christian Kirksey","GB","LB",2020
"684","00-0034275",1220,0.00210209039123525,0.0207342165687202,0.000191099126475932,"Folorunso Fatukasi","NYJ","DL",2020
"685","00-0029144",186,0.00208904673000041,0.0215416139042194,0.000189913339090946,"Tom Compton","SF","OL",2020
"686","00-0036182",1974,0.00208059976688658,0.0200904096440383,0.000189145433353325,"Nick Westbrook","TEN","WR",2020
"687","00-0033386",936,0.00207345242645726,0.021473245066773,0.000188495675132478,"Cody Hollister","TEN","WR",2020
"688","00-0028002",135,0.00207092257201983,0.0211850947332489,0.000188265688365439,"Randall Cobb","HOU","WR",2020
"689","00-0034215",1201,0.00206617320196814,0.0206343371967717,0.000187833927451649,"Hercules Mata'afa","MIN","DL",2020
"690","00-0031941",576,0.00205488886411053,0.0208475755702326,0.000186808078555503,"Jamison Crowder","NYJ","WR",2020
"691","00-0032437",705,0.00204793483269402,0.020268681849209,0.000186175893881275,"Kamu Grugier-Hill","MIA","LB",2020
"692","00-0036217",1995,0.00204758209021909,0.0219666048694899,0.000186143826383553,"Blake Ferguson","MIA","LS",2020
"693","00-0035307",1660,0.00203327724052307,0.0199336817746425,0.000184843385502097,"Jimmy Moreland","WAS","DB",2020
"694","00-0034510",1345,0.00202838762641848,0.021663854143539,0.000184398875128953,"Robert Foster","WAS","WR",2020
"695","00-0035184",1582,0.00202746723518152,0.0223214910469164,0.00018431520319832,"Devine Ozigbo","JAX","RB",2020
"696","00-0026968",58,0.00201420747942494,0.0222198311999759,0.000183109770856812,"Ryan Succop","TB","K",2020
"697","00-0033870",1074,0.00201281895589868,0.0218990305624967,0.000182983541445334,"Solomon Thomas","SF","DL",2020
"698","00-0036441",2196,0.00201044157691295,0.0208331725108289,0.000182767416082995,"Kenneth Murray","LAC","LB",2020
"699","00-0033435",947,0.00198597477713075,0.0205283598751394,0.000180543161557341,"Breon Borders","TEN","DB",2020
"700","00-0036399",2157,0.00198044607708894,0.0226526706332902,0.000180040552462631,"Netane Muti","DEN","OL",2020
"701","00-0032768",764,0.00195184184793837,0.0210341727022396,0.000177440167994397,"Cody Whitehair","CHI","OL",2020
"702","00-0027872",102,0.00194752588030547,0.0197136904995391,0.000177047807300497,"Kareem Jackson","DEN","DB",2020
"703","00-0027103",63,0.0019456556064074,0.0215151234598493,0.000176877782400673,"Kevin Huber","CIN","P",2020
"704","00-0033490",963,0.0019320881519995,0.0223288515719242,0.0001756443774545,"Ben Braden","GB","OL",2020
"705","00-0029249",192,0.0019094598822746,0.0219965192843253,0.000173587262024963,"Melvin Ingram","LAC","DL",2020
"706","00-0034398",1299,0.00190795383164446,0.0218991220617633,0.000173450348331315,"Natrell Jamerson","CAR","DB",2020
"707","00-0032241",647,0.00190205150633642,0.020595602690905,0.000172913773303311,"Todd Gurley","ATL","RB",2020
"708","00-0031017",391,0.00188853462883327,0.0208065305266495,0.00017168496625757,"Dakota Dozier","MIN","OL",2020
"709","00-0029657",239,0.00188680115844026,0.0213157584013409,0.000171527378040024,"Akiem Hicks","CHI","DL",2020
"710","00-0035757",1843,0.00188376250929361,0.0223154600014058,0.00017125113720851,"Jacob Bobenmoyer","DEN","LS",2020
"711","00-0034806",1450,0.00188122248776456,0.0209619246314328,0.000171020226160415,"Micah Kiser","LA","LB",2020
"712","00-0028114",149,0.00184502026759084,0.0223811384304182,0.000167729115235531,"Dwayne Harris","CHI","WR",2020
"713","00-0031136",416,0.00183618915053001,0.0222732171628417,0.000166926286411819,"Chris Boswell","PIT","K",2020
"714","00-0036351",2115,0.00183608701039142,0.0210954674053572,0.000166917000944675,"James Smith-Williams","WAS","DL",2020
"715","00-0031349",468,0.00183281159137789,0.02154720684868,0.000166619235579808,"Matt Paradis","CAR","OL",2020
"716","00-0034420",1312,0.00182955386578575,0.0206835692302694,0.000166323078707796,"Jordan Thomas","IND","TE",2020
"717","00-0031170",421,0.00182579797962306,0.0215564371697491,0.000165981634511187,"Timmy Jernigan","JAX","DL",2020
"718","00-0035590",1750,0.00182499535039443,0.0224544608680128,0.000165908668217676,"Riley Ridley","CHI","WR",2020
"719","00-0034473",1335,0.0018183812531765,0.0208039992846214,0.000165307386652409,"Dennis Gardeck","ARI","LB",2020
"720","00-0033307",921,0.00181707958689186,0.0212664896904834,0.000165189053353805,"Kendrick Bourne","SF","WR",2020
"721","00-0032602",739,0.00180657051538658,0.0206973888127023,0.000164233683216962,"J.D. McKissic","WAS","RB",2020
"722","00-0035808",1852,0.00179603375356634,0.0228424541351799,0.000163275795778758,"Jared Mayden","SF","DB",2020
"723","00-0035408",1704,0.00178752138838008,0.0228295752969551,0.000162501944398189,"Nick Moore","BAL","LS",2020
"724","00-0033792",1057,0.00178604443437059,0.0211538101844759,0.000162367675851872,"Rudy Ford","PHI","DB",2020
"725","00-0028899",172,0.00178456933514423,0.0209910899164916,0.000162233575922203,"Rodney McLeod","PHI","DB",2020
"726","00-0033911",1110,0.00176871096357217,0.0221112992967234,0.000160791905779288,"Taywan Taylor","CLE","WR",2020
"727","00-0033592",1014,0.00176829501136974,0.0224858651196975,0.000160754091942704,"Kyle Fuller","SEA","OL",2020
"728","00-0036002",1910,0.00176317046150256,0.0225777438625956,0.00016028822377296,"Elijah Riley","PHI","DB",2020
"729","00-0034365",1268,0.00175425769148175,0.0207268913927647,0.000159477971952887,"Ian Thomas","CAR","TE",2020
"730","00-0036424",2180,0.00173274146684019,0.0211301175471284,0.000157521951530926,"Brycen Hopkins","LA","TE",2020
"731","00-0033994",1148,0.0017293425336986,0.0222517892390931,0.000157212957608964,"Fred Brown","DEN","WR",2020
"732","00-0031235",432,0.00171900953886625,0.0222255312626986,0.000156273594442387,"Odell Beckham","CLE","WR",2020
"733","00-0035898",1882,0.00171306686147325,0.0217701265943289,0.000155733351043023,"Darius Bradwell","LAC","RB",2020
"734","00-0034158",1178,0.00171159531059742,0.0210729830273154,0.000155599573690674,"Brian O'Neill","MIN","OL",2020
"735","00-0033138",885,0.00170515977244202,0.0226052847727528,0.000155014524767456,"Sam Ficken","NYJ","K",2020
"736","00-0035774",1845,0.00169547941967103,0.0221533654156864,0.000154134492697366,"Delrick Abrams","ATL","DB",2020
"737","00-0034860",1482,0.00168909546155695,0.02102278145393,0.000153554132868813,"Dante Pettis","NYG","WR",2020
"738","00-0036280",2049,0.00167018217989375,0.0205809153608097,0.000151834743626705,"Malik Harrison","BAL","LB",2020
"739","00-0029869",258,0.00166663460983349,0.0209646793744157,0.00015151223725759,"Will Compton","TEN","LB",2020
"740","00-0033536",976,0.00165817439139241,0.02055035843283,0.000150743126490219,"Mike Williams","LAC","WR",2020
"741","00-0032560",727,0.00165092791769356,0.0220907969737027,0.00015008435615396,"Charles Washington","ARI","DB",2020
"742","00-0033106",866,0.00164915199391768,0.0209976446221923,0.000149922908537971,"Jared Goff","LA","QB",2020
"743","00-0034265",1213,0.00164397763647325,0.0206873394738069,0.000149452512406659,"Anthony Averett","BAL","DB",2020
"744","00-0034414",1307,0.00164274388376226,0.0212342119439595,0.000149340353069297,"Boston Scott","PHI","RB",2020
"745","00-0034847",1476,0.00163620322547853,0.0212853291998096,0.000148745747770776,"Mike McGlinchey","SF","OL",2020
"746","00-0035399",1697,0.00163356688299728,0.0219046185839097,0.00014850608027248,"Stanley Morgan","CIN","WR",2020
"747","00-0034457",1331,0.00162640266181639,0.0210595972784062,0.000147854787437854,"Josh Adams","NYJ","RB",2020
"748","00-0035816",1853,0.00161858127110234,0.0221754178455799,0.000147143751918395,"Niko Lalos","NYG","DL",2020
"749","00-0029040",180,0.00160559387911758,0.0221691917093562,0.00014596307991978,"Damon Harrison","GB","DL",2020
"750","00-0035925",1891,0.00159678634794934,0.022476320533565,0.000145162395268121,"Jarren Williams","NYG","DB",2020
"751","00-0029329",205,0.00159093193174139,0.021805988814588,0.000144630175612854,"Neiko Thorpe","SEA","DB",2020
"752","00-0032149",621,0.00158787531866933,0.0214383219376902,0.000144352301697212,"John Miller","CAR","OL",2020
"753","00-0034318",1236,0.00158064213756614,0.0211692387208193,0.00014369473977874,"Henry Mondeaux","PIT","DL",2020
"754","00-0031555",515,0.00157570927244253,0.0209925344184333,0.000143246297494776,"Eric Rowe","MIA","DB",2020
"755","00-0035950",1893,0.00157039728893225,0.0214562704718255,0.000142763389902931,"Myles Hartsfield","CAR","DB",2020
"756","00-0036076",1931,0.00156195476303983,0.0225299313883894,0.000141995887549075,"Chauncey Rivers","BAL","DL",2020
"757","00-0026158",41,0.00155429430961176,0.0218945093802206,0.000141299482691978,"Joe Flacco","NYJ","QB",2020
"758","00-0028924",174,0.0015497399092522,0.0211589203092396,0.000140885446295655,"Tashaun Gipson","CHI","DB",2020
"759","00-0034511",1346,0.00154100509949718,0.0218762292523934,0.000140091372681561,"Mike Love","BUF","DL",2020
"760","00-0035680",1807,0.00153915056929335,0.021486795242338,0.000139922779026668,"Quincy Williams","JAX","LB",2020
"761","00-0031544",507,0.00153284732890838,0.0217876753477783,0.000139349757173489,"Amari Cooper","DAL","WR",2020
"762","00-0030273",307,0.00152703969280419,0.0219441975737675,0.000138821790254927,"Lane Taylor","GB","OL",2020
"763","00-0035708",1830,0.00151676034291878,0.021925745428319,0.000137887303901707,"Oshane Ximines","NYG","LB",2020
"764","00-0034164",1184,0.00151396201623801,0.0219488722495599,0.000137632910567092,"Trenton Cannon","CAR","RB",2020
"765","00-0035609",1758,0.00150823804020969,0.0222956106657957,0.000137112549109972,"Jake Gervase","LA","DB",2020
"766","00-0031188",427,0.00149656512902036,0.0227993636251047,0.000136051375365487,"Bennett Jackson","NYJ","DB",2020
"767","00-0025630",35,0.00149399753866197,0.0226366035741794,0.000135817958060179,"Clark Harris","CIN","LS",2020
"768","00-0036028",1917,0.00146770224663741,0.0208355157233102,0.000133427476967037,"Francis Bernard","DAL","LB",2020
"769","00-0035298",1655,0.00146421289032091,0.0214503568909164,0.000133110262756447,"Scott Miller","TB","WR",2020
"770","00-0035667",1796,0.00144855620271815,0.0217532039111809,0.000131686927519832,"Greg Gaines","LA","DL",2020
"771","00-0033697",1030,0.00144733483850404,0.0211584169308839,0.000131575894409458,"Michael Davis","LAC","DB",2020
"772","00-0033952",1139,0.00144273645852325,0.0214313142504666,0.00013115785986575,"Grover Stewart","IND","DL",2020
"773","00-0031203",429,0.00144209989848591,0.0227639508407961,0.000131099990771446,"Cairo Santos","CHI","K",2020
"774","00-0035703",1826,0.00144099688522295,0.021017357824789,0.00013099971683845,"Miles Boykin","BAL","WR",2020
"775","00-0034836",1468,0.00143701949165874,0.0203894867156853,0.00013063813560534,"Braden Smith","IND","OL",2020
"776","00-0034673",1383,0.00142970682009853,0.0209474613234721,0.000129973347281685,"Tremaine Edmunds","BUF","LB",2020
"777","00-0036203",1988,0.0014247368308168,0.0220440444685294,0.000129521530074254,"Keandre Jones","CIN","LB",2020
"778","00-0034310",1233,0.00142169391847618,0.0219086610403063,0.000129244901679653,"Craig James","PHI","DB",2020
"779","00-0035245",1616,0.00141451022548491,0.0208460901381758,0.000128591838680446,"Max Scharping","HOU","OL",2020
"780","00-0033526",971,0.00141151578267134,0.0215348938560016,0.000128319616606486,"Samaje Perine","CIN","RB",2020
"781","00-0035897",1881,0.00140823353845402,0.0228464315684667,0.000128021230768547,"Asmar Bilal","LAC","LB",2020
"782","00-0033838",1061,0.00138233287173775,0.0227138903663709,0.000125666624703432,"Trey Edmunds","PIT","RB",2020
"783","00-0035084",1548,0.00138092428861448,0.0222691447892706,0.000125538571692225,"Yosuah Nijman","GB","OL",2020
"784","00-0032934",805,0.0013643999705596,0.0216844353512367,0.000124036360959964,"Tony McRae","DET","DB",2020
"785","00-0034421",1313,0.00135260221752174,0.0228095631958782,0.000122963837956522,"Peter Kalambayi","HOU","LB",2020
"786","00-0030098",293,0.00135172298848712,0.0213951691893596,0.000122883908044284,"Dustin Hopkins","WAS","K",2020
"787","00-0035924",1890,0.00135054574664282,0.0228235526522174,0.000122776886058439,"Jonathan Ward","ARI","RB",2020
"788","00-0035404",1701,0.00134193015030733,0.020034154590972,0.000121993650027939,"Porter Gustin","CLE","DL",2020
"789","00-0032820",788,0.00133618294350167,0.0220334135890022,0.00012147117668197,"Terrance Smith","ARI","LB",2020
"790","00-0034386",1287,0.00130949831779242,0.0214706444831492,0.000119045301617492,"Justin Watson","TB","WR",2020
"791","00-0036414",2170,0.00130909391328656,0.0213401220811168,0.000119008537571506,"Cam Akers","LA","RB",2020
"792","00-0036164",1969,0.00130597064306649,0.0215577521237141,0.000118724603915135,"Cassh Maluia","NE","LB",2020
"793","00-0029212",190,0.00130093917972633,0.0214916824171929,0.000118267198156939,"Tahir Whitehead","CAR","LB",2020
"794","00-0032580",735,0.00127217082607337,0.0205972023474203,0.000115651893279397,"Jonathan Jones","NE","DB",2020
"795","00-0034780",1431,0.00127181079590126,0.0213633864040907,0.00011561916326375,"Isaac Yiadom","NYG","DB",2020
"796","00-0035044",1544,0.00126968528949609,0.0215963770364857,0.000115425935408735,"J.T. Hassell","NYJ","DB",2020
"797","00-0030140",297,0.00126438243614058,0.0221176216169336,0.000114943857830962,"Tress Way","WAS","P",2020
"798","00-0036116",1948,0.00126124398756995,0.0225446719207636,0.000114658544324541,"Jameson Houston","PHI","DB",2020
"799","00-0032134",613,0.00125839584596633,0.0213411404996483,0.000114399622360575,"C.J. Uzomah","CIN","TE",2020
"800","00-0036209",1990,0.00124515495470621,0.0218285928618363,0.000113195904973292,"Rashad Smith","PHI","LB",2020
"801","00-0029061",181,0.00123579737409373,0.0210995065094525,0.000112345215826702,"Julian Stanford","CAR","LB",2020
"802","00-0035802",1850,0.00121359097485261,0.0219734291585395,0.000110326452259329,"Darrion Daniels","SF","DL",2020
"803","00-0033571",1003,0.00121177964475834,0.0218195076400981,0.000110161785887122,"Matt Milano","BUF","LB",2020
"804","00-0031806",559,0.00120347548574039,0.0214962601744705,0.000109406862340035,"Malcolm Brown","LA","RB",2020
"805","00-0034130",1171,0.00119518535930301,0.0219409491550615,0.000108653214482091,"Linden Stephens","SEA","DB",2020
"806","00-0031581",526,0.00119077925979676,0.0221165775977156,0.000108252659981524,"Mark Glowinski","IND","OL",2020
"807","00-0033891",1093,0.00119036520498855,0.021220931410919,0.000108215018635323,"Zay Jones","LV","WR",2020
"808","00-0036327",2093,0.00118967630811796,0.0209542214255333,0.000108152391647087,"Ezra Cleveland","MIN","OL",2020
"809","00-0033595",1016,0.00118880776493633,0.0216753837417358,0.00010807343317603,"Pat O'Connor","TB","DL",2020
"810","00-0034989",1525,0.00116961194971384,0.0215784391419289,0.000106328359064894,"Justin Skule","SF","OL",2020
"811","00-0032197",630,0.00115236796294667,0.0217412468919519,0.000104760723904243,"Randy Gregory","DAL","DL",2020
"812","00-0034909",1490,0.00114217570121208,0.0219439045424617,0.000103834154655644,"Tristan Vizcaino","BUF","K",2020
"813","00-0026197",45,0.00113708024941941,0.021488647531103,0.000103370931765401,"Chad Henne","KC","QB",2020
"814","00-0036404",2162,0.00113588560860876,0.023075242532916,0.000103262328055342,"T.J. Brunson","NYG","LB",2020
"815","00-0036320",2086,0.00113425519991543,0.0218342163401584,0.000103114109083221,"Joseph Charlton","CAR","P",2020
"816","00-0032222",641,0.00113288561551157,0.0212117390581005,0.000102989601410142,"D.J. Humphries","ARI","OL",2020
"817","00-0031285",450,0.00113247594397782,0.0218606671534269,0.000102952358543439,"Devonta Freeman","BUF","RB",2020
"818","00-0035146",1571,0.00112990161301484,0.0215130499997399,0.000102718328455894,"Trace McSorley","BAL","QB",2020
"819","00-0036337",2103,0.00112645885308584,0.0226301288448171,0.000102405350280531,"James Lynch","MIN","DL",2020
"820","00-0032107",606,0.00111923081335254,0.0214491655000472,0.000101748255759321,"Angelo Blackson","ARI","DL",2020
"821","00-0033642",1023,0.00111815393450314,0.0228826612182754,0.000101650357682103,"B.J. Bello","LAC","LB",2020
"822","00-0032782",774,0.00111811997016002,0.0222305273094189,0.000101647270014547,"Wendell Smallwood","PIT","RB",2020
"823","00-0031426",495,0.00111796034952879,0.0201844767399355,0.000101632759048072,"Joel Bitonio","CLE","OL",2020
"824","00-0035365",1687,0.00110616054969422,0.0214921213115176,0.000100560049972202,"Tae Hayes","MIN","DB",2020
"825","00-0035219",1595,0.00110540847337182,0.0218601420965873,0.000100491679397438,"Isaiah Buggs","PIT","DL",2020
"826","00-0036244",2019,0.0011023810766947,0.0232855582772953,0.0001002164615177,"Colby Parkinson","SEA","TE",2020
"827","00-0030059",274,0.00109944630575686,0.021938759760754,9.9949664159715e-05,"Ezekiel Ansah","SF","DL",2020
"828","00-0035845",1865,0.00109714950077708,0.0229637952842559,9.97408637070071e-05,"Tyshun Render","MIA","DL",2020
"829","00-0033336",926,0.00109694685626299,0.0200023929907226,9.97224414784537e-05,"Eric Wilson","MIN","LB",2020
"830","00-0030538",347,0.00109289711200175,0.0229184978377689,9.93542829092504e-05,"Johnathan Cyprien","SF","DB",2020
"831","00-0035108",1554,0.00108895729047256,0.0227716233221826,9.89961173156877e-05,"Nate Meadors","JAX","DB",2020
"832","00-0026143",40,0.00108685271669297,0.0209826840899819,9.88047924266335e-05,"Matt Ryan","ATL","QB",2020
"833","00-0035518",1726,0.00108037783868054,0.0222211903578694,9.8216167152776e-05,"Braxton Hoyett","BAL","DL",2020
"834","00-0036011",1915,0.0010803218904204,0.0216871920151453,9.82110809473095e-05,"Bobby Price","DET","DB",2020
"835","00-0036109",1944,0.0010788147125013,0.0225681840414839,9.80740647728451e-05,"Elijah Benton","CLE","DB",2020
"836","00-0034660",1380,0.0010756879957784,0.0222087746542838,9.77898177980362e-05,"Rico Gafford","LV","WR",2020
"837","00-0034785",1434,0.00107386786985475,0.0216974421772765,9.76243518049772e-05,"Mason Cole","ARI","OL",2020
"838","00-0034368",1271,0.00106339535524909,0.0198270659929746,9.66723050226449e-05,"Josey Jewell","DEN","LB",2020
"839","00-0034436",1322,0.00105494677630556,0.0220693407881554,9.59042523914148e-05,"Will Clapp","NO","OL",2020
"840","00-0035320",1668,0.0010454724123532,0.0219952971572833,9.50429465775635e-05,"Caleb Wilson","PHI","TE",2020
"841","00-0034184",1191,0.00103885751645243,0.0212668522832378,9.44415924047664e-05,"Gus Edwards","BAL","RB",2020
"842","00-0034204",1197,0.00103516237026033,0.0203873689447015,9.41056700236667e-05,"Olasunkanmi Adeniyi","PIT","LB",2020
"843","00-0030533",346,0.00103362806444293,0.0219477808300147,9.39661876766301e-05,"Matt Barkley","BUF","QB",2020
"844","00-0027187",67,0.00103274951742357,0.0221772203331233,9.38863197657792e-05,"Matt Overton","TEN","LS",2020
"845","00-0027885",106,0.00103263248125861,0.0215986590049718,9.38756801144195e-05,"Linval Joseph","LAC","DL",2020
"846","00-0030561",352,0.00102761919010522,0.021056401817775,9.34199263732017e-05,"Lane Johnson","PHI","OL",2020
"847","00-0032566",728,0.00101191133448695,0.0217023821567317,9.19919394988136e-05,"Trevon Coley","NYJ","DL",2020
"848","00-0031337",462,0.00100573102467888,0.0224090629692939,9.14300931526255e-05,"Marcus Martin","NE","OL",2020
"849","00-0029284",200,0.00100346763094537,0.0212120844666769,9.12243300859429e-05,"Mike Daniels","CIN","DL",2020
"850","00-0033093",862,0.000999642964531364,0.0215815417417564,9.08766331392149e-05,"Jonathan Bullard","SEA","DL",2020
"851","00-0033376",933,0.00099947895694323,0.0214275653078079,9.08617233584755e-05,"Patrick Ricard","BAL","RB",2020
"852","00-0031384",483,0.000992046785223653,0.0215197445607065,9.01860713839685e-05,"Richard Rodgers","PHI","TE",2020
"853","00-0034929",1494,0.00098587652453267,0.0227130336335431,8.96251385938791e-05,"Quinn Bailey","DEN","OL",2020
"854","00-0035806",1851,0.000983693226829855,0.0219418699129277,8.94266569845322e-05,"Jamycal Hasty","SF","RB",2020
"855","00-0036260",2033,0.000982188577094836,0.0209135549800741,8.92898706449851e-05,"Javon Kinlaw","SF","DL",2020
"856","00-0035323",1670,0.000982161281226061,0.0224182571046224,8.92873892023692e-05,"Beau Benzschawel","HOU","OL",2020
"857","00-0027981",131,0.000979199860938941,0.0215541590859516,8.90181691762674e-05,"Kyle Rudolph","MIN","TE",2020
"858","00-0036342",2108,0.000975657483867955,0.0219095750217637,8.86961348970868e-05,"Keith Ismael","WAS","OL",2020
"859","00-0032435",703,0.000971885757964983,0.0222031624872028,8.83532507240894e-05,"Anthony Zettel","NO","DL",2020
"860","00-0034867",1483,0.000971665098868428,0.0228401528323708,8.83331908062207e-05,"Malik Turner","DAL","WR",2020
"861","00-0034653",1377,0.000967974628448788,0.0222254332565078,8.79976934953444e-05,"Deontay Burnett","PHI","WR",2020
"862","00-0033111",870,0.000961413932921085,0.0216843855621759,8.74012666291896e-05,"Pharoh Cooper","CAR","WR",2020
"863","00-0034193",1194,0.000946501881287037,0.0217027339111342,8.60456255715488e-05,"Kevin Rader","PIT","TE",2020
"864","00-0033752",1042,0.000941258535843923,0.0210897668874786,8.5568957803993e-05,"Storm Norton","LAC","OL",2020
"865","00-0034533",1353,0.000937881868468637,0.0224737264554403,8.52619880426034e-05,"Trayvon Henderson","CIN","DB",2020
"866","00-0032409",691,0.0009375551581597,0.0222798652415721,8.52322871054272e-05,"Willie Henry","HOU","DL",2020
"867","00-0036433",2188,0.000935593919000529,0.0226335754795874,8.50539926364117e-05,"Tommy Stevens","CAR","QB",2020
"868","00-0027986",132,0.000934042724368511,0.0222331966760489,8.49129749425919e-05,"Stefen Wisniewski","KC","OL",2020
"869","00-0034198",1195,0.000930596249184981,0.0217302003584636,8.45996590168164e-05,"Trent Sieg","LV","LS",2020
"870","00-0035696",1820,0.000925390060671307,0.0218265635876916,8.4126369151937e-05,"Duke Shelley","CHI","DB",2020
"871","00-0027061",62,0.000921734116123431,0.0214370502489361,8.37940105566755e-05,"Jared Cook","NO","TE",2020
"872","00-0035415",1709,0.000918492271406296,0.0225354165163777,8.34992974005724e-05,"Nate Hall","HOU","LB",2020
"873","00-0033649",1024,0.000917963049056877,0.0221909525807826,8.34511862778979e-05,"Kai Nacua","SF","DB",2020
"874","00-0034274",1219,0.000904263119742474,0.0230603175604738,8.22057381584067e-05,"Parry Nickerson","GB","DB",2020
"875","00-0033946",1133,0.000897591068654953,0.0217368183446122,8.15991880595412e-05,"David Sharpe","WAS","OL",2020
"876","00-0024417",29,0.000896940007526463,0.0214299201943502,8.15400006842239e-05,"Sam Koch","BAL","P",2020
"877","00-0031260",441,0.000893404669127386,0.0212078632641306,8.12186062843078e-05,"Logan Thomas","WAS","TE",2020
"878","00-0032319",661,0.00089017821919846,0.0219783793480484,8.09252926544054e-05,"Ross Travis","NYJ","TE",2020
"879","00-0031299",454,0.000886097178176027,0.0231124745981902,8.05542889250934e-05,"Jordan Matthews","SF","WR",2020
"880","00-0027869",100,0.000871147252769599,0.0212522801571125,7.91952047972363e-05,"Mike Iupati","SEA","OL",2020
"881","00-0032520",721,0.000867957533974698,0.0215843137961854,7.89052303613362e-05,"Rashod Hill","MIN","OL",2020
"882","00-0035127",1558,0.000860027583524342,0.0222484060473687,7.81843257749402e-05,"Andre James","LV","OL",2020
"883","00-0032890",798,0.000859675900499987,0.0216855795064017,7.8152354590908e-05,"James Bradberry","NYG","DB",2020
"884","00-0032567",729,0.000859633847336342,0.0223356826445417,7.81485315760311e-05,"Anthony Fabiano","CLE","OL",2020
"885","00-0031549",511,0.000844832223459349,0.0209420774462815,7.68029294053954e-05,"Nelson Agholor","LV","WR",2020
"886","00-0036364",2126,0.000834697377325198,0.0212043774382336,7.58815797568362e-05,"Lynn Bowden","MIA","WR",2020
"887","00-0032403",687,0.000834643549535693,0.0210358157427621,7.58766863214266e-05,"Juston Burris","CAR","DB",2020
"888","00-0035322",1669,0.000832732012623063,0.0227506121913865,7.57029102384603e-05,"Nate Becker","BUF","TE",2020
"889","00-0035006",1535,0.000830106289311814,0.0213896786391882,7.54642081192558e-05,"Olabisi Johnson","MIN","WR",2020
"890","00-0036058",1928,0.000825362377701293,0.0228746735532205,7.50329434273903e-05,"Cedrick Lattimore","SEA","DL",2020
"891","00-0036118",1949,0.00082152708381429,0.0225656855041954,7.46842803467537e-05,"Jovante Moffatt","CLE","DB",2020
"892","00-0034248",1204,0.000821059466420144,0.0208217829370151,7.46417696745586e-05,"Elijah Campbell","NYJ","DB",2020
"893","00-0032110",608,0.0008046190411131,0.021810603473487,7.31471855557363e-05,"Kyle Emanuel","HOU","LB",2020
"894","00-0030151",299,0.000795325662450631,0.0215962211611727,7.23023329500573e-05,"Tyler Bray","CHI","QB",2020
"895","00-0031556",516,0.000793694470453813,0.0214901581892755,7.21540427685285e-05,"Nate Orchard","TEN","DL",2020
"896","00-0029193",189,0.000781821563691135,0.0215159118838172,7.1074687608285e-05,"Bruce Irvin","SEA","LB",2020
"897","00-0035315",1664,0.000779878023325484,0.0212378113934461,7.08980021204985e-05,"Cortez Broughton","LAC","DL",2020
"898","00-0032387",675,0.000779144580107931,0.020967269874724,7.08313254643573e-05,"Jarran Reed","SEA","DL",2020
"899","00-0036309",2076,0.000763181960107885,0.0202981330055357,6.93801781916259e-05,"Darnell Mooney","CHI","WR",2020
"900","00-0034121",1169,0.000757212720235627,0.0223320578009483,6.88375200214206e-05,"Tegray Scales","PIT","LB",2020
"901","00-0029672",241,0.000748138976460618,0.0211399195686513,6.80126342236926e-05,"Riley Reiff","MIN","OL",2020
"902","00-0032955",815,0.000744615043116576,0.0221056349032936,6.76922766469615e-05,"Kyler Fackrell","NYG","LB",2020
"903","00-0034415",1308,0.000741137959231605,0.022337282943056,6.73761781119641e-05,"Jack Cichy","TB","LB",2020
"904","00-0035428",1713,0.000732347242272233,0.0222131792133714,6.65770220247485e-05,"Daniel Helm","SF","TE",2020
"905","00-0032404",688,0.000730739202623937,0.0218213488328825,6.64308366021761e-05,"Tyler Ervin","GB","RB",2020
"906","00-0035436",1715,0.000729649718360797,0.0218116596299237,6.63317925782543e-05,"Matt Sokol","LAC","TE",2020
"907","00-0030061",276,0.0007239932812796,0.0219740164084024,6.58175710254182e-05,"Zach Ertz","PHI","TE",2020
"908","00-0035189",1585,0.000721104970674691,0.0214095399713767,6.55549973340628e-05,"Matthew Wright","PIT","K",2020
"909","00-0035692",1816,0.00072009570370746,0.0202473880947868,6.54632457915873e-05,"Clelin Ferrell","LV","DL",2020
"910","00-0030050",273,0.000720029799320347,0.0224889022311043,6.54572544836679e-05,"Ray-Ray Armstrong","SEA","LB",2020
"911","00-0035923",1889,0.000718666604283186,0.0219112183442176,6.53333276621078e-05,"Reggie Walker","ARI","LB",2020
"912","00-0034384",1285,0.000716440553882213,0.0214497683017813,6.51309594438376e-05,"D.J. Reed","SEA","DB",2020
"913","00-0030066",280,0.000715627589139745,0.0215216206556572,6.50570535581586e-05,"Brian Winters","BUF","OL",2020
"914","00-0033997",1150,0.000709137883532297,0.0224006848239921,6.44670803211179e-05,"Brady Sheldon","NYJ","LB",2020
"915","00-0032958",817,0.000708654807345536,0.0214896402024388,6.44231643041396e-05,"Will Parks","DEN","DB",2020
"916","00-0036234",2010,0.000706929633526764,0.0219454016554434,6.42663303206149e-05,"Logan Stenberg","DET","OL",2020
"917","00-0027796",92,0.000689214137545575,0.0213462803005453,6.26558306859614e-05,"Joe Webb","NYG","QB",2020
"918","00-0028908",173,0.00067136138547245,0.0211459664879676,6.10328532247682e-05,"Michael Thomas","HOU","DB",2020
"919","00-0035657",1788,0.000665839501081834,0.0214530233414428,6.05308637347122e-05,"Damien Harris","NE","RB",2020
"920","00-0035992",1904,0.000659968275285358,0.0215251853714351,5.99971159350325e-05,"Trystan Colon-Castillo","BAL","OL",2020
"921","00-0035402",1699,0.000659800398195598,0.0208157331105723,5.9981854381418e-05,"Carl Granderson","NO","DL",2020
"922","00-0035141",1566,0.000654018439840062,0.0213235344087227,5.9456221803642e-05,"Phil Haynes","SEA","OL",2020
"923","00-0033572",1004,0.000650818348156816,0.0213568247126885,5.91653043778924e-05,"Jamal Agnew","DET","WR",2020
"924","00-0032424",699,0.000647143833382373,0.0210197480895673,5.88312575802158e-05,"D.J. Reader","CIN","DL",2020
"925","00-0035281",1642,0.000642567923043981,0.0221425792349543,5.8415265731271e-05,"Joe Jackson","CLE","DL",2020
"926","00-0035103",1553,0.000640242113721069,0.022371152851947,5.82038285200971e-05,"Otaro Alaka","BAL","LB",2020
"927","00-0035166",1580,0.000639594618796462,0.0208033950713953,5.81449653451329e-05,"Azeez Al-Shaair","SF","LB",2020
"928","00-0035409",1705,0.000630278599269062,0.0211325682598285,5.72980544790056e-05,"Shy Tuttle","NO","DL",2020
"929","00-0030063",278,0.000627491733003986,0.0208272095672656,5.70447030003624e-05,"Johnathan Hankins","LV","DL",2020
"930","00-0035669",1798,0.000627296043958461,0.0207259032853389,5.70269130871328e-05,"Nick Scott","LA","DB",2020
"931","00-0032248",651,0.000627199842458263,0.0207330545993303,5.70181674962057e-05,"Bryce Hager","NYJ","LB",2020
"932","00-0035779",1846,0.000625640643181922,0.0225419590601079,5.68764221074475e-05,"Austin Edwards","KC","DL",2020
"933","00-0034267",1215,0.000625245554010802,0.0217403575640006,5.68405049100729e-05,"Jaleel Scott","NYJ","WR",2020
"934","00-0032778",771,0.000624803784734944,0.0216131845440782,5.68003440668131e-05,"Tajae Sharpe","KC","WR",2020
"935","00-0031045",397,0.000621417307394975,0.0211340752686629,5.64924824904523e-05,"Carlos Hyde","SEA","RB",2020
"936","00-0025394",30,0.000619289379485178,0.0214784859584402,5.62990344986526e-05,"Adrian Peterson","DET","RB",2020
"937","00-0035602",1756,0.000616049704240912,0.0220658348471323,5.60045185673556e-05,"Alex Bachman","NYG","WR",2020
"938","00-0035719",1837,0.000611366026008176,0.0210234860312921,5.55787296371069e-05,"Deebo Samuel","SF","WR",2020
"939","00-0034628",1371,0.000597659948150026,0.0213981413021352,5.43327225590933e-05,"Jaryd Jones-Smith","LV","OL",2020
"940","00-0029421",211,0.000597054414643127,0.0224900615276131,5.42776740584661e-05,"Randy Bullock","CIN","K",2020
"941","00-0036271",2042,0.000595491192536851,0.0226415948296176,5.41355629578956e-05,"Quez Watkins","PHI","WR",2020
"942","00-0035293",1653,0.000594871333086715,0.021596624599635,5.40792120987923e-05,"Xavier Crawford","CHI","DB",2020
"943","00-0026027",38,0.000592739584945818,0.0214448570505314,5.38854168132562e-05,"J.J. Jansen","CAR","LS",2020
"944","00-0033531",974,0.000592230841997766,0.0221574315534564,5.38391674543424e-05,"Colin Holba","LA","LS",2020
"945","00-0028946",176,0.000587477348179687,0.0208398033889988,5.34070316526988e-05,"Aaron Brewer","ARI","LS",2020
"946","00-0032443",707,0.000582078162688778,0.022029312529684,5.29161966080707e-05,"Joey Hunt","IND","OL",2020
"947","00-0035444",1717,0.000579107163877864,0.0219670603682765,5.26461058070785e-05,"Jordan Kunaszyk","WAS","LB",2020
"948","00-0035591",1751,0.000561164976823143,0.0211818993883779,5.1014997893013e-05,"Justin Hollins","LA","LB",2020
"949","00-0032935",806,0.000558558503303255,0.022230031846163,5.07780457548413e-05,"Johnny Holton","NYG","WR",2020
"950","00-0036456",2200,0.000555794473980612,0.0222950171745456,5.05267703618738e-05,"Dominique Dafney","GB","TE",2020
"951","00-0033051",842,0.000554626375557648,0.0201017444538846,5.04205795961498e-05,"David Onyemata","NO","DL",2020
"952","00-0035190",1586,0.000550357260697979,0.0220293281416608,5.00324782452709e-05,"A.J. Cole","LV","P",2020
"953","00-0033779",1047,0.000549645124214559,0.0225118278408266,4.99677385649599e-05,"Dee Virgin","NE","DB",2020
"954","00-0028932",175,0.00054180559749812,0.0199589111449801,4.92550543180109e-05,"L.J. Fort","BAL","LB",2020
"955","00-0026564",51,0.000537913752411394,0.0202553389561349,4.89012502192177e-05,"Steve McLendon","TB","DL",2020
"956","00-0035485",1722,0.000534069810695334,0.0230088166994376,4.85518009723031e-05,"Nate Brooks","BAL","DB",2020
"957","00-0035336",1675,0.000532815631729141,0.0213052275166618,4.84377847026492e-05,"Deion Calhoun","CIN","OL",2020
"958","00-0033704",1033,0.000524484212691317,0.021685172045329,4.76803829719379e-05,"James Onwualu","LV","LB",2020
"959","00-0034118",1168,0.000520717143152847,0.0230063160411274,4.73379221048043e-05,"Patrick Morris","DEN","OL",2020
"960","00-0035274",1636,0.000515645877412172,0.0227992222411777,4.68768979465611e-05,"Ross Pierschbacher","PHI","OL",2020
"961","00-0032141",615,0.000510683939926558,0.0199559722037986,4.64258127205962e-05,"Geoff Swaim","TEN","TE",2020
"962","00-0034902",1488,0.000502549842695933,0.0224911971416026,4.56863493359939e-05,"Sam Eguavoen","MIA","LB",2020
"963","00-0033524",969,0.000498300969412657,0.0206603604171509,4.53000881284234e-05,"Kevin King","GB","DB",2020
"964","00-0031548",510,0.00049642339543248,0.0210302651872034,4.51293995847709e-05,"Kevin Johnson","CLE","DB",2020
"965","00-0034831",1463,0.000491243229964858,0.0218521784309883,4.46584754513507e-05,"Rasheem Green","SEA","DL",2020
"966","00-0027870",101,0.000491156026524065,0.0208356779405302,4.46505478658241e-05,"Maurkice Pouncey","PIT","OL",2020
"967","00-0035750",1840,0.000490915825561602,0.0223662808576214,4.46287114146911e-05,"Reggie Begelton","GB","WR",2020
"968","00-0033461",954,0.00048096636943697,0.0212893576769928,4.37242154033609e-05,"Raekwon McMillan","LV","LB",2020
"969","00-0034956",1501,0.000476088759836377,0.0205289657592709,4.32807963487616e-05,"Josh Watson","DEN","LB",2020
"970","00-0027607",73,0.000474446342974094,0.0222057620673918,4.31314857249176e-05,"Ted Larsen","TB","OL",2020
"971","00-0026997",60,0.000469811863733102,0.0209203528651727,4.2710169430282e-05,"Alex Mack","ATL","OL",2020
"972","00-0030094",291,0.000462681074024761,0.0225538742090588,4.20619158204328e-05,"Eric Kush","CHI","OL",2020
"973","00-0035895",1880,0.000462315544121571,0.0218192999638842,4.20286858292338e-05,"Joe Bachie","PHI","LB",2020
"974","00-0032789",779,0.00045636572567145,0.0217781026966347,4.14877932428591e-05,"Devante Bond","CHI","LB",2020
"975","00-0033308",922,0.00044966667545898,0.0223236740734726,4.08787886780891e-05,"Matt Breida","MIA","RB",2020
"976","00-0030181",302,0.00043790843056836,0.0207744556851382,3.98098573243964e-05,"Jack Doyle","IND","TE",2020
"977","00-0036050",1927,0.000435844840314425,0.0223760005932857,3.96222582104023e-05,"Benning Potoa'e","TB","DL",2020
"978","00-0032379",667,0.00042200040800293,0.022386320439723,3.83636734548119e-05,"Eli Apple","CAR","DB",2020
"979","00-0032244",650,0.000421182029004558,0.0218256914464079,3.82892753640507e-05,"Jamon Brown","PHI","OL",2020
"980","00-0034167",1185,0.000420644092311753,0.0207708012775889,3.82403720283412e-05,"Devante Downs","NYG","LB",2020
"981","00-0034280",1224,0.000418815680916196,0.0227889771239141,3.80741528105632e-05,"Greg Senat","DAL","OL",2020
"982","00-0036432",2187,0.000418334104147875,0.0232087383607284,3.80303731043522e-05,"Clay Johnston","CAR","LB",2020
"983","00-0030513",341,0.000412774890498644,0.0210235423736787,3.75249900453313e-05,"Latavius Murray","NO","RB",2020
"984","00-0034726",1399,0.000410892815567282,0.0219859834591442,3.73538923242984e-05,"Dallin Leavitt","LV","DB",2020
"985","00-0032385",673,0.000407088666674987,0.0208750387529973,3.7008060606817e-05,"Sterling Shepard","NYG","WR",2020
"986","00-0030585",364,0.000401585294696706,0.0214186724881153,3.65077540633369e-05,"Justin Pugh","ARI","OL",2020
"987","00-0035613",1759,0.00039939158404945,0.023371781052187,3.63083258226773e-05,"Matt Kaskey","CAR","OL",2020
"988","00-0034171",1188,0.000396146382299196,0.0206661960723116,3.60133074817451e-05,"Jason Cabinda","DET","LB",2020
"989","00-0030663",367,0.00039397220312226,0.0214699972430657,3.58156548292964e-05,"Willie Snead","BAL","WR",2020
"990","00-0032998",829,0.000389330800246905,0.0217082339287671,3.5393709113355e-05,"Jared Norris","WAS","LB",2020
"991","00-0035912",1888,0.000386977701819479,0.0222317048547392,3.51797910744981e-05,"LeVante Bellamy","DEN","RB",2020
"992","00-0033501",964,0.000381883024588484,0.022157825917446,3.47166385989531e-05,"Devaroe Lawrence","WAS","DL",2020
"993","00-0033057",846,0.000378501972922755,0.020998214934189,3.4409270265705e-05,"Jack Conklin","CLE","OL",2020
"994","00-0030549",349,0.000372010384016462,0.0223189082037116,3.38191258196783e-05,"Tyler Eifert","JAX","TE",2020
"995","00-0035350",1681,0.000352809744215869,0.0213636511640473,3.20736131105335e-05,"Preston Williams","MIA","WR",2020
"996","00-0033284",908,0.000346259514259743,0.021496711900893,3.14781376599766e-05,"Taylor Moton","CAR","OL",2020
"997","00-0035143",1568,0.000337187227499657,0.0214877803346001,3.06533843181507e-05,"Ben Burr-Kirven","SEA","LB",2020
"998","00-0034375",1277,0.000335455810131377,0.0206542842819072,3.04959827392161e-05,"Kyzir White","LAC","LB",2020
"999","00-0036126",1952,0.000330296358254531,0.0217985596439996,3.00269416595029e-05,"Josh Nurse","JAX","DB",2020
"1000","00-0034229",1202,0.000328540469011068,0.0225336625472059,2.98673153646426e-05,"Dakoda Shepley","SF","OL",2020
"1001","00-0035285",1645,0.000328157251968185,0.0234097546109326,2.98324774516532e-05,"Jordan Miller","SEA","DB",2020
"1002","00-0033770",1046,0.000320753205050718,0.0212894669519915,2.9159382277338e-05,"Justin Hardee","NO","DB",2020
"1003","00-0036435",2190,0.000309505385777453,0.0220814897386269,2.81368532524957e-05,"Raymond Calais","LA","RB",2020
"1004","00-0032009",587,0.000307841240551674,0.0216261886650621,2.79855673228795e-05,"Adam Humphries","TEN","WR",2020
"1005","00-0022824",8,0.000307392456764581,0.0211830519851309,2.79447687967801e-05,"Andy Lee","ARI","P",2020
"1006","00-0033403",941,0.000296018885884961,0.0229266174025042,2.69108078077237e-05,"Cameron Malveaux","CLE","DL",2020
"1007","00-0036270",2041,0.000295900874960324,0.0202132114689302,2.69000795418477e-05,"Kamal Martin","GB","LB",2020
"1008","00-0032578",734,0.000292599570330982,0.0225549161011316,2.65999609391802e-05,"Woodrow Hamilton","CAR","DL",2020
"1009","00-0036379",2139,0.000290554547006717,0.0223995307576904,2.64140497278834e-05,"Bradlee Anae","DAL","DL",2020
"1010","00-0029621",231,0.000275490075497737,0.0225875455734945,2.50445523179761e-05,"Greg Zuerlein","DAL","K",2020
"1011","00-0036332",2098,0.000271123760285927,0.0225637731403602,2.46476145714479e-05,"Josiah Deguara","GB","TE",2020
"1012","00-0036434",2189,0.000266163949691901,0.021443510110553,2.41967226992638e-05,"Chapelle Russell","TB","LB",2020
"1013","00-0035625",1764,0.000263839227202523,0.0199005619405959,2.39853842911384e-05,"Juan Thornhill","KC","DB",2020
"1014","00-0036046",1926,0.000260372832944647,0.0229562533681453,2.36702575404224e-05,"Javon Hagan","TB","DB",2020
"1015","00-0035427",1712,0.000240831046499998,0.0223897263020711,2.18937314999998e-05,"Jeremy Cox","DEN","RB",2020
"1016","00-0030431",321,0.000238986877533027,0.0218771753954493,2.17260797757297e-05,"Robert Woods","LA","WR",2020
"1017","00-0035830",1857,0.000238361179121395,0.0218396271622782,2.1669198101945e-05,"J.R. Reed","LA","DB",2020
"1018","00-0033410",943,0.000238100777131374,0.0223296859635667,2.16455251937613e-05,"Cole Luke","WAS","DB",2020
"1019","00-0036191",1979,0.000229401660989213,0.021806766401234,2.08546964535648e-05,"Aaron Crawford","BAL","DL",2020
"1020","00-0034116",1167,0.000222802905845059,0.0210841978619331,2.02548096222781e-05,"J.T. Gray","NO","DB",2020
"1021","00-0036249",2024,0.000222091495155782,0.0221695796816778,2.01901359232529e-05,"Julian Okwara","DET","DL",2020
"1022","00-0036421",2177,0.000221911570178282,0.0204540604448837,2.01737791071165e-05,"Terrell Burgess","LA","DB",2020
"1023","00-0031928",571,0.000219898263289835,0.0215389873105051,1.99907512081668e-05,"Chad Slade","NYG","OL",2020
"1024","00-0035538",1741,0.000219186274298117,0.0211342787040754,1.99260249361925e-05,"Emeke Egbule","LAC","LB",2020
"1025","00-0035290",1650,0.000218863017572954,0.0220453138519858,1.98966379611776e-05,"Jaquan Johnson","BUF","DB",2020
"1026","00-0034372",1274,0.000217569134004106,0.0204395765167683,1.97790121821915e-05,"Joel Iyiegbuniwe","CHI","LB",2020
"1027","00-0034782",1433,0.000216453276943161,0.0222202510878658,1.96775706311964e-05,"Harrison Phillips","BUF","DL",2020
"1028","00-0034652",1376,0.00021601541989907,0.0211718585494642,1.963776544537e-05,"Cameron Batson","TEN","WR",2020
"1029","00-0033059",848,0.000215417441822453,0.0209784366269735,1.95834038020412e-05,"T.J. Green","ATL","DB",2020
"1030","00-0034145",1175,0.000215395169181506,0.0224436535622396,1.95813790165005e-05,"Chris Lammons","KC","DB",2020
"1031","00-0035277",1638,0.000210895892505509,0.0219947983988778,1.91723538641372e-05,"Michael Jackson","NE","DB",2020
"1032","00-0033949",1136,0.000210481989987975,0.0230017404423935,1.91347263625432e-05,"Joshua Dobbs","PIT","QB",2020
"1033","00-0033317",923,0.000207840785212468,0.0227578751120523,1.88946168374971e-05,"Erik Magnuson","LV","OL",2020
"1034","00-0034253",1206,0.000203259983497662,0.0229754288069492,1.84781803179692e-05,"Dontrell Hilliard","HOU","RB",2020
"1035","00-0035874",1875,0.000191347297756088,0.022714895340463,1.73952088869171e-05,"Josiah Coatney","SF","DL",2020
"1036","00-0033050",841,0.00018729349570235,0.0214693161448025,1.70266814274864e-05,"Xavien Howard","MIA","DB",2020
"1037","00-0033245",896,0.000175295453934132,0.0224228732491944,1.59359503576484e-05,"Jake Eldrenkamp","IND","OL",2020
"1038","00-0029963",266,0.000159213924471835,0.0210727543043716,1.44739931338032e-05,"Christopher Hubbard","CLE","OL",2020
"1039","",1,0.000159025523213867,0.0216936477182835,1.44568657467151e-05,NA,NA,NA,NA
"1040","00-0035120",1556,0.000144745199391952,0.0232695039660929,1.31586544901775e-05,"Keelan Doss","LV","WR",2020
"1041","00-0036120",1950,0.000139483908591523,0.021431923030439,1.26803553265021e-05,"Alex Taylor","CLE","OL",2020
"1042","00-0034208",1199,0.000137496743563857,0.0220628815166879,1.24997039603507e-05,"Mike Boone","MIN","RB",2020
"1043","00-0031263",443,0.000132561394364667,0.0207509818658637,1.20510358513334e-05,"Avery Williamson","PIT","LB",2020
"1044","00-0035714",1834,0.00013155144305721,0.0226045360103257,1.195922209611e-05,"Mazzi Wilkins","TB","DB",2020
"1045","00-0034335",1243,0.000127865693847916,0.0218152534411556,1.16241539861742e-05,"Marcus Allen","PIT","LB",2020
"1046","00-0033414",944,0.000119435255019845,0.0226094888992657,1.08577504563496e-05,"Eric Smith","DAL","OL",2020
"1047","00-0029653",238,0.000118482133787379,0.0211376750737825,1.07711030715799e-05,"Fletcher Cox","PHI","DL",2020
"1048","00-0030829",380,0.000116505908866224,0.02163559777076,1.05914462605659e-05,"Josh Wells","TB","OL",2020
"1049","00-0034378",1280,0.000112237987007412,0.0219821736669128,1.02034533643102e-05,"Ito Smith","ATL","RB",2020
"1050","00-0032649",744,0.000110318546061331,0.0208265681918823,1.00289587328482e-05,"Brian Price","GB","DL",2020
"1051","00-0034161",1181,0.000106009149417497,0.0220179055832912,9.63719540159067e-06,"Daniel Carlson","LV","K",2020
"1052","00-0032769",765,9.44289577632291e-05,0.0224414380160336,8.5844507057481e-06,"Brandon Williams","HOU","DB",2020
"1053","00-0028787",168,8.36376901673733e-05,0.0223101164409473,7.60342637885212e-06,"Kai Forbath","LA","K",2020
"1054","00-0036114",1947,7.18854883478388e-05,0.0214006663580019,6.53504439525807e-06,"A.J. Green","CLE","DB",2020
"1055","00-0035247",1618,6.97860038449268e-05,0.0213026690402639,6.34418216772062e-06,"Trysten Hill","DAL","DL",2020
"1056","00-0035958",1896,6.55678275728664e-05,0.0212447718888021,5.96071159753331e-06,"Sam Tecklenburg","CAR","OL",2020
"1057","00-0034684",1393,6.28024726468551e-05,0.0222262696205451,5.70931569516864e-06,"Johnny Townsend","BAL","P",2020
"1058","00-0032259",655,6.12090888062764e-05,0.0209183752143496,5.5644626187524e-06,"Ereck Flowers","MIA","OL",2020
"1059","00-0029762",254,6.00505322257195e-05,0.0216925404175363,5.45913929324722e-06,"John Wetzel","ATL","OL",2020
"1060","00-0036183",1975,5.45199083825232e-05,0.0215700385079827,4.95635530750211e-06,"Kristian Wilkerson","NE","WR",2020
"1061","00-0035358",1685,4.09961551988711e-05,0.0210999254467905,3.72692319989737e-06,"Chase McLaughlin","NYJ","K",2020
"1062","00-0035192",1587,3.98826409920535e-05,0.0222359104523684,3.62569463564123e-06,"Joey Slye","CAR","K",2020
"1063","00-0035262",1627,3.19884546609385e-05,0.0223566908267026,2.90804133281259e-06,"Drue Tranquill","LAC","LB",2020
"1064","00-0034960",1505,3.1378685821623e-05,0.021493625702854,2.85260780196573e-06,"Jakobi Meyers","NE","WR",2020
"1065","00-0034262",1210,2.70317876626291e-05,0.021121450369344,2.45743524205719e-06,"P.J. Hall","HOU","DL",2020
"1066","00-0035412",1706,2.59484383599368e-05,0.0222881795011619,2.35894894181244e-06,"Andrew Dowell","NO","LB",2020
"1067","00-0035832",1859,2.13413037594967e-05,0.0217224086973008,1.94011852359061e-06,"Tre'Vour Wallace-Simms","JAX","OL",2020
"1068","00-0033151",887,1.74691259539838e-05,0.0227871682759659,1.58810235945308e-06,"Joshua Garnett","WAS","OL",2020
"1069","00-0035536",1739,1.43087243954192e-05,0.0207296538783676,1.30079312685629e-06,"Lamont Gaillard","ARI","OL",2020
"1070","00-0034347",1251,1.16844349296995e-05,0.021620128062032,1.06222135724541e-06,"James Daniels","CHI","OL",2020
"1071","00-0031502",504,8.66741850786071e-06,0.02126465670458,7.87947137078246e-07,"Jordan Berry","PIT","P",2020
"1072","00-0036255",2030,-1.57436016779911e-06,0.0216438585001179,-1.43123651618101e-07,"Denzel Mims","NYJ","WR",2020
"1073","00-0035462",1720,-2.90282327444758e-06,0.0225595743774768,-2.6389302494978e-07,"Walter Palmore","DAL","DL",2020
"1074","00-0031152",418,-1.13552554823727e-05,0.0231949158612713,-1.03229595294297e-06,"Bryan Witzmann","KC","OL",2020
"1075","00-0036328",2094,-1.69706041425111e-05,0.0216387581604107,-1.54278219477374e-06,"Antonio Gibson","WAS","RB",2020
"1076","00-0036208",1989,-1.79101460619641e-05,0.0220495993010663,-1.62819509654219e-06,"Artavis Pierce","CHI","RB",2020
"1077","00-0030161",301,-1.90356090736464e-05,0.0220811082009676,-1.73050991578604e-06,"Bradley McDougald","NYJ","DB",2020
"1078","00-0035899",1883,-2.61500974172883e-05,0.0222890234134461,-2.37728158338984e-06,"John Brannon","LAC","DB",2020
"1079","00-0036202",1987,-2.78021711259184e-05,0.0219689024991492,-2.52747010235622e-06,"Dieter Eiselen","CHI","OL",2020
"1080","00-0033594",1015,-3.09129012213488e-05,0.0220361918104728,-2.81026374739534e-06,"Chris Carson","SEA","RB",2020
"1081","00-0036131",1954,-3.23491389755005e-05,0.0216216932624353,-2.94083081595459e-06,"Solomon Kindley","MIA","OL",2020
"1082","00-0030070",283,-3.51500350259293e-05,0.0215729930255723,-3.19545772962994e-06,"John Jenkins","CHI","DL",2020
"1083","00-0032164",625,-3.60426962488821e-05,0.0207890453329944,-3.27660874989838e-06,"Arik Armstead","SF","DL",2020
"1084","00-0033928",1122,-3.7404430937045e-05,0.0198806776695217,-3.40040281245863e-06,"Jourdan Lewis","DAL","DB",2020
"1085","00-0035751",1841,-4.41780618657281e-05,0.021638917003978,-4.01618744233892e-06,"Derrick Moncrief","LA","LB",2020
"1086","00-0035844",1864,-4.55731920947226e-05,0.0225162689696804,-4.1430174631566e-06,"Kirk Merritt","MIA","WR",2020
"1087","00-0031545",508,-4.78264858755115e-05,0.0219822738744986,-4.34786235231923e-06,"Kevin White","SF","WR",2020
"1088","00-0036090",1939,-4.80876600575343e-05,0.0226584594631985,-4.37160545977584e-06,"De'Jon Harris","GB","LB",2020
"1089","00-0034362",1265,-4.98979386472281e-05,0.0218154307280783,-4.5361762406571e-06,"Rashaan Gaulden","LV","DB",2020
"1090","00-0030558",351,-5.14435704881598e-05,0.0208667662284287,-4.67668822619635e-06,"Barkevious Mingo","CHI","LB",2020
"1091","00-0035789",1848,-5.48754949023434e-05,0.0227225542210855,-4.98868135475849e-06,"Chris Rowland","ATL","WR",2020
"1092","00-0036124",1951,-5.65892903429117e-05,0.0227507487477683,-5.1444809402647e-06,"Khalil Dorsey","BAL","DB",2020
"1093","00-0034921",1492,-6.77373043507794e-05,0.0215679672030294,-6.15793675916177e-06,"Elliott Fry","ATL","K",2020
"1094","00-0035276",1637,-7.93355072288183e-05,0.0210926522392569,-7.21231883898348e-06,"Blake Cashman","NYJ","LB",2020
"1095","00-0034428",1316,-7.9567214659064e-05,0.0210041584787202,-7.233383150824e-06,"Leon Jacobs","JAX","LB",2020
"1096","00-0034432",1320,-8.23533682829006e-05,0.022034842627567,-7.48666984390005e-06,"Bo Scarbrough","SEA","RB",2020
"1097","00-0034297",1229,-8.4340674146252e-05,0.0204560653810972,-7.66733401329564e-06,"Byron Pringle","KC","WR",2020
"1098","00-0036276",2046,-8.66701535350235e-05,0.021381668230177,-7.87910486682032e-06,"Jacob Phillips","CLE","LB",2020
"1099","00-0030386",315,-8.74917525113308e-05,0.020768917505989,-7.95379568284825e-06,"William Gholston","TB","DL",2020
"1100","00-0030566",356,-9.31694755465374e-05,0.0223079716326235,-8.46995232241249e-06,"D.J. Swearinger","NO","DB",2020
"1101","00-0028097",146,-0.00010071769101429,0.0223772135248419,-9.1561537285718e-06,"Lee Smith","BUF","TE",2020
"1102","00-0023853",22,-0.000107621001775242,0.0215414805576642,-9.78372743411291e-06,"Matt Prater","DET","K",2020
"1103","00-0034352",1256,-0.000115156988475691,0.0213926800840977,-1.04688171341537e-05,"Connor Williams","DAL","OL",2020
"1104","00-0035207",1589,-0.000116134048148442,0.0219830044426015,-1.05576407407675e-05,"Jayson Stanley","SEA","DB",2020
"1105","00-0035400",1698,-0.000122366570758512,0.0224403965579054,-1.11242337053193e-05,"Keaton Sutherland","CIN","OL",2020
"1106","00-0035976",1902,-0.000123175670056042,0.0207171435107531,-1.11977881869129e-05,"Dan Chisena","MIN","WR",2020
"1107","00-0032786",777,-0.000130355975222846,0.0231972790214219,-1.18505432020769e-05,"Marqui Christian","CHI","DB",2020
"1108","00-0036230",2006,-0.000139128237627771,0.021212052775442,-1.26480216025247e-05,"Prince Tega Wanogho","KC","OL",2020
"1109","00-0034792",1439,-0.000140060150676238,0.0218252436076785,-1.27327409705671e-05,"Cornell Armstrong","HOU","DB",2020
"1110","00-0036334",2100,-0.000143674322422108,0.0220719247886269,-1.30613020383735e-05,"Saahdiq Charles","WAS","OL",2020
"1111","00-0035636",1771,-0.000144801150916445,0.0202554176060321,-1.31637409924041e-05,"L.J. Collier","SEA","DL",2020
"1112","00-0031050",398,-0.0001479664727515,0.022717794035238,-1.34514975228636e-05,"Kareem Martin","DET","LB",2020
"1113","00-0036308",2075,-0.000148762616426492,0.0230541248326605,-1.35238742205902e-05,"Isaiah Coulter","HOU","WR",2020
"1114","00-0035889",1878,-0.000153434833008894,0.0219224452048383,-1.39486211826267e-05,"Tommy Townsend","KC","P",2020
"1115","00-0034273",1218,-0.000159948967677152,0.0228828769643809,-1.45408152433774e-05,"Damion Ratley","HOU","WR",2020
"1116","00-0029215",191,-0.000160059162873895,0.0223388089234403,-1.45508329885359e-05,"George Iloka","MIN","DB",2020
"1117","00-0036374",2134,-0.000160777077636423,0.0209658418247184,-1.46160979669475e-05,"L'Jarius Sneed","KC","DB",2020
"1118","00-0035282",1643,-0.000163872291044835,0.0219225708281023,-1.48974810040759e-05,"Easton Stick","LAC","QB",2020
"1119","00-0035868",1873,-0.00017966936896601,0.0222368243691923,-1.633357899691e-05,"Javon Leake","WAS","RB",2020
"1120","00-0035406",1702,-0.000185322623351006,0.0236494795853425,-1.68475112137278e-05,"Lil'Jordan Humphrey","NO","WR",2020
"1121","00-0033546",985,-0.000198946389450706,0.0217148333804117,-1.80860354046096e-05,"Dalvin Tomlinson","NYG","DL",2020
"1122","00-0036236",2012,-0.000200005964417038,0.02121733422771,-1.81823604015489e-05,"Nick Harris","CLE","OL",2020
"1123","00-0035660",1790,-0.000204930732851159,0.0226918465493419,-1.86300666228326e-05,"Kahale Warring","HOU","TE",2020
"1124","00-0035838",1862,-0.000207975969336257,0.0209147273245159,-1.89069063032961e-05,"Matt Cole","SF","WR",2020
"1125","00-0036407",2164,-0.000210337758600619,0.0217298929331912,-1.91216144182381e-05,"Jerry Jeudy","DEN","WR",2020
"1126","00-0034957",1502,-0.000210642811060883,0.0215439760628562,-1.91493464600803e-05,"Calvin Anderson","DEN","OL",2020
"1127","00-0034255",1207,-0.0002145979158169,0.0226281270564736,-1.95089014379e-05,"Montrel Meander","CLE","DB",2020
"1128","00-0033920",1116,-0.000214776688350238,0.0216711644754345,-1.95251534863853e-05,"Derek Rivers","LA","DL",2020
"1129","00-0031366",475,-0.000221682549878093,0.0219419783526143,-2.01529590798267e-05,"Deone Bucannon","TB","LB",2020
"1130","00-0034266",1214,-0.00022783857391845,0.0217049290425094,-2.071259762895e-05,"Kenny Young","LA","LB",2020
"1131","00-0032381",669,-0.000233103368083981,0.0218829416713484,-2.11912152803619e-05,"Taylor Decker","DET","OL",2020
"1132","00-0034559",1356,-0.000239162381546429,0.0221519583022467,-2.1742034686039e-05,"Austin Larkin","CAR","DL",2020
"1133","00-0036369",2129,-0.000252218118484648,0.0220537057632163,-2.29289198622407e-05,"John Simpson","LV","OL",2020
"1134","00-0029984",267,-0.000260867484905344,0.0219215331148536,-2.37152259004858e-05,"Ryan Allen","IND","P",2020
"1135","00-0032192",628,-0.000261637145573403,0.021912701500858,-2.37851950521275e-05,"Daniel Munyer","TEN","OL",2020
"1136","00-0034987",1523,-0.000267702141486497,0.0221661914668673,-2.43365583169543e-05,"E.J. Speed","IND","LB",2020
"1137","00-0031395",488,-0.000271269398095529,0.0221376077762575,-2.46608543723208e-05,"Garrett Gilbert","DAL","QB",2020
"1138","00-0033791",1056,-0.000271635120848862,0.0215074896968268,-2.46941018953511e-05,"Brandon Wilson","CIN","DB",2020
"1139","00-0036006",1912,-0.000286592005448472,0.0220008173507744,-2.60538186771339e-05,"Michael Warren","WAS","RB",2020
"1140","00-0032660",746,-0.000286867259624203,0.0217908816507129,-2.60788417840185e-05,"Brandin Bryant","BUF","DL",2020
"1141","00-0035005",1534,-0.000287670010165472,0.0224536624672183,-2.6151819105952e-05,"Javon Patterson","CLE","OL",2020
"1142","00-0035155",1576,-0.000294035870876678,0.0234506181768577,-2.67305337160616e-05,"Mark Fields","HOU","DB",2020
"1143","00-0030465",330,-0.000299970812729367,0.022312007556691,-2.72700738844879e-05,"Kenjon Barner","TB","RB",2020
"1144","00-0034988",1524,-0.000305227355088229,0.0210687584311834,-2.77479413716572e-05,"Kaden Smith","NYG","TE",2020
"1145","00-0030648",366,-0.000311491049356999,0.0216224974750663,-2.83173681233636e-05,"Alejandro Villanueva","PIT","OL",2020
"1146","00-0031288",451,-0.000325803587503033,0.0232687050864648,-2.96185079548212e-05,"AJ McCarron","HOU","QB",2020
"1147","00-0035025",1539,-0.00032687298620017,0.022099389514994,-2.97157260181972e-05,"Hale Hentges","MIN","TE",2020
"1148","00-0026189",43,-0.00032782101665412,0.0217257222340014,-2.980191060492e-05,"DeSean Jackson","PHI","WR",2020
"1149","00-0035975",1901,-0.000335695146960614,0.0226864940222282,-3.05177406327831e-05,"Jake Bargas","MIN","RB",2020
"1150","00-0035539",1742,-0.000337497321820392,0.0225365987865381,-3.06815747109447e-05,"Isaac Nauta","GB","TE",2020
"1151","00-0035529",1733,-0.000353679969845808,0.0219165499382653,-3.21527245314371e-05,"Hakeem Butler","PHI","TE",2020
"1152","00-0033635",1022,-0.000370693782209301,0.0227045187376196,-3.36994347463001e-05,"Isaiah Irving","ARI","LB",2020
"1153","00-0036394",2152,-0.000376081477222379,0.0201709673679617,-3.41892252020345e-05,"Darnay Holmes","NYG","DB",2020
"1154","00-0032772",767,-0.000376260466477934,0.0214570136360893,-3.42054969525395e-05,"Ryan Smith","TB","DB",2020
"1155","00-0035643",1776,-0.000379421408032864,0.0216674868091513,-3.44928552757149e-05,"Jeffery Simmons","TEN","DL",2020
"1156","00-0034842",1471,-0.000379647763494363,0.0207921426031352,-3.45134330449421e-05,"Taven Bryan","JAX","DL",2020
"1157","00-0025396",31,-0.000382409618258409,0.0217745738411528,-3.47645107507645e-05,"Ted Ginn","CHI","WR",2020
"1158","00-0036396",2154,-0.000383344570339974,0.0217764081133647,-3.48495063945431e-05,"Jack Driscoll","PHI","OL",2020
"1159","00-0034798",1443,-0.000386346662178939,0.0209704283160943,-3.5122423834449e-05,"Durham Smythe","MIA","TE",2020
"1160","00-0029409",206,-0.000388252687951194,0.0227272769739979,-3.5295698904654e-05,"Mychal Kendricks","WAS","LB",2020
"1161","00-0033555",992,-0.000391680481551694,0.0212528235536864,-3.56073165046995e-05,"Mack Hollins","MIA","WR",2020
"1162","00-0036239",2015,-0.000400826222082451,0.0225108722889235,-3.6438747462041e-05,"Jonathan Garvin","GB","LB",2020
"1163","00-0028063",141,-0.00040251257879303,0.0212270141292554,-3.65920526175482e-05,"Taiwan Jones","BUF","RB",2020
"1164","00-0035341",1677,-0.000408349082856567,0.0226018254704829,-3.71226438960516e-05,"Trenton Irwin","CIN","WR",2020
"1165","00-0034325",1239,-0.000408873234750413,0.021821416194978,-3.71702940682193e-05,"Taylor Stallworth","IND","DL",2020
"1166","00-0035860",1870,-0.000412209969932221,0.0231662993081101,-3.74736336302019e-05,"Tony Jones","NO","RB",2020
"1167","00-0034407",1304,-0.000414057557022351,0.0217604685132084,-3.7641596092941e-05,"Ray-Ray McCloud","PIT","WR",2020
"1168","00-0036189",1978,-0.000418713558367917,0.022229926414639,-3.80648689425379e-05,"Josh Thomas","BUF","DB",2020
"1169","00-0035995",1906,-0.000421014359565115,0.0222112725646026,-3.82740326877377e-05,"Grayland Arnold","PHI","DB",2020
"1170","00-0032945",811,-0.000421243795443515,0.0228492892058769,-3.8294890494865e-05,"Duke Williams","BUF","WR",2020
"1171","00-0032436",704,-0.000421672696712077,0.0207069570918878,-3.83338815192797e-05,"Jeff Driskel","DEN","QB",2020
"1172","00-0035833",1860,-0.000421777711260367,0.0222663253146575,-3.8343428296397e-05,"Brandon Wright","LA","P",2020
"1173","00-0033951",1138,-0.000427018350443632,0.0221244757208045,-3.88198500403301e-05,"Marlon Mack","IND","RB",2020
"1174","00-0035679",1806,-0.000428821127031938,0.0214803719716596,-3.89837388210852e-05,"Connor McGovern","DAL","OL",2020
"1175","00-0034336",1244,-0.000429732314661974,0.0226448213092276,-3.90665740601795e-05,"Shaun Dion Hamilton","WAS","LB",2020
"1176","00-0035717",1835,-0.000430604591018832,0.0229920858951313,-3.91458719108029e-05,"Nick Bosa","SF","DL",2020
"1177","00-0032464",713,-0.000436103715278002,0.0209628004303433,-3.96457922980002e-05,"Kalif Raymond","TEN","WR",2020
"1178","00-0035383",1692,-0.000440033047854855,0.0217040795090377,-4.00030043504413e-05,"Nate Herbig","PHI","OL",2020
"1179","00-0035284",1644,-0.000441584036011478,0.0226403726170219,-4.01440032737708e-05,"D'Andre Walker","SEA","LB",2020
"1180","00-0034125",1170,-0.000441816248205634,0.0214206319099904,-4.01651134732395e-05,"Kendal Vickers","LV","DL",2020
"1181","00-0034612",1368,-0.000446988894076666,0.0220947350061081,-4.06353540069697e-05,"Demone Harris","KC","DL",2020
"1182","00-0036372",2132,-0.000449502075065371,0.0229946772929197,-4.08638250059428e-05,"Reggie Robinson","DAL","DB",2020
"1183","00-0035533",1737,-0.000456139141652414,0.021158883258564,-4.1467194695674e-05,"Ryan Connelly","MIN","LB",2020
"1184","00-0035318",1666,-0.000456978570018636,0.0218816475641991,-4.15435063653306e-05,"Ken Webster","SF","DB",2020
"1185","00-0034984",1522,-0.000461867844050556,0.0211860316538335,-4.19879858227779e-05,"Kingsley Keke","GB","DL",2020
"1186","00-0032098",603,-0.000467022828630915,0.0216721713687179,-4.24566207846286e-05,"Daniel Brown","NYJ","WR",2020
"1187","00-0035145",1570,-0.000482097781092487,0.022324318432602,-4.38270710084079e-05,"Austin Seibert","CIN","K",2020
"1188","00-0036352",2116,-0.000485168726342511,0.0221484481527539,-4.41062478493192e-05,"Carlos Davis","PIT","DL",2020
"1189","00-0036297",2065,-0.00049104381425769,0.0220329370393562,-4.46403467506991e-05,"Darrynton Evans","TEN","RB",2020
"1190","00-0031598",535,-0.000496848190720028,0.0214959543018149,-4.51680173381844e-05,"Nick Boyle","BAL","TE",2020
"1191","00-0035567",1746,-0.000501947033736798,0.0220611329859067,-4.56315485215271e-05,"Craig Reynolds","JAX","RB",2020
"1192","00-0035903",1885,-0.000502539602984592,0.0222490656553778,-4.56854184531447e-05,"Joe Gaziano","LAC","DL",2020
"1193","00-0032573",731,-0.000505071067834677,0.022132430192167,-4.59155516213342e-05,"Patrick Onwuasor","NYJ","LB",2020
"1194","00-0029570",220,-0.000508684120831627,0.0218283877921873,-4.62440109846934e-05,"Nate Ebner","NYG","DB",2020
"1195","00-0034395",1296,-0.000511278567099254,0.0229010529200724,-4.64798697362958e-05,"Daurice Fountain","IND","WR",2020
"1196","00-0030792",378,-0.000514694835642247,0.0216944015399791,-4.67904396038406e-05,"Justin McCray","ATL","OL",2020
"1197","00-0030023",270,-0.000514891298407252,0.0220387181520723,-4.68082998552047e-05,"Jordan Dangerfield","PIT","DB",2020
"1198","00-0036222",1999,-0.000522838414731704,0.0218751128549518,-4.75307649756095e-05,"Isaiah Rodgers","IND","DB",2020
"1199","00-0034764",1420,-0.000528595675887966,0.0212593908008857,-4.80541523534515e-05,"Michael Gallup","DAL","WR",2020
"1200","00-0036415",2171,-0.000528925884058031,0.0201947056590066,-4.80841712780028e-05,"Van Jefferson","LA","WR",2020
"1201","00-0034760",1417,-0.000529726547165622,0.0214521105083628,-4.81569588332384e-05,"Nathan Shepherd","NYJ","DL",2020
"1202","00-0030089",288,-0.000530490582313079,0.0218433431766988,-4.82264165739163e-05,"Luke Willson","SEA","TE",2020
"1203","00-0036311",2078,-0.000530794788856857,0.0209576641135122,-4.82540717142598e-05,"Bravvion Roy","CAR","DL",2020
"1204","00-0022924",10,-0.000533533593315096,0.0204264103377987,-4.8503053937736e-05,"Ben Roethlisberger","PIT","QB",2020
"1205","00-0031484",500,-0.000539637567396419,0.0201537501172382,-4.90579606724017e-05,"Chris Manhertz","CAR","TE",2020
"1206","00-0032881",795,-0.000540687495845391,0.0220479271302807,-4.91534087132174e-05,"Tommylee Lewis","NO","WR",2020
"1207","00-0033540",980,-0.000543658033480761,0.023434159723347,-4.94234575891601e-05,"Takkarist McKinley","LV","DL",2020
"1208","00-0035345",1679,-0.00054526139171829,0.0224493771455672,-4.95692174289355e-05,"Chris Myarick","MIA","TE",2020
"1209","00-0036111",1946,-0.000546808092546802,0.023262929969677,-4.97098265951638e-05,"Tony Brown","WAS","WR",2020
"1210","00-0035442",1716,-0.000554149318323225,0.0218020426272962,-5.03772107566568e-05,"Elijah Holyfield","PHI","RB",2020
"1211","00-0033096",865,-0.000556407566645395,0.0203224613358432,-5.05825060586722e-05,"Shaq Lawson","MIA","DL",2020
"1212","00-0032269",660,-0.000556709255201161,0.0209670310533281,-5.06099322910147e-05,"Henry Anderson","NYJ","DL",2020
"1213","00-0035879",1876,-0.000564721047647798,0.0225514049420896,-5.13382770588907e-05,"Omari Cobb","KC","LB",2020
"1214","00-0033819",1059,-0.000568324221557377,0.0225845465561088,-5.16658383233979e-05,"Jamal Carter","ATL","DB",2020
"1215","00-0030615",365,-0.000572049519988923,0.021511773980391,-5.20045018171748e-05,"James Winchester","KC","LS",2020
"1216","00-0036458",2201,-0.00058100347395381,0.0218876827962157,-5.28184976321646e-05,"Hunter Niswander","DAL","P",2020
"1217","00-0035382",1691,-0.00058575932524257,0.0209600827262109,-5.32508477493246e-05,"Ryan Bates","BUF","OL",2020
"1218","00-0033505",966,-0.000586875620133687,0.0231363640875451,-5.33523291030625e-05,"Cameron Tom","NO","OL",2020
"1219","00-0033298",917,-0.000590335298967204,0.0224114600982203,-5.36668453606549e-05,"Pita Taumoepenu","ATL","LB",2020
"1220","00-0036459",2202,-0.000593908839838587,0.0224294110042292,-5.39917127125988e-05,"Taylor Russolino","DEN","K",2020
"1221","00-0036228",2004,-0.000600740426852363,0.0220167169047533,-5.46127660774875e-05,"Dezmon Patmon","IND","WR",2020
"1222","00-0035413",1707,-0.000603960336512654,0.0222868005347796,-5.4905485137514e-05,"Luke Gifford","DAL","LB",2020
"1223","00-0036387",2145,-0.000605060834030359,0.0218964606061242,-5.50055303663962e-05,"Jalen Reagor","PHI","WR",2020
"1224","00-0034587",1361,-0.000608591305772358,0.0221343231759681,-5.53264823429417e-05,"Abdullah Anderson","MIN","DL",2020
"1225","00-0036390",2148,-0.000618762385722169,0.0200586869703226,-5.62511259747426e-05,"Michael Ojemudia","DEN","DB",2020
"1226","00-0031636",544,-0.00062645836022767,0.0220104934815172,-5.69507600206973e-05,"Justin Hamilton","DAL","DL",2020
"1227","00-0035954",1894,-0.000629762364408327,0.022529122182192,-5.72511240371207e-05,"Chris Orr","CAR","LB",2020
"1228","00-0034571",1357,-0.00063272320826913,0.0217446112427187,-5.752029166083e-05,"Trenton Scott","CAR","OL",2020
"1229","00-0035743",1839,-0.000634494968199971,0.0209631590085369,-5.76813607454519e-05,"Brett Toth","PHI","OL",2020
"1230","00-0030382",313,-0.000638277349479597,0.0221674835675028,-5.80252135890543e-05,"Kevin Minter","TB","LB",2020
"1231","00-0027988",133,-0.000639321207062855,0.0228651512729916,-5.81201097329868e-05,"Marcus Gilchrist","BAL","DB",2020
"1232","00-0035339",1676,-0.000640041512655449,0.022765483734197,-5.81855920595862e-05,"Montre Hartage","NYG","DB",2020
"1233","00-0031079",406,-0.000645557299862126,0.0222026621161838,-5.86870272601933e-05,"Pat O'Donnell","CHI","P",2020
"1234","00-0034213",1200,-0.000646908779271337,0.0222955678144793,-5.8809889024667e-05,"Holton Hill","MIN","DB",2020
"1235","00-0026762",54,-0.000647922625815598,0.0216128611954797,-5.89020568923271e-05,"Alex Boone","SEA","OL",2020
"1236","00-0036045",1925,-0.000650270473524531,0.0208766625198531,-5.91154975931392e-05,"Cam Gill","TB","LB",2020
"1237","00-0033199",891,-0.0006520337324339,0.0214105357988549,-5.92757938576273e-05,"Taybor Pepper","SF","LS",2020
"1238","00-0036199",1986,-0.00066290627824231,0.021694238648205,-6.02642071129372e-05,"Geno Stone","HOU","DB",2020
"1239","00-0036225",2002,-0.00066316703729074,0.0214710081957187,-6.02879124809764e-05,"Dalton Keene","NE","TE",2020
"1240","00-0033463",956,-0.000664076381054989,0.0210615936750112,-6.03705800959081e-05,"Carl Lawson","CIN","DL",2020
"1241","00-0036033",1920,-0.000665956712652543,0.0220563583416581,-6.05415193320493e-05,"Sewo Olonilua","DAL","RB",2020
"1242","00-0031624",541,-0.000670899818381817,0.0214440083996631,-6.09908925801652e-05,"Edmond Robinson","ATL","LB",2020
"1243","00-0031923",570,-0.000674415459196122,0.0220228154729487,-6.13104962905565e-05,"Greg Mancz","BAL","OL",2020
"1244","00-0032807",785,-0.000693593454457724,0.0215036407476574,-6.30539504052476e-05,"Clayton Fejedelem","MIA","DB",2020
"1245","00-0029615",230,-0.000694848783999208,0.022262873260071,-6.31680712726553e-05,"Lamar Miller","WAS","RB",2020
"1246","00-0036315",2082,-0.000711631134136057,0.0214950911611524,-6.46937394669142e-05,"Stantley Thomas-Oliver","CAR","DB",2020
"1247","00-0034258",1208,-0.000716317240390465,0.0219454379221591,-6.5119749126406e-05,"Derrick Willies","CLE","WR",2020
"1248","00-0035288",1648,-0.000717361026750677,0.0219442716155359,-6.52146387955161e-05,"Saquan Hampton","NYJ","DB",2020
"1249","00-0032581",736,-0.00071770607147941,0.0208660183852089,-6.52460064981282e-05,"Cre'von LeBlanc","PHI","DB",2020
"1250","00-0035202",1588,-0.000720293092441786,0.0225675799782349,-6.54811902219806e-05,"Del'Shawn Phillips","BUF","LB",2020
"1251","00-0035823",1855,-0.000720645403764165,0.0207485021421643,-6.5513218524015e-05,"Ben Ellefson","JAX","TE",2020
"1252","00-0036241",2017,-0.000724476993157761,0.0219920185400777,-6.58615448325238e-05,"Bryce Hall","NYJ","DB",2020
"1253","00-0033296",915,-0.000731445739752187,0.0219895841681738,-6.64950672501988e-05,"Alex Armah","CAR","RB",2020
"1254","00-0033840",1063,-0.000735293115179713,0.0218451853715801,-6.68448286527012e-05,"Chad Hansen","HOU","WR",2020
"1255","00-0036277",2047,-0.000752813635660994,0.0212252013069534,-6.84376032419085e-05,"Quintez Cephus","DET","WR",2020
"1256","00-0035639",1773,-0.000755742932139114,0.0218606081915818,-6.87039029217376e-05,"Parris Campbell","IND","WR",2020
"1257","00-0031999",585,-0.00075764060513816,0.0215322998820832,-6.88764186489237e-05,"Justin March-Lillard","DAL","LB",2020
"1258","00-0034339",1246,-0.0007579902651738,0.022911323144083,-6.89082059248909e-05,"Trey Quinn","JAX","WR",2020
"1259","00-0034355",1259,-0.000759367474831116,0.0204922792744549,-6.90334068028288e-05,"M.J. Stewart","CLE","DB",2020
"1260","00-0035130",1559,-0.000759612194216892,0.0223904658417518,-6.90556540197175e-05,"Dylan Mabin","MIN","DB",2020
"1261","00-0034417",1309,-0.000762073382436903,0.0209009847772729,-6.92793984033548e-05,"Matt Pryor","PHI","OL",2020
"1262","00-0034996",1531,-0.000762284697909538,0.022002527393251,-6.92986089008671e-05,"Tim Harris","SF","DB",2020
"1263","00-0035136",1562,-0.00076363062197856,0.0228652929537081,-6.94209656344145e-05,"Aaron Adeoye","BAL","LB",2020
"1264","00-0033787",1053,-0.000764519094405459,0.0226341952306008,-6.95017358550417e-05,"Jake Elliott","PHI","K",2020
"1265","00-0034380",1281,-0.000776385830515681,0.0214461914296391,-7.05805300468801e-05,"Will Richardson","JAX","OL",2020
"1266","00-0034772",1425,-0.000778089261282613,0.02330979088494,-7.07353873893284e-05,"Antonio Callaway","KC","WR",2020
"1267","00-0031264",444,-0.000780086137385646,0.0230013714305677,-7.09169215805133e-05,"Chris Smith","LV","DL",2020
"1268","00-0034941",1495,-0.000786497515774296,0.0217681837789371,-7.14997741612996e-05,"Mitch Wishnowsky","SF","P",2020
"1269","00-0022787",7,-0.000787597079232169,0.0214810256394469,-7.15997344756518e-05,"Matt Schaub","ATL","QB",2020
"1270","00-0033960",1143,-0.000796776167085927,0.0221651610501988,-7.24341970078116e-05,"Danny Isidora","PIT","OL",2020
"1271","00-0035999",1908,-0.000804924462636825,0.0213616461133914,-7.31749511488022e-05,"Luke Juriga","PHI","OL",2020
"1272","00-0030527",345,-0.000836055874190698,0.0212048161576046,-7.60050794718816e-05,"Alec Ogletree","NYJ","LB",2020
"1273","00-0032835",789,-0.000836839839747612,0.0225125647159758,-7.60763490679647e-05,"Jon Brown","JAX","K",2020
"1274","00-0032877",794,-0.000840679367318157,0.0219022484905168,-7.64253970289233e-05,"Marcus Henry","DAL","OL",2020
"1275","00-0036231",2007,-0.000850710597877452,0.0209195290978036,-7.73373270797683e-05,"Kyle Dugger","NE","DB",2020
"1276","00-0034641",1374,-0.000857443235318972,0.0216944662580848,-7.79493850289975e-05,"Chris Jones","MIN","DB",2020
"1277","00-0036302",2069,-0.000868678779455944,0.0217267202276735,-7.89707981323586e-05,"Jaylinn Hawkins","ATL","DB",2020
"1278","00-0032916",802,-0.000883390859767163,0.0226075470904546,-8.0308259978833e-05,"Trevor Williams","PIT","DB",2020
"1279","00-0035906",1886,-0.000888452764746188,0.0218022754035981,-8.07684331587443e-05,"Jessie Lemonier","LAC","DL",2020
"1280","00-0034337",1245,-0.000900542732009887,0.0207818341092838,-8.18675210918079e-05,"Greg Stroman","WAS","DB",2020
"1281","00-0034662",1381,-0.000901720128029293,0.0210690833211372,-8.19745570935721e-05,"Joshua Kalu","TEN","DB",2020
"1282","00-0036296",2064,-0.000905268568839763,0.0218942403401667,-8.22971426217967e-05,"Jabari Zuniga","NYJ","DL",2020
"1283","00-0033897",1099,-0.00091289042335094,0.0220017739860989,-8.29900384864491e-05,"Joe Mixon","CIN","RB",2020
"1284","00-0036438",2193,-0.000914599090312251,0.0218977964182667,-8.31453718465682e-05,"Stephen Sullivan","SEA","TE",2020
"1285","00-0024061",23,-0.00092071827619663,0.0216594688974737,-8.37016614724209e-05,"Tramon Williams","GB","DB",2020
"1286","00-0033963",1144,-0.000927946956038589,0.0217852327305669,-8.43588141853263e-05,"Tanzel Smart","NYJ","DL",2020
"1287","00-0031734",548,-0.000932662703225915,0.0213506911912135,-8.47875184750832e-05,"Chris Reed","CAR","OL",2020
"1288","00-0031253",437,-0.000946740657029311,0.0226764909740657,-8.60673324572101e-05,"K'Waun Williams","SF","DB",2020
"1289","00-0036130",1953,-0.000953747668967743,0.0203107220665809,-8.67043335425221e-05,"Justin Madubuike","BAL","DL",2020
"1290","00-0033734",1039,-0.00098165377654639,0.0206588390665249,-8.92412524133082e-05,"Jamal Perry","MIA","DB",2020
"1291","00-0035600",1755,-0.00098557332250166,0.0227538671988535,-8.95975747728782e-05,"Freedom Akinmoladun","CIN","DL",2020
"1292","00-0032517",719,-0.000986505530308547,0.0225170566026928,-8.96823209371406e-05,"Briean Boddy-Calhoun","SF","DB",2020
"1293","00-0032486",716,-0.000997145584505654,0.0217831462743424,-9.06495985914231e-05,"Kameron Canaday","PIT","LS",2020
"1294","00-0035573",1747,-0.000998124337603202,0.0211914170035004,-9.07385761457456e-05,"Kareem Orr","TEN","DB",2020
"1295","00-0034389",1290,-0.00100024240154437,0.0225403263146009,-9.09311274131248e-05,"Dane Cruikshank","TEN","DB",2020
"1296","00-0035541",1743,-0.00100150932237294,0.022731949517088,-9.10463020339038e-05,"Michael Dogbe","ARI","DL",2020
"1297","00-0032641",743,-0.00100872619138802,0.0226505574771583,-9.17023810352746e-05,"Donte Deayon","LA","DB",2020
"1298","00-0032592",737,-0.00102133264213394,0.0211261860661546,-9.2848422012176e-05,"Sharrod Neasman","ATL","DB",2020
"1299","00-0035607",1757,-0.00102863546677357,0.0223082527245978,-9.35123151612336e-05,"Marquise Copeland","LA","DL",2020
"1300","00-0033945",1132,-0.0010353675872948,0.0204608110629576,-9.41243261177094e-05,"Samson Ebukam","LA","LB",2020
"1301","00-0031385",484,-0.00104344162769716,0.0220966743591655,-9.48583297906513e-05,"Sergio Castillo","NYJ","K",2020
"1302","00-0036359",2121,-0.00104703615406064,0.02120655112455,-9.51851049146037e-05,"Damon Arnette","LV","DB",2020
"1303","00-0035048",1545,-0.00104992412239238,0.0233974696791348,-9.54476474902164e-05,"Wyatt Ray","TEN","DL",2020
"1304","00-0035646",1779,-0.00105550379440155,0.0199641956982936,-9.59548904001414e-05,"Sione Takitaki","CLE","LB",2020
"1305","00-0033729",1037,-0.00105678491683421,0.0224654296604639,-9.60713560758373e-05,"Cameron Johnston","PHI","P",2020
"1306","00-0030216",305,-0.00106010486169088,0.0195426929824759,-9.63731692446255e-05,"Josh Hill","NO","TE",2020
"1307","00-0032480",715,-0.00106268252113897,0.022217634884537,-9.66075019217243e-05,"Eddie Yarbrough","MIN","DL",2020
"1308","00-0035230",1602,-0.00106867942578933,0.020958818555692,-9.71526750717577e-05,"Ed Oliver","BUF","DL",2020
"1309","00-0036319",2085,-0.0010724102191634,0.0213876299282365,-9.7491838105764e-05,"Sterling Hofrichter","ATL","P",2020
"1310","00-0033266",901,-0.00107891126386806,0.0223286430735226,-9.80828421698239e-05,"JoJo Natson","CLE","WR",2020
"1311","00-0027029",61,-0.00107986880710125,0.0213695927179257,-9.81698915546589e-05,"LeSean McCoy","TB","RB",2020
"1312","00-0032726",753,-0.00109283715170007,0.0217542539219657,-9.93488319727334e-05,"Ka'imi Fairbairn","HOU","K",2020
"1313","00-0034500",1342,-0.00109371847859456,0.020725866673912,-9.94289525995054e-05,"Tae Davis","CLE","LB",2020
"1314","00-0033147",886,-0.00109826758027537,0.0224125623164181,-9.98425072977605e-05,"Darron Lee","BUF","LB",2020
"1315","00-0031298",453,-0.00109974457154977,0.0201216319274263,-9.99767792317977e-05,"Jimmie Ward","SF","DB",2020
"1316","00-0035279",1640,-0.00110861451224297,0.021100711822871,-0.000100783137476633,"Charles Omenihu","HOU","DL",2020
"1317","00-0035551",1745,-0.0011302989215689,0.0216339761051135,-0.000102754447415355,"Tony Brooks-James","ATL","RB",2020
"1318","00-0028087",144,-0.00113063541783902,0.0214017505314623,-0.000102785037985365,"Dion Lewis","NYG","RB",2020
"1319","00-0030565",355,-0.00113964832192665,0.0234614394651762,-0.000103604392902422,"Geno Smith","SEA","QB",2020
"1320","00-0035841",1863,-0.00114354997380459,0.0218439315778977,-0.00010395908852769,"Benito Jones","MIA","DL",2020
"1321","00-0034456",1330,-0.0011449893771148,0.0222029173267949,-0.000104089943374073,"David Steinmetz","WAS","OL",2020
"1322","00-0027980",130,-0.00115044016785308,0.0219158174492177,-0.000104585469804826,"Brooks Reed","TEN","LB",2020
"1323","00-0035693",1817,-0.00115154325416279,0.0205333522359964,-0.000104685750378436,"Johnathan Abram","LV","DB",2020
"1324","00-0035519",1727,-0.00117291051499441,0.021733046960786,-0.000106628228635855,"Isaiah Mack","NE","DL",2020
"1325","00-0036081",1934,-0.00117938372148251,0.0213345830212912,-0.000107216701952956,"Broderick Washington","BAL","DL",2020
"1326","00-0032609",740,-0.00118220370608617,0.0230021888323786,-0.000107473064189652,"Marken Michel","CAR","WR",2020
"1327","00-0034994",1529,-0.00118465135576236,0.0211923204075403,-0.000107695577796578,"Olisaemeka Udoh","MIN","OL",2020
"1328","00-0032596",738,-0.00118824016146426,0.0202698054837825,-0.000108021832860388,"Brian Poole","NYJ","DB",2020
"1329","00-0032875",793,-0.00119822730105942,0.0239025770279916,-0.000108929754641766,"Ken Crawley","NO","DB",2020
"1330","00-0033525",970,-0.00120152246254157,0.021760613231402,-0.000109229314776507,"Ryan Anderson","WAS","DL",2020
"1331","00-0029692",246,-0.00120277066062736,0.021896037928328,-0.00010934278732976,"Bryan Anger","HOU","P",2020
"1332","00-0036227",2003,-0.00120994253641866,0.0221951150931556,-0.00010999477603806,"Robert Windsor","IND","DL",2020
"1333","00-0034430",1318,-0.00121644346585817,0.0225210997521251,-0.00011058576962347,"Andre Smith","BUF","LB",2020
"1334","00-0033958",1142,-0.00122385051848305,0.0215977421101024,-0.000111259138043914,"Nathan Peterman","LV","QB",2020
"1335","00-0033539",979,-0.00123499218799284,0.0208841650765817,-0.000112272017090258,"Jarrad Davis","DET","LB",2020
"1336","00-0034522",1350,-0.00124609080677905,0.0230187039295225,-0.000113280982434459,"KC McDermott","JAX","OL",2020
"1337","00-0032793",783,-0.00125014904303842,0.0228787871761767,-0.000113649913003493,"Blake Countess","PHI","DB",2020
"1338","00-0036142",1958,-0.00125524733941878,0.0217768545655084,-0.000114113394492617,"Isaiah Wright","WAS","WR",2020
"1339","00-0034974",1513,-0.00125822261622412,0.0205845397405747,-0.000114383874202193,"Julian Love","NYG","DB",2020
"1340","00-0028374",163,-0.00126144842160959,0.0226580680618672,-0.000114677129237236,"Kyle Nelson","SF","LS",2020
"1341","00-0036248",2023,-0.00128459504935864,0.0209325875477264,-0.000116781368123513,"Austin Jackson","MIA","OL",2020
"1342","00-0035678",1805,-0.00128492157307715,0.0215611632071063,-0.000116811052097923,"Dre'Mont Jones","DEN","DL",2020
"1343","00-0030010",268,-0.00129267128642708,0.0210459261329695,-0.000117515571493371,"Brandon Copeland","NE","LB",2020
"1344","00-0031566",521,-0.00129361875027655,0.021441466554502,-0.000117601704570595,"Trey Flowers","DET","DL",2020
"1345","00-0028284",160,-0.00129373030277965,0.0219987898273105,-0.000117611845707241,"Patrick Scales","CHI","LS",2020
"1346","00-0032870",791,-0.00130139920534783,0.022081680748828,-0.000118309018667985,"Aldrick Rosas","JAX","K",2020
"1347","00-0028240",158,-0.00130305149868983,0.0213874104928022,-0.000118459227153621,"Kenny Wiggins","NYG","OL",2020
"1348","00-0034962",1506,-0.00131802751889939,0.021364708477977,-0.000119820683536308,"Terez Hall","NE","LB",2020
"1349","00-0032054",592,-0.00132054621618979,0.0210016720723264,-0.000120049656017254,"Breshad Perriman","NYJ","WR",2020
"1350","00-0034626",1370,-0.00132177498759305,0.0229251231076451,-0.000120161362508459,"Trevor Daniel","TEN","P",2020
"1351","00-0028845",170,-0.00132187504581968,0.0222399601019936,-0.00012017045871088,"Josh Harris","ATL","LS",2020
"1352","00-0030448",325,-0.00132216845090849,0.0211814505102048,-0.000120197131900772,"Kawann Short","CAR","DL",2020
"1353","00-0036303",2070,-0.0013261865046294,0.0217657548722822,-0.000120562409511764,"Josiah Scott","JAX","DB",2020
"1354","00-0036287",2055,-0.0013312644487111,0.0216897570470704,-0.000121024040791919,"Noah Igbinoghene","MIA","DB",2020
"1355","00-0036437",2192,-0.00133224759110028,0.022044899406602,-0.000121113417372753,"Tremayne Anchrum","LA","OL",2020
"1356","00-0034899",1487,-0.00133623605185113,0.022484354149927,-0.000121476004713739,"John Wolford","LA","QB",2020
"1357","00-0027375",70,-0.00134062825127388,0.0216533684091851,-0.000121875295570353,"Tramaine Brock","DET","DB",2020
"1358","00-0033930",1124,-0.00134979957463964,0.0206871791822881,-0.000122709052239967,"Cameron Sutton","PIT","DB",2020
"1359","00-0031061",402,-0.00135910854998783,0.0210806893601535,-0.000123555322726166,"Dontae Johnson","SF","DB",2020
"1360","00-0036077",1932,-0.0013616058554148,0.0217281494458694,-0.000123782350492254,"Juju Hughes","LA","DB",2020
"1361","00-0036000",1909,-0.00137247010017827,0.0225811714289969,-0.000124770009107115,"Adrian Killins","PHI","RB",2020
"1362","00-0036181",1973,-0.00138738544737779,0.0213895405587959,-0.000126125949761617,"Teair Tart","TEN","DL",2020
"1363","00-0034361",1264,-0.00138751999938662,0.0210408550579195,-0.00012613818176242,"Justin Reid","HOU","DB",2020
"1364","00-0034523",1351,-0.00139657271635077,0.0232433785090872,-0.000126961156031888,"Quenton Meeks","JAX","DB",2020
"1365","00-0035161",1579,-0.00139732397165619,0.0221042561682562,-0.000127029451968744,"John Lovett","GB","QB",2020
"1366","00-0034394",1295,-0.00139821746965547,0.0229014689618048,-0.000127110679059588,"Andrew Brown","HOU","DL",2020
"1367","00-0034799",1444,-0.00140080623311994,0.0219162327556778,-0.000127346021192721,"Kalen Ballage","LAC","RB",2020
"1368","00-0035869",1874,-0.00141134705836655,0.0210828617726865,-0.000128304278033323,"Austin Mack","NYG","WR",2020
"1369","00-0030525",344,-0.00141965065721911,0.0221432091888968,-0.000129059150656283,"Tavon Austin","GB","WR",2020
"1370","00-0033120",875,-0.00141972655591226,0.0206591392168877,-0.000129066050537478,"Kenny Clark","GB","DL",2020
"1371","00-0034750",1409,-0.00143083271462473,0.0221666613445274,-0.00013007570132952,"Rashaad Penny","SEA","RB",2020
"1372","00-0032637",742,-0.00143319168449037,0.0214031655561042,-0.000130290153135488,"Andrew Adams","TB","DB",2020
"1373","00-0031120",411,-0.00144385689539217,0.0213667954472098,-0.000131259717762925,"Adarius Taylor","CAR","LB",2020
"1374","00-0033548",987,-0.00144730662660709,0.0222209320355436,-0.000131573329691554,"Chidobe Awuzie","DAL","DB",2020
"1375","00-0036307",2074,-0.00144813637258139,0.021901774539808,-0.000131648761143763,"Kindle Vildor","CHI","DB",2020
"1376","00-0035455",1718,-0.00145412080483055,0.0218693278422928,-0.000132192800439141,"Albert Huggins","DET","DL",2020
"1377","00-0034114",1165,-0.00145900084581544,0.021206994107725,-0.000132636440528676,"Coleman Shelton","LA","OL",2020
"1378","00-0034317",1235,-0.00146775927910338,0.0229004776889669,-0.000133432661736671,"Keith Kirkwood","CAR","WR",2020
"1379","00-0035900",1884,-0.00147495792885517,0.0221158237711852,-0.000134087084441379,"Cole Christiansen","LAC","LB",2020
"1380","00-0028660",166,-0.00148112131945841,0.0214072905848776,-0.000134647392678037,"Dan Bailey","MIN","K",2020
"1381","00-0035848",1866,-0.00148666820237527,0.0215404637465707,-0.000135151654761388,"DeMichael Harris","IND","WR",2020
"1382","00-0033290",911,-0.0014960425387511,0.0210996563273777,-0.000136003867159191,"Jermaine Eluemunor","NE","OL",2020
"1383","00-0033879",1083,-0.00149674751599101,0.0219767117534515,-0.000136067955999183,"O.J. Howard","TB","TE",2020
"1384","00-0035393",1696,-0.00150091687030272,0.0214339787910529,-0.000136446988209338,"Anthony Chesley","HOU","DB",2020
"1385","00-0034356",1260,-0.00151846540731583,0.0206138534896198,-0.000138042309755985,"Donte Jackson","CAR","DB",2020
"1386","00-0034800",1445,-0.00153947529478176,0.0216762261071756,-0.000139952299525614,"B.J. Hill","NYG","DL",2020
"1387","00-0027557",72,-0.00154153176742973,0.0211700314271075,-0.000140139251584521,"Morgan Cox","BAL","LS",2020
"1388","00-0027224",68,-0.00154470681904338,0.0212658695536978,-0.000140427892640307,"Jonathan Weeks","HOU","LS",2020
"1389","00-0029592",224,-0.00154624099944227,0.0212660875823127,-0.000140567363585661,"Kevin Zeitler","NYG","OL",2020
"1390","00-0033156",888,-0.00155879502563632,0.0213128642881081,-0.000141708638694211,"Joey Bosa","LAC","DL",2020
"1391","00-0030011",269,-0.00156845184144949,0.0220381612795529,-0.000142586531040863,"Jordan Devey","BUF","OL",2020
"1392","00-0034995",1530,-0.00156965013487345,0.0221218717631347,-0.000142695466806677,"Dexter Williams","GB","RB",2020
"1393","00-0029699",248,-0.00157904475261806,0.0215722884809966,-0.000143549522965279,"Tony Bergstrom","SF","OL",2020
"1394","00-0029946",264,-0.00158168815235398,0.0218047626233245,-0.00014378983203218,"Abry Jones","JAX","DL",2020
"1395","00-0035783",1847,-0.00159206976237468,0.0211367328957967,-0.000144733614761335,"Tyler Hall","ATL","DB",2020
"1396","00-0035644",1777,-0.00161462520210604,0.0210327759462666,-0.000146784109282368,"Noah Fant","DEN","TE",2020
"1397","00-0036250",2025,-0.00161688794256003,0.022225441380412,-0.000146989812960003,"Tyler Davis","JAX","TE",2020
"1398","00-0034449",1329,-0.00162529854300779,0.0209477855853213,-0.000147754413000708,"Buddy Howell","HOU","RB",2020
"1399","00-0033408",942,-0.00163282017517803,0.0230893525924209,-0.000148438197743457,"Bryan Cox","BUF","DL",2020
"1400","00-0034807",1451,-0.00163306658787388,0.0215500880416679,-0.000148460598897625,"Ogbonnia Okoronkwo","LA","LB",2020
"1401","00-0035659",1789,-0.00163410121569354,0.0208646642417259,-0.00014855465597214,"Terry McLaurin","WAS","WR",2020
"1402","00-0035304",1658,-0.0016406874413581,0.0223099842426732,-0.000149153403759828,"Cullen Gillaspia","HOU","RB",2020
"1403","00-0036291",2059,-0.00164614683801966,0.0220054726766913,-0.000149649712547242,"Marlon Davidson","ATL","DL",2020
"1404","00-0034088",1158,-0.00165188359652625,0.0209261736347263,-0.000150171236047841,"Robert Jackson","CLE","DB",2020
"1405","00-0035357",1684,-0.00165673271984035,0.0216848210559867,-0.000150612065440032,"Cameron Lewis","BUF","DB",2020
"1406","00-0036331",2097,-0.00166161357387088,0.0209261846218738,-0.000151055779442807,"Devin Duvernay","BAL","WR",2020
"1407","00-0031360",471,-0.00166247237658576,0.0213755097127112,-0.000151133852416887,"Kyle Van Noy","MIA","LB",2020
"1408","00-0036029",1918,-0.00166337116211855,0.0227381531579108,-0.000151215560192596,"Ron'Dell Carter","DAL","DL",2020
"1409","00-0034153",1176,-0.00167428765118335,0.0216307658169336,-0.000152207968289395,"Emmanuel Smith","KC","LB",2020
"1410","00-0025944",37,-0.00167849403676862,0.0215463651797511,-0.000152590366978965,"Stephen Hauschka","JAX","K",2020
"1411","00-0035852",1869,-0.00169135839533858,0.0216970879135472,-0.000153759854121689,"Farrod Green","IND","TE",2020
"1412","00-0034320",1238,-0.00169855295353569,0.0215443015038636,-0.000154413904866881,"Kentavius Street","SF","DL",2020
"1413","00-0031428",497,-0.00170072322972611,0.0207707245710521,-0.000154611202702373,"Allen Robinson","CHI","WR",2020
"1414","00-0036020",1916,-0.0017056916489147,0.0220489732281072,-0.000155062877174064,"Salvon Ahmed","MIA","RB",2020
"1415","00-0036040",1923,-0.00170779336838877,0.0216233570045042,-0.000155253942580797,"Juwan Johnson","NO","WR",2020
"1416","00-0036100",1941,-0.00170787739613456,0.0231718710949004,-0.000155261581466778,"Isaiah Zuber","NE","WR",2020
"1417","00-0033091",861,-0.0017090200941275,0.0210975686274313,-0.0001553654631025,"KeiVarae Russell","GB","DB",2020
"1418","00-0036096",1940,-0.00171160074183979,0.022402319941398,-0.000155600067439981,"J.J. Taylor","NE","RB",2020
"1419","00-0034887",1486,-0.00171380336056181,0.0212717630114079,-0.000155800305505619,"A.J. Johnson","DEN","LB",2020
"1420","00-0032353",663,-0.00171727125033465,0.0219830215655042,-0.00015611556821224,"Chris Milton","TEN","DB",2020
"1421","00-0036032",1919,-0.00171884387924046,0.0210580015656654,-0.000156258534476405,"Sean McKeon","DAL","TE",2020
"1422","00-0027943",112,-0.00172480877019231,0.021158935812179,-0.00015680079729021,"Patrick Peterson","ARI","DB",2020
"1423","00-0031362",473,-0.00172583061709844,0.021221023666246,-0.000156893692463494,"Trai Turner","LAC","OL",2020
"1424","00-0031503",505,-0.00172800577429981,0.0223696677853663,-0.000157091434027256,"Jameis Winston","NO","QB",2020
"1425","00-0030041",272,-0.00174012705982125,0.0192832224701492,-0.000158193369074659,"Nickell Robey","PHI","DB",2020
"1426","00-0036363",2125,-0.00175784173051793,0.022035054612761,-0.000159803793683448,"Josh Jones","ARI","OL",2020
"1427","00-0028074",142,-0.0017622294286621,0.0213792445801999,-0.000160202675332919,"Anthony Sherman","KC","RB",2020
"1428","00-0031346",466,-0.00176462695514602,0.020743109547513,-0.000160420632286002,"Justin Ellis","BAL","DL",2020
"1429","00-0036430",2185,-0.00176814832433714,0.0224463298544167,-0.000160740756757922,"Khalil Davis","TB","DL",2020
"1430","00-0036375",2135,-0.00177214936763302,0.0228041090232588,-0.000161104487966638,"Amik Robertson","LV","DB",2020
"1431","00-0034445",1327,-0.00179261866809189,0.0217459302954206,-0.000162965333462899,"Nick Gates","NYG","OL",2020
"1432","00-0035187",1583,-0.00180007398865699,0.0216921498190393,-0.000163643089877909,"Austin Walter","SF","RB",2020
"1433","00-0033763",1044,-0.00182847442585642,0.0225987614111769,-0.000166224947805129,"Evan Baylis","KC","TE",2020
"1434","00-0031067",404,-0.00182939352970071,0.0211639126513003,-0.000166308502700065,"Cameron Fleming","NYG","OL",2020
"1435","00-0032889",797,-0.00183095494841113,0.0218145976816571,-0.000166450449855557,"A'Shawn Robinson","LA","DL",2020
"1436","00-0033859",1068,-0.0018340749827825,0.0227235344898467,-0.000166734089343863,"Josh Malone","NYJ","WR",2020
"1437","00-0027945",114,-0.00183596719339624,0.0213328297521918,-0.000166906108490567,"Aldon Smith","DAL","DL",2020
"1438","00-0029285",201,-0.00183727502422044,0.0217393457572913,-0.000167025002201858,"Josh Norman","BUF","DB",2020
"1439","00-0029412",208,-0.00185075855490176,0.021335931212923,-0.000168250777718342,"Vinny Curry","PHI","DL",2020
"1440","00-0035480",1721,-0.0018552702727956,0.0213236909999926,-0.000168660933890509,"Malik Taylor","GB","WR",2020
"1441","00-0023534",20,-0.00185527875209604,0.0220602259842059,-0.000168661704736003,"Dustin Colquitt","KC","P",2020
"1442","00-0033357",929,-0.00186755882475374,0.0207100557098097,-0.000169778074977612,"Taysom Hill","NO","QB",2020
"1443","00-0032242",648,-0.00186893482896508,0.0206983927182353,-0.000169903166269553,"Rob Havenstein","LA","OL",2020
"1444","00-0036214",1993,-0.00187099315182697,0.0207919871529164,-0.000170090286529725,"Tyre Phillips","BAL","OL",2020
"1445","00-0030197",304,-0.001873175746669,0.0212135181640604,-0.000170288704242636,"Deon Lacey","BUF","LB",2020
"1446","00-0035593",1753,-0.00187442312778416,0.0223133261255004,-0.000170402102525832,"Juwann Winfree","GB","WR",2020
"1447","00-0033914",1113,-0.00188772812581319,0.0213632160288376,-0.000171611647801199,"Alex Anzalone","NO","LB",2020
"1448","00-0033118",873,-0.00189637364938563,0.0211776316120651,-0.000172397604489603,"Kenyan Drake","ARI","RB",2020
"1449","00-0030706",371,-0.00191863470424616,0.0206833113077361,-0.000174421336749651,"Josh Andrews","NYJ","OL",2020
"1450","00-0031690",546,-0.00191981055853696,0.0219340144432881,-0.000174528232594269,"Eric Tomlinson","BAL","TE",2020
"1451","00-0036133",1956,-0.00192342268980574,0.0218661937260891,-0.000174856608164158,"James Proche","BAL","WR",2020
"1452","00-0033567",999,-0.00192388201881513,0.0208421736066401,-0.00017489836534683,"Brian Hill","ATL","RB",2020
"1453","00-0028042",140,-0.00193831684354444,0.021408619977357,-0.000176210622140404,"Luke Stocker","ATL","TE",2020
"1454","00-0033608",1018,-0.00193874252282429,0.021699715255119,-0.000176249320256754,"Ryan Lewis","NYG","DB",2020
"1455","00-0027768",89,-0.0019416795491599,0.0227971591860271,-0.0001765163226509,"Marshall Newhouse","TEN","OL",2020
"1456","00-0032081",600,-0.00194492298340334,0.0209264260657338,-0.000176811180309394,"Nick Dzubnar","TEN","LB",2020
"1457","00-0032426",700,-0.00194818585788957,0.0217767615187127,-0.000177107805262689,"Alex Collins","SEA","RB",2020
"1458","00-0036149",1960,-0.00195561581268977,0.0217117701439019,-0.00017778325569907,"Javelin Guidry","NYJ","DB",2020
"1459","00-0033164",889,-0.0019570372515005,0.0221959923510756,-0.000177912477409137,"Troymaine Pope","LAC","RB",2020
"1460","00-0032741",755,-0.00196214344666273,0.0203596747120738,-0.000178376676969339,"Peyton Barber","WAS","RB",2020
"1461","00-0029585",222,-0.00196417253288331,0.0223415264496692,-0.000178561139353028,"Chandler Jones","ARI","LB",2020
"1462","00-0036078",1933,-0.0019661681325546,0.0224957861268392,-0.000178742557504963,"Xavier Jones","LA","RB",2020
"1463","00-0034631",1372,-0.00197295046969214,0.022652883483402,-0.000179359133608376,"Vyncint Smith","NYJ","WR",2020
"1464","00-0031175",423,-0.00197899631807784,0.0214546743267068,-0.000179908756188895,"Cassius Marsh","PIT","DL",2020
"1465","00-0036237",2013,-0.00198634940770093,0.0216740600490845,-0.000180577218881902,"Larrell Murchison","TEN","DL",2020
"1466","00-0031961",582,-0.00198882209325591,0.0216013715768299,-0.00018080200847781,"Mark Nzeocha","SF","LB",2020
"1467","00-0033909",1108,-0.00199854768634167,0.0218243304468692,-0.000181686153303788,"Pat Elflein","NYJ","OL",2020
"1468","00-0036167",1971,-0.00199863118746787,0.0205626423785389,-0.000181693744315261,"Tae Crowder","NYG","LB",2020
"1469","00-0028278",159,-0.00200002360000536,0.02162436577219,-0.000181820327273215,"Josh Bynes","CIN","LB",2020
"1470","00-0028024",138,-0.00200142421151994,0.021251214308419,-0.000181947655592722,"Allen Bailey","ATL","DL",2020
"1471","00-0034668",1382,-0.00200946022947108,0.0210694590314838,-0.000182678202679189,"Aaron Stinnie","TB","OL",2020
"1472","00-0034261",1209,-0.00202075540579848,0.0218359807482537,-0.000183705036890771,"Austin Corbett","LA","OL",2020
"1473","00-0029410",207,-0.00202253795776903,0.0217957849520103,-0.000183867087069912,"Tavon Wilson","IND","DB",2020
"1474","00-0033611",1019,-0.00202785994281896,0.0228414676395466,-0.000184350903892633,"Ricky Seals-Jones","KC","TE",2020
"1475","00-0034751",1410,-0.00202884669686038,0.0219851220274716,-0.00018444060880549,"Josh Jackson","GB","DB",2020
"1476","00-0031575",523,-0.00203784924759982,0.0223336348049212,-0.000185259022509074,"Jamil Douglas","TEN","OL",2020
"1477","00-0026280",46,-0.00205482199379158,0.0218921979365338,-0.000186801999435598,"Brandon Carr","DAL","DB",2020
"1478","00-0034972",1511,-0.00205536579007363,0.021176067806267,-0.000186851435461239,"Alexander Mattison","MIN","RB",2020
"1479","00-0034406",1303,-0.00206415044466382,0.0219428648764953,-0.000187650040423983,"Deon Cain","PIT","WR",2020
"1480","00-0033474",961,-0.00206538564807933,0.0211814514659615,-0.000187762331643575,"Gehrig Dieter","KC","WR",2020
"1481","00-0029597",225,-0.00207294222321802,0.0216931303322573,-0.00018844929301982,"Justin Tucker","BAL","K",2020
"1482","00-0031338",463,-0.00207370152551759,0.0208326988093995,-0.000188518320501599,"Terrence Brooks","NE","DB",2020
"1483","00-0034496",1341,-0.00208876386891735,0.0223687344766457,-0.000189887624447032,"Sean Chandler","CAR","DB",2020
"1484","00-0033910",1109,-0.00209974472540047,0.0215138445730173,-0.000190885884127315,"Dan Feeney","LAC","OL",2020
"1485","00-0033964",1145,-0.00211572523399142,0.0213730850839984,-0.000192338657635583,"Al-Quadin Muhammad","IND","DL",2020
"1486","00-0035666",1795,-0.00211669490500599,0.0221883686517316,-0.000192426809545999,"Bobby Evans","LA","OL",2020
"1487","00-0033893",1095,-0.00212367899496448,0.0209536922689214,-0.000193061726814953,"Dalvin Cook","MIN","RB",2020
"1488","00-0036192",1980,-0.00212479052577626,0.0217145235566424,-0.000193162775070569,"A.J. Epenesa","BUF","DL",2020
"1489","00-0033471",960,-0.0021438147631699,0.0213035311590977,-0.000194892251197263,"Isaiah Ford","MIA","WR",2020
"1490","00-0023500",18,-0.00214725477063775,0.0213393129103581,-0.000195204979148886,"Frank Gore","NYJ","RB",2020
"1491","00-0027609",74,-0.00215184169441965,0.0223265068040798,-0.000195621972219968,"J'Marcus Webb","IND","OL",2020
"1492","00-0035313",1663,-0.00216103325412115,0.022506769654798,-0.000196457568556469,"Terry Godwin","JAX","WR",2020
"1493","00-0027948",116,-0.00216218409119715,0.0217193416321555,-0.000196562190108832,"Blaine Gabbert","TB","QB",2020
"1494","00-0033720",1035,-0.0021718596099695,0.0213960872650852,-0.0001974417827245,"Colin Thompson","CAR","TE",2020
"1495","00-0033460",953,-0.00217559932663709,0.0223422354059298,-0.000197781756967008,"John Ross","CIN","WR",2020
"1496","00-0032971",823,-0.00217589283997532,0.0215720047083119,-0.000197808439997756,"Justin Simmons","DEN","DB",2020
"1497","00-0035243",1614,-0.00217908879981592,0.0211504661745466,-0.000198098981801448,"Miles Sanders","PHI","RB",2020
"1498","00-0027881",104,-0.00218502838955093,0.0208752364290745,-0.00019863894450463,"Jerry Hughes","BUF","DL",2020
"1499","00-0031181",426,-0.00219128585259109,0.0217961189092466,-0.000199207804781008,"Ricardo Allen","ATL","DB",2020
"1500","00-0034169",1187,-0.00219500065230603,0.022093795494996,-0.000199545513846003,"Marcus Baugh","WAS","TE",2020
"1501","00-0032918",803,-0.00220257130090319,0.0209957786281713,-0.000200233754627563,"C.J. Ham","MIN","RB",2020
"1502","00-0032432",701,-0.00220978940813746,0.0209028796318123,-0.000200889946194314,"Wes Schweitzer","WAS","OL",2020
"1503","00-0032627",741,-0.00221227540123733,0.0233340071870457,-0.00020111594556703,"James Burgess","GB","LB",2020
"1504","00-0036171",1972,-0.00222114373627472,0.0223570815160982,-0.000201922157843157,"Aaron Brewer","TEN","OL",2020
"1505","00-0030576",360,-0.00222185887867003,0.02172082321367,-0.000201987170788185,"Datone Jones","LV","DL",2020
"1506","00-0034832",1464,-0.0022235528172169,0.020367660098857,-0.000202141165201537,"Bradley Chubb","DEN","DL",2020
"1507","00-0024338",28,-0.00222842633136007,0.0219837612300535,-0.000202584211941825,"Domata Peko","ARI","DL",2020
"1508","00-0035849",1867,-0.00223145459129371,0.0223819126988442,-0.000202859508299428,"Rodrigo Blankenship","IND","K",2020
"1509","00-0031095",407,-0.00224220555854169,0.020606168198276,-0.000203836868958335,"Charles Leno","CHI","OL",2020
"1510","00-0033917",1114,-0.00225247597386909,0.0200332612212802,-0.000204770543079008,"Tarell Basham","NYJ","LB",2020
"1511","00-0036152",1962,-0.00228196275620523,0.0207338709655463,-0.000207451159655021,"Lamar Jackson","NYJ","DB",2020
"1512","00-0035422",1711,-0.00228306839861172,0.0217291766672916,-0.000207551672601065,"Chris Westry","DAL","DB",2020
"1513","00-0035061",1546,-0.00229640132184252,0.0219884290059028,-0.000208763756531138,"Alex Bars","CHI","OL",2020
"1514","00-0033925",1119,-0.00230494056905153,0.0216714150090533,-0.000209540051731957,"D'Onta Foreman","TEN","RB",2020
"1515","00-0034437",1323,-0.00230577437170248,0.0225978568513844,-0.000209615851972953,"Logan Cooke","JAX","P",2020
"1516","00-0032384",672,-0.00230659554719765,0.0202245953400179,-0.000209690504290696,"Germain Ifedi","CHI","OL",2020
"1517","00-0033798",1058,-0.00231154497382585,0.0214551973545325,-0.000210140452165987,"Mason Schreck","CIN","TE",2020
"1518","00-0036285",2053,-0.00231200222594152,0.0206073857174218,-0.000210182020540138,"A.J. Terrell","ATL","DB",2020
"1519","00-0033006",830,-0.00231596902855019,0.0220453392976801,-0.000210542638959108,"Jaydon Mickens","TB","WR",2020
"1520","00-0036162",1967,-0.0023182081587467,0.0214549078487795,-0.0002107461962497,"Tyler Bass","BUF","K",2020
"1521","00-0033947",1134,-0.00232703057317035,0.0211735408314411,-0.000211548233924577,"Deatrich Wise","NE","DL",2020
"1522","00-0036403",2161,-0.00232742879578022,0.0216441730956312,-0.00021158443598002,"Casey Toohill","WAS","DL",2020
"1523","00-0031553",513,-0.00232828624572295,0.0215577845959994,-0.000211662385974813,"Benardrick McKinney","HOU","LB",2020
"1524","00-0033503",965,-0.00233211332297703,0.021194682727597,-0.000212010302088821,"Arthur Maulet","NYJ","DB",2020
"1525","00-0036317",2084,-0.00234098034078444,0.0221468223699956,-0.000212816394616767,"Arlington Hambright","CHI","OL",2020
"1526","00-0033542",982,-0.00235364557802004,0.022273265481246,-0.000213967779820004,"Forrest Lamp","LAC","OL",2020
"1527","00-0032058",594,-0.00237334562159946,0.02222857210495,-0.000215758692872678,"Tevin Coleman","SF","RB",2020
"1528","00-0025825",36,-0.00238906136872287,0.022011929194673,-0.000217187397156624,"Brett Kern","TEN","P",2020
"1529","00-0036445",2198,-0.00239340667644892,0.0230354137840922,-0.00021758242513172,"Isaiah Wilson","TEN","OL",2020
"1530","00-0033544",984,-0.00239356178414569,0.0216475703095238,-0.000217596525831427,"Quincy Wilson","NYG","DB",2020
"1531","00-0034185",1192,-0.00240068416667997,0.0208239933498017,-0.000218244015152725,"Tyler Lancaster","GB","DL",2020
"1532","00-0035040",1542,-0.00240393347230583,0.0220795094453871,-0.000218539406573258,"David Blough","DET","QB",2020
"1533","00-0027696",85,-0.00240397809962803,0.0202606895072832,-0.000218543463602548,"Jimmy Graham","CHI","TE",2020
"1534","00-0036411",2168,-0.00240727913871448,0.0193750751167083,-0.000218843558064953,"Antoine Winfield","TB","DB",2020
"1535","00-0030869",382,-0.00240911081523323,0.021517054033865,-0.000219010074112111,"Tyler Larsen","CAR","OL",2020
"1536","00-0031584",528,-0.00242195733111727,0.0216717166544847,-0.000220177939192479,"Adrian Amos","GB","DB",2020
"1537","00-0034977",1516,-0.00242642028497504,0.0220473185625582,-0.000220583662270458,"Sheldrick Redwine","CLE","DB",2020
"1538","00-0027150",66,-0.00242912728799642,0.0225999151841395,-0.00022082975345422,"Julian Edelman","NE","WR",2020
"1539","00-0033129",882,-0.00243711017570844,0.0218433179497251,-0.000221555470518949,"Carl Nassib","LV","DL",2020
"1540","00-0033969",1146,-0.00244551968193091,0.0208991418768061,-0.000222319971084628,"Ifeadi Odenigbo","MIN","DL",2020
"1541","00-0035637",1772,-0.00245335766694911,0.0215596531678546,-0.000223032515177192,"Rock Ya-Sin","IND","DB",2020
"1542","00-0036348",2113,-0.00245752057317056,0.022125952693307,-0.000223410961197324,"Josh Metellus","MIN","DB",2020
"1543","00-0027663",79,-0.00245774149205265,0.0214678061758366,-0.000223431044732059,"Sean Lee","DAL","LB",2020
"1544","00-0034856",1479,-0.00246061097648311,0.0207420450437302,-0.00022369190695301,"Denzel Ward","CLE","DB",2020
"1545","00-0030752",374,-0.00246516615950201,0.0220907989727659,-0.000224106014500183,"Jayrone Elliott","PIT","LB",2020
"1546","00-0031372",478,-0.00246930886974974,0.0210941774282341,-0.000224482624522704,"Bradley Roby","HOU","DB",2020
"1547","00-0036423",2179,-0.00247291208167793,0.021814825818414,-0.000224810189243448,"Albert Okwuegbunam","DEN","TE",2020
"1548","00-0033563",996,-0.0024744299132451,0.020673666611197,-0.000224948173931373,"Carlos Watkins","HOU","DL",2020
"1549","00-0029528",212,-0.00248043987526251,0.0207829184550994,-0.000225494534114774,"Bobby Massie","CHI","OL",2020
"1550","00-0029794",256,-0.00248192917055622,0.0218375131372386,-0.00022562992459602,"Daren Bates","TEN","LB",2020
"1551","00-0032354",664,-0.00248696947912056,0.0215625414352298,-0.000226088134465505,"Adam Redmond","DAL","OL",2020
"1552","00-0034545",1355,-0.00250970575651465,0.0207309823924967,-0.000228155068774059,"Brandon Facyson","LAC","DB",2020
"1553","00-0029146",187,-0.00251209819640653,0.0204843962137666,-0.000228372563309684,"J.R. Sweezy","ARI","OL",2020
"1554","00-0034251",1205,-0.00251215737123911,0.0209388711570223,-0.000228377942839919,"Daniel Ekuale","JAX","DL",2020
"1555","00-0034418",1310,-0.00251868353849016,0.0208593559552015,-0.000228971230771833,"Cedrick Wilson","DAL","WR",2020
"1556","00-0035222",1597,-0.00252345926047516,0.0224583248686243,-0.000229405387315924,"Zach Gentry","PIT","TE",2020
"1557","00-0036085",1936,-0.00252663600520066,0.0209433375287837,-0.000229694182290969,"Javin White","LV","DB",2020
"1558","00-0034331",1240,-0.00254088352693401,0.0214419199271568,-0.000230989411539455,"Jaylen Samuels","PIT","RB",2020
"1559","00-0035020",1536,-0.00255160199862672,0.021123769153847,-0.000231963818056974,"Demetrius Flannigan-Fowles","SF","DB",2020
"1560","00-0035689",1815,-0.00255205551968545,0.0209894786709224,-0.000232005047244132,"Dawson Knox","BUF","TE",2020
"1561","00-0035674",1802,-0.00255607206948304,0.020816970392584,-0.000232370188134822,"Jerry Tillery","LAC","DL",2020
"1562","00-0031039",394,-0.00255658531656452,0.0225804601688997,-0.000232416846960411,"James Ferentz","NE","OL",2020
"1563","00-0033566",998,-0.00256226309589061,0.0204604339460918,-0.000232933008717328,"Desmond King","TEN","DB",2020
"1564","00-0034311",1234,-0.00256714462696294,0.0219565413581516,-0.000233376784269358,"Johnny Stanton","CLE","RB",2020
"1565","00-0035710",1832,-0.00256950344226551,0.0210009145354297,-0.000233591222024137,"Daniel Jones","NYG","QB",2020
"1566","00-0033973",1147,-0.00257469644324609,0.0212944544635393,-0.000234063313022371,"Elijah Lee","CLE","LB",2020
"1567","00-0034279",1223,-0.00258632154548257,0.0213982305571346,-0.000235120140498416,"Equanimeous St. Brown","GB","WR",2020
"1568","00-0030411",319,-0.002588616529854,0.0207923408087018,-0.000235328775441272,"Logan Ryan","NYG","DB",2020
"1569","00-0032455",712,-0.00259099573825912,0.0214340113067162,-0.000235545067114465,"Austin Blythe","LA","OL",2020
"1570","00-0036278",2048,-0.00259334254167286,0.0221986092331528,-0.000235758412879351,"Jason Huntley","PHI","RB",2020
"1571","00-0036305",2072,-0.00259705341596854,0.0222173030084896,-0.000236095765088049,"Trevis Gipson","CHI","LB",2020
"1572","00-0032410",692,-0.00260167150728308,0.0218549993477551,-0.000236515591571189,"Rashard Robinson","DAL","DB",2020
"1573","00-0034613",1369,-0.00261267286010683,0.0215137606100738,-0.000237515714555166,"Tanner Hudson","TB","TE",2020
"1574","00-0032569",730,-0.00261806489814802,0.02123409099978,-0.000238005899831638,"Wil Lutz","NO","K",2020
"1575","00-0035525",1729,-0.00261874919860305,0.0212185021406284,-0.000238068108963913,"Devin Bush","PIT","LB",2020
"1576","00-0027942",111,-0.00262048354867794,0.0205896213335977,-0.00023822577715254,"A.J. Green","CIN","WR",2020
"1577","00-0033765",1045,-0.00262421731036496,0.0221833303488078,-0.000238565210033178,"Dylan Cole","HOU","LB",2020
"1578","00-0034391",1292,-0.00262437667005366,0.021609046564658,-0.000238579697277606,"Siran Neal","BUF","DB",2020
"1579","00-0034431",1319,-0.00262475736531423,0.0204104138544188,-0.000238614305937657,"Zaire Franklin","IND","LB",2020
"1580","00-0031031",393,-0.00262620674806756,0.0218197248558102,-0.000238746068006142,"Brent Qvale","HOU","OL",2020
"1581","00-0035102",1552,-0.0026299789610235,0.0219385276046263,-0.000239088996456682,"Brandon Dillon","MIN","TE",2020
"1582","00-0027966",126,-0.00263168012325726,0.0226080733653476,-0.000239243647568842,"Mark Ingram","BAL","RB",2020
"1583","00-0033085",859,-0.00263619706466087,0.0224747565293548,-0.000239654278605534,"Jerald Hawkins","PIT","OL",2020
"1584","00-0035227",1599,-0.00263816768619387,0.0209981487306887,-0.000239833426017624,"P.J. Locke","DEN","DB",2020
"1585","00-0034686",1394,-0.00264221533359796,0.0227576818193376,-0.000240201393963451,"Auden Tate","CIN","WR",2020
"1586","00-0034438",1324,-0.00264469004761151,0.0222136941422351,-0.000240426367964683,"Logan Woodside","TEN","QB",2020
"1587","00-0034597",1366,-0.00264756150367039,0.0211506698454144,-0.000240687409424581,"Ryan Nall","CHI","RB",2020
"1588","00-0034388",1289,-0.00265121039188917,0.0226291022936011,-0.000241019126535379,"Davontae Harris","BAL","DB",2020
"1589","00-0036393",2151,-0.00265190314848191,0.0214690724600419,-0.000241082104407446,"Davion Taylor","PHI","LB",2020
"1590","00-0032450",710,-0.00266249277851475,0.0220267178259044,-0.000242044798046795,"Dwayne Washington","NO","RB",2020
"1591","00-0031550",512,-0.00267688850643374,0.0213873753594803,-0.000243353500584886,"Shaq Thompson","CAR","LB",2020
"1592","00-0032147",620,-0.00269481844968119,0.0213656740093636,-0.000244983495425563,"Ty Sambrailo","TEN","OL",2020
"1593","00-0032198",631,-0.00272558410639993,0.0219371425901041,-0.000247780373309084,"Ibraheim Campbell","IND","DB",2020
"1594","00-0034834",1466,-0.0027321818241832,0.0209240670966689,-0.000248380165834836,"Sam Hubbard","CIN","DL",2020
"1595","00-0032129",611,-0.00274472857783964,0.0214489666458599,-0.000249520779803604,"Jordan Hicks","ARI","LB",2020
"1596","00-0035255",1623,-0.00275239768324294,0.0208170236487535,-0.000250217971203903,"Kendall Sheffield","ATL","DB",2020
"1597","00-0034844",1473,-0.00276051089590949,0.0213562796157671,-0.000250955535991772,"Saquon Barkley","NYG","RB",2020
"1598","00-0032809",786,-0.00276176748945677,0.021033843591043,-0.000251069771768797,"Joe Walker","SF","LB",2020
"1599","00-0034364",1267,-0.00278328920348818,0.0217263792742653,-0.000253026291226198,"Jordan Akins","HOU","TE",2020
"1600","00-0031300",455,-0.00280134419069826,0.0218940630767961,-0.000254667653699842,"Trent Murphy","BUF","DL",2020
"1601","00-0034771",1424,-0.00280539956980269,0.0217432411739353,-0.000255036324527517,"Mason Rudolph","PIT","QB",2020
"1602","00-0035718",1836,-0.00280963966066943,0.0200239207461549,-0.000255421787333585,"Quinnen Williams","NYJ","DL",2020
"1603","00-0033045",837,-0.00284477337846304,0.021181059838593,-0.000258615761678458,"Ezekiel Elliott","DAL","RB",2020
"1604","00-0034755",1414,-0.00285661515937887,0.0214062264410532,-0.000259692287216261,"Shaquem Griffin","SEA","LB",2020
"1605","00-0036386",2144,-0.00286075480170303,0.0209844350392526,-0.000260068618336639,"Andrew Thomas","NYG","OL",2020
"1606","00-0034387",1288,-0.00286077927232911,0.0208545667454287,-0.00026007084293901,"Bilal Nichols","CHI","DL",2020
"1607","00-0027539",71,-0.002892341213391,0.0218730092451961,-0.000262940110308273,"Anthony Levine","BAL","DB",2020
"1608","00-0036258",2032,-0.00289441717350969,0.0216035201388373,-0.000263128833955427,"Jonah Jackson","DET","OL",2020
"1609","00-0036224",2001,-0.00289746414365636,0.0216372824170048,-0.000263405831241488,"Jonathan Greenard","HOU","LB",2020
"1610","00-0036037",1922,-0.00289789615233919,0.0213868709889659,-0.000263445104758108,"Sam Franklin","CAR","DB",2020
"1611","00-0032942",809,-0.00289908666925596,0.0221621220202848,-0.000263553333568724,"Kevon Seymour","PHI","DB",2020
"1612","00-0035147",1572,-0.00290522952853486,0.020039309060093,-0.000264111775321351,"Rashad Fenton","KC","DB",2020
"1613","00-0028664",167,-0.00292198471881698,0.0220266542820033,-0.000265634974437907,"Chris Jones","DAL","P",2020
"1614","00-0032203",633,-0.00292520829149595,0.0202713409083617,-0.000265928026499632,"Andrus Peat","NO","OL",2020
"1615","00-0034429",1317,-0.00292790663169502,0.0209993935901489,-0.000266173330154093,"Jordan Mailata","PHI","OL",2020
"1616","00-0035850",1868,-0.0029341719321191,0.0228340352239249,-0.000266742902919918,"Kameron Cline","IND","DL",2020
"1617","00-0033676",1027,-0.00296214436332639,0.0215823506006184,-0.00026928585121149,"Elijah Wilkinson","DEN","OL",2020
"1618","00-0035139",1564,-0.00298839624658621,0.0224910857555887,-0.000271672386053292,"Marquise Blair","SEA","DB",2020
"1619","00-0036193",1981,-0.00299671931733458,0.0202259970697521,-0.000272429028848598,"Anfernee Jennings","NE","LB",2020
"1620","00-0031911",568,-0.00301629512684781,0.0226235580844842,-0.000274208647895256,"Rick Lovato","PHI","LS",2020
"1621","00-0033047",839,-0.00301961660316176,0.0206767638451847,-0.000274510600287433,"Anthony Brown","DAL","DB",2020
"1622","00-0034485",1336,-0.00303813243680383,0.0206642721696019,-0.000276193857891258,"Jonathan Owens","HOU","DB",2020
"1623","00-0033215",892,-0.00304739032619428,0.0219202396275616,-0.00027703548419948,"Cyril Grayson","TB","WR",2020
"1624","00-0034802",1447,-0.00304819084088231,0.0226135336539594,-0.000277108258262029,"Nate Holley","MIA","DB",2020
"1625","00-0030725",373,-0.00304965402890163,0.0216276335704304,-0.000277241275354694,"Cornelius Lucas","WAS","OL",2020
"1626","00-0029560",216,-0.00307428271301966,0.0207836027977921,-0.000279480246638151,"Dre Kirkpatrick","ARI","DB",2020
"1627","00-0033010",832,-0.00307516382839482,0.0223623406907763,-0.000279560348035893,"Sheldon Day","CLE","DL",2020
"1628","00-0032575",732,-0.00309165168149548,0.0216542054195136,-0.000281059243772317,"Matt Skura","BAL","OL",2020
"1629","00-0028986",177,-0.00309233240959719,0.021942658064113,-0.000281121128145199,"Case Keenum","CLE","QB",2020
"1630","00-0034091",1159,-0.0030923668396583,0.0220357326496188,-0.000281124258150754,"George Odum","IND","DB",2020
"1631","00-0027973",128,-0.00309570674282842,0.0209397675647565,-0.000281427885711674,"Andy Dalton","DAL","QB",2020
"1632","00-0028237",157,-0.00309706527757761,0.0221344771736129,-0.000281551388870692,"Chris Hogan","NYJ","WR",2020
"1633","00-0031500",503,-0.00310127974370631,0.0208627986006228,-0.00028193452215512,"Efe Obada","CAR","DL",2020
"1634","00-0031956",579,-0.00310977339250145,0.0199120709277185,-0.000282706672045586,"Anthony Chickillo","DEN","LB",2020
"1635","00-0036240",2016,-0.00314676155638163,0.0218993788205793,-0.00028606923239833,"Chris Jackson","TEN","DB",2020
"1636","00-0034788",1436,-0.00315048162044517,0.020835090318566,-0.00028640742004047,"Jaeden Graham","ATL","TE",2020
"1637","00-0022127",4,-0.00315572281639109,0.0222675873627245,-0.00028688389239919,"Jason Witten","LV","TE",2020
"1638","00-0034381",1282,-0.0031621167587755,0.0213403003555968,-0.000287465159888682,"Josh Sweat","PHI","DL",2020
"1639","00-0033627",1020,-0.00316287455132598,0.0224021644102326,-0.000287534050120544,"Jason Croom","PHI","TE",2020
"1640","00-0035352",1682,-0.00317894667067314,0.0215018987730232,-0.000288995151879376,"Tyrel Dodson","BUF","LB",2020
"1641","00-0035704",1827,-0.00318115191323407,0.0209219467919486,-0.000289195628475825,"Drew Lock","DEN","QB",2020
"1642","00-0028037",139,-0.0031822104466268,0.0214904129738648,-0.000289291858784254,"K.J. Wright","SEA","LB",2020
"1643","00-0034109",1162,-0.00318652043798238,0.0217641166439502,-0.000289683676180216,"Phillip Lindsay","DEN","RB",2020
"1644","00-0032419",697,-0.00321716169096314,0.0224040785710305,-0.000292469244633012,"Joe Haeg","TB","OL",2020
"1645","00-0034334",1242,-0.00323027691611748,0.0204796276998033,-0.000293661537828862,"Troy Apke","WAS","DB",2020
"1646","00-0034999",1532,-0.00324260449400515,0.0220619874697741,-0.000294782226727741,"Ty Summers","GB","LB",2020
"1647","00-0031838",560,-0.00324598978551391,0.0198777179166183,-0.000295089980501265,"James Vaughters","CHI","LB",2020
"1648","00-0036316",2083,-0.0032521488704899,0.0209616082456309,-0.000295649897317264,"Chris Claybrooks","JAX","DB",2020
"1649","00-0031404",490,-0.00325220093713647,0.0194860513077211,-0.00029565463064877,"Adrian Phillips","NE","DB",2020
"1650","00-0034348",1252,-0.00328195131351537,0.0223554194528529,-0.00029835921031958,"Courtland Sutton","DEN","WR",2020
"1651","00-0035705",1828,-0.00328301939208486,0.0208529323613394,-0.000298456308371351,"Jalen Thompson","ARI","DB",2020
"1652","00-0029693",247,-0.00329230431029881,0.0218235304030866,-0.000299300391845346,"Olivier Vernon","CLE","DL",2020
"1653","00-0028118",150,-0.00329786554407225,0.0221581980618952,-0.000299805958552023,"Tyrod Taylor","LAC","QB",2020
"1654","00-0035258",1624,-0.00329911230778478,0.0218486693790759,-0.000299919300707707,"Hjalte Froholdt","HOU","OL",2020
"1655","00-0030575",359,-0.00330343319086531,0.0214852659957792,-0.000300312108260483,"Xavier Rhodes","IND","DB",2020
"1656","00-0032759",758,-0.00330509989735945,0.0207212956388495,-0.000300463627032677,"Sheldon Rankins","NO","DL",2020
"1657","00-0033862",1070,-0.00330791007183353,0.0229417950897016,-0.000300719097439412,"Zane Gonzalez","ARI","K",2020
"1658","00-0033877",1081,-0.00331756261824999,0.0225976319944045,-0.00030159660165909,"Malik Hooker","IND","DB",2020
"1659","00-0034054",1153,-0.0033239844164571,0.022383412469084,-0.0003021804014961,"River Cracraft","SF","WR",2020
"1660","00-0035094",1550,-0.00332939427585332,0.0205024125027833,-0.000302672206895756,"Bryan Mone","SEA","DL",2020
"1661","00-0031608",536,-0.00335018885715862,0.0205368854430599,-0.000304562623378056,"Quandre Diggs","SEA","DB",2020
"1662","00-0031595",532,-0.0033553641073336,0.0207039152133463,-0.00030503310066669,"Michael Burton","NO","RB",2020
"1663","00-0035650",1782,-0.00336294332949294,0.0204849360270637,-0.000305722120862995,"Justin Layne","PIT","DB",2020
"1664","00-0033302",919,-0.00336639651513823,0.0222951877243647,-0.000306036046830748,"Adrian Colbert","NYG","DB",2020
"1665","00-0033392",938,-0.00336970224144793,0.0198246255455751,-0.000306336567404357,"Harvey Langi","NYJ","LB",2020
"1666","00-0032791",781,-0.00338379027855402,0.0218556447950077,-0.000307617298050366,"Jakeem Grant","MIA","WR",2020
"1667","00-0023298",13,-0.00340408131470393,0.0231585355359941,-0.000309461937700358,"L.P. Ladouceur","DAL","LS",2020
"1668","00-0035752",1842,-0.00340960299549952,0.0220767460659556,-0.000309963908681774,"Chris Streveler","ARI","QB",2020
"1669","00-0033696",1029,-0.00341258457378914,0.0222174029237508,-0.000310234961253558,"Sean Culkin","KC","TE",2020
"1670","00-0032408",690,-0.00341843816182182,0.0222402300445847,-0.000310767105620165,"Blake Martinez","NYG","LB",2020
"1671","00-0033121",876,-0.00342104020313215,0.0208872195448532,-0.000311003654830196,"B.J. Goodson","CLE","LB",2020
"1672","00-0033564",997,-0.00343105916843362,0.0222695977059458,-0.000311914469857602,"Jake Butt","DEN","TE",2020
"1673","00-0034052",1152,-0.00343947319865339,0.0212218728683431,-0.000312679381695763,"Brandon Zylstra","CAR","WR",2020
"1674","00-0034723",1398,-0.00345707807708101,0.0221802021308862,-0.000314279825189183,"Nick Thurman","NE","DL",2020
"1675","00-0034162",1182,-0.00346176659753343,0.0210035218408506,-0.000314706054321221,"J.K. Scott","GB","P",2020
"1676","00-0034487",1337,-0.00346276760184931,0.0209900041238963,-0.000314797054713574,"Trent Sherfield","ARI","WR",2020
"1677","00-0036274",2044,-0.00346356978079717,0.0220175656331595,-0.00031486998007247,"Jeff Okudah","DET","DB",2020
"1678","00-0035684",1810,-0.00346440334809951,0.0225765717666711,-0.000314945758918137,"Deandre Baker","KC","DB",2020
"1679","00-0036388",2146,-0.00347560802141471,0.0217260918308057,-0.000315964365583156,"Xavier McKinney","NYG","DB",2020
"1680","00-0036310",2077,-0.00347772657143897,0.0211808677031135,-0.000316156961039906,"Hakeem Adeniji","CIN","OL",2020
"1681","00-0024333",27,-0.00348097560892911,0.0217844730020309,-0.000316452328084464,"Stephen Gostkowski","TEN","K",2020
"1682","00-0033782",1048,-0.00349996554465262,0.0226756557366357,-0.000318178685877511,"DeMarcus Walker","DEN","DL",2020
"1683","00-0034928",1493,-0.00350036524413387,0.0198196423063077,-0.000318215022193988,"Steven Sims","WAS","WR",2020
"1684","00-0031297",452,-0.00352964187332823,0.0213993887613175,-0.00032087653393893,"Dee Ford","SF","DL",2020
"1685","00-0032398",683,-0.0035307409684665,0.0227716469264726,-0.000320976451678772,"Chris Moore","BAL","WR",2020
"1686","00-0026625",52,-0.00356781321041086,0.0223149704228234,-0.000324346655491897,"Brian Hoyer","NE","QB",2020
"1687","00-0029955",265,-0.00356797084472859,0.0219043209036046,-0.000324360985884417,"LaRoy Reynolds","ATL","LB",2020
"1688","00-0033535",975,-0.0035762202280557,0.0223034570273357,-0.000325110929823245,"Daniel Ross","JAX","DL",2020
"1689","00-0031938",575,-0.00359143177518177,0.0221847259991075,-0.000326493797743798,"Carl Davis","NE","DL",2020
"1690","00-0036436",2191,-0.00359569545761162,0.0218472911227989,-0.00032688140523742,"Sam Sloman","TEN","K",2020
"1691","00-0031991",583,-0.00362179933371725,0.0213690383611249,-0.000329254484883386,"De'Vante Bausby","DEN","DB",2020
"1692","00-0032065",598,-0.00363345295350764,0.0217173648728886,-0.000330313904864331,"Bradley Pinion","TB","P",2020
"1693","00-0035390",1695,-0.00364085254456645,0.0214850318979045,-0.000330986594960586,"Anthony Rush","GB","DL",2020
"1694","00-0035664",1793,-0.00364404960446176,0.0218871532280712,-0.000331277236769251,"Darrell Henderson","LA","RB",2020
"1695","00-0036043",1924,-0.00365069980581109,0.0224551166593849,-0.000331881800528281,"Jace Whittaker","ARI","DB",2020
"1696","00-0033119",874,-0.00367024656300859,0.0221741217617519,-0.000333658778455326,"Jacoby Brissett","IND","QB",2020
"1697","00-0032215",639,-0.00367103366351948,0.0203110585910088,-0.000333730333047226,"Damien Wilson","KC","LB",2020
"1698","00-0032655",745,-0.00367589635334132,0.0201896016054842,-0.000334172395758302,"Romeo Okwara","DET","DL",2020
"1699","00-0035993",1905,-0.00368433566435762,0.0208891860558553,-0.000334939605850692,"Tyler Huntley","BAL","QB",2020
"1700","00-0035962",1898,-0.0036923041926462,0.0218307263387693,-0.000335664017513291,"Henry Black","GB","DB",2020
"1701","00-0027891",107,-0.00370287485079546,0.0214572604228993,-0.000336624986435951,"Golden Tate","NYG","WR",2020
"1702","00-0034390",1291,-0.00371673292363238,0.0210228852596433,-0.000337884811239307,"Tyrell Crosby","DET","OL",2020
"1703","00-0034346",1250,-0.00372153128250745,0.0215211769701601,-0.000338321025682496,"Will Hernandez","NYG","OL",2020
"1704","00-0027954",119,-0.00373285512050719,0.0206222818194483,-0.000339350465500653,"Ryan Kerrigan","WAS","DL",2020
"1705","00-0033854",1064,-0.00375654213657306,0.0213312071790524,-0.000341503830597551,"Dare Ogunbowale","JAX","RB",2020
"1706","00-0036187",1976,-0.00376215661050614,0.0215724572682496,-0.00034201423731874,"Reggie Gilliam","BUF","TE",2020
"1707","00-0034393",1294,-0.00376747441926544,0.0231644380655792,-0.000342497674478676,"Troy Fumagalli","DEN","TE",2020
"1708","00-0032950",812,-0.00378597377276726,0.0211905799372886,-0.000344179433887932,"Carson Wentz","PHI","QB",2020
"1709","00-0023482",17,-0.00382198949041179,0.0218249717033704,-0.000347453590037436,"Mike Nugent","ARI","K",2020
"1710","00-0034177",1189,-0.00382458551432908,0.0224706005230631,-0.000347689592211734,"Tim Boyle","GB","QB",2020
"1711","00-0032262",657,-0.00382930618133116,0.0208637928021168,-0.000348118743757378,"Landon Collins","WAS","DB",2020
"1712","00-0035827",1856,-0.00385900666955263,0.0215956359238247,-0.000350818788141148,"Ross Matiscik","JAX","LS",2020
"1713","00-0027952",118,-0.0038691283408246,0.021990547967992,-0.000351738940074964,"Robert Quinn","CHI","LB",2020
"1714","00-0034729",1401,-0.00388786536222075,0.0218509513936237,-0.000353442305656432,"Jamarco Jones","SEA","OL",2020
"1715","00-0030578",362,-0.00389107357992611,0.0209211357812791,-0.000353733961811464,"Cordarrelle Patterson","CHI","WR",2020
"1716","00-0028411",165,-0.00389246997955491,0.0216427427588674,-0.000353860907232264,"Dontrelle Inman","WAS","WR",2020
"1717","00-0031557",517,-0.00390614312195618,0.021625889887487,-0.000355103920177835,"Jordan Phillips","ARI","DL",2020
"1718","00-0035135",1561,-0.00390796360102615,0.0226626733925839,-0.000355269418275105,"Tim Ward","KC","DL",2020
"1719","00-0035677",1804,-0.00391411556406607,0.0218996910953679,-0.00035582868764237,"Nasir Adderley","LAC","DB",2020
"1720","00-0031308",456,-0.0039354051232104,0.0215215646637543,-0.000357764102110037,"Kevin Pierre-Louis","WAS","LB",2020
"1721","00-0032057",593,-0.00394836012654224,0.0214004194455988,-0.000358941829685658,"Jaquiski Tartt","SF","DB",2020
"1722","00-0031122",412,-0.00395236261287672,0.0209454140559743,-0.000359305692079702,"Andrew Norwell","JAX","OL",2020
"1723","00-0032792",782,-0.00397218321751982,0.021870606223189,-0.000361107565229075,"Nate Sudfeld","PHI","QB",2020
"1724","00-0035234",1605,-0.00398867416813343,0.0211118869459091,-0.000362606742557585,"Tytus Howard","HOU","OL",2020
"1725","00-0034854",1477,-0.00398933042180492,0.021114185126434,-0.000362666401982266,"Khadarel Hodge","CLE","WR",2020
"1726","00-0032496",717,-0.0040081106717748,0.0213380117181143,-0.000364373697434073,"Matthias Farley","NYJ","DB",2020
"1727","00-0032528",724,-0.00400832580690107,0.0210617191697857,-0.000364393255172825,"Justin Murray","ARI","OL",2020
"1728","00-0033931",1125,-0.00401207898799171,0.022695241351058,-0.000364734453453792,"Delano Hill","SEA","DB",2020
"1729","00-0032200",632,-0.00401762510896025,0.0219565313154193,-0.000365238646269114,"Ty Montgomery","NO","RB",2020
"1730","00-0036343",2109,-0.00402072456467216,0.0213442532526716,-0.000365520414970196,"Khaleke Hudson","WAS","LB",2020
"1731","00-0032402",686,-0.00402384331197475,0.0205301600739219,-0.00036580393745225,"Hassan Ridgeway","PHI","DL",2020
"1732","00-0031052",400,-0.00402394128030924,0.0205373908463394,-0.000365812843664477,"Bashaud Breeland","KC","DB",2020
"1733","00-0026814",55,-0.00402484367339726,0.0213777462595673,-0.000365894879399751,"Demar Dotson","DEN","OL",2020
"1734","00-0036371",2131,-0.0040270428169951,0.0202345117533572,-0.000366094801545009,"Leki Fotu","ARI","DL",2020
"1735","00-0027720",87,-0.00403389637081025,0.0222405368380169,-0.000366717851891841,"Geno Atkins","CIN","DL",2020
"1736","00-0035795",1849,-0.00403764544534707,0.0223903234176065,-0.000367058676849734,"James Pierre","PIT","DB",2020
"1737","00-0034730",1402,-0.00403772230755593,0.0217814042858474,-0.000367065664323267,"Marcell Harris","SF","DB",2020
"1738","00-0034081",1156,-0.00404653014621791,0.0225702031027373,-0.000367866376928901,"Steven Mitchell","HOU","WR",2020
"1739","00-0034424",1314,-0.00404730093478058,0.0227378871063471,-0.000367936448616417,"Matthew Adams","IND","LB",2020
"1740","00-0030472",333,-0.00407417945579185,0.0209250682020019,-0.000370379950526531,"Jordan Reed","SF","TE",2020
"1741","00-0032366",665,-0.0040752368973805,0.0214790228347486,-0.000370476081580045,"Tyler Matakevich","BUF","LB",2020
"1742","00-0036376",2136,-0.00407692728237696,0.02008168637647,-0.00037062975294336,"Tyler Biadasz","DAL","OL",2020
"1743","00-0033359",930,-0.0040782629884106,0.0221739107967966,-0.0003707511807646,"Adam Pankey","MIA","OL",2020
"1744","00-0030083",286,-0.00408303355155482,0.0215349501350309,-0.000371184868323166,"Oday Aboushi","DET","OL",2020
"1745","00-0032980",827,-0.00408820282262603,0.021664573510209,-0.000371654802056912,"Marcus Johnson","TEN","WR",2020
"1746","00-0033954",1140,-0.00410800082965883,0.0215098832795785,-0.000373454620878075,"Jayon Brown","TEN","LB",2020
"1747","00-0035698",1822,-0.00411041350885491,0.0228490127372304,-0.000373673955350447,"Chuma Edoga","NYJ","OL",2020
"1748","00-0035530",1734,-0.00411503205631004,0.0207665344475366,-0.000374093823300912,"Khari Willis","IND","DB",2020
"1749","00-0036335",2101,-0.00412046762512524,0.0211359706958418,-0.000374587965920476,"D.J. Wonnum","MIN","DL",2020
"1750","00-0034168",1186,-0.00413860337270889,0.0220034068536632,-0.000376236670246263,"Hunter Bradley","GB","LS",2020
"1751","00-0029688",245,-0.00415235334683784,0.0219201354600111,-0.000377486667894349,"Dontari Poe","DAL","DL",2020
"1752","00-0035970",1900,-0.00415805280830251,0.0216657931737189,-0.000378004800754774,"Stanford Samuels","GB","DB",2020
"1753","00-0031558",518,-0.00416327546687038,0.0215940480109117,-0.000378479587897307,"Maxx Williams","ARI","TE",2020
"1754","00-0030496",335,-0.00416513056409084,0.0208496533647992,-0.000378648233099167,"Le'Veon Bell","KC","RB",2020
"1755","00-0035998",1907,-0.00416733469575384,0.0216193170789129,-0.000378848608704894,"Michael Jacquet","PHI","DB",2020
"1756","00-0034958",1503,-0.00416897145837741,0.0225952226649531,-0.000378997405307037,"Tyree St. Louis","LAC","OL",2020
"1757","00-0034657",1378,-0.00417868722698801,0.0220476325723693,-0.00037988065699891,"Matt Dickerson","TEN","DL",2020
"1758","00-0027688",83,-0.0041797607414973,0.0223926450475248,-0.000379978249227027,"Colt McCoy","NYG","QB",2020
"1759","00-0036229",2005,-0.00418205457721839,0.0216036523023307,-0.000380186779747126,"Jordan Glasgow","IND","LB",2020
"1760","00-0034359",1262,-0.00423581091851192,0.0212418602178549,-0.00038507371986472,"Tyquan Lewis","IND","DL",2020
"1761","00-0032380",668,-0.00424215784370705,0.0212447711922669,-0.000385650713064277,"Laremy Tunsil","HOU","OL",2020
"1762","00-0030155",300,-0.00424444017525325,0.020744099571746,-0.000385858197750296,"Demetrius Harris","CHI","TE",2020
"1763","00-0036220",1997,-0.00426037100454942,0.0214281678927553,-0.000387306454959039,"Derrick Brown","CAR","DL",2020
"1764","00-0036340",2106,-0.00426052160440903,0.0220379137186001,-0.000387320145855366,"Antonio Gandy-Golden","WAS","WR",2020
"1765","00-0034463",1332,-0.00426122267450485,0.0216886113589874,-0.000387383879500441,"Joe Ostman","PHI","DL",2020
"1766","00-0027136",65,-0.00427349209999308,0.0208189093427006,-0.000388499281817553,"Jason McCourty","NE","DB",2020
"1767","00-0033058",847,-0.00429783701767021,0.0204361143891167,-0.000390712456151837,"Reggie Ragland","DET","LB",2020
"1768","00-0035965",1899,-0.00430073259249552,0.0212365877487933,-0.000390975690226865,"Tipa Galeai","GB","DL",2020
"1769","00-0032042",588,-0.00430256108094615,0.0214176078211796,-0.00039114191644965,"Curtis Riley","MIN","DB",2020
"1770","00-0035697",1821,-0.00430833279475219,0.0201486293119761,-0.000391666617704745,"Germaine Pratt","CIN","LB",2020
"1771","00-0036268",2039,-0.00431091795201989,0.0208040615312189,-0.000391901632001808,"Laviska Shenault","JAX","WR",2020
"1772","00-0027662",78,-0.00432022624114776,0.0205723887069981,-0.000392747840104342,"Carlos Dunlap","SEA","DL",2020
"1773","00-0036293",2061,-0.00433305340775943,0.0204022193689218,-0.000393913946159948,"Jeremy Chinn","CAR","DB",2020
"1774","00-0034801",1446,-0.00434916557998817,0.0216483168080439,-0.000395378689089833,"Josh Woods","CHI","LB",2020
"1775","00-0031015",389,-0.00436096567465695,0.0208555822856581,-0.000396451424968814,"Phillip Gaines","HOU","DB",2020
"1776","00-0035656",1787,-0.00436349091301328,0.0217253990757983,-0.000396680992092116,"Khalen Saunders","KC","DL",2020
"1777","00-0036304",2071,-0.00437750467998524,0.0217438643998167,-0.000397954970907749,"John Reid","HOU","DB",2020
"1778","00-0029678",242,-0.00438695530621998,0.02151603558931,-0.000398814118747271,"David DeCastro","PIT","OL",2020
"1779","00-0032416",695,-0.00439170342598386,0.0202407503398089,-0.000399245765998533,"Quinton Jefferson","BUF","DL",2020
"1780","00-0031331",460,-0.00439429947658754,0.0214880929393399,-0.000399481770598867,"Pierre Desir","BAL","DB",2020
"1781","00-0035291",1651,-0.00440108244124382,0.0210309815144219,-0.000400098403749438,"Trayveon Williams","CIN","RB",2020
"1782","00-0034835",1467,-0.00440111692883793,0.0212013910630051,-0.000400101538985266,"Malik Jefferson","LAC","LB",2020
"1783","00-0032401",685,-0.00443369972181664,0.0215364171468243,-0.00040306361107424,"De'Vondre Campbell","ARI","LB",2020
"1784","00-0031261",442,-0.00443932402578916,0.021820849834419,-0.000403574911435378,"Tre Boston","CAR","DB",2020
"1785","00-0032392",679,-0.00444144329550148,0.0214880385769552,-0.000403767572318317,"Austin Hooper","CLE","TE",2020
"1786","00-0035633",1770,-0.00445384101309101,0.0210605991550151,-0.000404894637553728,"Corey Ballentine","NYJ","DB",2020
"1787","00-0032204",634,-0.00445942449820366,0.0214038787914805,-0.000405402227109424,"Chaz Green","IND","OL",2020
"1788","00-0032210",636,-0.00447348226419314,0.0215330611338508,-0.00040668020583574,"Frank Clark","KC","DL",2020
"1789","00-0022455",5,-0.00449058945446596,0.021179725903719,-0.000408235404951451,"Don Muhlbach","DET","LS",2020
"1790","00-0034142",1174,-0.00449561420350186,0.0206086092707121,-0.00040869220031835,"J.C. Hassenauer","PIT","OL",2020
"1791","00-0033523",968,-0.00450282752865912,0.0208946839503946,-0.000409347957150829,"Jonathan Allen","WAS","DL",2020
"1792","00-0033716",1034,-0.00452293933692397,0.0218109253901421,-0.000411176303356725,"Calvin Munson","MIA","LB",2020
"1793","00-0032521",722,-0.0045279949182047,0.0218433639610722,-0.000411635901654972,"Mike Hilton","PIT","DB",2020
"1794","00-0036160",1966,-0.00452959942858563,0.0210375491298189,-0.000411781766235057,"Jason Strowbridge","MIA","DL",2020
"1795","00-0032986",828,-0.00455445260913053,0.0211575235647792,-0.000414041146284594,"J.P. Holtz","CHI","TE",2020
"1796","00-0027686",82,-0.00455601799655479,0.0213434395016717,-0.000414183454232254,"Corey Peters","ARI","DL",2020
"1797","00-0030968",386,-0.00456616325673671,0.0211273792313643,-0.000415105750612428,"Keith Smith","ATL","RB",2020
"1798","00-0034385",1286,-0.00459572042505593,0.0217067438546058,-0.000417792765914175,"Ja'Whaun Bentley","NE","LB",2020
"1799","00-0031787",554,-0.00459759543379776,0.0217541290000711,-0.000417963221254342,"Jake Kumerow","NO","WR",2020
"1800","00-0035310",1661,-0.00460142251607284,0.0217156652434673,-0.000418311137824803,"Chandler Cox","MIA","RB",2020
"1801","00-0035265",1630,-0.00466122340104645,0.0202199020522804,-0.000423747581913314,"John Cominsky","ATL","DL",2020
"1802","00-0034363",1266,-0.00466811427429351,0.0219456682630098,-0.000424374024935774,"Deadrin Senat","ATL","DL",2020
"1803","00-0032790",780,-0.00467147641025854,0.0207674850292361,-0.000424679673659867,"DeAndre Houston-Carson","CHI","DB",2020
"1804","00-0036344",2110,-0.00467629549222145,0.0206818446237963,-0.000425117772020132,"Harrison Hand","MIN","DB",2020
"1805","00-0034590",1363,-0.00467682921568282,0.0217698197382136,-0.000425166292334802,"Frank Herron","DET","DL",2020
"1806","00-0035156",1577,-0.00468307432746398,0.0224027560650328,-0.000425734029769453,"Jack Fox","DET","P",2020
"1807","00-0034370",1272,-0.00468905026126198,0.0209965977536186,-0.000426277296478362,"DaeSean Hamilton","DEN","WR",2020
"1808","00-0031799",557,-0.00470160588236243,0.021596683192687,-0.000427418716578402,"Anthony Harris","MIN","DB",2020
"1809","00-0034588",1362,-0.00473096805743627,0.0214631193496632,-0.000430088005221479,"Trent Harris","NYG","LB",2020
"1810","00-0033053",844,-0.00473343659064241,0.0220245823055675,-0.000430312417331128,"Sean Davis","PIT","DB",2020
"1811","00-0033881",1085,-0.00473753322913964,0.0211327137571468,-0.000430684839012694,"Evan Engram","NYG","TE",2020
"1812","00-0033063",849,-0.00475838978941737,0.022183417943841,-0.000432580889947034,"Zach Wood","NO","LS",2020
"1813","00-0035220",1596,-0.00477219944011242,0.0220422565637804,-0.000433836312737493,"Derwin Gray","JAX","OL",2020
"1814","00-0035306",1659,-0.00477406616949908,0.0224450837850326,-0.000434006015409007,"Darryl Johnson","BUF","DL",2020
"1815","00-0034302",1231,-0.00480647226733378,0.0203640261994527,-0.000436952024303071,"Frankie Luvu","NYJ","LB",2020
"1816","00-0034646",1375,-0.00482023775200278,0.0217269725656147,-0.000438203432000253,"Brandon Powell","ATL","WR",2020
"1817","00-0032888",796,-0.00482605146993618,0.0204876356993411,-0.00043873195181238,"Karl Joseph","CLE","DB",2020
"1818","00-0032734",754,-0.00483783915280515,0.021348005713756,-0.000439803559345923,"Brennan Scarlett","HOU","LB",2020
"1819","00-0028129",151,-0.00485176186263295,0.0214818466953827,-0.000441069260239359,"Jason Kelce","PHI","OL",2020
"1820","00-0029643",236,-0.004855906082784,0.021153150781393,-0.000441446007525818,"Whitney Mercilus","HOU","LB",2020
"1821","00-0036281",2050,-0.00486663491999879,0.0222537196730773,-0.000442421356363527,"C.J. Henderson","JAX","DB",2020
"1822","00-0033094",863,-0.00487856726721268,0.0219157902569346,-0.000443506115201152,"Marvin Hall","CLE","WR",2020
"1823","00-0035957",1895,-0.00488973074519754,0.0216436476328252,-0.00044452097683614,"Rodney Smith","CAR","RB",2020
"1824","00-0034392",1293,-0.00489840263437421,0.0219126805432275,-0.000445309330397655,"Scott Quessenberry","LAC","OL",2020
"1825","00-0032053",591,-0.00489902213351334,0.020784223642524,-0.000445365648501213,"Brandon Scherff","WAS","OL",2020
"1826","00-0032940",808,-0.00490400331555917,0.0221194057823529,-0.000445818483232652,"DeAndre Washington","MIA","RB",2020
"1827","00-0036289",2057,-0.00490649987702337,0.0210987439509631,-0.000446045443365761,"Ross Blacklock","HOU","DL",2020
"1828","00-0031957",580,-0.0049129061126333,0.0202386635190032,-0.000446627828421209,"Rakeem Nunez-Roches","TB","DL",2020
"1829","00-0032393",680,-0.00492136157606669,0.0218479728216804,-0.000447396506915154,"C.J. Prosise","TB","RB",2020
"1830","00-0028075",143,-0.00492369043921617,0.0216454746468418,-0.000447608221746925,"Buster Skrine","CHI","DB",2020
"1831","00-0036065",1929,-0.00493029954297961,0.0219876826999019,-0.000448209049361783,"Auzoyah Alufohai","HOU","DL",2020
"1832","00-0032128",610,-0.00493530206205411,0.0220730211175364,-0.000448663823823101,"Chris Conley","JAX","WR",2020
"1833","00-0030090",289,-0.00495628333547173,0.0204939496738723,-0.000450571212315612,"Micah Hyde","BUF","DB",2020
"1834","00-0034179",1190,-0.00498146707945055,0.0210700259002437,-0.000452860643586414,"Raven Greene","GB","DB",2020
"1835","00-0031868",563,-0.00498454173017677,0.0214905442345489,-0.000453140157288797,"Damiere Byrd","NE","WR",2020
"1836","00-0032970",822,-0.00499564395486132,0.0208600511214557,-0.000454149450441938,"Jordan Jenkins","NYJ","LB",2020
"1837","00-0031242",436,-0.0049958838121585,0.020395802796429,-0.000454171255650773,"Shamar Stephen","MIN","DL",2020
"1838","00-0035615",1760,-0.00500248929454923,0.0211753041052088,-0.00045477175404993,"Natrez Patrick","LA","LB",2020
"1839","00-0033196",890,-0.00502934041807978,0.021507656835619,-0.00045721276527998,"Zach Triner","TB","LS",2020
"1840","00-0031166",420,-0.00504085505125845,0.0220677697916886,-0.000458259550114404,"Seth Roberts","GB","WR",2020
"1841","00-0036157",1963,-0.00504286761972729,0.0214258790134955,-0.000458442510884299,"Kristian Welch","BAL","LB",2020
"1842","00-0033114",872,-0.00504309833750062,0.0215757698724194,-0.000458463485227329,"Mike Thomas","CIN","WR",2020
"1843","00-0030993",387,-0.00505092606252595,0.0207451059839892,-0.000459175096593268,"Aaron Lynch","JAX","LB",2020
"1844","00-0031596",533,-0.00505929789468182,0.0208554677667834,-0.000459936172243802,"David Mayo","NYG","LB",2020
"1845","00-0032007",586,-0.00507747019963083,0.0219791659550407,-0.000461588199966439,"Quinton Dunbar","SEA","DB",2020
"1846","00-0035022",1538,-0.00509345220876661,0.021700019562491,-0.000463041109887873,"Penny Hart","SEA","WR",2020
"1847","00-0030555",350,-0.00509629361075751,0.0219760808822272,-0.000463299419159774,"Dion Jordan","SF","DL",2020
"1848","00-0031376",479,-0.00510210898461389,0.0220058836267217,-0.000463828089510353,"Jerick McKinnon","SF","RB",2020
"1849","00-0034743",1405,-0.00510547605358873,0.0217076187254019,-0.000464134186689884,"Rashaan Evans","TEN","LB",2020
"1850","00-0036110",1945,-0.0051129173371271,0.0215248196391518,-0.000464810667011555,"Ja'Marcus Bradley","CLE","WR",2020
"1851","00-0035261",1626,-0.00513203030431609,0.0210322063482933,-0.000466548209483281,"Tony Pollard","DAL","RB",2020
"1852","00-0036356",2118,-0.00514017943451816,0.0210502783791348,-0.000467289039501651,"Isaiah Simmons","ARI","LB",2020
"1853","00-0035188",1584,-0.00515462688214483,0.0226175457561648,-0.000468602443831349,"Alexander Myres","DET","DB",2020
"1854","00-0034959",1504,-0.00516611481893546,0.021667295160081,-0.000469646801721405,"Andrew Beck","DEN","TE",2020
"1855","00-0034779",1430,-0.0052097259442939,0.0213797637752704,-0.000473611449481263,"Ronnie Harrison","CLE","DB",2020
"1856","00-0031628",542,-0.00522153056511992,0.0207352227927955,-0.000474684596829083,"Darryl Roberts","DET","DB",2020
"1857","00-0030279",309,-0.00522303543458227,0.0208143892977057,-0.000474821403143843,"Keenan Allen","LAC","WR",2020
"1858","00-0035311",1662,-0.00524287288772229,0.0215107069345088,-0.000476624807974754,"Myles Gaskin","MIA","RB",2020
"1859","00-0031256",439,-0.00524723283471608,0.02147063636026,-0.000477021166792371,"Anthony Barr","MIN","LB",2020
"1860","00-0032965",818,-0.00526045818207799,0.0220862479401062,-0.000478223471097999,"Ronnie Stanley","BAL","OL",2020
"1861","00-0034270",1216,-0.00527021144612281,0.0214344995834375,-0.00047911013146571,"Tyler Conklin","MIN","TE",2020
"1862","00-0033940",1129,-0.00529632029264323,0.0212918324952711,-0.000481483662967566,"Jaleel Johnson","MIN","DL",2020
"1863","00-0035316",1665,-0.0053097336653424,0.022586074914821,-0.000482703060485673,"Kaden Elliss","NO","LB",2020
"1864","00-0036336",2102,-0.00531189156639208,0.0226970811407641,-0.000482899233308371,"Anthony McFarland","PIT","RB",2020
"1865","00-0035713",1833,-0.0053247774068599,0.0203069413073165,-0.0004840706733509,"Brian Burns","CAR","DL",2020
"1866","00-0036341",2107,-0.00536477715475089,0.0207169453651774,-0.000487707014068263,"Khalid Kareem","CIN","DL",2020
"1867","00-0029577",221,-0.00538680846722147,0.0218206274085467,-0.000489709860656497,"Danny Trevathan","CHI","LB",2020
"1868","00-0034383",1284,-0.00539832148921766,0.0213193711953841,-0.000490756499019787,"Dalton Schultz","DAL","TE",2020
"1869","00-0033577",1006,-0.00540488955079058,0.0208268635617952,-0.000491353595526417,"Nathan Gerry","PHI","LB",2020
"1870","00-0028149",153,-0.00541371547783196,0.0225087057775993,-0.000492155952530178,"Bruce Miller","JAX","RB",2020
"1871","00-0036284",2052,-0.00545343677956269,0.0209734537103476,-0.000495766979960244,"Mekhi Becton","NYJ","OL",2020
"1872","00-0032466",714,-0.00546976643941847,0.0207118236976402,-0.000497251494492589,"George Fant","NYJ","OL",2020
"1873","00-0032127",609,-0.00548636828056008,0.0202054343333062,-0.00049876075277819,"Markus Golden","ARI","LB",2020
"1874","00-0034781",1432,-0.00552958298699847,0.0212828096165995,-0.000502689362454407,"Dorian O'Daniel","KC","LB",2020
"1875","00-0030404",318,-0.00553442757621542,0.0214885337054349,-0.000503129779655948,"Chris Thompson","JAX","RB",2020
"1876","00-0027114",64,-0.00553758662895457,0.0209157047814135,-0.000503416966268597,"Thomas Morstead","NO","P",2020
"1877","00-0032388",676,-0.00553826797177468,0.0209941709030427,-0.000503478906524971,"Deion Jones","ATL","LB",2020
"1878","00-0032785",776,-0.00554746603295947,0.0214844079166131,-0.000504315093905406,"Halapoulivaati Vaitai","DET","OL",2020
"1879","00-0035670",1799,-0.00556425811869141,0.0217114932929656,-0.000505841647153764,"Dakota Allen","JAX","LB",2020
"1880","00-0032407",689,-0.00556747789630201,0.0217785367892181,-0.000506134354209274,"Alex Lewis","NYJ","OL",2020
"1881","00-0035292",1652,-0.00557663098397202,0.0206393512191605,-0.000506966453088365,"David Long","TEN","LB",2020
"1882","00-0035085",1549,-0.00558352201294618,0.0210442513976409,-0.000507592910267835,"Randy Ramsey","GB","LB",2020
"1883","00-0035984",1903,-0.00561846892014837,0.0221690475785552,-0.00051076990183167,"Blake Lynch","MIN","LB",2020
"1884","00-0030443",324,-0.00563540650714196,0.0214109228202044,-0.000512309682467451,"Levine Toilolo","NYG","TE",2020
"1885","00-0033324",925,-0.00563588907192105,0.0220781131765918,-0.000512353551992822,"Tashawn Bower","NE","DL",2020
"1886","00-0031369",477,-0.00563873386968823,0.0215295722256749,-0.000512612169971657,"Brandon Linder","JAX","OL",2020
"1887","00-0030484",334,-0.00564327183557869,0.0209796595637731,-0.000513024712325336,"Jamar Taylor","SF","DB",2020
"1888","00-0030573",358,-0.00565791398648205,0.0206620291597573,-0.000514355816952914,"Sheldon Richardson","CLE","DL",2020
"1889","00-0033131",883,-0.00565843009154509,0.0206570008564329,-0.000514402735595008,"Maliek Collins","LV","DL",2020
"1890","00-0034319",1237,-0.00566012351284996,0.0214120597508775,-0.00051455668298636,"Deon Yelder","KC","TE",2020
"1891","00-0034843",1472,-0.00566182764818794,0.0208482794228443,-0.000514711604380722,"Mike Hughes","MIN","DB",2020
"1892","00-0036427",2183,-0.00568749170452708,0.0208316912964783,-0.000517044700411553,"Tyler Johnson","TB","WR",2020
"1893","00-0032062",596,-0.0056914759617502,0.0202584537278739,-0.000517406905613655,"Blake Bell","DAL","TE",2020
"1894","00-0031427",496,-0.00570801298540243,0.0220284371171865,-0.000518910271400221,"Todd Davis","MIN","LB",2020
"1895","00-0026544",50,-0.00571154378105349,0.0218745739819195,-0.000519231252823045,"Chase Daniel","DET","QB",2020
"1896","00-0035961",1897,-0.00575194507825875,0.0214199081236607,-0.000522904098023523,"Krys Barnes","GB","LB",2020
"1897","00-0032412",693,-0.00575988596888918,0.020452814814131,-0.000523625997171744,"Dean Lowry","GB","DL",2020
"1898","00-0035042",1543,-0.00576035676227999,0.0213079830099321,-0.000523668796570908,"Jamie Gillan","CLE","P",2020
"1899","00-0036416",2172,-0.00576700343578429,0.0213539582763911,-0.000524273039616754,"Kristian Fulton","TEN","DB",2020
"1900","00-0031330",459,-0.00576831259089691,0.021266611789093,-0.000524392053717901,"Morgan Moses","WAS","OL",2020
"1901","00-0034768",1423,-0.00576865210630102,0.0213657259485366,-0.000524422918754639,"Chukwuma Okorafor","PIT","OL",2020
"1902","00-0034084",1157,-0.00584503116044112,0.0229989977651364,-0.000531366469131011,"Michael Badgley","LAC","K",2020
"1903","00-0029606",227,-0.00586099190511348,0.0209118814149914,-0.000532817445919407,"Harrison Smith","MIN","DB",2020
"1904","00-0033907",1106,-0.00586104788077472,0.0206047065131943,-0.000532822534615884,"Dawuane Smoot","JAX","DL",2020
"1905","00-0029008",179,-0.00590169509569508,0.0222744879917569,-0.00053651773597228,"Charley Hughlett","CLE","LS",2020
"1906","00-0033598",1017,-0.00591473153081424,0.0217258955955061,-0.000537702866437659,"Eli Ankou","DAL","DL",2020
"1907","00-0030562",353,-0.0059184097375217,0.0207687618915617,-0.000538037248865609,"Desmond Trufant","DET","DB",2020
"1908","00-0034419",1311,-0.00592255504727565,0.0207941204587059,-0.000538414095206877,"Braxton Berrios","NYJ","WR",2020
"1909","00-0029255",194,-0.00592716711071951,0.0219661569387741,-0.000538833373701774,"Bobby Wagner","SEA","LB",2020
"1910","00-0035266",1631,-0.00593279758522474,0.0200175695016841,-0.000539345235020431,"Michael Jordan","CIN","OL",2020
"1911","00-0028292",161,-0.00594587197561556,0.0215730130405282,-0.000540533815965051,"Nick Bellore","SEA","RB",2020
"1912","00-0034446",1328,-0.00596187990868182,0.0217911442644209,-0.000541989082607439,"Jalen Davis","CIN","DB",2020
"1913","00-0036429",2184,-0.00596449786327595,0.0220793609239001,-0.000542227078479632,"Charlie Woerner","SF","TE",2020
"1914","00-0035655",1786,-0.00598859424946614,0.0203894199434337,-0.000544417659042377,"Will Harris","DET","DB",2020
"1915","00-0035264",1629,-0.00601061762479812,0.0215303824996995,-0.000546419784072556,"Jarrett Stidham","NE","QB",2020
"1916","00-0035709",1831,-0.0060384916056504,0.022745178207368,-0.000548953782331854,"Austin Cutting","MIN","LS",2020
"1917","00-0032803",784,-0.00606691665181621,0.0207082753703949,-0.000551537877437837,"Jalen Mills","PHI","DB",2020
"1918","00-0032214",638,-0.00606714145298328,0.0201174598324128,-0.000551558313907571,"Tyler Kroft","BUF","TE",2020
"1919","00-0034683",1392,-0.00611849978410248,0.0215210066384644,-0.000556227253100225,"Darius Phillips","CIN","DB",2020
"1920","00-0034825",1458,-0.00612257165737711,0.0203414823623268,-0.000556597423397919,"Arden Key","LV","DL",2020
"1921","00-0033038",835,-0.00612277682674556,0.021856286518038,-0.000556616075158687,"Eric Murray","HOU","DB",2020
"1922","00-0034682",1391,-0.00613439128125811,0.0211088941137292,-0.000557671934659828,"Genard Avery","PHI","DL",2020
"1923","00-0034766",1422,-0.00613547488058226,0.0206461351852599,-0.000557770443689297,"Christopher Herndon","NYJ","TE",2020
"1924","00-0033009",831,-0.00617074362816966,0.0216393039458357,-0.000560976693469969,"Tyler Boyd","CIN","WR",2020
"1925","00-0034353",1257,-0.00622896620870412,0.0202486939330565,-0.000566269655336738,"Anthony Miller","CHI","WR",2020
"1926","00-0035668",1797,-0.00627734856496976,0.0211448458569258,-0.000570668051360887,"David Edwards","LA","OL",2020
"1927","00-0035702",1825,-0.00629531490470164,0.0213370580113633,-0.000572301354972876,"Dalton Risner","DEN","OL",2020
"1928","00-0036194",1982,-0.00630647736527404,0.0218154848180525,-0.000573316124115822,"Devin Asiasi","NE","TE",2020
"1929","00-0035652",1784,-0.00634959803862095,0.0229523571373589,-0.000577236185329177,"Ryan Finley","CIN","QB",2020
"1930","00-0032143",616,-0.00639331992290094,0.0203520912959066,-0.000581210902081904,"Danny Shelton","DET","DL",2020
"1931","00-0029134",183,-0.00639852594128233,0.022382165748126,-0.000581684176480212,"Beau Brinkley","TEN","LS",2020
"1932","00-0032525",723,-0.00640856591683801,0.0215890451551363,-0.000582596901530728,"Jarrod Wilson","JAX","DB",2020
"1933","00-0033880",1084,-0.00640915196851769,0.0208151666898751,-0.000582650178956153,"Charles Harris","ATL","DL",2020
"1934","00-0032753",756,-0.00641772852754224,0.0219802347102713,-0.000583429866140203,"Luke Rhodes","IND","LS",2020
"1935","00-0033570",1002,-0.00644476050304392,0.0203044167712078,-0.000585887318458538,"Anthony Walker","IND","LB",2020
"1936","00-0033950",1137,-0.00645111275813899,0.0213942175500904,-0.000586464796194454,"Wayne Gallman","NYG","RB",2020
"1937","00-0031796",556,-0.00645794626747644,0.0200352607159008,-0.00058708602431604,"Justin Coleman","DET","DB",2020
"1938","00-0035864",1872,-0.00646792632929036,0.0219325441817429,-0.00058799330266276,"Kendall Hinton","DEN","WR",2020
"1939","00-0032251",652,-0.00650412694609473,0.0228602058231525,-0.000591284267826794,"Damarious Randall","SEA","DB",2020
"1940","00-0029568",219,-0.00650919730277737,0.0214763649689333,-0.000591745209343398,"Malik Jackson","PHI","DL",2020
"1941","00-0036008",1914,-0.0065528340804176,0.0221401350488182,-0.000595712189128873,"Hunter Bryant","DET","TE",2020
"1942","00-0033112",871,-0.00656165953682597,0.0216021524911032,-0.000596514503347815,"Temarrick Hemingway","WAS","TE",2020
"1943","00-0034495",1340,-0.00656407489389962,0.0212493904339053,-0.000596734081263602,"Evan Brown","DET","OL",2020
"1944","00-0033289",910,-0.0065688439945756,0.0209846566067841,-0.000597167635870509,"Corn Elder","CAR","DB",2020
"1945","00-0034728",1400,-0.00663183286002405,0.0213767745336217,-0.000602893896365823,"Jaire Alexander","GB","DB",2020
"1946","00-0032418",696,-0.00665926625897809,0.0219486429845573,-0.00060538784172528,"Joe Dahl","DET","OL",2020
"1947","00-0034360",1263,-0.00666450588401079,0.0224736664741743,-0.000605864171273708,"Lorenzo Carter","NYG","LB",2020
"1948","00-0033529",973,-0.00669015083902317,0.021302186709297,-0.000608195530820288,"Chase Roullier","WAS","OL",2020
"1949","00-0032240",646,-0.0067008294826622,0.0218129537910382,-0.000609166316605655,"Vic Beasley","LV","LB",2020
"1950","00-0033512",967,-0.00670767400438655,0.0214288753047382,-0.000609788545853323,"Damontae Kazee","ATL","DB",2020
"1951","00-0034373",1275,-0.0067201976504178,0.0214007912123558,-0.000610927059128891,"Dorance Armstrong","DAL","DL",2020
"1952","00-0033297",916,-0.00673040241730968,0.0205027873266582,-0.000611854765209971,"D.J. Jones","SF","DL",2020
"1953","00-0033052",843,-0.00674725685201038,0.020601248968842,-0.000613386986546398,"Jaylon Smith","DAL","LB",2020
"1954","00-0030114",296,-0.00675900681501645,0.0212328908766229,-0.000614455165001496,"Jordan Poyer","BUF","DB",2020
"1955","00-0031258",440,-0.00676373848263697,0.0210474603429159,-0.000614885316603361,"Jeremiah Attaochu","DEN","LB",2020
"1956","00-0036145",1959,-0.00676643103493561,0.0215878711784708,-0.000615130094085055,"Lawrence Cager","NYJ","WR",2020
"1957","00-0029714",251,-0.00677263699536635,0.0221855544917761,-0.000615694272306032,"Andrew DePaola","MIN","LS",2020
"1958","00-0032144",617,-0.00678299661427352,0.0210052644640723,-0.000616636055843047,"Melvin Gordon","DEN","RB",2020
"1959","00-0034426",1315,-0.00682266755598781,0.0208924875039524,-0.000620242505089801,"Javon Wims","CHI","WR",2020
"1960","00-0030710",372,-0.00682501243075341,0.0205403266976093,-0.000620455675523037,"Trey Burton","IND","TE",2020
"1961","00-0035624",1763,-0.00683394390536675,0.0204802773626492,-0.000621267627760614,"N'Keal Harry","NE","WR",2020
"1962","00-0034192",1193,-0.00683817516260874,0.021433145947918,-0.000621652287509886,"Nick Keizer","KC","TE",2020
"1963","00-0035259",1625,-0.00684555113457492,0.0215916108095427,-0.000622322830415901,"Trevon Wesco","NYJ","TE",2020
"1964","00-0033467",958,-0.00685061878797658,0.0225803938808278,-0.000622783526179689,"Brian Allen","CLE","DB",2020
"1965","00-0033902",1101,-0.00685118370098594,0.0207885340525262,-0.000622834881907812,"Tanoh Kpassagnon","KC","DL",2020
"1966","00-0031173",422,-0.00685603416359999,0.0209913103537388,-0.000623275833054545,"Jaylen Watkins","LAC","DB",2020
"1967","00-0030761",376,-0.00687130056954185,0.0206603399629872,-0.000624663688140168,"Joe Thomas","DAL","LB",2020
"1968","00-0032677",749,-0.00691426505669285,0.021168884059809,-0.000628569550608441,"Cory Littleton","LV","LB",2020
"1969","00-0032255",653,-0.00694183868954494,0.0210190166783237,-0.000631076244504086,"A.J. Cann","JAX","OL",2020
"1970","00-0024239",24,-0.0069426985446531,0.0201678502406191,-0.000631154413150282,"Johnathan Joseph","ARI","DB",2020
"1971","00-0035270",1633,-0.0069461960745078,0.0199474369113633,-0.0006314723704098,"Amani Oruwariye","DET","DB",2020
"1972","00-0035695",1819,-0.00697131010439293,0.0208572156603706,-0.000633755464035721,"Trayvon Mullen","LV","DB",2020
"1973","00-0035099",1551,-0.00706208953538905,0.0207537943963948,-0.000642008139580823,"Khari Blasingame","TEN","RB",2020
"1974","00-0036132",1955,-0.00706351141411134,0.0215051275531582,-0.000642137401282849,"Ben Bredeson","BAL","OL",2020
"1975","00-0030670",369,-0.00706734154474962,0.0215984217661351,-0.000642485594977238,"Bennie Fowler","NO","WR",2020
"1976","00-0035125",1557,-0.00707963091542532,0.0205845360908753,-0.000643602810493211,"Alec Ingold","LV","RB",2020
"1977","00-0032135",614,-0.00709340534709424,0.0218410652192341,-0.000644855031554022,"Jesse James","DET","TE",2020
"1978","00-0036151",1961,-0.00714435290145745,0.0220794883544204,-0.000649486627405223,"Bryce Huff","NYJ","DL",2020
"1979","00-0030060",275,-0.00714809474101797,0.0210767089779124,-0.000649826794637998,"Kenny Vaccaro","TEN","DB",2020
"1980","00-0028142",152,-0.00714979268906854,0.0216455657329277,-0.000649981153551686,"Virgil Green","LAC","TE",2020
"1981","00-0033892",1094,-0.00715753732960703,0.0217598278759494,-0.000650685211782457,"Marcus Maye","NYJ","DB",2020
"1982","00-0035403",1700,-0.00716290485108485,0.0217348573663065,-0.000651173168280441,"Ethan Greenidge","NO","OL",2020
"1983","00-0035142",1567,-0.00718432247944399,0.0210405869743237,-0.000653120225403999,"Ugochukwu Amadi","SEA","DB",2020
"1984","00-0036269",2040,-0.00719399486196634,0.0208219124881837,-0.000653999532906031,"La'Mical Perine","NYJ","RB",2020
"1985","00-0027647",75,-0.00722430760216689,0.0218770299367038,-0.000656755236560626,"Devin McCourty","NE","DB",2020
"1986","00-0033918",1115,-0.00722967302288431,0.0210011153667955,-0.000657243002080392,"Fabian Moreau","WAS","DB",2020
"1987","00-0036005",1911,-0.00726098999014453,0.0220681104344632,-0.000660089999104048,"Noah Togiai","IND","TE",2020
"1988","00-0033065",851,-0.00727904789293122,0.0219139063637928,-0.000661731626630111,"Le'Raven Clark","IND","OL",2020
"1989","00-0033579",1008,-0.00730122260738574,0.0211622920748008,-0.00066374750976234,"Xavier Woods","DAL","DB",2020
"1990","00-0034763",1419,-0.00733829935855278,0.0216099182176483,-0.000667118123504798,"Brandon Parker","LV","OL",2020
"1991","00-0032454",711,-0.00737058170798648,0.0212058037420555,-0.000670052882544225,"Jayron Kearse","BAL","DB",2020
"1992","00-0036377",2137,-0.00739138982339807,0.0218327808662679,-0.000671944529399825,"Joe Reed","LAC","WR",2020
"1993","00-0030500",336,-0.00744484950230435,0.0202473142845047,-0.000676804500209486,"Nicholas Williams","DET","DL",2020
"1994","00-0033896",1098,-0.00746051889353362,0.0206027381682526,-0.000678228990321238,"Adam Shaheen","MIA","TE",2020
"1995","00-0030520",343,-0.00747015211578879,0.0211444206705886,-0.000679104737798981,"Mike Glennon","JAX","QB",2020
"1996","00-0030541",348,-0.00747458530539704,0.0210949291908848,-0.000679507755036095,"Blidi Wreh-Wilson","ATL","DB",2020
"1997","00-0036198",1985,-0.00747620153329863,0.0207652236146903,-0.00067965468484533,"Michael Onwenu","NE","OL",2020
"1998","00-0034677",1387,-0.00748243594020731,0.0209241132858991,-0.000680221449109755,"Justin Jones","LAC","DL",2020
"1999","00-0033576",1005,-0.0075130593774156,0.0214402429488786,-0.000683005397946872,"Eric Saubert","JAX","TE",2020
"2000","00-0030062",277,-0.00754871359316265,0.0202321862541311,-0.000686246690287514,"Darius Slay","PHI","DB",2020
"2001","00-0036215",1994,-0.00760453151466493,0.0228336854862827,-0.000691321046787721,"Danny Pinter","IND","OL",2020
"2002","00-0035334",1674,-0.0076339139892927,0.0221571587119494,-0.000693992180844791,"Kevin Strong","DET","DL",2020
"2003","00-0036385",2143,-0.007636102456903,0.0220870303753299,-0.000694191132445727,"Thakarius Keyes","KC","DB",2020
"2004","00-0032968",820,-0.00764024745587509,0.0207494050978581,-0.000694567950534099,"Myles Jack","JAX","LB",2020
"2005","00-0034676",1386,-0.00764270563851286,0.0210883471974518,-0.000694791421682987,"James Washington","PIT","WR",2020
"2006","00-0032052",590,-0.0076476648156603,0.0211568803000837,-0.000695242255969119,"Dante Fowler","ATL","DL",2020
"2007","00-0034973",1512,-0.00764784890963212,0.0211376230424581,-0.000695258991784738,"Maxx Crosby","LV","DL",2020
"2008","00-0036247",2022,-0.00772842435793336,0.0213136843785144,-0.000702584032539396,"Freddie Swain","SEA","WR",2020
"2009","00-0036238",2014,-0.00773471799603078,0.020307686684556,-0.000703156181457344,"John Penisini","DET","DL",2020
"2010","00-0036290",2058,-0.00774295621544056,0.0219231030151348,-0.000703905110494596,"Cole Kmet","CHI","TE",2020
"2011","00-0034817",1455,-0.00774901672588161,0.0212153591377336,-0.000704456065989237,"Geron Christian","WAS","OL",2020
"2012","00-0035621",1762,-0.0077493179039286,0.0221497179974386,-0.000704483445811691,"Nsimba Webster","LA","WR",2020
"2013","00-0030665",368,-0.00775619223385989,0.0201311508500798,-0.000705108384896354,"Daniel Sorensen","KC","DB",2020
"2014","00-0034969",1509,-0.00778585966465903,0.022237880824013,-0.000707805424059911,"Ben Banogu","IND","DL",2020
"2015","00-0034976",1515,-0.00778745133894059,0.0216294709894116,-0.000707950121721872,"Dru Samia","MIN","OL",2020
"2016","00-0034803",1448,-0.00779495612610143,0.0202015647510911,-0.00070863237510013,"Joseph Noteboom","LA","OL",2020
"2017","00-0036036",1921,-0.0078209978646694,0.0225625663341044,-0.000710999805879036,"Terence Steele","DAL","OL",2020
"2018","00-0032543",725,-0.00782831865532081,0.0224511811954804,-0.000711665332301891,"Alex Erickson","CIN","WR",2020
"2019","00-0031795",555,-0.0078566249391794,0.0213237248983661,-0.000714238630834491,"DeShawn Williams","DEN","DL",2020
"2020","00-0033860",1069,-0.00786998209332715,0.0220542536517425,-0.000715452917575196,"Davon Godchaux","MIA","DL",2020
"2021","00-0033269",902,-0.00789910669856854,0.021318149234671,-0.000718100608960777,"Rigoberto Sanchez","IND","P",2020
"2022","00-0036313",2080,-0.00791164635112086,0.0219515754474112,-0.000719240577374623,"Braden Mann","NYJ","P",2020
"2023","00-0035513",1725,-0.00792997770969585,0.0207818341546755,-0.000720907064517805,"Amani Bledsoe","CIN","DL",2020
"2024","00-0034591",1364,-0.00795284176764246,0.0208035343725249,-0.000722985615240224,"J.C. Jackson","NE","DB",2020
"2025","00-0023436",14,-0.00796669507119302,0.0217914869266905,-0.000724245006472092,"Alex Smith","WAS","QB",2020
"2026","00-0035039",1541,-0.00801952505738238,0.0216247311084151,-0.000729047732489307,"Stephen Carlson","CLE","TE",2020
"2027","00-0035629",1766,-0.00803048993845985,0.0213061088563767,-0.000730044539859987,"Jonah Williams","CIN","OL",2020
"2028","00-0031097",408,-0.00803309819485422,0.020938823543431,-0.000730281654077656,"Terrance Mitchell","CLE","DB",2020
"2029","00-0036378",2138,-0.00803434413334133,0.0212447082327038,-0.000730394921212848,"Michael Danna","KC","DL",2020
"2030","00-0033260",900,-0.00804383413779598,0.0205286764927402,-0.000731257648890544,"Thomas Hennessy","NYJ","LS",2020
"2031","00-0033725",1036,-0.00806930334870914,0.0222380216323463,-0.000733573031700831,"Corey Clement","PHI","RB",2020
"2032","00-0035890",1879,-0.00810158796340043,0.0211848125756812,-0.000736507996672766,"Tershawn Wharton","KC","DL",2020
"2033","00-0028834",169,-0.0081029909664983,0.0216122371261883,-0.000736635542408936,"Craig Robertson","NO","LB",2020
"2034","00-0036312",2079,-0.00814631330505123,0.0210268228714705,-0.000740573936822839,"Jake Luton","JAX","QB",2020
"2035","00-0030757",375,-0.00815151547997186,0.0207125279086086,-0.000741046861815623,"Mike Pennel","KC","DL",2020
"2036","00-0029665",240,-0.00818158165184044,0.0233893225011117,-0.000743780150167313,"Robert Griffin","BAL","QB",2020
"2037","00-0036338",2104,-0.00818161752704594,0.0220641930832354,-0.000743783411549631,"Troy Dye","MIN","LB",2020
"2038","00-0031410",492,-0.00822803416234015,0.0222357465041122,-0.000748003105667287,"Xavier Su'a-Filo","CIN","OL",2020
"2039","00-0030577",361,-0.0082614229082848,0.021568777308284,-0.000751038446207709,"Sylvester Williams","DEN","DL",2020
"2040","00-0034435",1321,-0.00827241989427335,0.0214964453572054,-0.000752038172206668,"Keion Crossen","HOU","DB",2020
"2041","00-0034675",1385,-0.00827817305690118,0.0207402192980426,-0.000752561186991016,"Jessie Bates","CIN","DB",2020
"2042","00-0033344",928,-0.0083600382893694,0.0211630607267611,-0.000760003480851763,"Hardy Nickerson","MIN","LB",2020
"2043","00-0031921",569,-0.00840533459285763,0.0214280678033385,-0.000764121326623421,"Kendall Lamm","CLE","OL",2020
"2044","00-0032939",807,-0.00841542181088378,0.0218835520212043,-0.00076503834644398,"Vonn Bell","CIN","DB",2020
"2045","00-0036272",2043,-0.00842021143342187,0.0219269257272863,-0.000765473766674715,"Ben Bartch","JAX","OL",2020
"2046","00-0030449",326,-0.00844855958591906,0.0206973096646916,-0.000768050871447187,"Margus Hunt","CIN","DL",2020
"2047","00-0035157",1578,-0.00845437342951645,0.0217195620812407,-0.000768579402683313,"Darius Harris","KC","LB",2020
"2048","00-0032094",602,-0.00847090405272254,0.0215071592862278,-0.00077008218661114,"Tyrell Adams","HOU","LB",2020
"2049","00-0035232",1604,-0.00851820825530316,0.0214048215221971,-0.000774382568663924,"Dwayne Haskins","WAS","QB",2020
"2050","00-0035144",1569,-0.00856150226059453,0.0214292739197062,-0.000778318387326776,"Mack Wilson","CLE","LB",2020
"2051","00-0031622",540,-0.00857072015382447,0.0202613001501313,-0.000779156377620407,"Bobby Hart","CIN","OL",2020
"2052","00-0033528",972,-0.00863032011838788,0.0207521330667549,-0.00078457455621708,"Jeremy Sprinkle","WAS","TE",2020
"2053","00-0034746",1408,-0.00863747370683332,0.0214426848131826,-0.000785224882439393,"Maurice Hurst","LV","DL",2020
"2054","00-0034351",1255,-0.00864578992350738,0.0216276341468882,-0.000785980902137034,"Dallas Goedert","PHI","TE",2020
"2055","00-0033878",1082,-0.00866184747276097,0.022475509369499,-0.000787440679341906,"Adoree' Jackson","TEN","DB",2020
"2056","00-0036298",2066,-0.00867862656803924,0.0210158984474532,-0.000788966051639931,"Akeem Davis-Gaither","CIN","LB",2020
"2057","00-0034828",1460,-0.00868687408144962,0.0206882504645862,-0.000789715825586329,"Harold Landry","TEN","LB",2020
"2058","00-0036163",1968,-0.00870005436999759,0.0211217374531243,-0.000790914033636145,"Justin Herron","NE","OL",2020
"2059","00-0033481",962,-0.00872857317576301,0.0213549685817912,-0.000793506652342092,"Marcus Kemp","KC","WR",2020
"2060","00-0032389",677,-0.008733933579303,0.0209542803210747,-0.000793993961754818,"Mackensie Alexander","CIN","DB",2020
"2061","00-0035631",1768,-0.00873938209099986,0.0208178904755475,-0.000794489280999987,"Drew Sample","CIN","TE",2020
"2062","00-0030470",331,-0.00875328712179689,0.0210059350430249,-0.000795753374708808,"Vance McDonald","PIT","TE",2020
"2063","00-0034527",1352,-0.00881846215879061,0.021057471806487,-0.000801678378071874,"Ryan Neal","SEA","DB",2020
"2064","00-0035535",1738,-0.00882351316051337,0.0206132466519426,-0.00080213756004667,"Darius Slayton","NYG","WR",2020
"2065","00-0030572",357,-0.00884443468156707,0.0216616854144127,-0.000804039516506097,"D.J. Hayden","JAX","DB",2020
"2066","00-0032145",618,-0.00885028261868352,0.0212970666286698,-0.000804571147153048,"Cameron Erving","DAL","OL",2020
"2067","00-0034350",1254,-0.00885463284899331,0.0203385179549307,-0.000804966622635755,"Uchenna Nwosu","LAC","DL",2020
"2068","00-0030827",379,-0.00888588816902151,0.0209085162262712,-0.000807808015365592,"Tyler Shatley","JAX","OL",2020
"2069","00-0032434",702,-0.00891834335673863,0.0223607673074407,-0.000810758486976239,"Brandon Allen","CIN","QB",2020
"2070","00-0035133",1560,-0.00892759084262299,0.0214299865653494,-0.000811599167511181,"Keisean Nixon","LV","DB",2020
"2071","00-0034382",1283,-0.00893742247797983,0.0209409178532277,-0.000812492952543621,"Marquis Haynes","CAR","DL",2020
"2072","00-0029627",232,-0.00894792244542652,0.0213044852233522,-0.000813447495038775,"Jack Crawford","TEN","DL",2020
"2073","00-0035510",1724,-0.00896101104766074,0.0212904739499971,-0.000814637367969158,"Jeff Smith","NYJ","WR",2020
"2074","00-0033124",879,-0.00901272445630224,0.0214871459572449,-0.000819338586936567,"Will Redmond","GB","DB",2020
"2075","00-0035208",1590,-0.00907803515628835,0.0220444942251904,-0.000825275923298941,"Olamide Zaccheaus","ATL","WR",2020
"2076","00-0027691",84,-0.00912042686331631,0.0226275993473284,-0.000829129714846938,"Andre Roberts","BUF","WR",2020
"2077","00-0033868",1072,-0.00918575197254777,0.0212692450363976,-0.000835068361140706,"Myles Garrett","CLE","DL",2020
"2078","00-0033445",949,-0.00919175710392092,0.0208908686829529,-0.000835614282174629,"Nicholas Morrow","LV","LB",2020
"2079","00-0031489",501,-0.00919532892484809,0.0229521348366554,-0.000835938993168008,"Brett Jones","MIN","OL",2020
"2080","00-0036329",2095,-0.00920048262820899,0.0207140175697649,-0.000836407511655363,"Ashtyn Davis","NYJ","DB",2020
"2081","00-0034745",1407,-0.00920583200622241,0.0212324971897516,-0.000836893818747492,"Tracy Walker","DET","DB",2020
"2082","00-0032972",824,-0.0092176123923102,0.0216484598336266,-0.000837964762937291,"Devontae Booker","LV","RB",2020
"2083","00-0034163",1183,-0.00928518826694598,0.0222965261697071,-0.000844108024267817,"Jacob Martin","HOU","DL",2020
"2084","00-0035287",1647,-0.00935498659280509,0.021364468292234,-0.000850453326618645,"KeeSean Johnson","ARI","WR",2020
"2085","00-0033319",924,-0.00938866264278179,0.0209033387524821,-0.000853514785707436,"Nick Mullens","SF","QB",2020
"2086","00-0028394",164,-0.00944690831349771,0.0215191519853494,-0.00085880984668161,"Jake McQuaide","LA","LS",2020
"2087","00-0036330",2096,-0.00946824561326724,0.0213385760828633,-0.000860749601206112,"Cameron Dantzler","MIN","DB",2020
"2088","00-0035592",1752,-0.00952797179728166,0.0206297139614806,-0.000866179254298333,"Travis Fulgham","PHI","WR",2020
"2089","00-0036384",2142,-0.00955193576961652,0.0222482291423675,-0.000868357797237866,"Ben DiNucci","DAL","QB",2020
"2090","00-0028872",171,-0.00957319090833613,0.0218384548206846,-0.000870290082576012,"Johnny Hekker","LA","P",2020
"2091","00-0036299",2067,-0.00965427146780403,0.0216886090301117,-0.000877661042527639,"Troy Pride","CAR","DB",2020
"2092","00-0036450",2199,-0.00975041841434082,0.0217176533497234,-0.000886401674030984,"Ke'Shawn Vaughn","TB","RB",2020
"2093","00-0036294",2062,-0.00976064434488406,0.0198779255942495,-0.000887331304080369,"Logan Wilson","CIN","LB",2020
"2094","00-0033538",978,-0.00979978903771297,0.021749701938816,-0.000890889912519361,"Garett Bolles","DEN","OL",2020
"2095","00-0032954",814,-0.00989911416801739,0.021492433227099,-0.000899919469819762,"Isaac Seumalo","PHI","OL",2020
"2096","00-0029685",244,-0.00991931937522807,0.0210020665117789,-0.000901756306838916,"Greg Van Roten","NYJ","OL",2020
"2097","00-0036361",2123,-0.00995242730996394,0.0210994183525487,-0.000904766119087631,"Trevon Diggs","DAL","DB",2020
"2098","00-0032394",681,-0.00997197046573437,0.0216666549474257,-0.000906542769612216,"Nick Vannett","DEN","TE",2020
"2099","00-0033275",903,-0.00997686393333059,0.0223244483860527,-0.000906987630302781,"Phillip Walker","CAR","QB",2020
"2100","00-0036391",2149,-0.00998054121034171,0.0219576775524882,-0.000907321928212882,"Lloyd Cushenberry","DEN","OL",2020
"2101","00-0035021",1537,-0.0100318588835498,0.0217532591995761,-0.000911987171231804,"Ashton Dulin","IND","WR",2020
"2102","00-0035685",1811,-0.0100450884779669,0.0205965020232886,-0.000913189861633352,"David Montgomery","CHI","RB",2020
"2103","00-0033132",884,-0.0100830830723144,0.0213528926878499,-0.000916643915664946,"Kevin Byard","TEN","DB",2020
"2104","00-0031713",547,-0.0101518577367027,0.0214202686060349,-0.00092289615788206,"Xavier Williams","CIN","DL",2020
"2105","00-0036333",2099,-0.0102229142285559,0.020526975353111,-0.000929355838959629,"Alex Highsmith","PIT","LB",2020
"2106","00-0036398",2156,-0.010227926036107,0.0220548961185866,-0.000929811457827907,"John Hightower","PHI","WR",2020
"2107","00-0035263",1628,-0.0102342012009801,0.0217009069645286,-0.000930381927361829,"Wes Martin","WAS","OL",2020
"2108","00-0029641",235,-0.0102778294043386,0.020721833786339,-0.000934348127667143,"Tyrone Crawford","DAL","DL",2020
"2109","00-0031241",435,-0.0102990028456597,0.0220551272350358,-0.00093627298596906,"Devon Kennard","ARI","LB",2020
"2110","00-0028171",154,-0.0103027110895194,0.0216727912414967,-0.00093661009904722,"Lawrence Guy","NE","DL",2020
"2111","00-0027958",121,-0.0104657675681696,0.0216373969493086,-0.000951433415288142,"Adrian Clayborn","CLE","DL",2020
"2112","00-0035254",1622,-0.0106387808631745,0.020084071059005,-0.000967161896652229,"Anthony Nelson","TB","LB",2020
"2113","00-0034594",1365,-0.0106408338322683,0.021683008196281,-0.000967348530206212,"A.J. Moore","HOU","DB",2020
"2114","00-0034400",1301,-0.0106435586532619,0.0205799330490486,-0.000967596241205623,"Jordan Wilkins","IND","RB",2020
"2115","00-0035628",1765,-0.0106565375262031,0.0219432157530045,-0.000968776138745733,"D'Ernest Johnson","CLE","RB",2020
"2116","00-0036212",1991,-0.0106630841239243,0.0216251281920402,-0.000969371283993122,"Tua Tagovailoa","MIA","QB",2020
"2117","00-0035278",1639,-0.0107478885658231,0.0208547292596046,-0.000977080778711192,"Byron Cowart","NE","DL",2020
"2118","00-0035671",1800,-0.0107804076938434,0.0215944834225073,-0.000980037063076677,"Jace Sternberger","GB","TE",2020
"2119","00-0032783",775,-0.0108113531178375,0.0210867426443959,-0.000982850283439769,"LeShaun Sims","CIN","DB",2020
"2120","00-0036426",2182,-0.0108244257250715,0.0217079786067891,-0.000984038702279229,"Alton Robinson","SEA","DL",2020
"2121","00-0036422",2178,-0.0108302976527968,0.0208413006374354,-0.000984572513890621,"Adam Trautman","NO","TE",2020
"2122","00-0035642",1775,-0.0108590174476421,0.0210219103800056,-0.000987183404331097,"Josh Allen","JAX","DL",2020
"2123","00-0032442",706,-0.0108645951455144,0.021064812429911,-0.000987690467774032,"Elandon Roberts","MIA","LB",2020
"2124","00-0034805",1449,-0.0108798187405577,0.0210251148732806,-0.000989074430959793,"John Franklin-Myers","NYJ","DL",2020
"2125","00-0034286",1227,-0.011012196397129,0.0202697296082124,-0.00100110876337537,"Richie James","SF","WR",2020
"2126","00-0035237",1608,-0.0110296002142873,0.0211772741648712,-0.00100269092857157,"Jawaan Taylor","JAX","OL",2020
"2127","00-0033430",946,-0.0110355064572636,0.0223800728777881,-0.00100322785975124,"Greg Mabin","JAX","DB",2020
"2128","00-0031951",578,-0.0110758154047148,0.0212157110707547,-0.00100689230951952,"James O'Shaughnessy","JAX","TE",2020
"2129","00-0031176",424,-0.0111503848098648,0.0205311211542313,-0.00101367134635135,"Nevin Lawson","LV","DB",2020
"2130","00-0031218",431,-0.011160439248743,0.0208951281716508,-0.00101458538624936,"Malcolm Butler","TEN","DB",2020
"2131","00-0034404",1302,-0.0111937855850787,0.0220912349542956,-0.00101761687137079,"Kylie Fitts","ARI","LB",2020
"2132","00-0034993",1528,-0.0111943869410321,0.0210302157220524,-0.00101767154009383,"Marcus Epps","PHI","DB",2020
"2133","00-0036420",2176,-0.0112090867977951,0.02213695772302,-0.00101900789070865,"McTelvin Agim","DEN","DL",2020
"2134","00-0032043",589,-0.0112280426101518,0.0209914652416601,-0.00102073114637743,"Quinton Spain","CIN","OL",2020
"2135","00-0030108",295,-0.0112710631884059,0.0220877532955838,-0.0010246421080369,"Ryan Griffin","NYJ","TE",2020
"2136","00-0031353",469,-0.0112804671183295,0.0223478022312415,-0.00102549701075723,"Michael Schofield","CAR","OL",2020
"2137","00-0027875",103,-0.0113629864679759,0.0220756285106599,-0.00103299876981599,"Bryan Bulaga","LAC","OL",2020
"2138","00-0032891",799,-0.011506067720695,0.0219541581010012,-0.00104600615642682,"Daryl Worley","LV","DB",2020
"2139","00-0035531",1735,-0.0115918245459087,0.0209284880821195,-0.00105380223144625,"Austin Bryant","DET","DL",2020
"2140","00-0034756",1415,-0.0115980272533741,0.0221804533916716,-0.0010543661139431,"Tre Flowers","SEA","DB",2020
"2141","00-0034132",1172,-0.0116261350831181,0.0212287373880516,-0.00105692137119255,"Christian Blake","ATL","WR",2020
"2142","00-0031740",549,-0.0116447431381144,0.0206151950121384,-0.00105861301255585,"Neville Hewitt","NYJ","LB",2020
"2143","00-0026516",49,-0.0116507187414239,0.0212231817354489,-0.00105915624922035,"Britton Colquitt","MIN","P",2020
"2144","00-0034376",1278,-0.0116789504091991,0.0215483250651556,-0.00106172276447265,"Taron Johnson","BUF","DB",2020
"2145","00-0034992",1527,-0.0117134717146384,0.021338182890162,-0.00106486106496713,"Armon Watts","MIN","DL",2020
"2146","00-0034488",1338,-0.011714742349461,0.0215813214897908,-0.00106497657722372,"Tavierre Thomas","CLE","DB",2020
"2147","00-0029567",218,-0.0118723578176997,0.0214722322403402,-0.00107930525615452,"Nick Foles","CHI","QB",2020
"2148","00-0027914",109,-0.0119933774824126,0.0207355782406236,-0.00109030704385569,"Andrew Sendejo","CLE","DB",2020
"2149","00-0034680",1389,-0.0120085485082083,0.0205880968995045,-0.00109168622801894,"Armani Watts","KC","DB",2020
"2150","00-0035240",1611,-0.012219085926178,0.0201968023389015,-0.00111082599328891,"Jahlani Tavai","DET","LB",2020
"2151","00-0033547",986,-0.0122890153423682,0.0204908263950777,-0.00111718321294256,"Zach Cunningham","HOU","LB",2020
"2152","00-0033895",1097,-0.0123608233736761,0.0211981746785739,-0.00112371121578874,"Gerald Everett","LA","TE",2020
"2153","00-0031364",474,-0.0123702836666578,0.0220470557842419,-0.00112457124242344,"Jadeveon Clowney","TEN","DL",2020
"2154","00-0031062",403,-0.0124244986542128,0.0213455458792314,-0.00112949987765571,"James White","NE","RB",2020
"2155","00-0032933",804,-0.012428956824124,0.021091678867075,-0.00112990516582945,"Antonio Hamilton","KC","DB",2020
"2156","00-0034754",1413,-0.0124439096704579,0.0212719786335579,-0.00113126451549618,"Oren Burks","GB","LB",2020
"2157","00-0030421",320,-0.0125218083825005,0.0206829066581539,-0.00113834621659096,"Jamie Collins","DET","LB",2020
"2158","00-0030442",323,-0.0128509168738143,0.0211503851029044,-0.00116826517034675,"John Simon","NE","DL",2020
"2159","00-0032395",682,-0.0128646687153921,0.0212246072271555,-0.00116951533776292,"Graham Glasgow","DEN","OL",2020
"2160","00-0033631",1021,-0.0128682600736874,0.0221575529821249,-0.00116984182488067,"Rashaad Coward","CHI","OL",2020
"2161","00-0031130",415,-0.0130631723466895,0.0218143642780448,-0.00118756112242632,"Christian Jones","DET","LB",2020
"2162","00-0031389",487,-0.0131905507907792,0.0208148709789339,-0.00119914098097993,"Lamarcus Joyner","LV","DB",2020
"2163","00-0036213",1992,-0.013256419892046,0.0207683559275715,-0.00120512908109509,"Raekwon Davis","MIA","DL",2020
"2164","00-0032758",757,-0.0133224622101317,0.020940295374809,-0.00121113292819379,"Vernon Hargreaves","HOU","DB",2020
"2165","00-0032897",801,-0.0133437530318289,0.0211011765234967,-0.00121306845743899,"Derek Watt","PIT","RB",2020
"2166","00-0033889",1091,-0.0134069236351452,0.020972371440153,-0.00121881123955866,"Cam Robinson","JAX","OL",2020
"2167","00-0030312",311,-0.013415389601465,0.0224568660014204,-0.00121958087286045,"Jahleel Addae","LAC","DB",2020
"2168","00-0027949",117,-0.013563601969891,0.0213111210917978,-0.00123305472453554,"J.J. Watt","HOU","DL",2020
"2169","00-0030781",377,-0.013612948486481,0.0206004909533194,-0.00123754077149827,"Trey Hopkins","CIN","OL",2020
"2170","00-0035301",1657,-0.0136340059927431,0.0207316526366675,-0.00123945509024937,"Donovan Wilson","DAL","DB",2020
"2171","00-0036370",2130,-0.0137984436436024,0.0215218211613247,-0.00125440396760022,"Joshua Kelley","LAC","RB",2020
"2172","00-0035908",1887,-0.013857618061924,0.0202286992904142,-0.00125978346017491,"Gabe Nabers","LAC","RB",2020
"2173","00-0034296",1228,-0.0140242556612936,0.0203754745148755,-0.00127493233284487,"Ben Niemann","KC","LB",2020
"2174","00-0033588",1011,-0.0140330710486219,0.020330622674587,-0.0012757337316929,"Isaac Rochell","LAC","DL",2020
"2175","00-0022531",6,-0.0141198631222033,0.0213043966291327,-0.0012836239202003,"Jason Peters","PHI","OL",2020
"2176","00-0027701",86,-0.0143332045684457,0.0204368505223964,-0.00130301859713143,"Everson Griffen","DET","DL",2020
"2177","00-0030383",314,-0.0143540462404129,0.0210217427272687,-0.00130491329458299,"Duron Harmon","DET","DB",2020
"2178","00-0033011",833,-0.0143786754799441,0.0212013783641415,-0.00130715231635856,"Connor McGovern","NYJ","OL",2020
"2179","00-0033375",932,-0.0147404123701153,0.020454907221852,-0.0013400374881923,"Tim Patrick","DEN","WR",2020
"2180","00-0035632",1769,-0.0148699072983945,0.0210466875646776,-0.0013518097543995,"Amani Hooker","TEN","DB",2020
"2181","00-0034357",1261,-0.0150374615163984,0.0202505843031014,-0.00136704195603622,"Isaiah Oliver","ATL","DB",2020
"2182","00-0032725",752,-0.0150446009579002,0.0212645838279878,-0.00136769099617274,"Stephen Anderson","LAC","TE",2020
"2183","00-0034349",1253,-0.0151670339187978,0.0218754832941143,-0.00137882126534525,"Kerryon Johnson","DET","RB",2020
"2184","00-0034869",1484,-0.0154201748543886,0.0208118219392976,-0.00140183407767169,"Sam Darnold","NYJ","QB",2020
"2185","00-0033300",918,-0.0155882213148507,0.0219441837505384,-0.00141711102862279,"Conor McDermott","NYJ","OL",2020
"2186","00-0034975",1514,-0.0157010658497811,0.0223238863810721,-0.00142736962270737,"Justice Hill","BAL","RB",2020
"2187","00-0034816",1454,-0.0159927023879493,0.0212216641325575,-0.00145388203526811,"Ronald Jones","TB","RB",2020
"2188","00-0034903",1489,-0.0159938105645226,0.0213827858673036,-0.00145398277859296,"Tevaughn Campbell","LAC","DB",2020
"2189","00-0033125",880,-0.0160873017106601,0.0209901521888163,-0.00146248197369637,"Joe Schobert","JAX","LB",2020
"2190","00-0036256",2031,-0.0164652523282295,0.0231927492800135,-0.00149684112074814,"Colton McKivitz","SF","OL",2020
"2191","00-0034516",1348,-0.0171949227439468,0.0200976096993359,-0.00156317479490425,"Tre Herndon","JAX","DB",2020
"2192","00-0032320",662,-0.0173167838974654,0.0206002963656279,-0.00157425308158776,"Erik Harris","LV","DB",2020
"2193","00-0033123",878,-0.0174740249354704,0.0212841922879889,-0.0015885477214064,"Yannick Ngakoue","BAL","DL",2020
"2194","00-0031543",506,-0.0180033948999552,0.0217435936114795,-0.00163667226363229,"Ty Long","LAC","P",2020
"2195","00-0036286",2054,-0.0181542138872315,0.0215342370118823,-0.00165038308065741,"K'Lavon Chaisson","JAX","DL",2020
"2196","00-0035244",1615,-0.0191725351250519,0.0217009305951169,-0.00174295773864108,"Lonnie Johnson","HOU","DB",2020
"2197","00-0034917",1491,-0.0192501394004859,0.0220504900114294,-0.00175001267277145,"Cole Mazza","LAC","LS",2020
"2198","00-0030069",282,-0.0193207289979426,0.0226045108094955,-0.00175642990890387,"Damontre Moore","SEA","DL",2020
"2199","00-0033246",897,-0.0193605185898204,0.0215402082593331,-0.00176004714452913,"Johnny Mundt","LA","TE",2020
"2200","00-0033903",1102,-0.0201270742298674,0.0208107406912625,-0.00182973402089703,"Josh Jones","JAX","DB",2020
"2201","00-0035217",1594,-0.0206855396600769,0.0222647631924878,-0.00188050360546154,"Benny Snell","PIT","RB",2020
"2202","00-0032956",816,-0.022473495896208,0.0215920528238945,-0.00204304508147345,"Andy Janovich","CLE","RB",2020
