"","nfl_id","player_idx","apm","apm_sd","apm_per_play","full_name","team","position","season"
"1","00-0033040",1310,0.0248021863759555,0.0217035221734114,0.00225474421599596,"Tyreek Hill","KC","WR",2018
"2","00-0030506",589,0.023001120311242,0.0211046082466397,0.00209101093738564,"Travis Kelce","KC","TE",2018
"3","00-0033908",1624,0.0229424098073129,0.0210351563346638,0.00208567361884663,"Cooper Kupp","LA","WR",2018
"4","00-0029253",366,0.0222641009465265,0.0213991246221158,0.00202400917695695,"Mitchell Schwartz","KC","OL",2018
"5","00-0030584",622,0.0220382225876941,0.0220612191711538,0.00200347478069946,"Eric Fisher","KC","OL",2018
"6","00-0033873",1589,0.0219988399073058,0.0215924950707185,0.0019998945370278,"Patrick Mahomes","KC","QB",2018
"7","00-0027150",148,0.0214778603108465,0.0207520363188758,0.0019525327555315,"Julian Edelman","NE","WR",2018
"8","00-0033857",1578,0.0208189966632219,0.0214421934218125,0.0018926360602929,"JuJu Smith-Schuster","PIT","WR",2018
"9","00-0028411",313,0.0196170066480525,0.0208604370427976,0.00178336424073205,"Dontrelle Inman","IND","WR",2018
"10","00-0025900",77,0.0191390041628087,0.0207429023565505,0.00173990946934625,"Chris Clark","CAR","OL",2018
"11","00-0031325",776,0.0190593721231541,0.0215490085069778,0.00173267019301401,"Sammy Watkins","KC","WR",2018
"12","00-0032160",1023,0.0190341930503123,0.0219000442008406,0.00173038118639202,"Tyrell Williams","LAC","WR",2018
"13","00-0033281",1384,0.0183959823090202,0.0206449266511937,0.00167236202809274,"Marlon Humphrey","BAL","DB",2018
"14","00-0032058",978,0.0183321636558259,0.0204167567054345,0.00166656033234781,"Tevin Coleman","ATL","RB",2018
"15","00-0033906",1622,0.0182232170414248,0.0209095288286946,0.00165665609467499,"Alvin Kamara","NO","RB",2018
"16","00-0033928",1640,0.0175173961588319,0.0228061558583192,0.00159249055989381,"Jourdan Lewis","DAL","DB",2018
"17","00-0032958",1285,0.0173214861000695,0.0198568258832138,0.00157468055455177,"Will Parks","DEN","DB",2018
"18","00-0026327",100,0.01674589082965,0.0215180696231618,0.00152235371178636,"John Sullivan","LA","OL",2018
"19","00-0033831",1571,0.0164327727075947,0.0205917577267036,0.00149388842796315,"Andrew Wylie","KC","OL",2018
"20","00-0032128",1004,0.0164110173485162,0.0211012191093988,0.00149191066804693,"Chris Conley","KC","WR",2018
"21","00-0031799",920,0.0161356587818187,0.0201003803551826,0.00146687807107443,"Anthony Harris","MIN","DB",2018
"22","00-0032145",1016,0.0160661294465257,0.0208333999730963,0.00146055722241143,"Cameron Erving","KC","OL",2018
"23","00-0033888",1604,0.0160315253860363,0.0215300725005672,0.00145741139873058,"Ryan Ramczyk","NO","OL",2018
"24","00-0025418",65,0.0159127661205283,0.0211565906481405,0.00144661510186621,"Greg Olsen","CAR","TE",2018
"25","00-0034874",2025,0.015884376742914,0.0204829619420401,0.00144403424935582,"Roquan Smith","CHI","LB",2018
"26","00-0020531",6,0.015863788090095,0.0206180693678542,0.001442162553645,"Drew Brees","NO","QB",2018
"27","00-0034367",1792,0.0158427278278926,0.0211642162968744,0.00144024798435387,"Nyheim Hines","IND","RB",2018
"28","00-0022942",21,0.0156000122696182,0.0206922787624099,0.00141818293360166,"Philip Rivers","LAC","QB",2018
"29","00-0029608",424,0.0155542505016967,0.0212420490226883,0.00141402277288152,"T.Y. Hilton","IND","WR",2018
"30","00-0033106",1347,0.0154875746491814,0.0211567912929957,0.00140796133174376,"Jared Goff","LA","QB",2018
"31","00-0032009",969,0.015384595747178,0.021298969761826,0.00139859961337981,"Adam Humphries","TB","WR",2018
"32","00-0030431",564,0.0153772536432247,0.0212831550626219,0.00139793214938407,"Robert Woods","LA","WR",2018
"33","00-0027953",235,0.0153695878021203,0.0214505997697998,0.00139723525473821,"Mike Pouncey","LAC","OL",2018
"34","00-0027793",197,0.0152969686950031,0.0211494803013492,0.00139063351772756,"Antonio Brown","PIT","WR",2018
"35","00-0030503",586,0.015204606177259,0.0202010085614526,0.00138223692520536,"Alex Okafor","NO","DL",2018
"36","00-0032241",1055,0.0150050322984359,0.020676443118681,0.00136409384531236,"Todd Gurley","LA","RB",2018
"37","00-0032697",1190,0.0149914826237797,0.0206951092752583,0.00136286205670724,"Doug Middleton","NYJ","DB",2018
"38","00-0032416",1114,0.0148881922183207,0.0210202327785349,0.00135347201984733,"Quinton Jefferson","SEA","DL",2018
"39","00-0032415",1113,0.0148617840176664,0.0210386313992022,0.00135107127433331,"Matt Judon","BAL","LB",2018
"40","00-0027025",135,0.0148561336683636,0.0217167104909963,0.00135055760621487,"Max Unger","NO","OL",2018
"41","00-0032211",1043,0.0148059176561349,0.0206623656706274,0.00134599251419408,"Tyler Lockett","SEA","WR",2018
"42","00-0030402",554,0.0146502034294971,0.0213825486982845,0.00133183667540883,"Akeem Spence","MIA","DL",2018
"43","00-0031936",948,0.0145973483556885,0.0209404333924003,0.00132703166869895,"Mitch Morse","KC","OL",2018
"44","00-0031408",820,0.0145858386412489,0.0213832455998377,0.00132598533102263,"Mike Evans","TB","WR",2018
"45","00-0028434",314,0.0144973977399022,0.021046974863031,0.00131794524908202,"Doug Baldwin","SEA","WR",2018
"46","00-0027859",206,0.0144473725588599,0.0203698376053296,0.0013133975053509,"Russell Okung","LAC","OL",2018
"47","00-0027648",172,0.0144191657242974,0.0208149256984075,0.0013108332476634,"Rodger Saffold","LA","OL",2018
"48","00-0027957",239,0.0142913669972435,0.0210939393009754,0.00129921518156759,"Prince Amukamara","CHI","DB",2018
"49","00-0033536",1478,0.0140845744612345,0.0223874396540806,0.00128041586011223,"Mike Williams","LAC","WR",2018
"50","00-0033110",1350,0.0139737891690241,0.0204132424911241,0.00127034446991128,"Tyler Higbee","LA","TE",2018
"51","00-0031296",764,0.013963139625908,0.0201114291795731,0.001269376329628,"C.J. Mosley","BAL","LB",2018
"52","00-0033562",1500,0.0139017092935364,0.0224568775127427,0.00126379175395785,"Ryan Switzer","PIT","WR",2018
"53","00-0023459",33,0.0138147076378295,0.0204592313089786,0.00125588251252996,"Aaron Rodgers","GB","QB",2018
"54","00-0030549",607,0.0138058411453603,0.0214590106207346,0.00125507646776002,"Tyler Eifert","CIN","TE",2018
"55","00-0019596",4,0.0137174255235445,0.0207119065954693,0.00124703868395859,"Tom Brady","NE","QB",2018
"56","00-0022924",20,0.0135748299072881,0.0209902127995724,0.0012340754461171,"Ben Roethlisberger","PIT","QB",2018
"57","00-0030067",507,0.0131331889766386,0.0212578049190244,0.00119392627060351,"Terron Armstead","NO","OL",2018
"58","00-0033553",1494,0.0131251859542931,0.0224541041060886,0.00119319872311755,"James Conner","PIT","RB",2018
"59","00-0032392",1093,0.0130271884643971,0.0207147068461216,0.00118428986039974,"Austin Hooper","ATL","TE",2018
"60","00-0032765",1211,0.0129578826545801,0.0207039546052021,0.00117798933223455,"Michael Thomas","NO","WR",2018
"61","00-0030065",505,0.0128938256133849,0.0207467378559889,0.00117216596485317,"Larry Warford","NO","OL",2018
"62","00-0033608",1528,0.0127330515367618,0.0222671090083821,0.00115755013970562,"Ryan Lewis","BUF","DB",2018
"63","00-0031236",735,0.0126525497040304,0.0212213557182088,0.00115023179127549,"Brandin Cooks","LA","WR",2018
"64","00-0033064",1326,0.0125412244633712,0.0209776960284272,0.00114011131485192,"Adam Gotsis","DEN","DL",2018
"65","00-0026160",86,0.0125134596851712,0.0209541480346538,0.00113758724410647,"Aqib Talib","LA","DB",2018
"66","00-0030543",605,0.0124078978507812,0.0220020002221541,0.00112799071370738,"J.J. Wilcox","IND","DB",2018
"67","00-0033905",1621,0.0123483849805871,0.0209390187841049,0.00112258045278065,"Larry Ogunjobi","CLE","DL",2018
"68","00-0031040",682,0.0123364479651763,0.0212802053271271,0.00112149526956148,"Khalil Mack","CHI","LB",2018
"69","00-0032071",985,0.0122845237209457,0.0207721317477632,0.00111677488372233,"Trent Brown","NE","OL",2018
"70","00-0030710",640,0.0122708510195906,0.0201904154990242,0.00111553191087187,"Trey Burton","CHI","TE",2018
"71","00-0031262",749,0.0121163587374822,0.0200278334555685,0.00110148715795293,"Bene' Benwikere","OAK","DB",2018
"72","00-0033294",1394,0.012095414445758,0.021863167973184,0.00109958313143255,"Chuck Clark","BAL","DB",2018
"73","00-0030663",633,0.0120026908399417,0.0213593339400531,0.00109115371272197,"Willie Snead","BAL","WR",2018
"74","00-0031544",843,0.0118034307581541,0.0198425463230707,0.00107303915983219,"Amari Cooper","DAL","WR",2018
"75","00-0032060",980,0.0117782173813219,0.0216889054410831,0.00107074703466563,"Eli Harold","DET","LB",2018
"76","00-0034765",1953,0.0117246836258712,0.0210593199031394,0.00106588032962466,"Tre'Quan Smith","NO","WR",2018
"77","00-0033544",1486,0.011716152292236,0.0207836870282678,0.00106510475383963,"Quincy Wilson","IND","DB",2018
"78","00-0032269",1071,0.0116687760680902,0.0204193613891391,0.00106079782437183,"Henry Anderson","NYJ","DL",2018
"79","00-0032387",1088,0.0116527669701405,0.0210566548527946,0.00105934245183095,"Jarran Reed","SEA","DL",2018
"80","00-0031353",791,0.0116120696657007,0.0211881468633055,0.00105564269688188,"Michael Schofield","LAC","OL",2018
"81","00-0032764",1210,0.0115747891050975,0.0207598289257172,0.00105225355500887,"Derrick Henry","TEN","RB",2018
"82","00-0031566",861,0.0115717309227072,0.0218935264086218,0.00105197553842792,"Trey Flowers","NE","DL",2018
"83","00-0028083",282,0.0114334762649652,0.0204988990149425,0.00103940693317865,"Jacquizz Rodgers","TB","RB",2018
"84","00-0031580",870,0.0114334487809411,0.0208369647056238,0.00103940443463101,"Shaq Mason","NE","OL",2018
"85","00-0027944",230,0.0114240915534741,0.0211859472608,0.00103855377758856,"Julio Jones","ATL","WR",2018
"86","00-0031852",929,0.0113502950446374,0.0219102509005921,0.00103184500405795,"David Andrews","NE","OL",2018
"87","00-0033883",1599,0.0112554544246272,0.0198239092089598,0.00102322312951156,"Jabrill Peppers","CLE","DB",2018
"88","00-0033869",1585,0.0110803960400967,0.0211987188774179,0.00100730873091788,"Mitchell Trubisky","CHI","QB",2018
"89","00-0032388",1089,0.0110636560723762,0.0205782667033798,0.00100578691567056,"Deion Jones","ATL","LB",2018
"90","00-0027675",179,0.0110271645789742,0.0208965855476317,0.00100246950717947,"Ed Dickson","SEA","TE",2018
"91","00-0027870",214,0.0109925449544349,0.0212534566596321,0.000999322268584988,"Maurkice Pouncey","PIT","OL",2018
"92","00-0032432",1123,0.0109862100339837,0.0211034376964445,0.000998746366725791,"Wes Schweitzer","ATL","OL",2018
"93","00-0033697",1542,0.0107313084770177,0.0207401521977739,0.000975573497910699,"Michael Davis","LAC","DB",2018
"94","00-0033129",1365,0.0106963025652446,0.0212098870891876,0.000972391142294967,"Carl Nassib","TB","DL",2018
"95","00-0034213",1723,0.0106694775929811,0.0212215554844805,0.000969952508452829,"Holton Hill","MIN","DB",2018
"96","00-0032379",1080,0.0106319087711109,0.0199296078886154,0.000966537161010078,"Eli Apple","NO","DB",2018
"97","00-0031386",809,0.0106295950226763,0.0213232069146566,0.000966326820243302,"Greg Robinson","CLE","OL",2018
"98","00-0033293",1393,0.0105835086601297,0.0208219696534371,0.000962137150920878,"Aaron Jones","GB","RB",2018
"99","00-0030505",588,0.0105445344104228,0.0209574717637425,0.000958594037311165,"D.J. Fluker","SEA","OL",2018
"100","00-0032793",1236,0.0105192218184372,0.0213791250817615,0.000956292892585196,"Blake Countess","LA","DB",2018
"101","00-0027881",219,0.0104963471108662,0.0213477805969964,0.000954213373715111,"Jerry Hughes","BUF","DL",2018
"102","00-0032573",1162,0.010495915633856,0.0211463918522195,0.00095417414853236,"Patrick Onwuasor","BAL","LB",2018
"103","00-0032782",1227,0.0104221500740682,0.0209975960706913,0.000947468188551655,"Wendell Smallwood","PHI","RB",2018
"104","00-0029632",432,0.0103760241329169,0.021726778388423,0.000943274921174267,"Mohamed Sanu","ATL","WR",2018
"105","00-0030441",568,0.0103721810214925,0.0212194173537193,0.000942925547408409,"Kyle Long","CHI","OL",2018
"106","00-0031228",733,0.0102195314474255,0.021192835166876,0.000929048313402315,"Taylor Gabriel","CHI","WR",2018
"107","00-0029546",404,0.0102103361864852,0.0206443232149819,0.000928212380589563,"Senio Kelemete","HOU","OL",2018
"108","00-0032257",1065,0.010175958540027,0.0215243994818662,0.000925087140002452,"Duke Johnson","CLE","RB",2018
"109","00-0033532",1475,0.0101224326337324,0.0212518474794207,0.000920221148521124,"Josh Harvey-Clemons","WAS","LB",2018
"110","00-0031381",806,0.0100666493189946,0.0213761283530951,0.000915149938090417,"Davante Adams","GB","WR",2018
"111","00-0032102",991,0.0100294007892058,0.0212440309500776,0.000911763708109618,"Stephone Anthony","MIA","LB",2018
"112","00-0027960",241,0.00995662457289571,0.0209604009563022,0.000905147688445064,"Anthony Castonzo","IND","OL",2018
"113","00-0033744",1551,0.00993106460703964,0.0208672677532864,0.000902824055185422,"Chad Wheeler","NYG","OL",2018
"114","00-0032781",1226,0.00991878206903073,0.0202574277009228,0.000901707460820975,"Matthew Ioannidis","WAS","DL",2018
"115","00-0034281",1744,0.00981290861282518,0.0222032345680987,0.000892082601165926,"Bradley Bozeman","BAL","OL",2018
"116","00-0034309",1755,0.00978234833907349,0.0222366798716725,0.000889304394461227,"Chad Beebe","MIN","WR",2018
"117","00-0032391",1092,0.00975949372423063,0.0209295196406898,0.000887226702202784,"Joe Thuney","NE","OL",2018
"118","00-0029679",450,0.00970340534038399,0.0215623384788013,0.000882127758216726,"Brandon Brooks","PHI","OL",2018
"119","00-0033052",1318,0.00969351867460562,0.0211064592572087,0.000881228970418693,"Jaylon Smith","DAL","LB",2018
"120","00-0034351",1777,0.00965027965783675,0.0206640543111166,0.000877298150712432,"Dallas Goedert","PHI","TE",2018
"121","00-0032775",1220,0.00964938018013426,0.0201438344924668,0.000877216380012206,"Demarcus Robinson","KC","WR",2018
"122","00-0032455",1136,0.00957223241836596,0.0214143706210767,0.000870202947124178,"Austin Blythe","LA","OL",2018
"123","00-0030993",670,0.00951625047849699,0.021889956797276,0.000865113679863363,"Aaron Lynch","CHI","LB",2018
"124","00-0031087",700,0.00949888014047316,0.0220077766389128,0.000863534558224832,"Andre Hal","HOU","DB",2018
"125","00-0034349",1775,0.00948311832488345,0.0213963117362547,0.000862101665898496,"Kerryon Johnson","DET","RB",2018
"126","00-0032242",1056,0.00939984905694184,0.0219341867442211,0.000854531732449259,"Rob Havenstein","LA","OL",2018
"127","00-0033556",1496,0.00934787992547699,0.0204284017827297,0.000849807265952454,"Tarik Cohen","CHI","RB",2018
"128","00-0030074",511,0.00933720314924171,0.0206733844085505,0.000848836649931065,"David Bakhtiari","GB","OL",2018
"129","00-0028129",296,0.00924061113005165,0.0211985809298888,0.000840055557277423,"Jason Kelce","PHI","OL",2018
"130","00-0029000",336,0.00921868914745554,0.0214113668751989,0.000838062649768686,"Cole Beasley","DAL","WR",2018
"131","00-0029615",426,0.00920933319826185,0.0214966236043687,0.000837212108932895,"Lamar Miller","HOU","RB",2018
"132","00-0021547",10,0.00919837676284122,0.0216922287477167,0.000836216069349202,"Antonio Gates","LAC","TE",2018
"133","00-0029670",445,0.00912589490462956,0.0208827259057498,0.000829626809511779,"Mark Barron","LA","LB",2018
"134","00-0032797",1239,0.00907366222684428,0.0208933744555939,0.000824878384258571,"Jordan Lucas","KC","DB",2018
"135","00-0029657",439,0.00904881018745891,0.0209833220871795,0.00082261910795081,"Akiem Hicks","CHI","DL",2018
"136","00-0031279",757,0.00899349057770911,0.0207412470566931,0.00081759005251901,"Jake Matthews","ATL","OL",2018
"137","00-0030470",580,0.00892719334081747,0.0220350836568313,0.000811563030983407,"Vance McDonald","PIT","TE",2018
"138","00-0025424",66,0.00892256950120013,0.0209128771837716,0.000811142681927284,"Eric Weddle","BAL","DB",2018
"139","00-0029146",355,0.00891823559908877,0.0224891130884197,0.000810748690826252,"J.R. Sweezy","SEA","OL",2018
"140","00-0031584",873,0.00891156018099544,0.0212716082311659,0.00081014183463595,"Adrian Amos","CHI","DB",2018
"141","00-0029664",440,0.00890714890017079,0.0205459326950991,0.000809740809106435,"Josh Gordon","NE","WR",2018
"142","00-0030228",536,0.00885152183178624,0.0210982892498802,0.000804683802889658,"A.J. Bouye","JAX","DB",2018
"143","00-0032389",1090,0.00883465568768143,0.0214404096632057,0.000803150517061948,"Mackensie Alexander","MIN","DB",2018
"144","00-0033382",1424,0.00883423384875777,0.0213946679166396,0.000803112168068888,"Austin Carr","NO","WR",2018
"145","00-0034591",1892,0.00883342366362474,0.0211630397489451,0.000803038514874977,"J.C. Jackson","NE","DB",2018
"146","00-0027696",188,0.00878774081952096,0.0215204640182443,0.00079888552904736,"Jimmy Graham","GB","TE",2018
"147","00-0033923",1636,0.00870301684560781,0.0210049002070174,0.00079118334960071,"Kareem Hunt","KC","RB",2018
"148","00-0032239",1053,0.00869378885529241,0.0205594757841796,0.000790344441390219,"Byron Jones","DAL","DB",2018
"149","00-0030064",504,0.00865468849864213,0.0211403826280356,0.000786789863512921,"Jon Bostic","PIT","LB",2018
"150","00-0031947",954,0.0086465109411772,0.0206846823943897,0.000786046449197927,"Tyeler Davison","NO","DL",2018
"151","00-0034646",1905,0.00862331696899546,0.0218127654690813,0.000783937906272315,"Brandon Powell","DET","WR",2018
"152","00-0034836",2005,0.00858575561779004,0.0202101612415216,0.000780523237980913,"Braden Smith","IND","OL",2018
"153","00-0032892",1261,0.00855771931445181,0.0214432060251159,0.000777974483131983,"Nick Vigil","CIN","LB",2018
"154","00-0031041",683,0.00854753693037251,0.0210372174526921,0.000777048811852046,"Kyle Fuller","CHI","DB",2018
"155","00-0026166",87,0.00853992797499773,0.0204892591112424,0.000776357088636158,"Duane Brown","SEA","OL",2018
"156","00-0032210",1042,0.0085355230643477,0.0228360144993656,0.000775956642213427,"Frank Clark","SEA","DL",2018
"157","00-0032770",1216,0.00852403925971021,0.0201631940440693,0.000774912659973655,"Tavon Young","BAL","DB",2018
"158","00-0031051",687,0.00850711054458613,0.0211528976315888,0.000773373685871467,"John Brown","BAL","WR",2018
"159","00-0027942",228,0.00845089781311548,0.0219165474638309,0.000768263437555953,"A.J. Green","CIN","WR",2018
"160","00-0031062",692,0.00840611230304828,0.0206877079189805,0.000764192027549844,"James White","NE","RB",2018
"161","00-0032454",1135,0.00839019605597917,0.0210266951832889,0.000762745095998106,"Jayron Kearse","MIN","DB",2018
"162","00-0034337",1765,0.00838623711385787,0.02080617509487,0.000762385192168897,"Greg Stroman","WAS","DB",2018
"163","00-0030114",523,0.00828602866498793,0.0206481372305501,0.000753275333180721,"Jordan Poyer","BUF","DB",2018
"164","00-0027966",245,0.00827872032253162,0.0215902709671403,0.000752610938411965,"Mark Ingram","NO","RB",2018
"165","00-0027874",217,0.00827827444583854,0.020869573328942,0.00075257040416714,"Demaryius Thomas","HOU","WR",2018
"166","00-0029263",372,0.00825716415988163,0.0218266476464376,0.000750651287261966,"Russell Wilson","SEA","QB",2018
"167","00-0026190",90,0.00824213164590753,0.020768373610242,0.000749284695082503,"Calais Campbell","JAX","DL",2018
"168","00-0033336",1410,0.0082365541012539,0.0212679241497173,0.000748777645568537,"Eric Wilson","MIN","LB",2018
"169","00-0024030",43,0.00823598462356271,0.0204825292621725,0.000748725874869337,"Tom Johnson","MIN","DL",2018
"170","00-0031554",852,0.00823548705103207,0.0214504859571995,0.000748680641002916,"Eric Kendricks","MIN","LB",2018
"171","00-0030670",637,0.00822633857320802,0.0218980334292771,0.000747848961200729,"Bennie Fowler","NYG","WR",2018
"172","00-0030279",540,0.00821403452990515,0.0198064732633554,0.000746730411809559,"Keenan Allen","LAC","WR",2018
"173","00-0031553",851,0.00821391030140787,0.021371098374612,0.000746719118309807,"Benardrick McKinney","HOU","LB",2018
"174","00-0032549",1156,0.00812672081230526,0.0217761040557179,0.00073879280111866,"Alex Redmond","CIN","OL",2018
"175","00-0029854",474,0.00811537081025103,0.0216998883040008,0.000737760982750094,"C.J. Anderson","LA","RB",2018
"176","00-0033910",1626,0.00810910851092639,0.021086059222484,0.00073719168281149,"Dan Feeney","LAC","OL",2018
"177","00-0024348",55,0.00809892355664288,0.020776266766634,0.000736265777876626,"Kyle Williams","BUF","DL",2018
"178","00-0033009",1302,0.00808602534392389,0.0212504432270598,0.00073509321308399,"Tyler Boyd","CIN","WR",2018
"179","00-0034764",1952,0.00805845640909128,0.0216168586800103,0.000732586946281025,"Michael Gallup","DAL","WR",2018
"180","00-0027941",227,0.00804885090263237,0.0213912553574126,0.000731713718421124,"Marcell Dareus","JAX","DL",2018
"181","00-0034828",1998,0.00804465870335425,0.0209623375560582,0.000731332609395841,"Harold Landry","TEN","LB",2018
"182","00-0031022",676,0.00792860821968184,0.0214834845239698,0.000720782565425622,"Laurent Duvernay-Tardif","KC","OL",2018
"183","00-0034279",1743,0.00789997697086816,0.0226445069815306,0.000718179724624378,"Equanimeous St. Brown","GB","WR",2018
"184","00-0029137",352,0.00784547078643191,0.0205007877968766,0.000713224616948355,"Alshon Jeffery","PHI","WR",2018
"185","00-0028027",268,0.00779471661435372,0.0213385026652864,0.000708610601304884,"Shareece Wright","HOU","DB",2018
"186","00-0033147",1369,0.00771629930478015,0.0204587345046459,0.000701481754980013,"Darron Lee","NYJ","LB",2018
"187","00-0034680",1923,0.00770058322438772,0.0217666843504171,0.000700053020398884,"Armani Watts","KC","DB",2018
"188","00-0023259",26,0.00769875674069461,0.0215030470355635,0.000699886976426783,"Lorenzo Alexander","BUF","LB",2018
"189","00-0032054",975,0.00765240697042839,0.0215054239021414,0.000695673360948036,"Breshad Perriman","CLE","WR",2018
"190","00-0027010",132,0.00764402336222308,0.0210946036517984,0.000694911214747552,"Patrick Chung","NE","DB",2018
"191","00-0032227",1049,0.0076309779665911,0.0211693309640999,0.0006937252696901,"Jeff Heuerman","DEN","TE",2018
"192","00-0034821",1993,0.00762635767961309,0.0209755670144016,0.00069330524360119,"Juante Baldwin","IND","DB",2018
"193","00-0033381",1423,0.00758768169206349,0.0206413093466574,0.000689789244733045,"Adam Butler","NE","DL",2018
"194","00-0024270",50,0.00754974039180584,0.0213712396538375,0.000686340035618713,"Andrew Whitworth","LA","OL",2018
"195","00-0025472",68,0.0075461699786205,0.0203329262838978,0.000686015452601863,"Brandon Mebane","LAC","DL",2018
"196","00-0034655",1909,0.00745967820806677,0.0220387843337953,0.000678152564369707,"Nick DeLuca","JAX","LB",2018
"197","00-0028834",324,0.00738350334563189,0.0206579299364113,0.000671227576875626,"Craig Robertson","NO","LB",2018
"198","00-0027866",210,0.00738157900619403,0.0215691903842123,0.00067105263692673,"Earl Thomas","SEA","DB",2018
"199","00-0031921",943,0.00735264330505829,0.0219540297565373,0.000668422118641662,"Kendall Lamm","HOU","OL",2018
"200","00-0027939",225,0.00729049864960042,0.0210223616849237,0.000662772604509129,"Cam Newton","CAR","QB",2018
"201","00-0033051",1317,0.00724962755545498,0.0206738995751445,0.000659057050495908,"David Onyemata","NO","DL",2018
"202","00-0033468",1456,0.0072488155884438,0.0222956011794699,0.000658983235313073,"Ukeme Eligwe","NYG","LB",2018
"203","00-0034639",1903,0.00721391608488277,0.0209686076844034,0.000655810553171161,"Mike Ford","DET","DB",2018
"204","00-0034673",1916,0.00721362061997595,0.0212701194203746,0.000655783692725086,"Tremaine Edmunds","BUF","LB",2018
"205","00-0030874",659,0.00716810352138188,0.0208240864231313,0.00065164577467108,"Damien Williams","KC","RB",2018
"206","00-0032052",973,0.00715595468307814,0.020272871821001,0.000650541334825285,"Dante Fowler","LA","LB",2018
"207","00-0027685",183,0.00715322876258714,0.0205716545538575,0.000650293523871558,"Emmanuel Sanders","DEN","WR",2018
"208","00-0031130",711,0.00714035829271762,0.0201216671615742,0.000649123481156147,"Christian Jones","DET","LB",2018
"209","00-0032888",1257,0.00713588914150998,0.020625410376749,0.000648717194682726,"Karl Joseph","OAK","DB",2018
"210","00-0033125",1363,0.00711958163256156,0.0216388425995265,0.000647234693869233,"Joe Schobert","CLE","LB",2018
"211","00-0032244",1058,0.00705704498529581,0.0208022813827328,0.000641549544117801,"Jamon Brown","NYG","OL",2018
"212","00-0033589",1520,0.00702937986980297,0.0211363025897154,0.000639034533618452,"David Moore","SEA","WR",2018
"213","00-0022943",22,0.00700151003549114,0.0202491777883194,0.000636500912317376,"Benjamin Watson","NO","TE",2018
"214","00-0033568",1505,0.0069705928810578,0.0206833867836419,0.000633690261914345,"Nate Hairston","IND","DB",2018
"215","00-0029678",449,0.00696100345965783,0.0207006155483699,0.00063281849633253,"David DeCastro","PIT","OL",2018
"216","00-0034424",1835,0.00695845364805784,0.0216581236618627,0.000632586695277985,"Matthew Adams","IND","LB",2018
"217","00-0034753",1944,0.00692856300748218,0.0213894352812457,0.000629869364316562,"Mark Andrews","BAL","TE",2018
"218","00-0031346",787,0.00691997081341381,0.0217910275125895,0.000629088255764892,"Justin Ellis","OAK","DL",2018
"219","00-0031256",743,0.00690973168852559,0.0204020098020222,0.0006281574262296,"Anthony Barr","MIN","LB",2018
"220","00-0026986",125,0.006875805762799,0.0216896854197734,0.000625073251163545,"Michael Crabtree","BAL","WR",2018
"221","00-0034384",1807,0.0068735927592205,0.0210671785159355,0.000624872069020045,"D.J. Reed","SF","DB",2018
"222","00-0032355",1075,0.0068268913918107,0.0208480673968043,0.000620626490164609,"Chester Rogers","IND","WR",2018
"223","00-0027701",189,0.00682682431639399,0.0214105232958694,0.000620620392399454,"Everson Griffen","MIN","DL",2018
"224","00-0030312",544,0.00680357164333453,0.0209473519647543,0.000618506513030412,"Jahleel Addae","LAC","DB",2018
"225","00-0029895",481,0.00679178939312323,0.0204934376148695,0.000617435399374839,"Ryan Jensen","TB","OL",2018
"226","00-0032809",1245,0.00678615507053305,0.021565729132996,0.000616923188230277,"Joe Walker","ARI","LB",2018
"227","00-0033091",1340,0.0067833832598458,0.0227616258017699,0.000616671205440528,"KeiVarae Russell","CIN","DB",2018
"228","00-0030883",660,0.00675969348489046,0.0214430955843369,0.000614517589535497,"Josh Mauro","NYG","DL",2018
"229","00-0031565",860,0.00675545791730786,0.0206701646342413,0.000614132537937079,"Danielle Hunter","MIN","DL",2018
"230","00-0034399",1820,0.00673287896986818,0.0216656282721234,0.000612079906351653,"Wyatt Teller","BUF","OL",2018
"231","00-0027875",218,0.00669879503602124,0.0216705483216692,0.000608981366911022,"Bryan Bulaga","GB","OL",2018
"232","00-0033885",1601,0.00669465111107276,0.021313443172031,0.00060860464646116,"David Njoku","CLE","TE",2018
"233","00-0032383",1084,0.00667729577240477,0.0210006159338596,0.000607026888400434,"Ryan Kelly","IND","OL",2018
"234","00-0034760",1949,0.00665540492841386,0.0201834992660658,0.000605036811673987,"Nathan Shepherd","NYJ","DL",2018
"235","00-0034577",1888,0.00662161702246468,0.0218064527842071,0.000601965183860426,"Kyle Allen","CAR","QB",2018
"236","00-0032437",1126,0.00660343081588499,0.0203539274790307,0.000600311892353181,"Kamu Grugier-Hill","PHI","LB",2018
"237","00-0032409",1108,0.0065804152891665,0.0224564085725635,0.000598219571742409,"Willie Henry","BAL","DL",2018
"238","00-0030757",645,0.00656826453564458,0.0197724699776053,0.000597114957785871,"Mike Pennel","NYJ","DL",2018
"239","00-0027282",157,0.0065507489507309,0.0216444005586563,0.000595522631884627,"Ben Garland","ATL","OL",2018
"240","00-0034490",1859,0.00653232338823728,0.0220154275925504,0.000593847580748844,"Zeke Turner","ARI","LB",2018
"241","00-0032147",1018,0.00651297084723059,0.0218260674133039,0.000592088258839145,"Ty Sambrailo","ATL","OL",2018
"242","00-0034856",2019,0.00650611021150852,0.02190546032933,0.000591464564682593,"Denzel Ward","CLE","DB",2018
"243","00-0031142",713,0.00648540565832935,0.0214501582538129,0.000589582332575396,"Matt Feiler","PIT","OL",2018
"244","00-0029691",457,0.00646102217671104,0.0219730607425296,0.000587365652428277,"Josh Robinson","NO","DB",2018
"245","00-0030196",533,0.00644856498780007,0.0206859887567729,0.000586233180709098,"Jeff Heath","DAL","DB",2018
"246","00-0031500",838,0.00643531201829197,0.0213469600857884,0.00058502836529927,"Efe Obada","CAR","DL",2018
"247","00-0029786",468,0.00643100831176843,0.0204851095295048,0.000584637119251676,"Ryan Schraeder","ATL","OL",2018
"248","00-0031997",966,0.00640807739387743,0.0227074540603345,0.000582552490352493,"David Irving","DAL","DL",2018
"249","00-0031576",868,0.00639655318049164,0.0201108656106188,0.000581504834590149,"Za'Darius Smith","BAL","LB",2018
"250","00-0031428",830,0.00635567181225626,0.0209550058352771,0.000577788346568751,"Allen Robinson","CHI","WR",2018
"251","00-0032525",1152,0.00635233028330983,0.0213706772252737,0.000577484571209984,"Jarrod Wilson","JAX","DB",2018
"252","00-0031167",718,0.00634565105200225,0.0205052370082807,0.000576877368363841,"Scott Simonson","NYG","TE",2018
"253","00-0034331",1760,0.00631843265019224,0.020679450615291,0.000574402968199295,"Jaylen Samuels","PIT","RB",2018
"254","00-0028110",290,0.00631552982648365,0.0198707626599335,0.000574139075134877,"Brandon Fusco","ATL","OL",2018
"255","00-0030140",525,0.00629994216105662,0.0219689857755692,0.000572722014641511,"Tress Way","WAS","P",2018
"256","00-0033055",1321,0.00629819005662954,0.0219433523796028,0.000572562732420868,"Jalen Ramsey","JAX","DB",2018
"257","00-0033902",1618,0.00629466404559626,0.0223532674803912,0.000572242185963296,"Tanoh Kpassagnon","KC","DL",2018
"258","00-0027940",226,0.00628763053448026,0.0221326379477914,0.000571602775861842,"Von Miller","DEN","LB",2018
"259","00-0029572",412,0.00628748813664025,0.02116273220531,0.000571589830603659,"Jarius Wright","CAR","WR",2018
"260","00-0030459",576,0.00628185889054054,0.0212003384713329,0.00057107808095823,"Tyrann Mathieu","HOU","DB",2018
"261","00-0031331",779,0.00627410559795391,0.0198610195493688,0.000570373236177628,"Pierre Desir","IND","DB",2018
"262","00-0030648",629,0.00627176980761637,0.0207537284212858,0.000570160891601488,"Alejandro Villanueva","PIT","OL",2018
"263","00-0026176",88,0.00626950792028274,0.0217206611058401,0.000569955265480249,"Jordy Nelson","OAK","WR",2018
"264","00-0034428",1838,0.00624118226567696,0.0211676158122122,0.000567380205970633,"Leon Jacobs","JAX","LB",2018
"265","00-0032203",1038,0.0062334761560963,0.0205764590772581,0.000566679650554209,"Andrus Peat","NO","OL",2018
"266","00-0028237",304,0.00623161558977361,0.0201964850609986,0.000566510508161237,"Chris Hogan","NE","WR",2018
"267","00-0030442",569,0.00622659589933423,0.0215717423173405,0.000566054172666748,"John Simon","NE","LB",2018
"268","00-0027656",173,0.00620917901864428,0.0207702328537087,0.000564470819876753,"Rob Gronkowski","NE","TE",2018
"269","00-0028116",293,0.00620315163710803,0.0209888364203248,0.00056392287610073,"Aldrick Robinson","MIN","WR",2018
"270","00-0034846",2014,0.00618665664612482,0.0216979037700229,0.000562423331465893,"Darius Leonard","IND","LB",2018
"271","00-0033151",1370,0.00618167898984733,0.0221845524430677,0.000561970817258848,"Joshua Garnett","SF","OL",2018
"272","00-0026205",92,0.00617593772752697,0.021067186580889,0.000561448884320634,"John Greco","NYG","OL",2018
"273","00-0033308",1406,0.00615460459995522,0.0217474607040132,0.000559509509086838,"Matt Breida","SF","RB",2018
"274","00-0034837",2006,0.00614678397178487,0.0210096191746538,0.000558798542889533,"Calvin Ridley","ATL","WR",2018
"275","00-0033881",1597,0.00613942960489525,0.0216722349853886,0.000558129964081386,"Evan Engram","NYG","TE",2018
"276","00-0032399",1100,0.00609576726848285,0.0214332797139533,0.000554160660771168,"Miles Killebrew","DET","DB",2018
"277","00-0031636",896,0.00608030670952821,0.0219984198975343,0.000552755155411655,"Justin Hamilton","KC","DL",2018
"278","00-0032438",1127,0.00601218143761706,0.0218959919937548,0.000546561948874278,"Maurice Canady","BAL","DB",2018
"279","00-0033528",1472,0.00600833956644389,0.0208595154479789,0.000546212687858536,"Jeremy Sprinkle","WAS","TE",2018
"280","00-0032761",1207,0.00600238800055512,0.0210846808030383,0.000545671636414102,"Robert Nkemdiche","ARI","DL",2018
"281","00-0030181",532,0.00593191398331283,0.0204665165640061,0.000539264907573894,"Jack Doyle","IND","TE",2018
"282","00-0031411",822,0.0059317087784505,0.021693048076733,0.000539246252586409,"Demarcus Lawrence","DAL","DL",2018
"283","00-0034838",2007,0.00590989689356123,0.0211210781938344,0.000537263353960112,"Royce Freeman","DEN","RB",2018
"284","00-0033297",1397,0.00588045351047601,0.0220952373715794,0.000534586682770547,"D.J. Jones","SF","DL",2018
"285","00-0032905",1265,0.00585931183213152,0.0228629074876439,0.000532664712011956,"Chris Landrum","HOU","DL",2018
"286","00-0029586",416,0.00585268618860917,0.0212121026757365,0.000532062380782652,"Derek Wolfe","DEN","DL",2018
"287","00-0025396",60,0.0058411343342337,0.0212358106279927,0.000531012212203064,"Ted Ginn","NO","WR",2018
"288","00-0029946",484,0.00582039301939615,0.0209000638801951,0.000529126638126923,"Abry Jones","JAX","DL",2018
"289","00-0034473",1853,0.00581985162845423,0.021409250945516,0.000529077420768567,"Dennis Gardeck","ARI","LB",2018
"290","00-0033127",1364,0.00581774266687077,0.0220905488811778,0.000528885696988251,"Will Fuller","HOU","WR",2018
"291","00-0034265",1734,0.00579594371367149,0.0226060870710786,0.000526903973970135,"Anthony Averett","BAL","DB",2018
"292","00-0034091",1689,0.00579457170410157,0.0207316282808162,0.000526779245827416,"George Odum","IND","DB",2018
"293","00-0033284",1387,0.00579110803557084,0.0214227756271045,0.000526464366870077,"Taylor Moton","CAR","OL",2018
"294","00-0033393",1427,0.00577980643999189,0.0202257155154777,0.000525436949090172,"Kenny Moore","IND","DB",2018
"295","00-0029293",381,0.00577660753376741,0.0207673701134833,0.000525146139433401,"Marvin Jones","DET","WR",2018
"296","00-0032268",1070,0.00572618914125214,0.0206301612190837,0.00052056264920474,"Marcus Mariota","TEN","QB",2018
"297","00-0034677",1920,0.00571423375501946,0.0215352637152506,0.00051947579591086,"Justin Jones","LAC","DL",2018
"298","00-0029685",453,0.0056800525610912,0.0213067581963795,0.000516368414644655,"Greg Van Roten","CAR","OL",2018
"299","00-0029640",434,0.00566818214602809,0.0222804714466325,0.000515289286002554,"Brian Quick","WAS","WR",2018
"300","00-0026345",101,0.00562357593169178,0.0215634869491033,0.000511234175608344,"Pierre Garcon","SF","WR",2018
"301","00-0025503",70,0.00558288468537165,0.0221380682247807,0.000507534971397423,"Zak DeOssie","NYG","LS",2018
"302","00-0033594",1523,0.00555536700602798,0.0219162594859185,0.000505033364184362,"Chris Carson","SEA","RB",2018
"303","00-0030061",501,0.00554218465979278,0.021219701771955,0.000503834969072071,"Zach Ertz","PHI","TE",2018
"304","00-0030294",542,0.00550585223212535,0.021246856752572,0.000500532021102305,"Tony Jefferson","BAL","DB",2018
"305","00-0033283",1386,0.00550311634210182,0.0210064516658502,0.000500283303827438,"Tyus Bowser","BAL","LB",2018
"306","00-0029869",475,0.00549866513546019,0.0211507289829367,0.000499878648678199,"Will Compton","TEN","LB",2018
"307","00-0034505",1864,0.00548936345290417,0.0230952926217998,0.000499033041173106,"Ike Boettger","BUF","OL",2018
"308","00-0028825",323,0.00546772714896732,0.0212664016093924,0.000497066104451575,"Terrelle Pryor","BUF","WR",2018
"309","00-0030090",516,0.00546212397336805,0.0202650573817609,0.000496556724851641,"Micah Hyde","BUF","DB",2018
"310","00-0023252",25,0.00544908848991707,0.0218766591882604,0.000495371680901552,"Robbie Gould","SF","K",2018
"311","00-0032053",974,0.0054060874072073,0.0208640240697958,0.0004914624915643,"Brandon Scherff","WAS","OL",2018
"312","00-0026243",94,0.00539544216041322,0.0229571315944615,0.000490494741855747,"William Hayes","MIA","DL",2018
"313","00-0032480",1141,0.00536245007663362,0.0213068043656801,0.000487495461512147,"Eddie Yarbrough","BUF","DL",2018
"314","00-0034826",1996,0.00536001050232632,0.022712428063923,0.000487273682029665,"Bo Bower","DEN","LB",2018
"315","00-0032943",1277,0.00535740124572011,0.0215739362223452,0.000487036476883646,"Riley Dixon","NYG","P",2018
"316","00-0029577",413,0.00534116383365107,0.0214131637876413,0.000485560348513734,"Danny Trevathan","CHI","LB",2018
"317","00-0023500",35,0.00534025097465142,0.0219783701112427,0.000485477361331947,"Frank Gore","MIA","RB",2018
"318","00-0031314",775,0.00532584385287257,0.0223427062297563,0.000484167622988415,"Wesley Johnson","MIA","OL",2018
"319","00-0032969",1292,0.00532241980094975,0.0203964060331883,0.000483856345540886,"Nick Martin","HOU","OL",2018
"320","00-0034171",1712,0.00529703656209366,0.0219130435959302,0.000481548778372151,"Jason Cabinda","OAK","LB",2018
"321","00-0033535",1477,0.00528389534021017,0.0213146709036973,0.000480354121837289,"Daniel Ross","DAL","DL",2018
"322","00-0031282",759,0.00526275319170889,0.0209055387029667,0.000478432108337172,"Justin Britt","SEA","OL",2018
"323","00-0026714",112,0.00524575903965484,0.0229279281136142,0.000476887185423167,"Nick Sundberg","WAS","LS",2018
"324","00-0034272",1738,0.00523818957673939,0.0210808446820326,0.000476199052430854,"Marquez Valdes-Scantling","GB","WR",2018
"325","00-0034782",1968,0.00521807487076051,0.0211494074482817,0.00047437044279641,"Harrison Phillips","BUF","DL",2018
"326","00-0033946",1655,0.00521150487756964,0.0225207087634791,0.000473773170688149,"David Sharpe","OAK","OL",2018
"327","00-0026280",96,0.00520945244911089,0.0207074728173256,0.000473586586282808,"Brandon Carr","BAL","DB",2018
"328","00-0033868",1584,0.00519264653161081,0.0200398809309144,0.000472058775600983,"Myles Garrett","CLE","DL",2018
"329","00-0034857",2020,0.00516529008269911,0.0207196941662101,0.000469571825699919,"Josh Allen","BUF","QB",2018
"330","00-0027743",193,0.0051600473707868,0.0205788284540203,0.000469095215526073,"Sherrick McManis","CHI","DB",2018
"331","00-0031492",837,0.00512855113365526,0.0214105664518425,0.000466231921241387,"Jason Myers","NYJ","K",2018
"332","00-0025415",64,0.00512352208563673,0.0219162813610787,0.000465774735057884,"Joe Staley","SF","OL",2018
"333","00-0034266",1735,0.00511528389393615,0.0213371096610926,0.00046502580853965,"Kenny Young","BAL","LB",2018
"334","00-0029239",363,0.00510704214565079,0.0212482858259641,0.000464276558695526,"Brandon Bolden","MIA","RB",2018
"335","00-0031630",894,0.00509436752839024,0.0217077678352194,0.000463124320762749,"Akeem King","SEA","DB",2018
"336","00-0033884",1600,0.0050613392999248,0.0216235263541711,0.000460121754538619,"Tre'Davious White","BUF","DB",2018
"337","00-0027215",151,0.00503769827394108,0.0220478561180764,0.00045797257035828,"Logan Paulsen","ATL","TE",2018
"338","00-0026561",107,0.00503604594726637,0.0216159029277767,0.000457822358842397,"Ramon Foster","PIT","OL",2018
"339","00-0031427",829,0.00502977087253276,0.0210574014081947,0.000457251897502978,"Todd Davis","DEN","LB",2018
"340","00-0030533",602,0.00500221210913201,0.0220743609599035,0.000454746555375637,"Matt Barkley","BUF","QB",2018
"341","00-0034794",1975,0.0049916528076812,0.0222418090543554,0.000453786618880109,"Jason Sanders","MIA","K",2018
"342","00-0031019",675,0.00498602055358007,0.021637603560983,0.000453274595780006,"Corey Linsley","GB","OL",2018
"343","00-0031060",690,0.00493914402806244,0.0222296834949578,0.000449013093460222,"De'Anthony Thomas","KC","WR",2018
"344","00-0029668",443,0.00493556038715749,0.0206088751110169,0.000448687307923408,"Andrew Luck","IND","QB",2018
"345","00-0032628",1176,0.00493552072999738,0.0210831797115653,0.000448683702727034,"Kentrell Brice","GB","DB",2018
"346","00-0029585",415,0.00492837562842137,0.0203501262659529,0.000448034148038307,"Chandler Jones","ARI","DL",2018
"347","00-0034855",2018,0.00492403515844222,0.0205644598847033,0.000447639559858383,"Baker Mayfield","CLE","QB",2018
"348","00-0028924",332,0.00488714724228648,0.0222271614978703,0.000444286112935134,"Tashaun Gipson","JAX","DB",2018
"349","00-0031912",941,0.0048727846735847,0.0216906643520655,0.000442980424871336,"Cameron Meredith","NO","WR",2018
"350","00-0027860",207,0.00486231171319011,0.0201214699520375,0.000442028337562737,"Joe Haden","PIT","DB",2018
"351","00-0032059",979,0.00484270828047122,0.0211344421164659,0.000440246207315565,"P.J. Williams","NO","DB",2018
"352","00-0030068",508,0.00483581394837933,0.0220093999024008,0.000439619449852666,"Marquise Goodwin","SF","WR",2018
"353","00-0030383",548,0.00483156045135177,0.020508551188402,0.000439232768304706,"Duron Harmon","NE","DB",2018
"354","00-0032208",1040,0.00482152747650351,0.0212050931404563,0.000438320679682137,"Phillip Dorsett","NE","WR",2018
"355","00-0034346",1772,0.00481502732161634,0.0208397636742533,0.000437729756510576,"Will Hernandez","NYG","OL",2018
"356","00-0030555",609,0.00479406755819888,0.0207690145090178,0.000435824323472625,"Dion Jordan","SEA","DL",2018
"357","00-0031050",686,0.00477080843097828,0.0217420862126603,0.000433709857361662,"Kareem Martin","NYG","LB",2018
"358","00-0028076",281,0.00475437703099717,0.0211068548226549,0.000432216093727015,"Marcus Cannon","NE","OL",2018
"359","00-0034818",1992,0.00474982251338751,0.0211520835603524,0.000431802046671592,"Derrick Nnadi","KC","DL",2018
"360","00-0027996",258,0.00474588713916035,0.0211222356147446,0.000431444285378213,"Torrey Smith","CAR","WR",2018
"361","00-0032626",1174,0.00472938771689441,0.0215314394290794,0.000429944337899492,"Geronimo Allison","GB","WR",2018
"362","00-0026784",113,0.00472703096963056,0.0219446087751285,0.000429730088148233,"Evan Smith","TB","OL",2018
"363","00-0033573",1510,0.00471472960615859,0.0226579907776997,0.000428611782378053,"Shelton Gibson","PHI","WR",2018
"364","00-0034107",1694,0.00471421740101875,0.0218744919895943,0.000428565218274432,"Jeff Holland","DEN","LB",2018
"365","00-0031242",739,0.00471347014770043,0.0213427593391878,0.000428497286154585,"Shamar Stephen","SEA","DL",2018
"366","00-0027885",221,0.00470931288249714,0.0216820717855598,0.000428119352954286,"Linval Joseph","MIN","DL",2018
"367","00-0028240",305,0.00466744248494797,0.0204383429290248,0.000424312953177088,"Kenny Wiggins","DET","OL",2018
"368","00-0031719",904,0.00462770799616457,0.021351200508132,0.000420700726924052,"Mike Hull","MIA","LB",2018
"369","00-0033939",1649,0.00462061281036843,0.022200496030185,0.000420055710033494,"Vince Biegel","NO","LB",2018
"370","00-0029542",403,0.00460049221837098,0.0209815690113002,0.000418226565306453,"Stephon Gilmore","NE","DB",2018
"371","00-0034792",1974,0.00459936948256981,0.0222230258677588,0.000418124498415437,"Cornell Armstrong","MIA","DB",2018
"372","00-0031298",766,0.00459123996784031,0.0213867310499012,0.000417385451621846,"Jimmie Ward","SF","DB",2018
"373","00-0033357",1414,0.00459096713710867,0.0207328743377818,0.000417360648828061,"Taysom Hill","NO","QB",2018
"374","00-0033109",1349,0.00457692560326758,0.0215208349468346,0.000416084145751598,"Javon Hargrave","PIT","DL",2018
"375","00-0034389",1812,0.00457385420357308,0.0209704615638802,0.000415804927597553,"Dane Cruikshank","TEN","DB",2018
"376","00-0032103",992,0.00456480185659906,0.0213274252450112,0.000414981986963551,"Denzel Perryman","LAC","LB",2018
"377","00-0033770",1556,0.00455372562676726,0.0212373479535451,0.000413975056978842,"Justin Hardee","NO","DB",2018
"378","00-0032251",1062,0.00454694986698675,0.0209804294449562,0.000413359078816978,"Damarious Randall","CLE","DB",2018
"379","00-0027955",237,0.00451307424414329,0.0217922049704513,0.000410279476740299,"Nate Solder","NYG","OL",2018
"380","00-0031097",703,0.00450830707213156,0.021084923714005,0.000409846097466506,"Terrance Mitchell","CLE","DB",2018
"381","00-0029587",417,0.00448608010685669,0.0208682509032018,0.000407825464259699,"Rhett Ellison","NYG","TE",2018
"382","00-0033878",1594,0.00447754132564212,0.020944775981509,0.000407049211422011,"Adoree' Jackson","TEN","DB",2018
"383","00-0034440",1844,0.0044603485965635,0.0212952791959134,0.000405486236051227,"Justin Jackson","LAC","RB",2018
"384","00-0030063",503,0.00445787592609272,0.0204463321346002,0.000405261447826611,"Johnathan Hankins","OAK","DL",2018
"385","00-0032633",1177,0.00445505935712886,0.0212453850949632,0.000405005396102624,"Reggie Gilbert","GB","LB",2018
"386","00-0029561",406,0.00443186541124231,0.021463341373895,0.000402896855567483,"Cordy Glenn","CIN","OL",2018
"387","00-0030575",618,0.00442999074018337,0.0206327420512957,0.000402726430925761,"Xavier Rhodes","MIN","DB",2018
"388","00-0031628",893,0.00442928414582261,0.0202504686333377,0.000402662195074783,"Darryl Roberts","NYJ","DB",2018
"389","00-0032406",1105,0.00439458882136917,0.0219996684635924,0.000399508074669924,"Antonio Morrison","GB","LB",2018
"390","00-0032820",1247,0.00436956251953124,0.0212935158332932,0.000397232956321022,"Terrance Smith","KC","LB",2018
"391","00-0034420",1832,0.004364846419265,0.021663834519809,0.000396804219933181,"Jordan Thomas","HOU","TE",2018
"392","00-0033280",1383,0.00436294359147397,0.0207860707217865,0.000396631235588542,"Christian McCaffrey","CAR","RB",2018
"393","00-0031787",917,0.00435816276598038,0.0216780656910752,0.000396196615089125,"Jake Kumerow","GB","WR",2018
"394","00-0033742",1550,0.00435421495699603,0.0229692486286928,0.000395837723363275,"Tyrone Swoopes","SEA","TE",2018
"395","00-0033948",1657,0.00435388415052515,0.0208252443698922,0.000395807650047741,"Jamaal Williams","GB","RB",2018
"396","00-0033784",1561,0.00433746272608665,0.0205040377096779,0.000394314793280605,"Eddie Jackson","CHI","DB",2018
"397","00-0029597",419,0.00433133168721294,0.0219112327532723,0.000393757426110267,"Justin Tucker","BAL","K",2018
"398","00-0029524",399,0.00431116009960527,0.0206151566523604,0.000391923645418661,"Jeff Allen","KC","OL",2018
"399","00-0031068",694,0.00430753572878889,0.0211160608390218,0.000391594157162627,"Ryan Grant","IND","WR",2018
"400","00-0034676",1919,0.00430463146961376,0.0205444919296648,0.000391330133601251,"James Washington","PIT","WR",2018
"401","00-0031300",768,0.0043028228498482,0.0229700418530448,0.000391165713622564,"Trent Murphy","BUF","DL",2018
"402","00-0030098",519,0.00429420065366497,0.0213535125007483,0.000390381877605907,"Dustin Hopkins","WAS","K",2018
"403","00-0023564",37,0.00425349458388755,0.0216131624612094,0.000386681325807959,"Darren Sproles","PHI","RB",2018
"404","00-0026997",128,0.00424875555374424,0.0210996128528761,0.00038625050488584,"Alex Mack","ATL","OL",2018
"405","00-0032707",1192,0.00424206735557181,0.0206136049344227,0.000385642486870165,"Andy Jones","DET","WR",2018
"406","00-0034387",1810,0.00422555644444148,0.0210761735881011,0.000384141494949226,"Bilal Nichols","CHI","DL",2018
"407","00-0030449",572,0.00422381434900676,0.0205561376547544,0.000383983122636978,"Margus Hunt","IND","DL",2018
"408","00-0025446",67,0.0041979520198227,0.0209340656565804,0.000381632001802064,"Ryan Kalil","CAR","OL",2018
"409","00-0028899",327,0.00419625943469986,0.0219147388766076,0.00038147813042726,"Rodney McLeod","PHI","DB",2018
"410","00-0030412",558,0.00416661920275528,0.0224016356953119,0.000378783563886843,"Shamarko Thomas","DEN","DB",2018
"411","00-0020578",7,0.0041588142698413,0.0221655783178935,0.000378074024531027,"Matt Bryant","ATL","K",2018
"412","00-0034502",1863,0.00415137695383435,0.0216608348904866,0.000377397904894031,"Grant Haley","NYG","DB",2018
"413","00-0034342",1768,0.00414091241498092,0.0206784066882857,0.000376446583180083,"Quenton Nelson","IND","OL",2018
"414","00-0026143",82,0.00413627140816086,0.0214637791296336,0.000376024673469169,"Matt Ryan","ATL","QB",2018
"415","00-0032870",1252,0.00412712086895111,0.0209557698816754,0.000375192806268282,"Aldrick Rosas","NYG","K",2018
"416","00-0034510",1866,0.00410517062478375,0.0213327148084117,0.000373197329525796,"Robert Foster","BUF","WR",2018
"417","00-0031545",844,0.00410506283396168,0.0219220743068344,0.000373187530360153,"Kevin White","CHI","WR",2018
"418","00-0028039",273,0.00408960431321832,0.0211661624658971,0.000371782210292574,"Clint Boling","CIN","OL",2018
"419","00-0032104",993,0.00408466699728987,0.0225122212850298,0.000371333363389988,"Ameer Abdullah","MIN","RB",2018
"420","00-0031388",811,0.00408287799322356,0.0207397700422293,0.000371170726656687,"Aaron Donald","LA","DL",2018
"421","00-0033954",1663,0.00408206907390894,0.0205279695489607,0.000371097188537176,"Jayon Brown","TEN","LB",2018
"422","00-0034755",1946,0.0040803453072374,0.0209138711672893,0.000370940482476127,"Shaquem Griffin","SEA","LB",2018
"423","00-0032390",1091,0.00406904700335535,0.0216243728911106,0.000369913363941396,"Cyrus Jones","BAL","DB",2018
"424","00-0032089",988,0.00406768234596992,0.021129187833903,0.000369789304179084,"Brian Parker","DEN","TE",2018
"425","00-0031503",840,0.00406565520212624,0.0214838292283988,0.000369605018375112,"Jameis Winston","TB","QB",2018
"426","00-0032243",1057,0.00405814955399836,0.0209741796469083,0.000368922686727124,"Ali Marpet","TB","OL",2018
"427","00-0033337",1411,0.00402262609138821,0.0229799851194135,0.000365693281035291,"Brandon Bell","CIN","LB",2018
"428","00-0033547",1489,0.00400025196321341,0.0216515119772305,0.000363659269383038,"Zach Cunningham","HOU","LB",2018
"429","00-0029068",342,0.00399482989306351,0.0219296342551243,0.000363166353914865,"Derrick Coleman","ARI","RB",2018
"430","00-0027975",249,0.00398668676951018,0.0203202674699231,0.000362426069955471,"Jabaal Sheard","IND","DL",2018
"431","00-0028278",307,0.00395703464876866,0.0205861378412305,0.000359730422615333,"Josh Bynes","ARI","LB",2018
"432","00-0031095",702,0.00395298704613323,0.0210076815400757,0.000359362458739385,"Charles Leno Jr.","CHI","OL",2018
"433","00-0033319",1408,0.00394701963909171,0.0213065688650734,0.000358819967190156,"Nick Mullens","SF","QB",2018
"434","00-0034352",1778,0.00393118433093877,0.0213051049335921,0.000357380393721706,"Connor Williams","DAL","OL",2018
"435","00-0034437",1843,0.00392962679828439,0.0213007680240081,0.000357238799844036,"Logan Cooke","JAX","P",2018
"436","00-0030997",671,0.00392940050942657,0.0208882358863223,0.000357218228129689,"Zach Fulton","HOU","OL",2018
"437","00-0027236",153,0.00391929854206251,0.0209305311905396,0.000356299867460228,"Kyle Love","CAR","DL",2018
"438","00-0027694",187,0.00391747679651159,0.0221832585097395,0.000356134254228327,"Shawn Lauvao","WAS","OL",2018
"439","00-0030869",657,0.0039152244090406,0.0212438507688602,0.000355929491730964,"Tyler Larsen","CAR","OL",2018
"440","00-0024306",51,0.00388957310638226,0.0211587026675068,0.00035359755512566,"Frostee Rucker","OAK","DL",2018
"441","00-0031218",732,0.00388417818020317,0.0211946279485627,0.000353107107291197,"Malcolm Butler","TEN","DB",2018
"442","00-0031309",774,0.00388345114703569,0.0220771048885818,0.000353041013366881,"Telvin Smith","JAX","LB",2018
"443","00-0032751",1202,0.00388336673281788,0.0224336737407116,0.00035303333934708,"Cassanova McKinzy","WAS","LB",2018
"444","00-0029606",422,0.00387813176820498,0.0207027517677551,0.00035255743347318,"Harrison Smith","MIN","DB",2018
"445","00-0032151",1021,0.00385823649786518,0.0213475020376536,0.000350748772533198,"Jon Feliciano","OAK","OL",2018
"446","00-0033403",1430,0.00385592926699912,0.0209912224150138,0.000350539024272647,"Cameron Malveaux","ARI","DL",2018
"447","00-0031577",869,0.00385579704420424,0.0209165341065752,0.000350527004018567,"Javorius Allen","BAL","RB",2018
"448","00-0034790",1972,0.00384985654162617,0.0208291176069817,0.000349986958329651,"Derwin James","LAC","DB",2018
"449","00-0029570",411,0.00383000161266518,0.0215652536233572,0.000348181964787744,"Nate Ebner","NE","DB",2018
"450","00-0026814",114,0.00382180197788494,0.0217238859368847,0.000347436543444085,"Demar Dotson","TB","OL",2018
"451","00-0034844",2012,0.00380608877949235,0.0207645096015897,0.000346008070862941,"Saquon Barkley","NYG","RB",2018
"452","00-0034011",1677,0.00380570977900183,0.0220077182452626,0.000345973616272894,"Dan Arnold","NO","TE",2018
"453","00-0031581",871,0.00379396232899595,0.0212558439016437,0.000344905666272359,"Mark Glowinski","IND","OL",2018
"454","00-0033976",1675,0.00379153327252017,0.0206058475280257,0.000344684842956379,"Treyvon Hester","PHI","DL",2018
"455","00-0030059",499,0.00377947557913698,0.0215025313011175,0.000343588689012453,"Ezekiel Ansah","DET","DL",2018
"456","00-0026158",85,0.00377658220238244,0.0207107924090564,0.00034332565476204,"Joe Flacco","BAL","QB",2018
"457","00-0032132",1007,0.003770582219452,0.0216929771733995,0.000342780201768364,"Max Garcia","DEN","OL",2018
"458","00-0030668",635,0.00376918266033048,0.020814144147557,0.000342652969120953,"Charcandrick West","KC","RB",2018
"459","00-0032968",1291,0.00376132430483993,0.0207907314829744,0.000341938573167266,"Myles Jack","JAX","LB",2018
"460","00-0029249",365,0.00375939073798084,0.0204820583052024,0.000341762794361895,"Melvin Ingram","LAC","DL",2018
"461","00-0031599",883,0.00369717506838149,0.0218373807138697,0.000336106824398317,"Cameron Artis-Payne","CAR","RB",2018
"462","00-0031785",916,0.00369503625469034,0.0202208246525757,0.000335912386790031,"Troy Hill","LA","DB",2018
"463","00-0033282",1385,0.00367349108953257,0.0209914054914112,0.000333953735412052,"Curtis Samuel","CAR","WR",2018
"464","00-0030421",561,0.00367081562306404,0.020254774119058,0.00033371051118764,"Jamie Collins","CLE","LB",2018
"465","00-0032641",1181,0.00367076686377958,0.0212241864088363,0.000333706078525417,"Donte' Deayon","LA","DB",2018
"466","00-0034767",1955,0.00366959193314927,0.020576237324326,0.000333599266649933,"Nick Nelson","OAK","DB",2018
"467","00-0033077",1333,0.00366798290604309,0.0216840907068835,0.000333452991458463,"Dak Prescott","DAL","QB",2018
"468","00-0033525",1469,0.00365642829442379,0.0203229163030145,0.000332402572220345,"Ryan Anderson","WAS","LB",2018
"469","00-0033120",1358,0.00363804417434363,0.0208667179886895,0.000330731288576694,"Kenny Clark","GB","DL",2018
"470","00-0032574",1163,0.00362799342081984,0.0217119701785555,0.000329817583710894,"Michael Pierce","BAL","DL",2018
"471","00-0027949",233,0.00362660305639379,0.0211579024457028,0.00032969118694489,"J.J. Watt","HOU","DL",2018
"472","00-0031619",889,0.00362170156798349,0.0219120077528563,0.000329245597089408,"Christian Covington","HOU","DL",2018
"473","00-0030278",539,0.00361682726741934,0.0217111602260534,0.000328802478856304,"Manti Te'o","NO","LB",2018
"474","00-0033945",1654,0.00361634377504549,0.0205657774423462,0.000328758525004136,"Samson Ebukam","LA","LB",2018
"475","00-0028042",275,0.00360404517695037,0.0206031657265912,0.000327640470631852,"Luke Stocker","TEN","TE",2018
"476","00-0030649",630,0.00359156709256734,0.0212973022012864,0.000326506099324303,"Jonotthan Harrison","NYJ","OL",2018
"477","00-0028130",297,0.00359107263547264,0.021725875471364,0.000326461148679331,"Matt Bosher","ATL","P",2018
"478","00-0033063",1325,0.00359092343071712,0.0221536514703393,0.000326447584610647,"Zach Wood","NO","LS",2018
"479","00-0031031",679,0.00356982490885784,0.0206386351737346,0.000324529537168894,"Brent Qvale","NYJ","OL",2018
"480","00-0029329",384,0.00356509093622958,0.0206996305909119,0.000324099176020871,"Neiko Thorpe","SEA","DB",2018
"481","00-0033856",1577,0.0035488127437404,0.0216910785268875,0.000322619340340036,"Leonard Fournette","JAX","RB",2018
"482","00-0034376",1801,0.0035477245253025,0.0202739671407965,0.000322520411391136,"Taron Johnson","BUF","DB",2018
"483","00-0028038",272,0.00354771700583815,0.0221459862773956,0.000322519727803468,"Da'Norris Searcy","CAR","DB",2018
"484","00-0034347",1773,0.00354403499757304,0.0209637390636799,0.000322184999779367,"James Daniels","CHI","OL",2018
"485","00-0033934",1646,0.00354313113762836,0.0227363160960989,0.000322102830693488,"Nazair Jones","SEA","DL",2018
"486","00-0034404",1823,0.00352320657739207,0.0218495643598995,0.000320291507035642,"Kylie Fitts","CHI","LB",2018
"487","00-0032380",1081,0.00349795175457068,0.0221872191786586,0.00031799561405188,"Laremy Tunsil","MIA","OL",2018
"488","00-0030561",611,0.00349724031068701,0.0209678521266927,0.000317930937335183,"Lane Johnson","PHI","OL",2018
"489","00-0031433",831,0.00349085043198938,0.0204868674780736,0.000317350039271762,"Billy Turner","DEN","OL",2018
"490","00-0033858",1579,0.00346947134705522,0.0213785316801895,0.000315406486095929,"Jonnu Smith","TEN","TE",2018
"491","00-0031360",794,0.00346322768360918,0.0211159786884822,0.000314838880328107,"Kyle Van Noy","NE","LB",2018
"492","00-0022531",14,0.00345166852224495,0.021237982927119,0.000313788047476814,"Jason Peters","PHI","OL",2018
"493","00-0030946",666,0.00341864476474738,0.0214761591537305,0.000310785887704308,"Kerry Hyder","DET","DL",2018
"494","00-0031596",881,0.00339584242107287,0.0218470152846076,0.000308712947370261,"David Mayo","CAR","LB",2018
"495","00-0033929",1641,0.00339141872424916,0.0228934420280468,0.00030831079311356,"Montravius Adams","GB","DL",2018
"496","00-0029669",444,0.00337436924131918,0.020863454617471,0.000306760840119926,"Dont'a Hightower","NE","LB",2018
"497","00-0032813",1246,0.0033535332063795,0.021479347522011,0.000304866655125409,"Elijhaa Penny","NYG","RB",2018
"498","00-0029529",401,0.00333811616379118,0.0203511588733716,0.000303465105799198,"Coty Sensabaugh","PIT","DB",2018
"499","00-0029613",425,0.00333394077268372,0.0220133641112769,0.000303085524789429,"Doug Martin","OAK","RB",2018
"500","00-0033588",1519,0.00332634726425722,0.0206222985082016,0.000302395205841565,"Isaac Rochell","LAC","DL",2018
"501","00-0032946",1278,0.00331543993744103,0.0225172085534257,0.000301403630676457,"De'Vante Harris","TB","DB",2018
"502","00-0033260",1379,0.00329637798408422,0.0209380154068454,0.000299670725825838,"Thomas Hennessy","NYJ","LS",2018
"503","00-0032384",1085,0.00329318198653691,0.0211197733790566,0.000299380180594265,"Germain Ifedi","SEA","OL",2018
"504","00-0027375",160,0.00329260553321796,0.0213686547745133,0.000299327775747087,"Tramaine Brock","DEN","DB",2018
"505","00-0033931",1643,0.00329246222930358,0.0210098567248743,0.000299314748118507,"Delano Hill","SEA","DB",2018
"506","00-0030511",591,0.00329010390000651,0.020151063765033,0.000299100354546046,"Brandon Williams","BAL","DL",2018
"507","00-0034514",1869,0.00328078088625556,0.0208982707169433,0.000298252807841414,"Levi Wallace","BUF","DB",2018
"508","00-0033132",1367,0.00327401193637824,0.0214305070774637,0.000297637448761658,"Kevin Byard","TEN","DB",2018
"509","00-0034430",1839,0.00325779093297509,0.0227355351303918,0.000296162812088644,"Andre Smith","CAR","LB",2018
"510","00-0031102",705,0.00325760792750018,0.021753237261932,0.000296146175227289,"Kapri Bibbs","GB","RB",2018
"511","00-0029653",438,0.00325733747103687,0.0208508485426804,0.000296121588276079,"Fletcher Cox","PHI","DL",2018
"512","00-0026989",126,0.00323631603329961,0.0210926244229047,0.000294210548481783,"Brian Orakpo","TEN","LB",2018
"513","00-0031546",845,0.00322994717921025,0.0210223971757204,0.000293631561746386,"Trae Waynes","MIN","DB",2018
"514","00-0030527",599,0.0032245522099221,0.0207953880735897,0.000293141109992918,"Alec Ogletree","NYG","LB",2018
"515","00-0032127",1003,0.00322191335637383,0.0226694293397543,0.000292901214215803,"Markus Golden","ARI","DL",2018
"516","00-0034679",1922,0.00320939561209311,0.0216025355199621,0.00029176323746301,"Mark Walton","CIN","RB",2018
"517","00-0027187",149,0.0032066550148112,0.0210375436789123,0.000291514092255564,"Matt Overton","JAX","LS",2018
"518","00-0033082",1336,0.0031854257143707,0.0204625295981045,0.000289584155851882,"Lucas Patrick","GB","OL",2018
"519","00-0031870",932,0.0031760541437741,0.0210694059517585,0.000288732194888554,"Dean Marlowe","BUF","DB",2018
"520","00-0033080",1335,0.00317416297199206,0.0209509368189099,0.000288560270181097,"Seth DeValve","CLE","TE",2018
"521","00-0032448",1131,0.00316525158863898,0.020805829340367,0.000287750144421726,"Stephen Weatherly","MIN","DL",2018
"522","00-0031067",693,0.00316250144803543,0.0211966141302295,0.000287500131639584,"Cameron Fleming","DAL","OL",2018
"523","00-0022803",17,0.00315550496247868,0.0215550355511168,0.000286864087498062,"Eli Manning","NYG","QB",2018
"524","00-0032217",1046,0.00314865729327992,0.0207845104775824,0.000286241572116357,"Donovan Smith","TB","OL",2018
"525","00-0031258",745,0.00310724524271704,0.0219143140931027,0.000282476840247003,"Jeremiah Attaochu","NYJ","LB",2018
"526","00-0027973",248,0.00308608864512822,0.0206726416124259,0.000280553513193474,"Andy Dalton","CIN","QB",2018
"527","00-0028698",320,0.00308591000693416,0.0220026271265294,0.000280537273357651,"Ben Jacobs","CAR","LB",2018
"528","00-0030572",616,0.00308126999351145,0.020825472056688,0.000280115453955586,"D.J. Hayden","JAX","DB",2018
"529","00-0030011",491,0.0030806597582712,0.0212399545664778,0.000280059978024654,"Jordan Devey","KC","OL",2018
"530","00-0031410",821,0.00307226482523642,0.0211453828843562,0.00027929680229422,"Xavier Su'a-Filo","DAL","OL",2018
"531","00-0029261",371,0.00306862487543751,0.0215132738335504,0.000278965897767046,"Casey Hayward","LAC","DB",2018
"532","00-0033072",1330,0.00304881621401528,0.0212448867720813,0.000277165110365026,"Leonard Floyd","CHI","LB",2018
"533","00-0032602",1172,0.00304673555845607,0.0218404465394935,0.000276975959859642,"J.D. McKissic","SEA","RB",2018
"534","00-0030542",604,0.00302240346584698,0.0223201599812792,0.000274763951440634,"Terrance Williams","DAL","WR",2018
"535","00-0031935",947,0.00302101413924599,0.0208077927281951,0.000274637649022363,"Preston Smith","WAS","LB",2018
"536","00-0033956",1665,0.00301633778406801,0.0209138393160222,0.000274212525824365,"Marquel Lee","OAK","LB",2018
"537","00-0033111",1351,0.00301535541645694,0.022088692018918,0.000274123219677904,"Pharoh Cooper","ARI","WR",2018
"538","00-0027872",215,0.00299017392385372,0.0213862473036427,0.000271833993077611,"Kareem Jackson","HOU","DB",2018
"539","00-0033964",1670,0.00298929850791987,0.0209773643174178,0.000271754409810897,"Al-Quadin Muhammad","IND","DL",2018
"540","00-0033875",1591,0.00297813446214749,0.021021235928515,0.000270739496558862,"Haason Reddick","ARI","LB",2018
"541","00-0034258",1728,0.00297136274719709,0.0221268945853693,0.000270123886108826,"Derrick Willies","CLE","WR",2018
"542","00-0032726",1194,0.00296446603876821,0.0213181040059592,0.000269496912615292,"Ka'imi Fairbairn","HOU","K",2018
"543","00-0031387",810,0.00295067145446504,0.0212781288928926,0.000268242859496822,"Eric Ebron","IND","TE",2018
"544","00-0032449",1132,0.00293708703220655,0.0217920112294946,0.000267007912018777,"Lac Edwards","NYJ","P",2018
"545","00-0034390",1813,0.00290528751639522,0.0217662208848257,0.00026411704694502,"Tyrell Crosby","DET","OL",2018
"546","00-0032055",976,0.00289917869333448,0.0214578050245013,0.000263561699394044,"Devin Funchess","CAR","WR",2018
"547","00-0032939",1275,0.00289759047124205,0.0205296934517099,0.000263417315567459,"Vonn Bell","NO","DB",2018
"548","00-0031418",826,0.00289205850831233,0.0225832572355396,0.000262914409846576,"Austin Seferian-Jenkins","JAX","TE",2018
"549","00-0034845",2013,0.00288362095513641,0.0201994468838062,0.000262147359557856,"Sony Michel","NE","RB",2018
"550","00-0034161",1704,0.0028645912253855,0.0218171172513504,0.000260417384125955,"Daniel Carlson","OAK","K",2018
"551","00-0032729",1196,0.00285701708065198,0.0228234987314552,0.000259728825513817,"Ufomba Kamalu","NE","DL",2018
"552","00-0031585",874,0.00284103533974923,0.0226510363136929,0.000258275939977203,"MyCole Pruitt","TEN","TE",2018
"553","00-0034787",1970,0.00282819970250241,0.0218581945075905,0.000257109063863856,"Chris Board","BAL","LB",2018
"554","00-0034084",1687,0.0028133449992947,0.021740880780817,0.000255758636299518,"Mike Badgley","LAC","K",2018
"555","00-0025825",75,0.00281293715246461,0.0228977684955677,0.000255721559314964,"Brett Kern","TEN","P",2018
"556","00-0025828",76,0.00281071094040553,0.0221972431842457,0.000255519176400502,"Wesley Woodyard","TEN","LB",2018
"557","00-0027114",144,0.00280971430581439,0.0217626934902348,0.000255428573255853,"Thomas Morstead","NO","P",2018
"558","00-0033344",1412,0.00280389599906896,0.0206901711206359,0.000254899636278997,"Hardy Nickerson","CIN","LB",2018
"559","00-0032418",1115,0.00278157962881745,0.0211647734528392,0.000252870875347041,"Joe Dahl","DET","OL",2018
"560","00-0032065",983,0.00277967550218092,0.0222097488618975,0.000252697772925538,"Bradley Pinion","SF","P",2018
"561","00-0032965",1288,0.00277316706088213,0.0212837234056122,0.00025210609644383,"Ronnie Stanley","BAL","OL",2018
"562","00-0032393",1094,0.00277048818195636,0.021451264355041,0.000251862561996032,"C.J. Prosise","SEA","RB",2018
"563","00-0029129",350,0.00276009719831015,0.0215918753552021,0.000250917927119105,"Rod Streater","CLE","WR",2018
"564","00-0029257",369,0.00275259481688104,0.0224659134946595,0.000250235892443731,"Jerel Worthy","TB","DL",2018
"565","00-0034641",1904,0.00274700688096637,0.0223430483792638,0.00024972789826967,"Chris Jones","ARI","DB",2018
"566","00-0024417",57,0.00273727795863363,0.0218332559259848,0.000248843450784876,"Sam Koch","BAL","P",2018
"567","00-0029134",351,0.00273069344584634,0.0203550905122037,0.000248244858713303,"Beau Brinkley","TEN","LS",2018
"568","00-0034811",1987,0.00272667299505986,0.0222076000474706,0.00024787936318726,"Trevon Young","LA","LB",2018
"569","00-0032971",1294,0.00271360111002036,0.0211819729611153,0.000246691010001851,"Justin Simmons","DEN","DB",2018
"570","00-0029040",339,0.00269374639943351,0.0205195507568163,0.000244886036312137,"Damon Harrison","DET","DL",2018
"571","00-0029892",479,0.00267311718713267,0.0213263685166598,0.000243010653375698,"Kyle Juszczyk","SF","RB",2018
"572","00-0031687",899,0.00266940600965983,0.0213034315255632,0.000242673273605439,"Raheem Mostert","SF","RB",2018
"573","00-0032050",972,0.00265327224403769,0.0223299082284735,0.00024120656763979,"Corey Moore","IND","DB",2018
"574","00-0032950",1279,0.00263638408814767,0.0201471432393346,0.000239671280740698,"Carson Wentz","PHI","QB",2018
"575","00-0032758",1204,0.0026322367963248,0.0223677805371599,0.000239294254211346,"Vernon Hargreaves","TB","DB",2018
"576","00-0030564",613,0.00261908869863848,0.0216977434560247,0.000238098972603498,"DeAndre Hopkins","HOU","WR",2018
"577","00-0029643",436,0.00260752494273719,0.0207292105420981,0.000237047722067017,"Whitney Mercilus","HOU","LB",2018
"578","00-0032165",1026,0.00260586623093233,0.0203767288370555,0.000236896930084758,"Marcus Peters","LA","DB",2018
"579","00-0026189",89,0.00260313856486966,0.0207140968284745,0.000236648960442697,"DeSean Jackson","TB","WR",2018
"580","00-0023682",40,0.00257739140575227,0.0208499933773094,0.000234308309613843,"Ryan Fitzpatrick","TB","QB",2018
"581","00-0034353",1779,0.0025729120399596,0.0215519979071887,0.000233901094541782,"Anthony Miller","CHI","WR",2018
"582","00-0030706",639,0.00257198983377389,0.0215206595220866,0.000233817257615808,"Josh Andrews","IND","OL",2018
"583","00-0034847",2015,0.00256863093955742,0.0213095848298228,0.000233511903596129,"Mike McGlinchey","SF","OL",2018
"584","00-0032667",1185,0.00256767896467474,0.0196430866955339,0.000233425360424976,"Roy Robertson-Harris","CHI","DL",2018
"585","00-0034779",1965,0.00255676119692661,0.0199797623235783,0.000232432836084237,"Ronnie Harrison","JAX","DB",2018
"586","00-0031209",731,0.0025373248822859,0.0212021535627606,0.000230665898389627,"Senorise Perry","MIA","RB",2018
"587","00-0034397",1818,0.00253542341065456,0.0213153048698654,0.000230493037332233,"Tim Settle","WAS","DL",2018
"588","00-0034354",1780,0.00253001291050393,0.0210902948173416,0.000230001173682175,"Kemoko Turay","IND","DL",2018
"589","00-0033890",1606,0.00252557345165878,0.0216712073511644,0.000229597586514435,"Budda Baker","ARI","DB",2018
"590","00-0032774",1219,0.00252130936694032,0.0202349156670686,0.00022920994244912,"Deon Bush","CHI","DB",2018
"591","00-0024333",52,0.00251506203355244,0.0217116290865866,0.000228642003050222,"Stephen Gostkowski","NE","K",2018
"592","00-0032413",1112,0.00250778779482416,0.0210298208142686,0.000227980708620378,"Ronald Blair","SF","DL",2018
"593","00-0031345",786,0.00250389400564385,0.0215472091524768,0.000227626727785805,"Jimmy Garoppolo","SF","QB",2018
"594","00-0033940",1650,0.00249959929246937,0.021499609228407,0.000227236299315397,"Jaleel Johnson","MIN","DL",2018
"595","00-0031622",890,0.00248980068074385,0.0212026300473869,0.000226345516431259,"Bobby Hart","CIN","OL",2018
"596","00-0034307",1754,0.00247937339951278,0.0225469482080335,0.000225397581773889,"Janarion Grant","BAL","WR",2018
"597","00-0024338",54,0.0024760477246272,0.0210366144729813,0.000225095247693382,"Domata Peko Sr.","DEN","DL",2018
"598","00-0033578",1514,0.00245728128700573,0.0204850134962029,0.000223389207909611,"Sam Tevi","LAC","OL",2018
"599","00-0031344",785,0.00245423141157463,0.020346295957238,0.000223111946506785,"Cody Latimer","NYG","WR",2018
"600","00-0032931",1270,0.00245349050058097,0.022016107844681,0.000223044590961906,"Kenneth Durden","TEN","DB",2018
"601","00-0032112",998,0.00245341897240105,0.021256311339433,0.000223038088400095,"J.J. Nelson","ARI","WR",2018
"602","00-0031238",737,0.00244865311993775,0.0207453325275286,0.00022260482908525,"Weston Richburg","SF","OL",2018
"603","00-0030525",598,0.00243794412919468,0.021301756505426,0.000221631284472244,"Tavon Austin","DAL","WR",2018
"604","00-0030023",493,0.00242978727962933,0.0217591324547442,0.000220889752693576,"Jordan Dangerfield","PIT","DB",2018
"605","00-0033296",1396,0.00242707067476952,0.0212413461927978,0.000220642788615411,"Alex Armah","CAR","RB",2018
"606","00-0033911",1627,0.00239778035556601,0.0221167079270175,0.000217980032324182,"Taywan Taylor","TEN","WR",2018
"607","00-0034461",1850,0.00239243670561054,0.0221427758948738,0.000217494245964595,"Bruce Hector","PHI","DL",2018
"608","00-0025580",73,0.00238814356791393,0.0215729699465308,0.000217103960719448,"Mason Crosby","GB","K",2018
"609","00-0030500",585,0.0023844659553968,0.0230896264439805,0.0002167696323088,"Nick Williams","CHI","DL",2018
"610","00-0032977",1297,0.00237023408764299,0.0213543177623215,0.000215475826149363,"Rashard Higgins","CLE","WR",2018
"611","00-0031122",708,0.00234087514611098,0.021128545844257,0.000212806831464634,"Andrew Norwell","JAX","OL",2018
"612","00-0032386",1087,0.00233790207126078,0.0214139296436034,0.000212536551932798,"Kamalei Correa","TEN","LB",2018
"613","00-0031170",719,0.00231744315347097,0.0217914256057866,0.000210676650315543,"Timmy Jernigan","PHI","DL",2018
"614","00-0032443",1129,0.00230809573947973,0.0219519522761895,0.000209826885407248,"Joey Hunt","SEA","OL",2018
"615","00-0032141",1013,0.00229563927572939,0.0209531287754162,0.000208694479611763,"Geoff Swaim","DAL","TE",2018
"616","00-0026283",97,0.00229215063383755,0.0212279403901165,0.000208377330348868,"Orlando Scandrick","KC","DB",2018
"617","00-0034624",1900,0.0022843301700687,0.0227344320401294,0.000207666379097154,"Lavon Coleman","GB","RB",2018
"618","00-0030062",502,0.00228085028373214,0.0212159451495152,0.000207350025793831,"Darius Slay","DET","DB",2018
"619","00-0033791",1567,0.00225447119228028,0.021416028846264,0.000204951926570934,"Brandon Wilson","CIN","DB",2018
"620","00-0031958",960,0.00222718039734795,0.0211683316679522,0.00020247094521345,"Austin Reiter","KC","OL",2018
"621","00-0034824",1994,0.00221262036220029,0.0208466642499894,0.000201147305654572,"Martinas Rankin","HOU","OL",2018
"622","00-0025555",72,0.00220830582115892,0.0207285822669435,0.000200755074650811,"Corey Graham","PHI","DB",2018
"623","00-0027557",167,0.00220557775754483,0.021871722767707,0.000200507068867712,"Morgan Cox","BAL","LS",2018
"624","00-0032956",1284,0.0021940527918801,0.0204863952136914,0.000199459344716373,"Andy Janovich","DEN","RB",2018
"625","00-0034682",1925,0.00219171913830694,0.020985532958739,0.00019924719439154,"Genard Avery","CLE","LB",2018
"626","00-0033096",1344,0.00217853803314162,0.022037715292728,0.000198048912103784,"Shaq Lawson","BUF","DL",2018
"627","00-0031371",802,0.00217659419691494,0.0230841781942623,0.00019787219971954,"Marcus Smith","WAS","LB",2018
"628","00-0023482",34,0.00217518806510338,0.0224944950368488,0.000197744369554853,"Mike Nugent","OAK","K",2018
"629","00-0033927",1639,0.00216621671001349,0.0218794916898115,0.000196928791819408,"John Johnson","LA","DB",2018
"630","00-0030161",530,0.00215215254534314,0.0199376173197469,0.000195650231394831,"Bradley McDougald","SEA","DB",2018
"631","00-0030792",651,0.00212163854295903,0.0207597369762421,0.000192876231178093,"Justin McCray","GB","OL",2018
"632","00-0032135",1009,0.00212137843606338,0.0217393048400589,0.000192852585096671,"Jesse James","PIT","TE",2018
"633","00-0029421",394,0.00210932384900744,0.0220297048042607,0.000191756713546131,"Randy Bullock","CIN","K",2018
"634","00-0023853",41,0.0020947556471003,0.0220679309103312,0.000190432331554573,"Matt Prater","DET","K",2018
"635","00-0034373",1798,0.00207298277225232,0.0216641677823209,0.000188452979295665,"Dorance Armstrong","DAL","DL",2018
"636","00-0031367",800,0.00206605108152112,0.0210720322827931,0.000187822825592829,"Gabe Jackson","OAK","OL",2018
"637","00-0030414",559,0.00204737634546996,0.0203557521998645,0.000186125122315451,"Spencer Ware","KC","RB",2018
"638","00-0032998",1299,0.0020232485244611,0.0224681486992328,0.000183931684041918,"Jared Norris","CAR","LB",2018
"639","00-0034385",1808,0.00201117562381071,0.0218636495986007,0.000182834147619155,"Ja'Whaun Bentley","NE","LB",2018
"640","00-0032094",989,0.00199959433793059,0.0220274021612351,0.000181781303448236,"Tyrell Adams","HOU","LB",2018
"641","00-0030770",647,0.00199864203163962,0.0224034017148025,0.000181694730149057,"Brock Coyle","SF","LB",2018
"642","00-0034333",1761,0.00198857847734066,0.0207829226632946,0.000180779861576423,"Daron Payne","WAS","DL",2018
"643","00-0032087",987,0.00198660661093728,0.0226342270231921,0.000180600600994298,"Josh Lambo","JAX","K",2018
"644","00-0033115",1354,0.00198188012677558,0.021952606733639,0.000180170920615962,"Jeff Overbaugh","ATL","LS",2018
"645","00-0029528",400,0.00197646328241834,0.0210397378478972,0.000179678480219849,"Bobby Massie","CHI","OL",2018
"646","00-0030382",547,0.00197595631403198,0.022205193286085,0.000179632392184725,"Kevin Minter","TB","LB",2018
"647","00-0030923",664,0.00197380966696027,0.02197120478426,0.000179437242450934,"Jeremiah Sirles","BUF","OL",2018
"648","00-0027956",238,0.00196761336598976,0.0210412432450562,0.000178873942362706,"Corey Liuget","LAC","DL",2018
"649","00-0032803",1243,0.00196702329363464,0.0209949860711028,0.000178820299421331,"Jalen Mills","PHI","DB",2018
"650","00-0033560",1499,0.00196500252840022,0.0208463763082601,0.000178636593490929,"Julie'n Davenport","HOU","OL",2018
"651","00-0026293",98,0.00196142029092353,0.0222546828282317,0.000178310935538502,"Matthew Slater","NE","WR",2018
"652","00-0030937",665,0.00195110620949124,0.0228131067546442,0.000177373291771931,"Zac Kerin","WAS","OL",2018
"653","00-0029409",387,0.00194301972363275,0.0217916901004884,0.000176638156693887,"Mychal Kendricks","SEA","LB",2018
"654","00-0033606",1527,0.00193981346183236,0.0231734312927868,0.000176346678348396,"Tre'Von Johnson","LAC","LB",2018
"655","00-0029123",349,0.00192616898217605,0.0226803257642905,0.000175106271106914,"Marquette King","DEN","P",2018
"656","00-0026618",109,0.00192538383609341,0.0204346338333754,0.00017503489419031,"Michael Bennett","PHI","DL",2018
"657","00-0033792",1568,0.00192150604387264,0.0203437444707179,0.000174682367624785,"Rudy Ford","ARI","DB",2018
"658","00-0030070",510,0.0019214781940418,0.0221407125027291,0.000174679835821982,"John Jenkins","NYG","DL",2018
"659","00-0032768",1214,0.00192090172062022,0.0217671022925507,0.000174627429147293,"Cody Whitehair","CHI","OL",2018
"660","00-0033058",1323,0.00191462935592588,0.0211398032065323,0.00017405721417508,"Reggie Ragland","KC","LB",2018
"661","00-0034626",1901,0.00191337456799059,0.021370781602467,0.000173943142544599,"Trevor Daniel","HOU","P",2018
"662","00-0029747",465,0.00191278085699651,0.0222239064983781,0.000173889168817864,"Chris Banjo","NO","DB",2018
"663","00-0030041",496,0.001903625338995,0.0205114992621344,0.000173056848999546,"Nickell Robey-Coleman","LA","DB",2018
"664","00-0032197",1035,0.00188080996975355,0.020622243948352,0.00017098272452305,"Randy Gregory","DAL","DL",2018
"665","00-0031844",927,0.00184788676236647,0.0211011473826344,0.000167989705669679,"Deshazor Everett","WAS","DB",2018
"666","00-0034426",1836,0.00184201793605237,0.02119201366585,0.000167456176004761,"Javon Wims","CHI","WR",2018
"667","00-0033950",1659,0.00184080336073725,0.0220005335313078,0.000167345760067023,"Wayne Gallman","NYG","RB",2018
"668","00-0032881",1255,0.0018396933762257,0.0210470745452252,0.000167244852384155,"Tommylee Lewis","NO","WR",2018
"669","00-0030515",593,0.00183371857331693,0.0229087691659384,0.000166701688483357,"Stacy McGee","WAS","DL",2018
"670","00-0032785",1229,0.0018184777160389,0.0215822426538508,0.000165316156003537,"Halapoulivaati Vaitai","PHI","OL",2018
"671","00-0022161",11,0.0018174379291777,0.020516990630962,0.000165221629925245,"Terrell Suggs","BAL","LB",2018
"672","00-0026968",122,0.00181371737500779,0.0223781257508812,0.000164883397727981,"Ryan Succop","TEN","K",2018
"673","00-0029567",409,0.00180996396564318,0.0215011753090275,0.000164542178694834,"Nick Foles","PHI","QB",2018
"674","00-0028907",329,0.0018062928779415,0.0214836731261558,0.000164208443449227,"Giorgio Tavecchio","ATL","K",2018
"675","00-0032162",1024,0.00178645636625415,0.022118595290066,0.000162405124204923,"T.Y. McGill","LAC","DL",2018
"676","00-0027647",171,0.00177530194607342,0.0205646001595192,0.000161391086006675,"Devin McCourty","NE","DB",2018
"677","00-0032800",1242,0.00177246501735968,0.0224480833356515,0.000161133183396335,"Jonathan Woodard","MIA","DL",2018
"678","00-0032382",1083,0.00177093865712431,0.0223621543347643,0.000160994423374938,"Keanu Neal","ATL","DB",2018
"679","00-0033925",1637,0.0017703042995981,0.0218617952353345,0.000160936754508918,"D'Onta Foreman","HOU","RB",2018
"680","00-0030486",584,0.00176873550292252,0.0219026497445877,0.00016079413662932,"Brian Schwenke","NE","OL",2018
"681","00-0031914",942,0.00176244609773159,0.0221483032717925,0.000160222372521054,"Olsen Pierre","ARI","DL",2018
"682","00-0032164",1025,0.00175981507901402,0.0214181483165726,0.000159983189001275,"Arik Armstead","SF","DL",2018
"683","00-0029795",470,0.00175880617556858,0.0218181047886164,0.000159891470506234,"Benny Cunningham","CHI","RB",2018
"684","00-0026498",102,0.00175541536468992,0.0206312763471409,0.000159583214971811,"Matthew Stafford","DET","QB",2018
"685","00-0032403",1103,0.00175117362072791,0.0225460286196427,0.000159197601884355,"Juston Burris","CLE","DB",2018
"686","00-0032883",1256,0.00174325226065398,0.0212684863532679,0.000158477478241271,"Mitchell Loewen","DET","DL",2018
"687","00-0034116",1698,0.00173039617116312,0.0219939524158852,0.000157308742833011,"J.T. Gray","NO","DB",2018
"688","00-0029688",454,0.00172918506203243,0.020545444741587,0.000157198642002948,"Dontari Poe","CAR","DL",2018
"689","00-0033729",1548,0.00172867764723203,0.0222178386760263,0.00015715251338473,"Cameron Johnston","PHI","P",2018
"690","00-0033543",1485,0.00172488011351512,0.0213506057879448,0.000156807283046829,"Sidney Jones","PHI","DB",2018
"691","00-0034450",1847,0.00170322548921247,0.0219018053907724,0.000154838680837497,"Greg Joseph","CLE","K",2018
"692","00-0029666",442,0.00169929026732037,0.0224576042149046,0.000154480933392761,"Josh LeRibeus","NO","OL",2018
"693","00-0027865",209,0.0016982950181196,0.0202171552930707,0.000154390456192691,"Brandon Graham","PHI","DL",2018
"694","00-0033434",1438,0.00165765587705633,0.0229939699185626,0.000150695988823303,"Bobo Wilson","TB","WR",2018
"695","00-0033045",1311,0.00165758169340323,0.0210758165787934,0.000150689244854839,"Ezekiel Elliott","DAL","RB",2018
"696","00-0027688",185,0.00165029915647765,0.0214189470237443,0.000150027196043423,"Colt McCoy","WAS","QB",2018
"697","00-0032063",982,0.00164681952356749,0.0206341463690852,0.000149710865778863,"Mike Davis","SEA","RB",2018
"698","00-0034341",1767,0.00163070409506162,0.02268307619157,0.000148245826823784,"Matthew Thomas","PIT","LB",2018
"699","00-0030457",575,0.00163025964991075,0.021644499307286,0.000148205422719159,"Tank Carradine","OAK","DL",2018
"700","00-0030520",595,0.00162861714128418,0.0220100556950613,0.000148056103753108,"Mike Glennon","ARI","QB",2018
"701","00-0031151",714,0.00162746085808116,0.0219374086624446,0.000147950987098287,"Marcus Williams","CHI","DB",2018
"702","00-0031362",796,0.0016268110559714,0.0221724441779128,0.000147891914179218,"Trai Turner","CAR","OL",2018
"703","00-0032772",1217,0.00162277668958196,0.020532883516294,0.00014752515359836,"Ryan Smith","TB","DB",2018
"704","00-0032575",1164,0.0016201535067321,0.0207396656462585,0.000147286682430191,"Matt Skura","BAL","OL",2018
"705","00-0031950",955,0.00161954873893607,0.0214621344344218,0.000147231703539643,"D.J. Alexander","PHI","LB",2018
"706","00-0030621",627,0.00161515439472109,0.021953868027428,0.000146832217701918,"Michael Ola","NO","OL",2018
"707","00-0029278",377,0.00161356200435169,0.021223025554435,0.000146687454941063,"Joe Looney","DAL","OL",2018
"708","00-0031557",855,0.00161234850667137,0.0210624819602555,0.000146577136970124,"Jordan Phillips","BUF","DL",2018
"709","00-0028015",265,0.00160342953183383,0.0215745804353959,0.000145766321075803,"Jurrell Casey","TEN","DL",2018
"710","00-0034274",1740,0.00158720198257064,0.0208469569311897,0.000144291089324604,"Parry Nickerson","NYJ","DB",2018
"711","00-0033782",1559,0.00158152086291653,0.0225334842870568,0.000143774623901503,"DeMarcus Walker","DEN","DL",2018
"712","00-0031372",803,0.00157931249914844,0.0205812787035426,0.00014357386355895,"Bradley Roby","DEN","DB",2018
"713","00-0034465",1851,0.00157355026480052,0.0210541178373484,0.000143050024072774,"Jeremy Reaves","WAS","DB",2018
"714","00-0033446",1443,0.00157306436790312,0.0215989892374235,0.000143005851627556,"Jordan Simmons","SEA","OL",2018
"715","00-0033760",1554,0.00155273051254146,0.0223907578469421,0.000141157319321951,"Justin Davis","LA","RB",2018
"716","00-0033563",1501,0.00154938079277228,0.020858060505445,0.000140852799342934,"Carlos Watkins","HOU","DL",2018
"717","00-0032871",1253,0.00154186163207174,0.0209019807288348,0.000140169239279249,"Antwaun Woods","DAL","DL",2018
"718","00-0027224",152,0.00151056103776951,0.0208658232331225,0.000137323730706319,"Jon Weeks","HOU","LS",2018
"719","00-0030737",643,0.0015044000476329,0.0214643052267661,0.0001367636406939,"Freddie Martino","TB","WR",2018
"720","00-0033289",1390,0.00150257713316135,0.0220088722146153,0.000136597921196487,"Corn Elder","CAR","DB",2018
"721","00-0034840",2008,0.0014820335454195,0.0218640400483427,0.000134730322310864,"Adonis Alexander","WAS","DB",2018
"722","00-0030577",620,0.00146656391045597,0.0212916128728745,0.000133323991859634,"Sylvester Williams","MIA","DL",2018
"723","00-0032967",1290,0.00145583096637106,0.0215684191783267,0.000132348269670096,"Vernon Butler","CAR","DL",2018
"724","00-0033658",1534,0.0014553240596649,0.0213877760932247,0.000132302187242264,"Blake Jarwin","DAL","TE",2018
"725","00-0032422",1118,0.00144161818667021,0.0210499085712915,0.000131056198788201,"Kentrell Brothers","MIN","LB",2018
"726","00-0032233",1051,0.00142566676725458,0.0226436967081109,0.000129606069750416,"Cedric Ogbuehi","CIN","OL",2018
"727","00-0033399",1428,0.00141726251750189,0.0225022877950395,0.000128842047045626,"Chase Allen","MIA","LB",2018
"728","00-0031304",770,0.00141169332955327,0.0217660882469812,0.000128335757232116,"Will Clarke","TB","DL",2018
"729","00-0033011",1304,0.00140351359332187,0.0219334088287331,0.000127592144847443,"Connor McGovern","DEN","OL",2018
"730","00-0034603",1895,0.0014030180596301,0.0217523314145736,0.000127547096330009,"Kevin Toliver","CHI","DB",2018
"731","00-0031911",940,0.00139983484391991,0.0212155673155466,0.000127257713083628,"Rick Lovato","PHI","LS",2018
"732","00-0034586",1891,0.00139520714855166,0.022393764311672,0.000126837013504696,"John Atkins","DET","DL",2018
"733","00-0034520",1872,0.00139099674832755,0.0229025584140032,0.000126454249847959,"Lyndon Johnson","JAX","DL",2018
"734","00-0032734",1198,0.00139085516484752,0.0216866007848552,0.000126441378622502,"Brennan Scarlett","HOU","LB",2018
"735","00-0034712",1931,0.00138528278147507,0.0225934745408629,0.000125934798315916,"Casey Dunn","WAS","OL",2018
"736","00-0033779",1558,0.00138210359449992,0.0232549163146459,0.000125645781318175,"Dee Virgin","DET","DB",2018
"737","00-0029641",435,0.00138157417337512,0.0200823675956878,0.000125597652125011,"Tyrone Crawford","DAL","DL",2018
"738","00-0033438",1440,0.00137665146183706,0.0219348888266326,0.000125150132894278,"Fadol Brown","GB","DL",2018
"739","00-0023436",29,0.00136213726127025,0.0198856613412137,0.000123830660115478,"Alex Smith","WAS","QB",2018
"740","00-0031549",848,0.00135379190401739,0.0204946531343732,0.000123071991274308,"Nelson Agholor","PHI","WR",2018
"741","00-0031308",773,0.00135187702233248,0.0208849169303385,0.000122897911121135,"Kevin Pierre-Louis","NYJ","LB",2018
"742","00-0033968",1671,0.00134921484242888,0.0215835287019855,0.000122655894766262,"Stacy Coley","NYG","WR",2018
"743","00-0034664",1914,0.00134839796379457,0.0225529558632708,0.000122581633072233,"Elijah Nkansah","SEA","OL",2018
"744","00-0034832",2002,0.00133970649522055,0.0205254273198432,0.000121791499565504,"Bradley Chubb","DEN","LB",2018
"745","00-0032933",1271,0.0013389895464752,0.0214721309542508,0.000121726322406836,"Antonio Hamilton","NYG","DB",2018
"746","00-0034356",1782,0.001328767941593,0.0206361509513303,0.000120797085599363,"Donte Jackson","CAR","DB",2018
"747","00-0033379",1422,0.00132696048710751,0.0220787818034428,0.000120632771555228,"Tim White","BAL","WR",2018
"748","00-0031425",827,0.00132351342624576,0.0224736099855958,0.000120319402385978,"Dominique Easley","LA","LB",2018
"749","00-0029822",472,0.00131947820004056,0.0212615544227239,0.000119952563640051,"Brandon McManus","DEN","K",2018
"750","00-0032385",1086,0.00131694418824484,0.0208192038307599,0.00011972219893135,"Sterling Shepard","NYG","WR",2018
"751","00-0031235",734,0.00131159571986965,0.0210365802045605,0.000119235974533604,"Odell Beckham","NYG","WR",2018
"752","00-0033400",1429,0.00131096996482906,0.020381259262849,0.000119179087711733,"Matt Haack","MIA","P",2018
"753","00-0034545",1881,0.00130404444945223,0.0218151789659282,0.000118549495404748,"Brandon Facyson","LAC","DB",2018
"754","00-0032769",1215,0.00129490695584418,0.02120533432233,0.000117718814167653,"Brandon Williams","ARI","DB",2018
"755","00-0031442",832,0.00128717573356252,0.0209399216203489,0.000117015975778411,"Taylor Lewan","TEN","OL",2018
"756","00-0032394",1095,0.00128465045163325,0.0204839804438548,0.000116786404693932,"Nick Vannett","SEA","TE",2018
"757","00-0033871",1587,0.00128153811224541,0.0214360310770711,0.000116503464749582,"Corey Davis","TEN","WR",2018
"758","00-0023173",23,0.00128050745123286,0.0226297502604966,0.000116409768293897,"John Denney","MIA","LS",2018
"759","00-0032521",1151,0.00127093921739604,0.0207122977361506,0.000115539928854186,"Mike Hilton","PIT","DB",2018
"760","00-0031363",797,0.00126834725047434,0.0215376800568744,0.000115304295497668,"Michael Palardy","CAR","P",2018
"761","00-0031512",841,0.00126444477823707,0.0212783210251854,0.000114949525294279,"Jermaine Whitehead","CLE","DB",2018
"762","00-0034345",1771,0.00125318348471435,0.0208213214662206,0.000113925771337668,"Frank Ragnow","DET","OL",2018
"763","00-0032407",1106,0.0012466871705477,0.0208437417321867,0.000113335197322518,"Alex Lewis","BAL","OL",2018
"764","00-0030615",626,0.00124540011456353,0.0214104338655247,0.000113218192233048,"James Winchester","KC","LS",2018
"765","00-0028114",292,0.00122982063063209,0.0218497857760298,0.000111801875512008,"Dwayne Harris","OAK","WR",2018
"766","00-0032569",1161,0.00122804284753346,0.0226586198074321,0.000111640258866678,"Wil Lutz","NO","K",2018
"767","00-0033591",1521,0.00121743011589475,0.0210680270642434,0.000110675465081341,"Noah Brown","DAL","WR",2018
"768","00-0031843",926,0.00121166362864766,0.0211684340084282,0.000110151238967969,"Ryan Delaire","SF","DL",2018
"769","00-0034208",1722,0.00120998623487026,0.0224490590750034,0.000109998748624569,"Mike Boone","MIN","RB",2018
"770","00-0033467",1455,0.00120979843050506,0.0226892778037449,0.00010998167550046,"Brian Allen","PIT","DB",2018
"771","00-0031177",723,0.00120276756456686,0.0207005802728302,0.000109342505869714,"Brent Urban","BAL","DL",2018
"772","00-0032136",1010,0.00119376429031935,0.0218508372270251,0.000108524026392668,"Lorenzo Doss","CAR","DB",2018
"773","00-0031563",859,0.00119354168973066,0.022167588945513,0.000108503789975515,"Alex Carter","WAS","DB",2018
"774","00-0027723",191,0.00116847422561202,0.0206195453862353,0.000106224929601093,"Al Woods","IND","DL",2018
"775","00-0033124",1362,0.00116705896536246,0.0225084675455445,0.000106096269578406,"Will Redmond","GB","DB",2018
"776","00-0029215",362,0.00116366589997218,0.0217601700538949,0.00010578780908838,"George Iloka","MIN","DB",2018
"777","00-0032117",1001,0.00115317977017713,0.0213467132235607,0.000104834524561557,"Nick O'Leary","MIA","TE",2018
"778","00-0034537",1878,0.00115274741835153,0.0220674478235724,0.000104795219850139,"Chris Worley","CIN","LB",2018
"779","00-0032479",1140,0.00114664631343996,0.0218127854649769,0.000104240573949087,"Tyvis Powell","SF","DB",2018
"780","00-0031856",930,0.00113662525356137,0.0209090752732609,0.000103329568505579,"Brandon King","NE","LB",2018
"781","00-0031961",962,0.00112356222315297,0.021151938254502,0.000102142020286634,"Mark Nzeocha","SF","LB",2018
"782","00-0031361",795,0.00112091769866808,0.0208428336960821,0.000101901608969825,"Christian Kirksey","CLE","LB",2018
"783","00-0029682",452,0.00110879561848741,0.0199877025581953,0.000100799601680674,"Brock Osweiler","MIA","QB",2018
"784","00-0033935",1647,0.00110676039651916,0.021869939815944,0.000100614581501742,"Trey Hendrickson","NO","DL",2018
"785","00-0031657",897,0.00110635536482472,0.0214118248865133,0.000100577760438611,"Isaiah Johnson","LA","DB",2018
"786","00-0033786",1562,0.00109372311525521,0.0212824789264893,9.94293741141096e-05,"Ryan Glasgow","CIN","DL",2018
"787","00-0033526",1470,0.00109147164700062,0.0214017989174871,9.92246951818749e-05,"Samaje Perine","WAS","RB",2018
"788","00-0031307",772,0.00108500356083711,0.02129719924901,9.86366873488283e-05,"Walt Aikens","MIA","DB",2018
"789","00-0034791",1973,0.00108464011674591,0.0206664864707791,9.86036469769012e-05,"Nick Chubb","CLE","RB",2018
"790","00-0034139",1699,0.00108150558414338,0.0225743737901308,9.83186894675803e-05,"Emmanuel Ellerbee","SEA","LB",2018
"791","00-0034170",1711,0.00107397791287638,0.0223926374950883,9.76343557160342e-05,"Saeed Blacknall","OAK","WR",2018
"792","00-0028031",270,0.001067162162986,0.021921814405748,9.70147420896365e-05,"Chris Conte","TB","DB",2018
"793","00-0034678",1921,0.00105210907897133,0.0227732022488364,9.56462799064848e-05,"Alex Cappa","TB","OL",2018
"794","00-0033900",1616,0.00104995238482716,0.0218549911186276,9.54502168024689e-05,"Obi Melifonwu","NE","DB",2018
"795","00-0033060",1324,0.00104312149515053,0.0215548990334624,9.4829226831866e-05,"Leonte Carroo","MIA","WR",2018
"796","00-0033057",1322,0.00103053860744947,0.0212720409259356,9.36853279499518e-05,"Jack Conklin","TEN","OL",2018
"797","00-0028738",321,0.000988316108813126,0.0204433733157908,8.98469189830115e-05,"Byron Bell","GB","OL",2018
"798","00-0033788",1564,0.000982879939941663,0.0226872584583513,8.93527218128785e-05,"Will Holden","ARI","OL",2018
"799","00-0032710",1193,0.000980593676240414,0.0217210546602697,8.91448796582195e-05,"Jeremiah McKinnon","PHI","DB",2018
"800","00-0028069",278,0.000978972672349794,0.0217935400897692,8.89975156681631e-05,"Davon House","GB","DB",2018
"801","00-0033537",1479,0.000978768193718026,0.0210796082413623,8.89789267016387e-05,"Deshaun Watson","HOU","QB",2018
"802","00-0033005",1300,0.000964494050748723,0.0214013216166802,8.7681277340793e-05,"Denver Kirkland","OAK","OL",2018
"803","00-0027531",164,0.000958492506935506,0.0212201376904293,8.71356824486824e-05,"Chris Ivory","BUF","RB",2018
"804","00-0033465",1453,0.000953974052288875,0.0215143133200996,8.67249138444431e-05,"Isaac Asiata","MIA","OL",2018
"805","00-0034806",1985,0.000947639018710066,0.0218576946625627,8.61490017009151e-05,"Micah Kiser","LA","LB",2018
"806","00-0032911",1266,0.000946620137469312,0.0214137693696558,8.60563761335738e-05,"Spencer Pulley","NYG","OL",2018
"807","00-0031349",789,0.000945714012964415,0.0209526554773078,8.59740011785832e-05,"Matt Paradis","DEN","OL",2018
"808","00-0030060",500,0.000938586607458938,0.0215652510869969,8.53260552235398e-05,"Kenny Vaccaro","TEN","DB",2018
"809","00-0033582",1518,0.000937549771475035,0.0238017475226248,8.52317974068214e-05,"Jeremiah Ledbetter","TB","DL",2018
"810","00-0033266",1380,0.000934159349987502,0.0219093100597878,8.49235772715911e-05,"JoJo Natson","LA","WR",2018
"811","00-0033533",1476,0.000933929745403108,0.0225508229362244,8.49027041275552e-05,"Joshua Holsey","WAS","DB",2018
"812","00-0034204",1720,0.000928636786494941,0.0226696916626259,8.44215260449946e-05,"Ola Adeniyi","PIT","LB",2018
"813","00-0033970",1673,0.000926619118245281,0.0212448351267138,8.42381016586619e-05,"Shalom Luani","SEA","DB",2018
"814","00-0034772",1958,0.000924325991706879,0.0212046607276322,8.40296356097162e-05,"Antonio Callaway","CLE","WR",2018
"815","00-0034843",2011,0.000922088991850825,0.0214536826357103,8.38262719864386e-05,"Mike Hughes","MIN","DB",2018
"816","00-0034090",1688,0.000918460314955553,0.0222222891295616,8.34963922686867e-05,"Skai Moore","IND","LB",2018
"817","00-0027681",181,0.000912888184931349,0.0220996840550611,8.2989834993759e-05,"Brandon LaFell","OAK","WR",2018
"818","00-0033112",1352,0.000908593619800575,0.0206662727847635,8.25994199818704e-05,"Temarrick Hemingway","DEN","TE",2018
"819","00-0026502",104,0.000898774262742268,0.0206759430772878,8.1706751158388e-05,"Ricky Jean Francois","DET","DL",2018
"820","00-0033119",1357,0.000888879953375212,0.0225957330508952,8.08072684886556e-05,"Jacoby Brissett","IND","QB",2018
"821","00-0033277",1382,0.000884218495346496,0.0220438211054693,8.03834995769542e-05,"Kyle Kalis","CLE","OL",2018
"822","00-0032798",1240,0.000880387271748356,0.0231623835746078,8.00352065225778e-05,"Harlan Miller","WAS","DB",2018
"823","00-0033920",1634,0.000875692545959537,0.0207525934500674,7.96084132690488e-05,"Derek Rivers","NE","DL",2018
"824","00-0032767",1213,0.000875077531743851,0.0230383892501939,7.95525028858047e-05,"Su'a Cravens","DEN","DB",2018
"825","00-0030273",538,0.000866384948020701,0.0207660148621433,7.87622680018819e-05,"Lane Taylor","GB","OL",2018
"826","00-0030112",522,0.000866143299243483,0.0220293695135425,7.87402999312257e-05,"Tommy Bohanon","JAX","RB",2018
"827","00-0031548",847,0.00086515429744391,0.0222798696858217,7.86503906767191e-05,"Kevin Johnson","HOU","DB",2018
"828","00-0034614",1898,0.000862117722489141,0.0218186986563279,7.83743384081037e-05,"Godwin Igwebuike","SF","DB",2018
"829","00-0030107",520,0.000859697279165731,0.0210465793299482,7.81542981059755e-05,"Theo Riddick","DET","RB",2018
"830","00-0033614",1530,0.000855020000912528,0.0220693761578587,7.7729090992048e-05,"Pasoni Tasini","ARI","DL",2018
"831","00-0030332",545,0.000854709847320586,0.0212371126502913,7.77008952109624e-05,"Brett Maher","DAL","K",2018
"832","00-0034410",1827,0.000842260149041364,0.0229375664953876,7.65691044583058e-05,"Chris Covington","DAL","LB",2018
"833","00-0024239",48,0.000824220993480231,0.0213391810163203,7.49291812254756e-05,"Johnathan Joseph","HOU","DB",2018
"834","00-0033552",1493,0.000819039943930656,0.0211795795847087,7.44581767209687e-05,"Brendan Langley","DEN","DB",2018
"835","00-0021140",8,0.000818062719240209,0.0219918117889763,7.43693381127463e-05,"Julius Peppers","CAR","DL",2018
"836","00-0027873",216,0.000813620156717383,0.0202044049671158,7.39654687924894e-05,"Jermaine Gresham","ARI","TE",2018
"837","00-0030085",514,0.000805554209866437,0.0211612415140249,7.32322008969488e-05,"Kenny Stills","MIA","WR",2018
"838","00-0033913",1629,0.00080392606585322,0.0215326631665753,7.30841878048382e-05,"Chris Wormley","BAL","DL",2018
"839","00-0030521",596,0.000798951729515793,0.0224235790090285,7.26319754105266e-05,"Justin Hunter","PIT","WR",2018
"840","00-0026275",95,0.000798369646222915,0.0227250156530156,7.25790587475377e-05,"Josh Sitton","MIA","OL",2018
"841","00-0031923",945,0.000782709976219531,0.020332261972146,7.11554523835937e-05,"Greg Mancz","HOU","OL",2018
"842","00-0027195",150,0.000775819247652414,0.0207799049981618,7.05290225138559e-05,"Rafael Bush","BUF","DB",2018
"843","00-0029076",343,0.000761869744563534,0.0210628653011562,6.92608858694122e-05,"Austin Pasztor","TEN","OL",2018
"844","00-0033551",1492,0.000755311206757118,0.0203527010564861,6.8664655159738e-05,"Rasul Douglas","PHI","DB",2018
"845","00-0033103",1345,0.000753095107893036,0.0219955239497927,6.84631916266397e-05,"Artie Burns","PIT","DB",2018
"846","00-0032676",1187,0.000747324404027874,0.0215996927846357,6.79385821843522e-05,"Mike Jordan","TEN","DB",2018
"847","00-0034185",1715,0.000747175212791217,0.0216175876293769,6.79250193446561e-05,"Tyler Lancaster","GB","DL",2018
"848","00-0030035",495,0.000745541045199403,0.020938370196818,6.77764586544912e-05,"Adam Thielen","MIN","WR",2018
"849","00-0033773",1557,0.000740215121315248,0.0227704032373778,6.72922837559317e-05,"Riley McCarron","NE","WR",2018
"850","00-0030127",524,0.00073097059889407,0.0224948676297734,6.64518726267337e-05,"Marcus Cooper","DET","DB",2018
"851","00-0030456",574,0.000715801147410135,0.0212847544895032,6.50728315827395e-05,"Giovani Bernard","CIN","RB",2018
"852","00-0029629",430,0.000714866210397078,0.0214761896934692,6.49878373088253e-05,"Nate Stupar","NYG","LB",2018
"853","00-0026027",79,0.000714413018904773,0.0223586748524648,6.49466380822521e-05,"J.J. Jansen","CAR","LS",2018
"854","00-0031127",709,0.000708023236983138,0.0210276435310428,6.43657488166489e-05,"Brandon Dunn","HOU","DL",2018
"855","00-0031728",906,0.000689938931706774,0.0222316705996134,6.27217210642522e-05,"Zach Vigil","WAS","LB",2018
"856","00-0032889",1258,0.000688705079015538,0.0215957906719525,6.26095526377762e-05,"A'Shawn Robinson","DET","DL",2018
"857","00-0032246",1060,0.000675116869850424,0.022655409106538,6.13742608954931e-05,"Andrew Donnal","DET","OL",2018
"858","00-0033893",1609,0.000674039230127214,0.0219986707144596,6.12762936479286e-05,"Dalvin Cook","MIN","RB",2018
"859","00-0030148",527,0.000664781995995721,0.020184703707321,6.04347269087019e-05,"Damion Square","LAC","DL",2018
"860","00-0033787",1563,0.00065603227189851,0.0221423431651462,5.96392974453191e-05,"Jake Elliott","PHI","K",2018
"861","00-0027720",190,0.00065531062351915,0.0205612413421052,5.95736930471954e-05,"Geno Atkins","CIN","DL",2018
"862","00-0034285",1747,0.000644961797008344,0.0224953165352933,5.86328906371222e-05,"Zach Sieler","BAL","DL",2018
"863","00-0030443",570,0.000610493629375026,0.020525212485338,5.54994208522751e-05,"Levine Toilolo","DET","TE",2018
"864","00-0034548",1883,0.000603162928498305,0.0209491734816158,5.48329934998459e-05,"D'Juan Hines","CLE","LB",2018
"865","00-0032762",1208,0.000601586799929142,0.0200275727824368,5.46897090844675e-05,"Chris Jones","KC","DL",2018
"866","00-0031384",808,0.000598657623972625,0.0227858975439142,5.44234203611478e-05,"Richard Rodgers","PHI","TE",2018
"867","00-0029959",486,0.000597490715471038,0.0223630653444307,5.43173377700944e-05,"Carson Tinker","JAX","LS",2018
"868","00-0030033",494,0.000582724384941913,0.0220784886363825,5.29749440856285e-05,"Terence Garvin","SF","LB",2018
"869","00-0033659",1535,0.000575622329214084,0.0211162799043355,5.23293026558258e-05,"Joe Jones","DEN","LB",2018
"870","00-0032475",1139,0.000574642771746439,0.0229283234460347,5.2240251976949e-05,"Tanner McEvoy","BUF","WR",2018
"871","00-0034388",1811,0.00057037107785301,0.0223890057358514,5.18519161684555e-05,"Davontae Harris","CIN","DB",2018
"872","00-0033926",1638,0.000563891969720253,0.0214619367762325,5.12629063382048e-05,"Shaquill Griffin","SEA","DB",2018
"873","00-0032107",995,0.000563437591008108,0.0208516579728042,5.12215991825552e-05,"Angelo Blackson","HOU","DL",2018
"874","00-0028903",328,0.000548590930134485,0.0210234124401542,4.98719027394987e-05,"Garrett Celek","SF","TE",2018
"875","00-0033725",1547,0.000547052200678257,0.0207738557702304,4.97320182434779e-05,"Corey Clement","PHI","RB",2018
"876","00-0034546",1882,0.000543753018210185,0.0214044959802976,4.94320925645623e-05,"Zack Golditch","ARI","OL",2018
"877","00-0033114",1353,0.000538057283785132,0.0224206500259472,4.89142985259211e-05,"Mike Thomas","LA","WR",2018
"878","00-0033531",1474,0.000536908181292334,0.0221777477456212,4.88098346629395e-05,"Colin Holba","SF","LS",2018
"879","00-0032395",1096,0.000530397763964019,0.020808066087497,4.82179785421836e-05,"Graham Glasgow","DET","OL",2018
"880","00-0027862",208,0.000526666913465034,0.0207548272419875,4.78788103150031e-05,"Tyson Alualu","PIT","DL",2018
"881","00-0027943",229,0.000522122918822741,0.0209062335391572,4.74657198929764e-05,"Patrick Peterson","ARI","DB",2018
"882","00-0032592",1168,0.000521283062486736,0.0196771562098251,4.7389369316976e-05,"Sharrod Neasman","ATL","DB",2018
"883","00-0033567",1504,0.000519183039346639,0.0218615083686307,4.71984581224217e-05,"Brian Hill","ATL","RB",2018
"884","00-0019646",5,0.000518756761813476,0.0220961765980928,4.71597056194069e-05,"Sebastian Janikowski","SEA","K",2018
"885","00-0033298",1398,0.000507631091027634,0.0229027146997134,4.61482810025122e-05,"Pita Taumoepenu","SF","DL",2018
"886","00-0030472",582,0.00050211466521978,0.0217103826334966,4.56467877472528e-05,"Jordan Reed","WAS","TE",2018
"887","00-0033845",1575,0.000499233824704849,0.0216326542085506,4.53848931549863e-05,"Dominique Hatfield","LA","DB",2018
"888","00-0031006",672,0.000497603230001841,0.0220921022457491,4.52366572728947e-05,"Robert Thomas","BUF","DL",2018
"889","00-0034521",1873,0.000491950774387824,0.0222129601932132,4.47227976716203e-05,"Allen Lazard","GB","WR",2018
"890","00-0033025",1306,0.000487892237819125,0.0218741010950067,4.43538398017387e-05,"Jalen Richard","OAK","RB",2018
"891","00-0034662",1913,0.000482945999222479,0.02257742677062,4.39041817474981e-05,"Joshua Kalu","TEN","DB",2018
"892","00-0030986",669,0.000480782485258051,0.0218943491121073,4.37074986598229e-05,"Ethan Westbrooks","LA","DL",2018
"893","00-0034668",1915,0.000474250625045497,0.0223056591640179,4.31136931859543e-05,"Aaron Stinnie","TEN","OL",2018
"894","00-0031994",965,0.000465657335190895,0.02216980073709,4.2332485017354e-05,"Andrew East","WAS","LS",2018
"895","00-0034072",1683,0.000459778218749018,0.0226254532636792,4.17980198862744e-05,"Steven Dunbar","SF","WR",2018
"896","00-0023534",36,0.000457886506409479,0.0215647980070404,4.16260460372254e-05,"Dustin Colquitt","KC","P",2018
"897","00-0033597",1525,0.000456969541546099,0.022525523556635,4.15426855950999e-05,"Chad Kelly","DEN","QB",2018
"898","00-0032637",1180,0.000456170229396218,0.0204280852387688,4.14700208542016e-05,"Andrew Adams","TB","DB",2018
"899","00-0027023",134,0.000455466304063556,0.020269719235296,4.14060276421414e-05,"Mike Mitchell","IND","DB",2018
"900","00-0032727",1195,0.000440535569282866,0.0217118236368893,4.00486881166242e-05,"Joel Heath","HOU","DL",2018
"901","00-0034582",1890,0.000429432513039482,0.0213775668486102,3.90393193672256e-05,"Brendan Mahon","CAR","OL",2018
"902","00-0033408",1432,0.000422610209872993,0.0212754293844723,3.84191099884539e-05,"Bryan Cox","CAR","DL",2018
"903","00-0033854",1576,0.000421903059017179,0.0217276051040734,3.83548235470163e-05,"Dare Ogunbowale","TB","RB",2018
"904","00-0033383",1425,0.000415837309457519,0.0223013494919923,3.78033917688654e-05,"Cole Croston","NE","OL",2018
"905","00-0034052",1679,0.000413628282299826,0.0212089571637405,3.7602571118166e-05,"Brandon Zylstra","MIN","WR",2018
"906","00-0031551",850,0.000412407885887295,0.0205043355633356,3.74916259897541e-05,"Eddie Goldman","CHI","DL",2018
"907","00-0033090",1339,0.0004073201204998,0.0220783408586769,3.70291018636181e-05,"Hunter Henry","LAC","TE",2018
"908","00-0034515",1870,0.000406076892496668,0.0227746467128342,3.69160811360607e-05,"Dee Delaney","MIA","DB",2018
"909","00-0034612",1897,0.000403313145889244,0.0224022964894274,3.66648314444767e-05,"Demone Harris","TB","DL",2018
"910","00-0033783",1560,0.000396581096909419,0.0210561049994553,3.60528269917654e-05,"Ahkello Witherspoon","SF","DB",2018
"911","00-0031301",769,0.000387861721437295,0.0224561231381629,3.52601564942996e-05,"Jeremy Hill","NE","RB",2018
"912","",1,0.000382277221767413,0.0228391733422812,3.47524747061285e-05,NA,NA,NA,NA
"913","00-0033859",1580,0.000371113407596198,0.0211959276638546,3.37375825087452e-05,"Josh Malone","CIN","WR",2018
"914","00-0027962",242,0.000369597656852631,0.0216795515358484,3.35997869866029e-05,"Cameron Jordan","NO","DL",2018
"915","00-0033872",1588,0.000368453302656661,0.0221946944905747,3.34957547869692e-05,"Jamal Adams","NYJ","DB",2018
"916","00-0033915",1631,0.000364762265860846,0.0220128352980827,3.31602059873496e-05,"Tim Williams","BAL","LB",2018
"917","00-0032426",1121,0.000347407133564848,0.0215891443715337,3.15824666877134e-05,"Alex Collins","BAL","RB",2018
"918","00-0031569",863,0.000343759649430296,0.0213284705087464,3.1250877220936e-05,"Jeremy Langford","ATL","RB",2018
"919","00-0034104",1693,0.000342807896967484,0.0213261579819444,3.11643542697713e-05,"Cam Sims","WAS","WR",2018
"920","00-0025944",78,0.000341626626602729,0.0223184264136362,3.10569660547935e-05,"Stephen Hauschka","BUF","K",2018
"921","00-0032404",1104,0.000339006995546764,0.0225202367440692,3.08188177769786e-05,"Tyler Ervin","BAL","RB",2018
"922","00-0034377",1802,0.000338564126734772,0.020589788274202,3.07785569758884e-05,"Avonte Maddox","PHI","DB",2018
"923","00-0034527",1876,0.000337282183216266,0.0216117874470892,3.06620166560242e-05,"Ryan Neal","ATL","DB",2018
"924","00-0034435",1841,0.000334771915830282,0.0211454414032545,3.04338105300256e-05,"Keion Crossen","NE","DB",2018
"925","00-0033793",1569,0.000334538945603718,0.0216622062350617,3.04126314185198e-05,"Corey Levin","TEN","OL",2018
"926","00-0028101",288,0.000332543305920176,0.0206836234398593,3.02312096291069e-05,"Daniel Kilgore","MIA","OL",2018
"927","00-0028374",311,0.000329583626775612,0.0215673809823459,2.9962147888692e-05,"Kyle Nelson","SF","LS",2018
"928","00-0033572",1509,0.000328567037948497,0.0214054093013333,2.98697307225906e-05,"Jamal Agnew","DET","DB",2018
"929","00-0031567",862,0.000319349615447068,0.0220950187846299,2.90317832224607e-05,"Daryl Williams","CAR","OL",2018
"930","00-0028932",333,0.000318587636819975,0.0207447890105803,2.89625124381796e-05,"L.J. Fort","PIT","LB",2018
"931","00-0026858",117,0.000317208616163062,0.0219682266201613,2.88371469239147e-05,"Graham Gano","CAR","K",2018
"932","00-0034396",1817,0.000308877995205312,0.0209208190075384,2.80798177459374e-05,"Jermaine Carter","CAR","LB",2018
"933","00-0032975",1296,0.000297194747638358,0.0220904471386059,2.70177043307598e-05,"Jonathan Williams","IND","RB",2018
"934","00-0033527",1471,0.000294036386827576,0.0214774845266884,2.67305806206888e-05,"Montae Nicholson","WAS","DB",2018
"935","00-0033269",1381,0.000285765183076336,0.0211230603767954,2.59786530069397e-05,"Rigoberto Sanchez","IND","P",2018
"936","00-0031729",907,0.000281607357682722,0.0225727098457852,2.56006688802475e-05,"Thurston Armbrister","ARI","LB",2018
"937","00-0030516",594,0.000280287979304049,0.0217606533058321,2.54807253912772e-05,"Brice Butler","MIA","WR",2018
"938","00-0031572",866,0.000273345547230848,0.0222809477435505,2.48495952028044e-05,"T.J. Clemmings","OAK","OL",2018
"939","00-0031357",792,0.000263798676970788,0.0224205878318998,2.39816979064352e-05,"C.J. Goodwin","DAL","DB",2018
"940","00-0030576",619,0.000262164555813458,0.0218050159146546,2.38331414375871e-05,"Datone Jones","DAL","DL",2018
"941","00-0034310",1756,0.000259892980977196,0.0216420390261047,2.36266346342906e-05,"Craig James","MIN","DB",2018
"942","00-0031061",691,0.000244940693109839,0.0218476999914153,2.2267335737258e-05,"Dontae Johnson","ARI","DB",2018
"943","00-0034481",1855,0.000243492062840865,0.0227480635107505,2.21356420764423e-05,"Deatrick Nichols","ARI","DB",2018
"944","00-0027658",174,0.000240705273299639,0.0209137698240974,2.18822975726945e-05,"Zane Beadles","ATL","OL",2018
"945","00-0032789",1232,0.000239158527230731,0.0197040092851247,2.17416842937028e-05,"Devante Bond","TB","LB",2018
"946","00-0034111",1696,0.000234251664287432,0.0214938521272696,2.1295605844312e-05,"Trey Marshall","DEN","DB",2018
"947","00-0033462",1450,0.000225511230862697,0.0222917870897475,2.05010209875179e-05,"Cordrea Tankersley","MIA","DB",2018
"948","00-0032792",1235,0.000224243928190684,0.0226918555396747,2.03858116536985e-05,"Nate Sudfeld","PHI","QB",2018
"949","00-0029665",441,0.000220523401989428,0.0229428291259695,2.00475819990389e-05,"Robert Griffin III","BAL","QB",2018
"950","00-0027663",176,0.000219127524576242,0.0216565715286108,1.99206840523856e-05,"Sean Lee","DAL","LB",2018
"951","00-0034660",1912,0.000216945619347819,0.0219674979992984,1.97223290316199e-05,"Rico Gafford","OAK","WR",2018
"952","00-0032401",1101,0.000216332669884702,0.0207989558493932,1.96666063531547e-05,"De'Vondre Campbell","ATL","LB",2018
"953","00-0034860",2022,0.000216297317756552,0.0218587292154904,1.9663392523323e-05,"Dante Pettis","SF","WR",2018
"954","00-0033083",1337,0.00021285645214826,0.022664027832478,1.93505865589327e-05,"Darian Thompson","DAL","DB",2018
"955","00-0029677",448,0.000210273745978555,0.0223833300825182,1.91157950889596e-05,"Brandon Weeden","HOU","QB",2018
"956","00-0030551",608,0.000208592243782529,0.0218925948074038,1.89629312529572e-05,"Colton Schmidt","BUF","P",2018
"957","00-0033951",1660,0.000203751211027469,0.0211925244525315,1.85228373661335e-05,"Marlon Mack","IND","RB",2018
"958","00-0029699",460,0.000202825477337429,0.0210110857425574,1.84386797579481e-05,"Tony Bergstrom","WAS","OL",2018
"959","00-0031181",724,0.000201079304385024,0.022348089525168,1.82799367622749e-05,"Ricardo Allen","ATL","DB",2018
"960","00-0032496",1145,0.000200405378705806,0.0222109376913594,1.82186707914369e-05,"Matthias Farley","IND","DB",2018
"961","00-0033569",1506,0.000198391018426535,0.021674607556226,1.8035547129685e-05,"Roderick Johnson","HOU","OL",2018
"962","00-0034256",1727,0.000181726518956514,0.0218516486216139,1.65205926324104e-05,"Da'Mari Scott","BUF","WR",2018
"963","00-0034295",1749,0.000181495462369824,0.0223832996241974,1.64995874881659e-05,"James Murray","KC","OL",2018
"964","00-0030593",625,0.000177494151315729,0.0220752272210643,1.61358319377935e-05,"Chance Warmack","PHI","OL",2018
"965","00-0031534",842,0.000171373337958699,0.0210233695604523,1.55793943598817e-05,"La'el Collins","DAL","OL",2018
"966","00-0032397",1098,0.000170968751226803,0.0222293195004261,1.55426137478912e-05,"Rees Odhiambo","ARI","OL",2018
"967","00-0032166",1027,0.000164323621801149,0.0212073303664825,1.49385110728317e-05,"Sammie Coates","HOU","WR",2018
"968","00-0034375",1800,0.000159099131356445,0.0220362527247473,1.44635573960405e-05,"Kyzir White","LAC","LB",2018
"969","00-0033359",1415,0.000146898614690654,0.0212860806006317,1.33544195173322e-05,"Adam Pankey","GB","OL",2018
"970","00-0034081",1686,0.000146489589503866,0.0215636448201456,1.33172354094424e-05,"Steven Mitchell","HOU","WR",2018
"971","00-0034842",2010,0.000142197024306222,0.0218250626700503,1.29270022096566e-05,"Taven Bryan","JAX","DL",2018
"972","00-0033300",1400,0.000122872131204515,0.0222291929799427,1.1170193745865e-05,"Conor McDermott","BUF","OL",2018
"973","00-0028497",316,0.000120131401846436,0.0216702933564612,1.09210365314942e-05,"Kamar Aiken","PHI","WR",2018
"974","00-0033757",1553,0.000119912485768979,0.0216328425788966,1.09011350699072e-05,"Robert Tonyan","GB","TE",2018
"975","00-0034422",1834,9.79813569003318e-05,0.0203101702064213,8.90739608184835e-06,"Keishawn Bierria","DEN","LB",2018
"976","00-0034283",1745,9.36634918417487e-05,0.022552072636506,8.51486289470443e-06,"Jullian Taylor","SF","DL",2018
"977","00-0034109",1695,8.80338483648926e-05,0.0207842197913118,8.00307712408115e-06,"Phillip Lindsay","DEN","RB",2018
"978","00-0032170",1029,7.5898033670036e-05,0.0215216569662525,6.89982124273054e-06,"Rashad Greene","JAX","WR",2018
"979","00-0029886",477,7.00252968085134e-05,0.020887825688636,6.36593607350122e-06,"LaAdrian Waddle","NE","OL",2018
"980","00-0029319",383,6.85549297899282e-05,0.0206265590674713,6.23226634453893e-06,"Josh Bellamy","CHI","WR",2018
"981","00-0033441",1441,6.53802429009342e-05,0.0224126989422213,5.94365844553947e-06,"Keon Hatcher","OAK","WR",2018
"982","00-0028845",325,5.98698862716758e-05,0.0216100610159693,5.44271693378871e-06,"Josh Harris","ATL","LS",2018
"983","00-0034813",1988,5.97809219306324e-05,0.0206469816472545,5.43462926642113e-06,"Justin Lawler","LA","DL",2018
"984","00-0033156",1371,5.03103297082642e-05,0.0213830057447718,4.57366633711493e-06,"Joey Bosa","LAC","DL",2018
"985","00-0034654",1908,4.66230096971127e-05,0.0229695225522707,4.23845542701024e-06,"Dalyn Dawkins","TEN","RB",2018
"986","00-0033066",1328,4.16301700024607e-05,0.0201866044910307,3.78456090931461e-06,"Andrew Billings","CIN","DL",2018
"987","00-0027762",194,3.91561742081702e-05,0.0213863415169286,3.55965220074275e-06,"Reshad Jones","MIA","DB",2018
"988","00-0033886",1602,3.58516066051367e-05,0.0210657869951909,3.25923696410334e-06,"T.J. Watt","PIT","LB",2018
"989","00-0033303",1402,3.1888709823124e-05,0.021963112672726,2.898973620284e-06,"Harrison Butker","KC","K",2018
"990","00-0032353",1073,2.95355034123316e-05,0.0208424342632983,2.68504576475742e-06,"Chris Milton","IND","DB",2018
"991","00-0023894",42,2.5066877387469e-05,0.0216826702961306,2.27880703522446e-06,"Donald Penn","OAK","OL",2018
"992","00-0034221",1724,1.92801437252922e-05,0.022684601918407,1.75274033866292e-06,"Roc Thomas","MIN","RB",2018
"993","00-0033662",1536,1.35988727245315e-05,0.0224917906640079,1.2362611567756e-06,"Cooper Rush","DAL","QB",2018
"994","00-0031015",673,1.50920258635434e-06,0.0209074963424701,1.37200235123122e-07,"Phillip Gaines","CLE","DB",2018
"995","00-0031878",934,-2.06952540008094e-06,0.0233181478881,-1.88138672734631e-07,"Robertson Daniel","BAL","DB",2018
"996","00-0033501",1462,-8.18136658448074e-06,0.0227493316827207,-7.43760598589158e-07,"Devaroe Lawrence","CLE","DL",2018
"997","00-0032780",1225,-1.39272134289975e-05,0.0210579004517085,-1.26611031172705e-06,"Jordan Howard","CHI","RB",2018
"998","00-0031588",876,-3.0534810342014e-05,0.0212450317835158,-2.775891849274e-06,"Stefon Diggs","MIN","WR",2018
"999","00-0026990",127,-3.4235034421063e-05,0.0209607232266434,-3.11227585646027e-06,"Malcolm Jenkins","PHI","DB",2018
"1000","00-0032488",1144,-3.81061232305733e-05,0.0214570543876358,-3.46419302096121e-06,"Mose Frazier","CAR","WR",2018
"1001","00-0032248",1061,-3.89958628110285e-05,0.0208410594636398,-3.54507843736623e-06,"Bryce Hager","LA","LB",2018
"1002","00-0034143",1700,-3.94640818599507e-05,0.0235933000795301,-3.58764380545006e-06,"Richard Jarvis","BUF","LB",2018
"1003","00-0034206",1721,-4.01973402842231e-05,0.021846251990703,-3.6543036622021e-06,"Quadree Henderson","NYG","WR",2018
"1004","00-0033466",1454,-4.02239910398227e-05,0.0223286058496613,-3.6567264581657e-06,"Isaiah McKenzie","BUF","WR",2018
"1005","00-0030387",551,-5.02890228036936e-05,0.0220804871860589,-4.57172934579032e-06,"Steven Means","ATL","DL",2018
"1006","00-0032799",1241,-5.10756556915583e-05,0.0231385440422386,-4.6432414265053e-06,"Aaron Wallace","DEN","LB",2018
"1007","00-0029714",463,-5.43718544834504e-05,0.0227080211822286,-4.94289586213186e-06,"Andrew DePaola","OAK","LS",2018
"1008","00-0032402",1102,-6.18787518222562e-05,0.022462759398356,-5.62534107475056e-06,"Hassan Ridgeway","IND","DL",2018
"1009","00-0033887",1603,-6.45635415716148e-05,0.020488421748006,-5.8694128701468e-06,"Reuben Foster","WAS","LB",2018
"1010","00-0033435",1439,-7.21197418735985e-05,0.0225861220460972,-6.55634017032714e-06,"Breon Borders","JAX","DB",2018
"1011","00-0033539",1481,-7.76451673930629e-05,0.0208524670803018,-7.05865158118754e-06,"Jarrad Davis","DET","LB",2018
"1012","00-0033520",1466,-8.24017842585503e-05,0.0229134564926415,-7.49107129623185e-06,"Jeremy Clark","NYJ","DB",2018
"1013","00-0034253",1726,-8.30151837539988e-05,0.0218438478254727,-7.54683488672717e-06,"Dontrell Hilliard","CLE","RB",2018
"1014","00-0033719",1546,-8.39843834987525e-05,0.0220323642132252,-7.63494395443205e-06,"Shane Smith","NYG","RB",2018
"1015","00-0033889",1605,-8.521146898465e-05,0.022620068410422,-7.74649718042273e-06,"Cam Robinson","JAX","OL",2018
"1016","00-0032859",1249,-9.62678857685126e-05,0.0216287323911724,-8.75162597895569e-06,"Destiny Vaeao","NYJ","DL",2018
"1017","00-0032759",1205,-9.68555619394171e-05,0.0212037253833168,-8.80505108540155e-06,"Sheldon Rankins","NO","DL",2018
"1018","00-0033581",1517,-9.89247941892614e-05,0.0221851556848365,-8.99316310811467e-06,"De'Angelo Henderson Sr.","NYJ","RB",2018
"1019","00-0034411",1828,-0.00010973784868626,0.0219069371299433,-9.97616806238728e-06,"Russell Gage","ATL","WR",2018
"1020","00-0034405",1824,-0.000110339463366212,0.0214997645766971,-1.00308603060193e-05,"Sam Jones","DEN","OL",2018
"1021","00-0034096",1690,-0.000111228418168994,0.0228663364563894,-1.01116743789995e-05,"Emmanuel Moseley","SF","DB",2018
"1022","00-0033876",1592,-0.000115095395458473,0.0214527721229464,-1.04632177689521e-05,"Derek Barnett","PHI","DL",2018
"1023","00-0032634",1178,-0.000121323735021651,0.022051189393478,-1.10294304565138e-05,"David Grinnage","JAX","TE",2018
"1024","00-0033122",1360,-0.000124326709664293,0.0210255422534904,-1.13024281512993e-05,"Shilique Calhoun","OAK","LB",2018
"1025","00-0033838",1572,-0.000130470583406037,0.0217437551719704,-1.18609621278216e-05,"Trey Edmunds","PIT","RB",2018
"1026","00-0033752",1552,-0.000134986786217073,0.0221151103163252,-1.22715260197339e-05,"Storm Norton","MIN","OL",2018
"1027","00-0033078",1334,-0.000147487548091769,0.0223126095366507,-1.34079589174335e-05,"Keenan Reynolds","SEA","WR",2018
"1028","00-0029061",340,-0.00015141206614611,0.0219277307160816,-1.376473328601e-05,"Julian Stanford","BUF","LB",2018
"1029","00-0031260",747,-0.000162471545248724,0.0210374877855952,-1.47701404771567e-05,"Logan Thomas","BUF","TE",2018
"1030","00-0034526",1875,-0.00016349818456052,0.0220555456915241,-1.48634713236836e-05,"C.J. Reavis","JAX","DB",2018
"1031","00-0033450",1445,-0.000165774317620091,0.022697033651714,-1.50703925109173e-05,"Xavier Woodson-Luster","CLE","LB",2018
"1032","00-0032423",1119,-0.00017310318716602,0.0225739955310006,-1.57366533787291e-05,"Trevor Davis","GB","WR",2018
"1033","00-0034275",1741,-0.000178530380440382,0.0213731107315171,-1.62300345854892e-05,"Foley Fatukasi","NYJ","DL",2018
"1034","00-0028177",301,-0.00018201416767849,0.0210805212274236,-1.65467425162263e-05,"Mike Person","SF","OL",2018
"1035","00-0031120",707,-0.000182290051427943,0.019963829560415,-1.65718228570858e-05,"Adarius Taylor","TB","LB",2018
"1036","00-0034780",1966,-0.000187183393701963,0.0211784657263039,-1.70166721547239e-05,"Isaac Yiadom","DEN","DB",2018
"1037","00-0016919",3,-0.000200711781032608,0.0225682057420385,-1.82465255484189e-05,"Adam Vinatieri","IND","K",2018
"1038","00-0032753",1203,-0.000202817648180672,0.0217321880244903,-1.84379680164247e-05,"Luke Rhodes","IND","LS",2018
"1039","00-0034102",1692,-0.000207005739676357,0.0223993228234707,-1.88187036069415e-05,"Timon Parris","WAS","OL",2018
"1040","00-0031615",888,-0.000219502741121568,0.0218969327743537,-1.99547946474152e-05,"Christian Ringo","CIN","DL",2018
"1041","00-0031884",935,-0.000224664992416409,0.0215559884781459,-2.04240902196735e-05,"Gabe Holmes","ARI","TE",2018
"1042","00-0028001",259,-0.000224905073324374,0.0221216347384477,-2.04459157567613e-05,"Marcus Gilbert","PIT","OL",2018
"1043","00-0034335",1763,-0.000226213461730454,0.0215740236057646,-2.0564860157314e-05,"Marcus Allen","PIT","DB",2018
"1044","00-0033675",1537,-0.000228383250526243,0.0219627035266269,-2.07621136842039e-05,"Dymonte Thomas","DEN","DB",2018
"1045","00-0033577",1513,-0.000238526493690556,0.0221593372084389,-2.16842266991414e-05,"Nate Gerry","PHI","LB",2018
"1046","00-0029205",360,-0.000249741985196444,0.0228266649004174,-2.27038168360404e-05,"Travaris Cadet","CAR","RB",2018
"1047","00-0032935",1273,-0.000250519440569497,0.0228919736184466,-2.2774494597227e-05,"Johnny Holton","OAK","WR",2018
"1048","00-0034581",1889,-0.000250971181331685,0.0215576910653145,-2.28155619392441e-05,"Taylor Hearn","CAR","OL",2018
"1049","00-0032584",1167,-0.000252364993010566,0.0222627501798693,-2.29422720918696e-05,"Nick Rose","LAC","K",2018
"1050","00-0032562",1159,-0.000252680678754056,0.0220103949283399,-2.29709707958233e-05,"Cole Wick","TEN","TE",2018
"1051","00-0027057",139,-0.000265686049416396,0.0215149992834452,-2.41532772196723e-05,"Brandon Tate","NO","WR",2018
"1052","00-0033447",1444,-0.00026787580747695,0.0218914297595722,-2.43523461342682e-05,"Ahmad Thomas","IND","LB",2018
"1053","00-0033138",1368,-0.000280146920817552,0.02160127419988,-2.54679018925047e-05,"Sam Ficken","LA","K",2018
"1054","00-0029621",428,-0.000285601136709964,0.0227866911397598,-2.59637397009058e-05,"Greg Zuerlein","LA","K",2018
"1055","00-0034728",1935,-0.000302828724273391,0.0209319081926573,-2.75298840248538e-05,"Jaire Alexander","GB","DB",2018
"1056","00-0032115",999,-0.00031028820427328,0.0218933072496725,-2.82080185702982e-05,"Kaelin Clay","NYG","WR",2018
"1057","00-0033242",1375,-0.000315891006062431,0.0230052111767554,-2.87173641874938e-05,"Jermaine Grace","ATL","LB",2018
"1058","00-0032730",1197,-0.000321102876087611,0.0212067362478194,-2.91911705534191e-05,"Eric Lee","DET","DL",2018
"1059","00-0034334",1762,-0.000332211985237777,0.0211951606321846,-3.02010895670707e-05,"Troy Apke","WAS","DB",2018
"1060","00-0031956",958,-0.000333424823107712,0.0211427425546848,-3.03113475552465e-05,"Anthony Chickillo","PIT","LB",2018
"1061","00-0034391",1814,-0.000349293467282805,0.0219635080320921,-3.17539515711641e-05,"Siran Neal","BUF","DB",2018
"1062","00-0033363",1417,-0.000361752009553865,0.0224322573278035,-3.28865463230787e-05,"David Rivers","TB","DB",2018
"1063","00-0028787",322,-0.000369778163109238,0.0216434069097857,-3.36161966462943e-05,"Kai Forbath","JAX","K",2018
"1064","00-0034827",1997,-0.000381935439653036,0.0203793251778489,-3.47214036048214e-05,"D.J. Moore","CAR","WR",2018
"1065","00-0025394",59,-0.000383899796748213,0.0210910846304951,-3.48999815225649e-05,"Adrian Peterson","WAS","RB",2018
"1066","00-0033131",1366,-0.000385199329961018,0.0223441260816815,-3.50181209055471e-05,"Maliek Collins","DAL","DL",2018
"1067","00-0027891",222,-0.000392254262585338,0.0202115223540482,-3.56594784168489e-05,"Golden Tate","PHI","WR",2018
"1068","00-0031484",834,-0.000394586066692357,0.0224194868647637,-3.58714606083961e-05,"Chris Manhertz","CAR","TE",2018
"1069","00-0032261",1067,-0.000400825652867425,0.0210352347685684,-3.64386957152205e-05,"Malcom Brown","NE","DL",2018
"1070","00-0033932",1644,-0.000412248441145114,0.0203231680663854,-3.74771310131921e-05,"Kenny Golladay","DET","WR",2018
"1071","00-0030463",578,-0.00042075534914404,0.0191711043015505,-3.82504862858219e-05,"A.J. Klein","NO","LB",2018
"1072","00-0034766",1954,-0.00042903135228963,0.0197686895115127,-3.90028502081482e-05,"Chris Herndon","NYJ","TE",2018
"1073","00-0030711",641,-0.000430114095680226,0.0223976967083802,-3.91012814254751e-05,"David Fluellen","TEN","RB",2018
"1074","00-0031156",716,-0.0004313101751516,0.0218948820460928,-3.92100159228728e-05,"Tyler Ott","SEA","LS",2018
"1075","00-0034752",1943,-0.000433676879929457,0.0217928011971154,-3.94251709026779e-05,"Orlando Brown","BAL","OL",2018
"1076","00-0029284",378,-0.000435156530349563,0.0204691105263111,-3.9559684577233e-05,"Mike Daniels","GB","DL",2018
"1077","00-0034362",1787,-0.000446358553328043,0.0204438201753934,-4.05780503025493e-05,"Rashaan Gaulden","CAR","DB",2018
"1078","00-0030566",615,-0.000449354726559229,0.0217749440420093,-4.08504296872027e-05,"D.J. Swearinger","ARI","DB",2018
"1079","00-0027965",244,-0.000455435487160217,0.0219106655977581,-4.14032261054743e-05,"Jimmy Smith","BAL","DB",2018
"1080","00-0033861",1582,-0.000456480396745987,0.0219890581528885,-4.14982178859988e-05,"Mike Tyson","HOU","DB",2018
"1081","00-0032791",1234,-0.000462269046554352,0.0213699248169599,-4.20244587776684e-05,"Jakeem Grant","MIA","WR",2018
"1082","00-0031255",742,-0.000466578633193674,0.0222303131362625,-4.24162393812431e-05,"Kasim Edebali","CIN","LB",2018
"1083","00-0034414",1830,-0.000470564730725424,0.0215624169240324,-4.27786118841295e-05,"Boston Scott","PHI","RB",2018
"1084","00-0033575",1511,-0.000472240856434414,0.0223021685156174,-4.29309869485831e-05,"Treston Decoud","DAL","DB",2018
"1085","00-0029268",373,-0.000473134682284675,0.0229204059331255,-4.30122438440614e-05,"Gino Gradkowski","DEN","OL",2018
"1086","00-0032566",1160,-0.000480288409618919,0.0213493651663155,-4.3662582692629e-05,"Trevon Coley","CLE","DL",2018
"1087","00-0034264",1733,-0.000481669971400865,0.0219194379944255,-4.37881792182605e-05,"Jalyn Holmes","MIN","DL",2018
"1088","00-0032701",1191,-0.000488528013192253,0.022476469246795,-4.44116375629321e-05,"Jake Brendel","MIA","OL",2018
"1089","00-0033299",1399,-0.000492950197520712,0.0221183247237937,-4.48136543200647e-05,"Derrick Jones","NYJ","DB",2018
"1090","00-0032776",1221,-0.000496573368262392,0.0205283566643442,-4.51430334783993e-05,"Deiondre' Hall","PHI","DB",2018
"1091","00-0034593",1893,-0.000499632030939811,0.0229295188891428,-4.5421093721801e-05,"Chris Lacy","DET","WR",2018
"1092","00-0030422",562,-0.00051803382405604,0.021913529839731,-4.70939840050945e-05,"Dion Sims","CHI","TE",2018
"1093","00-0031203",730,-0.000518681077842258,0.0219496519213446,-4.71528252583871e-05,"Cairo Santos","TB","K",2018
"1094","00-0034511",1867,-0.000530291121431696,0.0212811983304093,-4.82082837665179e-05,"Mike Love","BUF","DL",2018
"1095","00-0033955",1664,-0.000535602901430419,0.0232666119977633,-4.86911728573109e-05,"Jeremy McNichols","TEN","RB",2018
"1096","00-0030432",565,-0.000544603473788394,0.0222241811793066,-4.95094067080358e-05,"Christine Michael","IND","RB",2018
"1097","00-0033307",1405,-0.000564134218768045,0.0205444612105886,-5.12849289789132e-05,"Kendrick Bourne","SF","WR",2018
"1098","00-0033921",1635,-0.000570857979335572,0.0215122205134404,-5.18961799395974e-05,"Chris Godwin","TB","WR",2018
"1099","00-0034611",1896,-0.000577172136920941,0.0224453699557627,-5.24701942655401e-05,"Donnie Ernsberger","TB","TE",2018
"1100","00-0031336",782,-0.000579397713100664,0.0210890173460459,-5.26725193727876e-05,"Kony Ealy","OAK","DL",2018
"1101","00-0031868",931,-0.000589386362635498,0.0219962138931904,-5.35805784214089e-05,"Damiere Byrd","CAR","WR",2018
"1102","00-0030896",661,-0.000597314368939189,0.0212429317890276,-5.4301306267199e-05,"Chandler Catanzaro","CAR","K",2018
"1103","00-0030076",512,-0.000601555683477339,0.0217429041063871,-5.46868803161217e-05,"JC Tretter","CLE","OL",2018
"1104","00-0029273",376,-0.000603875497561435,0.0212529150977322,-5.4897772505585e-05,"Robert Turbin","IND","RB",2018
"1105","00-0032627",1175,-0.000604954863479101,0.0236056204882376,-5.49958966799183e-05,"James Burgess","MIA","LB",2018
"1106","00-0032518",1149,-0.000606823934975624,0.0216425361757814,-5.51658122705112e-05,"Justin Zimmer","ATL","DL",2018
"1107","00-0029600",420,-0.000609177534972104,0.0205645524761659,-5.53797759065549e-05,"Andre Branch","MIA","DL",2018
"1108","00-0031402",816,-0.000612680398574587,0.0207039399139336,-5.56982180522352e-05,"Zack Martin","DAL","OL",2018
"1109","00-0023177",24,-0.000625624469836276,0.0217264271079104,-5.68749518032978e-05,"Jon Condo","ATL","LS",2018
"1110","00-0032593",1169,-0.000660228690915568,0.0216130302189307,-6.00207900832335e-05,"Brandon Wilds","ARI","RB",2018
"1111","00-0029413",390,-0.000661119406416467,0.0221862538167247,-6.01017642196788e-05,"Ben Jones","TEN","OL",2018
"1112","00-0034720",1932,-0.000666937698036087,0.0222964834302044,-6.06306998214625e-05,"Robert Spillane","TEN","LB",2018
"1113","00-0032256",1064,-0.000677131625201321,0.0224976492283974,-6.15574204728473e-05,"Clive Walford","NYJ","TE",2018
"1114","00-0033944",1653,-0.000679302193018464,0.0204511614494698,-6.17547448198604e-05,"Ben Gedeon","MIN","LB",2018
"1115","00-0031191",728,-0.000682887266874042,0.0216102493569875,-6.20806606249129e-05,"Luke Bowanko","WAS","OL",2018
"1116","00-0025512",71,-0.000693983492470265,0.0202805983599927,-6.30894084063877e-05,"Jermon Bushrod","NO","OL",2018
"1117","00-0032371",1078,-0.000709973153124547,0.0219765723922615,-6.45430139204133e-05,"Rob Kelley","WAS","RB",2018
"1118","00-0034395",1816,-0.000710480393640572,0.022375365669185,-6.45891266945975e-05,"Daurice Fountain","IND","WR",2018
"1119","00-0034762",1950,-0.000718079819880974,0.0212384390790805,-6.52799836255431e-05,"Billy Price","CIN","OL",2018
"1120","00-0032550",1157,-0.000719132383826856,0.0225524407925265,-6.53756712569869e-05,"Alonzo Russell","NYG","WR",2018
"1121","00-0034686",1928,-0.000719750309842037,0.0214900322132772,-6.54318463492761e-05,"Auden Tate","CIN","WR",2018
"1122","00-0033460",1448,-0.000728534479828356,0.0216287194505666,-6.62304072571233e-05,"John Ross","CIN","WR",2018
"1123","00-0032787",1231,-0.00072950449470535,0.0219560211708603,-6.63185904277591e-05,"Cole Toner","LAC","OL",2018
"1124","00-0033046",1312,-0.000732903369233489,0.0224519179054481,-6.66275790212263e-05,"Jihad Ward","IND","DL",2018
"1125","00-0029893",480,-0.00073833892413914,0.0206230815020163,-6.71217203762855e-05,"Rick Wagner","DET","OL",2018
"1126","00-0034759",1948,-0.00074104614175908,0.0217427158302226,-6.73678310690073e-05,"Kolton Miller","OAK","OL",2018
"1127","00-0031897",937,-0.000751307494167281,0.0224723658838484,-6.83006812879346e-05,"Thomas Rawls","CIN","RB",2018
"1128","00-0033471",1458,-0.000753840616762311,0.0214993852679429,-6.85309651602101e-05,"Isaiah Ford","MIA","WR",2018
"1129","00-0034657",1910,-0.000755368649418735,0.022458635348834,-6.8669877219885e-05,"Matt Dickerson","TEN","DL",2018
"1130","00-0033579",1515,-0.000755973846981674,0.0207191211482524,-6.87248951801522e-05,"Xavier Woods","DAL","DB",2018
"1131","00-0033305",1403,-0.000756136989387805,0.0231120788063766,-6.87397263079823e-05,"Malachi Dupre","ARI","WR",2018
"1132","00-0032204",1039,-0.000769735216995805,0.0216714919757282,-6.99759288178004e-05,"Chaz Green","OAK","OL",2018
"1133","00-0027081",142,-0.000771531272298354,0.0210269869420798,-7.01392065725776e-05,"Glover Quin","DET","DB",2018
"1134","00-0032827",1248,-0.000776234463064632,0.0220734798230244,-7.0566769369512e-05,"Leonard Wester","TB","OL",2018
"1135","00-0029901",482,-0.000779095147613181,0.0203510030708354,-7.08268316011982e-05,"Rashaan Melvin","OAK","DB",2018
"1136","00-0032144",1015,-0.000787620618699793,0.0211018851357979,-7.16018744272539e-05,"Melvin Gordon","LAC","RB",2018
"1137","00-0034776",1962,-0.000798134084501878,0.0220193764365575,-7.25576440456252e-05,"Kyle Wilson","LAC","LB",2018
"1138","00-0032466",1137,-0.000798385132029824,0.0212117495042644,-7.25804665481658e-05,"George Fant","SEA","OL",2018
"1139","00-0033317",1407,-0.000800258744734058,0.0204850618854197,-7.27507949758235e-05,"Erik Magnuson","SF","OL",2018
"1140","00-0031731",908,-0.000801042380678816,0.0210439175317999,-7.2822034607165e-05,"Corey Grant","JAX","RB",2018
"1141","00-0034710",1930,-0.000803329939852295,0.0223408913515384,-7.30299945320268e-05,"Darvin Kidsy","WAS","WR",2018
"1142","00-0034446",1845,-0.000806431565549405,0.0213492517856007,-7.33119605044914e-05,"Jalen Davis","MIA","DB",2018
"1143","00-0033430",1437,-0.000812627236626703,0.0213494693366766,-7.38752033297003e-05,"Greg Mabin","SF","DB",2018
"1144","00-0033048",1314,-0.000816418100583364,0.0209664518875235,-7.42198273257604e-05,"Kavon Frazier","DAL","DB",2018
"1145","00-0034684",1927,-0.00081682210752964,0.020860418274247,-7.42565552299673e-05,"Johnny Townsend","OAK","P",2018
"1146","00-0033464",1452,-0.000826917693793323,0.0209572698590327,-7.5174335799393e-05,"Jehu Chesson","WAS","WR",2018
"1147","00-0028394",312,-0.000827116276599455,0.0218531370631447,-7.51923887817686e-05,"Jake McQuaide","LA","LS",2018
"1148","00-0033874",1590,-0.000839114720570095,0.0217422523623792,-7.62831564154632e-05,"Marshon Lattimore","NO","DB",2018
"1149","00-0030652",631,-0.000842973649626686,0.0210975504081479,-7.66339681478806e-05,"Josh Walker","JAX","OL",2018
"1150","00-0030578",621,-0.000848673321480709,0.0215994051470735,-7.71521201346099e-05,"Cordarrelle Patterson","NE","WR",2018
"1151","00-0028581",317,-0.000851401318577137,0.0211395045099547,-7.74001198706488e-05,"Patrick DiMarco","BUF","RB",2018
"1152","00-0030694",638,-0.000854040395065135,0.0208313507917446,-7.76400359150123e-05,"James Hurst","BAL","OL",2018
"1153","00-0033474",1459,-0.000860670725985964,0.0224744130918497,-7.82427932714513e-05,"Gehrig Dieter","KC","WR",2018
"1154","00-0034164",1707,-0.000861898880261782,0.021366185559497,-7.8354443660162e-05,"Trenton Cannon","NYJ","RB",2018
"1155","00-0033879",1595,-0.000864068367502007,0.0216134681762411,-7.85516697729097e-05,"O.J. Howard","TB","TE",2018
"1156","00-0029289",380,-0.000867670390690135,0.0213960164583643,-7.88791264263759e-05,"Korey Toomer","GB","LB",2018
"1157","00-0033505",1464,-0.000878712479857698,0.0221785233492633,-7.98829527143361e-05,"Cameron Tom","NO","OL",2018
"1158","00-0033557",1497,-0.000880671631402925,0.0216529154923847,-8.00610574002659e-05,"Jalen Reeves-Maybin","DET","LB",2018
"1159","00-0027947",231,-0.000886214336589384,0.0218777575139814,-8.05649396899439e-05,"Tyron Smith","DAL","OL",2018
"1160","00-0029087",344,-0.000919211249743018,0.0220525475940823,-8.35646590675471e-05,"Leonard Johnson","ARI","DB",2018
"1161","00-0034509",1865,-0.000922961588429267,0.0218397775901759,-8.39055989481152e-05,"Keith Ford","BUF","RB",2018
"1162","00-0034179",1713,-0.000929688437053965,0.0227294361558927,-8.45171306412696e-05,"Raven Greene","GB","DB",2018
"1163","00-0034795",1976,-0.000931898290349908,0.0222279463554312,-8.47180263954461e-05,"Garrett Dickerson","NYG","TE",2018
"1164","00-0034745",1938,-0.000947709150699095,0.0208336364947192,-8.61553773362814e-05,"Tracy Walker","DET","DB",2018
"1165","00-0030871",658,-0.000949874563197536,0.0222757741158302,-8.63522330179578e-05,"Garrison Smith","MIA","DL",2018
"1166","00-0034186",1716,-0.00095891375317398,0.0222828967917345,-8.71739775612709e-05,"Alex Light","GB","OL",2018
"1167","00-0034565",1885,-0.000959136080123673,0.0224102557180313,-8.71941891021521e-05,"Detrez Newsome","LAC","RB",2018
"1168","00-0034876",2026,-0.000960471466366375,0.0198039675263475,-8.73155878514887e-05,"Christopher Ezeala","BAL","RB",2018
"1169","00-0033704",1545,-0.000962118788593943,0.0225685075248568,-8.74653444176312e-05,"James Onwualu","SF","LB",2018
"1170","00-0032867",1251,-0.000963776755526176,0.0219710571682548,-8.76160686841979e-05,"Tyler Marz","TEN","OL",2018
"1171","00-0032543",1155,-0.000966981161917948,0.0202626479894366,-8.79073783561771e-05,"Alex Erickson","CIN","WR",2018
"1172","00-0034867",2023,-0.000970188744040875,0.0215516313825694,-8.81989767309887e-05,"Malik Turner","SEA","WR",2018
"1173","00-0033566",1503,-0.000972183673507991,0.0208138277694351,-8.83803339552719e-05,"Desmond King","LAC","DB",2018
"1174","00-0026197",91,-0.00097550382832971,0.0221489715246802,-8.86821662117918e-05,"Chad Henne","KC","QB",2018
"1175","00-0033415",1433,-0.000979785657046821,0.0216046069312494,-8.90714233678928e-05,"Maurice Smith","MIA","DB",2018
"1176","00-0032215",1045,-0.000981253577042386,0.0208632964208752,-8.92048706402169e-05,"Damien Wilson","DAL","LB",2018
"1177","00-0031904",939,-0.000983076073343939,0.0204169787742262,-8.93705521221763e-05,"Bryce Callahan","CHI","DB",2018
"1178","00-0030020",492,-0.000989753669587073,0.0223968318383075,-8.99776063260975e-05,"Brynden Trawick","TEN","DB",2018
"1179","00-0033306",1404,-0.000999513098614263,0.0223092491049262,-9.08648271467512e-05,"Victor Bolden","BUF","WR",2018
"1180","00-0031335",781,-0.00102005742597731,0.0220167553899075,-9.27324932706644e-05,"Cyrus Kouandjio","DEN","OL",2018
"1181","00-0032649",1182,-0.00102392083613821,0.0226320568171988,-9.3083712376201e-05,"Brian Price","CLE","DL",2018
"1182","00-0033222",1374,-0.00103355238393819,0.0214881226726253,-9.39593076307445e-05,"Deante Burton","HOU","DB",2018
"1183","00-0033969",1672,-0.00103445906020271,0.0227807764032844,-9.4041732745701e-05,"Ifeadi Odenigbo","MIN","DL",2018
"1184","00-0034887",2028,-0.00104115509517235,0.0220642773412508,-9.46504631974861e-05,"A.J. Johnson","DEN","LB",2018
"1185","00-0034415",1831,-0.00104425422932389,0.0220190693582602,-9.49322026658079e-05,"Jack Cichy","TB","LB",2018
"1186","00-0030541",603,-0.00104605490527613,0.0221829122125372,-9.50959004796479e-05,"Blidi Wreh-Wilson","ATL","DB",2018
"1187","00-0032134",1008,-0.00105470539302451,0.021483335368291,-9.58823084567735e-05,"C.J. Uzomah","CIN","TE",2018
"1188","00-0031574",867,-0.00105664572903943,0.0220872516350698,-9.60587026399485e-05,"Gabe Wright","OAK","DL",2018
"1189","00-0030380",546,-0.00107107465192249,0.0214308103574695,-9.73704229020442e-05,"Benson Mayowa","ARI","DL",2018
"1190","00-0033765",1555,-0.00107258132749278,0.0212280555483264,-9.75073934084345e-05,"Dylan Cole","HOU","LB",2018
"1191","00-0023441",30,-0.00107760932171404,0.021857833098837,-9.79644837921858e-05,"Adam Jones","DEN","DB",2018
"1192","00-0031389",812,-0.00107946194371918,0.0204749142451122,-9.81329039744708e-05,"Lamarcus Joyner","LA","DB",2018
"1193","00-0030821",652,-0.00109993394078886,0.0206859605064848,-9.99939946171695e-05,"Allen Hurns","DAL","WR",2018
"1194","00-0026944",120,-0.00110795312084269,0.0197726408780862,-0.0001007230109857,"Captain Munnerlyn","CAR","DB",2018
"1195","00-0027103",143,-0.00111375259237427,0.0218619483383281,-0.000101250235670389,"Kevin Huber","CIN","P",2018
"1196","00-0032964",1287,-0.00111467247113925,0.0214625675287214,-0.000101333861012659,"Byron Marshall","WAS","RB",2018
"1197","00-0032934",1272,-0.00112700362517171,0.0221482929389193,-0.00010245487501561,"Tony McRae","CIN","DB",2018
"1198","00-0027868",212,-0.00113284185150227,0.020602082106962,-0.000102985622863842,"Derrick Morgan","TEN","LB",2018
"1199","00-0031594",879,-0.00114775144260154,0.0226486350331193,-0.000104341040236503,"Tony Lippett","NYG","DB",2018
"1200","00-0031556",854,-0.00115304085873824,0.0220024821901859,-0.000104821896248931,"Nate Orchard","KC","DL",2018
"1201","00-0034263",1732,-0.00115825921250781,0.0210075268539912,-0.000105296292046164,"Tarvarius Moore","SF","DB",2018
"1202","00-0032617",1173,-0.00116263584007981,0.0204765226102396,-0.000105694167279983,"Lafayette Pitts","BUF","DB",2018
"1203","00-0032864",1250,-0.00117439809317617,0.0228284027331389,-0.000106763463016015,"Alex Ellis","KC","TE",2018
"1204","00-0033676",1538,-0.00117973394184881,0.0212051755350935,-0.000107248540168073,"Elijah Wilkinson","DEN","OL",2018
"1205","00-0032378",1079,-0.00118466117466632,0.0206986699295979,-0.000107696470424211,"DeForest Buckner","SF","DL",2018
"1206","00-0029647",437,-0.00118838021754843,0.021477406432244,-0.000108034565231675,"Kyle Wilber","OAK","LB",2018
"1207","00-0030829",654,-0.00118991543500254,0.0221357011366552,-0.000108174130454776,"Josh Wells","JAX","OL",2018
"1208","00-0032450",1133,-0.00120223872154654,0.0208565281212678,-0.000109294429231504,"Dwayne Washington","NO","RB",2018
"1209","00-0030160",529,-0.00120279442826692,0.0218955936158444,-0.000109344948024265,"Josh Martin","NYJ","LB",2018
"1210","00-0031626",891,-0.00121425992657557,0.0223422700282246,-0.000110387266052324,"Brian Mihalik","NYG","OL",2018
"1211","00-0031350",790,-0.00121624563037218,0.0228026874971589,-0.000110567784579289,"Corey Nelson","ATL","LB",2018
"1212","00-0034816",1990,-0.00121851980016147,0.0212027620842397,-0.000110774527287407,"Ronald Jones","TB","RB",2018
"1213","00-0031264",751,-0.00122327349659577,0.0211033678882055,-0.000111206681508707,"Chris Smith","CLE","DL",2018
"1214","00-0027124",145,-0.0012291100269179,0.0227113737187359,-0.000111737275174354,"Don Carey","DET","DB",2018
"1215","00-0030460",577,-0.0012300385602138,0.0220799872941545,-0.000111821687292163,"Markus Wheaton","PHI","WR",2018
"1216","00-0031999",967,-0.00123054208613681,0.0212138203634622,-0.000111867462376074,"Justin March-Lillard","DAL","LB",2018
"1217","00-0031462",833,-0.00123769264412869,0.0213461807069728,-0.000112517513102608,"Jerome Cunningham","DET","TE",2018
"1218","00-0031039",681,-0.00124125576953357,0.0219552376514202,-0.000112841433593961,"James Ferentz","NE","OL",2018
"1219","00-0032778",1223,-0.00124848358947834,0.020984116875831,-0.000113498508134395,"Tajae Sharpe","TEN","WR",2018
"1220","00-0034402",1822,-0.00125900102395621,0.0216111096827054,-0.000114454638541473,"Duke Ejiofor","HOU","LB",2018
"1221","00-0034261",1730,-0.00127373891508191,0.0221391612893601,-0.000115794446825628,"Austin Corbett","CLE","OL",2018
"1222","00-0034516",1871,-0.00127558738912486,0.0220522780714736,-0.000115962489920442,"Tre Herndon","JAX","DB",2018
"1223","00-0030590",624,-0.00127712740612008,0.0223361326467731,-0.000116102491465461,"Jonathan Cooper","WAS","OL",2018
"1224","00-0031395",815,-0.00128535969659877,0.0219847914050079,-0.000116850881508979,"Garrett Gilbert","CAR","QB",2018
"1225","00-0033546",1488,-0.00128554871472879,0.0220663495606775,-0.000116868064975344,"Dalvin Tomlinson","NYG","DL",2018
"1226","00-0029285",379,-0.00128856219320743,0.019662112666663,-0.000117142017564312,"Josh Norman","WAS","DB",2018
"1227","00-0031957",959,-0.0012967943300893,0.0222427784307992,-0.000117890393644482,"Rakeem Nunez-Roches","TB","DL",2018
"1228","00-0029992",489,-0.00130304889498683,0.0221171830957728,-0.000118458990453348,"Josh Kline","TEN","OL",2018
"1229","00-0027002",130,-0.0013033963182256,0.0205943801662819,-0.000118490574384146,"Clay Matthews","GB","LB",2018
"1230","00-0033481",1460,-0.00131133640302327,0.0219665337063538,-0.000119212400274842,"Marcus Kemp","KC","WR",2018
"1231","00-0034532",1877,-0.00132193700485211,0.0213443471102052,-0.000120176091350192,"Jordan Franks","CIN","RB",2018
"1232","00-0029955",485,-0.00132619862743144,0.0206966284923711,-0.000120563511584676,"LaRoy Reynolds","PHI","LB",2018
"1233","00-0034317",1757,-0.00132929335994593,0.0218062955726855,-0.000120844850904175,"Keith Kirkwood","NO","WR",2018
"1234","00-0029255",368,-0.00132985094904937,0.0208367608213433,-0.00012089554082267,"Bobby Wagner","SEA","LB",2018
"1235","00-0034160",1703,-0.00134341308747552,0.0219689948661612,-0.000122128462497775,"Michael Dickson","SEA","P",2018
"1236","00-0033049",1315,-0.00135327043755738,0.0226496164911649,-0.000123024585232489,"Darius Jackson","DAL","RB",2018
"1237","00-0034770",1957,-0.00136664901515835,0.0220491925211082,-0.00012424081955985,"Chad Thomas","CLE","DL",2018
"1238","00-0033592",1522,-0.00137563833214494,0.02235502197937,-0.000125058030194994,"Kyle Fuller","WAS","OL",2018
"1239","00-0030573",617,-0.00137759678217283,0.0206571563631871,-0.000125236071106621,"Sheldon Richardson","MIN","DL",2018
"1240","00-0031561",858,-0.00140122378127527,0.0219542159994911,-0.000127383980115933,"Hroniss Grasu","MIA","OL",2018
"1241","00-0033696",1541,-0.00140537953864633,0.0218864734879165,-0.000127761776240575,"Sean Culkin","LAC","TE",2018
"1242","00-0034319",1758,-0.00140948427502427,0.0229740529782809,-0.000128134934093115,"Deon Yelder","KC","TE",2018
"1243","00-0030420",560,-0.00141346263444055,0.0200424055207163,-0.000128496603130959,"David Amerson","ARI","DB",2018
"1244","00-0030089",515,-0.00141928630272978,0.0210478840305894,-0.000129026027520889,"Luke Willson","DET","TE",2018
"1245","00-0034101",1691,-0.00142015735746992,0.0224898479651214,-0.000129105214315447,"Matt Flanagan","WAS","TE",2018
"1246","00-0034203",1719,-0.0014275475287393,0.0221510513056732,-0.000129777048067209,"Darious Williams","LA","DB",2018
"1247","00-0025630",74,-0.00143380719649512,0.0216846797102388,-0.000130346108772284,"Clark Harris","CIN","LS",2018
"1248","00-0032688",1189,-0.00143517362397031,0.0206523796446398,-0.000130470329451846,"Robby Anderson","NYJ","WR",2018
"1249","00-0031412",823,-0.00143833835829933,0.021073315299671,-0.000130758032572666,"Stephon Tuitt","PIT","DL",2018
"1250","00-0030761",646,-0.00143837335114556,0.0218550791698521,-0.000130761213740505,"Joe Thomas","DAL","LB",2018
"1251","00-0034365",1790,-0.00146505811695969,0.0205973237087656,-0.00013318710154179,"Ian Thomas","CAR","TE",2018
"1252","00-0033700",1544,-0.00146763990717278,0.0220478472015299,-0.00013342180974298,"Nigel Harris","TEN","LB",2018
"1253","00-0034817",1991,-0.00147301892870788,0.022041543991377,-0.000133910811700716,"Geron Christian","WAS","OL",2018
"1254","00-0032955",1283,-0.00148209777623284,0.0206671360850031,-0.000134736161475712,"Kyler Fackrell","GB","LB",2018
"1255","00-0028008",263,-0.00149151871221562,0.0210106056920459,-0.00013559261020142,"Justin Houston","KC","LB",2018
"1256","00-0024334",53,-0.00150014771537705,0.0230876668810589,-0.000136377065034277,"Brandon Marshall","NO","WR",2018
"1257","00-0031393",813,-0.00151580040175307,0.0216850242533085,-0.000137800036523007,"Maurice Alexander","SEA","DB",2018
"1258","00-0033907",1623,-0.00151705259013871,0.0214100039791925,-0.000137913871830792,"Dawuane Smoot","JAX","DL",2018
"1259","00-0029627",429,-0.00151840092450088,0.0198583705123077,-0.000138036447681898,"Jack Crawford","ATL","DL",2018
"1260","00-0031764",913,-0.00152835562373565,0.0217630246747775,-0.000138941420339605,"Blaine Clausell","ARI","OL",2018
"1261","00-0030899",662,-0.00153265567602315,0.0210842092601978,-0.000139332334183923,"Garry Gilliam","SF","OL",2018
"1262","00-0033387",1426,-0.00153325679667102,0.0219633045150125,-0.000139386981515547,"Jacob Hollister","NE","TE",2018
"1263","00-0033992",1676,-0.00153989905066713,0.0218764901486667,-0.000139990822787921,"Lance Lenoir","DAL","WR",2018
"1264","00-0033841",1574,-0.00154495277132734,0.0208808801998035,-0.000140450251938849,"Blair Brown","JAX","LB",2018
"1265","00-0004091",2,-0.00155506687138115,0.0215653121813336,-0.000141369715580105,"Phil Dawson","ARI","K",2018
"1266","00-0031254",741,-0.00156181507915492,0.0204743127354585,-0.000141983189014084,"Denico Autry","IND","DL",2018
"1267","00-0031959",961,-0.00157684090658218,0.020346176256925,-0.000143349173325653,"Marcus Murphy","BUF","RB",2018
"1268","00-0027440",162,-0.00157969459300551,0.0215856717427724,-0.000143608599364138,"Sam Shields","LA","DB",2018
"1269","00-0029418",392,-0.00159267834731921,0.0213425285102822,-0.000144788940665383,"Najee Goode","IND","LB",2018
"1270","00-0033490",1461,-0.00160729156108246,0.0222394968793629,-0.00014611741464386,"Ben Braden","NYJ","OL",2018
"1271","00-0033963",1669,-0.00162275997209383,0.0218435883962344,-0.000147523633826711,"Tanzel Smart","LA","DL",2018
"1272","00-0031426",828,-0.0016292724166463,0.0213541787354683,-0.000148115674240573,"Joel Bitonio","CLE","OL",2018
"1273","00-0032366",1077,-0.00163386969527216,0.0208982435789214,-0.000148533608661105,"Tyler Matakevich","PIT","LB",2018
"1274","00-0030427",563,-0.00163435309862683,0.0214247567096893,-0.000148577554420621,"Kemal Ishmael","ATL","DB",2018
"1275","00-0032408",1107,-0.00166269201004219,0.0216474717704615,-0.000151153819094745,"Blake Martinez","GB","LB",2018
"1276","00-0032677",1188,-0.00167528123974711,0.0209087801329794,-0.000152298294522464,"Cory Littleton","LA","LB",2018
"1277","00-0022787",16,-0.00169575991202268,0.0232672766213946,-0.000154159992002062,"Matt Schaub","ATL","QB",2018
"1278","00-0034808",1986,-0.00169882365544697,0.021519760843032,-0.000154438514131542,"John Kelly","LA","RB",2018
"1279","00-0032154",1022,-0.00171071369438069,0.0229762699163065,-0.000155519426761881,"Michael Bennett","ATL","DL",2018
"1280","00-0026213",93,-0.0017141998862118,0.0222579064826435,-0.000155836353291982,"Jamaal Charles","JAX","RB",2018
"1281","00-0033290",1391,-0.00171433187253894,0.0222414741723689,-0.000155848352048995,"Jermaine Eluemunor","BAL","OL",2018
"1282","00-0033373",1418,-0.00171809401996388,0.0214307154631063,-0.000156190365451262,"Taquan Mizzell","CHI","RB",2018
"1283","00-0033541",1483,-0.00171895566220055,0.0216370781498217,-0.000156268696563687,"Taco Charlton","DAL","DL",2018
"1284","00-0029794",469,-0.00172299460951716,0.0213335193119771,-0.000156635873592469,"Daren Bates","TEN","LB",2018
"1285","00-0032043",971,-0.00173433717492154,0.0211541865904162,-0.000157667015901959,"Quinton Spain","TEN","OL",2018
"1286","00-0031189",727,-0.00173836441300258,0.0213841684007268,-0.00015803312845478,"T.J. Jones","DET","WR",2018
"1287","00-0027539",165,-0.00174159707464962,0.0203188416251819,-0.000158327006786329,"Anthony Levine","BAL","DB",2018
"1288","00-0027560",168,-0.00174577764999867,0.0220348635483273,-0.000158707059090788,"Albert McClellan","NE","LB",2018
"1289","00-0032540",1154,-0.00176318505344073,0.0223068775695766,-0.000160289550312794,"Tra Carson","GB","RB",2018
"1290","00-0028872",326,-0.00176892580507035,0.021666473352645,-0.000160811436824577,"Johnny Hekker","LA","P",2018
"1291","00-0034539",1879,-0.00177039327645682,0.0220517012560914,-0.000160944843314256,"Corey Thompson","BUF","LB",2018
"1292","00-0029568",410,-0.00177466548098226,0.0214743652248286,-0.000161333225543842,"Malik Jackson","JAX","DL",2018
"1293","00-0033095",1343,-0.00177642966849687,0.0212454757411106,-0.000161493606226988,"Garrett Griffin","NO","TE",2018
"1294","00-0030504",587,-0.00177956754020579,0.0217116990061793,-0.000161778867291435,"Earl Watford","CLE","OL",2018
"1295","00-0033295",1395,-0.00179313917356773,0.0215265543643968,-0.000163012652142521,"Elijah McGuire","NYJ","RB",2018
"1296","00-0034454",1848,-0.00179463292805623,0.021470708489489,-0.000163148448005111,"Jamiyus Pittman","MIA","DL",2018
"1297","00-0033962",1668,-0.00179490727571944,0.0222728250987863,-0.000163173388701767,"Caleb Brantley","WAS","DL",2018
"1298","00-0027812",199,-0.00180039909588826,0.0216579000425415,-0.000163672645080751,"Dekoda Watson","SF","LB",2018
"1299","00-0032452",1134,-0.00181287902628004,0.0209172634323036,-0.000164807184207276,"Trevor Bates","DET","LB",2018
"1300","00-0031348",788,-0.00181335022834992,0.0200768069126817,-0.000164850020759083,"Anthony Hitchens","KC","LB",2018
"1301","00-0034357",1783,-0.00182283043517587,0.0207399468905724,-0.000165711857743261,"Isaiah Oliver","ATL","DB",2018
"1302","00-0030523",597,-0.00182378886659293,0.0221376725557803,-0.000165798987872085,"Kayvon Webster","HOU","DB",2018
"1303","00-0034799",1980,-0.00183552415949399,0.0210771474606345,-0.000166865832681272,"Kalen Ballage","MIA","RB",2018
"1304","00-0032741",1199,-0.00183588236077726,0.0213771624060274,-0.000166898396434296,"Peyton Barber","TB","RB",2018
"1305","00-0024243",49,-0.00184235310948668,0.0203867972031857,-0.00016748664631697,"Marcedes Lewis","GB","TE",2018
"1306","00-0034073",1684,-0.00185014438711827,0.0222518359493161,-0.000168194944283479,"Ross Dwelley","SF","TE",2018
"1307","00-0029419",393,-0.00185404357623484,0.0216241484551836,-0.000168549416021349,"Dennis Kelly","TEN","OL",2018
"1308","00-0028660",318,-0.00185475671404525,0.0218122238096707,-0.000168614246731387,"Dan Bailey","MIN","K",2018
"1309","00-0032195",1033,-0.0018669128058579,0.0205539487999617,-0.000169719345987082,"Ronald Darby","PHI","DB",2018
"1310","00-0031288",762,-0.00186740489239886,0.0224748246853996,-0.000169764081127169,"AJ McCarron","OAK","QB",2018
"1311","00-0034573",1887,-0.00187331886819103,0.0219410775074454,-0.000170301715290094,"Charvarius Ward","KC","DB",2018
"1312","00-0034754",1945,-0.00187686256961129,0.020215097432281,-0.000170623869964662,"Oren Burks","GB","LB",2018
"1313","00-0034881",2027,-0.0018842889773993,0.0221915466861701,-0.000171298997945391,"James Crawford","GB","LB",2018
"1314","00-0026300",99,-0.00188958472626327,0.0219093715773142,-0.000171780429660297,"Josh Johnson","WAS","QB",2018
"1315","00-0032419",1116,-0.00189037874473068,0.0211207976815181,-0.000171852613157334,"Joe Haeg","IND","OL",2018
"1316","00-0028041",274,-0.00189286010615009,0.022582694750344,-0.00017207819146819,"Sam Acho","CHI","LB",2018
"1317","00-0028006",262,-0.00189613651173217,0.0211198188017195,-0.000172376046521106,"Kelvin Sheppard","DET","LB",2018
"1318","00-0034427",1837,-0.00189788747132213,0.0220055341078642,-0.000172535224665648,"David Williams","JAX","RB",2018
"1319","00-0032106",994,-0.00190072290859134,0.0227173278433732,-0.000172792991690122,"Craig Mager","DEN","DB",2018
"1320","00-0033375",1420,-0.00191200077531748,0.0210839366022484,-0.000173818252301589,"Tim Patrick","DEN","WR",2018
"1321","00-0033538",1480,-0.00191837905202035,0.0206427473617702,-0.000174398095638213,"Garett Bolles","DEN","OL",2018
"1322","00-0034408",1826,-0.00192773213559126,0.0226258606908799,-0.000175248375962842,"Kam Moore","NYG","DB",2018
"1323","00-0032954",1282,-0.00192775534329426,0.0206331581124102,-0.000175250485754024,"Isaac Seumalo","PHI","OL",2018
"1324","00-0033947",1656,-0.00194492409113314,0.0212088679429111,-0.000176811281012104,"Deatrich Wise","NE","DL",2018
"1325","00-0031081",699,-0.0019458485631604,0.0223109874563441,-0.000176895323923673,"Zach Moore","ARI","DL",2018
"1326","00-0030629",628,-0.00194788112986037,0.0222618460876665,-0.000177080102714579,"Jeremy Vujnovich","ARI","OL",2018
"1327","00-0032424",1120,-0.00195428572425125,0.0209403664705106,-0.000177662338568295,"D.J. Reader","HOU","DL",2018
"1328","00-0023448",31,-0.00195980450019301,0.0212912163692076,-0.000178164045472092,"Thomas Davis","CAR","LB",2018
"1329","00-0034512",1868,-0.00196496814292872,0.0211704949841869,-0.000178633467538975,"Cam Phillips","BUF","WR",2018
"1330","00-0031782",915,-0.00198613512751249,0.0227269089404003,-0.000180557738864771,"Eli Rogers","PIT","WR",2018
"1331","00-0033862",1583,-0.00200499996940795,0.021685435221782,-0.000182272724491632,"Zane Gonzalez","ARI","K",2018
"1332","00-0031241",738,-0.00200726917236213,0.0215084613269565,-0.000182479015669284,"Devon Kennard","DET","LB",2018
"1333","00-0033897",1613,-0.00202327740257597,0.021036778511012,-0.000183934309325088,"Joe Mixon","CIN","RB",2018
"1334","00-0031017",674,-0.002036161318009,0.0214212012525261,-0.000185105574364455,"Dakota Dozier","NYJ","OL",2018
"1335","00-0033693",1540,-0.00204106539170221,0.0215019077171565,-0.000185551399245655,"Carroll Phillips","IND","DL",2018
"1336","00-0031052",688,-0.00204918084252809,0.0213465560043312,-0.000186289167502554,"Bashaud Breeland","GB","DB",2018
"1337","00-0031364",798,-0.00205991241147034,0.0214295589541663,-0.000187264764679122,"Jadeveon Clowney","HOU","DL",2018
"1338","00-0031940",950,-0.00206221472031752,0.0215040051789844,-0.000187474065483411,"Geneo Grissom","IND","DL",2018
"1339","00-0032411",1110,-0.00207183332309017,0.0218748715029072,-0.000188348483917288,"Kenneth Dixon","BAL","RB",2018
"1340","00-0033901",1617,-0.00209749431568852,0.0217922875197396,-0.000190681301426229,"Ethan Pocic","SEA","OL",2018
"1341","00-0028022",266,-0.00209986208935261,0.0205349238467918,-0.00019089655357751,"Mason Foster","WAS","LB",2018
"1342","00-0030411",557,-0.00211031911564211,0.02123023911869,-0.000191847192331101,"Logan Ryan","TEN","DB",2018
"1343","00-0029422",395,-0.00211849206250876,0.0233749240075846,-0.000192590187500796,"Keith Tandy","ATL","DB",2018
"1344","00-0031261",748,-0.00213901487589398,0.0201303639279584,-0.000194455897808543,"Tre Boston","ARI","DB",2018
"1345","00-0034201",1718,-0.00214645805377159,0.021666353899311,-0.000195132550342871,"De'Lance Turner","BAL","RB",2018
"1346","00-0022824",18,-0.00214791984425397,0.0226689127142823,-0.000195265440386725,"Andy Lee","ARI","P",2018
"1347","00-0034488",1857,-0.00214819987625851,0.0208172368841418,-0.000195290897841683,"Tavierre Thomas","CLE","DB",2018
"1348","00-0031297",765,-0.00215464478931252,0.0210344892685049,-0.000195876799028411,"Dee Ford","KC","DL",2018
"1349","00-0033540",1482,-0.00215563755882778,0.0219310265622196,-0.000195967050802525,"Takkarist McKinley","ATL","DL",2018
"1350","00-0031779",914,-0.00216016999832995,0.0212615061972297,-0.000196379090757268,"B.J. Finney","PIT","OL",2018
"1351","00-0030957",667,-0.00216711775695885,0.0222558273665028,-0.000197010705178078,"Casey Kreiter","DEN","LS",2018
"1352","00-0033892",1608,-0.00218466640999334,0.0214418336910095,-0.000198606037272122,"Marcus Maye","NYJ","DB",2018
"1353","00-0024221",46,-0.00218612988386304,0.0200460632566962,-0.000198739080351186,"Vernon Davis","WAS","TE",2018
"1354","00-0034054",1680,-0.00219062187999504,0.0212138828717689,-0.000199147443635913,"River Cracraft","DEN","WR",2018
"1355","00-0028986",335,-0.00219163039844086,0.0210314282992414,-0.000199239127130987,"Case Keenum","DEN","QB",2018
"1356","00-0031403",817,-0.00220201118817686,0.0220767557337994,-0.000200182835288806,"Jay Bromley","NO","DL",2018
"1357","00-0031414",824,-0.00221510766695254,0.0225513318526135,-0.000201373424268413,"Dexter McDougle","PHI","DB",2018
"1358","00-0027061",140,-0.00221699969413746,0.0211867958368369,-0.000201545426739769,"Jared Cook","OAK","TE",2018
"1359","00-0029560",405,-0.00227038640134315,0.0211930159556995,-0.000206398763758468,"Dre Kirkpatrick","CIN","DB",2018
"1360","00-0032381",1082,-0.0022721594391342,0.0205332268796224,-0.0002065599490122,"Taylor Decker","DET","OL",2018
"1361","00-0029607",423,-0.00227430078892004,0.0210823320075026,-0.000206754617174549,"Demario Davis","NO","LB",2018
"1362","00-0026839",115,-0.00228319177771159,0.0212417956714317,-0.000207562888882872,"Jermey Parnell","JAX","OL",2018
"1363","00-0027139",147,-0.0022840209970055,0.0211699235651753,-0.000207638272455046,"John Phillips","ARI","TE",2018
"1364","00-0034750",1941,-0.00228789427491758,0.0215256168820963,-0.000207990388628871,"Rashaad Penny","SEA","RB",2018
"1365","00-0034479",1854,-0.00229405099287224,0.0213808593664586,-0.000208550090261113,"Matt McCrane","PIT","K",2018
"1366","00-0033455",1447,-0.00230586274881585,0.0216864963998875,-0.000209623886255987,"Anthony Firkser","TEN","TE",2018
"1367","00-0034721",1933,-0.00230785404300136,0.0220373529605258,-0.000209804913000123,"Corey Bojorquez","BUF","P",2018
"1368","00-0028171",300,-0.00231768722356503,0.0208055623997577,-0.000210698838505912,"Lawrence Guy","NE","DL",2018
"1369","00-0031555",853,-0.00232178667239316,0.0210654742583566,-0.000211071515672105,"Eric Rowe","NE","DB",2018
"1370","00-0031101",704,-0.00232352182303283,0.0201597333082179,-0.000211229256639348,"Shaquil Barrett","DEN","LB",2018
"1371","00-0025473",69,-0.00232667877119243,0.0205919398517066,-0.000211516251926584,"Marshal Yanda","BAL","OL",2018
"1372","00-0028224",303,-0.00232872495113652,0.0213332521364059,-0.000211702268285138,"Chris Harris","DEN","DB",2018
"1373","00-0031610",887,-0.00233313896137175,0.021828199878749,-0.000212103541942886,"Darren Waller","OAK","TE",2018
"1374","00-0033731",1549,-0.00233330308405639,0.0212493143918137,-0.000212118462186945,"Tre Sullivan","PHI","DB",2018
"1375","00-0034726",1934,-0.00235450936309608,0.0224386948133531,-0.000214046305736007,"Dallin Leavitt","OAK","DB",2018
"1376","00-0031933",946,-0.00235997973371955,0.0200461901378242,-0.000214543612156323,"Leonard Williams","NYJ","DL",2018
"1377","00-0033564",1502,-0.00236235843986784,0.022120452510467,-0.000214759858169804,"Jake Butt","DEN","TE",2018
"1378","00-0034834",2003,-0.00236530601375123,0.0202995721031577,-0.00021502781943193,"Sam Hubbard","CIN","DL",2018
"1379","00-0029620",427,-0.00237990678466773,0.021143028432054,-0.00021635516224252,"Brandon Marshall","DEN","LB",2018
"1380","00-0027969",247,-0.0023818846136182,0.0201366097533792,-0.000216534964874382,"Cameron Heyward","PIT","DL",2018
"1381","00-0032436",1125,-0.00242592531844083,0.0217899972916147,-0.000220538665312802,"Jeff Driskel","CIN","QB",2018
"1382","00-0031945",953,-0.0024279311248168,0.0229730837687515,-0.000220721011346982,"Martrell Spaight","JAX","LB",2018
"1383","00-0034284",1746,-0.00243722679983765,0.0220460072808578,-0.000221566072712514,"James Looney","GB","DL",2018
"1384","00-0029592",418,-0.00243894730464443,0.0206351043842506,-0.000221722482240402,"Kevin Zeitler","CLE","OL",2018
"1385","00-0031029",678,-0.00244257789092739,0.0212574372232164,-0.000222052535538853,"Seantrel Henderson","HOU","OL",2018
"1386","00-0033880",1596,-0.00244614171194737,0.0208365723117314,-0.000222376519267943,"Charles Harris","MIA","DL",2018
"1387","00-0031558",856,-0.0024536018391042,0.0212027512535238,-0.000223054712645836,"Maxx Williams","BAL","TE",2018
"1388","00-0034835",2004,-0.00245837454925951,0.0221244635534198,-0.000223488595387228,"Malik Jefferson","CIN","LB",2018
"1389","00-0033285",1388,-0.00246025848251212,0.0214744372848691,-0.000223659862046557,"Daeshon Hall","PHI","DL",2018
"1390","00-0033918",1633,-0.00246318700097314,0.0212273857387963,-0.000223926090997558,"Fabian Moreau","WAS","DB",2018
"1391","00-0030155",528,-0.00246470992885125,0.020484857972064,-0.000224064538986477,"Demetrius Harris","KC","TE",2018
"1392","00-0031583",872,-0.00246751428948976,0.0199428760671673,-0.000224319480862705,"Grady Jarrett","ATL","DL",2018
"1393","00-0030669",636,-0.00246775212822781,0.0214821706292006,-0.000224341102566165,"Albert Wilson","MIA","WR",2018
"1394","00-0032777",1222,-0.00247147705371855,0.0215970752428067,-0.000224679732156231,"Evan Boehm","IND","OL",2018
"1395","00-0030507",590,-0.00247576189165902,0.0211024235857745,-0.000225069262878093,"Bennie Logan","TEN","DL",2018
"1396","00-0026142",81,-0.00249480838350951,0.020232488990836,-0.000226800762137228,"Chris Long","PHI","DL",2018
"1397","00-0032921",1269,-0.00250272420307276,0.0213262156005827,-0.000227520382097524,"Zach Sterup","MIA","OL",2018
"1398","00-0034115",1697,-0.00250833531954903,0.0221743991294874,-0.000228030483595367,"Jeff Wilson","SF","RB",2018
"1399","00-0033094",1342,-0.00251870885884222,0.0207516563106018,-0.00022897353262202,"Marvin Hall","ATL","WR",2018
"1400","00-0028152",299,-0.00251900161796147,0.0226144596853887,-0.000229000147087406,"Derek Newton","NO","OL",2018
"1401","00-0029963",487,-0.00252556964966737,0.021202043226573,-0.000229597240878852,"Chris Hubbard","CLE","OL",2018
"1402","00-0033217",1373,-0.00252910990244246,0.0208273996824696,-0.000229919082040224,"Mo Alie-Cox","IND","TE",2018
"1403","00-0024421",58,-0.00254112489653253,0.0216390625138118,-0.00023101135423023,"Antoine Bethea","ARI","DB",2018
"1404","00-0027416",161,-0.00254199323722383,0.0217429685313646,-0.000231090294293076,"Barry Church","JAX","DB",2018
"1405","00-0032109",996,-0.00254414990669975,0.0215710278064793,-0.000231286355154522,"Kwon Alexander","TB","LB",2018
"1406","00-0029164",357,-0.00254582239581861,0.0212386977777528,-0.000231438399619873,"Mike Remmers","MIN","OL",2018
"1407","00-0032131",1006,-0.00255471649920409,0.0207707736525874,-0.000232246954473099,"Rodney Gunter","ARI","DL",2018
"1408","00-0030548",606,-0.00255744492414482,0.0221074421844003,-0.000232494993104075,"Eric Reid","CAR","DB",2018
"1409","00-0031382",807,-0.00256302960589476,0.0202855149014861,-0.000233002691444978,"Jarvis Landry","CLE","WR",2018
"1410","00-0031559",857,-0.00257206483809,0.021184001109302,-0.00023382407619,"Jordan Richards","ATL","DB",2018
"1411","00-0028908",330,-0.00257950524244227,0.0202749002892238,-0.000234500476585661,"Michael Thomas","NYG","DB",2018
"1412","00-0033039",1309,-0.00259231359412986,0.0211540359123846,-0.000235664872193624,"Christian Westerman","CIN","OL",2018
"1413","00-0032745",1200,-0.00259238843662627,0.0209121425624157,-0.000235671676056933,"Alan Cross","TB","TE",2018
"1414","00-0025399",61,-0.00259875350688214,0.0210598629058936,-0.000236250318807467,"Marshawn Lynch","OAK","RB",2018
"1415","00-0033121",1359,-0.00259878977583351,0.0203362653517527,-0.000236253615984865,"B.J. Goodson","NYG","LB",2018
"1416","00-0033010",1303,-0.00260210852041931,0.0222305027398614,-0.000236555320038119,"Sheldon Day","SF","DL",2018
"1417","00-0024389",56,-0.00260484250166093,0.0218630001238229,-0.000236803863787358,"Delanie Walker","TEN","TE",2018
"1418","00-0028002",260,-0.00260665653885961,0.0218267746811025,-0.000236968776259964,"Randall Cobb","GB","WR",2018
"1419","00-0022455",13,-0.00262846703556087,0.0221433279752193,-0.000238951548687351,"Don Muhlbach","DET","LS",2018
"1420","00-0030725",642,-0.00263784475386409,0.0221920266278019,-0.000239804068533099,"Cornelius Lucas","NO","OL",2018
"1421","00-0032807",1244,-0.00265306813768746,0.0217727121657077,-0.000241188012517042,"Clayton Fejedelem","CIN","DB",2018
"1422","00-0030854",656,-0.00265785832755762,0.0220909527428589,-0.00024162348432342,"Erik Swoope","IND","TE",2018
"1423","00-0032484",1142,-0.00266154803227012,0.0222423939231524,-0.000241958912024557,"Vontarrius Dora","ARI","DL",2018
"1424","00-0029111",346,-0.00268104882589228,0.0220319893126659,-0.000243731711444753,"Derrick Shelby","ATL","DL",2018
"1425","00-0033054",1320,-0.00270497173430409,0.021242703150474,-0.000245906521300372,"Rico Gathers","DAL","TE",2018
"1426","00-0028093",286,-0.00272463238375755,0.0207220237012721,-0.000247693853068868,"Niles Paul","JAX","TE",2018
"1427","00-0032396",1097,-0.00273379528343234,0.0224581994663009,-0.000248526843948395,"Vincent Valentine","ARI","DL",2018
"1428","00-0027686",184,-0.00275126305082049,0.0198737449879051,-0.000250114822801863,"Corey Peters","ARI","DL",2018
"1429","00-0034372",1797,-0.00278824083915003,0.0218456568603003,-0.00025347643992273,"Joel Iyiegbuniwe","CHI","LB",2018
"1430","00-0030385",549,-0.00279802241412446,0.0198959132366839,-0.000254365674011314,"Gerald Hodges","ARI","LB",2018
"1431","00-0026153",83,-0.00279951059158063,0.0224388479886065,-0.000254500962870967,"Jonathan Stewart","NYG","RB",2018
"1432","00-0031369",801,-0.00280379700635355,0.0214397193147747,-0.000254890636941232,"Brandon Linder","JAX","OL",2018
"1433","00-0031193",729,-0.00281052421419411,0.0217315819881285,-0.000255502201290373,"Dan McCullers","PIT","DL",2018
"1434","00-0028074",279,-0.00281270424312005,0.0221268844652656,-0.000255700385738186,"Anthony Sherman","KC","RB",2018
"1435","00-0031330",778,-0.00282010841160276,0.0213179588597949,-0.000256373491963887,"Morgan Moses","WAS","OL",2018
"1436","00-0031259",746,-0.00282904556813773,0.0218556874080335,-0.000257185960739794,"Aaron Colvin","HOU","DB",2018
"1437","00-0027008",131,-0.00284843255753866,0.0206138257060661,-0.000258948414321696,"Ziggy Hood","MIA","DL",2018
"1438","00-0034270",1737,-0.00285828357598629,0.0212849898191806,-0.000259843961453299,"Tyler Conklin","MIN","TE",2018
"1439","00-0029254",367,-0.00286047870561642,0.0214229282237421,-0.000260043518692402,"Amini Silatolu","CAR","OL",2018
"1440","00-0034369",1794,-0.00286941701537327,0.0224587084527334,-0.000260856092306661,"Kyle Lauletta","NYG","QB",2018
"1441","00-0029799",471,-0.00287039920145985,0.0214578509966496,-0.000260945381950895,"Lerentee McCray","JAX","DL",2018
"1442","00-0032766",1212,-0.002876908892217,0.0221653171694178,-0.000261537172019727,"Jason Spriggs","GB","OL",2018
"1443","00-0032655",1183,-0.00289221328681648,0.0205507461624551,-0.00026292848061968,"Romeo Okwara","DET","LB",2018
"1444","00-0031722",905,-0.00291829207960041,0.0218759270214013,-0.000265299279963674,"Michael Liedtke","TB","OL",2018
"1445","00-0031607",884,-0.00292190793610871,0.0225418795592335,-0.000265627994191701,"L.T. Walton","PIT","DL",2018
"1446","00-0034858",2021,-0.00293350188847993,0.0199560504602074,-0.000266681989861812,"Terrell Edmunds","PIT","DB",2018
"1447","00-0032221",1047,-0.00293394060083327,0.020533003668024,-0.000266721872803025,"Shane Ray","DEN","DL",2018
"1448","00-0034168",1710,-0.00293641820480917,0.0216418628520654,-0.000266947109528106,"Hunter Bradley","GB","LS",2018
"1449","00-0032528",1153,-0.00294061123249669,0.0225914973993803,-0.000267328293863336,"Justin Murray","OAK","OL",2018
"1450","00-0032580",1165,-0.00295575196033923,0.0200613836486206,-0.000268704723667203,"Jonathan Jones","NE","DB",2018
"1451","00-0033598",1526,-0.00296466663805337,0.0220216317543395,-0.000269515148913943,"Eli Ankou","JAX","DL",2018
"1452","00-0027958",240,-0.00296819565818854,0.021420354019408,-0.00026983596892623,"Adrian Clayborn","NE","DL",2018
"1453","00-0027547",166,-0.00298780786823033,0.0204187168807912,-0.000271618897111848,"Marcus Sherels","MIN","DB",2018
"1454","00-0034162",1705,-0.00298803462828073,0.0222672367928673,-0.000271639511661885,"J.K. Scott","GB","P",2018
"1455","00-0032042",970,-0.00299124443328241,0.0213759994583381,-0.000271931312116583,"Curtis Riley","NYG","DB",2018
"1456","00-0029738",464,-0.00303177818186621,0.0212421165416379,-0.000275616198351474,"Darren Fells","CLE","TE",2018
"1457","00-0032952",1281,-0.00303475311100077,0.0220876680532285,-0.000275886646454615,"Noah Spence","TB","DL",2018
"1458","00-0022247",12,-0.00303928834461739,0.0221469821775591,-0.000276298940419763,"Mike Adams","CAR","DB",2018
"1459","00-0030288",541,-0.00304299710751005,0.0214929775416865,-0.000276636100682732,"Rex Burkhead","NE","RB",2018
"1460","00-0034523",1874,-0.00305242364179891,0.0216154907368224,-0.000277493058345355,"Quenton Meeks","JAX","DB",2018
"1461","00-0033642",1533,-0.00306385371491633,0.0216875743244046,-0.000278532155901484,"B.J. Bello","PHI","LB",2018
"1462","00-0029010",338,-0.00307142766687917,0.0227730986857534,-0.000279220696989015,"Ronald Leary","DEN","OL",2018
"1463","00-0031595",880,-0.00308201153638008,0.021785460007612,-0.000280182866943643,"Michael Burton","CHI","RB",2018
"1464","00-0034167",1709,-0.00309061349790457,0.0217769219259043,-0.00028096486344587,"Devante Downs","MIN","LB",2018
"1465","00-0031941",951,-0.00310143841099524,0.02133240259861,-0.000281948946454113,"Jamison Crowder","WAS","WR",2018
"1466","00-0026672",111,-0.00311558471654348,0.0214936285975423,-0.000283234974231225,"Ramon Humber","NE","LB",2018
"1467","00-0028128",295,-0.00311772532735703,0.0213645794360729,-0.000283429575214275,"Colin Jones","CAR","DB",2018
"1468","00-0027684",182,-0.0031236351160429,0.0207665012342918,-0.000283966828731173,"Earl Mitchell","SF","DL",2018
"1469","00-0032599",1171,-0.00312720271286864,0.0222030650086431,-0.00028429115571533,"Josh Perkins","PHI","TE",2018
"1470","00-0031182",725,-0.00313013064771046,0.0214359403541759,-0.000284557331610042,"Kevin Pamphile","TEN","OL",2018
"1471","00-0034431",1840,-0.00313093921470554,0.0217907083486083,-0.000284630837700503,"Zaire Franklin","IND","LB",2018
"1472","00-0032472",1138,-0.00313803585750575,0.0220006996388692,-0.000285275987045978,"Tre Madden","SEA","RB",2018
"1473","00-0033542",1484,-0.00314798220644912,0.0226504700748258,-0.000286180200586284,"Forrest Lamp","LAC","OL",2018
"1474","00-0034631",1902,-0.00315705354354736,0.0222605123619124,-0.000287004867595215,"Vyncint Smith","HOU","WR",2018
"1475","00-0032937",1274,-0.00316682729687592,0.0222769959790191,-0.000287893390625084,"Max McCaffrey","SF","WR",2018
"1476","00-0027609",170,-0.00317486550873002,0.0215303369103767,-0.000288624137157275,"J'Marcus Webb","IND","OL",2018
"1477","00-0034386",1809,-0.00318613126557308,0.0217184137025979,-0.00028964829687028,"Justin Watson","TB","WR",2018
"1478","00-0029065",341,-0.00318771381503106,0.0214832035596864,-0.000289792165002824,"Johnson Bademosi","HOU","DB",2018
"1479","00-0033324",1409,-0.00320405713020369,0.0221074867574348,-0.000291277920927608,"Tashawn Bower","MIN","DL",2018
"1480","00-0033798",1570,-0.00320479620376392,0.0223550430223063,-0.000291345109433083,"Mason Schreck","CIN","TE",2018
"1481","00-0033973",1674,-0.00320617848593725,0.020130499876231,-0.000291470771448841,"Elijah Lee","SF","LB",2018
"1482","00-0029604",421,-0.0032062291771248,0.0215026454133057,-0.000291475379738619,"Kirk Cousins","MIN","QB",2018
"1483","00-0030850",655,-0.00321320270261812,0.0219244812296767,-0.000292109336601647,"Cody Parkey","CHI","K",2018
"1484","00-0028946",334,-0.00321849750848708,0.0217210411082317,-0.000292590682589735,"Aaron Brewer","ARI","LS",2018
"1485","00-0029848",473,-0.00322200912686472,0.0221032268727288,-0.000292909920624066,"Nick Williams","LA","WR",2018
"1486","00-0032794",1237,-0.00324444584491011,0.0223587993023586,-0.000294949622264556,"Danny Vitale","GB","RB",2018
"1487","00-0033424",1436,-0.00324984179286274,0.021022450367117,-0.000295440162987522,"Riley Bullough","TB","LB",2018
"1488","00-0032168",1028,-0.00325126987340282,0.0212949401926873,-0.000295569988491165,"Josh Shaw","TB","DB",2018
"1489","00-0034777",1963,-0.00325135528143851,0.0218326104881848,-0.000295577752858047,"D.J. Chark","JAX","WR",2018
"1490","00-0031592",878,-0.00325334628126086,0.0211074486610777,-0.000295758752841896,"David Parry","MIN","DL",2018
"1491","00-0032196",1034,-0.00325377088244324,0.0215687517740811,-0.000295797352949385,"Jake Fisher","CIN","OL",2018
"1492","00-0034359",1784,-0.00325955493828508,0.0207165373061567,-0.000296323176207734,"Tyquan Lewis","IND","DL",2018
"1493","00-0032245",1059,-0.00325974263346332,0.0223812392068096,-0.000296340239405757,"Sean Mannion","LA","QB",2018
"1494","00-0027978",250,-0.00325988794050363,0.021081487376709,-0.000296353449136693,"Bruce Carter","ATL","LB",2018
"1495","00-0031070",695,-0.00326180501326089,0.0210124140685604,-0.000296527728478262,"Nat Berhe","PIT","DB",2018
"1496","00-0034198",1717,-0.00326810279258454,0.0220583216838143,-0.000297100253871322,"Trent Sieg","OAK","LS",2018
"1497","00-0026901",119,-0.00328014902754282,0.0220493202934267,-0.000298195366140257,"Mike Wallace","PHI","WR",2018
"1498","00-0033452",1446,-0.00329340800629276,0.0199951393729874,-0.000299400727844796,"Austin Calitro","SEA","LB",2018
"1499","00-0032430",1122,-0.00332361251614176,0.0214350569883344,-0.000302146592376524,"David Morgan","MIN","TE",2018
"1500","00-0032410",1109,-0.00333535072322261,0.0215422174463134,-0.000303213702111146,"Rashard Robinson","NYJ","DB",2018
"1501","00-0030908",663,-0.00333766128768618,0.0217501341251684,-0.000303423753426016,"Kenny Ladler","NYG","DB",2018
"1502","00-0034803",1982,-0.0033433268604146,0.0228988515887653,-0.000303938805492237,"Joe Noteboom","LA","OL",2018
"1503","00-0033461",1449,-0.0033438895106895,0.0203106751420705,-0.000303989955517228,"Raekwon McMillan","MIA","LB",2018
"1504","00-0034800",1981,-0.0034010812523929,0.0208491953729977,-0.000309189204762991,"B.J. Hill","NYG","DL",2018
"1505","00-0034303",1753,-0.00342368754433183,0.0218581212400761,-0.000311244322211985,"Anthony Wint","NYJ","LB",2018
"1506","00-0034560",1884,-0.00344275836251707,0.0226135793498254,-0.000312978032956097,"J.J. Jones","NYJ","WR",2018
"1507","00-0033596",1524,-0.00344295140644169,0.0215030284966867,-0.00031299558240379,"Matt Dayes","SF","RB",2018
"1508","00-0031938",949,-0.00344983835780488,0.0218920745041171,-0.000313621668891353,"Carl Davis","CLE","DL",2018
"1509","00-0027986",255,-0.00345119782235703,0.020297676553819,-0.000313745256577912,"Stefen Wisniewski","PHI","OL",2018
"1510","00-0032560",1158,-0.00345697124276741,0.022305858953527,-0.000314270112978855,"Charles Washington","DET","DB",2018
"1511","00-0032209",1041,-0.00346540731147811,0.0213949723002887,-0.000315037028316192,"T.J. Yeldon","JAX","RB",2018
"1512","00-0032138",1011,-0.00346658705672791,0.0228096469240715,-0.000315144277884356,"Darius Kilgo","TEN","DL",2018
"1513","00-0031299",767,-0.00346908316217193,0.0208725233136954,-0.000315371196561085,"Jordan Matthews","PHI","WR",2018
"1514","00-0031338",783,-0.00347010007316156,0.0204090715502709,-0.000315463643014688,"Terrence Brooks","NYJ","DB",2018
"1515","00-0024227",47,-0.0034719179143313,0.0205120663614515,-0.000315628901302846,"Haloti Ngata","PHI","DL",2018
"1516","00-0034361",1786,-0.00347232911294902,0.0205228963225468,-0.000315666282995366,"Justin Reid","HOU","DB",2018
"1517","00-0032098",990,-0.00347671336215429,0.0221381032025624,-0.000316064851104935,"Daniel Brown","CHI","TE",2018
"1518","00-0027691",186,-0.00348101842777819,0.0207801206956069,-0.000316456220707108,"Andre Roberts","NYJ","WR",2018
"1519","00-0031665",898,-0.00348178667018663,0.0210534355251596,-0.000316526060926057,"Zach Zenner","DET","RB",2018
"1520","00-0032120",1002,-0.00348203313877047,0.0213004740091027,-0.000316548467160952,"Neal Sterling","NYJ","TE",2018
"1521","00-0034077",1685,-0.00349424625020506,0.022237358398784,-0.000317658750018642,"Niles Scott","CIN","DL",2018
"1522","00-0034071",1682,-0.00349454908509604,0.0216628488046959,-0.000317686280463276,"Danny Johnson","WAS","DB",2018
"1523","00-0033627",1531,-0.00349848184955245,0.0216738002411932,-0.000318043804504768,"Jason Croom","BUF","TE",2018
"1524","00-0034273",1739,-0.00350813823781457,0.0211802461912762,-0.000318921657983143,"Damion Ratley","CLE","WR",2018
"1525","00-0034064",1681,-0.00351129375133491,0.0221891440827071,-0.000319208522848629,"Colby Wadman","DEN","P",2018
"1526","00-0033006",1301,-0.0035313265338231,0.0217178747444261,-0.000321029684893009,"Jaydon Mickens","JAX","WR",2018
"1527","00-0027856",203,-0.00354683084664825,0.021098393401242,-0.000322439167877114,"Gerald McCoy","TB","DL",2018
"1528","00-0032442",1128,-0.00354948195535604,0.019879934368309,-0.00032268017775964,"Elandon Roberts","NE","LB",2018
"1529","00-0027676",180,-0.0035693494645271,0.0200267874394442,-0.000324486314957009,"Morgan Burnett","PIT","DB",2018
"1530","00-0033374",1419,-0.00357183658700144,0.0208304548067612,-0.000324712417000131,"Ricky Ortiz","ATL","RB",2018
"1531","00-0033050",1316,-0.00357230455806616,0.021279297608615,-0.000324754959824196,"Xavien Howard","MIA","DB",2018
"1532","00-0033524",1468,-0.00358835889582819,0.0214530061835387,-0.00032621444507529,"Kevin King","GB","DB",2018
"1533","00-0032970",1293,-0.0036170054021352,0.0204892640564797,-0.000328818672921382,"Jordan Jenkins","NYJ","LB",2018
"1534","00-0031814",923,-0.00364630585661784,0.0212921289942515,-0.000331482350601622,"Matt Longacre","LA","LB",2018
"1535","00-0030092",517,-0.00365630855825329,0.0218058569004594,-0.000332391687113935,"Sam Martin","DET","P",2018
"1536","00-0029530",402,-0.00365699686128679,0.0220391115850612,-0.000332454260116981,"Justin Bethel","ATL","DB",2018
"1537","00-0029112",347,-0.00367611039341532,0.0219487525306341,-0.000334191853946848,"Jacquies Smith","OAK","DL",2018
"1538","00-0034286",1748,-0.0036783588299717,0.0218001449422481,-0.000334396257270154,"Richie James","SF","WR",2018
"1539","00-0023662",39,-0.00368445863228076,0.021964731525759,-0.000334950784752796,"Matt Cassel","DET","QB",2018
"1540","00-0031570",864,-0.0036864990076363,0.0208298117448621,-0.000335136273421482,"Justin Hardy","ATL","WR",2018
"1541","00-0029492",397,-0.00369436267543653,0.0207684774256581,-0.000335851152312412,"Jamize Olawale","DAL","RB",2018
"1542","00-0034163",1706,-0.00370654716068558,0.0203026626403837,-0.000336958832789599,"Jake Martin","SEA","LB",2018
"1543","00-0033503",1463,-0.00372495817201685,0.0218668942020927,-0.000338632561092441,"Arthur Maulet","NO","DB",2018
"1544","00-0033896",1612,-0.00372700191312788,0.0222937194815195,-0.000338818355738899,"Adam Shaheen","CHI","TE",2018
"1545","00-0031290",763,-0.00373833158466757,0.0220265126160501,-0.00033984832587887,"Marquis Flowers","WAS","LB",2018
"1546","00-0027954",236,-0.0037536640977729,0.0216577320341194,-0.000341242190706627,"Ryan Kerrigan","WAS","LB",2018
"1547","00-0033870",1586,-0.00375484468152253,0.0206655768460609,-0.000341349516502048,"Solomon Thomas","SF","DL",2018
"1548","00-0031922",944,-0.00375606672645141,0.0224165657263619,-0.000341460611495583,"Khari Lee","BUF","TE",2018
"1549","00-0031089",701,-0.00376712868327414,0.020769776021025,-0.000342466243934013,"Beau Allen","TB","DL",2018
"1550","00-0033960",1667,-0.00378372873260618,0.0209801495361348,-0.000343975339327834,"Danny Isidora","MIN","OL",2018
"1551","00-0033117",1355,-0.00380617918285522,0.0216124668056435,-0.000346016289350474,"Bronson Kaufusi","NYJ","DL",2018
"1552","00-0034325",1759,-0.0038216070789303,0.0202407845776206,-0.0003474188253573,"Taylor Stallworth","NO","DL",2018
"1553","00-0026625",110,-0.00382966595587192,0.0224289799566649,-0.000348151450533811,"Brian Hoyer","NE","QB",2018
"1554","00-0022684",15,-0.0038303375278229,0.0222397257587863,-0.000348212502529354,"Donnie Jones","LAC","P",2018
"1555","00-0034374",1799,-0.00383443785676541,0.0208104986971456,-0.000348585259705946,"Jordan Whitehead","TB","DB",2018
"1556","00-0031366",799,-0.00383478749482378,0.020760366435202,-0.00034861704498398,"Deone Bucannon","ARI","LB",2018
"1557","00-0034621",1899,-0.00383506606689048,0.0224377380178579,-0.000348642369717316,"Shaun Wilson","TB","RB",2018
"1558","00-0031763",912,-0.00383649654115147,0.0212244349398994,-0.000348772412831952,"DeAndre Carter","HOU","WR",2018
"1559","00-0031023",677,-0.00383793289979364,0.0215454099194634,-0.000348902990890331,"Quincy Enunwa","NYJ","WR",2018
"1560","00-0034030",1678,-0.00384828972964027,0.02246788571167,-0.000349844520876388,"Keionta Davis","NE","DL",2018
"1561","00-0030562",612,-0.00385481984089342,0.021119920625482,-0.000350438167353947,"Desmond Trufant","ATL","DB",2018
"1562","00-0023368",28,-0.00388047070742914,0.0225874470438084,-0.00035277006431174,"Cameron Wake","MIA","DL",2018
"1563","00-0031267",752,-0.00388954005940511,0.0205127578977322,-0.00035359455085501,"Antone Exum","SF","DB",2018
"1564","00-0034652",1906,-0.00389018541789884,0.0220694428660678,-0.000353653219808985,"Cameron Batson","TEN","WR",2018
"1565","00-0032420",1117,-0.00390760238787106,0.0203284026562488,-0.000355236580715551,"Brandon Shell","NYJ","OL",2018
"1566","00-0028142",298,-0.0039248510430042,0.0212463816363148,-0.000356804640273109,"Virgil Green","LAC","TE",2018
"1567","00-0031590",877,-0.00393200143323617,0.0215389972056425,-0.000357454675748743,"Jay Ajayi","PHI","RB",2018
"1568","00-0033571",1508,-0.00393790790406572,0.0216003916937924,-0.000357991627642338,"Matt Milano","BUF","LB",2018
"1569","00-0032057",977,-0.00396311494975592,0.0199781460292823,-0.000360283177250538,"Jaquiski Tartt","SF","DB",2018
"1570","00-0034268",1736,-0.00396842357665447,0.02231841790818,-0.000360765779695861,"J'Mon Moore","GB","WR",2018
"1571","00-0030484",583,-0.00397895501239592,0.0199795083369199,-0.000361723182945083,"Jamar Taylor","DEN","DB",2018
"1572","00-0034381",1804,-0.00398650626746945,0.0228868569107591,-0.000362409660679041,"Josh Sweat","PHI","DL",2018
"1573","00-0032581",1166,-0.00402673561340087,0.0215334764364422,-0.000366066873945534,"Cre'von LeBlanc","PHI","DB",2018
"1574","00-0027968",246,-0.00403094585528337,0.0225486725588646,-0.000366449623207579,"Muhammad Wilkerson","GB","DL",2018
"1575","00-0029984",488,-0.00403472954369707,0.0221215818990811,-0.000366793594881551,"Ryan Allen","NE","P",2018
"1576","00-0034159",1702,-0.00403654553836382,0.0226446221866945,-0.000366958685305802,"Will Dissly","SEA","TE",2018
"1577","00-0034348",1774,-0.00405182118993042,0.020753490691137,-0.000368347380902765,"Courtland Sutton","DEN","WR",2018
"1578","00-0032779",1224,-0.00405317499809989,0.0218761342527857,-0.000368470454372717,"Caleb Benenoch","TB","OL",2018
"1579","00-0034392",1815,-0.00405745354980601,0.0225104999149787,-0.000368859413618728,"Scott Quessenberry","LAC","OL",2018
"1580","00-0032062",981,-0.00408048562683038,0.0213084239967926,-0.000370953238802762,"Blake Bell","JAX","TE",2018
"1581","00-0029259",370,-0.00409098580273927,0.021945301433503,-0.000371907800249025,"Kelechi Osemele","OAK","OL",2018
"1582","00-0034848",2016,-0.00411801921567105,0.0214411510533304,-0.000374365383242823,"RJ McIntosh","NYG","DL",2018
"1583","00-0034301",1751,-0.00411935684732394,0.0219262331727651,-0.000374486986120358,"Darrel Williams","KC","RB",2018
"1584","00-0032918",1268,-0.00415064181982163,0.0208697791826638,-0.000377331074529239,"C.J. Ham","MIN","RB",2018
"1585","00-0030434",567,-0.00415450891015972,0.0214874734138844,-0.000377682628196338,"Vince Williams","PIT","LB",2018
"1586","00-0031943",952,-0.0041589318828908,0.0211456785800946,-0.000378084716626437,"Ramik Wilson","LA","LB",2018
"1587","00-0027256",156,-0.00417845132237728,0.020385487549255,-0.000379859211125208,"Darian Stewart","DEN","DB",2018
"1588","00-0033877",1593,-0.00418206973825447,0.0210560559434127,-0.000380188158023133,"Malik Hooker","IND","DB",2018
"1589","00-0033789",1565,-0.00418799220571488,0.02151564890782,-0.000380726564155898,"T.J. Logan","ARI","RB",2018
"1590","00-0031900",938,-0.00419262007840435,0.022179607180718,-0.000381147279854941,"Rod Smith","DAL","RB",2018
"1591","00-0030390",552,-0.00419362757996266,0.0221625460977479,-0.000381238870905697,"Caleb Sturgis","LAC","K",2018
"1592","00-0034339",1766,-0.00419712615460231,0.0219676542142659,-0.000381556923145665,"Trey Quinn","WAS","WR",2018
"1593","00-0032790",1233,-0.00420883478452261,0.0210966560719346,-0.00038262134404751,"DeAndre Houston-Carson","CHI","DB",2018
"1594","00-0031380",805,-0.00421116866438398,0.0204355564918412,-0.000382833514943998,"Darqueze Dennard","CIN","DB",2018
"1595","00-0033258",1378,-0.00421364369016006,0.0215806075897745,-0.000383058517287278,"Darrell Daniels","ARI","TE",2018
"1596","00-0034407",1825,-0.0042148747907729,0.0221866355795845,-0.000383170435524809,"Ray-Ray McCloud","BUF","WR",2018
"1597","00-0027027",136,-0.0042149591188776,0.0215633098766145,-0.000383178101716146,"Andy Levitre","ATL","OL",2018
"1598","00-0031105",706,-0.00421545176808863,0.0204243726181543,-0.000383222888008057,"Zach Kerr","DEN","DL",2018
"1599","00-0031806",922,-0.00421994497785731,0.0211481414095177,-0.000383631361623392,"Malcolm Brown","LA","RB",2018
"1600","00-0032508",1147,-0.00423209074939493,0.0227260285876539,-0.000384735522672266,"Hakeem Valles","NYG","TE",2018
"1601","00-0031273",755,-0.00423708924255808,0.0207557628125008,-0.000385189931141644,"Cameron Brate","TB","TE",2018
"1602","00-0031373",804,-0.00425111863289216,0.0210271411771401,-0.000386465330262924,"Martavis Bryant","OAK","WR",2018
"1603","00-0031734",909,-0.00425816116303523,0.0210717114705834,-0.00038710556027593,"Chris Reed","JAX","OL",2018
"1604","00-0033548",1490,-0.00426328529532848,0.021466119523441,-0.000387571390484407,"Chidobe Awuzie","DAL","DB",2018
"1605","00-0034796",1977,-0.00427364487684093,0.0212970017201449,-0.000388513170621903,"Lamar Jackson","BAL","QB",2018
"1606","00-0029562",407,-0.00427365556652912,0.0200576913300113,-0.000388514142411738,"Lavonte David","TB","LB",2018
"1607","00-0034336",1764,-0.00427967979379233,0.0217250199270474,-0.000389061799435667,"Shaun Dion Hamilton","WAS","LB",2018
"1608","00-0031128",710,-0.00428192111617006,0.0218067684405291,-0.00038926555601546,"Ryan Groy","BUF","OL",2018
"1609","00-0032980",1298,-0.00428641016917128,0.0220228719006234,-0.000389673651742843,"Marcus Johnson","IND","WR",2018
"1610","00-0032783",1228,-0.00428765990439756,0.0210397389349648,-0.000389787264036142,"LeShaun Sims","TEN","DB",2018
"1611","00-0027796",198,-0.00428982501609722,0.0216179318927911,-0.000389984092372474,"Joe Webb","HOU","QB",2018
"1612","00-0034184",1714,-0.00429363639411264,0.0209905247242231,-0.000390330581282967,"Gus Edwards","BAL","RB",2018
"1613","00-0032146",1017,-0.00430150517540136,0.0207715308662661,-0.000391045925036488,"Bud Dupree","PIT","LB",2018
"1614","00-0028180",302,-0.00430750990535348,0.0213224208371963,-0.000391591809577589,"Malcolm Smith","SF","LB",2018
"1615","00-0026544",106,-0.00430865466244562,0.0225200470645791,-0.000391695878404147,"Chase Daniel","CHI","QB",2018
"1616","00-0032890",1259,-0.00431665610591364,0.0205415613407171,-0.000392423282355786,"James Bradberry","CAR","DB",2018
"1617","00-0029676",447,-0.00433649340219406,0.0207067677492663,-0.000394226672926733,"Morris Claiborne","NYJ","DB",2018
"1618","00-0032067",984,-0.00434393120767659,0.0217653488513444,-0.000394902837061508,"Ian Silberman","CAR","OL",2018
"1619","00-0031847",928,-0.00436126037635994,0.0223726010170805,-0.000396478216032722,"Josh Keyes","HOU","LB",2018
"1620","00-0033912",1628,-0.00436322113983708,0.0211770320060331,-0.000396656467257916,"Jordan Willis","CIN","DL",2018
"1621","00-0031394",814,-0.00437381334900248,0.0221700675083905,-0.000397619395363862,"E.J. Gaines","CLE","DB",2018
"1622","00-0030781",650,-0.00437654222829018,0.0222154487684007,-0.000397867475299108,"Trey Hopkins","CIN","OL",2018
"1623","00-0034730",1936,-0.00441233157497566,0.0218126198925414,-0.000401121052270514,"Marcell Harris","SF","DB",2018
"1624","00-0030530",601,-0.00446870489190474,0.0214111331769549,-0.000406245899264067,"T.J. McDonald","MIA","DB",2018
"1625","00-0029272",375,-0.00448875447684132,0.0201333167430738,-0.000408068588803757,"Nigel Bradham","PHI","LB",2018
"1626","00-0032520",1150,-0.00449163490508173,0.020318442674852,-0.00040833044591652,"Rashod Hill","MIN","OL",2018
"1627","00-0031417",825,-0.00450091622573981,0.0211695298441448,-0.000409174202339983,"Ja'Wuan James","MIA","OL",2018
"1628","00-0031627",892,-0.00450997286799419,0.0215672424051062,-0.000409997533454017,"Corey Robinson","JAX","OL",2018
"1629","00-0033187",1372,-0.0045429770191179,0.022508805606954,-0.0004129979108289,"Jeff Richards","LAC","DB",2018
"1630","00-0032228",1050,-0.00455158706794536,0.0217892195163197,-0.000413780642540487,"Joe Cardona","NE","LS",2018
"1631","00-0033529",1473,-0.00455450493366503,0.0212729930071851,-0.000414045903060457,"Chase Roullier","WAS","OL",2018
"1632","00-0027736",192,-0.00456332296225201,0.0211125109801645,-0.00041484754202291,"Kendrick Lewis","TEN","DB",2018
"1633","00-0029141",353,-0.00456577455798764,0.0209461099284405,-0.000415070414362513,"Alfred Morris","SF","RB",2018
"1634","00-0029119",348,-0.00456843488641041,0.0207238634294356,-0.000415312262400947,"Derek Carrier","OAK","TE",2018
"1635","00-0033909",1625,-0.00457149778770586,0.0214867428734939,-0.00041559070797326,"Pat Elflein","MIN","OL",2018
"1636","00-0034364",1789,-0.00458039894962521,0.021208814431633,-0.000416399904511383,"Jordan Akins","HOU","TE",2018
"1637","00-0032674",1186,-0.00458377802645519,0.0223991141400931,-0.000416707093314109,"Nicholas Grigsby","DET","LB",2018
"1638","00-0027855",202,-0.00458910253652824,0.0209030170127977,-0.000417191139684386,"Ndamukong Suh","LA","DL",2018
"1639","00-0027867",211,-0.00461226614485185,0.0209975474911855,-0.000419296922259259,"Jason Pierre-Paul","TB","DL",2018
"1640","00-0034781",1967,-0.00462101952360495,0.020309500936708,-0.000420092683964087,"Dorian O'Daniel","KC","LB",2018
"1641","00-0031285",761,-0.00462256183201904,0.0220334293789983,-0.000420232893819913,"Devonta Freeman","ATL","RB",2018
"1642","00-0032240",1054,-0.00462742418276588,0.0208539841503692,-0.00042067492570599,"Vic Beasley","ATL","DL",2018
"1643","00-0031818",925,-0.00464289521148709,0.0222751481440362,-0.000422081382862463,"Bradley Marquez","DET","WR",2018
"1644","00-0033362",1416,-0.00464431622844266,0.0215453392345921,-0.00042221056622206,"Lenzy Pipkins","CLE","DB",2018
"1645","00-0027662",175,-0.00464667080329219,0.0202654591868908,-0.000422424618481108,"Carlos Dunlap","CIN","DL",2018
"1646","00-0030565",614,-0.00465630092431114,0.022997534955562,-0.000423300084028286,"Geno Smith","LAC","QB",2018
"1647","00-0034382",1805,-0.00467810053049624,0.022009317221389,-0.000425281866408749,"Marquis Haynes","CAR","DL",2018
"1648","00-0031257",744,-0.00468050610683865,0.021737204033912,-0.00042550055516715,"Paul Richardson","WAS","WR",2018
"1649","00-0034797",1978,-0.00468222415134276,0.0206217181430173,-0.00042565674103116,"Jerome Baker","MIA","LB",2018
"1650","00-0026564",108,-0.00468959233414572,0.0209772259111494,-0.000426326575831429,"Steve McLendon","NYJ","DL",2018
"1651","00-0032265",1069,-0.00470392924629952,0.021889330637018,-0.000427629931481774,"Mario Edwards","NYG","DL",2018
"1652","00-0034675",1918,-0.00470911798796577,0.0209489139914898,-0.000428101635269615,"Jessie Bates","CIN","DB",2018
"1653","00-0023449",32,-0.00471274579383509,0.0220917462042245,-0.00042843143580319,"Derrick Johnson","OAK","LB",2018
"1654","00-0031276",756,-0.00473590314747887,0.0215083096089723,-0.000430536649770806,"Tyler Patmon","JAX","DB",2018
"1655","00-0031185",726,-0.00473814777674845,0.0223146228201439,-0.000430740706977132,"Jon Halapio","NYG","OL",2018
"1656","00-0033405",1431,-0.00473921451044134,0.0202208654423389,-0.000430837682767395,"Torry McTyer","MIA","DB",2018
"1657","00-0030656",632,-0.00475463133307372,0.0213634194154792,-0.000432239212097611,"Isaiah Crowell","NYJ","RB",2018
"1658","00-0034296",1750,-0.00477485173840736,0.0211496071952983,-0.000434077430764306,"Ben Niemann","KC","LB",2018
"1659","00-0031815",924,-0.00478676812160499,0.0217367473193214,-0.000435160738327726,"Cameron Lynch","TB","LB",2018
"1660","00-0031326",777,-0.00478717811975705,0.0224879326354675,-0.000435198010887004,"Bruce Ellington","DET","WR",2018
"1661","00-0027854",201,-0.00479352434793063,0.0216401915502554,-0.000435774940720967,"Sam Bradford","ARI","QB",2018
"1662","00-0030108",521,-0.00480454575901249,0.0204812260242394,-0.000436776887182953,"Ryan Griffin","HOU","TE",2018
"1663","00-0032139",1012,-0.00481189135372061,0.0221767246315662,-0.000437444668520056,"Ben Koyack","JAX","TE",2018
"1664","00-0034747",1940,-0.00483326550798,0.0218910246518843,-0.000439387773452728,"Marcell Ateman","OAK","WR",2018
"1665","00-0034571",1886,-0.0048369498197952,0.0210508359489249,-0.000439722710890473,"Trent Scott","LAC","OL",2018
"1666","00-0033949",1658,-0.00485273805381333,0.0222390409723055,-0.000441158004892121,"Joshua Dobbs","PIT","QB",2018
"1667","00-0031489",835,-0.00485335908978621,0.0210868494973871,-0.000441214462707837,"Brett Jones","MIN","OL",2018
"1668","00-0033894",1610,-0.00486365134711456,0.0211084765483344,-0.00044215012246496,"Marcus Williams","NO","DB",2018
"1669","00-0033118",1356,-0.00487011156258557,0.0202733759472081,-0.000442737414780506,"Kenyan Drake","MIA","RB",2018
"1670","00-0029566",408,-0.00487362506115193,0.0203317476638667,-0.000443056823741084,"Zach Brown","WAS","LB",2018
"1671","00-0034398",1819,-0.00488593835511466,0.022690399624971,-0.000444176214101332,"Natrell Jamerson","GB","DB",2018
"1672","00-0027858",205,-0.00490160128811948,0.0220087999890554,-0.000445600117101771,"Eric Berry","KC","DB",2018
"1673","00-0034370",1795,-0.00494435477439642,0.020815843359422,-0.000449486797672402,"DaeSean Hamilton","DEN","WR",2018
"1674","00-0030197",534,-0.00497735584107144,0.0212535572880835,-0.000452486894642858,"Deon Lacey","BUF","LB",2018
"1675","00-0034854",2017,-0.00498310928247014,0.0222525313538635,-0.000453009934770013,"KhaDarel Hodge","LA","WR",2018
"1676","00-0031035",680,-0.00499092757585594,0.0226567059534286,-0.000453720688714176,"Xavier Grimble","PIT","TE",2018
"1677","00-0030665",634,-0.00499688750303981,0.0204027781114243,-0.000454262500276346,"Daniel Sorensen","KC","DB",2018
"1678","00-0032354",1074,-0.00499977649551523,0.0220289130878668,-0.00045452513595593,"Adam Redmond","DAL","OL",2018
"1679","00-0027914",223,-0.0050035815241196,0.0215279806726459,-0.000454871047647236,"Andrew Sendejo","MIN","DB",2018
"1680","00-0031270",754,-0.00501030666158721,0.0205162118060449,-0.000455482423780655,"Shelby Harris","DEN","DL",2018
"1681","00-0031407",819,-0.00501712649819647,0.022105942979177,-0.000456102408926952,"Blake Bortles","JAX","QB",2018
"1682","00-0033635",1532,-0.00502019939267713,0.0215665773939324,-0.000456381762970649,"Isaiah Irving","CHI","LB",2018
"1683","00-0031176",722,-0.00502961930016512,0.0207668799643195,-0.000457238118196829,"Nevin Lawson","DET","DB",2018
"1684","00-0027022",133,-0.00503003626534289,0.0210278872874956,-0.000457276024122081,"Connor Barwin","NYG","LB",2018
"1685","00-0032773",1218,-0.00503292980913278,0.0219993327280481,-0.000457539073557526,"Nick Kwiatkoski","CHI","LB",2018
"1686","00-0030465",579,-0.00504168011795977,0.0216939339905057,-0.000458334556178161,"Kenjon Barner","CAR","RB",2018
"1687","00-0029410",388,-0.00504946331369199,0.0210840321556365,-0.000459042119426544,"Tavon Wilson","DET","DB",2018
"1688","00-0032234",1052,-0.00505538748469864,0.0217586854131333,-0.000459580680427149,"Laken Tomlinson","SF","OL",2018
"1689","00-0027674",178,-0.00509013867180121,0.0214486088719057,-0.000462739879254656,"Jared Veldheer","DEN","OL",2018
"1690","00-0032129",1005,-0.00510604546073965,0.0205442672191017,-0.000464185950976332,"Jordan Hicks","PHI","LB",2018
"1691","00-0033882",1598,-0.00511878276944122,0.0206350734985692,-0.00046534388813102,"Gareon Conley","OAK","DB",2018
"1692","00-0033123",1361,-0.00512101354989093,0.0219306512718789,-0.000465546686353721,"Yannick Ngakoue","JAX","DL",2018
"1693","00-0034158",1701,-0.00514517738886543,0.0215451228839549,-0.000467743398987766,"Brian O'Neill","MIN","OL",2018
"1694","00-0027442",163,-0.00515173047435976,0.0216286972720188,-0.000468339134032705,"Frank Zombo","KC","LB",2018
"1695","00-0034756",1947,-0.00518617558347275,0.0216258852516709,-0.000471470507588432,"Tre Flowers","SEA","DB",2018
"1696","00-0031171",720,-0.00521199850872975,0.0210961568997509,-0.000473818046248159,"Preston Brown","CIN","LB",2018
"1697","00-0034540",1880,-0.00521263942040182,0.0212386800775226,-0.00047387631094562,"Tony Brown","GB","DB",2018
"1698","00-0032116",1000,-0.00521271157212237,0.0197584360039337,-0.000473882870192943,"Darius Philon","LAC","DL",2018
"1699","00-0034594",1894,-0.00522915765503311,0.0215776807209024,-0.000475377968639374,"A.J. Moore","HOU","DB",2018
"1700","00-0028003",261,-0.00524209603074975,0.0208903279268366,-0.000476554184613614,"Terrell McClain","ATL","DL",2018
"1701","00-0027952",234,-0.00525522505662162,0.0212781991525486,-0.000477747732420147,"Robert Quinn","MIA","DL",2018
"1702","00-0027044",138,-0.00526546096288174,0.0212059010948461,-0.000478678269352885,"Michael Johnson","CIN","DL",2018
"1703","00-0033070",1329,-0.00529500924617186,0.0214514036538839,-0.000481364476924714,"Javien Elliott","TB","DB",2018
"1704","00-0031054",689,-0.00531210375931221,0.0216591915299055,-0.000482918523573838,"DaQuan Jones","TEN","DL",2018
"1705","00-0030050",498,-0.00531352790386419,0.0202612727230663,-0.000483047991260381,"Ray-Ray Armstrong","CLE","LB",2018
"1706","00-0027136",146,-0.00538042830038208,0.0203773940272875,-0.00048912984548928,"Jason McCourty","NE","DB",2018
"1707","00-0030585",623,-0.00538370322219562,0.0214695909533234,-0.000489427565654147,"Justin Pugh","ARI","OL",2018
"1708","00-0031047",685,-0.00539097172564261,0.0212177215935229,-0.000490088338694783,"Spencer Long","NYJ","OL",2018
"1709","00-0030433",566,-0.00539668923889468,0.0219641903763489,-0.00049060811262679,"Mike Gillislee","NO","RB",2018
"1710","00-0032635",1179,-0.00540254973750302,0.0207998930583954,-0.000491140885227547,"Josh Hawkins","PHI","DB",2018
"1711","00-0034350",1776,-0.00543948327925695,0.0203989667299583,-0.00049449847993245,"Uchenna Nwosu","LAC","LB",2018
"1712","00-0032200",1037,-0.00547069382098499,0.0207088851969011,-0.000497335801907726,"Ty Montgomery","BAL","RB",2018
"1713","00-0028339",310,-0.00548554610854958,0.0211576966312801,-0.000498686009868144,"Mario Addison","CAR","DL",2018
"1714","00-0034805",1984,-0.00553611239209684,0.0215007149761382,-0.000503282944736076,"John Franklin-Myers","LA","DL",2018
"1715","00-0032966",1289,-0.00553643542430034,0.0217341940249659,-0.000503312311300031,"Corey Coleman","NYG","WR",2018
"1716","00-0030094",518,-0.00553824969041012,0.0215797687690978,-0.000503477244582738,"Eric Kush","CHI","OL",2018
"1717","00-0033347",1413,-0.00556323042444148,0.0219861826642999,-0.000505748220403771,"Josh Tupou","CIN","DL",2018
"1718","00-0032445",1130,-0.00558302612284521,0.0217778200783302,-0.000507547829349565,"Ted Karras","NE","OL",2018
"1719","00-0031136",712,-0.0056418345426029,0.02184661656942,-0.000512894049327536,"Chris Boswell","PIT","K",2018
"1720","00-0031333",780,-0.00564257055391501,0.0214429576088633,-0.000512960959446819,"Ha Ha Clinton-Dix","WAS","DB",2018
"1721","00-0030386",550,-0.00564385981504209,0.0216929810322103,-0.000513078165003827,"William Gholston","TB","DL",2018
"1722","00-0031071",696,-0.00564631053353576,0.0212825611402582,-0.00051330095759416,"Caraun Reid","DAL","DL",2018
"1723","00-0026500",103,-0.00564747926147838,0.0205964714315909,-0.000513407205588944,"Matt Slauson","IND","OL",2018
"1724","00-0028037",271,-0.00565264328868312,0.0220228576239828,-0.000513876662607556,"K.J. Wright","SEA","LB",2018
"1725","00-0032214",1044,-0.00565773915278834,0.0215217778443661,-0.000514339922980758,"Tyler Kroft","CIN","TE",2018
"1726","00-0028118",294,-0.00566440360696518,0.0214901419532065,-0.00051494578245138,"Tyrod Taylor","CLE","QB",2018
"1727","00-0033914",1630,-0.0056656685007595,0.0212662413611174,-0.000515060772796318,"Alex Anzalone","NO","LB",2018
"1728","00-0031716",903,-0.00567173104375086,0.0225562840305984,-0.00051561191306826,"Matt Darr","BUF","P",2018
"1729","00-0034449",1846,-0.00567584216643731,0.0213828087033477,-0.000515985651494301,"Buddy Howell","HOU","RB",2018
"1730","00-0031237",736,-0.00569660055579801,0.0220904453588805,-0.000517872777799819,"Teddy Bridgewater","NO","QB",2018
"1731","00-0030069",509,-0.00569742747917542,0.0235678966854749,-0.000517947952652311,"Damontre Moore","OAK","DL",2018
"1732","00-0034804",1983,-0.00570733345304604,0.0216331965588019,-0.000518848495731458,"Brian Allen","LA","OL",2018
"1733","00-0034829",1999,-0.00571276023219014,0.0208927370977476,-0.000519341839290012,"Mike Gesicki","MIA","TE",2018
"1734","00-0032198",1036,-0.00572079839599785,0.022283873813097,-0.00052007258145435,"Ibraheim Campbell","GB","DB",2018
"1735","00-0032171",1030,-0.00572675078486663,0.0225942481782801,-0.000520613707715148,"Hayes Pullard","LAC","LB",2018
"1736","00-0034763",1951,-0.00573158697489802,0.0206247506691371,-0.000521053361354366,"Brandon Parker","OAK","OL",2018
"1737","00-0034363",1788,-0.00574265151435085,0.0215270648033625,-0.00052205922857735,"Deadrin Senat","ATL","DL",2018
"1738","00-0027001",129,-0.00576329630714912,0.0223251387235337,-0.000523936027922647,"Vontae Davis","BUF","DB",2018
"1739","00-0033053",1319,-0.00577490297355605,0.0205589926942641,-0.000524991179414186,"Sean Davis","PIT","DB",2018
"1740","00-0033580",1516,-0.00579052843387993,0.0215281053128059,-0.000526411675807266,"Tanner Vallejo","CLE","LB",2018
"1741","00-0029479",396,-0.005806752104946,0.0213885372908412,-0.000527886554995091,"Emmanuel Lamur","NYJ","LB",2018
"1742","00-0033953",1662,-0.00580765796530503,0.0212534511863954,-0.000527968905936821,"Jordan Leggett","NYJ","TE",2018
"1743","00-0021206",9,-0.00581449082093003,0.0219800657375112,-0.000528590074630003,"Josh McCown","NYJ","QB",2018
"1744","00-0029692",458,-0.00582954163838623,0.0222207507417401,-0.000529958330762385,"Bryan Anger","TB","P",2018
"1745","00-0032435",1124,-0.00583434326312226,0.0215649757893284,-0.000530394842102024,"Anthony Zettel","CLE","DL",2018
"1746","00-0034489",1858,-0.0058483615356698,0.0213637063747326,-0.000531669230515437,"Jalen Tolliver","ARI","WR",2018
"1747","00-0032143",1014,-0.00586385085180757,0.0224779436059852,-0.000533077350164325,"Danny Shelton","NE","DL",2018
"1748","00-0033699",1543,-0.00590194956730549,0.0203678500003234,-0.000536540869755045,"Austin Ekeler","LAC","RB",2018
"1749","00-0029630",431,-0.00591450296080936,0.0203217652839679,-0.000537682087346305,"Michael Brockers","LA","DL",2018
"1750","00-0034278",1742,-0.00591576902117215,0.0215032094397985,-0.000537797183742922,"Tremon Smith","KC","DB",2018
"1751","00-0029520",398,-0.00592690862551559,0.0214422578387201,-0.000538809875046872,"Eddie Pleasant","GB","DB",2018
"1752","00-0029638",433,-0.00596949550657085,0.0201539797511683,-0.000542681409688259,"Michael Floyd","WAS","WR",2018
"1753","00-0034436",1842,-0.00597181466757461,0.0219260870419282,-0.000542892242506783,"Will Clapp","NO","OL",2018
"1754","00-0033047",1313,-0.00600458384522264,0.0202555859389737,-0.000545871258656604,"Anthony Brown","DAL","DB",2018
"1755","00-0029412",389,-0.00601903931457722,0.0206755329174281,-0.000547185392234293,"Vinny Curry","TB","DL",2018
"1756","00-0034841",2009,-0.00605750216562056,0.0212895156882557,-0.000550682015056415,"Brandon Bryant","NYJ","DB",2018
"1757","00-0026964",121,-0.00606964410269263,0.0206357462195353,-0.000551785827517511,"Clinton McDonald","OAK","DL",2018
"1758","00-0030010",490,-0.00608720871965562,0.0194206358953172,-0.000553382610877783,"Brandon Copeland","NYJ","LB",2018
"1759","00-0032412",1111,-0.00611002062417853,0.0212516218688686,-0.000555456420379866,"Dean Lowry","GB","DL",2018
"1760","00-0031550",849,-0.00612749287006458,0.0210205708453356,-0.000557044806369507,"Shaq Thompson","CAR","LB",2018
"1761","00-0027857",204,-0.00612823068248844,0.0206140103390881,-0.000557111880226222,"Trent Williams","WAS","OL",2018
"1762","00-0033251",1377,-0.00614527100274909,0.0207742917820297,-0.000558661000249917,"Zach Pascal","IND","WR",2018
"1763","00-0031800",921,-0.00615477540269432,0.0223590435102765,-0.000559525036608575,"Taylor Heinicke","CAR","QB",2018
"1764","00-0028011",264,-0.00616060597837587,0.0225811077564089,-0.000560055088943261,"Stevan Ridley","PIT","RB",2018
"1765","00-0033898",1614,-0.00623741143245971,0.0208001372858914,-0.000567037402950883,"Justin Evans","TB","DB",2018
"1766","00-0030066",506,-0.0062567693539304,0.0205025988955272,-0.000568797213993673,"Brian Winters","NYJ","OL",2018
"1767","00-0031280",758,-0.00630132405384603,0.0216640960612202,-0.00057284764125873,"Derek Carr","OAK","QB",2018
"1768","00-0033073",1331,-0.00630445154333889,0.0204592683218697,-0.000573131958485354,"Emmanuel Ogbah","CLE","DL",2018
"1769","00-0031788",918,-0.00630872519716936,0.0223335765278492,-0.000573520472469942,"Matt Lengel","CIN","TE",2018
"1770","00-0030513",592,-0.00631235894351213,0.0205558684430001,-0.000573850813046558,"Latavius Murray","MIN","RB",2018
"1771","00-0030401",553,-0.00632177410761393,0.0208760084820311,-0.000574706737055812,"Kiko Alonso","MIA","LB",2018
"1772","00-0034366",1791,-0.00632539709997295,0.0216744014867226,-0.000575036099997541,"Keke Coutee","HOU","WR",2018
"1773","00-0033037",1307,-0.00634452956583924,0.0222969135887363,-0.000576775415076294,"Adolphus Washington","CIN","DL",2018
"1774","00-0033941",1651,-0.00634735642513039,0.0199977832195372,-0.000577032402284581,"Rayshawn Jenkins","LAC","DB",2018
"1775","00-0033302",1401,-0.00634947567029677,0.0209772065449646,-0.00057722506093607,"Adrian Colbert","SF","DB",2018
"1776","00-0026844",116,-0.00635400242513641,0.0218055144082156,-0.00057763658410331,"Garrison Sanborn","TB","LS",2018
"1777","00-0031688",900,-0.0063752920580965,0.0218616690909633,-0.0005795720052815,"Denzel Rice","BUF","DB",2018
"1778","00-0030448",571,-0.00639010957070166,0.0217098881126421,-0.000580919051881969,"Kawann Short","CAR","DL",2018
"1779","00-0027835",200,-0.00639873768429294,0.0212862012525788,-0.000581703425844813,"Kurt Coleman","NO","DB",2018
"1780","00-0033076",1332,-0.00642575377123641,0.0206812025936932,-0.000584159433748765,"Derrick Kindred","CLE","DB",2018
"1781","00-0031263",750,-0.00643949973095757,0.0209704792129301,-0.000585409066450688,"Avery Williamson","NYJ","LB",2018
"1782","00-0031608",885,-0.00646088866528253,0.02027476764116,-0.000587353515025685,"Quandre Diggs","DET","DB",2018
"1783","00-0034383",1806,-0.00646182070221463,0.0216851119470033,-0.000587438245655875,"Dalton Schultz","DAL","TE",2018
"1784","00-0028664",319,-0.00648937878515082,0.0219714293205699,-0.000589943525922802,"Chris Jones","DAL","P",2018
"1785","00-0027948",232,-0.00649343821418867,0.0206548058246402,-0.000590312564926242,"Blaine Gabbert","TEN","QB",2018
"1786","00-0033523",1467,-0.00650455148024901,0.0215756541175839,-0.000591322861840819,"Jonathan Allen","WAS","DL",2018
"1787","00-0033084",1338,-0.00652793139068681,0.0204286493625247,-0.000593448308244255,"Kendall Fuller","KC","DB",2018
"1788","00-0034421",1833,-0.00656106594456186,0.0214421504927975,-0.000596460540414714,"Peter Kalambayi","HOU","LB",2018
"1789","00-0034659",1911,-0.00656144259809077,0.0204603591609933,-0.000596494781644616,"Sharif Finch","TEN","LB",2018
"1790","00-0031972",963,-0.00656299039756059,0.0218207138570085,-0.000596635490687326,"Darius Jennings","TEN","WR",2018
"1791","00-0034825",1995,-0.00656391108549904,0.0210648641360119,-0.000596719189590821,"Arden Key","OAK","DL",2018
"1792","00-0034674",1917,-0.0065878288861535,0.0213526343104257,-0.000598893535104863,"Leighton Vander Esch","DAL","LB",2018
"1793","00-0032896",1263,-0.00659578851222897,0.022203081611454,-0.000599617137475361,"Drew Kaser","GB","P",2018
"1794","00-0032398",1099,-0.00661940196093471,0.0206511083541606,-0.000601763814630428,"Chris Moore","BAL","WR",2018
"1795","00-0033246",1376,-0.00662485641330045,0.0209668759401569,-0.000602259673936404,"Johnny Mundt","LA","TE",2018
"1796","00-0034400",1821,-0.00662596758439066,0.0206132644298182,-0.00060236068949006,"Jordan Wilkins","IND","RB",2018
"1797","00-0028064",277,-0.00663449561932824,0.0220475165944193,-0.000603135965393476,"Bilal Powell","NYJ","RB",2018
"1798","00-0033917",1632,-0.00663950936265612,0.0226206301054627,-0.000603591760241466,"Tarell Basham","NYJ","LB",2018
"1799","00-0034368",1793,-0.0066426964628103,0.0201335063811082,-0.000603881496619118,"Josey Jewell","DEN","LB",2018
"1800","00-0029269",374,-0.00664522867038546,0.020912963691226,-0.000604111697307769,"Travis Benjamin","LAC","WR",2018
"1801","00-0033065",1327,-0.0066511322983414,0.0212874531788273,-0.000604648390758309,"Le'Raven Clark","IND","OL",2018
"1802","00-0034653",1907,-0.00666011948895249,0.0217165018352826,-0.00060546540808659,"Deontay Burnett","NYJ","WR",2018
"1803","00-0034499",1861,-0.00667309276033803,0.0209375695126238,-0.000606644796394366,"Jawill Davis","NYG","WR",2018
"1804","00-0028063",276,-0.00670112794357727,0.0217616301887867,-0.000609193449416115,"Taiwan Jones","BUF","RB",2018
"1805","00-0034496",1860,-0.00679717311728078,0.0206039235018606,-0.000617924828843707,"Sean Chandler","NYG","DB",2018
"1806","00-0033895",1611,-0.00679999626998041,0.0209359162695948,-0.000618181479089128,"Gerald Everett","LA","TE",2018
"1807","00-0029879",476,-0.00680185417753806,0.0211521522068052,-0.000618350379776187,"Kevin McDermott","MIN","LS",2018
"1808","00-0031796",919,-0.00681241428451878,0.0210060993843915,-0.000619310389501707,"Justin Coleman","SEA","DB",2018
"1809","00-0031609",886,-0.00682320170270434,0.0203854592539249,-0.000620291063882212,"A.J. Derby","MIA","TE",2018
"1810","00-0032007",968,-0.00683894376133556,0.0214466013881576,-0.000621722160121414,"Quinton Dunbar","WAS","DB",2018
"1811","00-0034789",1971,-0.00689627936945993,0.0193916951474975,-0.000626934488132721,"Minkah Fitzpatrick","MIA","DB",2018
"1812","00-0027925",224,-0.00690233994405662,0.0215197603233661,-0.000627485449459693,"James Develin","NE","RB",2018
"1813","00-0033376",1421,-0.00691188826601789,0.0214594062890394,-0.000628353478728899,"Patrick Ricard","BAL","DL",2018
"1814","00-0033576",1512,-0.0069300648426082,0.0207120583330154,-0.000630005894782564,"Eric Saubert","ATL","TE",2018
"1815","00-0033559",1498,-0.00695592237407262,0.0214234385754539,-0.000632356579461148,"Michael Roberts","DET","TE",2018
"1816","00-0033549",1491,-0.00696579914729159,0.0209061051149638,-0.000633254467935599,"Duke Riley","ATL","LB",2018
"1817","00-0034869",2024,-0.00696787106087014,0.021215711292995,-0.000633442823715467,"Sam Darnold","NYJ","QB",2018
"1818","00-0031991",964,-0.00698343210156233,0.0212727138931308,-0.000634857463778393,"DeVante Bausby","PHI","DB",2018
"1819","00-0033420",1434,-0.00703260720055865,0.0214058859458403,-0.000639327927323513,"Donald Payne","JAX","LB",2018
"1820","00-0034774",1960,-0.00703813957065037,0.0220550828372102,-0.000639830870059125,"Breeland Speaks","KC","LB",2018
"1821","00-0030216",535,-0.00707925652721771,0.0220162843774244,-0.00064356877520161,"Josh Hill","NO","TE",2018
"1822","00-0034234",1725,-0.00711254032641812,0.0218341465868219,-0.00064659457512892,"Poona Ford","SEA","DL",2018
"1823","00-0027882",220,-0.0071420266498518,0.0220802167327907,-0.000649275149986527,"Patrick Robinson","NO","DB",2018
"1824","00-0025408",63,-0.00716136087963832,0.0212746116441274,-0.000651032807239847,"Reggie Nelson","OAK","DB",2018
"1825","00-0032150",1020,-0.00717549629034983,0.0215026688459667,-0.000652317844577257,"Steven Nelson","KC","DB",2018
"1826","00-0023298",27,-0.00718650541096041,0.0213651126983545,-0.000653318673723673,"L.P. LaDouceur","DAL","LS",2018
"1827","00-0030827",653,-0.00718886994697121,0.0206984435917872,-0.000653533631542837,"Tyler Shatley","JAX","OL",2018
"1828","00-0028103",289,-0.00723412235313937,0.0221192256048588,-0.000657647486649034,"Pernell McPhee","WAS","LB",2018
"1829","00-0031893",936,-0.00723554656957748,0.0211645734139446,-0.00065777696087068,"Jesse Davis","MIA","OL",2018
"1830","00-0033107",1348,-0.00724874885327932,0.0218375861304107,-0.000658977168479938,"William Jackson","CIN","DB",2018
"1831","00-0026983",124,-0.00729600628222702,0.0215542907848319,-0.000663273298384275,"Darrius Heyward-Bey","PIT","WR",2018
"1832","00-0028030",269,-0.0073132741857199,0.0212014503833912,-0.000664843107792718,"Joe Barksdale","ARI","OL",2018
"1833","00-0031491",836,-0.00731710831884023,0.0207713821798821,-0.000665191665349112,"Brian Peters","HOU","LB",2018
"1834","00-0033933",1645,-0.00734289529855297,0.0221944193290426,-0.000667535936232088,"Chad Williams","ARI","WR",2018
"1835","00-0029091",345,-0.00735248065558988,0.0230538481358927,-0.000668407332326353,"Bradley Sowell","CHI","OL",2018
"1836","00-0029144",354,-0.00736800242667521,0.0210865176706952,-0.000669818402425019,"Tom Compton","MIN","OL",2018
"1837","00-0028097",287,-0.00738298382747413,0.0217317420641685,-0.000671180347952194,"Lee Smith","OAK","TE",2018
"1838","00-0033903",1619,-0.00738396630405103,0.0211092966052361,-0.000671269664004639,"Josh Jones","GB","DB",2018
"1839","00-0033545",1487,-0.00740112301397216,0.0216350524060602,-0.00067282936490656,"Teez Tabor","DET","DB",2018
"1840","00-0034743",1937,-0.00742748278192278,0.0206982577504175,-0.000675225707447525,"Rashaan Evans","TEN","LB",2018
"1841","00-0033899",1615,-0.00747224951444791,0.0223356828479917,-0.000679295410404355,"DeShone Kizer","GB","QB",2018
"1842","00-0027297",158,-0.00749160463371023,0.0220538145634938,-0.00068105496670093,"Austin Howard","WAS","OL",2018
"1843","00-0029681",451,-0.00750896810822901,0.0206811566594648,-0.000682633464384455,"Janoris Jenkins","NYG","DB",2018
"1844","00-0032940",1276,-0.00752422274231717,0.0224592357718184,-0.000684020249301561,"DeAndre Washington","OAK","RB",2018
"1845","00-0030558",610,-0.00752851275435413,0.0203105192784852,-0.00068441025039583,"Barkevious Mingo","SEA","LB",2018
"1846","00-0034344",1770,-0.00752930132211736,0.0209203841552787,-0.000684481938374305,"Marcus Davenport","NO","DL",2018
"1847","00-0030251",537,-0.00753766524793678,0.0203816971840609,-0.00068524229526698,"Wes Horton","CAR","DL",2018
"1848","00-0027078",141,-0.00759599775864931,0.0229528039148777,-0.000690545250786301,"T.J. Lang","DET","OL",2018
"1849","00-0032497",1146,-0.0076031201160194,0.0222198021118039,-0.000691192737819946,"Reid Ferguson","BUF","LS",2018
"1850","00-0033093",1341,-0.00761210668665405,0.0201114899191628,-0.000692009698786732,"Jonathan Bullard","CHI","DL",2018
"1851","00-0029248",364,-0.00761665296471166,0.0208203273184237,-0.000692422996791969,"Luke Kuechly","CAR","LB",2018
"1852","00-0032255",1063,-0.00761850564559467,0.0199465785645368,-0.000692591422326789,"A.J. Cann","JAX","OL",2018
"1853","00-0031404",818,-0.00763427938402346,0.0211200834903306,-0.000694025398547587,"Adrian Phillips","LAC","DB",2018
"1854","00-0032192",1032,-0.00763562776394135,0.0211715891626384,-0.000694147978540122,"Daniel Munyer","ARI","OL",2018
"1855","00-0032320",1072,-0.00763902243125702,0.0207559188831513,-0.000694456584659729,"Erik Harris","OAK","DB",2018
"1856","00-0032763",1209,-0.00768084889618131,0.0206419071043829,-0.000698258990561937,"Austin Johnson","TEN","DL",2018
"1857","00-0030455",573,-0.00770751750994165,0.0205889979654233,-0.000700683409994696,"Star Lotulelei","BUF","DL",2018
"1858","00-0029193",359,-0.00771425438931494,0.0215008905929296,-0.000701295853574085,"Bruce Irvin","ATL","DL",2018
"1859","00-0030300",543,-0.00773424090274453,0.0212924590783581,-0.000703112809340412,"Jaron Brown","SEA","WR",2018
"1860","00-0032486",1143,-0.00776363030175269,0.0220220724356926,-0.000705784572886608,"Kameron Canaday","PIT","LS",2018
"1861","00-0029762",466,-0.00777325307375356,0.0223068480896095,-0.000706659370341233,"John Wetzel","ARI","OL",2018
"1862","00-0029693",459,-0.0078369673570197,0.0220089408182962,-0.000712451577910882,"Olivier Vernon","NYG","LB",2018
"1863","00-0034457",1849,-0.00783896809922426,0.0214984911305913,-0.000712633463565842,"Josh Adams","PHI","RB",2018
"1864","00-0031075",697,-0.00790849877277736,0.0209240042956827,-0.000718954433888851,"Alfred Blue","HOU","RB",2018
"1865","00-0031306",771,-0.00791253250124235,0.0205442936257466,-0.000719321136476577,"Russell Bodine","BUF","OL",2018
"1866","00-0031876",933,-0.00791568180061237,0.021245919863723,-0.000719607436419306,"Matt Wile","MIN","P",2018
"1867","00-0034371",1796,-0.00791855061754384,0.0212038915215647,-0.000719868237958531,"Da'Shawn Hand","DET","DL",2018
"1868","00-0026156",84,-0.00791899145890367,0.0224703054900137,-0.000719908314445788,"Dominique Rodgers-Cromartie","OAK","DB",2018
"1869","00-0031502",839,-0.00794256693074635,0.0224333673153448,-0.000722051539158759,"Jordan Berry","PIT","P",2018
"1870","00-0031571",865,-0.00796800608501395,0.0207586612973875,-0.000724364189546723,"Clayton Geathers","IND","DB",2018
"1871","00-0032661",1184,-0.00797752353613452,0.0219186845159836,-0.000725229412375865,"Ben Braunecker","CHI","TE",2018
"1872","00-0034378",1803,-0.00802530731911974,0.0223718902238567,-0.000729573392647249,"Ito Smith","ATL","RB",2018
"1873","00-0033570",1507,-0.0080255061435016,0.0210516748128425,-0.000729591467591055,"Anthony Walker","IND","LB",2018
"1874","00-0033512",1465,-0.00812828802764764,0.0194313306295611,-0.000738935275240695,"Damontae Kazee","ATL","DB",2018
"1875","00-0029008",337,-0.00813183376359008,0.0220310939535932,-0.000739257614871826,"Charley Hughlett","CLE","LS",2018
"1876","00-0026035",80,-0.00819676128081969,0.0212520997439497,-0.000745160116438154,"Danny Amendola","MIA","WR",2018
"1877","00-0029709",462,-0.00820262523075145,0.0217692893965001,-0.000745693202795586,"Ty Nsekhe","WAS","OL",2018
"1878","00-0034681",1924,-0.00823072507054663,0.0212371938038432,-0.000748247733686057,"Chase Edmonds","ARI","RB",2018
"1879","00-0028075",280,-0.00823810974101418,0.0212498814871769,-0.000748919067364925,"Buster Skrine","NYJ","DB",2018
"1880","00-0024183",45,-0.00827339080190305,0.0210770971184294,-0.000752126436536641,"Brent Grimes","TB","DB",2018
"1881","00-0034815",1989,-0.00833268539943347,0.0203262491711353,-0.000757516854493952,"Fred Warner","SF","LB",2018
"1882","00-0027607",169,-0.00833473358225137,0.0214716163637465,-0.000757703052931943,"Ted Larsen","MIA","OL",2018
"1883","00-0033554",1495,-0.00833922377876672,0.0213652491950016,-0.000758111252615156,"Tedric Thompson","SEA","DB",2018
"1884","00-0029689",455,-0.00836815825259413,0.0202436524904224,-0.000760741659326739,"Dwayne Allen","NE","TE",2018
"1885","00-0033790",1566,-0.00838065126646218,0.0212881872250378,-0.000761877387860198,"Jordan Evans","CIN","LB",2018
"1886","00-0032972",1295,-0.00838065140258296,0.0214462161181483,-0.000761877400234815,"Devontae Booker","DEN","RB",2018
"1887","00-0031253",740,-0.00839061422672009,0.0209386714852244,-0.000762783111520008,"K'Waun Williams","SF","DB",2018
"1888","00-0031690",901,-0.00840220277181872,0.0216319332858902,-0.000763836615619884,"Eric Tomlinson","NYJ","TE",2018
"1889","00-0029672",446,-0.00840904805963077,0.0212393218421221,-0.000764458914511888,"Riley Reiff","MIN","OL",2018
"1890","00-0029408",386,-0.00847092338617574,0.0209711131004547,-0.000770083944197794,"Nick Perry","GB","LB",2018
"1891","00-0029764",467,-0.00850847038547227,0.0208878587224176,-0.000773497307770206,"Cody Davis","JAX","DB",2018
"1892","00-0033952",1661,-0.00853865219588117,0.0213608990891047,-0.00077624110871647,"Grover Stewart","IND","DL",2018
"1893","00-0032916",1267,-0.0085458587060833,0.0223285689017933,-0.000776896246007573,"Trevor Williams","LAC","DB",2018
"1894","00-0030776",648,-0.00855143588203447,0.0210202504117123,-0.000777403262003133,"Kerry Wynn","NYG","DL",2018
"1895","00-0032517",1148,-0.00855150658096188,0.0204461721594885,-0.000777409689178353,"Briean Boddy-Calhoun","CLE","DB",2018
"1896","00-0029191",358,-0.00855870902396031,0.0212842831047098,-0.000778064456723664,"DeShawn Shead","DET","DB",2018
"1897","00-0029414",391,-0.00858750350281789,0.0212498543392189,-0.000780682136619808,"Orson Charles","CLE","TE",2018
"1898","00-0027245",154,-0.00864072032482995,0.021320953743904,-0.000785520029529996,"Vincent Rey","CIN","LB",2018
"1899","00-0033445",1442,-0.00865845493345263,0.0213903306282754,-0.000787132266677512,"Nicholas Morrow","OAK","LB",2018
"1900","00-0027869",213,-0.00868668342055354,0.0221434966801016,-0.000789698492777595,"Mike Iupati","ARI","OL",2018
"1901","00-0033038",1308,-0.0087539968889388,0.0210414163619783,-0.000795817898994436,"Eric Murray","KC","DB",2018
"1902","00-0031632",895,-0.00877219295118363,0.0207266007451392,-0.000797472086471239,"Denzelle Good","OAK","OL",2018
"1903","00-0031740",910,-0.00884216352295628,0.0202346998075672,-0.00080383304754148,"Neville Hewitt","NYJ","LB",2018
"1904","00-0030968",668,-0.0088884681519841,0.0205832129563447,-0.000808042559271282,"Keith Smith","OAK","RB",2018
"1905","00-0028292",309,-0.00889318026901964,0.0209363349517786,-0.00080847093354724,"Nick Bellore","DET","RB",2018
"1906","00-0034687",1929,-0.00889539379755348,0.0204738668947407,-0.000808672163413953,"Korey Cunningham","ARI","OL",2018
"1907","00-0033943",1652,-0.00891085769849274,0.0208492125080848,-0.000810077972590249,"Josh Reynolds","LA","WR",2018
"1908","00-0027963",243,-0.00891500006311193,0.0213726500804285,-0.000810454551191994,"James Carpenter","NYJ","OL",2018
"1909","00-0031359",793,-0.00891544819424088,0.0209659098209892,-0.000810495290385534,"Kelvin Benjamin","KC","WR",2018
"1910","00-0034165",1708,-0.00894282178295893,0.0211036237018494,-0.000812983798450811,"Colby Gossett","ARI","OL",2018
"1911","00-0033104",1346,-0.00901955614361464,0.021595909533001,-0.000819959649419513,"Cody Kessler","JAX","QB",2018
"1912","00-0032895",1262,-0.00905227518422965,0.020629708155832,-0.000822934107657241,"Jatavis Brown","LAC","LB",2018
"1913","00-0031284",760,-0.00905862465438278,0.0213513270304678,-0.000823511332216616,"Travis Swanson","MIA","OL",2018
"1914","00-0032110",997,-0.00912328019224029,0.0214649628270742,-0.000829389108385481,"Kyle Emanuel","LAC","LB",2018
"1915","00-0032596",1170,-0.00913434294468171,0.0199267966945535,-0.000830394813152882,"Brian Poole","ATL","DB",2018
"1916","00-0028284",308,-0.00914884914335863,0.0221317911791809,-0.000831713558487148,"Patrick Scales","CHI","LS",2018
"1917","00-0027980",252,-0.00915758998153547,0.0209981039534194,-0.000832508180139588,"Brooks Reed","ATL","DL",2018
"1918","00-0031152",715,-0.00916968420912295,0.0210694042566113,-0.000833607655374813,"Bryan Witzmann","CHI","OL",2018
"1919","00-0028091",284,-0.00917970904554432,0.0222421598673256,-0.000834519004140393,"Jeremy Kerley","BUF","WR",2018
"1920","00-0023645",38,-0.00918675923948418,0.0215553315677665,-0.000835159930862198,"Derek Anderson","BUF","QB",2018
"1921","00-0029580",414,-0.00921457857888427,0.0219189300554654,-0.000837688961716752,"Rishard Matthews","NYJ","WR",2018
"1922","00-0027993",257,-0.00921863483405064,0.0216013352301624,-0.000838057712186422,"Rodney Hudson","OAK","OL",2018
"1923","00-0031079",698,-0.00925338624379705,0.0220041833429149,-0.000841216931254277,"Pat O'Donnell","CHI","P",2018
"1924","00-0031166",717,-0.0092785359699776,0.0211487458594168,-0.000843503269997964,"Seth Roberts","OAK","WR",2018
"1925","00-0027981",253,-0.00935156454135799,0.0221484397217317,-0.000850142231032544,"Kyle Rudolph","MIN","TE",2018
"1926","00-0034831",2001,-0.00940139816245871,0.0209860150545477,-0.000854672560223519,"Rasheem Green","SEA","DL",2018
"1927","00-0031269",753,-0.00945397818788173,0.0216011928315227,-0.000859452562534703,"T.J. Carrie","CLE","DB",2018
"1928","00-0030403",555,-0.00949743251854516,0.0206825874506265,-0.000863402956231378,"B.W. Webb","NYG","DB",2018
"1929","00-0031744",911,-0.00950533112016124,0.0208019772211237,-0.000864121010923749,"Matt LaCosse","DEN","TE",2018
"1930","00-0030147",526,-0.00953307934726793,0.0210494291837036,-0.000866643577024358,"Russell Shepard","NYG","WR",2018
"1931","00-0033288",1389,-0.00954382664259298,0.0207035530373335,-0.000867620603872089,"George Kittle","SF","TE",2018
"1932","00-0027778",196,-0.00958903339750399,0.022513510599559,-0.000871730308863999,"Sam Young","MIA","OL",2018
"1933","00-0034360",1785,-0.00959087493370165,0.0209487085211304,-0.000871897721245604,"Lorenzo Carter","NYG","LB",2018
"1934","00-0030170",531,-0.00960256337933382,0.0207190454454316,-0.000872960307212166,"Rontez Miles","NYJ","DB",2018
"1935","00-0032959",1286,-0.00961634616661341,0.0213931005671959,-0.000874213287873946,"Charone Peake","NYJ","WR",2018
"1936","00-0029159",356,-0.00962295629055367,0.021202557814008,-0.000874814208232152,"Jermaine Kearse","NYJ","WR",2018
"1937","00-0033469",1457,-0.0097881361011205,0.0221791732412233,-0.000889830554647318,"Vincent Taylor","MIA","DL",2018
"1938","00-0034355",1781,-0.00979102400683502,0.0214450847870696,-0.000890093091530457,"M.J. Stewart","TB","DB",2018
"1939","00-0033839",1573,-0.00980134869088897,0.0211876897908988,-0.000891031699171725,"Dede Westbrook","JAX","WR",2018
"1940","00-0034468",1852,-0.00985802537168936,0.022950011374368,-0.000896184124699033,"Chandon Sullivan","PHI","DB",2018
"1941","00-0029388",385,-0.0099263360440463,0.0212583093510194,-0.000902394185822391,"Deonte Thompson","BUF","WR",2018
"1942","00-0031953",957,-0.00997033952917118,0.0213729530478896,-0.000906394502651925,"Geremy Davis","LAC","WR",2018
"1943","00-0031598",882,-0.0100093574972642,0.0199660098770205,-0.00090994159066038,"Nick Boyle","BAL","TE",2018
"1944","00-0030741",644,-0.0100120774359057,0.0211279441712561,-0.000910188857809612,"Roosevelt Nix","PIT","RB",2018
"1945","00-0032951",1280,-0.0100459509559184,0.0211281844862376,-0.000913268268719852,"Laquon Treadwell","MIN","WR",2018
"1946","00-0027247",155,-0.0100517873215579,0.0227209178288103,-0.000913798847414354,"Mike Windt","LAC","LS",2018
"1947","00-0034798",1979,-0.0100940795321882,0.0207296613515795,-0.000917643593835294,"Durham Smythe","MIA","TE",2018
"1948","00-0034683",1926,-0.0101218435899302,0.0217700448358351,-0.000920167599084566,"Darius Phillips","CIN","DB",2018
"1949","00-0027985",254,-0.0101477615303891,0.0206489328345132,-0.000922523775489917,"Lance Kendricks","GB","TE",2018
"1950","00-0030404",556,-0.0102134539652801,0.0209026744984545,-0.00092849581502546,"Chris Thompson","WAS","RB",2018
"1951","00-0026516",105,-0.0102324383073066,0.0222033420323188,-0.000930221664300602,"Britton Colquitt","CLE","P",2018
"1952","00-0031339",784,-0.0102351998897957,0.0207761364739302,-0.000930472717254154,"Donte Moncrief","JAX","WR",2018
"1953","00-0031713",902,-0.010337901072955,0.021716411345682,-0.000939809188450459,"Xavier Williams","KC","DL",2018
"1954","00-0033681",1539,-0.0103477353105134,0.0209081707525753,-0.00094070321004667,"Keelan Cole","JAX","WR",2018
"1955","00-0033936",1648,-0.0103492455072403,0.0224155062846146,-0.000940840500658206,"C.J. Beathard","SF","QB",2018
"1956","00-0027768",195,-0.0104867668639278,0.02114296079534,-0.000953342442175251,"Marshall Newhouse","CAR","OL",2018
"1957","00-0032262",1068,-0.0105225504562133,0.0205674827713068,-0.000956595496019389,"Landon Collins","NYG","DB",2018
"1958","00-0034302",1752,-0.0106241286327864,0.0210453424407435,-0.000965829875707858,"Frankie Luvu","NYJ","LB",2018
"1959","00-0034768",1956,-0.0106869998010297,0.022044715944423,-0.000971545436457244,"Chukwuma Okorafor","PIT","OL",2018
"1960","00-0028087",283,-0.0107664170887214,0.0209945270586537,-0.000978765189883759,"Dion Lewis","TEN","RB",2018
"1961","00-0031175",721,-0.0108129900581494,0.0199448719542738,-0.0009829990961954,"Cassius Marsh","SF","DL",2018
"1962","00-0028912",331,-0.0108536571199252,0.0211973372852619,-0.000986696101811382,"Vontaze Burfict","CIN","LB",2018
"1963","00-0032760",1206,-0.0108909572507854,0.0213762266137934,-0.000990087022798673,"Josh Doctson","WAS","WR",2018
"1964","00-0030046",497,-0.0110443857686651,0.0210512755907384,-0.00100403506987865,"Jordan Mills","BUF","OL",2018
"1965","00-0032749",1201,-0.011119633511101,0.020915239924665,-0.00101087577373645,"Isaiah Johnson","TB","DB",2018
"1966","00-0026898",118,-0.0111450789628748,0.0221497644511234,-0.00101318899662498,"Mark Sanchez","WAS","QB",2018
"1967","00-0029690",456,-0.0111683408489287,0.0203575341225047,-0.00101530371353897,"Trumaine Johnson","NYJ","DB",2018
"1968","00-0024061",44,-0.0112296612000367,0.0213001465021362,-0.00102087829091243,"Tramon Williams","GB","DB",2018
"1969","00-0030528",600,-0.0112327108464772,0.0210609197661122,-0.00102115553149792,"Robert Alford","ATL","DB",2018
"1970","00-0032786",1230,-0.0112330433514442,0.0207661892871963,-0.0010211857592222,"Marqui Christian","LA","DB",2018
"1971","00-0025405",62,-0.0112579761129334,0.0229216764726477,-0.00102345237390304,"Leon Hall","OAK","DB",2018
"1972","00-0029212",361,-0.0113216379696204,0.0207769740386968,-0.00102923981542003,"Tahir Whitehead","OAK","LB",2018
"1973","00-0031587",875,-0.0113465834126543,0.0207128727057514,-0.00103150758296858,"Bobby McCain","MIA","DB",2018
"1974","00-0033891",1607,-0.0113681724260354,0.0206719453358318,-0.00103347022054867,"Zay Jones","BUF","WR",2018
"1975","00-0028112",291,-0.0113934523540166,0.0212688230107885,-0.00103576839581969,"Charles Clay","BUF","TE",2018
"1976","00-0027029",137,-0.0114271469371319,0.0218105843006627,-0.00103883153973926,"LeSean McCoy","BUF","RB",2018
"1977","00-0033958",1666,-0.011467350153718,0.021759352006149,-0.00104248637761073,"Nathan Peterman","OAK","QB",2018
"1978","00-0034775",1961,-0.0115053178421961,0.021841586366944,-0.00104593798565419,"Christian Kirk","ARI","WR",2018
"1979","00-0033463",1451,-0.0116060872324231,0.0220036595834068,-0.00105509883931119,"Carl Lawson","CIN","DL",2018
"1980","00-0030780",649,-0.0116226622397881,0.0212639961645565,-0.00105660565816255,"Ryan Hewitt","IND","TE",2018
"1981","00-0033860",1581,-0.0116270381314107,0.0215148473151809,-0.00105700346649188,"Davon Godchaux","MIA","DL",2018
"1982","00-0034830",2000,-0.0116471830579084,0.0209929629150025,-0.00105883482344622,"Hayden Hurst","BAL","TE",2018
"1983","00-0027979",251,-0.0117481493098633,0.0226565583144596,-0.00106801357362393,"Jarvis Jenkins","KC","DL",2018
"1984","00-0032891",1260,-0.0118219409468582,0.0210505923742005,-0.00107472190425984,"Daryl Worley","OAK","DB",2018
"1985","00-0030471",581,-0.0121272928651529,0.0205419003015488,-0.00110248116955935,"Shawn Williams","CIN","DB",2018
"1986","00-0033904",1620,-0.0121521638605068,0.0219953507149298,-0.00110474216913699,"Dion Dawkins","BUF","OL",2018
"1987","00-0029701",461,-0.0123240163956725,0.0217194712308206,-0.00112036512687931,"Ryan Tannehill","MIA","QB",2018
"1988","00-0031547",846,-0.0123424335451499,0.0213409825033316,-0.00112203941319544,"DeVante Parker","MIA","WR",2018
"1989","00-0034778",1964,-0.0124502747180985,0.0209582131678328,-0.00113184315619077,"Carlton Davis","TB","DB",2018
"1990","00-0029316",382,-0.0124568481511112,0.0211849873911858,-0.00113244074101011,"Kelvin Beachum","NYJ","OL",2018
"1991","00-0027325",159,-0.0126454528305725,0.0212766929381619,-0.00114958662096114,"LeGarrette Blount","DET","RB",2018
"1992","00-0028092",285,-0.0129267242505786,0.021058527271019,-0.0011751567500526,"Richard Sherman","SF","DB",2018
"1993","00-0028445",315,-0.0129322128103983,0.0213075122332551,-0.00117565571003621,"Ron Parker","KC","DB",2018
"1994","00-0027988",256,-0.0129545521153832,0.020896960944774,-0.00117768655594393,"Marcus Gilchrist","OAK","DB",2018
"1995","00-0028024",267,-0.0130085339071382,0.0206056105574971,-0.00118259399155802,"Allen Bailey","KC","DL",2018
"1996","00-0033421",1435,-0.0131684593790675,0.0208169011180541,-0.00119713267082432,"Antony Auclair","TB","TE",2018
"1997","00-0033292",1392,-0.0132182428430273,0.0217300426624219,-0.00120165844027521,"Trent Taylor","SF","WR",2018
"1998","00-0034413",1829,-0.013304329125603,0.0209137207877552,-0.0012094844659639,"Foye Oluokun","ATL","LB",2018
"1999","00-0034773",1959,-0.0133354265948507,0.0204538083690604,-0.00121231150862279,"Vita Vea","TB","DL",2018
"2000","00-0032222",1048,-0.0135680615615437,0.0220864301590174,-0.00123346014195852,"D.J. Humphries","ARI","OL",2018
"2001","00-0034751",1942,-0.0135725582605817,0.0204897792068455,-0.00123386893278015,"Josh Jackson","GB","DB",2018
"2002","00-0030083",513,-0.0136754075594789,0.0230176741824765,-0.00124321886904353,"Oday Aboushi","ARI","OL",2018
"2003","00-0033930",1642,-0.0138012519579734,0.0218566981263475,-0.00125465926890667,"Cameron Sutton","PIT","DB",2018
"2004","00-0029889",478,-0.0138726433783277,0.0209355021045937,-0.00126114939802979,"Patrick Omameh","JAX","OL",2018
"2005","00-0032259",1066,-0.0139418939430991,0.0203988431023306,-0.0012674449039181,"Ereck Flowers","JAX","OL",2018
"2006","00-0034500",1862,-0.0139760842411605,0.0215627170335008,-0.00127055311283277,"Tae Davis","NYG","LB",2018
"2007","00-0032795",1238,-0.0139865787197528,0.0212923659761346,-0.00127150715634116,"Cody Core","CIN","WR",2018
"2008","00-0033024",1305,-0.0141477702476788,0.0227746159192477,-0.00128616093160717,"Branden Jackson","SEA","DL",2018
"2009","00-0029931",483,-0.0141622490066841,0.0201314008101472,-0.00128747718242582,"Zach Line","NO","RB",2018
"2010","00-0034746",1939,-0.0141941108864735,0.0211634253168333,-0.00129037371695213,"Maurice Hurst","OAK","DL",2018
"2011","00-0032875",1254,-0.0144962763455693,0.0206184494276632,-0.00131784330414267,"Ken Crawley","NO","DB",2018
"2012","00-0032362",1076,-0.014648888667037,0.0212624775113145,-0.00133171715154882,"Maurice Harris","WAS","WR",2018
"2013","00-0032081",986,-0.0148735035768138,0.0225580977856917,-0.00135213668880126,"Nick Dzubnar","LAC","LB",2018
"2014","00-0032187",1031,-0.015131807230929,0.0212138498466981,-0.00137561883917536,"David Johnson","ARI","RB",2018
"2015","00-0027667",177,-0.0154028550241129,0.0211591774482313,-0.00140025954764663,"Vladimir Ducasse","BUF","OL",2018
"2016","00-0033611",1529,-0.0163291623622174,0.0209170780306497,-0.00148446930565613,"Ricky Seals-Jones","ARI","TE",2018
"2017","00-0034259",1729,-0.0165121659922856,0.0200073374032949,-0.00150110599929869,"Desmond Harrison","CLE","OL",2018
"2018","00-0034262",1731,-0.0171156327964841,0.0210536213414715,-0.00155596661786219,"P.J. Hall","OAK","DL",2018
"2019","00-0032149",1019,-0.0174476313290226,0.0212652664957243,-0.00158614830263842,"John Miller","BUF","OL",2018
"2020","00-0032897",1264,-0.017635402127947,0.021079871633783,-0.00160321837526791,"Derek Watt","LAC","RB",2018
"2021","00-0026982",123,-0.017648803519565,0.0211997971695457,-0.00160443668359681,"Andre Smith","CIN","OL",2018
"2022","00-0034487",1856,-0.0183730494691941,0.0221909146932124,-0.00167027722447219,"Trent Sherfield","ARI","WR",2018
"2023","00-0034343",1769,-0.0210444600010085,0.0212716832534584,-0.00191313272736441,"Josh Rosen","ARI","QB",2018
"2024","00-0028263",306,-0.0225168348500079,0.0210262346138266,-0.00204698498636436,"Andre Holmes","DEN","WR",2018
"2025","00-0031951",956,-0.0227148568027202,0.0208119650018801,-0.00206498698206547,"James O'Shaughnessy","JAX","TE",2018
"2026","00-0034785",1969,-0.0234889320551518,0.0219949524389981,-0.00213535745955925,"Mason Cole","ARI","OL",2018
"2027","00-0031045",684,-0.0249762054394801,0.0209702969701249,-0.00227056413086183,"Carlos Hyde","JAX","RB",2018
"2028","00-0022921",19,-0.0255162489047299,0.0210716889355255,-0.00231965899133908,"Larry Fitzgerald","ARI","WR",2018
