"","nfl_id","player_idx","apm","apm_sd","apm_per_play","full_name","team","position","season"
"1","00-0030061",53,0.030887185825454,0.0222848821538633,0.00280792598413218,"Zach Ertz","WAS","TE",2024
"2","00-0037261",1293,0.0251030373724681,0.0222788258472687,0.00228209430658801,"Khalil Shakir","BUF","WR",2024
"3","00-0035676",758,0.0234378987097747,0.023171376278975,0.00213071806452497,"A.J. Brown","PHI","WR",2024
"4","00-0038133",1533,0.0232129038028611,0.0239093084999647,0.00211026398207828,"Boye Mafe","SEA","LB",2024
"5","00-0038386",1545,0.022113874424011,0.0217069114806048,0.00201035222036463,"Jalen Carter","PHI","DL",2024
"6","00-0039139",1839,0.0218760268153953,0.0230639562995455,0.00198872971049048,"Jahmyr Gibbs","DET","RB",2024
"7","00-0035763",789,0.0218477352900646,0.0224802710159517,0.00198615775364224,"Malcolm Roach","DEN","DL",2024
"8","00-0033375",291,0.0217793278284891,0.0237651499137156,0.00197993889349901,"Tim Patrick","DET","WR",2024
"9","00-0034753",536,0.0213624539410797,0.0223757463049415,0.00194204126737088,"Mark Andrews","BAL","TE",2024
"10","00-0036954",1164,0.0212232156539113,0.0218632558621285,0.00192938324126467,"Levi Onwuzurike","DET","DL",2024
"11","00-0035166",643,0.0210667016586889,0.0228935563648456,0.00191515469624445,"Azeez Al-Shaair","HOU","LB",2024
"12","00-0038976",1770,0.0204091018218604,0.0227444301370209,0.0018553728928964,"Marvin Mims Jr.","DEN","WR",2024
"13","00-0035689",768,0.0203774306029615,0.0223025195617006,0.00185249369117832,"Dawson Knox","BUF","TE",2024
"14","00-0030757",75,0.0203747315976203,0.0226158605247136,0.00185224832705639,"Mike Pennel","KC","DL",2024
"15","00-0036416",983,0.0201966085686468,0.0229894860291187,0.00183605532442244,"Kristian Fulton","LAC","DB",2024
"16","00-0034829",571,0.019596756562657,0.0233191426972394,0.00178152332387791,"Mike Gesicki","CIN","TE",2024
"17","00-0039009",1791,0.0192464370194143,0.0227739705685587,0.00174967609267403,"Dylan Horton","HOU","DL",2024
"18","00-0033904",378,0.0191647596047011,0.0231068237161954,0.00174225087315465,"Dion Dawkins","BUF","OL",2024
"19","00-0034796",555,0.0187948473161221,0.0226309611012819,0.00170862248328382,"Lamar Jackson","BAL","QB",2024
"20","00-0035112",627,0.0187377411613025,0.0232469611532686,0.00170343101466386,"Patrick Mekari","BAL","OL",2024
"21","00-0036410",978,0.0183913156698214,0.0232870635096936,0.00167193778816559,"Tee Higgins","CIN","WR",2024
"22","00-0030506",68,0.018284517436916,0.0223623786451388,0.00166222885790146,"Travis Kelce","KC","TE",2024
"23","00-0031408",104,0.018165543352041,0.0219879693656513,0.00165141303200372,"Mike Evans","TB","WR",2024
"24","00-0035537",719,0.0180776562169534,0.0229194961722001,0.00164342329245031,"Ty Johnson","BUF","RB",2024
"25","00-0032965",232,0.0179813263287974,0.0235024430015948,0.00163466602989067,"Ronnie Stanley","BAL","OL",2024
"26","00-0035692",769,0.0179509615398759,0.0236668567368521,0.00163190559453417,"Clelin Ferrell","WAS","DL",2024
"27","00-0036629",1048,0.0178906696537864,0.0223252933498213,0.00162642451398058,"Camryn Bynum","MIN","DB",2024
"28","00-0035679",760,0.0178244744518622,0.0227231270444717,0.00162040676835111,"Connor McGovern","BUF","OL",2024
"29","00-0035525",716,0.0177030006097313,0.0221966625089965,0.00160936369179376,"Devin Bush","CLE","LB",2024
"30","00-0032401",187,0.0175647102881217,0.0230113968199641,0.0015967918443747,"De'Vondre Campbell","SF","LB",2024
"31","00-0034285",443,0.0174368625275848,0.023255424630361,0.00158516932068953,"Zach Sieler","MIA","DL",2024
"32","00-0035253",672,0.0173789418241777,0.0229188838900318,0.00157990380219797,"C.J. Gardner-Johnson","PHI","DB",2024
"33","00-0037838",1482,0.017233240653291,0.0219283223099606,0.00156665824120827,"Isaiah Likely","BAL","TE",2024
"34","00-0033955",402,0.017076126658865,0.0226189090726718,0.00155237515080591,"Jeremy McNichols","WAS","RB",2024
"35","00-0036244",876,0.0170471023093369,0.0221066557255857,0.00154973657357608,"Colby Parkinson","LA","TE",2024
"36","00-0033093",253,0.0170252559405506,0.0231843258312488,0.00154775054005006,"Jonathan Bullard","MIN","DL",2024
"37","00-0035227",651,0.0169165668659914,0.0226524214374014,0.00153786971509013,"P.J. Locke","DEN","DB",2024
"38","00-0036901",1125,0.0168049839183141,0.0214836356671732,0.00152772581075583,"Eric Stokes","GB","DB",2024
"39","00-0033858",348,0.0167906308645348,0.0222083143659169,0.00152642098768498,"Jonnu Smith","MIA","TE",2024
"40","00-0026190",7,0.0167726026951577,0.0228165925148964,0.00152478206319615,"Calais Campbell","MIA","DL",2024
"41","00-0034203",427,0.0166324230918295,0.0225533577625106,0.00151203846289359,"Darious Williams","LA","DB",2024
"42","00-0037007",1206,0.0166011096307451,0.0219621719929128,0.00150919178461319,"Patrick Jones II","MIN","LB",2024
"43","00-0034967",597,0.016596700749832,0.0233805912959766,0.00150879097725745,"Rashan Gary","GB","DL",2024
"44","00-0029592",40,0.0165781038604422,0.0228139875801262,0.00150710035094929,"Kevin Zeitler","DET","OL",2024
"45","00-0034857",584,0.0164176151054667,0.0229229276128448,0.00149251046413334,"Josh Allen","BUF","QB",2024
"46","00-0036900",1124,0.0160047348972864,0.0225391404181752,0.00145497589975331,"Ja'Marr Chase","CIN","WR",2024
"47","00-0035133",632,0.0158330178463992,0.0226380581146697,0.00143936525876356,"Keisean Nixon","GB","DB",2024
"48","00-0035668",754,0.0157927710037544,0.0229181246722723,0.00143570645488676,"David Edwards","BUF","OL",2024
"49","00-0036212",860,0.015770719831187,0.0235007910510331,0.00143370180283518,"Tua Tagovailoa","MIA","QB",2024
"50","00-0035276",683,0.0157418935342084,0.0223301366552094,0.00143108123038258,"Blake Cashman","MIN","LB",2024
"51","00-0038412",1564,0.015706128486215,0.0222867248492126,0.00142782986238318,"Moro Ojomo","PHI","DL",2024
"52","00-0037237",1269,0.0156562195689261,0.0229183212498024,0.00142329268808419,"Derek Stingley Jr.","HOU","DB",2024
"53","00-0037825",1471,0.0155666269753452,0.0227614780792901,0.00141514790684956,"Tyler Linderbaum","BAL","OL",2024
"54","00-0033555",317,0.0154155418587196,0.0225293445089162,0.00140141289624723,"Mack Hollins","BUF","WR",2024
"55","00-0027969",23,0.0153960105925437,0.0232344065686544,0.00139963732659488,"Cameron Heyward","PIT","DL",2024
"56","00-0039515",1998,0.0152171702216941,0.0226621525343197,0.0013833791110631,"Winston Reid","CLE","LB",2024
"57","00-0032387",179,0.0152079757669421,0.0220804387057945,0.00138254325154019,"Jarran Reed","SEA","DL",2024
"58","00-0039013",1792,0.0150763624915723,0.0221617164307694,0.00137057840832476,"Nolan Smith","PHI","LB",2024
"59","00-0039841",2121,0.0149817532251694,0.0223004981347408,0.00136197756592449,"Cooper DeJean","PHI","DB",2024
"60","00-0035248",669,0.0149185631944651,0.0226491980818642,0.00135623301767864,"Zach Allen","DEN","DL",2024
"61","00-0039776",2077,0.0148535900578849,0.0225871997809112,0.00135032636889863,"Jaylen McCollough","LA","DB",2024
"62","00-0035659",749,0.0147519344130946,0.0230664943718286,0.00134108494664497,"Terry McLaurin","WAS","WR",2024
"63","00-0027865",16,0.0145975632346025,0.0224408362311376,0.00132705120314568,"Brandon Graham","PHI","DL",2024
"64","00-0036222",868,0.0145079324020122,0.0238256913281438,0.00131890294563747,"Isaiah Rodgers","PHI","DB",2024
"65","00-0033536",307,0.0144338428829338,0.021870346328988,0.00131216753481216,"Mike Williams","PIT","WR",2024
"66","00-0029606",43,0.0143406314232861,0.0233197452610178,0.00130369376575328,"Harrison Smith","MIN","DB",2024
"67","00-0037155",1243,0.0141028418147811,0.021896831898781,0.00128207652861647,"Tony Adams","NYJ","DB",2024
"68","00-0039309",1881,0.0140927744877912,0.0228586592829875,0.00128116131707193,"Byron Murphy II","SEA","DL",2024
"69","00-0035699",774,0.0140273717873128,0.0221733775253044,0.00127521561702843,"Jamel Dean","TB","DB",2024
"70","00-0034844",579,0.0139969837830969,0.0235059293320847,0.00127245307119063,"Saquon Barkley","PHI","RB",2024
"71","00-0037205",1258,0.01395813146972,0.0221298134034865,0.00126892104270182,"Brenden Schooler","NE","DB",2024
"72","00-0036621",1040,0.0138495372106295,0.0238157937338062,0.00125904883732996,"Nick Bolton","KC","LB",2024
"73","00-0039369",1923,0.0137158066810101,0.0212656340843829,0.00124689151645547,"Cam Hart","LAC","DB",2024
"74","00-0037240",1272,0.0136921994164907,0.022628905776932,0.00124474540149915,"Jameson Williams","DET","WR",2024
"75","00-0038619",1667,0.0136606751930266,0.0235341442621067,0.00124187956300242,"Andrei Iosivas","CIN","WR",2024
"76","00-0037249",1281,0.0136591744750363,0.0224274479614304,0.00124174313409421,"Nik Bonitto","DEN","LB",2024
"77","00-0039146",1846,0.0136489869219601,0.0222647495958807,0.00124081699290546,"Jayden Reed","GB","WR",2024
"78","00-0036963",1170,0.0135949681876742,0.0229447575693099,0.00123590619887947,"Amon-Ra St. Brown","DET","WR",2024
"79","00-0038118",1520,0.0133953871897586,0.0228305118804817,0.00121776247179624,"Daniel Faalele","BAL","OL",2024
"80","00-0034275",438,0.0133316165775308,0.0226176298031193,0.00121196514341189,"Foley Fatukasi","HOU","DL",2024
"81","00-0039068",1822,0.0133148131030853,0.0230786519956004,0.00121043755482594,"Yaya Diaby","TB","LB",2024
"82","00-0036916",1137,0.0132927478017107,0.0217785611097009,0.00120843161833734,"Milton Williams","PHI","DL",2024
"83","00-0038124",1526,0.0131441170247808,0.0232602514504792,0.00119491972952553,"Christian Watson","GB","WR",2024
"84","00-0038548",1604,0.0131048259299859,0.0226016597848324,0.0011913478118169,"O'Cyrus Torrence","BUF","OL",2024
"85","00-0036418",985,0.0129364030362415,0.0219512610061335,0.00117603663965832,"Zack Baun","PHI","LB",2024
"86","00-0035717",783,0.0129268048845267,0.0219880376436225,0.00117516408041152,"Nick Bosa","SF","DL",2024
"87","00-0038614",1662,0.0127846459965899,0.0217216515208479,0.00116224054514454,"Scott Matlock","LAC","RB",2024
"88","00-0038660",1691,0.0127636493354651,0.0226130388957663,0.00116033175776956,"Trevor Nowaske","DET","LB",2024
"89","00-0037130",1238,0.012758405261792,0.0216477745758885,0.00115985502379928,"Reed Blankenship","PHI","DB",2024
"90","00-0037075",1217,0.0127552762391436,0.0231053250552225,0.00115957056719487,"Devonte Wyatt","GB","DL",2024
"91","00-0037195",1253,0.012720623712656,0.0223999558772407,0.00115642033751418,"Jaylen Watson","KC","DB",2024
"92","00-0039895",2162,0.0125597776541945,0.0230083565468541,0.00114179796856313,"Mike Hall Jr.","CLE","DL",2024
"93","00-0038099",1504,0.0125114084260134,0.0231761986748888,0.00113740076600122,"Phidarian Mathis","NYJ","DL",2024
"94","00-0037288",1314,0.0124870020167586,0.0220566652333468,0.00113518200152351,"Christian Benford","BUF","DB",2024
"95","00-0038387",1546,0.0124487006855084,0.0236779447691771,0.00113170006231895,"Colby Wooden","GB","DL",2024
"96","00-0036976",1180,0.0123678331390157,0.0228133632726054,0.00112434846718324,"Spencer Brown","BUF","OL",2024
"97","00-0037253",1285,0.0123419486240579,0.0224843299203611,0.00112199532945981,"Marcus Jones","NE","DB",2024
"98","00-0032381",175,0.0123076600654132,0.0219262655283418,0.00111887818776483,"Taylor Decker","DET","OL",2024
"99","00-0035667",753,0.0122566021077814,0.0235948120095431,0.00111423655525286,"Greg Gaines","TB","DL",2024
"100","00-0036224",870,0.0120776920964577,0.0226465127139679,0.00109797200876889,"Jonathan Greenard","MIN","LB",2024
"101","00-0034790",552,0.0120174711697245,0.0221707986914863,0.00109249737906586,"Derwin James","LAC","DB",2024
"102","00-0033928",392,0.0119978312093659,0.0215135578559822,0.00109071192812417,"Jourdan Lewis","DAL","DB",2024
"103","00-0037834",1478,0.0119721816901644,0.0229855533757928,0.00108838015365131,"Brock Purdy","SF","QB",2024
"104","00-0034407",486,0.0119650127674125,0.0234992023842033,0.00108772843340114,"Ray-Ray McCloud","ATL","WR",2024
"105","00-0031270",90,0.0119614643846254,0.0235048957451955,0.00108740585314776,"Shelby Harris","CLE","DL",2024
"106","00-0038715",1709,0.0119435865969324,0.023475131837216,0.00108578059972112,"Ronnie Hickman Jr.","CLE","DB",2024
"107","00-0036617",1036,0.0118695438160551,0.0235834068675177,0.00107904943782319,"Asante Samuel Jr.","LAC","DB",2024
"108","00-0033156",264,0.0118546163851873,0.0228876040764808,0.00107769239865339,"Joey Bosa","LAC","DL",2024
"109","00-0033546",311,0.0118517154034818,0.0228308070103688,0.0010774286730438,"Dalvin Tomlinson","CLE","DL",2024
"110","00-0035140",634,0.0118307354651442,0.0230288812257272,0.0010755214059222,"Mecole Hardman","KC","WR",2024
"111","00-0034782",549,0.0117973483696177,0.0234333300795625,0.00107248621541979,"Harrison Phillips","MIN","DL",2024
"112","00-0034975",603,0.0117291138386121,0.0229717231535447,0.00106628307623746,"Justice Hill","BAL","RB",2024
"113","00-0039894",2161,0.011651703455867,0.0229009416132602,0.00105924576871518,"Xavier Worthy","KC","WR",2024
"114","00-0034351",456,0.0115925255111239,0.0226791411025865,0.00105386595555672,"Dallas Goedert","PHI","TE",2024
"115","00-0039233",1864,0.0115212007962512,0.0229498631610508,0.00104738189056829,"Roger Rosengarten","BAL","OL",2024
"116","00-0034051",405,0.0114649383898727,0.0241971861169706,0.00104226712635207,"Christian Kuntz","PIT","LS",2024
"117","00-0033914",385,0.0113887303889419,0.0216402644906735,0.00103533912626745,"Alex Anzalone","DET","LB",2024
"118","00-0031280",92,0.0113603823849785,0.0231157166324835,0.00103276203499805,"Derek Carr","NO","QB",2024
"119","00-0039110",1832,0.0113573562123835,0.0226543291253278,0.0010324869283985,"Keeanu Benton","PIT","DL",2024
"120","00-0038552",1608,0.0112557696722125,0.0224098077883269,0.00102325178838295,"Riley Moss","DEN","DB",2024
"121","00-0035674",757,0.0112065420192802,0.0224619541792286,0.00101877654720729,"Jerry Tillery","MIN","DL",2024
"122","00-0039888",2157,0.0111471051633021,0.0224034967730478,0.00101337319666383,"Quinyon Mitchell","PHI","DB",2024
"123","00-0036914",1135,0.0110956702338484,0.0216509793202406,0.00100869729398622,"Greg Rousseau","BUF","DL",2024
"124","00-0036132",837,0.0110089685619999,0.0224250601347638,0.00100081532381817,"Ben Bredeson","TB","OL",2024
"125","00-0037835",1479,0.0109808711781502,0.0224305024388182,0.000998261016195472,"Luke Goedeke","TB","OL",2024
"126","00-0037191",1249,0.0109338497028168,0.0226545769199997,0.000993986336619706,"Trent McDuffie","KC","DB",2024
"127","00-0036874",1107,0.0109044072231347,0.0224202275734607,0.000991309747557702,"Pat Surtain II","DEN","DB",2024
"128","00-0038135",1535,0.0108772744222632,0.0230541421857118,0.000988843129296657,"Jaquan Brisker","CHI","DB",2024
"129","00-0037137",1240,0.0107935515864684,0.022619453546551,0.000981231962406216,"Josh Jobe","SEA","DB",2024
"130","00-0036871",1106,0.0107716022417396,0.0232271535578817,0.000979236567430871,"Nate Hobbs","LV","DB",2024
"131","00-0032103",151,0.0107541029947475,0.0224308953810116,0.00097764572679523,"Denzel Perryman","LAC","LB",2024
"132","00-0032146",159,0.0107346247497121,0.0224502705605432,0.000975874977246557,"Bud Dupree","LAC","LB",2024
"133","00-0030062",54,0.0107314616417757,0.0224185020620412,0.000975587421979608,"Darius Slay","PHI","DB",2024
"134","00-0033038",237,0.0107169302640083,0.023480329010374,0.000974266387637121,"Eric Murray","HOU","DB",2024
"135","00-0038136",1536,0.010709079922349,0.0222170916768687,0.000973552720213546,"Coby Bryant","SEA","DB",2024
"136","00-0036550",1012,0.0107030119476323,0.0221083701559915,0.000973001086148391,"Rashod Bateman","BAL","WR",2024
"137","00-0039157",1854,0.0106649529383791,0.0233723093630086,0.00096954117621628,"Cody Mauch","TB","OL",2024
"138","00-0039031",1798,0.0106534547122645,0.0235758398094669,0.000968495882933139,"Adetomiwa Adebawore","IND","DL",2024
"139","00-0039838",2118,0.0105644370509934,0.0216732311072577,0.000960403368272127,"Calen Bullock","HOU","DB",2024
"140","00-0039167",1859,0.010546292416874,0.023142507978048,0.000958753856079453,"Joey Porter Jr.","PIT","DB",2024
"141","00-0033582",325,0.0105412725137546,0.022304503464523,0.000958297501250423,"Jeremiah Ledbetter","JAX","DL",2024
"142","00-0036428",989,0.01053963159263,0.0227801588962637,0.000958148326602731,"Justin Strnad","DEN","LB",2024
"143","00-0037256",1288,0.0104864526832396,0.0220706665104082,0.000953313880294507,"Rachaad White","TB","RB",2024
"144","00-0036974",1178,0.010454162323092,0.0222592203644901,0.000950378393008364,"Tyson Campbell","JAX","DB",2024
"145","00-0039137",1837,0.0104118434904742,0.0231188687295357,0.000946531226406742,"Byron Young","LA","LB",2024
"146","00-0039232",1863,0.0104001194798152,0.022519410041856,0.000945465407255924,"Nate Wiggins","BAL","DB",2024
"147","00-0037801",1452,0.0103924424873876,0.0229405388354108,0.000944767498853415,"KaVontae Turpin","DAL","WR",2024
"148","00-0034277",439,0.0103731016430853,0.0217456268426669,0.000943009240280482,"DeShon Elliott","PIT","DB",2024
"149","00-0039041",1803,0.0103522177122762,0.0231485140240956,0.00094111070111602,"Elijah Higgins","ARI","TE",2024
"150","00-0037353",1348,0.0103209859697992,0.0226513805763792,0.000938271451799931,"Kader Kohou","MIA","DB",2024
"151","00-0035821",794,0.0102993588130988,0.0231076407794361,0.000936305346645349,"Corliss Waitman","PIT","P",2024
"152","00-0031608",128,0.0102199884952376,0.0233267837823619,0.000929089863203418,"Quandre Diggs","TEN","DB",2024
"153","00-0031235",86,0.0101383249302192,0.0245800021026263,0.0009216659027472,"Odell Beckham Jr.","MIA","WR",2024
"154","00-0032763",215,0.0101208089404973,0.0228375270322032,0.000920073540045212,"Austin Johnson","BUF","DL",2024
"155","00-0036672",1070,0.00997098020401353,0.0236801104179237,0.000906452745819412,"Grant Stuard","IND","LB",2024
"156","00-0035230",654,0.00993228039491101,0.0225395220734212,0.000902934581355547,"Ed Oliver","BUF","DL",2024
"157","00-0033571",322,0.00990846553572393,0.0233333352887469,0.000900769594156721,"Matt Milano","BUF","LB",2024
"158","00-0038547",1603,0.00990137970667346,0.021884342941869,0.000900125427879405,"Luke Schoonmaker","DAL","TE",2024
"159","00-0035272",682,0.00984849104599642,0.0211706460530816,0.000895317367817856,"Andrew Van Ginkel","MIN","LB",2024
"160","00-0031565",118,0.00979691327698627,0.0225281536016079,0.000890628479726025,"Danielle Hunter","HOU","DL",2024
"161","00-0029542",38,0.00979529292834986,0.0222775708389986,0.000890481175304533,"Stephon Gilmore","MIN","DB",2024
"162","00-0039798",2088,0.00978462308262949,0.0226743915408775,0.000889511189329954,"Isaiah Davis","NYJ","RB",2024
"163","00-0038038",1489,0.00973948818685431,0.0220839377418808,0.000885408016986756,"Kyle Hamilton","BAL","DB",2024
"164","00-0037192",1250,0.00968416052487737,0.0228253023635475,0.000880378229534307,"George Karlaftis","KC","DL",2024
"165","00-0039064",1818,0.00968010467270417,0.0228640390655275,0.000880009515700379,"Zay Flowers","BAL","WR",2024
"166","00-0036376",959,0.00967557407732202,0.0227626654388547,0.000879597643392911,"Tyler Biadasz","WAS","OL",2024
"167","00-0037758",1449,0.00965643188869242,0.0225921097630376,0.000877857444426583,"Cordale Flott","NYG","DB",2024
"168","00-0036783",1087,0.00959545329417098,0.0240594857218522,0.000872313935833725,"Ryan McCollum","PIT","OL",2024
"169","00-0034856",583,0.00957989802548392,0.0225116378635852,0.000870899820498538,"Denzel Ward","CLE","DB",2024
"170","00-0036130",836,0.0095005334850874,0.0219641436862376,0.000863684862280673,"Nnamdi Madubuike","BAL","DL",2024
"171","00-0037816",1464,0.00948383425115794,0.0225015186265895,0.000862166750105267,"Romeo Doubs","GB","WR",2024
"172","00-0036635",1052,0.00948068776101701,0.0241044158351787,0.000861880705547001,"Ihmir Smith-Marsette","NYG","WR",2024
"173","00-0036300",913,0.00946544541929268,0.0226253873159641,0.000860495038117516,"Mykal Walker","WAS","LB",2024
"174","00-0034974",602,0.00946114827745298,0.0219904487600035,0.000860104388859362,"Julian Love","SEA","DB",2024
"175","00-0030561",69,0.00941790592626394,0.0229205022312269,0.000856173266023995,"Lane Johnson","PHI","OL",2024
"176","00-0034754",537,0.00939165725155006,0.0225480857613473,0.000853787022868188,"Oren Burks","PHI","LB",2024
"177","00-0033393",294,0.0093907230523573,0.0218901742153572,0.000853702095668845,"Kenny Moore II","IND","DB",2024
"178","00-0036181",850,0.00933893821684121,0.0222696271158615,0.000848994383349201,"Teair Tart","LAC","DL",2024
"179","00-0036213",861,0.00932954351489213,0.0230040674686602,0.000848140319535648,"Raekwon Davis","IND","DL",2024
"180","00-0039370",1924,0.0093210427809475,0.0229399785563557,0.000847367525540681,"JD Bertrand","ATL","LB",2024
"181","00-0038995",1780,0.00929658601990814,0.022042916598519,0.000845144183628012,"Bryan Bresee","NO","DL",2024
"182","00-0038536",1595,0.00927029182645136,0.0235998259067644,0.000842753802404669,"Chandler Zavala","CAR","OL",2024
"183","00-0039390",1942,0.0092696542208115,0.0235182302182295,0.000842695838255591,"Marcellas Dial Jr.","NE","DB",2024
"184","00-0032385",178,0.00918815674903425,0.0216724401505592,0.000835286977184931,"Sterling Shepard","TB","WR",2024
"185","00-0034668",522,0.00914130838710143,0.0241182611026013,0.000831028035191039,"Aaron Stinnie","NYG","OL",2024
"186","00-0033010",235,0.00912565529010919,0.0235456589322836,0.000829605026373563,"Sheldon Day","WAS","DL",2024
"187","00-0039138",1838,0.00908487908923266,0.0216700761897458,0.000825898099021151,"Kobie Turner","LA","DL",2024
"188","00-0034778",546,0.00908017515070392,0.0223025056751147,0.000825470468245811,"Carlton Davis","DET","DB",2024
"189","00-0036843",1096,0.00906328207019886,0.0229611862314374,0.000823934733654442,"Isaiahh Loudermilk","PIT","DL",2024
"190","00-0038039",1490,0.00905786138635486,0.0220543302101021,0.000823441944214078,"Jack Jones","LV","DB",2024
"191","00-0039910",2176,0.00900195951137602,0.0227443945779324,0.000818359955579638,"Jayden Daniels","WAS","QB",2024
"192","00-0036937",1151,0.00895915169695243,0.0239527264544004,0.000814468336086585,"Paulson Adebo","NO","DB",2024
"193","00-0033699",333,0.00892559187453785,0.0225780951111191,0.000811417443139804,"Austin Ekeler","WAS","RB",2024
"194","00-0037662",1428,0.00889260434521535,0.0232736753313679,0.000808418576837759,"C.J. Brewer","TB","DL",2024
"195","00-0037003",1203,0.00887209327032987,0.0227282644155083,0.000806553933666352,"Chazz Surratt","NYJ","LB",2024
"196","00-0033908",382,0.00884579106298362,0.0228547864219846,0.000804162823907602,"Cooper Kupp","LA","WR",2024
"197","00-0035663",751,0.00884096058526236,0.0225339551772815,0.000803723689569306,"Taylor Rapp","BUF","DB",2024
"198","00-0035262",677,0.00881858719214888,0.0229945913435985,0.000801689744740808,"Drue Tranquill","KC","LB",2024
"199","00-0036952",1162,0.00877219279517369,0.0217722146729596,0.000797472072288517,"Jonathon Cooper","DEN","LB",2024
"200","00-0031544",112,0.00876713464782216,0.0229916309008826,0.000797012240711105,"Amari Cooper","BUF","WR",2024
"201","00-0036378",960,0.00876274375114306,0.0227061804053409,0.000796613068285733,"Michael Danna","KC","DL",2024
"202","00-0031040",77,0.00876214023037298,0.0213654873301398,0.00079655820276118,"Khalil Mack","LAC","DL",2024
"203","00-0037297",1320,0.00874496733140273,0.0241055058781429,0.000794997030127521,"Cade Mays","CAR","OL",2024
"204","00-0035242",664,0.00874037835302044,0.0227704558665589,0.000794579850274586,"Erik McCoy","NO","OL",2024
"205","00-0033551",315,0.00873642243410858,0.0227675276891198,0.000794220221282598,"Rasul Douglas","BUF","DB",2024
"206","00-0036307",917,0.00867313218829343,0.0226763115271533,0.00078846656257213,"Kindle Vildor","DET","DB",2024
"207","00-0039141",1841,0.00867082313432059,0.0236046805385366,0.000788256648574599,"Brian Branch","DET","DB",2024
"208","00-0037744",1441,0.00866732595368749,0.0220805820055552,0.000787938723062499,"Trey McBride","ARI","TE",2024
"209","00-0039423",1969,0.00861806287387373,0.022689204653204,0.000783460261261249,"Jonah Laulu","LV","DL",2024
"210","00-0036389",965,0.00861100064302316,0.0228017030283119,0.000782818240274833,"Jalen Hurts","PHI","QB",2024
"211","00-0036967",1172,0.00860688618305048,0.0221698110283569,0.000782444198459135,"Joe Tryon-Shoyinka","TB","LB",2024
"212","00-0034807",562,0.00859223785216148,0.0221255251111633,0.00078111253201468,"Ogbo Okoronkwo","CLE","DL",2024
"213","00-0039075",1827,0.008568674520055,0.0229492776286411,0.000778970410914091,"Puka Nacua","LA","WR",2024
"214","00-0031957",146,0.00852966704716794,0.0226655170151581,0.000775424277015268,"Rakeem Nunez-Roches","NYG","DL",2024
"215","00-0033783",341,0.00852937043560657,0.0228188885360066,0.00077539731232787,"Ahkello Witherspoon","LA","DB",2024
"216","00-0036338",935,0.00850553241634734,0.0224673146706767,0.00077323021966794,"Troy Dye","LAC","LB",2024
"217","00-0036388",964,0.00847365214007846,0.0233910570841971,0.000770332012734405,"Xavier McKinney","GB","DB",2024
"218","00-0039815",2098,0.00847349647635305,0.0226597096499699,0.000770317861486641,"Tyrice Knight","SEA","LB",2024
"219","00-0030067",56,0.00845276270415581,0.0220236492403361,0.000768432973105073,"Terron Armstead","MIA","OL",2024
"220","00-0039734",2050,0.00843291367288662,0.0219832557389962,0.000766628515716965,"Braden Fiske","LA","DL",2024
"221","00-0036894",1120,0.00840653691850037,0.0225014174494402,0.000764230628954579,"Pat Freiermuth","PIT","TE",2024
"222","00-0034361",464,0.00840542781840475,0.0221807985647124,0.000764129801673159,"Justin Reid","KC","DB",2024
"223","00-0030564",70,0.00836472401061544,0.0222678445464758,0.000760429455510494,"DeAndre Hopkins","KC","WR",2024
"224","00-0033055",242,0.00835739849894477,0.0229391234189593,0.00075976349990407,"Jalen Ramsey","MIA","DB",2024
"225","00-0031254",89,0.0083449649286991,0.0214758348996398,0.000758633175336282,"Denico Autry","HOU","DL",2024
"226","00-0031503",111,0.00831330977759449,0.0233745892082207,0.000755755434326772,"Jameis Winston","CLE","QB",2024
"227","00-0036754",1084,0.00831206357115282,0.0214906932595795,0.000755642142832075,"Brock Wright","DET","TE",2024
"228","00-0036994",1195,0.00824951100721205,0.0219818453652108,0.000749955546110187,"Ernest Jones","SEA","LB",2024
"229","00-0037447",1368,0.00823899868145104,0.0220445094808761,0.000748999880131912,"Tomon Fox","NYG","LB",2024
"230","00-0036883",1114,0.00823734572177966,0.0223435215218479,0.000748849611070878,"Tommy Togiai","HOU","DL",2024
"231","00-0036912",1133,0.00821280739311505,0.0220711281485802,0.00074661885391955,"DeVonta Smith","PHI","WR",2024
"232","00-0031298",94,0.00820036614690239,0.0229853260366903,0.000745487831536581,"Jimmie Ward","HOU","DB",2024
"233","00-0038996",1781,0.00818009134283667,0.0219567025310687,0.000743644667530606,"Tucker Kraft","GB","TE",2024
"234","00-0035806",793,0.00815239591091627,0.0226407027518083,0.000741126900992388,"JaMycal Hasty","NE","RB",2024
"235","00-0033357",290,0.00813520090245704,0.0241963143727777,0.000739563718405185,"Taysom Hill","NO","TE",2024
"236","00-0038933",1758,0.00813415425461128,0.0224650676847076,0.000739468568601025,"Dalton Kincaid","BUF","TE",2024
"237","00-0033106",256,0.00813359826490893,0.0220718598760774,0.00073941802408263,"Jared Goff","DET","QB",2024
"238","00-0037246",1278,0.0081245668834992,0.0227512008083966,0.000738596989409018,"Jalen Pitre","HOU","DB",2024
"239","00-0036500",1003,0.00811604438358296,0.0228384827518029,0.00073782221668936,"Jamien Sherwood","NYJ","LB",2024
"240","00-0036374",957,0.00809405815616365,0.0236624329634409,0.00073582346874215,"L'Jarius Sneed","TEN","DB",2024
"241","00-0036618",1037,0.0080690077259948,0.0224793177563245,0.000733546156908618,"Sam Cosmi","WAS","OL",2024
"242","00-0036323",925,0.00799359596444366,0.0230478631387668,0.000726690542222151,"Patrick Queen","PIT","LB",2024
"243","00-0035236",659,0.00797795496360134,0.0223872366981628,0.000725268633054667,"Byron Murphy","MIN","DB",2024
"244","00-0033120",260,0.00795825228066824,0.0229152423541505,0.000723477480060749,"Kenny Clark","GB","DL",2024
"245","00-0036624",1043,0.00794464671879637,0.0222245825821579,0.00072224061079967,"Alim McNeill","DET","DL",2024
"246","00-0039813",2096,0.00793615761405391,0.0226865842329739,0.000721468874004901,"Evan Williams","GB","DB",2024
"247","00-0039001",1785,0.00790674910256803,0.0232949502943871,0.00071879537296073,"Tyler Steen","PHI","OL",2024
"248","00-0036497",1002,0.00790043457679364,0.0230808864025733,0.000718221325163058,"Tim Jones","JAX","WR",2024
"249","00-0033553",316,0.00788769324458788,0.022946049031248,0.000717063022235262,"James Conner","ARI","RB",2024
"250","00-0036982",1185,0.0078764248293119,0.0219482281433206,0.000716038620846536,"Chauncey Golston","DAL","DL",2024
"251","00-0036332",931,0.00786916651094121,0.0230308601439335,0.000715378773721928,"Josiah Deguara","JAX","TE",2024
"252","00-0038935",1760,0.00782247964799115,0.0212997042185113,0.000711134513453741,"Brenton Strange","JAX","TE",2024
"253","00-0037364",1350,0.00781893002696655,0.0229008724901109,0.000710811820633323,"Arron Mosby","GB","DL",2024
"254","00-0039864",2140,0.00781882377741094,0.0218222168053942,0.000710802161582813,"Dadrion Taylor-Demerson","ARI","DB",2024
"255","00-0036992",1193,0.00778838399065613,0.0217742846849295,0.000708034908241466,"Elijah Molden","LAC","DB",2024
"256","00-0038597",1649,0.00771372522465714,0.0224587340509969,0.000701247747696104,"Chase Brown","CIN","RB",2024
"257","00-0039814",2097,0.00771202517825444,0.0237153096706001,0.000701093198023131,"Erick All","CIN","TE",2024
"258","00-0036510",1008,0.00768358855793608,0.0230232246072785,0.000698508050721462,"Kenny Yeboah","NYJ","TE",2024
"259","00-0031054",78,0.0076751294072364,0.0229637506312785,0.000697739037021491,"DaQuan Jones","BUF","DL",2024
"260","00-0037289",1315,0.00765445351668989,0.0232542320271879,0.000695859410608172,"Malcolm Rodriguez","DET","LB",2024
"261","00-0033591",327,0.0076485991453969,0.022150741482365,0.000695327195036082,"Noah Brown","WAS","WR",2024
"262","00-0039692",2038,0.00764852473115757,0.0222607167426661,0.000695320430105234,"Dell Pettus","NE","DB",2024
"263","00-0031330",96,0.00764666515334725,0.0223806375507645,0.000695151377577023,"Morgan Moses","NYJ","OL",2024
"264","00-0033557",318,0.0076060441001058,0.0232759284532985,0.000691458554555073,"Jalen Reeves-Maybin","DET","LB",2024
"265","00-0035644",743,0.00759953190886511,0.0232694418807367,0.000690866537169556,"Noah Fant","SEA","TE",2024
"266","00-0038778",1724,0.00753993709488299,0.0226861848822878,0.000685448826807544,"Jalen Redmond","MIN","DL",2024
"267","00-0034855",582,0.00751391604501836,0.0222248969331797,0.000683083276819851,"Baker Mayfield","TB","QB",2024
"268","00-0033793",344,0.00750259168908364,0.0236995435350594,0.000682053789916694,"Corey Levin","TEN","OL",2024
"269","00-0038112",1515,0.00748292749735192,0.0230689492728245,0.000680266136122902,"Cam Jurgens","PHI","OL",2024
"270","00-0038591",1643,0.00748010004847176,0.0230516369930949,0.000680009095315614,"Mike Morris","SEA","DL",2024
"271","00-0037841",1485,0.00746854791418235,0.0231508512380456,0.000678958901289304,"Quentin Lake","LA","DB",2024
"272","00-0036406",974,0.00745093072216606,0.0239778227855325,0.000677357338378733,"Tristan Wirfs","TB","OL",2024
"273","00-0036880",1112,0.00742960608387943,0.023291101184115,0.00067541873489813,"Penei Sewell","DET","OL",2024
"274","00-0039454",1983,0.00742844917952787,0.0231876136781787,0.000675313561775261,"Beanie Bishop Jr.","PIT","DB",2024
"275","00-0039852",2129,0.00731255809105104,0.0222321730421465,0.000664778008277367,"Jared Verse","LA","LB",2024
"276","00-0035647",745,0.00728189405819251,0.0229162891344981,0.000661990368926592,"Montez Sweat","CHI","DL",2024
"277","00-0039720",2046,0.00721335391528034,0.0231659802018269,0.000655759446843668,"Taki Taimani","MIN","DL",2024
"278","00-0039754",2069,0.00721283344576901,0.0240767813097936,0.000655712131433546,"Devin Culp","TB","TE",2024
"279","00-0036264",890,0.00720610694146214,0.0225095156756834,0.000655100631042013,"Jordan Love","GB","QB",2024
"280","00-0039357",1912,0.00720156760839426,0.0227959827594701,0.000654687964399478,"Decamerion Richardson","LV","DB",2024
"281","00-0036622",1041,0.00718898768471265,0.0231698331234256,0.000653544334973877,"Josh Myers","GB","OL",2024
"282","00-0036990",1192,0.00714611636735759,0.0219584188291877,0.000649646942487053,"Divine Deablo","LV","LB",2024
"283","00-0034760",540,0.00713304973625547,0.0223553066817933,0.000648459066932315,"Nathan Shepherd","NO","DL",2024
"284","00-0036442",995,0.00712672030401583,0.0221999457485496,0.000647883664001439,"Joe Burrow","CIN","QB",2024
"285","00-0035149",638,0.00711878236295183,0.0235935673499151,0.000647162032995621,"Nick Allegretti","WAS","OL",2024
"286","00-0036534",1011,0.00710414400225434,0.0228751927616548,0.000645831272932213,"Shane Zylstra","DET","TE",2024
"287","00-0034810",564,0.00709259823463872,0.0215548871143393,0.000644781657694429,"Sebastian Joseph-Day","TEN","DL",2024
"288","00-0037280",1308,0.00707234320676012,0.0232335787599307,0.000642940291523647,"Matthew Butler","LV","DL",2024
"289","00-0036962",1169,0.00706269881049297,0.0228612005462527,0.000642063528226634,"Tre'von Moehrig","LV","DB",2024
"290","00-0039070",1823,0.00703390093270522,0.0222877644862186,0.000639445539336838,"Gervon Dexter Sr.","CHI","DL",2024
"291","00-0034990",609,0.00701125229789541,0.0235761616719364,0.000637386572535946,"Ka'dar Hollman","HOU","DB",2024
"292","00-0032892",223,0.00700293989121578,0.0233284077953457,0.000636630899201435,"Nick Vigil","DAL","LB",2024
"293","00-0038994",1779,0.00695941568166246,0.022405515254113,0.000632674152878405,"Jordan Addison","MIN","WR",2024
"294","00-0038807",1735,0.00691113131577153,0.0221388927820892,0.000628284665070139,"Ivan Pace Jr.","MIN","LB",2024
"295","00-0034728",531,0.00690797745973485,0.0236735474356817,0.000627997950884986,"Jaire Alexander","GB","DB",2024
"296","00-0038407",1561,0.00681659406774217,0.0219505383663755,0.000619690369794743,"Jaylon Jones","IND","DB",2024
"297","00-0034874",588,0.00672729459257511,0.0225328841614832,0.000611572235688646,"Roquan Smith","BAL","LB",2024
"298","00-0036915",1136,0.00671845782511275,0.0225190874336981,0.000610768893192068,"Jeremiah Owusu-Koramoah","CLE","LB",2024
"299","00-0035301",693,0.00669561237882921,0.0234361036807849,0.000608692034439019,"Donovan Wilson","DAL","DB",2024
"300","00-0037236",1268,0.00669452785747659,0.0237037533604521,0.000608593441588781,"Aidan Hutchinson","DET","DL",2024
"301","00-0039401",1952,0.00668489589340113,0.0230382090109201,0.000607717808491012,"Khristian Boyd","NO","DL",2024
"302","00-0036221",867,0.0066770265695719,0.0229000307033844,0.000607002415415627,"Brandon Jones","DEN","DB",2024
"303","00-0033283",276,0.00666739579917437,0.0238161588732647,0.000606126890834034,"Tyus Bowser","MIA","LB",2024
"304","00-0039373",1927,0.00665704442245352,0.0224158633128603,0.000605185856586684,"Audric Estimé","DEN","RB",2024
"305","00-0032415",189,0.00664109099089668,0.022926857454197,0.000603735544626971,"Matthew Judon","ATL","LB",2024
"306","00-0037829",1473,0.00662804240192049,0.023201720408583,0.000602549309265499,"Spencer Burford","SF","OL",2024
"307","00-0031588",126,0.00662135997036244,0.0227847878487245,0.000601941815487494,"Stefon Diggs","HOU","WR",2024
"308","00-0032671",208,0.0066039915822122,0.022747058966062,0.0006003628711102,"Morgan Fox","LAC","DL",2024
"309","00-0039065",1819,0.00654809564316433,0.0230186922240157,0.000595281422105848,"Sam LaPorta","DET","TE",2024
"310","00-0037544",1391,0.00651382761637114,0.0244007755713862,0.000592166146942831,"Nephi Sewell","NO","LB",2024
"311","00-0039400",1951,0.00650917886703302,0.0246247108914972,0.000591743533366638,"Zion Logue","BUF","DL",2024
"312","00-0033952",401,0.00648408902324838,0.022047481803804,0.000589462638477126,"Grover Stewart","IND","DL",2024
"313","00-0037259",1291,0.00645467134316148,0.0219674545193612,0.00058678830392377,"Micah McFadden","NYG","LB",2024
"314","00-0039111",1833,0.00645449333973517,0.0219556164760322,0.000586772121794107,"Tuli Tuipulotu","LAC","DL",2024
"315","00-0038477",1576,0.00645244258677488,0.0234670958805876,0.000586585689706808,"Bryce Ford-Wheaton","NYG","WR",2024
"316","00-0035386",707,0.00644261161672592,0.0223005777467242,0.000585691965156902,"T.J. Edwards","CHI","LB",2024
"317","00-0038980",1773,0.00642826224166989,0.0228189601013144,0.000584387476515445,"Zach Harrison","ATL","DL",2024
"318","00-0033132",263,0.00642336066826626,0.0224803847666508,0.000583941878933296,"Kevin Byard","CHI","DB",2024
"319","00-0035237",660,0.00640136065183125,0.0217857565629631,0.000581941877439204,"Jawaan Taylor","KC","OL",2024
"320","00-0033831",345,0.00638442799046729,0.0234829651958521,0.000580402544587935,"Andrew Wylie","WAS","OL",2024
"321","00-0039846",2124,0.00637941108913086,0.0227394671393944,0.00057994646264826,"Tykee Smith","TB","DB",2024
"322","00-0039142",1842,0.00637693997064551,0.0230333457003024,0.000579721815513228,"Will McDonald IV","NYJ","LB",2024
"323","00-0033064",245,0.0063555816191848,0.0229891313913958,0.000577780147198618,"Adam Gotsis","TB","DL",2024
"324","00-0034384",477,0.00634320116189192,0.0228842448687645,0.000576654651081083,"D.J. Reed","NYJ","DB",2024
"325","00-0039413",1962,0.00632367906531884,0.0235024797094281,0.000574879915028985,"Trey Taylor","LV","DB",2024
"326","00-0037079",1220,0.00631562665093052,0.021607279348251,0.00057414787735732,"Riq Woolen","SEA","DB",2024
"327","00-0034540",511,0.00630564451486997,0.0237214414343291,0.000573240410442724,"Tony Brown","CLE","DB",2024
"328","00-0039849",2126,0.00629972800910374,0.0221056853972637,0.000572702546282158,"Marvin Harrison Jr.","ARI","WR",2024
"329","00-0036287",903,0.00625909915358171,0.0216469196182972,0.000569009013961974,"Noah Igbinoghene","WAS","DB",2024
"330","00-0037301",1324,0.00623467544489701,0.0229823351321734,0.000566788676808819,"Theo Jackson","MIN","DB",2024
"331","00-0038788",1727,0.00622828703752788,0.0218216700483201,0.000566207912502535,"Art Green","NYG","DB",2024
"332","00-0036661",1068,0.00620425269450702,0.0227325916355902,0.000564022972227911,"Israel Mukuamu","DAL","DB",2024
"333","00-0032574",205,0.00618275128545044,0.0222610907440125,0.000562068298677313,"Michael Pierce","BAL","DL",2024
"334","00-0035707",779,0.00617300164745656,0.0233052305446683,0.000561181967950596,"Devin White","HOU","LB",2024
"335","00-0037002",1202,0.00616450976827137,0.0223578519980842,0.000560409978933761,"Landon Dickerson","PHI","OL",2024
"336","00-0032399",186,0.00616190645967882,0.0233004260758185,0.000560173314516257,"Miles Killebrew","PIT","DB",2024
"337","00-0037083",1223,0.00616152771588833,0.0228444520577208,0.000560138883262575,"Kingsley Enagbare","GB","DL",2024
"338","00-0034843",578,0.00614993055878716,0.0217393172786768,0.000559084596253378,"Mike Hughes","ATL","DB",2024
"339","00-0038573",1626,0.00606502583725822,0.0228456807216978,0.000551365985205293,"Derius Davis","LAC","WR",2024
"340","00-0037268",1298,0.00605558170310213,0.0219517377017486,0.000550507427554739,"Zyon McCollum","TB","DB",2024
"341","00-0037615",1417,0.00602110768529434,0.0218787479702695,0.000547373425935849,"Nakobe Dean","PHI","LB",2024
"342","00-0036375",958,0.00601231744693952,0.0222035375353687,0.000546574313358138,"Amik Robertson","DET","DB",2024
"343","00-0027857",15,0.00599961484951873,0.0230126172616041,0.00054541953177443,"Trent Williams","SF","OL",2024
"344","00-0039842",2122,0.00598418439120431,0.023553362225089,0.000544016762836755,"Michael Jerrell","SEA","OL",2024
"345","00-0033782",340,0.00597065950678312,0.0233879550732899,0.000542787227889375,"DeMarcus Walker","CHI","DL",2024
"346","00-0036292",906,0.00596815298284761,0.0221818594259211,0.000542559362077055,"Jaylon Johnson","CHI","DB",2024
"347","00-0038096",1501,0.00596429796420165,0.0229570403346452,0.000542208905836514,"Joshua Paschal","DET","DL",2024
"348","00-0034345",451,0.00595252358080297,0.0212002213558275,0.000541138507345725,"Frank Ragnow","DET","OL",2024
"349","00-0037051",1213,0.00593629455006263,0.023863849179301,0.000539663140914784,"Elijah Garcia","NYG","DL",2024
"350","00-0037247",1279,0.00587999974563005,0.0215960871120162,0.000534545431420914,"George Pickens","PIT","WR",2024
"351","00-0031898",138,0.00586532131276908,0.0237068928777527,0.000533211028433553,"Alex Singleton","DEN","LB",2024
"352","00-0037074",1216,0.00584691044021898,0.0225803090402066,0.00053153731274718,"Quay Walker","GB","LB",2024
"353","00-0033886",367,0.00583356765413263,0.0228510111509688,0.000530324332193876,"T.J. Watt","PIT","LB",2024
"354","00-0035889",802,0.00582006379200041,0.0246721920389761,0.000529096708363674,"Tommy Townsend","HOU","P",2024
"355","00-0036711",1078,0.00581682555629521,0.023712351620497,0.000528802323299565,"Charles Snowden","LV","DL",2024
"356","00-0034673",523,0.00580525106733929,0.0228963811277112,0.000527750097030845,"Tremaine Edmunds","CHI","LB",2024
"357","00-0037602",1407,0.00576769802209104,0.0222656251324187,0.000524336183826458,"Sam Okuayinonu","SF","DL",2024
"358","00-0034375",471,0.00574037901452434,0.0229089904675883,0.00052185263768403,"Kyzir White","ARI","LB",2024
"359","00-0035402",708,0.0057356090198716,0.0235541941560105,0.000521419001806509,"Carl Granderson","NO","DL",2024
"360","00-0039343",1898,0.00572997676512996,0.0223730881915308,0.000520906978648178,"Kamari Lassiter","HOU","DB",2024
"361","00-0035672",756,0.00572169263221774,0.0222130474062677,0.000520153875656158,"Cody Barton","DEN","LB",2024
"362","00-0037591",1402,0.00571786880779183,0.0233144716920591,0.000519806255253802,"Leroy Watson IV","MIN","OL",2024
"363","00-0034424",491,0.00571011592476571,0.0221262515034328,0.000519101447705974,"Matthew Adams","NYG","LB",2024
"364","00-0039913",2179,0.00569176397190025,0.0226969865846077,0.000517433088354568,"Brandon Coleman","WAS","OL",2024
"365","00-0039840",2120,0.00569067502971833,0.0236250910070039,0.000517334093610757,"Austin Booker","CHI","DL",2024
"366","00-0034842",577,0.00568547501685629,0.0219452104460535,0.000516861365168753,"Taven Bryan","IND","DL",2024
"367","00-0039333",1891,0.0056804963957171,0.0243446481589905,0.000516408763247009,"Brandon Codrington","BUF","DB",2024
"368","00-0033868",352,0.0056649027342356,0.023382799718781,0.000514991157657781,"Myles Garrett","CLE","DL",2024
"369","00-0035719",785,0.00566485127294683,0.023014812639606,0.000514986479358803,"Deebo Samuel Sr.","SF","WR",2024
"370","00-0039794",2085,0.00566169009310558,0.0218586983743934,0.000514699099373234,"Braelon Allen","NYJ","RB",2024
"371","00-0036643",1058,0.00565892848894099,0.0224168120514752,0.000514448044449181,"K.J. Britt","TB","LB",2024
"372","00-0039341",1896,0.00564757012583396,0.0219761619513811,0.000513415465984905,"Tyler Guyton","DAL","OL",2024
"373","00-0037429",1366,0.00563328827819805,0.0226632918120747,0.000512117116199823,"Raheem Blackshear","CAR","RB",2024
"374","00-0036705",1077,0.00560940715954254,0.0229413869007987,0.000509946105412958,"Sam Kamara","CLE","LB",2024
"375","00-0035363",704,0.00559262357851735,0.0246053294066752,0.000508420325319759,"Joe Giles-Harris","JAX","LB",2024
"376","00-0037073",1215,0.00555140839050049,0.0220209698880334,0.000504673490045499,"Jordan Davis","PHI","DL",2024
"377","00-0037817",1465,0.00552784970918551,0.0224481391910423,0.000502531791744138,"Zach Tom","GB","OL",2024
"378","00-0039905",2172,0.00552060167674734,0.0238852530276962,0.000501872879704303,"Graham Barton","TB","OL",2024
"379","00-0034858",585,0.00550642947990018,0.022839062215359,0.000500584498172744,"Terrell Edmunds","LAC","DB",2024
"380","00-0033336",288,0.00550273148737093,0.0223310109400747,0.000500248317033721,"Eric Wilson","GB","LB",2024
"381","00-0039753",2068,0.00543628486531456,0.0214326320523421,0.000494207715028597,"Beaux Limmer","LA","OL",2024
"382","00-0038123",1525,0.00540382790358399,0.0231513489326025,0.000491257082143999,"Dane Belton","NYG","DB",2024
"383","00-0031595",127,0.00539529715787073,0.0222929216737807,0.00049048155980643,"Michael Burton","DEN","RB",2024
"384","00-0037545",1392,0.00537772822224668,0.0234236558273684,0.000488884383840607,"Rashid Shaheed","NO","WR",2024
"385","00-0039032",1799,0.00537565594536775,0.0234289627391981,0.000488695995033432,"Tyjae Spears","TEN","RB",2024
"386","00-0038890",1749,0.00537303969961128,0.0238206449866183,0.000488458154510116,"Shaka Heyward","CIN","LB",2024
"387","00-0035228",652,0.00534989011432631,0.0237071326501724,0.000486353646756937,"Kyler Murray","ARI","QB",2024
"388","00-0027224",13,0.00532784340797488,0.0240709090125886,0.000484349400724989,"Jon Weeks","HOU","LS",2024
"389","00-0039135",1836,0.00532696070819209,0.0239527101467105,0.00048426915529019,"Ochaun Mathis","PHI","LB",2024
"390","00-0033757",338,0.00531323867516624,0.0236669444256931,0.000483021697742386,"Robert Tonyan","KC","TE",2024
"391","00-0037318",1337,0.00529360056915334,0.0229337823996964,0.000481236415377577,"Baylon Spector","BUF","LB",2024
"392","00-0033526",306,0.00526936349733809,0.0222211587547588,0.000479033045212554,"Samaje Perine","KC","RB",2024
"393","00-0037248",1280,0.00524695767099433,0.0233147447444769,0.000476996151908576,"James Cook","BUF","RB",2024
"394","00-0039018",1794,0.00524566665403978,0.0219266240913385,0.000476878786730889,"Jack Campbell","DET","LB",2024
"395","00-0036380",961,0.0052319891586546,0.0226813058209247,0.000475635378059509,"Alohi Gilman","LAC","DB",2024
"396","00-0030114",61,0.00520408616114236,0.0220559320504778,0.000473098741922033,"Jordan Poyer","MIA","DB",2024
"397","00-0037845",1488,0.00519329942170046,0.0233503293549121,0.000472118129245496,"A.J. Arcuri","LA","OL",2024
"398","00-0037228",1264,0.00519191221367956,0.0227661989670111,0.000471992019425415,"Jaylen Warren","PIT","RB",2024
"399","00-0034752",535,0.00516467582397822,0.0225493080655799,0.00046951598399802,"Orlando Brown","CIN","OL",2024
"400","00-0035316",695,0.00513896483884725,0.0230325890650028,0.000467178621713386,"Kaden Elliss","ATL","LB",2024
"401","00-0037269",1299,0.00512833922992442,0.0233534423468964,0.000466212657265856,"Eric Johnson","NE","DL",2024
"402","00-0036795",1088,0.00511915920024591,0.0232737677128383,0.000465378109113265,"Jake Curhan","CHI","OL",2024
"403","00-0037539",1389,0.00507821021472402,0.0226652823780625,0.00046165547406582,"Lucas Krull","DEN","TE",2024
"404","00-0036623",1042,0.00507252204615401,0.0223158480855339,0.000461138367832183,"Creed Humphrey","KC","OL",2024
"405","00-0035944",813,0.00505200354101523,0.0232639352550592,0.000459273049183203,"Jonah Williams","DET","DL",2024
"406","00-0032701",210,0.00503989811818597,0.023495624926218,0.000458172556198725,"Jake Brendel","SF","OL",2024
"407","00-0035249",670,0.00499615811221069,0.0220377578902041,0.000454196192019153,"Josh Oliver","MIN","TE",2024
"408","00-0033073",248,0.00498805935559393,0.0220648559101959,0.00045345994141763,"Emmanuel Ogbah","MIA","DL",2024
"409","00-0038737",1716,0.00498529995712447,0.0236899764369653,0.000453209087011315,"Isaiah Land","IND","DL",2024
"410","00-0036256",884,0.00495577033824711,0.0230908376153177,0.000450524576204283,"Colton McKivitz","SF","OL",2024
"411","00-0036349",942,0.00495495562555602,0.0222729319276177,0.000450450511414183,"Kam Curl","LA","DB",2024
"412","00-0036988",1191,0.00495424956648077,0.022999283397256,0.000450386324225525,"Josh Palmer","LAC","WR",2024
"413","00-0028118",25,0.00495119358654934,0.0239443573916071,0.000450108507868122,"Tyrod Taylor","NYJ","QB",2024
"414","00-0030386",65,0.00493040868759315,0.0231776241190713,0.000448218971599377,"William Gholston","TB","DL",2024
"415","00-0033297",283,0.00492474765850808,0.0221790620427284,0.000447704332591643,"D.J. Jones","DEN","DL",2024
"416","00-0036282",899,0.00491583115259404,0.0234801285233665,0.000446893741144913,"Grant Delpit","CLE","DB",2024
"417","00-0039816",2099,0.00491413143013228,0.0251226998230948,0.000446739220921116,"Anthony Gould","IND","WR",2024
"418","00-0038589",1641,0.00491340625194264,0.0223859594428049,0.000446673295631149,"Josh Whyle","TEN","TE",2024
"419","00-0038641",1681,0.00491129909295121,0.023001567564624,0.000446481735722837,"Isaiah Bolden","NE","DB",2024
"420","00-0036970",1174,0.00489542241273334,0.0236218141235265,0.000445038401157576,"Kyle Pitts","ATL","TE",2024
"421","00-0035827",795,0.00489035231198208,0.0227639189165362,0.000444577482907462,"Ross Matiscik","JAX","LS",2024
"422","00-0035229",653,0.00488265131165878,0.0234916892679565,0.00044387739196898,"T.J. Hockenson","MIN","TE",2024
"423","00-0038398",1554,0.00484884256037969,0.0226789106757905,0.000440803869125426,"Karl Brooks","GB","DL",2024
"424","00-0036087",830,0.00484538531427876,0.0232902231387886,0.000440489574025341,"Myles Bryant","HOU","DB",2024
"425","00-0038541",1597,0.00484458672490559,0.0225975007966354,0.000440416974991417,"Tyree Wilson","LV","DL",2024
"426","00-0036309",918,0.00482385573998473,0.0234379942622342,0.000438532339998612,"Darnell Mooney","ATL","WR",2024
"427","00-0038348",1539,0.00482349305563015,0.0226705622183026,0.00043849936869365,"Josh Butler","DAL","DB",2024
"428","00-0037741",1438,0.00480933145460697,0.0225098117316214,0.000437211950418815,"Jahan Dotson","PHI","WR",2024
"429","00-0033910",383,0.00480359858913726,0.0231834124803643,0.00043669078083066,"Dan Feeney","MIN","OL",2024
"430","00-0039481",1990,0.00479943183542824,0.0221179184372286,0.000436311985038931,"Storm Duck","MIA","DB",2024
"431","00-0036568",1023,0.00479638002535447,0.0225396586148662,0.000436034547759497,"Roy Lopez","ARI","DL",2024
"432","00-0037292",1317,0.00479601295466902,0.0223814312859186,0.000436001177697184,"Andrew Ogletree","IND","TE",2024
"433","00-0034431",493,0.00479287128896561,0.0222611222447436,0.000435715571724146,"Zaire Franklin","IND","LB",2024
"434","00-0038742",1719,0.00477439172965851,0.0231806130869087,0.000434035611787137,"Tyrus Wheat","DAL","DL",2024
"435","00-0039826",2107,0.00475931959052945,0.0232483401337967,0.000432665417320859,"Jeremiah Trotter Jr.","PHI","LB",2024
"436","00-0034437",495,0.00475325424796629,0.0237190117942514,0.00043211402254239,"Logan Cooke","JAX","P",2024
"437","00-0036695",1075,0.00471996576043449,0.0218612297408815,0.000429087796403135,"Naquan Jones","ARI","DL",2024
"438","00-0036280",898,0.00471719532286101,0.021792092771266,0.00042883593844191,"Malik Harrison","BAL","LB",2024
"439","00-0036441",994,0.00471159248749155,0.0222700784773627,0.000428326589771959,"Kenneth Murray, Jr.","TEN","LB",2024
"440","00-0039392",1944,0.00469472113352365,0.0242181603639144,0.000426792830320332,"Jha'Quan Jackson","TEN","WR",2024
"441","00-0038543",1599,0.00467391175385987,0.0232528312837887,0.000424901068532716,"Jaxon Smith-Njigba","SEA","WR",2024
"442","00-0034198",426,0.00467044690242152,0.0236048647366973,0.00042458608203832,"Trent Sieg","DAL","LS",2024
"443","00-0036934",1149,0.00467021407463594,0.0239402168261483,0.000424564915875994,"Jaelan Phillips","MIA","LB",2024
"444","00-0039855",2132,0.00467016877842501,0.0228202115589188,0.000424560798038637,"Jalen McMillan","TB","WR",2024
"445","00-0036682",1073,0.00465183167903458,0.0234622588349962,0.000422893789003143,"Malik Herring","KC","DL",2024
"446","00-0032943",228,0.00464988261190807,0.02304466018225,0.000422716601082552,"Riley Dixon","DEN","P",2024
"447","00-0039620",2022,0.00464634909743551,0.0229633511715171,0.000422395372494137,"Rico Payton","NO","DB",2024
"448","00-0035355",701,0.0046339957242487,0.0242377488103909,0.000421272338568063,"Blake Hance","JAX","OL",2024
"449","00-0037196",1254,0.00461125549518191,0.0224820651660473,0.000419205045016537,"Rasheed Walker","GB","OL",2024
"450","00-0036403",973,0.00461113676402271,0.0238214687842358,0.000419194251274792,"Casey Toohill","BUF","DL",2024
"451","00-0034160",419,0.00459595603008228,0.0238848626992178,0.000417814184552934,"Michael Dickson","SEA","P",2024
"452","00-0035231",655,0.00458379215457003,0.0227896839119342,0.000416708377688185,"Christian Wilkins","LV","DL",2024
"453","00-0038496",1583,0.00456977760471254,0.0242658843603385,0.00041543432770114,"Xavier Gipson","NYJ","WR",2024
"454","00-0039681",2036,0.00456229167228456,0.0229527725885834,0.000414753788389506,"Tyler Owens","WAS","DB",2024
"455","00-0034987",607,0.0045612696606375,0.0229479653832194,0.000414660878239772,"E.J. Speed","IND","LB",2024
"456","00-0036333",932,0.00453467086637775,0.022613372785961,0.000412242806034341,"Alex Highsmith","PIT","LB",2024
"457","00-0039352",1907,0.0045288106013993,0.022433266590379,0.000411710054672664,"Marist Liufau","DAL","LB",2024
"458","00-0037740",1437,0.00451775620341612,0.0224403878758139,0.000410705109401466,"Garrett Wilson","NYJ","WR",2024
"459","00-0037667",1432,0.00451191928684628,0.022734296452211,0.000410174480622389,"Kerby Joseph","DET","DB",2024
"460","00-0038657",1690,0.00449436093447009,0.0217828535428358,0.000408578266770009,"Brandon Joseph","DET","DB",2024
"461","00-0034828",570,0.00444391382926987,0.0225841249636377,0.000403992166297261,"Harold Landry","TEN","LB",2024
"462","00-0029692",47,0.0044406809041963,0.0235941926580505,0.000403698264017845,"Bryan Anger","DAL","P",2024
"463","00-0036658",1066,0.00443165197266432,0.0228560389298153,0.000402877452060392,"Isaiah McDuffie","GB","LB",2024
"464","00-0036943",1156,0.0044301084661363,0.0223693374591911,0.000402737133285118,"Mitchell Fraboni","DEN","LS",2024
"465","00-0035500",715,0.00441347006435758,0.0223244763386166,0.000401224551305234,"Greg Dortch","ARI","WR",2024
"466","00-0036727",1080,0.00441292139945685,0.0220986559163816,0.000401174672677895,"Adam Prentice","NO","RB",2024
"467","00-0034387",480,0.00440961043501718,0.0236380848334115,0.000400873675910653,"Bilal Nichols","ARI","DL",2024
"468","00-0036998",1199,0.00439246797852277,0.0224107529925868,0.000399315270774797,"Jevon Holland","MIA","DB",2024
"469","00-0039886",2155,0.00438992665689763,0.0221287232605784,0.000399084241536148,"T'Vondre Sweat","TEN","DL",2024
"470","00-0037384",1355,0.00436882500403566,0.0228110415613203,0.000397165909457787,"Ja'Quan McMillian","DEN","DB",2024
"471","00-0032764",216,0.0043574060662107,0.0219787463945657,0.000396127824200972,"Derrick Henry","BAL","RB",2024
"472","00-0038111",1514,0.00435157643295961,0.0231063414963731,0.000395597857541782,"Kyler Gordon","CHI","DB",2024
"473","00-0034159",418,0.0043505505269728,0.022222425091448,0.000395504593361163,"Will Dissly","LAC","TE",2024
"474","00-0033890",369,0.00434851499917909,0.0222580072956076,0.000395319545379918,"Budda Baker","ARI","DB",2024
"475","00-0036677",1071,0.00434087480425972,0.0220703555231327,0.00039462498220543,"Zayne Anderson","GB","DB",2024
"476","00-0034429",492,0.00432736953862962,0.0227827792509162,0.00039339723078451,"Jordan Mailata","PHI","OL",2024
"477","00-0038555",1611,0.00430433940385863,0.02231837734315,0.000391303582168966,"Tank Bigsby","JAX","RB",2024
"478","00-0033921",387,0.00429326693422306,0.022797276413332,0.000390296994020278,"Chris Godwin","TB","WR",2024
"479","00-0037756",1447,0.00429155958342199,0.0231472473698686,0.00039014178031109,"Travis Jones","BAL","DL",2024
"480","00-0034720",528,0.00428843807031542,0.0224865205647543,0.000389858006392311,"Robert Spillane","LV","LB",2024
"481","00-0030725",74,0.00427824199158333,0.0224812030920065,0.000388931090143939,"Cornelius Lucas","WAS","OL",2024
"482","00-0038934",1759,0.00427716626889348,0.0221833432007962,0.000388833297172134,"Anton Harrison","JAX","OL",2024
"483","00-0036877",1110,0.00427482411249166,0.0249213986208221,0.000388620373862879,"Jaelon Darden","SEA","WR",2024
"484","00-0034825",568,0.00425908051371349,0.023019225621747,0.000387189137610317,"Arden Key","TEN","LB",2024
"485","00-0038642",1682,0.00424071832423219,0.0226316695692608,0.000385519847657472,"D.J. Ivey","CIN","DB",2024
"486","00-0039850",2127,0.00423369846054634,0.0225130935483926,0.000384881678231486,"Edgerrin Cooper","GB","LB",2024
"487","00-0033891",370,0.00422567368577744,0.0230213719306253,0.000384152153252494,"Zay Jones","ARI","WR",2024
"488","00-0038599",1650,0.00421734994306223,0.0220455707372292,0.000383395449369294,"Henry To'oTo'o","HOU","LB",2024
"489","00-0036587",1026,0.0042056344272417,0.0225006502943711,0.000382330402476518,"Ar'Darius Washington","BAL","DB",2024
"490","00-0037275",1304,0.00419311937924492,0.0247634864982601,0.000381192670840447,"DaRon Bland","DAL","DB",2024
"491","00-0036158",843,0.00418628673330944,0.0224318221425392,0.000380571521209949,"J.K. Dobbins","LAC","RB",2024
"492","00-0036906",1130,0.0041843478984961,0.0229303606744686,0.000380395263499646,"Khalil Herbert","CIN","RB",2024
"493","00-0032442",196,0.00417495791177157,0.0227872584139845,0.00037954162834287,"Elandon Roberts","PIT","LB",2024
"494","00-0033873",356,0.00416246356374709,0.0222675263616194,0.000378405778522462,"Patrick Mahomes","KC","QB",2024
"495","00-0037526",1387,0.00415313542917462,0.0239793405466759,0.000377557766288602,"Marcelino McCrary-Ball","NYJ","LB",2024
"496","00-0038645",1684,0.00414397083717528,0.0239875942205778,0.000376724621561389,"Spencer Anderson","PIT","OL",2024
"497","00-0039380",1934,0.00411913338577266,0.02388418726251,0.000374466671433879,"Chau Smith-Wade","CAR","DB",2024
"498","00-0037179",1246,0.00411004782196483,0.023478129400879,0.000373640711087712,"Jeremiah Moon","PIT","LB",2024
"499","00-0034573",513,0.00407192732078406,0.0223925697132275,0.000370175210980369,"Charvarius Ward","SF","DB",2024
"500","00-0038769",1723,0.00405604193064527,0.0229859403634372,0.000368731084604116,"Chris Stoll","SEA","LS",2024
"501","00-0036995",1196,0.00405247147108366,0.0229775649991975,0.000368406497371242,"Baron Browning","ARI","LB",2024
"502","00-0039002",1786,0.00404384058868635,0.0229095100408158,0.000367621871698759,"Sydney Brown","PHI","DB",2024
"503","00-0039374",1928,0.00402177560080852,0.0242585909447376,0.000365615963709865,"Tommy Eichenberg","LV","LB",2024
"504","00-0036552",1014,0.00400628341920357,0.022984432425585,0.000364207583563961,"Azeez Ojulari","NYG","DL",2024
"505","00-0039071",1824,0.00400459090343816,0.0223146350077777,0.000364053718494378,"Tyrique Stevenson","CHI","DB",2024
"506","00-0037156",1244,0.00400414045927238,0.0233071343462643,0.000364012769024762,"Irvin Charles","NYJ","WR",2024
"507","00-0036387",963,0.00398973011006493,0.0228964776102665,0.00036270273727863,"Jalen Reagor","LAC","WR",2024
"508","00-0033281",274,0.00398064826633858,0.0225747980963141,0.000361877115121689,"Marlon Humphrey","BAL","DB",2024
"509","00-0037475",1376,0.00396276592070611,0.0232546037297854,0.000360251447336919,"Stone Smartt","LAC","TE",2024
"510","00-0039737",2053,0.00394982233224267,0.023249466580368,0.000359074757476606,"Tip Reiman","ARI","TE",2024
"511","00-0037263",1295,0.00394587125509833,0.0228675420502157,0.000358715568645302,"Tyler Allgeier","ATL","RB",2024
"512","00-0038127",1528,0.0039280136805249,0.0221495319087282,0.000357092152774991,"Logan Hall","TB","DL",2024
"513","00-0036563",1021,0.00387049664665656,0.0220504551851941,0.000351863331514233,"Deommodore Lenoir","SF","DB",2024
"514","00-0029892",50,0.00385631607384805,0.0230875744455918,0.000350574188531641,"Kyle Juszczyk","SF","RB",2024
"515","00-0036660",1067,0.00384392382896576,0.0238604453962137,0.00034944762081507,"Trey Smith","KC","OL",2024
"516","00-0032445",197,0.00383553959514626,0.0225980567834688,0.000348685417740569,"Ted Karras","CIN","OL",2024
"517","00-0037314",1333,0.00381380721159269,0.0235958967592946,0.000346709746508427,"Isaiah Thomas","CIN","LB",2024
"518","00-0035526",717,0.0038074491658777,0.0234456236894109,0.000346131742352518,"Elgton Jenkins","GB","OL",2024
"519","00-0039445",1978,0.00379848873742464,0.0246287584807528,0.000345317157947695,"Hogan Hatten","DET","LS",2024
"520","00-0036616",1035,0.00379459816781584,0.022748987078353,0.00034496346980144,"Christian Darrisaw","MIN","OL",2024
"521","00-0037692",1434,0.00377637753242097,0.0246079333881785,0.000343307048401907,"Brandon Aubrey","DAL","K",2024
"522","00-0035156",640,0.00377491642020532,0.0225946894036688,0.000343174220018665,"Jack Fox","DET","P",2024
"523","00-0039359",1914,0.00371980148455303,0.0216222470073592,0.000338163771323003,"Cade Stover","HOU","TE",2024
"524","00-0033293",281,0.00371503932178255,0.0227868285297794,0.000337730847434777,"Aaron Jones","MIN","RB",2024
"525","00-0038617",1665,0.00371004228270961,0.0228908424105038,0.000337276571155419,"Amari Burney","LV","LB",2024
"526","00-0035700",775,0.00370217601584996,0.0221276833072988,0.00033656145598636,"Josh Jacobs","GB","RB",2024
"527","00-0036261",888,0.00370158078524684,0.0228457065085188,0.000336507344113349,"Brandon Aiyuk","SF","WR",2024
"528","00-0028394",28,0.0036931260821401,0.0234245260427941,0.000335738734740009,"Jake McQuaide","MIA","LS",2024
"529","00-0036414",981,0.00366070692403426,0.0230267816267756,0.000332791538548569,"Cam Akers","MIN","RB",2024
"530","00-0038553",1609,0.00365539190832042,0.0221329048985648,0.000332308355301856,"Daiyan Henley","LAC","LB",2024
"531","00-0031941",145,0.00364401691727522,0.0233708568705319,0.000331274265206838,"Jamison Crowder","WAS","WR",2024
"532","00-0033084",251,0.00362986614017893,0.0227854731640048,0.000329987830925358,"Kendall Fuller","MIA","DB",2024
"533","00-0039006",1789,0.00360709008572349,0.0236896832434474,0.000327917280520318,"Felix Anudike-Uzomah","KC","DL",2024
"534","00-0038540",1596,0.00360377912400076,0.0212493315921206,0.000327616284000069,"Paris Johnson Jr.","ARI","OL",2024
"535","00-0037711",1436,0.00360267034749047,0.0229220024745907,0.000327515486135497,"Jeremiah Pharms","NE","DL",2024
"536","00-0038611",1660,0.00358579795878347,0.0239700649799035,0.000325981632616679,"Chris Rodriguez Jr.","WAS","RB",2024
"537","00-0037330",1344,0.00358413618502778,0.022250903908912,0.000325830562275253,"Jesse Luketa","ARI","LB",2024
"538","00-0036368",953,0.00357142492784857,0.0236698099781851,0.000324674993440779,"Tanner Muse","JAX","LB",2024
"539","00-0038395",1551,0.00357004406600712,0.0224727399628894,0.000324549460546102,"Terell Smith","CHI","DB",2024
"540","00-0039650",2032,0.00356964046903017,0.0237941963241689,0.000324512769911833,"Bryce Oliver","TEN","WR",2024
"541","00-0030459",67,0.00356908754395126,0.0225251793807449,0.000324462503995569,"Tyrann Mathieu","NO","DB",2024
"542","00-0035795",792,0.00353598538478252,0.0226220406874885,0.000321453216798411,"James Pierre","PIT","DB",2024
"543","00-0038997",1782,0.0035336026485931,0.0219995624733791,0.000321236604417555,"Josh Downs","IND","WR",2024
"544","00-0034067",407,0.00350569776259247,0.0236193302770217,0.000318699796599316,"Scott Daly","CHI","LS",2024
"545","00-0039312",1883,0.00350547795799188,0.0239716152190688,0.000318679814362898,"Miles Battle","NE","DB",2024
"546","00-0032391",181,0.00350494952008758,0.0226991028090355,0.000318631774553416,"Joe Thuney","KC","OL",2024
"547","00-0037382",1353,0.00350164851257802,0.0229130399024147,0.000318331682961638,"Brandon Johnson","PIT","WR",2024
"548","00-0039530",2000,0.0034997594735205,0.0233437980375102,0.000318159952138227,"Brevyn Spann-Ford","DAL","TE",2024
"549","00-0039108",1830,0.00349930626254793,0.023357968294787,0.000318118751140721,"Will Anderson Jr.","HOU","DL",2024
"550","00-0038576",1628,0.00347130320983191,0.0250278258919297,0.000315573019075628,"Charlie Jones","CIN","WR",2024
"551","00-0036940",1153,0.00346498574793723,0.0220067202503673,0.00031499870435793,"Odafe Oweh","BAL","LB",2024
"552","00-0034854",581,0.0034607001466008,0.0237612786456973,0.000314609104236436,"KhaDarel Hodge","ATL","WR",2024
"553","00-0039917",2182,0.0034563429125774,0.0237145024746574,0.000314212992052491,"Michael Penix Jr.","ATL","QB",2024
"554","00-0039169",1860,0.00345565776847428,0.0223434314681513,0.000314150706224934,"Devon Witherspoon","SEA","DB",2024
"555","00-0039364",1918,0.00344365399679722,0.0232572550768128,0.000313059454254292,"Sione Vaki","DET","RB",2024
"556","00-0032395",184,0.00341701801364963,0.0227356386427251,0.000310638001240875,"Graham Glasgow","DET","OL",2024
"557","00-0030035",52,0.00341034833397997,0.022134881484557,0.000310031666725452,"Adam Thielen","CAR","WR",2024
"558","00-0036479",999,0.0034022348562041,0.0226857386656665,0.000309294077836736,"Kwity Paye","IND","DL",2024
"559","00-0038682",1700,0.0034002925601399,0.0235433539574811,0.000309117505467263,"Mitchell Agude","DET","LB",2024
"560","00-0034413",487,0.00336746975608061,0.0224874267474755,0.000306133614189146,"Foye Oluokun","JAX","LB",2024
"561","00-0033923",388,0.003357860454414,0.0224782274489436,0.000305260041310364,"Kareem Hunt","KC","RB",2024
"562","00-0038402",1557,0.00335784242319704,0.0228850407268099,0.000305258402108821,"Anders Carlson","NYJ","K",2024
"563","00-0038411",1563,0.00334510346915045,0.0234749536429359,0.000304100315377313,"Anthony Johnson Jr.","NYG","DB",2024
"564","00-0036322",924,0.00334240492099516,0.022506499835448,0.000303854992817742,"Justin Jefferson","MIN","WR",2024
"565","00-0036971",1175,0.00333149631471308,0.0221012252146497,0.000302863301337553,"Trevor Lawrence","JAX","QB",2024
"566","00-0031554",116,0.00332824257639485,0.0228418074339188,0.000302567506944986,"Eric Kendricks","DAL","LB",2024
"567","00-0033131",262,0.00332549515705062,0.0213640342679428,0.000302317741550057,"Maliek Collins","SF","DL",2024
"568","00-0037316",1335,0.00332405347773598,0.0237186268118896,0.00030218667979418,"Mark Robinson","PIT","LB",2024
"569","00-0039861",2137,0.00331807022763207,0.0225863650825449,0.000301642747966551,"Tyler Nubin","NYG","DB",2024
"570","00-0037057",1214,0.00328885567609315,0.0232179117933657,0.000298986879644832,"Keir Thomas","LA","LB",2024
"571","00-0033897",375,0.00328801909150461,0.0231467686817097,0.000298910826500419,"Joe Mixon","HOU","RB",2024
"572","00-0038731",1714,0.00328386964404072,0.02354126059423,0.000298533604003702,"TJ Bass","DAL","OL",2024
"573","00-0038571",1624,0.00328065025420697,0.0240463716106823,0.000298240932200633,"Jon Gaines II","ARI","OL",2024
"574","00-0034571",512,0.00327019331946439,0.0224792105175551,0.00029729030176949,"Trent Scott","WAS","OL",2024
"575","00-0039808",2091,0.00326234483457802,0.0233052649451045,0.000296576803143456,"Isaiah Adams","ARI","OL",2024
"576","00-0035628",731,0.00326120428990717,0.0228027792425057,0.000296473117264288,"D'Ernest Johnson","JAX","RB",2024
"577","00-0035687",766,0.00325792382125162,0.0231648956962674,0.000296174892841056,"Bobby Okereke","NYG","LB",2024
"578","00-0039904",2171,0.00325705584536329,0.0235083063548667,0.000296095985942117,"Jordan Morgan","GB","OL",2024
"579","00-0036842",1095,0.00324429963201305,0.0233324589306669,0.000294936330183005,"Kene Nwangwu","NYJ","RB",2024
"580","00-0035683",763,0.0032338060476361,0.0232752039890233,0.000293982367966918,"Dexter Lawrence","NYG","DL",2024
"581","00-0036337",934,0.00322579790730945,0.022722931514348,0.00029325435520995,"James Lynch","TEN","DL",2024
"582","00-0033540",310,0.00321692865827986,0.0235202987269176,0.000292448059843623,"Takk McKinley","NYJ","DL",2024
"583","00-0034982",606,0.00320220162954295,0.0251567792463477,0.000291109239049359,"Dre Greenlaw","SF","LB",2024
"584","00-0039772",2074,0.00318320104568112,0.0224610041696794,0.000289381913243738,"Josh Wallace","LA","DB",2024
"585","00-0039740",2056,0.00317422773609383,0.021806156912151,0.000288566157826712,"Jalyx Hunt","PHI","LB",2024
"586","00-0039313",1884,0.00317383713946842,0.0237220895105958,0.000288530649042584,"Swayze Bozeman","KC","LB",2024
"587","00-0035352",700,0.00317239713814175,0.0208132391372326,0.000288399739831068,"Tyrel Dodson","MIA","LB",2024
"588","00-0031763",133,0.00316892173235006,0.0233542524496491,0.000288083793850005,"DeAndre Carter","CHI","WR",2024
"589","00-0035903",807,0.003165721691511,0.0237875685159545,0.000287792881046455,"Joe Gaziano","JAX","DL",2024
"590","00-0039236",1867,0.00314783589729102,0.0217179455419929,0.000286166899753729,"Johnny Wilson","PHI","WR",2024
"591","00-0038514",1590,0.00312790079791158,0.024004289721907,0.000284354617991962,"Truman Jones","NE","DL",2024
"592","00-0038471",1574,0.00310817531160528,0.0235702796346764,0.000282561391964116,"Kadeem Telfort","GB","OL",2024
"593","00-0034385",478,0.00309997011287409,0.0232914918496305,0.000281815464806736,"Ja'Whaun Bentley","NE","LB",2024
"594","00-0036298",911,0.00309690566452803,0.0220190274920636,0.000281536878593457,"Akeem Davis-Gaither","CIN","LB",2024
"595","00-0033294",282,0.00308506640042941,0.0220331424584705,0.000280460581857219,"Chuck Clark","NYJ","DB",2024
"596","00-0039718",2045,0.00308203898185605,0.0236492400190311,0.000280185361986914,"Bo Richter","MIN","LB",2024
"597","00-0038554",1610,0.00308118894742715,0.0223713102691824,0.000280108086129741,"Ji'Ayir Brown","SF","DB",2024
"598","00-0035358",703,0.00306448554409422,0.0232192564808471,0.000278589594917656,"Chase McLaughlin","TB","K",2024
"599","00-0037752",1444,0.00305504138092899,0.022928884560791,0.000277731034629908,"Tycen Anderson","CIN","DB",2024
"600","00-0038590",1642,0.00305424359217989,0.0235836106072102,0.00027765850837999,"Justin Shorter","LV","TE",2024
"601","00-0037332",1345,0.00303205015056965,0.0222785428418573,0.000275640922779059,"D'Anthony Bell","CLE","DB",2024
"602","00-0034787",550,0.00302349526588791,0.0220768179682865,0.00027486320598981,"Chris Board","BAL","LB",2024
"603","00-0034815",565,0.0030220207191243,0.0219992676668487,0.000274729156284027,"Fred Warner","SF","LB",2024
"604","00-0035771",791,0.00301784152187289,0.0247133561957588,0.000274349229261172,"Mitchell Wilcox","NE","TE",2024
"605","00-0038653",1689,0.00299442863883707,0.0233437743885231,0.000272220785348825,"Cory Durden","NYG","DL",2024
"606","00-0036902",1126,0.00299349392247761,0.0224236931058302,0.000272135811134328,"Joseph Ossai","CIN","DL",2024
"607","00-0035708",780,0.00298795770576744,0.0237203057935728,0.000271632518706131,"Oshane Ximines","NE","LB",2024
"608","00-0036736",1082,0.00298387892265923,0.0231950847266599,0.000271261720241748,"Kayode Awosika","DET","OL",2024
"609","00-0034678",526,0.00297853629015065,0.023013838637722,0.000270776026377331,"Alex Cappa","CIN","OL",2024
"610","00-0038454",1569,0.00296292523688153,0.0228062765147139,0.000269356839716502,"Keaton Mitchell","BAL","RB",2024
"611","00-0039897",2164,0.00293106979809336,0.0233903571525143,0.00026646089073576,"Joe Alt","LAC","OL",2024
"612","00-0037291",1316,0.0029252829865873,0.022075666423431,0.000265934816962481,"Jalen Nailor","MIN","WR",2024
"613","00-0035346",699,0.00292382438166139,0.0228021708221678,0.000265802216514672,"Nik Needham","MIA","DB",2024
"614","00-0038809",1736,0.00292327531468187,0.0219754797720376,0.000265752301334716,"Ben Sims","GB","TE",2024
"615","00-0034801",559,0.00291904312898968,0.0236637263990018,0.00026536755718088,"Josh Woods","ATL","LB",2024
"616","00-0031360",99,0.00291569195299323,0.0223570697784148,0.000265062904817567,"Kyle Van Noy","BAL","LB",2024
"617","00-0033110",258,0.00290787886741992,0.0227616022060755,0.000264352624310902,"Tyler Higbee","LA","TE",2024
"618","00-0035655",747,0.00290780773376009,0.0229405656576552,0.000264346157614554,"Will Harris","NO","DB",2024
"619","00-0039925",2188,0.00289883822473497,0.0221276742105757,0.000263530747703179,"Amarius Mims","CIN","OL",2024
"620","00-0034473",501,0.00289654778170817,0.023243580394982,0.000263322525609834,"Dennis Gardeck","ARI","LB",2024
"621","00-0031177",84,0.00288607272793451,0.0232177301296245,0.000262370247994046,"Brent Urban","BAL","DL",2024
"622","00-0039613",2019,0.00288020653853828,0.0236995216046524,0.000261836958048935,"Dallin Holker","NO","TE",2024
"623","00-0037216",1261,0.00283931702171034,0.0246647532349779,0.000258119729246395,"Justyn Ross","KC","WR",2024
"624","00-0039900",2167,0.00283459890866649,0.0230280212178902,0.000257690809878772,"Marshawn Kneeland","DAL","DL",2024
"625","00-0035662",750,0.00282165897117688,0.0239035988886548,0.000256514451925171,"Marquise Brown","KC","WR",2024
"626","00-0038908",1752,0.00281883717305976,0.0234579006718614,0.000256257924823615,"Anfernee Orji","NO","LB",2024
"627","00-0036297",910,0.00281806239327274,0.0241396390813465,0.000256187490297522,"Darrynton Evans","CHI","RB",2024
"628","00-0034495",506,0.00281167621404935,0.0226730069360797,0.000255606928549941,"Evan Brown","ARI","OL",2024
"629","00-0039058",1813,0.00281145196296736,0.0224478281185494,0.000255586542087942,"Steve Avila","LA","OL",2024
"630","00-0033905",379,0.00279275014640847,0.0226456365509897,0.000253886376946225,"Larry Ogunjobi","PIT","DL",2024
"631","00-0038797",1732,0.00276743805140697,0.0236538814227064,0.000251585277400633,"Emanuel Wilson","GB","RB",2024
"632","00-0039371",1925,0.00276148875930651,0.023648979440861,0.000251044432664228,"Kris Abrams-Draine","DEN","DB",2024
"633","00-0033288",278,0.00274945557497897,0.0225831570698202,0.00024995050681627,"George Kittle","SF","TE",2024
"634","00-0036849",1097,0.00274216552927455,0.0236237262968583,0.000249287775388595,"Tutu Atwell","LA","WR",2024
"635","00-0039860",2136,0.00273203925406037,0.0216312475981639,0.000248367204914579,"Kool-Aid McKinstry","NO","DB",2024
"636","00-0025565",4,0.00271718846479526,0.0232421869094314,0.000247017133163205,"Nick Folk","TEN","K",2024
"637","00-0039448",1979,0.00270987613226291,0.0240220991394573,0.000246352375660264,"Loren Strickland","DET","DB",2024
"638","00-0033040",238,0.00269857361561309,0.0227534785318382,0.000245324874146645,"Tyreek Hill","MIA","WR",2024
"639","00-0029316",37,0.00269288053032408,0.022100154995572,0.000244807320938553,"Kelvin Beachum","ARI","OL",2024
"640","00-0035468",714,0.00266484584780108,0.0236124824319528,0.000242258713436462,"Zack Bailey","NYJ","OL",2024
"641","00-0033563",319,0.00265540246893185,0.0226359129493542,0.00024140022444835,"Carlos Watkins","DAL","DL",2024
"642","00-0033906",380,0.00265264470207791,0.0230476908351756,0.000241149518370719,"Alvin Kamara","NO","RB",2024
"643","00-0039818",2101,0.00261492324374985,0.0232622974940405,0.00023772029488635,"Kitan Oladapo","GB","DB",2024
"644","00-0035073",621,0.0026012072152053,0.0230682739011788,0.000236473383200481,"Jonathan Harris","MIN","DL",2024
"645","00-0037811",1459,0.00259898441073537,0.0224289309139698,0.000236271310066852,"Chad Muma","JAX","LB",2024
"646","00-0030578",72,0.00257235364660533,0.0235332179245088,0.000233850331509576,"Cordarrelle Patterson","PIT","RB",2024
"647","00-0039049",1807,0.00257106299643874,0.023612417855437,0.000233732999676249,"SirVocea Dennis","TB","LB",2024
"648","00-0034337",448,0.00256749740821151,0.0227703886862298,0.000233408855291956,"Greg Stroman","NYG","DB",2024
"649","00-0039739",2055,0.00254993892863344,0.0240025816238816,0.000231812629875767,"Roman Wilson","PIT","WR",2024
"650","00-0039377",1931,0.00254884612008185,0.0228555039219666,0.000231713283643804,"Jaylon Carlies","IND","LB",2024
"651","00-0037266",1296,0.00254239335986282,0.0244070653259106,0.000231126669078438,"Matt Waletzko","DAL","OL",2024
"652","00-0038823",1741,0.0025344947299935,0.0229176271960094,0.000230408611817591,"Kaevon Merriweather","TB","DB",2024
"653","00-0039394",1946,0.00253206077533593,0.0239150497233961,0.000230187343212357,"Casey Washington","ATL","WR",2024
"654","00-0037509",1381,0.00252893459287519,0.0225077855223222,0.000229903144806836,"Sincere McCormick","LV","RB",2024
"655","00-0039072",1825,0.00252604570017059,0.0228058686066397,0.000229640518197327,"Jakorian Bennett","LV","DB",2024
"656","00-0031549",113,0.00252211619309158,0.0230673298325319,0.000229283290281053,"Nelson Agholor","BAL","WR",2024
"657","00-0033461",300,0.00252132724796432,0.0216481102253715,0.000229211567996756,"Raekwon McMillan","TEN","LB",2024
"658","00-0034263",434,0.00249105336862652,0.0233333464331531,0.000226459397147865,"Tarvarius Moore","CHI","DB",2024
"659","00-0033284",277,0.0024718440351327,0.0227690926063545,0.000224713094102973,"Taylor Moton","CAR","OL",2024
"660","00-0037132",1239,0.00246038479224347,0.0233645069780455,0.000223671344749407,"Britain Covey","PHI","WR",2024
"661","00-0036192",854,0.0024457667805252,0.0219458189259745,0.0002223424345932,"A.J. Epenesa","BUF","DL",2024
"662","00-0037094",1230,0.00244519462762384,0.0222975027169103,0.000222290420693076,"Jonathan Ford","CHI","DL",2024
"663","00-0035157",641,0.00243931894385982,0.0231180836248783,0.00022175626762362,"Darius Harris","DAL","LB",2024
"664","00-0033066",246,0.00243866033807252,0.023497963841087,0.000221696394370229,"Andrew Billings","CHI","DL",2024
"665","00-0036985",1188,0.00242948162530099,0.0239281513139539,0.000220861965936454,"Robert Hainsey","TB","OL",2024
"666","00-0035144",636,0.00241110761082225,0.0217109030392143,0.000219191600983841,"Mack Wilson","ARI","LB",2024
"667","00-0030070",57,0.00240809939989178,0.0220603132062866,0.000218918127262889,"John Jenkins","LV","DL",2024
"668","00-0039382",1936,0.00239996022274724,0.0237550563142305,0.000218178202067931,"Christian Jones","ARI","OL",2024
"669","00-0038977",1771,0.00234171833928075,0.0232416116777816,0.000212883485389159,"Tank Dell","HOU","WR",2024
"670","00-0035924",809,0.0023391171258667,0.0234225343443269,0.000212647011442428,"Jonathan Ward","PIT","RB",2024
"671","00-0034805",561,0.00233293558072924,0.0226264470509719,0.000212085052793567,"John Franklin-Myers","DEN","DL",2024
"672","00-0038724",1712,0.00231871689979639,0.0217875572577985,0.000210792445436035,"Ali Gaye","TEN","DL",2024
"673","00-0032129",156,0.00231641457736183,0.0223335183500655,0.00021058314339653,"Jordan Hicks","CLE","LB",2024
"674","00-0039417",1965,0.00231526456391246,0.0243223444274202,0.000210478596719314,"Myles Harden","CLE","DB",2024
"675","00-0035973",816,0.00231459735911014,0.0225375255466716,0.000210417941737285,"Patrick Taylor","SF","RB",2024
"676","00-0031921",140,0.00229652684954796,0.0226123382043657,0.000208775168140724,"Kendall Lamm","MIA","OL",2024
"677","00-0034623",518,0.00228808506776758,0.0234214926806752,0.000208007733433416,"Andre Chachere","ARI","DB",2024
"678","00-0033964",403,0.00228431139112418,0.0227758284067887,0.00020766467192038,"Al-Quadin Muhammad","DET","DL",2024
"679","00-0039406",1955,0.00228319057154298,0.0229950181651931,0.00020756277923118,"Nathaniel Watson","CLE","LB",2024
"680","00-0039742",2058,0.0022811714504972,0.0237919048657704,0.000207379222772473,"Javon Foster","JAX","OL",2024
"681","00-0039356",1911,0.00227859060270877,0.0233666524024723,0.000207144600246252,"Ja'Tavion Sanders","CAR","TE",2024
"682","00-0036431",992,0.00226862744409158,0.0233263348594191,0.00020623885855378,"Jordan Fuller","CAR","DB",2024
"683","00-0039143",1843,0.00225973086426402,0.0228213532832378,0.000205430078569456,"Isaiah Foskey","NO","DL",2024
"684","00-0036884",1115,0.00224657270014783,0.0232111401263523,0.000204233881831621,"Marco Wilson","CIN","DB",2024
"685","00-0036741",1083,0.00224647733261774,0.0229576648370717,0.000204225212056158,"Jack Stoll","MIA","TE",2024
"686","00-0031933",141,0.00223471821395794,0.0220220149453121,0.000203156201268904,"Leonard Williams","SEA","DL",2024
"687","00-0039289",1875,0.00223255250701916,0.0232083379170395,0.000202959318819924,"Leonard Taylor III","NYJ","DL",2024
"688","00-0035247",668,0.00222967884093923,0.0241419488463018,0.000202698076449021,"Trysten Hill","IND","DL",2024
"689","00-0036888",1118,0.00222680903448299,0.0216099900306878,0.000202437184952999,"Damar Hamlin","BUF","DB",2024
"690","00-0034296",444,0.00221781757807647,0.0227236382600215,0.000201619779825133,"Ben Niemann","DET","LB",2024
"691","00-0038703",1705,0.00221580507261712,0.0229068661390918,0.000201436824783375,"Kendell Brooks","TEN","DB",2024
"692","00-0035630",733,0.00220689979681148,0.0218919832294069,0.000200627254255589,"Chris Lindstrom","ATL","OL",2024
"693","00-0039873",2145,0.00220530013821667,0.0227882749470798,0.00020048183074697,"DeWayne Carter","BUF","DL",2024
"694","00-0036285",901,0.00220039548816074,0.0216295125358872,0.000200035953469159,"A.J. Terrell","ATL","DB",2024
"695","00-0035258",675,0.00219070755045671,0.022995187285201,0.000199155231859701,"Hjalte Froholdt","ARI","OL",2024
"696","00-0038728",1713,0.00217803910657886,0.023725419569659,0.000198003555143532,"Jared Wayne","HOU","WR",2024
"697","00-0034125",415,0.00216142411371908,0.0245990659275774,0.000196493101247189,"Kendal Vickers","NO","DL",2024
"698","00-0037843",1486,0.00213922622200719,0.022816662493404,0.000194475111091563,"Daniel Hardy","CHI","DL",2024
"699","00-0036862",1101,0.00213048002912651,0.0228463435571917,0.000193680002647864,"Ben Skowronek","PIT","WR",2024
"700","00-0036351",943,0.00210827608375584,0.0236266356900416,0.000191661462159622,"James Smith-Williams","ATL","DL",2024
"701","00-0034163",422,0.00210608566393254,0.021706273054764,0.000191462333084776,"Jacob Martin","CHI","DL",2024
"702","00-0037840",1484,0.00210222626003207,0.0228233770687427,0.000191111478184733,"Kyren Williams","LA","RB",2024
"703","00-0035311",694,0.00209609302185729,0.0240215488844238,0.000190553911077936,"Myles Gaskin","JAX","RB",2024
"704","00-0039810",2093,0.00207218133652902,0.023533812111963,0.000188380121502638,"Jermaine Burton","CIN","WR",2024
"705","00-0036302",914,0.00207120879659748,0.0221419062628171,0.000188291708781589,"Jaylinn Hawkins","NE","DB",2024
"706","00-0037456",1371,0.00206885761681096,0.0231166425055098,0.000188077965164632,"Troy Hairston","HOU","RB",2024
"707","00-0039676",2035,0.0020684795307479,0.0240691499417458,0.000188043593704354,"Chigozie Anusiem","CLE","DB",2024
"708","00-0036584",1025,0.00206664399167377,0.0236836604873097,0.000187876726515797,"Foster Sarell","LAC","OL",2024
"709","00-0035298",692,0.0020649403945896,0.0238324784759306,0.0001877218540536,"Scott Miller","PIT","WR",2024
"710","00-0039299",1878,0.00205736148011071,0.0235922170066253,0.000187032861828247,"George Holani","SEA","RB",2024
"711","00-0033589",326,0.00205678400207376,0.0226531422786102,0.000186980363824887,"David Moore","CAR","WR",2024
"712","00-0031687",129,0.00205185071126589,0.0232171169144053,0.000186531882842354,"Raheem Mostert","MIA","RB",2024
"713","00-0037238",1270,0.00204342221170986,0.0224484999463362,0.000185765655609987,"Drake London","ATL","WR",2024
"714","00-0034112",411,0.00203693178776291,0.0243483627415882,0.000185175617069356,"Austin Schlottmann","NYG","OL",2024
"715","00-0039354",1909,0.00203273575419653,0.0216303482253661,0.000184794159472412,"McKinnley Jackson","CIN","DL",2024
"716","00-0038951",1767,0.00199256176234224,0.0228138167797851,0.00018114197839475,"Sean Tucker","TB","RB",2024
"717","00-0038586",1638,0.00198832355512592,0.0251422922726905,0.000180756686829629,"Atonio Mafi","IND","OL",2024
"718","00-0038404",1559,0.00198272569542694,0.0228493289009277,0.000180247790493358,"Titus Leo","NE","DL",2024
"719","00-0037833",1477,0.00195694364658199,0.0239646543199991,0.00017790396787109,"Tariq Castro-Fields","PHI","DB",2024
"720","00-0033319",287,0.00195565359805243,0.0230909710107232,0.000177786690732039,"Nick Mullens","MIN","QB",2024
"721","00-0036645",1060,0.00195431753307149,0.0231220588040076,0.000177665230279226,"Shemar Jean-Charles","NO","DB",2024
"722","00-0038663",1693,0.00195102481890152,0.0215060432957643,0.000177365892627411,"Starling Thomas V","ARI","DB",2024
"723","00-0034302",445,0.00192651928503964,0.0230772298400578,0.000175138116821785,"Frankie Luvu","WAS","LB",2024
"724","00-0037225",1263,0.00192485408601526,0.024669856665542,0.000174986735092296,"Chris Glaser","CHI","OL",2024
"725","00-0039854",2131,0.00192349245906894,0.0225505358139328,0.000174862950824449,"Darius Robinson","ARI","DL",2024
"726","00-0032939",226,0.0019174649315597,0.0235025415869163,0.000174314993778154,"Vonn Bell","CIN","DB",2024
"727","00-0036045",826,0.00191455910630483,0.0232916716603259,0.000174050827845893,"Cam Gill","CAR","LB",2024
"728","00-0036638",1055,0.00191404798682017,0.0223001755653947,0.000174004362438197,"Darrick Forrest","WAS","DB",2024
"729","00-0038801",1734,0.00191236701665222,0.0233730951828744,0.000173851546968384,"Andre Carter II","LV","LB",2024
"730","00-0035678",759,0.00189933554230723,0.0219425857002669,0.000172666867482475,"Dre'Mont Jones","SEA","DL",2024
"731","00-0039355",1910,0.00189419138202687,0.0233983584875167,0.000172199216547897,"Luke McCaffrey","WAS","WR",2024
"732","00-0037081",1221,0.00189011909369197,0.0216471498800937,0.000171829008517451,"Braxton Jones","CHI","OL",2024
"733","00-0037638",1424,0.00188776794375859,0.0244737130181196,0.000171615267614417,"Benton Whitley","ARI","LB",2024
"734","00-0037251",1283,0.00187014351773621,0.0234801507347794,0.000170013047066928,"Alex Wright","CLE","DL",2024
"735","00-0034847",580,0.00186460468413249,0.0213906831237633,0.000169509516739317,"Mike McGlinchey","DEN","OL",2024
"736","00-0034368",467,0.00186048439188274,0.0228824537431552,0.000169134944716613,"Josey Jewell","CAR","LB",2024
"737","00-0027947",21,0.00185880403983922,0.0229071055219808,0.000168982185439929,"Tyron Smith","NYJ","OL",2024
"738","00-0036254",883,0.00184497019260971,0.0228538642560305,0.000167724562964519,"Collin Johnson","CHI","WR",2024
"739","00-0034527",510,0.0018254768961792,0.023073083560852,0.0001659524451072,"Ryan Neal","TB","DB",2024
"740","00-0035976",817,0.00181837527718284,0.023264061136722,0.000165306843380258,"Dan Chisena","CAR","WR",2024
"741","00-0037414",1363,0.00181343462850358,0.0232574249046819,0.000164857693500326,"Devin Cochran","CIN","OL",2024
"742","00-0038593",1645,0.00181324861309637,0.0234687540857978,0.000164840783008761,"Olu Oluwatimi","SEA","OL",2024
"743","00-0032768",217,0.00180719002363637,0.0227560814372233,0.000164290002148761,"Cody Whitehair","LV","OL",2024
"744","00-0037317",1336,0.00180528852633137,0.0242451682714114,0.000164117138757397,"Nick Muse","PHI","TE",2024
"745","00-0033926",390,0.00180065523700354,0.0228021489261524,0.000163695930636685,"Shaquill Griffin","MIN","DB",2024
"746","00-0036865",1102,0.00179816798491878,0.0238010750631955,0.000163469816810799,"Jackson Carman","MIA","OL",2024
"747","00-0035292",690,0.00178904888360816,0.0223208555746141,0.000162640807600742,"David Long Jr.","TEN","LB",2024
"748","00-0034229",429,0.00178164915534693,0.0235116863697838,0.000161968105031539,"Dakoda Shepley","DAL","OL",2024
"749","00-0037034",1211,0.00177588815934835,0.0215975571373805,0.000161444378122577,"Dee Alford","ATL","DB",2024
"750","00-0037208",1260,0.00177242325488925,0.0230126987834641,0.000161129386808114,"Jack Cochrane","KC","LB",2024
"751","00-0037005",1205,0.00176425375773481,0.0229668761318723,0.000160386705248619,"Tommy Tremble","CAR","TE",2024
"752","00-0038400",1555,0.00176034993582957,0.0246896046086059,0.000160031812348143,"Tanner McKee","PHI","QB",2024
"753","00-0033729",335,0.00175552141636245,0.0238969742087324,0.00015959285603295,"Cameron Johnston","PIT","P",2024
"754","00-0035697",772,0.00174415343698469,0.0221893581526082,0.000158559403362244,"Germaine Pratt","CIN","LB",2024
"755","00-0027885",19,0.00174259563880763,0.0230766523908425,0.000158417785346148,"Linval Joseph","DAL","DL",2024
"756","00-0039395",1947,0.00174030998754709,0.023957474715886,0.000158209998867917,"Jamal Hill","HOU","LB",2024
"757","00-0036802",1089,0.00173969601653617,0.0226335857822316,0.00015815418332147,"Jon Rhattigan","CAR","LB",2024
"758","00-0030097",59,0.00172972604620334,0.0230586023575988,0.000157247822382122,"David Quessenberry","MIN","OL",2024
"759","00-0039372",1926,0.00171364474441541,0.0230563559847921,0.000155785885855946,"Jarvis Brownlee Jr.","TEN","DB",2024
"760","00-0033676",331,0.00170578556974951,0.0230907039909714,0.000155071415431773,"Elijah Wilkinson","ATL","OL",2024
"761","00-0037000",1200,0.00169657834878549,0.0240125891435135,0.000154234395344135,"Monty Rice","NE","LB",2024
"762","00-0039040",1802,0.00169408869031708,0.022982715706717,0.000154008062756098,"De'Von Achane","MIA","RB",2024
"763","00-0031345",97,0.00169368979657713,0.0244644742704392,0.00015397179968883,"Jimmy Garoppolo","LA","QB",2024
"764","00-0036553",1015,0.00169258552298657,0.0242353314068869,0.000153871411180597,"Carlos Basham","NYG","LB",2024
"765","00-0035233",656,0.00169012376373491,0.024144041727966,0.000153647614884992,"Andre Dillard","GB","OL",2024
"766","00-0037686",1433,0.00168891892693188,0.0242264012079062,0.000153538084266534,"Tucker Addington","JAX","LS",2024
"767","00-0038679",1699,0.00166531906500741,0.0235153526921873,0.000151392642273401,"Tyrell Shavers","BUF","WR",2024
"768","00-0038634",1676,0.00165544505619909,0.0226131542687551,0.000150495005109008,"Nesta Jade Silvera","SF","DL",2024
"769","00-0027962",22,0.00165477877806257,0.0223100857646609,0.000150434434369324,"Cameron Jordan","NO","DL",2024
"770","00-0039733",2049,0.0016474566019226,0.0236873675767016,0.000149768781992964,"Ruke Orhorhoro","ATL","DL",2024
"771","00-0036329",929,0.0016450370756815,0.0223481392610674,0.000149548825061954,"Ashtyn Davis","NYJ","DB",2024
"772","00-0036895",1121,0.00163820160842053,0.0253584360089151,0.000148927418947321,"Elerson G. Smith","CLE","LB",2024
"773","00-0033883",364,0.0016358824440437,0.0225505436899343,0.000148716585822154,"Jabrill Peppers","NE","DB",2024
"774","00-0031237",88,0.00163255188016131,0.0241384440575228,0.000148413807287391,"Teddy Bridgewater","DET","QB",2024
"775","00-0033376",292,0.00163160217573211,0.0217346579734014,0.000148327470521101,"Patrick Ricard","BAL","RB",2024
"776","00-0036933",1148,0.00163075853319696,0.0217553640243839,0.000148250775745179,"Zaven Collins","ARI","LB",2024
"777","00-0039042",1804,0.00162362258349396,0.0231688032254982,0.000147602053044906,"Ryan Hayes","MIA","OL",2024
"778","00-0037818",1466,0.00161116495197545,0.0238112269404288,0.000146469541088677,"Zion Johnson","LAC","OL",2024
"779","00-0038145",1538,0.00159332492151105,0.0236434920211327,0.000144847720137368,"Thomas Odukoya","TEN","TE",2024
"780","00-0037009",1207,0.00159059907739264,0.0226819190074928,0.000144599916126604,"Rashawn Slater","LAC","OL",2024
"781","00-0027940",20,0.00159015945721558,0.0230485298903154,0.000144559950655962,"Von Miller","BUF","DL",2024
"782","00-0036093",831,0.0015896981290624,0.023950769273599,0.000144518011732946,"Bill Murray","CHI","OL",2024
"783","00-0038892",1750,0.00158262216701851,0.0236491331445012,0.000143874742456228,"Jaxson Kirkland","CIN","OL",2024
"784","00-0039048",1806,0.00156995712971006,0.0222569685519211,0.000142723375428187,"Matthew Bergeron","ATL","OL",2024
"785","00-0037254",1286,0.001563824498464,0.02254496872868,0.000142165863496728,"Terrel Bernard","BUF","LB",2024
"786","00-0036909",1132,0.00156194752851571,0.022892068254285,0.000141995229865065,"Khyiris Tonga","ARI","DL",2024
"787","00-0034587",515,0.00155342292207135,0.0235159213609201,0.00014122026564285,"Abdullah Anderson","TEN","DL",2024
"788","00-0037031",1210,0.00155022834107874,0.0238686567276771,0.000140929849188976,"Nikola Kalinic","LA","TE",2024
"789","00-0036253",882,0.001545837425243,0.0227083138624816,0.000140530675022091,"Julian Blackmon","IND","DB",2024
"790","00-0039745",2061,0.00154434719571456,0.0236613499374227,0.000140395199610415,"Tory Taylor","CHI","P",2024
"791","00-0038544",1600,0.00154180944708602,0.022678421262145,0.000140164495189638,"Quentin Johnston","LAC","WR",2024
"792","00-0036262",889,0.00153698183046412,0.0219351728429365,0.000139725620951284,"DaVon Hamilton","JAX","DL",2024
"793","00-0039872",2144,0.00152313328396966,0.0223961566846989,0.00013846666217906,"Cole Bishop","BUF","DB",2024
"794","00-0035076",622,0.00151419071949538,0.0239660462099123,0.000137653701772307,"Curtis Bolton","TEN","LB",2024
"795","00-0033943",397,0.00150550195735494,0.0240915292322648,0.000136863814304995,"Josh Reynolds","JAX","WR",2024
"796","00-0037451",1370,0.00150132696103991,0.0237910524245204,0.000136484269185446,"Rod Williams","PIT","TE",2024
"797","00-0039622",2023,0.00149731971558583,0.0235567377803808,0.000136119974144166,"Isaiah Stalbird","NO","LB",2024
"798","00-0037082",1222,0.00148183446119587,0.0234575494783942,0.000134712223745079,"Dominique Robinson","CHI","DL",2024
"799","00-0034989",608,0.00148042264957604,0.0221203162580692,0.000134583877234185,"Justin Skule","TB","OL",2024
"800","00-0037616",1418,0.00147098836381078,0.0221710715170773,0.000133726214891889,"Nick Cross","IND","DB",2024
"801","00-0035330",697,0.00146803580587061,0.0228677746423795,0.000133457800533691,"Anthony Pittman","DET","LB",2024
"802","00-0036408",976,0.0014614525772313,0.0227343244375438,0.000132859325202845,"Cesar Ruiz","NO","OL",2024
"803","00-0034957",593,0.00145995834173721,0.0249916857260189,0.000132723485612473,"Calvin Anderson","PIT","OL",2024
"804","00-0033947",398,0.00145995079087563,0.0233476808062869,0.000132722799170512,"Deatrich Wise","NE","DL",2024
"805","00-0037315",1334,0.00144919301312791,0.0241215641425081,0.000131744819375264,"Cameron Goode","MIA","LB",2024
"806","00-0037109",1234,0.00142692502214673,0.0225079853681892,0.000129720456558794,"Jack Sanborn","CHI","LB",2024
"807","00-0039411",1960,0.00141952894977731,0.0240873000762724,0.000129048086343392,"Elijah Klein","TB","OL",2024
"808","00-0036343",938,0.00141886278539239,0.0229460661199881,0.000128987525944763,"Khaleke Hudson","CLE","LB",2024
"809","00-0037708",1435,0.00141765717869849,0.0239945393835622,0.000128877925336226,"Maurice Alexander","DET","WR",2024
"810","00-0039151",1851,0.00141297376700705,0.022637000305536,0.000128452160637005,"Emmanuel Forbes","LA","DB",2024
"811","00-0039648",2030,0.00140687778766856,0.0242008749885279,0.000127897980697141,"David Martin-Robinson","TEN","TE",2024
"812","00-0036704",1076,0.00140145812781188,0.0231128991808658,0.000127405284346534,"Caleb Johnson","JAX","LB",2024
"813","00-0032104",152,0.00139982528079878,0.0213698382060966,0.00012725684370898,"Ameer Abdullah","LV","RB",2024
"814","00-0039363",1917,0.00139780028075573,0.0220411056689523,0.000127072752795975,"Isaac Guerendo","SF","RB",2024
"815","00-0038820",1739,0.00139644956712031,0.0235752213415264,0.000126949960647301,"Christian Izien","TB","DB",2024
"816","00-0039915",2180,0.00138405622986112,0.021619731801764,0.000125823293623738,"Ladd McConkey","LAC","WR",2024
"817","00-0032412",188,0.0013832404316474,0.0242501088270783,0.000125749130149764,"Dean Lowry","PIT","DL",2024
"818","00-0039361",1916,0.00134667200324388,0.0226679540596204,0.000122424727567625,"Bucky Irving","TB","RB",2024
"819","00-0036409",977,0.00133914873368105,0.0225675587247417,0.000121740793971004,"Jordyn Brooks","MIA","LB",2024
"820","00-0037639",1425,0.0013343750951684,0.0252199896127809,0.000121306826833491,"William Kwenkeu","BAL","LB",2024
"821","00-0034768",541,0.00132570857664513,0.0229316449128519,0.000120518961513194,"Chukwuma Okorafor","NE","OL",2024
"822","00-0034446",497,0.00131421956297325,0.02417144745796,0.000119474505724841,"Jalen Davis","CIN","DB",2024
"823","00-0036878",1111,0.00130117764452623,0.0223015302403066,0.000118288876775112,"Janarius Robinson","LV","DL",2024
"824","00-0036653",1064,0.00129086393521111,0.0228000833853808,0.000117351266837374,"Stone Forsythe","SEA","OL",2024
"825","00-0038463",1572,0.00129016244465246,0.0232822574402678,0.000117287494968406,"Brenton Cox Jr.","GB","DL",2024
"826","00-0028292",27,0.00128728759660751,0.0226260474986342,0.000117026145146137,"Nick Bellore","WAS","LB",2024
"827","00-0036288",904,0.00128692007730275,0.0221223025777454,0.00011699273430025,"Yetur Gross-Matos","SF","LB",2024
"828","00-0039819",2102,0.00128057989478267,0.023276469477575,0.000116416354071152,"Travis Glover","GB","OL",2024
"829","00-0037310",1330,0.0012755813444208,0.0244433577805244,0.000115961940401891,"James Houston","CLE","DL",2024
"830","00-0033302",284,0.00127189824621956,0.0226517456284516,0.000115627113292687,"Adrian Colbert","CHI","DB",2024
"831","00-0037836",1480,0.00127043108646566,0.0232180284522673,0.000115493735133242,"Logan Bruss","TEN","OL",2024
"832","00-0038504",1585,0.0012687493477747,0.0218938085874233,0.0001153408497977,"Trenton Simpson","BAL","LB",2024
"833","00-0038633",1675,0.00126729910478856,0.0232865207774158,0.000115209009526233,"Nick Broeker","HOU","OL",2024
"834","00-0037270",1300,0.00126495010655384,0.0235165605914075,0.000114995464232167,"Otito Ogbonnia","LAC","DL",2024
"835","00-0036955",1165,0.00126410804992834,0.0232554659143731,0.000114918913629849,"Terrace Marshall Jr.","LV","WR",2024
"836","00-0036620",1039,0.00125920798413912,0.0235750590455857,0.000114473453103557,"Dee Eskridge","MIA","WR",2024
"837","00-0037239",1271,0.0012511475228482,0.0232377260615265,0.000113740683895291,"Chris Olave","NO","WR",2024
"838","00-0038635",1677,0.00123641549293584,0.0242648717665282,0.000112401408448713,"Andre Jones Jr.","WAS","DL",2024
"839","00-0036908",1131,0.00122269291648107,0.0248037448794222,0.000111153901498279,"Thomas Graham Jr.","PIT","DB",2024
"840","00-0036887",1117,0.0012214902384217,0.0217331842411879,0.000111044567129246,"Luke Farrell","JAX","TE",2024
"841","00-0036964",1171,0.001207265827927,0.0239950715155898,0.000109751438902455,"Derrick Barnes","DET","LB",2024
"842","00-0039234",1865,0.00119901451675966,0.0243970568553993,0.000109001319705423,"T.J. Tampa","BAL","DB",2024
"843","00-0034391",482,0.00119449362276515,0.0224227681822022,0.000108590329342286,"Siran Neal","MIA","DB",2024
"844","00-0039789",2080,0.00118900985916188,0.0224015117751729,0.000108091805378353,"Qwan'tez Stiggers","NYJ","DB",2024
"845","00-0039775",2076,0.001178698181002,0.0247766572913207,0.000107154380091091,"Elias Neal","LA","LB",2024
"846","00-0034488",504,0.00117754366620354,0.0225483178407158,0.000107049424200322,"Tavierre Thomas","TB","DB",2024
"847","00-0030294",64,0.0011729910115569,0.0220531522573438,0.000106635546505173,"Tony Jefferson","LAC","DB",2024
"848","00-0039829",2110,0.00117214950680975,0.0223986090143917,0.000106559046073614,"Darius Muasau","NYG","LB",2024
"849","00-0029963",51,0.00117183741093945,0.022077870805845,0.000106530673721769,"Chris Hubbard","NYG","OL",2024
"850","00-0029255",35,0.00116270656993584,0.0226569740708625,0.000105700597266895,"Bobby Wagner","WAS","LB",2024
"851","00-0036927",1144,0.00115425843456009,0.0225302086337374,0.000104932584960008,"Pete Werner","NO","LB",2024
"852","00-0036926",1143,0.00115033014242132,0.0218892448945394,0.000104575467492847,"Payton Turner","NO","DL",2024
"853","00-0039431",1975,0.00114826645276143,0.0224683110099713,0.000104387859341949,"Jowon Briggs","CLE","DL",2024
"854","00-0036678",1072,0.00113714948056927,0.0238280475131845,0.000103377225506297,"Dicaprio Bootle","LAC","DB",2024
"855","00-0039796",2087,0.00110981540858907,0.022334531484827,0.000100892309871734,"Rasheen Ali","BAL","RB",2024
"856","00-0036422",986,0.00110763832747969,0.0225157440533989,0.000100694393407245,"Adam Trautman","DEN","TE",2024
"857","00-0038613",1661,0.0011013116748733,0.0236614127441196,0.0001001192431703,"Jerrick Reed II","SEA","DB",2024
"858","00-0039351",1906,0.00110051014856068,0.0224056509227277,0.00010004637714188,"Dominick Puni","SF","OL",2024
"859","00-0038546",1602,0.00108883116903494,0.0233826195787384,9.8984651730449e-05,"Myles Murphy","CIN","DL",2024
"860","00-0036402",972,0.0010810184950467,0.0241191912651641,9.82744086406087e-05,"Carter Coughlin","NYG","LB",2024
"861","00-0036299",912,0.00106228264888355,0.0234250068080926,9.65711498985043e-05,"Troy Pride","DAL","DB",2024
"862","00-0036327",927,0.00105724677536844,0.0222890701199319,9.61133432153127e-05,"Ezra Cleveland","JAX","OL",2024
"863","00-0035215",649,0.00105176539181298,0.0240866264523384,9.56150356193622e-05,"Deonte Harty","BAL","WR",2024
"864","00-0037260",1292,0.00104905383410818,0.022972158633897,9.53685303734709e-05,"DJ Davidson","NYG","DL",2024
"865","00-0034789",551,0.00104899403773904,0.0222694266601738,9.53630943399125e-05,"Minkah Fitzpatrick","PIT","DB",2024
"866","00-0039830",2111,0.00104364752955934,0.0225974076084525,9.4877048141758e-05,"Dylan McMahon","LA","OL",2024
"867","00-0038735",1715,0.00103904163840724,0.023985207955957,9.44583307642947e-05,"Princeton Fant","DAL","TE",2024
"868","00-0039741",2057,0.00102966411032332,0.0221709428330822,9.36058282112111e-05,"Payton Wilson","PIT","LB",2024
"869","00-0039832",2113,0.00101871328112898,0.0239980971668129,9.2610298284453e-05,"Jarrett Kingston","CAR","OL",2024
"870","00-0036010",821,0.00101009574204789,0.0239850970050664,9.18268856407174e-05,"Jalen Elliott","PIT","DB",2024
"871","00-0039795",2086,0.00101003853296171,0.0244958735916024,9.18216848147009e-05,"Nehemiah Pritchett","SEA","DB",2024
"872","00-0036983",1186,0.0010090316267358,0.0231108868651657,9.17301478850731e-05,"Kendrick Green","HOU","OL",2024
"873","00-0037524",1385,0.000992210710415255,0.0246134865250762,9.02009736741141e-05,"Tay Martin","TEN","WR",2024
"874","00-0034675",524,0.000982207442189122,0.0223861229947181,8.92915856535566e-05,"Jessie Bates","ATL","DB",2024
"875","00-0035860",801,0.000972777305606147,0.0241190144441243,8.84343005096497e-05,"Tony Jones","ARI","RB",2024
"876","00-0039460",1986,0.000971578949652487,0.0241104509660324,8.8325359059317e-05,"Carl Jones","CHI","LB",2024
"877","00-0029008",34,0.000959550465857091,0.0230120434009643,8.72318605324628e-05,"Charley Hughlett","CLE","LS",2024
"878","00-0034208",428,0.000957748941033053,0.0232777504903599,8.70680855484594e-05,"Mike Boone","CAR","RB",2024
"879","00-0039408",1957,0.000957221415341631,0.0238294824843582,8.7020128667421e-05,"Christian Mahogany","DET","OL",2024
"880","00-0036274",896,0.000954883519783291,0.0228786133820405,8.68075927075719e-05,"Jeff Okudah","HOU","DB",2024
"881","00-0031363",100,0.000947833263533411,0.0234170752192193,8.61666603212192e-05,"Michael Palardy","ARI","P",2024
"882","00-0037283",1311,0.000937335098833608,0.0225603013840483,8.52122817121461e-05,"John Ridgeway","NO","DL",2024
"883","00-0038462",1571,0.000909324384404953,0.0249035729141374,8.2665853127723e-05,"Keshawn Banks","ARI","DL",2024
"884","00-0037257",1289,0.000907781033833692,0.024573723352619,8.25255485303356e-05,"David Bell","CLE","WR",2024
"885","00-0038585",1637,0.000899928587435662,0.0221495516249661,8.18116897668783e-05,"Cameron Mitchell","CLE","DB",2024
"886","00-0034993",611,0.000898586695168314,0.0234469746705424,8.16896995607558e-05,"Marcus Epps","LV","DB",2024
"887","00-0039916",2181,0.000885028188156434,0.0216488828772093,8.04571080142213e-05,"Ricky Pearsall","SF","WR",2024
"888","00-0038129",1530,0.000880324508393288,0.0222899357056375,8.00295007630262e-05,"Cade Otton","TB","TE",2024
"889","00-0037654",1426,0.000879051048583547,0.0234006740335404,7.99137316894134e-05,"Tucker Fisk","LAC","TE",2024
"890","00-0034158",417,0.000877196906724056,0.0222441022173267,7.97451733385505e-05,"Brian O'Neill","MIN","OL",2024
"891","00-0037831",1475,0.000872615671713524,0.0233575018389985,7.93286974285021e-05,"Nick Zakelj","SF","OL",2024
"892","00-0032774",218,0.000866374228414738,0.0223606211992701,7.87612934922489e-05,"Deon Bush","KC","DB",2024
"893","00-0034800",558,0.000864611811240867,0.0225419017074911,7.86010737491698e-05,"B.J. Hill","CIN","DL",2024
"894","00-0036603",1030,0.000857729696565324,0.022419512948177,7.7975426960484e-05,"Alaric Jackson","LA","OL",2024
"895","00-0035295",691,0.000854716703323873,0.02370127586909,7.77015184839884e-05,"Isaiah Prince","TEN","OL",2024
"896","00-0036956",1166,0.000850529632547102,0.0237111607103325,7.73208756861002e-05,"Darren Hall","ARI","DB",2024
"897","00-0036979",1182,0.00083452999409418,0.0223414697983445,7.58663630994709e-05,"Alijah Vera-Tucker","NYJ","OL",2024
"898","00-0039502",1993,0.000828555990017913,0.0233807905071004,7.53232718198103e-05,"Andrew Raym","CAR","OL",2024
"899","00-0037258",1290,0.000805634888308512,0.024069265027183,7.32395353007739e-05,"Dameon Pierce","HOU","RB",2024
"900","00-0035317",696,0.000804751880511273,0.0242839295092542,7.31592618646612e-05,"Joshua Miles","NYG","OL",2024
"901","00-0036896",1122,0.000801588716226127,0.0224248107594245,7.28717014751025e-05,"Victor Dimukeje","ARI","LB",2024
"902","00-0039513",1997,0.000794100095629229,0.0243121891174873,7.21909177844754e-05,"Chris Edmonds","CLE","DB",2024
"903","00-0039353",1908,0.000778454416036894,0.0226617111421774,7.07685832760813e-05,"Jarrian Jones","JAX","DB",2024
"904","00-0039360",1915,0.000773933974721331,0.0223191333878066,7.03576340655755e-05,"Malik Mustapha","SF","DB",2024
"905","00-0038408",1562,0.000773750375987962,0.0226377273015319,7.03409432716329e-05,"Carrington Valentine","GB","DB",2024
"906","00-0031156",83,0.00077137464858941,0.0236202096169145,7.01249680535827e-05,"Tyler Ott","WAS","LS",2024
"907","00-0039419",1966,0.000759742729334974,0.0246318377673816,6.9067520848634e-05,"Michael Jurgens","MIN","OL",2024
"908","00-0037207",1259,0.000747451707672213,0.0229891144383766,6.79501552429284e-05,"Mike Caliendo","KC","OL",2024
"909","00-0039714",2043,0.000737945358668993,0.0243675667598428,6.70859416971812e-05,"Dwight McGlothern","MIN","DB",2024
"910","00-0039595",2014,0.000733055386864097,0.0242840131756553,6.6641398805827e-05,"D.J. Williams","TB","RB",2024
"911","00-0034771",542,0.000727894325850481,0.0217014308867798,6.61722114409528e-05,"Mason Rudolph","TEN","QB",2024
"912","00-0039465",1987,0.000727740474012037,0.0250317152146926,6.61582249101852e-05,"Reddy Steward","CHI","DB",2024
"913","00-0039512",1996,0.000695625689285847,0.0235182099240987,6.32386990259861e-05,"Javion Cohen","CLE","OL",2024
"914","00-0037742",1439,0.000695574939742181,0.0235555964927007,6.32340854311074e-05,"Treylon Burks","TEN","WR",2024
"915","00-0037193",1251,0.000689595196460465,0.0228099667347068,6.26904724054968e-05,"Bryan Cook","KC","DB",2024
"916","00-0037804",1453,0.000682837283332486,0.0233832599141167,6.20761166665896e-05,"Zachary Carter","LV","DL",2024
"917","00-0038406",1560,0.000679519634529188,0.0239976410360231,6.17745122299262e-05,"Zack Kuntz","NYJ","TE",2024
"918","00-0038465",1573,0.00067543013079588,0.0231686820840807,6.14027391632618e-05,"Malik Heath","GB","WR",2024
"919","00-0039063",1817,0.000669504311366624,0.0221932001849338,6.08640283060567e-05,"Calijah Kancey","TB","DL",2024
"920","00-0039420",1967,0.000667603798890496,0.0233252347689757,6.06912544445905e-05,"Jaheim Bell","NE","TE",2024
"921","00-0035378",705,0.000663720805535059,0.0236488771961263,6.03382550486417e-05,"Andrew Wingard","JAX","DB",2024
"922","00-0036986",1189,0.000661979428266679,0.0237955140708283,6.01799480242436e-05,"Nahshon Wright","MIN","DB",2024
"923","00-0036987",1190,0.000660688396932822,0.022513177044332,6.00625815393475e-05,"Brandon Stephens","BAL","DB",2024
"924","00-0036370",955,0.000658421365343014,0.022850232006103,5.98564877584558e-05,"Joshua Kelley","TEN","RB",2024
"925","00-0036348",941,0.000658143802927713,0.0215782493025765,5.98312548116103e-05,"Josh Metellus","MIN","DB",2024
"926","00-0036362",950,0.000655365337980961,0.0227810190711667,5.95786670891782e-05,"Willie Gay Jr.","NO","LB",2024
"927","00-0036317",922,0.000651180871907431,0.023762956865097,5.91982610824937e-05,"Arlington Hambright","TEN","OL",2024
"928","00-0031734",131,0.000642751644951795,0.0233973301538675,5.84319677228904e-05,"Chris Reed","NO","OL",2024
"929","00-0039077",1829,0.000637040463482539,0.0233826773982499,5.79127694075036e-05,"Warren McClendon Jr.","LA","OL",2024
"930","00-0035890",803,0.000632148021075905,0.0222486219610953,5.74680019159913e-05,"Tershawn Wharton","KC","DL",2024
"931","00-0038705",1706,0.000623752396765666,0.0240023219277276,5.67047633423332e-05,"Emari Demercado","ARI","RB",2024
"932","00-0037516",1383,0.000614362112307562,0.0245722086263631,5.58511011188693e-05,"Sam Webb","LV","DB",2024
"933","00-0036366",952,0.000612826450168157,0.0224358060497815,5.57114954698325e-05,"Neville Gallimore","LA","DL",2024
"934","00-0031581",121,0.000611084129376301,0.0229264776067596,5.55531026705729e-05,"Mark Glowinski","IND","OL",2024
"935","00-0038574",1627,0.000606114761273671,0.0217649495115415,5.51013419339701e-05,"Isaiah McGuire","CLE","DL",2024
"936","00-0039306",1880,0.000605993037526161,0.0234019990262641,5.50902761387419e-05,"Dee Williams","NYG","WR",2024
"937","00-0039703",2041,0.000604766214644169,0.0221248793041411,5.49787467858336e-05,"Cody Schrader","LA","RB",2024
"938","00-0035280",687,0.000594045998725267,0.0228994301042788,5.4004181702297e-05,"Jake Bailey","MIA","P",2024
"939","00-0033870",354,0.000587022741429323,0.023143233506373,5.33657037663021e-05,"Solomon Thomas","NYJ","DL",2024
"940","00-0034808",563,0.000575283664094213,0.0238894964499062,5.22985149176558e-05,"John Kelly","CLE","RB",2024
"941","00-0038922",1755,0.000572134000061645,0.0220161724788495,5.20121818237859e-05,"Drake Thomas","SEA","LB",2024
"942","00-0033941",396,0.000571058746672546,0.0214088532663722,5.1914431515686e-05,"Rayshawn Jenkins","SEA","DB",2024
"943","00-0039784",2079,0.00056347285766565,0.0231124377662683,5.12248052423319e-05,"Justin Dedich","LA","OL",2024
"944","00-0033566",320,0.000561757841855648,0.0244756854206476,5.10688947141499e-05,"Desmond King","BAL","DB",2024
"945","00-0038479",1577,0.000550722831852324,0.0227974236058277,5.00657119865749e-05,"Dyontae Johnson","NYG","LB",2024
"946","00-0036556",1018,0.000548864231450064,0.0226534951312545,4.98967483136422e-05,"Brevin Jordan","HOU","TE",2024
"947","00-0034344",450,0.000548405346723524,0.0236665561508775,4.98550315203204e-05,"Marcus Davenport","DET","LB",2024
"948","00-0032134",157,0.000539792169230532,0.0238444311900691,4.90720153845938e-05,"C.J. Uzomah","PHI","TE",2024
"949","00-0039305",1879,0.000528369141916579,0.0244761768661888,4.80335583560527e-05,"Jack Westover","NE","TE",2024
"950","00-0039076",1828,0.000521121200333646,0.0237792373885799,4.7374654575786e-05,"Nick Hampton","LA","LB",2024
"951","00-0039944",2191,0.000502782817581011,0.0247382909220314,4.5707528871001e-05,"Jamie Sheriff","SEA","LB",2024
"952","00-0031067",79,0.000489116635324305,0.0247490352126229,4.4465148665846e-05,"Cameron Fleming","DEN","OL",2024
"953","00-0037272",1302,0.000482951868367836,0.0239351749423261,4.39047153061669e-05,"Montrell Washington","KC","WR",2024
"954","00-0034234",430,0.000476639158420176,0.0203827463756966,4.33308325836523e-05,"Poona Ford","LAC","DL",2024
"955","00-0039245",1870,0.000467811201120349,0.0254826462507514,4.25282910109408e-05,"Ryan Cooper Jr.","SEA","DB",2024
"956","00-0034818",567,0.000464882698571241,0.0233943345665232,4.22620635064764e-05,"Derrick Nnadi","KC","DL",2024
"957","00-0036924",1142,0.0004638921757175,0.0238677479996946,4.21720159743182e-05,"Michael Carter","ARI","RB",2024
"958","00-0039061",1815,0.000463253192487157,0.0246589412485975,4.21139265897416e-05,"Desjuan Johnson","LA","DL",2024
"959","00-0037277",1306,0.000463166728004822,0.0234223006330814,4.21060661822565e-05,"Teagan Quitoriano","HOU","TE",2024
"960","00-0039421",1968,0.000460182323905843,0.0241686290401732,4.1834756718713e-05,"Levi Drake Rodriguez","MIN","DL",2024
"961","00-0039770",2073,0.000456723391491329,0.0233204021168895,4.15203083173936e-05,"Charles Woods","LA","DB",2024
"962","00-0038414",1566,0.000455659448859788,0.023835643497301,4.14235862599807e-05,"Kendall Williamson","LAC","DB",2024
"963","00-0031357",98,0.00045490436447967,0.0227738924696894,4.13549422254246e-05,"C.J. Goodwin","DAL","DB",2024
"964","00-0033196",265,0.000451811019108084,0.0241918684987298,4.10737290098258e-05,"Zach Triner","MIA","LS",2024
"965","00-0034397",483,0.000449114041334914,0.0219836679474352,4.08285492122649e-05,"Tim Settle","HOU","DL",2024
"966","00-0035164",642,0.000446640939320851,0.0249165986319206,4.0603721756441e-05,"Cody Thompson","TB","WR",2024
"967","00-0036438",993,0.000445868638612225,0.0242751022737024,4.05335126011113e-05,"Stephen Sullivan","CAR","TE",2024
"968","00-0038717",1710,0.000439123421691116,0.0231218977491605,3.99203110628288e-05,"Tanner McCalister","DEN","DB",2024
"969","00-0039664",2034,0.000438048211634986,0.0239632492571053,3.98225646940896e-05,"Jaylen Johnson","LAC","WR",2024
"970","00-0034376",472,0.000432904670333689,0.0218181204101718,3.93549700303354e-05,"Taron Johnson","BUF","DB",2024
"971","00-0036949",1160,0.00041284782341358,0.0243284560189479,3.75316203103255e-05,"Adetokunbo Ogundeji","PIT","LB",2024
"972","00-0036152",841,0.000412533932653148,0.0241246306676005,3.75030847866498e-05,"Lamar Jackson","ATL","DB",2024
"973","00-0038624",1671,0.000409925509698492,0.0238716688311186,3.72659554271357e-05,"Ameer Speed","CHI","DB",2024
"974","00-0037250",1282,0.000405788472843591,0.0231051804247362,3.68898611675992e-05,"Martin Emerson","CLE","DB",2024
"975","00-0039573",2008,0.00039883931929218,0.0235282860041841,3.62581199356528e-05,"Blake Watson","DEN","RB",2024
"976","00-0039566",2006,0.000395051972429457,0.0239223557663976,3.59138156754052e-05,"Omar Brown","GB","DB",2024
"977","00-0036341",937,0.000388378527178564,0.0250562086888804,3.53071388344149e-05,"Khalid Kareem","ATL","DL",2024
"978","00-0039407",1956,0.000386727052232328,0.0236222278810121,3.51570047483934e-05,"Dylan Laube","LV","RB",2024
"979","00-0033595",328,0.000382295108030039,0.0226879278223778,3.47541007300035e-05,"Pat O'Connor","DET","DL",2024
"980","00-0037356",1349,0.000380820430392137,0.0238837116926889,3.46200391265579e-05,"Ben Stille","ARI","DL",2024
"981","00-0039414",1963,0.000379793890709722,0.0236368065214279,3.45267173372474e-05,"Daijahn Anthony","CIN","DB",2024
"982","00-0032942",227,0.000377705594656725,0.0235744740925351,3.43368722415205e-05,"Kevon Seymour","WAS","DB",2024
"983","00-0036123",834,0.000373598103500507,0.0232535794795393,3.39634639545915e-05,"Brandon Walton","CAR","OL",2024
"984","00-0037431",1367,0.000373480182396962,0.0226189626722757,3.39527438542693e-05,"Kingsley Jonathan","BUF","DL",2024
"985","00-0037190",1248,0.000367141711865586,0.021936727347006,3.33765192605078e-05,"Sauce Gardner","NYJ","DB",2024
"986","00-0037468",1375,0.000366223604203853,0.0250479890872128,3.3293054927623e-05,"Raheem Layne","NYG","DB",2024
"987","00-0038845",1744,0.00035206085364289,0.0240675884487849,3.20055321493536e-05,"Matthew Jackson","JAX","DB",2024
"988","00-0039640",2028,0.000348109007717799,0.023976142725108,3.16462734288908e-05,"Khalid Duke","TEN","DL",2024
"989","00-0038851",1745,0.000341327335350647,0.0237021853397662,3.10297577591497e-05,"Caleb Murphy","LAC","LB",2024
"990","00-0033913",384,0.000337676701871054,0.0242631439899973,3.06978819882776e-05,"Chris Wormley","BAL","DL",2024
"991","00-0035680",761,0.000333849526213629,0.0229001531823581,3.03499569285117e-05,"Quincy Williams","NYJ","LB",2024
"992","00-0037608",1411,0.000321189290837478,0.0248248831999385,2.91990264397707e-05,"Tre Swilling","NYJ","DB",2024
"993","00-0039637",2027,0.00032025056835494,0.0227443555655008,2.91136880322673e-05,"Maema Njongmeta","CIN","LB",2024
"994","00-0032775",219,0.000288297839277285,0.0223010359029661,2.62088944797532e-05,"Demarcus Robinson","LA","WR",2024
"995","00-0036314",920,0.000285249165918734,0.0252218900692755,2.59317423562485e-05,"Markus Bailey","ARI","LB",2024
"996","00-0037609",1412,0.000282861612541355,0.0242562641316911,2.57146920492141e-05,"Aaron Shampklin","PIT","RB",2024
"997","00-0033949",400,0.000282831496954502,0.0245121980245891,2.5711954268591e-05,"Joshua Dobbs","SF","QB",2024
"998","00-0036554",1016,0.000282409820555064,0.0226279881039364,2.56736200504604e-05,"Nico Collins","HOU","WR",2024
"999","00-0038905",1751,0.000275791243030946,0.0242636062832497,2.50719311846315e-05,"Blake Grupe","NO","K",2024
"1000","00-0037153",1242,0.000266985979743298,0.0229655042408004,2.42714527039362e-05,"Vi Jones","ARI","LB",2024
"1001","00-0039589",2013,0.000254751523195445,0.0247208541875949,2.3159229381404e-05,"Kameron Johnson","TB","WR",2024
"1002","00-0037319",1338,0.000250368969806392,0.0244987294950237,2.27608154369447e-05,"Faion Hicks","SEA","DB",2024
"1003","00-0038579",1631,0.00024925973441052,0.0234981933946153,2.26599758555018e-05,"Aidan O'Connell","LV","QB",2024
"1004","00-0032268",170,0.000248932271061917,0.0225419892923179,2.26302064601743e-05,"Marcus Mariota","WAS","QB",2024
"1005","00-0034521",509,0.000242136782406336,0.0228198399601911,2.20124347642124e-05,"Allen Lazard","NYJ","WR",2024
"1006","00-0034743",533,0.000241403870862062,0.0245632176372792,2.19458064420056e-05,"Rashaan Evans","ATL","LB",2024
"1007","00-0038930",1756,0.000210333417443546,0.0235663518059235,1.91212197675951e-05,"Carlos Washington","ATL","RB",2024
"1008","00-0036294",908,0.000208749053170367,0.0233785872550355,1.89771866518515e-05,"Logan Wilson","CIN","LB",2024
"1009","00-0039878",2150,0.000205031489272054,0.024095227331204,1.86392262974595e-05,"Edefuan Ulofoshio","BUF","LB",2024
"1010","00-0037832",1476,0.000181285484156337,0.0223714855819544,1.6480498559667e-05,"Kalia Davis","SF","DL",2024
"1011","00-0037203",1257,0.000178370183382081,0.0212290244106969,1.62154712165528e-05,"LaBryan Ray","CAR","DL",2024
"1012","00-0037383",1354,0.000176095760837035,0.024647552721393,1.60087055306395e-05,"Kana'i Mauga","LV","LB",2024
"1013","00-0032891",222,0.000171487771545742,0.0229199027726136,1.55897974132493e-05,"Daryl Worley","TEN","DB",2024
"1014","00-0039614",2020,0.000168508274820892,0.0239684548491524,1.53189340746266e-05,"Jermaine Jackson","NO","WR",2024
"1015","00-0039807",2090,0.000166662305749879,0.0216070816229788,1.51511187045344e-05,"Max Melton","ARI","DB",2024
"1016","00-0035026",618,0.000160129754951795,0.0237465907928797,1.45572504501631e-05,"Kevin Givens","SF","DL",2024
"1017","00-0035270",681,0.00014506556681085,0.0231744313932066,1.31877788009863e-05,"Amani Oruwariye","DAL","DB",2024
"1018","00-0038382",1543,0.000141203257841565,0.0232988701047603,1.28366598037786e-05,"Malaesala Aumavae-Laulu","BAL","OL",2024
"1019","00-0035992",819,0.000140038504996093,0.0227488466702903,1.2730773181463e-05,"Trystan Colon","ARI","OL",2024
"1020","00-0032211",164,0.000133478862966346,0.0228817474667876,1.21344420878496e-05,"Tyler Lockett","SEA","WR",2024
"1021","00-0039552",2004,0.000123220893224004,0.0244337376237881,1.12018993840004e-05,"Joshua Cephus","JAX","WR",2024
"1022","00-0036511",1009,0.000119911477369727,0.0231278248870276,1.0901043397248e-05,"Milo Eifler","ARI","LB",2024
"1023","00-0032933",225,0.000118723750144771,0.0239437775978774,1.07930681949792e-05,"Antonio Hamilton","ATL","DB",2024
"1024","00-0038595",1647,0.000112511050079111,0.0239762141658486,1.02282772799192e-05,"Jordan McFadden","LAC","OL",2024
"1025","00-0036504",1006,0.000110795625382798,0.0222524777469995,1.00723295802544e-05,"Brandin Echols","NYJ","DB",2024
"1026","00-0039415",1964,0.000108408845168845,0.0234858581364925,9.85534956080408e-06,"Brenden Rice","LAC","WR",2024
"1027","00-0033538",309,0.000103190231105953,0.0224164030291057,9.38093010054122e-06,"Garett Bolles","DEN","OL",2024
"1028","00-0035437",713,0.000102490582188146,0.0237144308229978,9.3173256534678e-06,"Roderic Teamer","NO","DB",2024
"1029","00-0032667",207,9.77601397071095e-05,0.0227045947722684,8.88728542791905e-06,"Roy Robertson-Harris","SEA","DL",2024
"1030","00-0034356",460,9.08217247334291e-05,0.0228248981786712,8.25652043031174e-06,"Donte Jackson","PIT","DB",2024
"1031","00-0032759",213,8.52025988776615e-05,0.0240973228760091,7.74569080706014e-06,"Sheldon Rankins","CIN","DL",2024
"1032","00-0036640",1056,7.66842101973807e-05,0.0237318079828131,6.97129183612551e-06,"Zach Davidson","BUF","TE",2024
"1033","00-0037282",1310,7.37572504825083e-05,0.0238246793330694,6.70520458931894e-06,"James Mitchell","DET","TE",2024
"1034","00-0034959",594,6.68501507414494e-05,0.0231993376176677,6.07728643104085e-06,"Andrew Beck","HOU","RB",2024
"1035","00-0039908",2175,6.67291975985747e-05,0.0223402924317443,6.06629069077952e-06,"Kris Jenkins","CIN","DL",2024
"1036","00-0035625",730,6.19413930292164e-05,0.0219654492211237,5.63103572992877e-06,"Juan Thornhill","CLE","DB",2024
"1037","00-0039344",1899,5.43751985078099e-05,0.0240817260511192,4.94319986434636e-06,"Jonathon Brooks","CAR","RB",2024
"1038","00-0039912",2178,4.78363753225471e-05,0.0216981991139266,4.34876139295882e-06,"Ben Sinnott","WAS","TE",2024
"1039","00-0037572",1399,4.24987414462066e-05,0.0251428739072852,3.86352194965515e-06,"Alec Lindstrom","NYJ","OL",2024
"1040","00-0032521",202,3.14687028295925e-05,0.0223520892461592,2.86079116632659e-06,"Mike Hilton","CIN","DB",2024
"1041","00-0039799",2089,2.18017247854081e-05,0.0231250308892207,1.98197498049164e-06,"Sataoa Laumea","SEA","OL",2024
"1042","00-0038661",1692,1.59147788252649e-05,0.0235828043381086,1.44679807502409e-06,"Chris Smith","DET","DL",2024
"1043","00-0036315",921,2.59794828369228e-06,0.0247389887961683,2.36177116699299e-07,"Stantley Thomas-Oliver","DET","DB",2024
"1044","00-0038388",1547,-4.18975715170003e-06,0.023885993823788,-3.80887013790912e-07,"Darius Rush","KC","DB",2024
"1045","00-0039399",1950,-1.12729458171913e-05,0.0243708959873295,-1.0248132561083e-06,"Tanner McLachlan","CIN","TE",2024
"1046","00-0039398",1949,-2.19496677264627e-05,0.0236678701140837,-1.99542433876934e-06,"Joe Milton III","NE","QB",2024
"1047","00-0036483",1001,-2.38833260074106e-05,0.0234136495079361,-2.17121145521915e-06,"Will Fries","IND","OL",2024
"1048","00-0034516",508,-2.77515953631911e-05,0.0235226615164909,-2.52287230574464e-06,"Tre Herndon","NO","DB",2024
"1049","00-0035934",811,-3.48092256748943e-05,0.0237157700780718,-3.16447506135402e-06,"Trishton Jackson","MIN","WR",2024
"1050","00-0035681",762,-3.85381835742864e-05,0.0234001448643534,-3.50347123402604e-06,"Mike Edwards","TB","DB",2024
"1051","00-0037092",1228,-4.14780272872854e-05,0.0238131619350694,-3.77072975338958e-06,"Chris Paul","WAS","OL",2024
"1052","00-0039148",1848,-4.50906725917411e-05,0.0211171951291283,-4.09915205379464e-06,"Keion White","NE","DL",2024
"1053","00-0035685",764,-4.51475969379974e-05,0.0229361836795527,-4.1043269943634e-06,"David Montgomery","DET","RB",2024
"1054","00-0037605",1409,-4.52246122077304e-05,0.023312580922413,-4.11132838252094e-06,"Andrew Rupcich","TEN","OL",2024
"1055","00-0038840",1743,-4.72028158147319e-05,0.0236572183588177,-4.29116507406654e-06,"Brycen Tremayne","WAS","WR",2024
"1056","00-0039393",1945,-4.72917342448342e-05,0.0241247993337546,-4.2992485677122e-06,"Jase McClellan","ATL","RB",2024
"1057","00-0039158",1855,-5.11327397720164e-05,0.024006870484992,-4.64843088836513e-06,"Blake Freeland","IND","OL",2024
"1058","00-0038817",1737,-5.50089193820202e-05,0.0227916928850158,-5.00081085291092e-06,"Evan Deckers","TB","LS",2024
"1059","00-0039610",2017,-6.06414839918448e-05,0.0244565721486298,-5.5128621810768e-06,"Millard Bradford","NO","DB",2024
"1060","00-0038577",1629,-8.95262444051362e-05,0.0219995640949259,-8.13874949137602e-06,"Nick Herbig","PIT","LB",2024
"1061","00-0034797",556,-9.20509436694355e-05,0.0226394282975902,-8.36826760631232e-06,"Jerome Baker","TEN","LB",2024
"1062","00-0035623",729,-0.000105052004394555,0.023767027084276,-9.55018221768683e-06,"Chandler Brewer","TEN","OL",2024
"1063","00-0036627",1046,-0.00011491334840533,0.0246154763097231,-1.04466680368482e-05,"Dez Fitzpatrick","LAC","WR",2024
"1064","00-0035238",661,-0.000119757962714632,0.022777332852336,-1.0887087519512e-05,"Cody Ford","CIN","OL",2024
"1065","00-0036151",840,-0.000126478717632152,0.0228091944933057,-1.14980652392866e-05,"Bryce Huff","PHI","DL",2024
"1066","00-0039858",2134,-0.000127667603627778,0.0236262884737648,-1.16061457843434e-05,"Cedric Gray","TEN","LB",2024
"1067","00-0036394",968,-0.000128398556537656,0.0231087533261052,-1.16725960488778e-05,"Darnay Holmes","LV","DB",2024
"1068","00-0034465",500,-0.00013173789926315,0.0229548514561934,-1.19761726602863e-05,"Jeremy Reaves","WAS","DB",2024
"1069","00-0036634",1051,-0.000131894328722848,0.0235725035783137,-1.19903935202589e-05,"Tony Fields II","LA","LB",2024
"1070","00-0038824",1742,-0.000134972899921908,0.0218800898250224,-1.22702636292644e-05,"Ryan Miller","TB","WR",2024
"1071","00-0039764",2072,-0.000143242877377329,0.0219139348638571,-1.30220797615754e-05,"Elijah Chatman","NYG","DL",2024
"1072","00-0038542",1598,-0.000145125348247817,0.0229991061378247,-1.31932134770742e-05,"Bijan Robinson","ATL","RB",2024
"1073","00-0039267",1872,-0.000155130790556614,0.0236744441553076,-1.41027991415104e-05,"Andre' Sam","PHI","DB",2024
"1074","00-0039839",2119,-0.000156559590439797,0.0233152008665623,-1.42326900399816e-05,"Christian Haynes","SEA","OL",2024
"1075","00-0037450",1369,-0.000159550271357841,0.024002154593376,-1.45045701234401e-05,"Tyreik McAllister","LV","RB",2024
"1076","00-0036096",832,-0.000161414269233774,0.022794429881295,-1.46740244757976e-05,"J.J. Taylor","HOU","RB",2024
"1077","00-0036241",875,-0.000162164245491801,0.0244959030819048,-1.47422041356183e-05,"Bryce Hall","TB","DB",2024
"1078","00-0036037",824,-0.000164179412088969,0.023422881062049,-1.49254010989972e-05,"Sam Franklin Jr.","CAR","DB",2024
"1079","00-0031101",81,-0.000168377205010793,0.0234686480086111,-1.53070186373448e-05,"Shaquil Barrett","TB","LB",2024
"1080","00-0034577",514,-0.000168825347353045,0.0235745731351024,-1.53477588502768e-05,"Kyle Allen","PIT","QB",2024
"1081","00-0033770",339,-0.000173460610844969,0.0237606284171538,-1.57691464404517e-05,"Justin Hardee","TEN","DB",2024
"1082","00-0037380",1351,-0.000181383009501577,0.0230686456975154,-1.64893645001434e-05,"Kaden Davis","CLE","WR",2024
"1083","00-0038397",1553,-0.00019353720673252,0.0246174431656669,-1.75942915211382e-05,"Evan Hull","IND","RB",2024
"1084","00-0033874",357,-0.000194507211443041,0.0224518716646441,-1.76824737675492e-05,"Marshon Lattimore","WAS","DB",2024
"1085","00-0039381",1935,-0.000195010594695798,0.0239240790392531,-1.77282358814362e-05,"Dominique Hampton","WAS","DB",2024
"1086","00-0037745",1442,-0.000195168821158326,0.0246051087852528,-1.77426201053023e-05,"Velus Jones Jr.","CAR","RB",2024
"1087","00-0038106",1511,-0.000196892521773971,0.0247440108065251,-1.78993201612701e-05,"Eyioma Uwazurike","DEN","DL",2024
"1088","00-0039230",1862,-0.000197198070551795,0.0235688399064927,-1.79270973228904e-05,"Dante Miller","NYG","RB",2024
"1089","00-0039425",1971,-0.000201526786963023,0.0241777831296769,-1.83206169966385e-05,"Myles Cole","JAX","DL",2024
"1090","00-0032436",194,-0.000210794389648923,0.0241469418492771,-1.91631263317203e-05,"Jeff Driskel","WAS","QB",2024
"1091","00-0031584",123,-0.000211862076823823,0.0243457702162066,-1.92601888021657e-05,"Adrian Amos","SF","DB",2024
"1092","00-0036670",1069,-0.000213847260761359,0.024024419815906,-1.94406600692144e-05,"Jermar Jefferson","DET","RB",2024
"1093","00-0038556",1612,-0.000216971337816796,0.0219085558926871,-1.97246670742542e-05,"DeMarvion Overshown","DAL","LB",2024
"1094","00-0036259",886,-0.000218150794110457,0.0231074738267506,-1.98318903736779e-05,"Jauan Jennings","SF","WR",2024
"1095","00-0036199",859,-0.000245372154313828,0.0223355486281058,-2.23065594830753e-05,"Geno Stone","CIN","DB",2024
"1096","00-0027881",18,-0.000247914317000876,0.0236652712235952,-2.25376651818978e-05,"Jerry Hughes","HOU","DL",2024
"1097","00-0038092",1497,-0.000251864753995175,0.0250326903093377,-2.28967958177432e-05,"Erik Ezukanma","MIA","WR",2024
"1098","00-0034794",554,-0.000252555681474117,0.0224591584899822,-2.29596074067379e-05,"Jason Sanders","MIA","K",2024
"1099","00-0039385",1938,-0.000252860074574899,0.0235441547086958,-2.2987279506809e-05,"Keilan Robinson","JAX","RB",2024
"1100","00-0036219",865,-0.000256367707948923,0.0244567465385975,-2.33061552680839e-05,"Marquez Callaway","TB","WR",2024
"1101","00-0037043",1212,-0.000258444574370138,0.0234732822992197,-2.34949613063762e-05,"Amare Barno","CAR","LB",2024
"1102","00-0036371",956,-0.000260495433726403,0.0237250509667847,-2.36814030660367e-05,"Leki Fotu","NYJ","DL",2024
"1103","00-0034902",589,-0.000268686155212424,0.0225535276491178,-2.44260141102203e-05,"Sam Eguavoen","NYJ","LB",2024
"1104","00-0037413",1362,-0.000270327711806738,0.021920856580747,-2.45752465278853e-05,"Ben Brown","NE","OL",2024
"1105","00-0037757",1448,-0.000270635582387262,0.0221279104800541,-2.46032347624784e-05,"Bernhard Raimann","IND","OL",2024
"1106","00-0038588",1640,-0.000277537056267874,0.0216790475847856,-2.52306414788977e-05,"Jordan Howden","NO","DB",2024
"1107","00-0039926",2189,-0.000277779346748134,0.0234672803153777,-2.5252667886194e-05,"Jalen Sundell","SEA","OL",2024
"1108","00-0033570",321,-0.000278557835439725,0.0226668275489468,-2.53234395854295e-05,"Anthony Walker","MIA","LB",2024
"1109","00-0039811",2094,-0.000284054626023662,0.0243019552693027,-2.58231478203329e-05,"MarShawn Lloyd","GB","RB",2024
"1110","00-0039367",1921,-0.000284662156856359,0.0234840817729489,-2.58783778960326e-05,"Xavier Thomas","ARI","LB",2024
"1111","00-0038506",1587,-0.000287641379006575,0.0230147235904374,-2.6149216273325e-05,"Jordon Riley","NYG","DL",2024
"1112","00-0035984",818,-0.000294086971864613,0.0241212515045064,-2.67351792604194e-05,"Blake Lynch","KC","LB",2024
"1113","00-0038114",1516,-0.000309307496510574,0.0232099804806743,-2.81188633191431e-05,"Max Mitchell","NYJ","OL",2024
"1114","00-0035244",666,-0.000311488775411763,0.0231798527510753,-2.83171614010694e-05,"Lonnie Johnson","CAR","DB",2024
"1115","00-0036133",838,-0.000313395104756635,0.0232517785281632,-2.8490464068785e-05,"James Proche","CLE","WR",2024
"1116","00-0034779",547,-0.000314408123631947,0.0226199311731586,-2.85825566938134e-05,"Ronnie Harrison","IND","DB",2024
"1117","00-0039934",2190,-0.000315715967889817,0.0239277108698772,-2.8701451626347e-05,"Jude McAtamney","NYG","K",2024
"1118","00-0035640",740,-0.00031624091672642,0.0230844657965944,-2.87491742478564e-05,"DK Metcalf","SEA","WR",2024
"1119","00-0031795",135,-0.00032247024174752,0.0218686657936544,-2.93154765225018e-05,"DeShawn Williams","CAR","DL",2024
"1120","00-0033877",360,-0.000323351099826553,0.0222392142937343,-2.93955545296866e-05,"Malik Hooker","DAL","DB",2024
"1121","00-0037287",1313,-0.000336037941604016,0.0217136919205893,-3.05489037821833e-05,"Vederian Lowe","NE","OL",2024
"1122","00-0035189",644,-0.00034331823905986,0.0235174112912398,-3.12107490054418e-05,"Matthew Wright","TEN","K",2024
"1123","00-0039539",2002,-0.000349184151647585,0.0221692481147618,-3.17440137861441e-05,"Amari Gainer","LV","LB",2024
"1124","00-0039521",1999,-0.000349844100609227,0.0246995849955524,-3.18040091462933e-05,"Xavier Weaver","ARI","WR",2024
"1125","00-0038696",1704,-0.000355172197281662,0.024033139887228,-3.22883815710601e-05,"Keidron Smith","DEN","DB",2024
"1126","00-0036755",1085,-0.000358970622711336,0.0239819433487718,-3.26336929737578e-05,"Jaret Patterson","LAC","RB",2024
"1127","00-0036935",1150,-0.000360854574825804,0.0239564769407974,-3.28049613478004e-05,"Kelvin Joseph","MIN","DB",2024
"1128","00-0039744",2060,-0.000364461631952561,0.0221144474577164,-3.3132875632051e-05,"Tanor Bortolini","IND","OL",2024
"1129","00-0038783",1726,-0.000371079261072824,0.0222416500941354,-3.37344782793477e-05,"Nate Adkins","DEN","TE",2024
"1130","00-0036957",1167,-0.000374909609712273,0.022567132748016,-3.40826917920248e-05,"Drew Dalman","ATL","OL",2024
"1131","00-0038121",1523,-0.000376323375709806,0.0226066737401682,-3.42112159736187e-05,"Alontae Taylor","NO","DB",2024
"1132","00-0035544",721,-0.000379626211854994,0.0237666085155164,-3.45114738049995e-05,"Tom Kennedy","DET","WR",2024
"1133","00-0036501",1004,-0.000379977009960507,0.0231536049092819,-3.45433645418642e-05,"Michael Carter II","NYJ","DB",2024
"1134","00-0038523",1593,-0.000394502991146808,0.0233844567334494,-3.58639082860735e-05,"Kahlef Hailassie","CLE","DB",2024
"1135","00-0027187",12,-0.000398074077701463,0.02442061966987,-3.61885525183149e-05,"Matt Overton","MIA","LS",2024
"1136","00-0033072",247,-0.00040295962287199,0.0228860780254087,-3.66326929883627e-05,"Leonard Floyd","SF","DL",2024
"1137","00-0038403",1558,-0.000405688934115059,0.0229292153146967,-3.68808121922781e-05,"Tre Hawkins III","NYG","DB",2024
"1138","00-0033077",249,-0.000409736377143999,0.0220473751730289,-3.72487615585453e-05,"Dak Prescott","DAL","QB",2024
"1139","00-0035547",722,-0.000420557415059167,0.0232520865336463,-3.82324922781061e-05,"Joseph Fortson","KC","TE",2024
"1140","00-0034436",494,-0.000424867291239485,0.0235330205447153,-3.86242992035895e-05,"Will Clapp","BUF","OL",2024
"1141","00-0039707",2042,-0.000426967429495238,0.02318067566583,-3.88152208632035e-05,"Dallas Gant","PHI","LB",2024
"1142","00-0037299",1322,-0.000429360963985807,0.0240120681947406,-3.90328149078006e-05,"Keaontay Ingram","KC","RB",2024
"1143","00-0031936",143,-0.000430923114573651,0.022508496758198,-3.91748285976047e-05,"Mitch Morse","JAX","OL",2024
"1144","00-0037618",1420,-0.000432330880029582,0.022832105445208,-3.93028072754165e-05,"Zach Thomas","HOU","OL",2024
"1145","00-0032464",199,-0.000440623296192646,0.0229798931814819,-4.00566632902405e-05,"Kalif Raymond","DET","WR",2024
"1146","00-0039828",2109,-0.000442609060808745,0.0240404988199328,-4.02371873462495e-05,"Walter Rouse","MIN","OL",2024
"1147","00-0036450",997,-0.000443168217310525,0.0240780333519633,-4.02880197555023e-05,"Ke'Shawn Vaughn","SF","RB",2024
"1148","00-0037245",1277,-0.000455989120529053,0.0248132390174519,-4.14535564117321e-05,"Lewis Cine","PHI","DB",2024
"1149","00-0035696",771,-0.000456631389136539,0.0254340530839991,-4.15119444669581e-05,"Duke Shelley","NYG","DB",2024
"1150","00-0037500",1380,-0.000458041236418957,0.024084123042123,-4.16401124017233e-05,"Ryan Wright","MIN","P",2024
"1151","00-0036124",835,-0.00045886114537153,0.0236277071505251,-4.171464957923e-05,"Khalil Dorsey","DET","DB",2024
"1152","00-0034970",599,-0.000466152148723962,0.0246314521226418,-4.23774680658148e-05,"Irv Smith","HOU","TE",2024
"1153","00-0037578",1400,-0.00047678480468494,0.022807247602656,-4.33440731531764e-05,"Juanyeh Thomas","DAL","DB",2024
"1154","00-0033872",355,-0.000485144417547709,0.0230419434153811,-4.41040379588826e-05,"Jamal Adams","DET","DB",2024
"1155","00-0037336",1346,-0.000485582719077372,0.021604628746054,-4.41438835524884e-05,"Brock Hoffman","DAL","OL",2024
"1156","00-0034381",474,-0.000486918580130413,0.0228140313989166,-4.42653254664012e-05,"Josh Sweat","PHI","LB",2024
"1157","00-0034272",437,-0.000487178099992245,0.0220643394358668,-4.42889181811132e-05,"Marquez Valdes-Scantling","NO","WR",2024
"1158","00-0039919",2184,-0.000492228314193199,0.0222723351343784,-4.47480285630181e-05,"Rome Odunze","CHI","WR",2024
"1159","00-0033103",255,-0.000495417356283567,0.0227084234856684,-4.50379414803243e-05,"Artie Burns","SEA","DB",2024
"1160","00-0036997",1198,-0.000501781427419041,0.0232804838791718,-4.5616493401731e-05,"Javonte Williams","DEN","RB",2024
"1161","00-0037561",1397,-0.000504249077008357,0.0229499976530683,-4.5840825182578e-05,"Markquese Bell","DAL","DB",2024
"1162","00-0033109",257,-0.000504853234918593,0.024373863931191,-4.5895748628963e-05,"Javon Hargrave","SF","DL",2024
"1163","00-0036569",1024,-0.000507327768965887,0.0234599433591543,-4.61207062696261e-05,"Gary Brightwell","CIN","RB",2024
"1164","00-0035245",667,-0.00050886530522055,0.0239786477703204,-4.62604822927773e-05,"Max Scharping","PIT","OL",2024
"1165","00-0034817",566,-0.000509673183902024,0.023247412501276,-4.63339258092749e-05,"Geron Christian","CLE","OL",2024
"1166","00-0036775",1086,-0.000530922405397335,0.0244907200122952,-4.82656732179396e-05,"Brandon Smith","NYJ","WR",2024
"1167","00-0039862",2138,-0.00053671796995452,0.0233468824957966,-4.87925427231382e-05,"Ennis Rakestraw Jr.","DET","DB",2024
"1168","00-0033445",297,-0.000542009444477314,0.0215256937197576,-4.9273585861574e-05,"Nicholas Morrow","PHI","LB",2024
"1169","00-0035705",778,-0.000545918444907852,0.0220197636770633,-4.96289495370775e-05,"Jalen Thompson","ARI","DB",2024
"1170","00-0039831",2112,-0.000546340243898765,0.0243906544501479,-4.96672948998877e-05,"Kamal Hadden","GB","DB",2024
"1171","00-0034646",520,-0.000552989872461112,0.0227636721130254,-5.02718065873739e-05,"Brandon Powell","MIN","WR",2024
"1172","00-0035139",633,-0.000553295676110863,0.0242774814670363,-5.02996069191694e-05,"Marquise Blair","NYJ","DB",2024
"1173","00-0038413",1565,-0.000556315647526291,0.0233392940344875,-5.05741497751174e-05,"Gervarrius Owens","TEN","DB",2024
"1174","00-0038639",1679,-0.000567391560271602,0.0233868138148372,-5.1581050933782e-05,"Cory Trice Jr.","PIT","DB",2024
"1175","00-0036236",874,-0.000569500815428268,0.0240459449778059,-5.17728014025698e-05,"Nick Harris","CLE","OL",2024
"1176","00-0036392",967,-0.000575762446566735,0.0233791724750094,-5.23420405969759e-05,"Matt Peart","DEN","OL",2024
"1177","00-0039631",2026,-0.000580660048509869,0.0228799436896152,-5.27872771372609e-05,"Cam Grandy","CIN","TE",2024
"1178","00-0039318",1887,-0.000592941747869778,0.0241748858833725,-5.39037952608889e-05,"Curtis Jacobs","NE","LB",2024
"1179","00-0039510",1995,-0.00059568255209397,0.0239966519643634,-5.415295928127e-05,"Casey Rogers","NYG","DL",2024
"1180","00-0035594",726,-0.000597599967069897,0.0233707551830179,-5.4327269733627e-05,"Travis Homer","CHI","RB",2024
"1181","00-0033598",329,-0.00060091094981315,0.0227825684241788,-5.46282681648318e-05,"Eli Ankou","BUF","DL",2024
"1182","00-0037194",1252,-0.000603049678534139,0.024389339762361,-5.48226980485581e-05,"Darian Kinnard","PHI","OL",2024
"1183","00-0034389",481,-0.000609864302496292,0.0242537174414459,-5.54422093178447e-05,"Dane Cruikshank","ATL","DB",2024
"1184","00-0038095",1500,-0.000615728446525232,0.0214851606106056,-5.59753133204757e-05,"Cordell Volson","CIN","OL",2024
"1185","00-0038940",1765,-0.000616274232280459,0.0227153284101043,-5.60249302073144e-05,"Tyler Lacy","JAX","DL",2024
"1186","00-0039857",2133,-0.000616504683315364,0.022524358509056,-5.60458803013968e-05,"Blake Fisher","HOU","OL",2024
"1187","00-0039763",2071,-0.000618348744537743,0.0227684586141606,-5.62135222307039e-05,"Joe Andreessen","BUF","LB",2024
"1188","00-0039109",1831,-0.000618862168429463,0.0215020818234156,-5.62601971299512e-05,"Broderick Jones","PIT","OL",2024
"1189","00-0035100",626,-0.000622001259443764,0.0240777329830093,-5.65455690403422e-05,"Jake Browning","CIN","QB",2024
"1190","00-0038667",1695,-0.000623640140514175,0.0237457384557035,-5.66945582285614e-05,"Elijah Cooks","PHI","WR",2024
"1191","00-0039757",2070,-0.000635977776265203,0.0240907457030943,-5.78161614786548e-05,"Terrell Jennings","NE","RB",2024
"1192","00-0038592",1644,-0.000636550494333352,0.0226358934661248,-5.78682267575775e-05,"Colby Sorsdal","DET","OL",2024
"1193","00-0032242",168,-0.000638385432438234,0.0220022546005447,-5.80350393125668e-05,"Rob Havenstein","LA","OL",2024
"1194","00-0037278",1307,-0.000649204956426028,0.0228935483877898,-5.90186324023662e-05,"Luke Wattenberg","DEN","OL",2024
"1195","00-0039053",1811,-0.000651184513716887,0.0241897885700249,-5.91985921560807e-05,"Jose Ramirez","TB","LB",2024
"1196","00-0032107",153,-0.000651621573310019,0.0233994042959589,-5.92383248463654e-05,"Angelo Blackson","ARI","DL",2024
"1197","00-0038416",1567,-0.000659652499549168,0.0234892990389192,-5.99684090499244e-05,"Tyson Bagent","CHI","QB",2024
"1198","00-0038566",1619,-0.000667070518050243,0.023454514894587,-6.06427743682039e-05,"Nick Saldiveri","NO","OL",2024
"1199","00-0036716",1079,-0.000670551332419928,0.0226989717780442,-6.09592120381753e-05,"Amen Ogbongbemiga","CHI","LB",2024
"1200","00-0037827",1472,-0.00067731612450251,0.0236262595269826,-6.15741931365918e-05,"Tyrion Davis-Price","PHI","RB",2024
"1201","00-0039715",2044,-0.000678247209391719,0.0236610093706907,-6.1658837217429e-05,"Gabriel Murphy","MIN","LB",2024
"1202","00-0032543",203,-0.000678859633023345,0.0240339381583869,-6.17145120930313e-05,"Alex Erickson","HOU","WR",2024
"1203","00-0036059",827,-0.000682797165742918,0.0246177891314821,-6.20724696129925e-05,"Tyler Mabry","SEA","TE",2024
"1204","00-0036507",1007,-0.000683835220766382,0.0241484075055165,-6.21668382514893e-05,"Michael Dwumfour","CLE","DL",2024
"1205","00-0038800",1733,-0.000687638596795922,0.0243757133110067,-6.25125997087202e-05,"Abraham Beauplan","DET","LB",2024
"1206","00-0031935",142,-0.000689214205309622,0.0221068848462975,-6.26558368463293e-05,"Preston Smith","PIT","DL",2024
"1207","00-0029607",44,-0.000690520344433692,0.0229301920024396,-6.27745767666993e-05,"Demario Davis","NO","LB",2024
"1208","00-0033381",293,-0.000690827745554779,0.0226869183443682,-6.28025223231617e-05,"Adam Butler","LV","DL",2024
"1209","00-0038981",1774,-0.0006925640105392,0.0223804870737292,-6.29603645944727e-05,"Wanya Morris","KC","OL",2024
"1210","00-0030279",63,-0.000692602041828334,0.0229130746872837,-6.2963821984394e-05,"Keenan Allen","CHI","WR",2024
"1211","00-0039565",2005,-0.000695724200803294,0.0234302979432338,-6.32476546184813e-05,"Levelle Bailey","DEN","LB",2024
"1212","00-0036395",969,-0.000697024009705674,0.0236166579803781,-6.33658190641522e-05,"K'Von Wallace","SEA","DB",2024
"1213","00-0039047",1805,-0.000699854189336772,0.0214669743977729,-6.36231081215247e-05,"Derick Hall","SEA","LB",2024
"1214","00-0039836",2117,-0.0007072290632971,0.0236869794434032,-6.42935512088273e-05,"Brennan Jackson","LA","LB",2024
"1215","00-0038429",1568,-0.000708580387908094,0.0243262918699809,-6.44163989007358e-05,"Liam Anderson","IND","LB",2024
"1216","00-0034928",590,-0.00070932837276932,0.0240630071616182,-6.44843975244837e-05,"Steven Sims","BAL","WR",2024
"1217","00-0035946",814,-0.000711918849523597,0.0238710377683101,-6.47198954112361e-05,"Myles Adams","DET","DL",2024
"1218","00-0038819",1738,-0.000721754512658663,0.0231624301035178,-6.5614046605333e-05,"Keenan Isaac","LV","DB",2024
"1219","00-0037298",1321,-0.000726656242051573,0.0233836011025796,-6.60596583683248e-05,"Sam Roberts","CAR","DL",2024
"1220","00-0039266",1871,-0.000727655136042053,0.0237731452117749,-6.61504669129139e-05,"Kendall Milton","CIN","RB",2024
"1221","00-0039453",1982,-0.00073062493097076,0.023489670170264,-6.64204482700691e-05,"Morice Norris Jr.","DET","DB",2024
"1222","00-0038986",1778,-0.000745342821057267,0.0239549014892279,-6.77584382779334e-05,"Nic Jones","KC","DB",2024
"1223","00-0038979",1772,-0.000751213160328729,0.0235125982589201,-6.82921054844299e-05,"Cedric Tillman","CLE","WR",2024
"1224","00-0026498",9,-0.000760739064290446,0.0237451727173218,-6.91580967536769e-05,"Matthew Stafford","LA","QB",2024
"1225","00-0035042",619,-0.00077167440985135,0.0240888089100855,-7.01522190773955e-05,"Jamie Gillan","NYG","P",2024
"1226","00-0037664",1430,-0.000778871224810849,0.0224621592655644,-7.08064749828044e-05,"Alec Pierce","IND","WR",2024
"1227","00-0030140",62,-0.000787852692226683,0.02309496181336,-7.16229720206076e-05,"Tress Way","WAS","P",2024
"1228","00-0039576",2009,-0.000804631374671281,0.0240698553158088,-7.31483067882983e-05,"Spencer Shrader","KC","K",2024
"1229","00-0032424",191,-0.000810005631459228,0.0221589026215908,-7.36368755872026e-05,"D.J. Reader","DET","DL",2024
"1230","00-0036183",852,-0.000811044282405585,0.0225664169272706,-7.37312984005077e-05,"Kristian Wilkerson","LV","WR",2024
"1231","00-0039316",1885,-0.000811226851813646,0.024355159651861,-7.37478956194223e-05,"Baylor Cupp","KC","TE",2024
"1232","00-0036430",991,-0.000818566570911475,0.0232424291907665,-7.44151428101341e-05,"Khalil Davis","SF","DL",2024
"1233","00-0035693",770,-0.000820316682186631,0.0224388962285049,-7.45742438351483e-05,"Johnathan Abram","NO","DB",2024
"1234","00-0034386",479,-0.000822731871775928,0.0219863892157081,-7.47938065250844e-05,"Justin Watson","KC","WR",2024
"1235","00-0034264",435,-0.000823163047652521,0.0229263676833181,-7.48330043320474e-05,"Jalyn Holmes","WAS","DL",2024
"1236","00-0039388",1941,-0.000827029357265624,0.024278824492027,-7.51844870241477e-05,"Jaylan Ford","NO","LB",2024
"1237","00-0036176",849,-0.000830289254861139,0.0226791319136497,-7.54808413510127e-05,"Mason Kinsey","TEN","WR",2024
"1238","00-0037569",1398,-0.000837978186625905,0.0238284647266446,-7.61798351478096e-05,"Peyton Hendershot","KC","TE",2024
"1239","00-0038985",1777,-0.000852577764246614,0.0232351800234796,-7.75070694769649e-05,"Keondre Coburn","TEN","DL",2024
"1240","00-0037814",1462,-0.00085697376613266,0.0232900278509303,-7.790670601206e-05,"Luke Fortner","JAX","OL",2024
"1241","00-0036636",1053,-0.000863186730563031,0.0229355866792914,-7.84715209602756e-05,"Brenden Jaimes","LAC","OL",2024
"1242","00-0037603",1408,-0.000869753695875997,0.0253346257553893,-7.90685178069089e-05,"Jayden Peevy","HOU","DL",2024
"1243","00-0039817",2100,-0.000872571341402371,0.0241878524270366,-7.93246674002156e-05,"Jacob Monk","GB","OL",2024
"1244","00-0035710",781,-0.000873110808612905,0.023689536592788,-7.93737098739004e-05,"Daniel Jones","MIN","QB",2024
"1245","00-0039409",1958,-0.00088298808261666,0.0224518984405606,-8.02716438742418e-05,"Cam Little","JAX","K",2024
"1246","00-0037596",1405,-0.000887866202437281,0.0227017625606935,-8.07151093124801e-05,"Jack Gibbens","TEN","LB",2024
"1247","00-0033862",350,-0.00089071599486479,0.0242474955925275,-8.09741813513445e-05,"Zane Gonzalez","WAS","K",2024
"1248","00-0038489",1580,-0.000907618002637596,0.0231733527961127,-8.25107275125087e-05,"Ben VanSumeren","PHI","LB",2024
"1249","00-0039871",2143,-0.000909035738554923,0.0238345795515237,-8.2639612595902e-05,"Troy Fautanu","PIT","OL",2024
"1250","00-0038572",1625,-0.000915152813610783,0.022852542193674,-8.3195710328253e-05,"Cameron Young","SEA","DL",2024
"1251","00-0037271",1301,-0.000922302424453449,0.0227617392441024,-8.38456749503136e-05,"D'Marco Jackson","NO","LB",2024
"1252","00-0037167",1245,-0.000923983039117843,0.0235391369073788,-8.39984581016221e-05,"Tyrese Robinson","NE","OL",2024
"1253","00-0038666",1694,-0.000925469433275526,0.0244217518888414,-8.41335848432296e-05,"DJ Coleman","JAX","DL",2024
"1254","00-0038043",1494,-0.000931157231091307,0.0218372725576562,-8.4650657371937e-05,"Joshua Williams","KC","DB",2024
"1255","00-0038676",1697,-0.00093520198741461,0.0238505960209623,-8.50183624922373e-05,"Richard Gouraige","BUF","OL",2024
"1256","00-0029562",39,-0.000937794009465615,0.0226209965706833,-8.52540008605105e-05,"Lavonte David","TB","LB",2024
"1257","00-0038622",1669,-0.000949897375688651,0.0235008270808199,-8.63543068807864e-05,"Deuce Vaughn","DAL","RB",2024
"1258","00-0036628",1047,-0.000957150451527458,0.0224661884690567,-8.70136774115871e-05,"John Bates","WAS","TE",2024
"1259","00-0034981",605,-0.000959497926852681,0.0217289854459028,-8.72270842593347e-05,"Foster Moreau","NO","TE",2024
"1260","00-0036649",1063,-0.000961768380205189,0.022701738650498,-8.74334891095627e-05,"Quinton Bohanna","SEA","DL",2024
"1261","00-0037661",1427,-0.000971372995013031,0.0232482818899978,-8.83066359102755e-05,"Ja'Marcus Ingram","BUF","DB",2024
"1262","00-0037805",1454,-0.00098849331392215,0.022640933285558,-8.98630285383773e-05,"Jeremy Ruckert","NYJ","TE",2024
"1263","00-0039378",1932,-0.000992147150420442,0.0238859011860169,-9.01951954927675e-05,"Deantre Prince","JAX","DB",2024
"1264","00-0039494",1992,-0.000993375453783655,0.0242955170149366,-9.03068594348777e-05,"Kenny Dyson","CAR","LB",2024
"1265","00-0037324",1342,-0.000994706978577962,0.0243723583249378,-9.04279071434511e-05,"Chris Oladokun","KC","QB",2024
"1266","00-0032951",230,-0.00099770541329812,0.0245736293771212,-9.07004921180109e-05,"Laquon Treadwell","IND","WR",2024
"1267","00-0035646",744,-0.00100291112233541,0.0223920656987785,-9.11737383941286e-05,"Sione Takitaki","NE","LB",2024
"1268","00-0039752",2067,-0.00101410140981667,0.0239736907834659,-9.21910372560609e-05,"Cedric Johnson","CIN","DL",2024
"1269","00-0039750",2065,-0.00101984022196606,0.0248445117383377,-9.27127474514597e-05,"Joshua Karty","LA","K",2024
"1270","00-0038535",1594,-0.00103409756164125,0.0226768426687189,-9.40088692401139e-05,"DJ Johnson","CAR","LB",2024
"1271","00-0031852",137,-0.00103991488923204,0.0222701495359182,-9.45377172029123e-05,"David Andrews","NE","OL",2024
"1272","00-0033549",314,-0.00105101371611177,0.0227209915199495,-9.5546701464706e-05,"Duke Riley","MIA","LB",2024
"1273","00-0037517",1384,-0.00105368898776721,0.0238227967018032,-9.57899079788376e-05,"Luke Masterson","LV","LB",2024
"1274","00-0034347",453,-0.00105629518937822,0.0228576567486476,-9.60268353980203e-05,"James Daniels","PIT","OL",2024
"1275","00-0023853",2,-0.00105862115457751,0.0241183933247827,-9.62382867797736e-05,"Matt Prater","ARI","K",2024
"1276","00-0036921",1140,-0.00106135082773136,0.0234711799893104,-9.64864388846688e-05,"Tarron Jackson","SF","LB",2024
"1277","00-0034461",499,-0.00106164874256006,0.0233891305715639,-9.65135220509144e-05,"Bruce Hector","NYJ","DL",2024
"1278","00-0031203",85,-0.00107158938873723,0.024120880649582,-9.74172171579298e-05,"Cairo Santos","CHI","K",2024
"1279","00-0039412",1961,-0.00107436100644069,0.022915352558688,-9.7669182403699e-05,"Javontae Jean-Baptiste","WAS","DL",2024
"1280","00-0033902",377,-0.00108587144574526,0.0240239053730795,-9.87155859768422e-05,"Tanoh Kpassagnon","NO","DL",2024
"1281","00-0034612",516,-0.00108763001744202,0.0237901974556713,-9.88754561310932e-05,"Demone Harris","ATL","DL",2024
"1282","00-0039568",2007,-0.00109396158698561,0.0239360245552255,-9.94510533623278e-05,"Frank Crum","DEN","OL",2024
"1283","00-0039780",2078,-0.00111681756694544,0.0230028173913549,-0.000101528869722313,"Cam Lampkin","LA","DB",2024
"1284","00-0036195",856,-0.00111811427921266,0.0235798019613185,-0.000101646752655697,"Charlie Heck","SF","OL",2024
"1285","00-0034677",525,-0.00112764996197194,0.0245339717065361,-0.00010251363290654,"Justin Jones","ARI","DL",2024
"1286","00-0038629",1673,-0.00114009952806905,0.0247077361752996,-0.000103645411642641,"Jovaughn Gwyn","ATL","OL",2024
"1287","00-0038605",1655,-0.00114016766918649,0.0236774994984483,-0.000103651606289681,"JL Skinner","DEN","DB",2024
"1288","00-0033523",304,-0.00114314764333423,0.022836354427778,-0.000103922513030385,"Jonathan Allen","WAS","DL",2024
"1289","00-0038117",1519,-0.00114509036000527,0.0236206293784328,-0.000104099123636843,"Wan'Dale Robinson","NYG","WR",2024
"1290","00-0038941",1766,-0.00114755574884161,0.0243281164336302,-0.000104323249894692,"Tyler Scott","CHI","WR",2024
"1291","00-0039450",1980,-0.00115228775215406,0.0237697601325293,-0.000104753432014005,"Isaac Ukwu","DET","DL",2024
"1292","00-0035254",673,-0.00116968418895514,0.022160502881462,-0.000106334926268649,"Anthony Nelson","TB","LB",2024
"1293","00-0034333",447,-0.00118222115987874,0.0219059405100708,-0.000107474650898067,"Daron Payne","WAS","DL",2024
"1294","00-0035688",767,-0.00118585594127917,0.0218750006859016,-0.000107805085570833,"Trey Pipkins","LAC","OL",2024
"1295","00-0035698",773,-0.00119794321415665,0.0239265104059695,-0.000108903928559695,"Chuma Edoga","DAL","OL",2024
"1296","00-0039368",1922,-0.00120348599634604,0.0245038413307811,-0.00010940781784964,"Jordan Magee","WAS","LB",2024
"1297","00-0036081",828,-0.00120448220371599,0.0218505142952816,-0.000109498382156,"Broderick Washington","BAL","DL",2024
"1298","00-0036655",1065,-0.00121973034617208,0.0242922751947026,-0.000110884576924734,"Cole Van Lanen","JAX","OL",2024
"1299","00-0038521",1592,-0.00122396354839873,0.0242874040820587,-0.000111269413490794,"Reese Taylor","DEN","DB",2024
"1300","00-0036413",980,-0.00123383922667524,0.0228015935526104,-0.000112167202425022,"Darrell Taylor","CHI","DL",2024
"1301","00-0038578",1630,-0.00124536304346097,0.0231449508898399,-0.000113214822132816,"Jay Ward","MIN","DB",2024
"1302","00-0039003",1787,-0.00124968947368632,0.0232005114309232,-0.000113608133971484,"Drew Sanders","DEN","LB",2024
"1303","00-0035118",629,-0.00125315786888897,0.0235028602481357,-0.00011392344262627,"Matthew Orzech","GB","LS",2024
"1304","00-0033347",289,-0.00125678984438963,0.0238526769921556,-0.000114253622217239,"Josh Tupou","BAL","DL",2024
"1305","00-0037197",1255,-0.00126236780082059,0.0233621172305399,-0.000114760709165509,"Isiah Pacheco","KC","RB",2024
"1306","00-0034613",517,-0.00126536800596972,0.0222908598448062,-0.000115033455088157,"Tanner Hudson","CIN","TE",2024
"1307","00-0034096",410,-0.00126629515132626,0.0243423145007838,-0.00011511774102966,"Emmanuel Moseley","DET","DB",2024
"1308","00-0036286",902,-0.00126924406771567,0.0234125970839921,-0.000115385824337788,"K'Lavon Chaisson","LV","LB",2024
"1309","00-0039404",1954,-0.00127368437669215,0.0237257073282778,-0.000115789488790195,"Will Reichard","MIN","K",2024
"1310","00-0035850",798,-0.00128212365402059,0.023376835799611,-0.000116556695820054,"Kameron Cline","NYJ","DL",2024
"1311","00-0032366",171,-0.00129896925915242,0.0245128180799102,-0.000118088114468402,"Tyler Matakevich","PIT","LB",2024
"1312","00-0035629",732,-0.00129992533355301,0.0239542156750984,-0.000118175030323001,"Jonah Williams","ARI","OL",2024
"1313","00-0030615",73,-0.00131973832426184,0.0226665938475321,-0.000119976211296531,"James Winchester","KC","LS",2024
"1314","00-0037306",1327,-0.001333535364307,0.0236665427164128,-0.000121230487664273,"John FitzPatrick","GB","TE",2024
"1315","00-0036561",1020,-0.0013389933283037,0.0240211135849428,-0.000121726666209428,"Keith Taylor","KC","DB",2024
"1316","00-0032437",195,-0.00133955053400659,0.0220871231878046,-0.000121777321273326,"Kamu Grugier-Hill","MIN","LB",2024
"1317","00-0034756",538,-0.00134152386307868,0.024884353210659,-0.000121956714825335,"Tre Flowers","IND","DB",2024
"1318","00-0031279",91,-0.00134317055841869,0.0222471755386448,-0.000122106414401699,"Jake Matthews","ATL","OL",2024
"1319","00-0033787",343,-0.00135221065920359,0.0233194649432542,-0.000122928241745781,"Jake Elliott","PHI","K",2024
"1320","00-0028899",31,-0.00135613526632417,0.0230106742556534,-0.000123285024211288,"Rodney McLeod Jr.","CLE","DB",2024
"1321","00-0035639",739,-0.00136342805299635,0.0228219177067647,-0.00012394800481785,"Parris Campbell","PHI","WR",2024
"1322","00-0036945",1158,-0.00136618514012585,0.0220556766717068,-0.00012419864910235,"Justin Fields","PIT","QB",2024
"1323","00-0036856",1100,-0.00138391077332424,0.0235171939105749,-0.000125810070302204,"Trey Hill","CIN","OL",2024
"1324","00-0038456",1570,-0.0013968104306363,0.0227940152542255,-0.000126982766421482,"Travis Vokolek","ARI","TE",2024
"1325","00-0037231",1266,-0.00139689508483159,0.0234330506795131,-0.000126990462257417,"Kevin Austin Jr.","NO","WR",2024
"1326","00-0036328",928,-0.00140447421220932,0.0226775740728557,-0.000127679473837211,"Antonio Gibson","NE","RB",2024
"1327","00-0035208",648,-0.00140849140592797,0.0221698790144972,-0.000128044673266179,"Olamide Zaccheaus","WAS","WR",2024
"1328","00-0037512",1382,-0.00140933668220128,0.0216356735679503,-0.000128121516563752,"Isaiah Pola-Mao","LV","DB",2024
"1329","00-0032432",192,-0.00141115510369916,0.0241437264500605,-0.000128286827609015,"Wes Schweitzer","NYJ","OL",2024
"1330","00-0032569",204,-0.00141310795786685,0.0231602116994236,-0.000128464359806077,"Wil Lutz","DEN","K",2024
"1331","00-0039791",2082,-0.00141613770111827,0.0240413583890907,-0.000128739791010751,"Adisa Isaac","BAL","LB",2024
"1332","00-0038381",1542,-0.00142386899284809,0.0235458759017893,-0.000129442635713463,"Kyu Kelly","LV","DB",2024
"1333","00-0029714",48,-0.00144777453754513,0.0237395031376353,-0.000131615867049557,"Andrew DePaola","MIN","LS",2024
"1334","00-0038490",1581,-0.00144895948413862,0.0235100919855323,-0.000131723589467147,"Ty Zentner","SEA","P",2024
"1335","00-0035542",720,-0.00144955135401953,0.0235910338387942,-0.000131777395819957,"Kemon Hall","DAL","DB",2024
"1336","00-0038602",1653,-0.00144992600104745,0.0227993358201236,-0.000131811454640677,"Chris Smith II","LV","DB",2024
"1337","00-0033460",299,-0.00145323781931403,0.0234605981182554,-0.000132112529028548,"John Ross","PHI","WR",2024
"1338","00-0033051",241,-0.00146208961792283,0.0212809522351396,-0.000132917237992985,"David Onyemata","ATL","DL",2024
"1339","00-0039646",2029,-0.00146479667709442,0.0225347200234055,-0.000133163334281311,"Gabe Jeudy-Lally","TEN","DB",2024
"1340","00-0039697",2040,-0.00146606630455593,0.023707778913882,-0.00013327875495963,"Jaylen Mahoney","SF","DB",2024
"1341","00-0034348",454,-0.00147087404457699,0.0215508523472877,-0.000133715822234271,"Courtland Sutton","DEN","WR",2024
"1342","00-0039317",1886,-0.00147534526885063,0.024579248266561,-0.000134122297168239,"Ethan Driskell","KC","OL",2024
"1343","00-0039387",1940,-0.0014803610878748,0.0216987250444626,-0.00013457828071589,"Caelen Carson","DAL","DB",2024
"1344","00-0038938",1763,-0.00148369812494564,0.0228380549951462,-0.000134881647722331,"Jalin Hyatt","NYG","WR",2024
"1345","00-0036463",998,-0.00149124193499806,0.0240556230876414,-0.000135567448636187,"Chris Blair","ATL","WR",2024
"1346","00-0033280",273,-0.00149776704403104,0.0239898724901896,-0.000136160640366458,"Christian McCaffrey","SF","RB",2024
"1347","00-0038939",1764,-0.00150861936601393,0.0241506568484697,-0.000137147215092175,"Brodric Martin","DET","DL",2024
"1348","00-0039686",2037,-0.00150877173519698,0.0238933487757843,-0.000137161066836089,"Colson Yankoff","WAS","RB",2024
"1349","00-0036290",905,-0.00151318525038778,0.0227636489018429,-0.000137562295489798,"Cole Kmet","CHI","TE",2024
"1350","00-0038487",1578,-0.0015151536272057,0.024208995076231,-0.000137741238836882,"Eli Ricks","PHI","DB",2024
"1351","00-0034978",604,-0.00151664300945826,0.0221947019870378,-0.000137876637223478,"Ben Powers","DEN","OL",2024
"1352","00-0038791",1728,-0.0015210138642431,0.0230194590052842,-0.000138273987658463,"Thomas Incoom","CAR","LB",2024
"1353","00-0034116",414,-0.00153258110206901,0.0230915795757114,-0.000139325554733546,"J.T. Gray","NO","DB",2024
"1354","00-0037284",1312,-0.00153466712774775,0.0239224535974253,-0.000139515193431613,"Matt Araiza","KC","P",2024
"1355","00-0032162",160,-0.00153889644167845,0.0236596256914557,-0.000139899676516222,"T.Y. McGill","CLE","DL",2024
"1356","00-0039859",2135,-0.00154556857313017,0.0234338313950756,-0.000140506233920925,"Brandon Dorlus","ATL","DL",2024
"1357","00-0033927",391,-0.00158317463887559,0.0244358922498073,-0.000143924967170508,"John Johnson","LA","DB",2024
"1358","00-0039903",2170,-0.00158747558366257,0.0228769239234727,-0.000144315962151143,"Terrion Arnold","DET","DB",2024
"1359","00-0039477",1989,-0.00158877388498283,0.0236162138625242,-0.000144433989543894,"Jack Browning","TB","P",2024
"1360","00-0038606",1656,-0.00159355325208569,0.0225312816898031,-0.000144868477462335,"Parker Washington","JAX","WR",2024
"1361","00-0035764",790,-0.00159422388968971,0.0234817148508152,-0.000144929444517246,"Calvin Throckmorton","DEN","OL",2024
"1362","00-0038630",1674,-0.00160987099105676,0.0229371833579617,-0.000146351908277887,"Cooper Hodges","JAX","OL",2024
"1363","00-0036251",880,-0.0016157057395406,0.0230147287077929,-0.000146882339958237,"Zack Moss","CIN","RB",2024
"1364","00-0028946",33,-0.00161740194979934,0.0235951956547302,-0.000147036540890849,"Aaron Brewer","ARI","LS",2024
"1365","00-0034353",458,-0.00162562197437968,0.0248882952303339,-0.000147783815852698,"Anthony Miller","BAL","WR",2024
"1366","00-0036339",936,-0.00162792352770384,0.02254942285303,-0.000147993047973076,"Kevin Dotson","LA","OL",2024
"1367","00-0036841",1094,-0.00162985234423917,0.0232190525032416,-0.000148168394930834,"Austin Trammell","JAX","WR",2024
"1368","00-0032762",214,-0.00163014964024546,0.021534893042589,-0.000148195421840497,"Chris Jones","KC","DL",2024
"1369","00-0038984",1776,-0.0016330288994803,0.0234568868709785,-0.000148457172680027,"Kei'Trel Clark","ARI","DB",2024
"1370","00-0038594",1646,-0.0016352261688764,0.0238119801313987,-0.000148656924443309,"Darrell Luter Jr.","SF","DB",2024
"1371","00-0039038",1801,-0.00163945426861725,0.0242661624125269,-0.000149041297147023,"DaShaun White","SF","LB",2024
"1372","00-0038636",1678,-0.0016461493807997,0.0236354355575504,-0.000149649943709064,"Kenny McIntosh","SEA","RB",2024
"1373","00-0039827",2108,-0.00166009448335621,0.023272608117682,-0.00015091768030511,"Hunter Nourzad","KC","OL",2024
"1374","00-0035264",678,-0.00166207314067702,0.0239994530770826,-0.000151097558243366,"Jarrett Stidham","DEN","QB",2024
"1375","00-0034355",459,-0.00166266036649639,0.0231072559290486,-0.000151150942408763,"M.J. Stewart","HOU","DB",2024
"1376","00-0035686",765,-0.00167975212963839,0.0230950362075316,-0.000152704739058036,"Michael Deiter","WAS","OL",2024
"1377","00-0039532",2001,-0.0016859331189229,0.0223673510125395,-0.000153266647174809,"Julius Wood","TEN","DB",2024
"1378","00-0038648",1687,-0.00169093327656656,0.0223414044861736,-0.000153721206960596,"Jalen Graham","SF","LB",2024
"1379","00-0039241",1868,-0.00169970239076586,0.0235991823795816,-0.000154518399160532,"Beau Brade","BAL","DB",2024
"1380","00-0033918",386,-0.00171669156115102,0.0244375640828814,-0.000156062869195547,"Fabian Moreau","MIN","DB",2024
"1381","00-0033893",372,-0.00171757837035155,0.0237164638310465,-0.000156143488213777,"Dalvin Cook","DAL","RB",2024
"1382","00-0037822",1469,-0.00171792805495025,0.0235500527846233,-0.00015617527772275,"Brian Asamoah","MIN","LB",2024
"1383","00-0036870",1105,-0.0017205469376496,0.0231058370967367,-0.000156413357968146,"Buddy Johnson","DAL","LB",2024
"1384","00-0036816",1091,-0.00172349898803748,0.0251299249477006,-0.000156681726185225,"Riley Patterson","ATL","K",2024
"1385","00-0037422",1364,-0.00172804554009856,0.0243332038924674,-0.000157095049099869,"Kendric Pryor","CIN","WR",2024
"1386","00-0031136",82,-0.00173000238654604,0.0235183401666365,-0.000157272944231458,"Chris Boswell","PIT","K",2024
"1387","00-0026158",6,-0.00173678709799768,0.0226879219547993,-0.000157889736181607,"Joe Flacco","IND","QB",2024
"1388","00-0031557",117,-0.00174544585181361,0.0229023664386052,-0.00015867689561942,"Jordan Phillips","BUF","DL",2024
"1389","00-0035900",806,-0.00176047484932584,0.0233528787993637,-0.000160043168120531,"Cole Christiansen","KC","LB",2024
"1390","00-0037381",1352,-0.00176506961050202,0.0239202198763779,-0.000160460873682002,"Sebastian Gutierrez","SF","OL",2024
"1391","00-0037557",1395,-0.00176856248839248,0.0230354603570014,-0.00016077840803568,"Ronnie Rivers","LA","RB",2024
"1392","00-0036415",982,-0.00177134760720252,0.0219526436266249,-0.000161031600654775,"Van Jefferson","PIT","WR",2024
"1393","00-0038570",1623,-0.00177741483848631,0.0218373605089737,-0.000161583167135119,"Ventrell Miller","JAX","LB",2024
"1394","00-0039623",2024,-0.00177978739838428,0.0230558643783935,-0.000161798854398571,"Mason Tipton","NO","WR",2024
"1395","00-0037753",1445,-0.00178870965977468,0.0227482144918738,-0.000162609969070425,"Cam Taylor-Britt","CIN","DB",2024
"1396","00-0039323",1888,-0.00180098262121838,0.0238330200583996,-0.000163725692838035,"Ryan Rehkow","CIN","P",2024
"1397","00-0034999",613,-0.00180150570468931,0.0224385109843531,-0.000163773245880846,"Ty Summers","NYG","LB",2024
"1398","00-0037300",1323,-0.00180263649387846,0.0221367678980339,-0.000163876044898042,"Mike Woods","CLE","WR",2024
"1399","00-0039835",2116,-0.00180689967957691,0.0236343105350473,-0.000164263607234265,"Justin Eboigbe","LAC","DL",2024
"1400","00-0037323",1341,-0.00182803833781321,0.0231725818566926,-0.000166185303437565,"Rodney Thomas","IND","DB",2024
"1401","00-0035665",752,-0.00183518715574962,0.0246663034732042,-0.000166835195977238,"David Long","IND","DB",2024
"1402","00-0036932",1147,-0.00183697314118484,0.0230306791676136,-0.000166997558289531,"Micah Parsons","DAL","DL",2024
"1403","00-0036397",971,-0.0018370084956715,0.0224830350982177,-0.000167000772333773,"Shane Lemieux","NO","OL",2024
"1404","00-0035859",800,-0.00186752557468538,0.0238386585430334,-0.000169775052244125,"Blake Gillikin","ARI","P",2024
"1405","00-0035910",808,-0.00187220431407109,0.0237672160332841,-0.000170200392188281,"T.J. Smith","CAR","DL",2024
"1406","00-0037392",1358,-0.00190926901432658,0.021716114821758,-0.000173569910393325,"Trevor Denbow","IND","DB",2024
"1407","00-0039244",1869,-0.00191063253655985,0.0233071578534074,-0.000173693866959986,"Chris Collier","LV","RB",2024
"1408","00-0036961",1168,-0.00192733854537992,0.0231703450986027,-0.000175212595034538,"Richie Grant","ATL","DB",2024
"1409","00-0039342",1897,-0.00194118331076396,0.0230175383236219,-0.000176471210069451,"Xavier Legette","CAR","WR",2024
"1410","00-0039020",1796,-0.00195179665172725,0.0227354865717006,-0.000177436059247932,"Anthony Bradford","SEA","OL",2024
"1411","00-0036855",1099,-0.00195651056998044,0.0244295770417945,-0.000177864597270949,"Earnest Brown IV","DAL","DL",2024
"1412","00-0039424",1970,-0.00197663738806207,0.0219210714633122,-0.000179694308005643,"Devaughn Vele","DEN","WR",2024
"1413","00-0038359",1540,-0.00198207713966585,0.0227884793363961,-0.000180188830878714,"Xavier Smith","LA","WR",2024
"1414","00-0031492",109,-0.00199414880397841,0.0229206336998445,-0.000181286254907128,"Jason Myers","SEA","K",2024
"1415","00-0036480",1000,-0.00200221072805909,0.0220139606599205,-0.000182019157096281,"Dayo Odeyingbo","IND","DL",2024
"1416","00-0037412",1361,-0.0020059016583711,0.0229383286642989,-0.000182354696215555,"Cal Adomitis","CIN","LS",2024
"1417","00-0038557",1613,-0.00201751331120862,0.0224799295196864,-0.000183410301018966,"Dorian Williams","BUF","LB",2024
"1418","00-0036011",822,-0.00201909743656999,0.0243864123867829,-0.000183554312415453,"Bobby Price","WAS","DB",2024
"1419","00-0039396",1948,-0.00201928540830237,0.0233505205802203,-0.000183571400754761,"Mekhi Wingo","DET","DL",2024
"1420","00-0038519",1591,-0.00202388600426359,0.0231486831951574,-0.000183989636751235,"Nikko Remigio","KC","WR",2024
"1421","00-0034729",532,-0.00205378124786033,0.0246445038260307,-0.00018670738616912,"Jamarco Jones","DET","OL",2024
"1422","00-0036683",1074,-0.00205474080728719,0.0226629957693469,-0.00018679461884429,"Devon Key","DEN","DB",2024
"1423","00-0034364",465,-0.00205673270535551,0.0222725268717712,-0.000186975700486864,"Jordan Akins","CLE","TE",2024
"1424","00-0036551",1013,-0.00206038472251099,0.0229258518324535,-0.000187307702046454,"Aaron Banks","SF","OL",2024
"1425","00-0036631",1050,-0.0020622813844332,0.0243876268131244,-0.000187480125857563,"Royce Newman","TB","OL",2024
"1426","00-0038131",1532,-0.00207779434014832,0.0225990885978,-0.000188890394558938,"Ed Ingram","MIN","OL",2024
"1427","00-0033885",366,-0.00209306916612051,0.0228083504771182,-0.000190279015101865,"David Njoku","CLE","TE",2024
"1428","00-0038125",1527,-0.00210911312831218,0.0227400257493168,-0.000191737557119289,"Roger McCreary","TEN","DB",2024
"1429","00-0038674",1696,-0.00211238091390346,0.0242074746124007,-0.000192034628536678,"Divaad Wilson","NYG","DB",2024
"1430","00-0037663",1429,-0.00211438707955551,0.0243482581031982,-0.00019221700723232,"Jermaine Johnson II","NYJ","LB",2024
"1431","00-0037627",1422,-0.00211843746669961,0.0239568696318466,-0.000192585224245419,"Mike Greene","TB","DL",2024
"1432","00-0037815",1463,-0.00212271815382336,0.0225487807098859,-0.000192974377620306,"Cameron Thomas","CLE","DL",2024
"1433","00-0037810",1458,-0.00213441930062185,0.0229963664638144,-0.00019403811823835,"Troy Andersen","ATL","LB",2024
"1434","00-0033082",250,-0.00213925694737898,0.0218743024353919,-0.00019447790430718,"Lucas Patrick","NO","OL",2024
"1435","00-0038505",1586,-0.00215154607809235,0.0215904993434096,-0.000195595098008395,"Tavius Robinson","BAL","LB",2024
"1436","00-0036360",948,-0.00215309433657158,0.0229975690667514,-0.000195735848779235,"Clyde Edwards-Helaire","NO","RB",2024
"1437","00-0036626",1045,-0.00215533517967266,0.022560036822031,-0.000195939561788423,"Dyami Brown","WAS","WR",2024
"1438","00-0033096",254,-0.00216080690576838,0.0229225012622608,-0.000196436991433489,"Shaq Lawson","CAR","DL",2024
"1439","00-0038134",1534,-0.00216616985546038,0.0217762546573366,-0.00019692453231458,"Kenneth Walker III","SEA","RB",2024
"1440","00-0038042",1493,-0.00216942260855988,0.0240953814451765,-0.000197220237141807,"Jake Camarda","BUF","P",2024
"1441","00-0039284",1873,-0.00216997285945509,0.0244623766051107,-0.000197270259950463,"Braiden McGregor","NYJ","DL",2024
"1442","00-0039285",1874,-0.0021886068998965,0.024139139236313,-0.000198964263626954,"Jarius Monroe","NYJ","DB",2024
"1443","00-0036527",1010,-0.00219745952220048,0.023601915806647,-0.000199769047472771,"DJ Turner","LV","WR",2024
"1444","00-0035636",737,-0.00220131579543046,0.0217365650698898,-0.000200119617766405,"L.J. Collier","ARI","DL",2024
"1445","00-0037001",1201,-0.00220165865176423,0.0221138684745154,-0.000200150786524021,"Quinn Meinerz","DEN","OL",2024
"1446","00-0039470",1988,-0.00220459338124961,0.0234299832789614,-0.000200417580113601,"Branson Deen","BUF","DL",2024
"1447","00-0031236",87,-0.0022153449636021,0.023370343788915,-0.0002013949966911,"Brandin Cooks","DAL","WR",2024
"1448","00-0039324",1889,-0.00222233200663022,0.0230027783622753,-0.000202030182420929,"Christian Roland-Wallace","KC","DB",2024
"1449","00-0036644",1059,-0.00222432394494087,0.0233799430371122,-0.000202211267721897,"Cameron McGrone","IND","LB",2024
"1450","00-0026858",10,-0.00225273964442774,0.0236479656270884,-0.000204794513129794,"Graham Gano","NYG","K",2024
"1451","00-0037542",1390,-0.00225388425462238,0.0239533526823731,-0.000204898568602034,"John Parker Romo","NE","K",2024
"1452","00-0035895",805,-0.0022608129057391,0.0220111800678666,-0.000205528445976282,"Joe Bachie","CIN","LB",2024
"1453","00-0037620",1421,-0.00226245243396651,0.0228507912900985,-0.000205677493996956,"Andrew Stueber","CIN","OL",2024
"1454","00-0032203",163,-0.00226715240578853,0.0228174988956899,-0.000206104764162594,"Andrus Peat","LV","OL",2024
"1455","00-0035535",718,-0.00229692628735213,0.0216598408342064,-0.000208811480668375,"Darius Slayton","NYG","WR",2024
"1456","00-0038493",1582,-0.00229862529005213,0.022812365660549,-0.000208965935459285,"Claudin Cherelus","CAR","LB",2024
"1457","00-0033246",269,-0.00230251570713658,0.0217037168448422,-0.000209319609739689,"Johnny Mundt","MIN","TE",2024
"1458","00-0037243",1275,-0.00234570003133579,0.0234488894173412,-0.000213245457394163,"Tyler Smith","DAL","OL",2024
"1459","00-0038782",1725,-0.00234629026897568,0.0246978855967038,-0.000213299115361426,"Eku Leota","PIT","LB",2024
"1460","00-0039491",1991,-0.00235180190625287,0.0230141008977013,-0.000213800173295716,"Jalen Coker","CAR","WR",2024
"1461","00-0033251",270,-0.00235505454195631,0.022931717843686,-0.000214095867450574,"Zach Pascal","ARI","WR",2024
"1462","00-0036355",945,-0.00236431217631187,0.0238141103979196,-0.000214937470573806,"Justin Herbert","LAC","QB",2024
"1463","00-0035235",658,-0.00236509641401771,0.0231036473388302,-0.000215008764910701,"Kaleb McGary","ATL","OL",2024
"1464","00-0038390",1548,-0.00236584017693439,0.0244036937673229,-0.000215076379721308,"Noah Sewell","CHI","LB",2024
"1465","00-0032228",166,-0.0023677324524812,0.0224059116483581,-0.000215248404771018,"Joe Cardona","NE","LS",2024
"1466","00-0038752",1720,-0.0023865952126531,0.0220908859026306,-0.000216963201150282,"Jake Bobo","SEA","WR",2024
"1467","00-0039021",1797,-0.00238752796327093,0.0224504186609443,-0.000217047996660993,"Roschon Johnson","CHI","RB",2024
"1468","00-0031551",115,-0.00239168241498721,0.0235337121228084,-0.000217425674089747,"Eddie Goldman","ATL","DL",2024
"1469","00-0039410",1959,-0.00239336248471637,0.0228626439092466,-0.000217578407701488,"Ryan Flournoy","DAL","WR",2024
"1470","00-0037527",1388,-0.00239770084696067,0.0221137277720003,-0.000217972804269152,"Segun Olubi","IND","LB",2024
"1471","00-0033123",261,-0.00239943305721583,0.0233015489249661,-0.000218130277928711,"Yannick Ngakoue","NE","DL",2024
"1472","00-0038740",1718,-0.00239994569157117,0.0245820609340013,-0.000218176881051925,"Jalen Moreno-Cropper","DAL","WR",2024
"1473","00-0032071",150,-0.00240594986446176,0.0233927357547362,-0.000218722714951069,"Trent Brown","CIN","OL",2024
"1474","00-0038587",1639,-0.00241194631422123,0.0229013484697365,-0.000219267846747384,"Jammie Robinson","ARI","DB",2024
"1475","00-0038621",1668,-0.00244362203906289,0.0230800274239733,-0.000222147458096626,"Demario Douglas","NE","WR",2024
"1476","00-0039603",2016,-0.00244439844975399,0.0239193293228459,-0.000222218040886726,"British Brooks","HOU","RB",2024
"1477","00-0036922",1141,-0.00244688371490628,0.0231773594157658,-0.000222443974082389,"Patrick Johnson","NYG","LB",2024
"1478","00-0038090",1496,-0.00245540988412647,0.0230709057193028,-0.000223219080375134,"Skyy Moore","KC","WR",2024
"1479","00-0039738",2054,-0.00245777029320134,0.0225065914481668,-0.000223433663018304,"Blake Corum","LA","RB",2024
"1480","00-0039074",1826,-0.00245789612178517,0.0217437830409044,-0.00022344510198047,"Davis Allen","LA","TE",2024
"1481","00-0034514",507,-0.00249278592921054,0.0220605966063749,-0.000226616902655504,"Levi Wallace","DEN","DB",2024
"1482","00-0035702",776,-0.0025032369805262,0.0229727137574749,-0.000227566998229655,"Dalton Risner","MIN","OL",2024
"1483","00-0038649",1688,-0.0025072288153292,0.0221797856200179,-0.000227929892302654,"Alex Forsyth","DEN","OL",2024
"1484","00-0035841",797,-0.00251274412459941,0.0231394057137144,-0.000228431284054492,"Benito Jones","MIA","DL",2024
"1485","00-0036217",864,-0.00252519058266454,0.0239651085078275,-0.000229562780242231,"Blake Ferguson","MIA","LS",2024
"1486","00-0036335",933,-0.00253270737800413,0.0222758854875906,-0.000230246125273103,"D.J. Wonnum","CAR","LB",2024
"1487","00-0034162",421,-0.0025524446836567,0.0251771655488658,-0.000232040425786973,"J.K. Scott","LAC","P",2024
"1488","00-0039165",1858,-0.00255658792723834,0.0231052652644863,-0.000232417084294395,"Zach Charbonnet","SEA","RB",2024
"1489","00-0037385",1356,-0.00256112475647473,0.0235876340079213,-0.000232829523315885,"Michael Niese","DET","OL",2024
"1490","00-0037549",1394,-0.0025629965109968,0.0217041730703928,-0.000232999682817891,"Darrell Baker Jr.","TEN","DB",2024
"1491","00-0038396",1552,-0.00257630594421625,0.0229137444769709,-0.000234209631292386,"Eric Gray","NYG","RB",2024
"1492","00-0033400",295,-0.00257712868418942,0.0236992649661678,-0.000234284425835402,"Matt Haack","JAX","P",2024
"1493","00-0033876",359,-0.0025913049283614,0.0232598743900269,-0.000235573175305582,"Derek Barnett","HOU","DL",2024
"1494","00-0038914",1753,-0.00259642120991693,0.0224960771954766,-0.00023603829181063,"McClendon Curtis","SEA","OL",2024
"1495","00-0034657",521,-0.00260667276552207,0.0240895053539299,-0.000236970251411097,"Matt Dickerson","MIA","DL",2024
"1496","00-0039877",2149,-0.00261054054852879,0.0242760082334486,-0.000237321868048071,"Mohamed Kamara","MIA","LB",2024
"1497","00-0037759",1450,-0.00261785081014645,0.0237118758890492,-0.000237986437286041,"DeMarvin Leal","PIT","DL",2024
"1498","00-0038401",1556,-0.00262284573364569,0.0245377949124052,-0.000238440521240517,"Jarrick Bernard-Converse","NYJ","DB",2024
"1499","00-0038796",1731,-0.00262862398065505,0.0226968776593129,-0.000238965816423187,"Alex Palczewski","DEN","OL",2024
"1500","00-0037076",1218,-0.00263424771659251,0.0220425745235358,-0.000239477065144774,"Sean Rhyan","GB","OL",2024
"1501","00-0035743",787,-0.0026379475287587,0.0238315976145569,-0.000239813411705337,"Brett Toth","PHI","OL",2024
"1502","00-0034723",530,-0.00263937899156375,0.0235269621846116,-0.000239943544687614,"Nick Thurman","CAR","DL",2024
"1503","00-0036948",1159,-0.00264225519852895,0.0233720153929996,-0.000240205018048086,"Ta'Quon Graham","ATL","DL",2024
"1504","00-0035572",724,-0.00265218671952221,0.0222186948337979,-0.000241107883592928,"Parker Hesse","DET","TE",2024
"1505","00-0038765",1722,-0.00265557262581333,0.023353476260457,-0.000241415693255758,"Ty Okada","SEA","DB",2024
"1506","00-0029822",49,-0.00266126781254325,0.0234973871720243,-0.000241933437503932,"Brandon McManus","GB","K",2024
"1507","00-0036386",962,-0.00266156097425674,0.0238122107469287,-0.000241960088568794,"Andrew Thomas","NYG","OL",2024
"1508","00-0036331",930,-0.00266571852564899,0.0223633320364386,-0.000242338047786272,"Devin Duvernay","JAX","WR",2024
"1509","00-0036321",923,-0.00267339788306035,0.0224992904816088,-0.000243036171187304,"Chase Young","NO","DL",2024
"1510","00-0038610",1659,-0.00267483689871384,0.0237155508463166,-0.000243166990792167,"Bryce Baringer","NE","P",2024
"1511","00-0032398",185,-0.00267603241528857,0.0231866121350506,-0.000243275674117143,"Chris Moore","WAS","WR",2024
"1512","00-0038476",1575,-0.00267723091350841,0.0228198457567755,-0.000243384628500765,"Tommy DeVito","NYG","QB",2024
"1513","00-0036165",846,-0.00268317821947921,0.023584297238707,-0.000243925292679928,"Isaiah Hodgins","NYG","WR",2024
"1514","00-0039508",1994,-0.00269199170529811,0.0238710413769466,-0.000244726518663465,"Jake Kubas","NYG","OL",2024
"1515","00-0039617",2021,-0.00269528995209638,0.0232268687175313,-0.000245026359281489,"Jacob Kibodi","CLE","RB",2024
"1516","00-0032383",176,-0.00270568386023942,0.0230657390528411,-0.000245971260021765,"Ryan Kelly","IND","OL",2024
"1517","00-0027557",14,-0.00271612314660938,0.0230642054959404,-0.000246920286055399,"Morgan Cox","TEN","LS",2024
"1518","00-0038393",1549,-0.00271751543058036,0.0225641483142527,-0.000247046857325487,"Dontayvion Wicks","GB","WR",2024
"1519","00-0030957",76,-0.00273884597794684,0.0230231259083913,-0.000248985997995167,"Casey Kreiter","NYG","LS",2024
"1520","00-0031500",110,-0.00274918270723043,0.024273880962283,-0.000249925700657311,"Efe Obada","WAS","DL",2024
"1521","00-0037819",1467,-0.0027637404529209,0.0220464866467774,-0.000251249132083718,"Leo Chenal","KC","LB",2024
"1522","00-0039881",2153,-0.00276454721010469,0.023275090132191,-0.000251322473645881,"Patrick McMorris","MIA","DB",2024
"1523","00-0037267",1297,-0.00276875360265742,0.0223908093719914,-0.000251704872968856,"Jerome Ford","CLE","RB",2024
"1524","00-0034746",534,-0.00276943861441033,0.022984565323155,-0.000251767146764576,"Maurice Hurst","CLE","DL",2024
"1525","00-0039451",1981,-0.00277278903244399,0.0230651208735354,-0.000252071730222181,"Isaiah Williams","CIN","WR",2024
"1526","00-0033221",268,-0.00278596740703066,0.0222040361426529,-0.000253269764275515,"Daniel Brunskill","TEN","OL",2024
"1527","00-0039660",2033,-0.00278872546973028,0.023170436953989,-0.000253520497248208,"Thomas Harper","LV","DB",2024
"1528","00-0034791",553,-0.00279132898215752,0.0242346543970048,-0.000253757180196138,"Nick Chubb","CLE","RB",2024
"1529","00-0038116",1518,-0.00280174906068107,0.0226762001007067,-0.000254704460061915,"Arnold Ebiketie","ATL","LB",2024
"1530","00-0036358",947,-0.00280590584219657,0.0216771535192898,-0.000255082349290597,"CeeDee Lamb","DAL","WR",2024
"1531","00-0038128",1529,-0.00282543329717177,0.0237121048621097,-0.000256857572470161,"Malik Willis","GB","QB",2024
"1532","00-0038607",1657,-0.00282898273232488,0.0245150862290946,-0.000257180248393171,"Jaelyn Duncan","TEN","OL",2024
"1533","00-0034639",519,-0.00283305249512472,0.0225271201770803,-0.00025755022682952,"Mike Ford","CLE","DB",2024
"1534","00-0034382",475,-0.00284068164949818,0.0237568830077121,-0.000258243786318017,"Marquis Haynes","CAR","LB",2024
"1535","00-0037547",1393,-0.00284904512082193,0.0239643620491894,-0.000259004101892902,"Daniel Whelan","GB","P",2024
"1536","00-0032379",173,-0.00285091290262809,0.0239906794475545,-0.000259173900238918,"Eli Apple","LAC","DB",2024
"1537","00-0039880",2152,-0.00286233988642213,0.0222602907218503,-0.000260212716947467,"Malik Washington","MIA","WR",2024
"1538","00-0036898",1123,-0.00287009705841525,0.0234465811581367,-0.000260917914401386,"Davis Mills","HOU","QB",2024
"1539","00-0037295",1319,-0.00287223170392035,0.0239626635102404,-0.000261111973083668,"Jamaree Salyer","LAC","OL",2024
"1540","00-0039007",1790,-0.00288174613880502,0.0226098751985497,-0.000261976921709547,"Garrett Williams","ARI","DB",2024
"1541","00-0039347",1902,-0.0028904447191659,0.0229282186977352,-0.000262767701742354,"Trevin Wallace","CAR","LB",2024
"1542","00-0033930",394,-0.0029262769894556,0.0241700584186311,-0.0002660251808596,"Cameron Sutton","PIT","DB",2024
"1543","00-0034115",413,-0.00293340088638424,0.0225258885759898,-0.000266672807853113,"Jeff Wilson","MIA","RB",2024
"1544","00-0038581",1633,-0.00297112439884124,0.0232283868600704,-0.000270102218076476,"KJ Henry","PHI","DL",2024
"1545","00-0034830",572,-0.00297115479699534,0.0238773883317806,-0.000270104981545031,"Hayden Hurst","LAC","TE",2024
"1546","00-0033547",312,-0.00297276362569534,0.0237748069893837,-0.000270251238699576,"Zach Cunningham","DEN","LB",2024
"1547","00-0037308",1329,-0.00298075385786609,0.0237488296278887,-0.000270977623442372,"Lecitus Smith","NE","OL",2024
"1548","00-0035409",711,-0.00299251573571619,0.0225272834600455,-0.000272046885065108,"Shy Tuttle","CAR","DL",2024
"1549","00-0039427",1973,-0.00299359243815827,0.0238336689413122,-0.000272144767105297,"Solomon Byrd","HOU","DL",2024
"1550","00-0034346",452,-0.00300041870090452,0.0234169205072373,-0.000272765336445866,"Will Hernandez","ARI","OL",2024
"1551","00-0037097",1232,-0.0030028103534817,0.0225613930886907,-0.000272982759407427,"Trenton Gill","TB","P",2024
"1552","00-0038866",1748,-0.00300486476302196,0.0228523610928491,-0.000273169523911087,"AJ Finley","SEA","DB",2024
"1553","00-0035150",639,-0.00300503840405102,0.0234346981943794,-0.000273185309459183,"Kris Boyd","HOU","DB",2024
"1554","00-0036913",1134,-0.00301631766577367,0.0252999216591729,-0.000274210696888516,"Kadarius Toney","CLE","WR",2024
"1555","00-0038584",1636,-0.00301838869847385,0.0240627144067783,-0.000274398972588532,"Jaquelin Roy","NE","DL",2024
"1556","00-0033880",362,-0.00302259091950625,0.0228522757566431,-0.000274780992682386,"Charles Harris","PHI","DL",2024
"1557","00-0038694",1703,-0.00303084681555188,0.0236262989982653,-0.000275531528686534,"Brandon Pili","SEA","DL",2024
"1558","00-0034860",586,-0.00303215275648153,0.0227248910809989,-0.00027565025058923,"Dante Pettis","NO","WR",2024
"1559","00-0038958",1768,-0.0030430137896941,0.0247317358823891,-0.000276637617244918,"Markees Watts","TB","LB",2024
"1560","00-0038551",1607,-0.00304475672786661,0.0241640124946905,-0.000276796066169692,"Kendre Miller","NO","RB",2024
"1561","00-0036613",1032,-0.00305154907350568,0.0225147064274588,-0.00027741355213688,"Jaylen Waddle","MIA","WR",2024
"1562","00-0037457",1372,-0.00305309753426334,0.0220448779888756,-0.000277554321296668,"Jake Hansen","HOU","LB",2024
"1563","00-0036305",915,-0.00305725668168319,0.0247001165557568,-0.000277932425607562,"Trevis Gipson","SEA","LB",2024
"1564","00-0039149",1849,-0.00306546281520989,0.0223914186176286,-0.000278678437746354,"Quan Martin","WAS","DB",2024
"1565","00-0036363",951,-0.00306783443867158,0.0234636020741751,-0.000278894039879234,"Josh Jones","BAL","OL",2024
"1566","00-0033935",395,-0.00307048331125279,0.0220939476041981,-0.000279134846477526,"Trey Hendrickson","CIN","DL",2024
"1567","00-0036728",1081,-0.00307893350182313,0.0246668374114771,-0.000279903045620284,"Curtis Robinson","SF","LB",2024
"1568","00-0038108",1513,-0.00308712053094533,0.0233985582025121,-0.00028064732099503,"Bailey Zappe","CLE","QB",2024
"1569","00-0035202",647,-0.00308774917412309,0.0228211223515422,-0.000280704470374826,"Del'Shawn Phillips","HOU","LB",2024
"1570","00-0036345",939,-0.00310307234258841,0.023448199572032,-0.000282097485689855,"K.J. Osborn","WAS","WR",2024
"1571","00-0036928",1145,-0.00312558326057683,0.0242730131075654,-0.000284143932779712,"Kyle Trask","TB","QB",2024
"1572","00-0039867",2141,-0.00313483175579123,0.0231540711207339,-0.00028498470507193,"Javon Bullard","GB","DB",2024
"1573","00-0036938",1152,-0.00313626098369168,0.0236286989739807,-0.000285114634881062,"Rashad Weaver","LA","LB",2024
"1574","00-0037106",1233,-0.00314003679595524,0.0237130300219313,-0.000285457890541386,"Jaylon Jones","CHI","DB",2024
"1575","00-0035291",689,-0.00314286605388016,0.0237414614605097,-0.000285715095807288,"Trayveon Williams","CIN","RB",2024
"1576","00-0039868",2142,-0.00315060146412568,0.0224640950729028,-0.000286418314920516,"Troy Franklin","DEN","WR",2024
"1577","00-0034173",423,-0.00315714854614051,0.0226332204557458,-0.000287013504194592,"Eddy Pineiro","CAR","K",2024
"1578","00-0033929",393,-0.00316342059950289,0.0232504086821554,-0.000287583690863899,"Montravius Adams","PIT","DL",2024
"1579","00-0030565",71,-0.00316372983064539,0.0218634274174134,-0.000287611802785944,"Geno Smith","SEA","QB",2024
"1580","00-0032580",206,-0.00316661638218118,0.0223997523472361,-0.000287874216561925,"Jonathan Jones","NE","DB",2024
"1581","00-0038580",1632,-0.00320399965912013,0.0239188906090069,-0.000291272696283648,"Yasir Abdullah","JAX","LB",2024
"1582","00-0036984",1187,-0.00320410702087837,0.0227860686082968,-0.000291282456443488,"Trey Sermon","IND","RB",2024
"1583","00-0039112",1834,-0.00320809570753007,0.022429772268738,-0.000291645064320915,"Lukas Van Ness","GB","DL",2024
"1584","00-0036347",940,-0.00324621073981386,0.0223530684772662,-0.000295110067255805,"Blake Brandel","MIN","OL",2024
"1585","00-0039292",1877,-0.00325196710502067,0.0238988824537922,-0.000295633373183698,"Shemar Bartholomew","CAR","DB",2024
"1586","00-0038920",1754,-0.00325474655771724,0.0241499679236136,-0.000295886050701567,"John Shenker","LV","TE",2024
"1587","00-0037491",1378,-0.00326630690345824,0.0238279909103984,-0.000296936991223477,"J.J. Russell","TB","LB",2024
"1588","00-0037302",1325,-0.00328824508625632,0.0246591376188012,-0.000298931371477847,"Austin Deculus","HOU","OL",2024
"1589","00-0039358",1913,-0.00332225453277728,0.021667666300023,-0.000302023139343389,"Mason McCormick","PIT","OL",2024
"1590","00-0039906",2173,-0.00336248061710769,0.0221805709154661,-0.000305680056100699,"Jer'Zhan Newton","WAS","DL",2024
"1591","00-0037844",1487,-0.00337874410619303,0.0230898135920352,-0.000307158555108457,"Russ Yeast","HOU","DB",2024
"1592","00-0028845",29,-0.00337908671341861,0.0232191145335496,-0.000307189701219874,"Josh Harris","LAC","LS",2024
"1593","00-0039624",2025,-0.00338051276970266,0.024454975337069,-0.000307319342700242,"Kyle Hergel","NO","OL",2024
"1594","00-0035098",624,-0.00338576703517595,0.0240755117336778,-0.000307797003197814,"Micah Abernathy","ATL","DB",2024
"1595","00-0039844",2123,-0.00338755148578395,0.0235577953148397,-0.000307959225980359,"Kingsley Suamataia","KC","OL",2024
"1596","00-0036920",1139,-0.00340400268866619,0.0235756932248987,-0.000309454789878745,"Marlon Tuipulotu","KC","DL",2024
"1597","00-0038647",1686,-0.00341013513971131,0.023552776629768,-0.000310012285428301,"Ronnie Bell","SF","WR",2024
"1598","00-0039774",2075,-0.00341254148565605,0.0214891204548321,-0.00031023104415055,"Omar Speights","LA","LB",2024
"1599","00-0034682",527,-0.00341279697816398,0.0246528063887046,-0.00031025427074218,"Genard Avery","IND","DL",2024
"1600","00-0038549",1605,-0.00341465547861721,0.0214118084027434,-0.000310423225328838,"DJ Turner II","CIN","DB",2024
"1601","00-0038678",1698,-0.00341507137603466,0.0237501793751108,-0.000310461034184969,"Jordan Mims","NO","RB",2024
"1602","00-0038360",1541,-0.00345733223100132,0.0222835415635204,-0.00031430293009103,"Alex Ward","LA","LS",2024
"1603","00-0035357",702,-0.00346817658154739,0.0221166340753088,-0.000315288780140672,"Cam Lewis","BUF","DB",2024
"1604","00-0038608",1658,-0.00347967725058419,0.0229408869206735,-0.000316334295507654,"Kayshon Boutte","NE","WR",2024
"1605","00-0035933",810,-0.00348014555865651,0.0221800361530516,-0.000316376868968774,"Michael Hoecht","LA","LB",2024
"1606","00-0034278",440,-0.00352005546920643,0.0229431383982609,-0.00032000504265513,"Tremon Smith","DEN","DB",2024
"1607","00-0034374",470,-0.00352982357350129,0.022736929276517,-0.000320893052136481,"Jordan Whitehead","TB","DB",2024
"1608","00-0035643",742,-0.00353012905834207,0.0216681060373774,-0.000320920823485643,"Jeffery Simmons","TEN","DL",2024
"1609","00-0032052",147,-0.00353062816615092,0.0230013787994682,-0.000320966196922811,"Dante Fowler Jr.","WAS","LB",2024
"1610","00-0038623",1670,-0.00353141669453475,0.0223500346059253,-0.000321037881321341,"Dante Stills","ARI","DL",2024
"1611","00-0029604",42,-0.00353200525127649,0.0225827500170313,-0.000321091386479681,"Kirk Cousins","ATL","QB",2024
"1612","00-0034450",498,-0.00353487203520675,0.0239151891995582,-0.000321352003200614,"Greg Joseph","NYJ","K",2024
"1613","00-0034365",466,-0.00354855087125906,0.0240235884554332,-0.000322595533750824,"Ian Thomas","CAR","TE",2024
"1614","00-0039587",2012,-0.00355212819661631,0.0228802364420859,-0.000322920745146938,"Antonio Grier Jr.","TB","LB",2024
"1615","00-0037141",1241,-0.00358318048089571,0.0226869038221574,-0.000325743680081428,"Joey Blount","ARI","DB",2024
"1616","00-0037633",1423,-0.00361489032959549,0.0226561713563946,-0.00032862639359959,"Jacob Hummel","LA","LB",2024
"1617","00-0034833",573,-0.00362874311644372,0.0232549299453937,-0.00032988573785852,"Isaiah Wynn","MIA","OL",2024
"1618","00-0039066",1820,-0.00363946289700655,0.0225593797144776,-0.000330860263364232,"Michael Mayer","LV","TE",2024
"1619","00-0033869",353,-0.00367565488081468,0.0234969489153735,-0.000334150443710425,"Mitchell Trubisky","BUF","QB",2024
"1620","00-0033307",286,-0.0036762870152937,0.0220696958118076,-0.000334207910481246,"Kendrick Bourne","NE","WR",2024
"1621","00-0035829",796,-0.00368182329731144,0.0228221696555673,-0.000334711208846495,"Austen Pleasants","SF","OL",2024
"1622","00-0032726",211,-0.00368210583522918,0.0252750553888755,-0.000334736894111744,"Ka'imi Fairbairn","HOU","K",2024
"1623","00-0032222",165,-0.00368620892368174,0.024802866079036,-0.000335109902152886,"D.J. Humphries","KC","OL",2024
"1624","00-0035190",645,-0.00368801417407936,0.0238095769555207,-0.000335274015825397,"AJ Cole","LV","P",2024
"1625","00-0037830",1474,-0.0037016219056791,0.0228391691394082,-0.000336511082334464,"Samuel Womack","IND","DB",2024
"1626","00-0039004",1788,-0.0037062227566096,0.0233790993815821,-0.000336929341509964,"Carter Warren","NYJ","OL",2024
"1627","00-0039853",2130,-0.00370651664183448,0.0239551716098097,-0.000336956058348589,"Javon Baker","NE","WR",2024
"1628","00-0037808",1456,-0.00373412393476058,0.0222018876953203,-0.000339465812250961,"DeAngelo Malone","ATL","LB",2024
"1629","00-0037010",1208,-0.00373498327938562,0.0224955468598261,-0.000339543934489602,"Liam Eichenberg","MIA","OL",2024
"1630","00-0032753",212,-0.00374598244361006,0.0243203624591706,-0.000340543858510006,"Luke Rhodes","IND","LS",2024
"1631","00-0037274",1303,-0.00376292945643075,0.0247914349952878,-0.000342084496039159,"Esezi Otomewo","JAX","DL",2024
"1632","00-0038616",1664,-0.00376492721717534,0.0231742642679292,-0.000342266110652303,"Christian Braswell","JAX","DB",2024
"1633","00-0034401",485,-0.00377121366069672,0.0236499075200365,-0.000342837605517883,"Mike White","BUF","QB",2024
"1634","00-0036555",1017,-0.00377665783684164,0.0223074279383937,-0.000343332530621967,"Chuba Hubbard","CAR","RB",2024
"1635","00-0032463",198,-0.00378467613166513,0.0235023681976277,-0.000344061466515012,"Kyle Peko","DET","DL",2024
"1636","00-0036919",1138,-0.00380709438231416,0.0230247387526306,-0.000346099489301288,"Kenneth Gainwell","PHI","RB",2024
"1637","00-0034184",425,-0.00380973463660895,0.0230500920424268,-0.000346339512418996,"Gus Edwards","LAC","RB",2024
"1638","00-0034992",610,-0.00381193629580464,0.0230854163606673,-0.000346539663254967,"Armon Watts","NYG","DL",2024
"1639","00-0039751",2066,-0.00381631252609358,0.0220185208442077,-0.000346937502372144,"Jordan Whittington","LA","WR",2024
"1640","00-0037593",1403,-0.00382750427965656,0.0244229946969223,-0.000347954934514233,"Tre Avery","SF","DB",2024
"1641","00-0037262",1294,-0.00384928147796533,0.0229416026191908,-0.00034993467981503,"Thomas Booker","PHI","DL",2024
"1642","00-0038101",1506,-0.00387021414977226,0.0236186000806443,-0.000351837649979296,"Akayleb Evans","CAR","DB",2024
"1643","00-0038936",1761,-0.0038708792991382,0.0216213312712232,-0.000351898118103472,"Juice Scruggs","HOU","OL",2024
"1644","00-0037224",1262,-0.00387888617503413,0.0230355401118966,-0.000352626015912194,"Cameron Dicker","LAC","K",2024
"1645","00-0038104",1509,-0.00388217199340773,0.0230229758778899,-0.00035292472667343,"Tyquan Thornton","KC","WR",2024
"1646","00-0032466",200,-0.00389879140542455,0.0245794914920119,-0.000354435582311322,"George Fant","SEA","OL",2024
"1647","00-0037294",1318,-0.00390066051254363,0.0236084898266354,-0.00035460550114033,"Jordan Jackson","DEN","DL",2024
"1648","00-0035278",685,-0.00392386548657535,0.024514387614297,-0.000356715044234123,"Byron Cowart","CHI","DL",2024
"1649","00-0039310",1882,-0.00392411310270598,0.0252384481205824,-0.000356737554791453,"Trevor Keegan","PHI","OL",2024
"1650","00-0039809",2092,-0.00392823867138442,0.0230129182560039,-0.000357112606489493,"Jonah Elliss","DEN","LB",2024
"1651","00-0036252",881,-0.00394501804049534,0.0226731659570265,-0.000358638003681395,"Michael Pittman","IND","WR",2024
"1652","00-0039156",1853,-0.00394998362737514,0.0241504783221744,-0.000359089420670468,"Julius Brents","IND","DB",2024
"1653","00-0039384",1937,-0.0039521086217281,0.0228200585792416,-0.000359282601975281,"Tyrone Tracy Jr.","NYG","RB",2024
"1654","00-0035649",746,-0.00395289578617655,0.0233178379479956,-0.000359354162379686,"Nate Davis","CHI","OL",2024
"1655","00-0037395",1359,-0.00395366254750432,0.0237471995300913,-0.000359423867954938,"Dallis Flowers","TB","DB",2024
"1656","00-0031580",120,-0.00396686600004973,0.0224541635857141,-0.000360624181822702,"Shaq Mason","HOU","OL",2024
"1657","00-0031800",136,-0.00397466757367556,0.0235647780982935,-0.000361333415788688,"Taylor Heinicke","LAC","QB",2024
"1658","00-0032265",169,-0.0039757708849753,0.0225274160314854,-0.000361433716815936,"Mario Edwards","HOU","DL",2024
"1659","00-0037837",1481,-0.00398334498667132,0.0213156758625316,-0.000362122271515575,"Calvin Austin III","PIT","WR",2024
"1660","00-0037276",1305,-0.00399305525661241,0.0226004686182342,-0.000363005023328401,"Ty Chandler","MIN","RB",2024
"1661","00-0034966",596,-0.00399570509410792,0.0228489661099976,-0.000363245917646175,"D'Angelo Ross","HOU","DB",2024
"1662","00-0031583",122,-0.00400181244989403,0.0219819788092983,-0.000363801131808548,"Grady Jarrett","ATL","DL",2024
"1663","00-0033269",272,-0.00400765996651673,0.0236979444662062,-0.000364332724228794,"Rigoberto Sanchez","IND","P",2024
"1664","00-0032394",183,-0.00400780165899687,0.0220857095332512,-0.000364345605363352,"Nick Vannett","TEN","TE",2024
"1665","00-0038582",1634,-0.00402128909452537,0.0229180467280813,-0.000365571735865942,"Clayton Tune","ARI","QB",2024
"1666","00-0033503",302,-0.00403466145354103,0.0235085387287736,-0.000366787404867367,"Arthur Maulet","BAL","DB",2024
"1667","00-0038966",1769,-0.00405838293159515,0.0231097216291624,-0.000368943902872287,"Natrone Brooks","ATL","DB",2024
"1668","00-0035003",615,-0.00406401809860273,0.0234865064668042,-0.000369456190782067,"Jackson Barton","ARI","OL",2024
"1669","00-0037088",1226,-0.00406665268473894,0.0234049950180956,-0.000369695698612631,"Doug Kramer","CHI","OL",2024
"1670","00-0035726",786,-0.00409099287698701,0.0228021969896717,-0.000371908443362456,"Jakob Johnson","NYG","RB",2024
"1671","00-0038603",1654,-0.00409124736908564,0.0228534990016608,-0.000371931579007786,"Robert Beal Jr.","SF","DL",2024
"1672","00-0037611",1413,-0.00409211140081907,0.0224429591490089,-0.000372010127347188,"Kayvon Thibodeaux","NYG","LB",2024
"1673","00-0026300",8,-0.00409926532263236,0.0232790923532587,-0.00037266048387567,"Josh Johnson","BAL","QB",2024
"1674","00-0034279",441,-0.00410726413732489,0.0232206240057048,-0.000373387648847718,"Equanimeous St. Brown","NO","WR",2024
"1675","00-0037487",1377,-0.00410941788045308,0.022715669589834,-0.000373583443677553,"Deven Thompkins","CAR","WR",2024
"1676","00-0036903",1127,-0.00411510783625903,0.0233760400667956,-0.000374100712387184,"Bobby Brown III","LA","DL",2024
"1677","00-0038093",1498,-0.00413835290820075,0.0238293411428258,-0.000376213900745522,"Neil Farrell","MIA","DL",2024
"1678","00-0035588",725,-0.00416872200789927,0.0228193597567408,-0.000378974727990843,"Garrett Bradbury","MIN","OL",2024
"1679","00-0035408",710,-0.00417309048043781,0.0234446334685714,-0.000379371861857983,"Nick Moore","BAL","LS",2024
"1680","00-0037120",1236,-0.00418983306758383,0.0234215439775785,-0.000380893915234893,"Tyler Goodson","IND","RB",2024
"1681","00-0037085",1224,-0.00421217331540634,0.0238558618072646,-0.000382924846855122,"Tyler Badie","DEN","RB",2024
"1682","00-0039147",1847,-0.00422444997000156,0.021907185615294,-0.000384040906363778,"Christian Gonzalez","NE","DB",2024
"1683","00-0033746",336,-0.00424213871490668,0.0245144892351015,-0.000385648974082425,"Alex Barrett","SF","DL",2024
"1684","00-0034373",469,-0.0042425252978023,0.0217681549190814,-0.000385684117982027,"Dorance Armstrong","WAS","DL",2024
"1685","00-0034270",436,-0.00425834180453787,0.023089182552101,-0.000387121982230715,"Tyler Conklin","NYJ","TE",2024
"1686","00-0033894",373,-0.00426454089688571,0.0230740219331945,-0.000387685536080519,"Marcus Williams","BAL","DB",2024
"1687","00-0033881",363,-0.00427280077376024,0.0228523592641236,-0.000388436433978204,"Evan Engram","JAX","TE",2024
"1688","00-0026027",5,-0.00427469504547221,0.0240145248659309,-0.000388608640497474,"J.J. Jansen","CAR","LS",2024
"1689","00-0037821",1468,-0.00430146055127865,0.0217127204663015,-0.000391041868298059,"Charles Cross","SEA","OL",2024
"1690","00-0034827",569,-0.00430869100326328,0.0233483452339959,-0.000391699182114843,"DJ Moore","CHI","WR",2024
"1691","00-0039747",2063,-0.0043130846306328,0.024915139612166,-0.0003920986027848,"Ainias Smith","PHI","WR",2024
"1692","00-0037311",1331,-0.00431310591537465,0.0234560277000126,-0.000392100537761332,"Ko Kieft","TB","TE",2024
"1693","00-0035757",788,-0.0043179671041973,0.0236130358252748,-0.000392542464017936,"Jacob Bobenmoyer","LV","LS",2024
"1694","00-0036260",887,-0.00433553343995257,0.0218860749223125,-0.000394139403632051,"Javon Kinlaw","NYJ","DL",2024
"1695","00-0035250",671,-0.00434114381366223,0.0230651720540792,-0.000394649437605657,"Devin Singletary","NYG","RB",2024
"1696","00-0038105",1510,-0.00434584103300662,0.0228639866970443,-0.000395076457546056,"Damarri Mathis","DEN","DB",2024
"1697","00-0035062",620,-0.00435440378134922,0.0242228456915278,-0.000395854889213566,"Sam Mustipher","LAC","OL",2024
"1698","00-0031911",139,-0.00435692174899148,0.0236639423772819,-0.000396083795362862,"Rick Lovato","PHI","LS",2024
"1699","00-0033046",240,-0.00435728538204024,0.0227655559731819,-0.000396116852912749,"Jihad Ward","MIN","LB",2024
"1700","00-0033524",305,-0.00436268504633121,0.0237625277302548,-0.000396607731484656,"Kevin King","ATL","DB",2024
"1701","00-0036284",900,-0.00436353165100057,0.0220804549010698,-0.000396684695545506,"Mekhi Becton","PHI","OL",2024
"1702","00-0038932",1757,-0.00436968403246938,0.0233367088074338,-0.000397244002951762,"Darnell Wright","CHI","OL",2024
"1703","00-0035192",646,-0.00437057887282763,0.023961628650777,-0.000397325352075239,"Joey Slye","NE","K",2024
"1704","00-0036975",1179,-0.00437286777012114,0.0232236280685474,-0.000397533433647376,"Walker Little","JAX","OL",2024
"1705","00-0038040",1491,-0.00437473019508175,0.0232577394585514,-0.000397702745007432,"Zamir White","LV","RB",2024
"1706","00-0037077",1219,-0.00438612190832567,0.0243125477962042,-0.000398738355302334,"Sam Howell","SEA","QB",2024
"1707","00-0039067",1821,-0.00439090035579883,0.023389420684905,-0.000399172759618075,"Rashee Rice","KC","WR",2024
"1708","00-0034775",544,-0.0044098328157446,0.0224529066051071,-0.000400893892340418,"Christian Kirk","JAX","WR",2024
"1709","00-0036223",869,-0.00441789724430782,0.0224826920375717,-0.000401627022209802,"Jonathan Taylor","IND","RB",2024
"1710","00-0036220",866,-0.00442665653136053,0.0244817839905253,-0.000402423321032776,"Derrick Brown","CAR","DL",2024
"1711","00-0039365",1919,-0.00442861512725765,0.0227273314881181,-0.000402601375205241,"Jacob Cowing","SF","WR",2024
"1712","00-0032950",229,-0.00443908416840759,0.0232051874850091,-0.000403553106218872,"Carson Wentz","KC","QB",2024
"1713","00-0037746",1443,-0.00444232612596634,0.0231506967919187,-0.000403847829633303,"Brian Robinson","WAS","RB",2024
"1714","00-0031381",102,-0.00446117432479391,0.0229719544478307,-0.000405561302253992,"Davante Adams","NYJ","WR",2024
"1715","00-0037459",1373,-0.00446298710737183,0.0231047774417266,-0.000405726100670166,"Kurt Hinish","HOU","DL",2024
"1716","00-0034994",612,-0.00448801716783708,0.0235321214667362,-0.000408001560712462,"Oli Udoh","NO","OL",2024
"1717","00-0034281",442,-0.00449184519797689,0.0239926798982089,-0.000408349563452445,"Bradley Bozeman","LAC","OL",2024
"1718","00-0037607",1410,-0.00449728763579061,0.0234477600985593,-0.000408844330526419,"Ryan Stonehouse","TEN","P",2024
"1719","00-0038098",1503,-0.00449838212705053,0.0232434956735606,-0.000408943829731866,"Pierre Strong","CLE","RB",2024
"1720","00-0036833",1093,-0.00449928555474951,0.0225804798375432,-0.000409025959522682,"Ryan Neuzil","ATL","OL",2024
"1721","00-0031411",105,-0.0045133346908389,0.0242407036242726,-0.000410303153712628,"Demarcus Lawrence","DAL","DL",2024
"1722","00-0036876",1109,-0.00452292361416671,0.0222725919467038,-0.000411174874015155,"Kylen Granson","IND","TE",2024
"1723","00-0033878",361,-0.00452581363457474,0.0236736187716224,-0.000411437603143158,"Adoree' Jackson","NYG","DB",2024
"1724","00-0039921",2186,-0.00453448033318185,0.0240584005969983,-0.000412225484834714,"Trey Benson","ARI","RB",2024
"1725","00-0039824",2105,-0.00456065529500383,0.0231876277987901,-0.00041460502681853,"Jared Wiley","KC","TE",2024
"1726","00-0035239",662,-0.00457241383459375,0.0223323880101144,-0.000415673984963068,"Sean Murphy-Bunting","ARI","DB",2024
"1727","00-0034419",490,-0.00457263240361523,0.024011536126132,-0.000415693854874112,"Braxton Berrios","MIA","WR",2024
"1728","00-0036981",1184,-0.00457929590387539,0.0237738966095054,-0.000416299627625035,"Christian Barmore","NE","DL",2024
"1729","00-0039051",1809,-0.00459344717278969,0.0229847049710903,-0.000417586106617244,"Josh Hayes","TB","DB",2024
"1730","00-0036648",1062,-0.00459575386770176,0.023895641709307,-0.000417795806154706,"Nick Niemann","LAC","LB",2024
"1731","00-0028924",32,-0.00460118063476357,0.0233948676593,-0.00041828914861487,"Tashaun Gipson","SF","DB",2024
"1732","00-0037813",1461,-0.00461423753954123,0.0226940805435343,-0.000419476139958294,"Channing Tindall","MIA","LB",2024
"1733","00-0038558",1614,-0.00461542160574009,0.02189348529101,-0.000419583782340009,"Darnell Washington","PIT","TE",2024
"1734","00-0036411",979,-0.00461582850615724,0.0229866870776824,-0.000419620773287022,"Antoine Winfield Jr.","TB","DB",2024
"1735","00-0034941",591,-0.00464277063306352,0.0237468243301413,-0.000422070057551229,"Mitch Wishnowsky","SF","P",2024
"1736","00-0039054",1812,-0.00464912407419439,0.0228064127862604,-0.000422647643108581,"Marte Mapu","NE","LB",2024
"1737","00-0037812",1460,-0.00465247150641964,0.0229068775968063,-0.000422951955129059,"Abraham Lucas","SEA","OL",2024
"1738","00-0034485",502,-0.00465874749853605,0.0220187703942397,-0.000423522499866914,"Jonathan Owens","CHI","DB",2024
"1739","00-0039749",2064,-0.00466485715283308,0.0228722738562339,-0.000424077922984826,"Tyler Davis","LA","DL",2024
"1740","00-0028872",30,-0.00468183517080806,0.0238225066325239,-0.000425621379164369,"Johnny Hekker","CAR","P",2024
"1741","00-0036214",862,-0.0047137991087229,0.024345058095143,-0.000428527191702082,"Tyre Phillips","NYG","OL",2024
"1742","00-0034177",424,-0.00471543663896849,0.0243417125769248,-0.000428676058088045,"Tim Boyle","NYG","QB",2024
"1743","00-0033303",285,-0.00472069080726397,0.0242597795082226,-0.00042915370975127,"Harrison Butker","KC","K",2024
"1744","00-0035961",815,-0.00472204775917276,0.0230131009854773,-0.000429277069015706,"Krys Barnes","ARI","LB",2024
"1745","00-0037525",1386,-0.00472480457611823,0.0224146641831349,-0.000429527688738021,"Jordan Mason","SF","RB",2024
"1746","00-0027872",17,-0.00473306137766177,0.0226603104897164,-0.000430278307060161,"Kareem Jackson","BUF","DB",2024
"1747","00-0033512",303,-0.00474629533311967,0.0229810723856003,-0.00043148139391997,"Damontae Kazee","PIT","DB",2024
"1748","00-0032109",154,-0.00474656267975305,0.0239431893679171,-0.000431505698159368,"Kwon Alexander","DET","LB",2024
"1749","00-0038821",1740,-0.0047703327672232,0.0230174664398256,-0.000433666615202109,"Rakim Jarrett","TB","WR",2024
"1750","00-0033063",244,-0.00477936517226897,0.0236225068694926,-0.000434487742933543,"Zach Wood","NO","LS",2024
"1751","00-0039375",1929,-0.00478539926020005,0.0224381874308395,-0.000435036296381823,"Josh Newton","CIN","DB",2024
"1752","00-0032128",155,-0.00480696824476757,0.0223722669555019,-0.000436997113160688,"Chris Conley","SF","WR",2024
"1753","00-0038545",1601,-0.004816801742616,0.0220708885514236,-0.000437891067510545,"Mazi Smith","DAL","DL",2024
"1754","00-0031079",80,-0.00482116714945276,0.0239390243146078,-0.000438287922677524,"Pat O'Donnell","SF","P",2024
"1755","00-0032234",167,-0.00486864034555595,0.0223959876384203,-0.000442603667777814,"Laken Tomlinson","SEA","OL",2024
"1756","00-0038646",1685,-0.0048813413887118,0.0224565575074265,-0.000443758308064709,"Alex Austin","NE","DB",2024
"1757","00-0038764",1721,-0.0048850299412949,0.0241699981100869,-0.000444093631026809,"Patrick O'Connell","SEA","LB",2024
"1758","00-0033860",349,-0.00490102782571158,0.0233622184547525,-0.000445547984155599,"Davon Godchaux","NE","DL",2024
"1759","00-0039050",1808,-0.00491077335468772,0.0238347205179018,-0.000446433941335247,"Payne Durham","TB","TE",2024
"1760","00-0033907",381,-0.00492496318781343,0.0226011023583676,-0.000447723926164857,"Dawuane Smoot","BUF","DL",2024
"1761","00-0039833",2114,-0.00492928250178777,0.0237622665880976,-0.000448116591071616,"C.J. Hanson","KC","OL",2024
"1762","00-0039882",2154,-0.00493046942810084,0.0241801735108966,-0.000448224493463713,"Tylan Grable","BUF","OL",2024
"1763","00-0038640",1680,-0.00495691961697845,0.0215154147076776,-0.00045062905608895,"Jalen Brooks","DAL","WR",2024
"1764","00-0038567",1620,-0.00495836034547049,0.0238497364584772,-0.000450760031406408,"Chad Ryland","ARI","K",2024
"1765","00-0030431",66,-0.00496158335616906,0.0215768170542722,-0.000451053032379005,"Robert Woods","HOU","WR",2024
"1766","00-0036139",839,-0.00498926915188191,0.0231694604508117,-0.000453569922898355,"Rico Dowdle","DAL","RB",2024
"1767","00-0038852",1746,-0.00500592893961795,0.0230805882042731,-0.000455084449056178,"John Ojukwu","TEN","OL",2024
"1768","00-0036625",1044,-0.00500839031938756,0.0215950817708354,-0.000455308210853414,"Benjamin St-Juste","WAS","DB",2024
"1769","00-0034161",420,-0.00503607133283208,0.0228660891413924,-0.000457824666621098,"Daniel Carlson","LV","K",2024
"1770","00-0034417",488,-0.00504038488018311,0.022076396185496,-0.000458216807289373,"Matt Pryor","CHI","OL",2024
"1771","00-0039822",2104,-0.00504934335520783,0.0233411241437691,-0.000459031214109803,"Kiran Amegadjie","CHI","OL",2024
"1772","00-0036614",1033,-0.00505310836650708,0.0222537229599123,-0.00045937348786428,"Jamin Davis","NYJ","LB",2024
"1773","00-0037743",1440,-0.00506351909843113,0.0236793232516545,-0.000460319918039194,"Daxton Hill","CIN","DB",2024
"1774","00-0031550",114,-0.00507142600087751,0.022974757501212,-0.000461038727352501,"Shaq Thompson","CAR","LB",2024
"1775","00-0032388",180,-0.0050751062494596,0.0238177034234387,-0.000461373295405418,"Deion Jones","TB","LB",2024
"1776","00-0039346",1901,-0.00509284205026812,0.0241015894581824,-0.000462985640933466,"Junior Colson","LAC","LB",2024
"1777","00-0023459",1,-0.00509434382228044,0.023468503993484,-0.000463122165661858,"Aaron Rodgers","NYJ","QB",2024
"1778","00-0037387",1357,-0.00510967062035493,0.0236110907657447,-0.000464515510941357,"Jalen Virgil","BUF","WR",2024
"1779","00-0038550",1606,-0.00512249397389287,0.0233958203892041,-0.000465681270353897,"Hendon Hooker","DET","QB",2024
"1780","00-0031938",144,-0.00512368137316038,0.0237139040274791,-0.000465789215741853,"Carl Davis","WAS","DL",2024
"1781","00-0034780",548,-0.00512872603840438,0.022751412666611,-0.000466247821673125,"Isaac Yiadom","SF","DB",2024
"1782","00-0037594",1404,-0.00515872997833227,0.0235533617604418,-0.000468975452575661,"Julius Chestnut","TEN","RB",2024
"1783","00-0035255",674,-0.00516491665339357,0.0229135413488438,-0.000469537877581234,"Kendall Sheffield","NYJ","DB",2024
"1784","00-0039457",1984,-0.00517270302788471,0.0228403394870535,-0.000470245729807701,"Jacoby Windmon","CAR","LB",2024
"1785","00-0035000",614,-0.00517955065819091,0.0225514863331859,-0.000470868241653719,"Quinton Bell","MIA","LB",2024
"1786","00-0037823",1470,-0.00520324038359277,0.023180035888207,-0.000473021853053888,"Christian Harris","HOU","LB",2024
"1787","00-0039825",2106,-0.00520635250700715,0.0219731864283271,-0.000473304773364287,"Jaden Hicks","KC","DB",2024
"1788","00-0039150",1850,-0.00521174477469427,0.0225187731340398,-0.000473794979517661,"Bryce Young","CAR","QB",2024
"1789","00-0034777",545,-0.00522603879807195,0.0242214060560605,-0.000475094436188359,"DJ Chark","LAC","WR",2024
"1790","00-0038107",1512,-0.00524505251776012,0.0221082260385156,-0.000476822956160011,"Micheal Clemons","NYJ","DL",2024
"1791","00-0039345",1900,-0.0052619323454739,0.0228232811930564,-0.000478357485952172,"Renardo Green","SF","DB",2024
"1792","00-0033702",334,-0.00527169897420978,0.0234248763815568,-0.000479245361291798,"Younghoe Koo","ATL","K",2024
"1793","00-0027973",24,-0.00527728636784285,0.0234956420536116,-0.000479753306167532,"Andy Dalton","CAR","QB",2024
"1794","00-0037235",1267,-0.00530329084250451,0.022153366214883,-0.000482117349318592,"Travon Walker","JAX","DL",2024
"1795","00-0028171",26,-0.00530778292607113,0.0237074098116747,-0.000482525720551921,"Lawrence Guy","CIN","DL",2024
"1796","00-0035602",727,-0.00531862341859228,0.0235723037730771,-0.000483511219872025,"Alex Bachman","LV","WR",2024
"1797","00-0038094",1499,-0.00533106278475691,0.0230511641931885,-0.000484642071341537,"Jordan Stout","BAL","P",2024
"1798","00-0036557",1019,-0.00536897884663915,0.0229843244838558,-0.000488088986058104,"Jaylon Moore","SF","OL",2024
"1799","00-0032971",233,-0.00539944949230052,0.0222243700533612,-0.000490859044754593,"Justin Simmons","ATL","DB",2024
"1800","00-0033576",323,-0.00541143982760514,0.0225234089947469,-0.00049194907523683,"Eric Saubert","SF","TE",2024
"1801","00-0038102",1507,-0.0054445933672395,0.0232331720244099,-0.000494963033385409,"Kenny Pickett","PHI","QB",2024
"1802","00-0036105",833,-0.0054470899196111,0.0228720686243819,-0.000495189992691918,"Nick Leverett","ARI","OL",2024
"1803","00-0039847",2125,-0.00547400775714852,0.0219942826482667,-0.000497637068831684,"Theo Johnson","NYG","TE",2024
"1804","00-0034445",496,-0.00547853147549403,0.0239778981027973,-0.000498048315954003,"Nick Gates","PHI","OL",2024
"1805","00-0036977",1181,-0.00548086354414237,0.0237510266111275,-0.000498260322194761,"Ben Cleveland","BAL","OL",2024
"1806","00-0036904",1128,-0.00548295180250922,0.0241611985789318,-0.000498450163864474,"Robert Rochell","GB","DB",2024
"1807","00-0036630",1049,-0.00549689090215826,0.0220456967851903,-0.00049971735474166,"Tylan Wallace","BAL","WR",2024
"1808","00-0034951",592,-0.00552301087739341,0.022191423569479,-0.000502091897944856,"Fred Johnson","PHI","OL",2024
"1809","00-0039145",1845,-0.0055372267900425,0.0230540699503713,-0.000503384253640227,"Joe Tippmann","NYJ","OL",2024
"1810","00-0038685",1702,-0.00554670313009246,0.0225876231641953,-0.000504245739099314,"Chris Brooks","GB","RB",2024
"1811","00-0039601",2015,-0.00555125869188424,0.0230828049320176,-0.000504659881080385,"Demani Richardson","CAR","DB",2024
"1812","00-0031296",93,-0.00557736609576248,0.0233508778373483,-0.000507033281432952,"C.J. Mosley","NYJ","LB",2024
"1813","00-0032688",209,-0.00563676026521395,0.0233728697145545,-0.000512432751383086,"Robbie Chosen","MIA","WR",2024
"1814","00-0039911",2177,-0.00565005809004319,0.0217412647522629,-0.000513641644549381,"Chop Robinson","MIA","LB",2024
"1815","00-0036637",1054,-0.00565912353987138,0.0215383445588005,-0.000514465776351943,"Noah Gray","KC","TE",2024
"1816","00-0037012",1209,-0.00566396677145671,0.0238256509807441,-0.000514906070132429,"Trey Lance","DAL","QB",2024
"1817","00-0036941",1154,-0.00566762508720893,0.0221312530415644,-0.000515238644291721,"Andre Cisco","JAX","DB",2024
"1818","00-0036866",1103,-0.00567062468903359,0.0238542540879913,-0.00051551133536669,"James Hudson","CLE","OL",2024
"1819","00-0038711",1708,-0.00569021055528256,0.0227551441809593,-0.000517291868662051,"Mohamoud Diabate","CLE","LB",2024
"1820","00-0034383",476,-0.00569233838652962,0.0228679512082271,-0.000517485307866329,"Dalton Schultz","HOU","TE",2024
"1821","00-0032053",148,-0.00570783102273588,0.0222685356178169,-0.000518893729339625,"Brandon Scherff","JAX","OL",2024
"1822","00-0033548",313,-0.00571328960059271,0.0232640577558621,-0.000519389963690247,"Chidobe Awuzie","TEN","DB",2024
"1823","00-0031299",95,-0.00574000248155844,0.0235210483837135,-0.000521818407414404,"Jordan Matthews","CAR","TE",2024
"1824","00-0033260",271,-0.00574017827587664,0.0231757166418313,-0.000521834388716058,"Thomas Hennessy","NYJ","LS",2024
"1825","00-0033292",280,-0.00574433316157285,0.0235809059695846,-0.000522212105597532,"Trent Taylor","SF","WR",2024
"1826","00-0038142",1537,-0.0057508770350656,0.0216707614081765,-0.000522807003187782,"David Ojabo","BAL","LB",2024
"1827","00-0039140",1840,-0.00575489267585696,0.0227673090672384,-0.000523172061441542,"Kelee Ringo","PHI","DB",2024
"1828","00-0038600",1651,-0.00575745255126498,0.0227027717867132,-0.000523404777387725,"Owen Pappoe","ARI","LB",2024
"1829","00-0030092",58,-0.00576179572706875,0.0242886354310629,-0.000523799611551704,"Sam Martin","BUF","P",2024
"1830","00-0039430",1974,-0.00576559176131277,0.0222667072384956,-0.000524144705573888,"James Williams","TEN","LB",2024
"1831","00-0034973",601,-0.00576617672293216,0.0221061327161516,-0.000524197883902924,"Maxx Crosby","LV","DL",2024
"1832","00-0036166",847,-0.00576645464449992,0.0230618081916814,-0.000524223149499993,"Dane Jackson","CAR","DB",2024
"1833","00-0032954",231,-0.00577092975827404,0.0231690515420972,-0.000524629978024913,"Isaac Seumalo","PIT","OL",2024
"1834","00-0039611",2018,-0.00583521985051394,0.0236503301322439,-0.000530474531864904,"Matthew Hayball","NO","P",2024
"1835","00-0036196",857,-0.00584157121025202,0.0238407807605099,-0.000531051928204729,"Gabe Davis","JAX","WR",2024
"1836","00-0039366",1920,-0.00584298992032359,0.0220969989754232,-0.000531180901847599,"Tarheeb Still","LAC","DB",2024
"1837","00-0031428",107,-0.0058453298331375,0.0239810024420191,-0.000531393621194318,"Allen Robinson","DET","WR",2024
"1838","00-0036306",916,-0.00584907415670047,0.0234399452830883,-0.000531734014245497,"Daniel Thomas","JAX","DB",2024
"1839","00-0034352",457,-0.0059269161579676,0.022601257775518,-0.000538810559815237,"Connor Williams","SEA","OL",2024
"1840","00-0034320",446,-0.00594988342472497,0.0234151365477395,-0.000540898493156816,"Kentavius Street","ATL","DL",2024
"1841","00-0035642",741,-0.00595280920335497,0.0221211201070069,-0.00054116447303227,"Josh Hines-Allen","JAX","DL",2024
"1842","00-0038559",1615,-0.00597850718687988,0.0227103834464707,-0.000543500653352716,"Michael Wilson","ARI","WR",2024
"1843","00-0032497",201,-0.00598333826834985,0.0236341674134451,-0.000543939842577259,"Reid Ferguson","BUF","LS",2024
"1844","00-0038103",1508,-0.00598629403970462,0.0240976669449684,-0.000544208549064056,"Cole Strange","NE","OL",2024
"1845","00-0033884",365,-0.00599727007378312,0.0229724550004384,-0.00054520637034392,"Tre'Davious White","BAL","DB",2024
"1846","00-0034073",408,-0.00599795638607895,0.0229392659076783,-0.000545268762370813,"Ross Dwelley","ATL","TE",2024
"1847","00-0039649",2031,-0.00601335044000446,0.0234951287455615,-0.000546668221818588,"Brayden Narveson","TEN","K",2024
"1848","00-0037461",1374,-0.00601664788181987,0.0217023306914555,-0.000546967989256352,"Tristin McCollum","PHI","DB",2024
"1849","00-0036272",894,-0.00601783489207888,0.0229760245846187,-0.000547075899279898,"Ben Bartch","SF","OL",2024
"1850","00-0036427",988,-0.00602939962113835,0.024167067269285,-0.000548127238285305,"Tyler Johnson","LA","WR",2024
"1851","00-0036293",907,-0.00605045369876659,0.0230009917309424,-0.000550041245342418,"Jeremy Chinn","WAS","DB",2024
"1852","00-0039898",2165,-0.00605646279493265,0.0230217443930845,-0.000550587526812059,"Mike Sainristil","WAS","DB",2024
"1853","00-0036258",885,-0.00607457250651761,0.0231686725674046,-0.000552233864228874,"Jonah Jackson","LA","OL",2024
"1854","00-0033854",346,-0.00610403864382049,0.0216864252766171,-0.000554912603983681,"Dare Ogunbowale","HOU","RB",2024
"1855","00-0036993",1194,-0.00612617585605183,0.0236036410881647,-0.000556925077822894,"Ifeatu Melifonwu","DET","DB",2024
"1856","00-0039586",2011,-0.00614377092453945,0.0233176312506479,-0.000558524629503586,"Tyrek Funderburk","TB","DB",2024
"1857","00-0036950",1161,-0.00614862343419011,0.0229613607018844,-0.000558965766744555,"Avery Williams","ATL","RB",2024
"1858","00-0037617",1419,-0.00614904014745876,0.0222045264227473,-0.000559003649768978,"Hassan Haskins","LAC","RB",2024
"1859","00-0039458",1985,-0.00615537151252391,0.0244221603508114,-0.000559579228411264,"Brenden Bates","CLE","TE",2024
"1860","00-0039379",1933,-0.00618971667079894,0.0230951821728854,-0.000562701515527176,"Jamari Thrash","CLE","WR",2024
"1861","00-0039743",2059,-0.00619604916837119,0.0233877389365364,-0.000563277197124653,"Jordan Jefferson","JAX","DL",2024
"1862","00-0036295",909,-0.00622092293180462,0.0236708308054216,-0.000565538448345875,"Matt Hennessy","SF","OL",2024
"1863","00-0037320",1339,-0.00622115051192203,0.0227111545891583,-0.000565559137447457,"Deane Leonard","LAC","DB",2024
"1864","00-0036502",1005,-0.00623458332798304,0.0223192779315197,-0.000566780302543913,"Jason Pinnock","NYG","DB",2024
"1865","00-0039851",2128,-0.00628956509878834,0.0219522476151746,-0.000571778645344395,"Drake Maye","NE","QB",2024
"1866","00-0038684",1701,-0.0063013125737048,0.0239313574246715,-0.000572846597609527,"Ethan Bonner","MIA","DB",2024
"1867","00-0033282",275,-0.00630957024816983,0.0232725273141614,-0.000573597295288167,"Curtis Samuel","BUF","WR",2024
"1868","00-0036193",855,-0.00630976833567627,0.0231839893915059,-0.000573615303243297,"Anfernee Jennings","NE","LB",2024
"1869","00-0036968",1173,-0.00631781285396433,0.0224298919234477,-0.000574346623087666,"Brady Christensen","CAR","OL",2024
"1870","00-0037348",1347,-0.00636190753779474,0.0227757027823202,-0.000578355230708613,"Tanner Conner","MIA","WR",2024
"1871","00-0031484",108,-0.00636791480581365,0.023061828035893,-0.000578901345983059,"Chris Manhertz","NYG","TE",2024
"1872","00-0033892",371,-0.00638244706806789,0.023453697600723,-0.000580222460733445,"Marcus Maye","LAC","DB",2024
"1873","00-0035632",735,-0.00638607943567246,0.022369113362077,-0.000580552675970224,"Amani Hooker","TEN","DB",2024
"1874","00-0031364",101,-0.00640235747782666,0.0226428238253417,-0.000582032497984242,"Jadeveon Clowney","CAR","LB",2024
"1875","00-0033697",332,-0.00640396509329024,0.0245625000349356,-0.000582178644844568,"Michael Davis","WAS","DB",2024
"1876","00-0039426",1972,-0.0064054429673632,0.024426958280522,-0.000582312997033018,"Matt Lee","CIN","OL",2024
"1877","00-0037096",1231,-0.00640562198494278,0.0223200090440653,-0.000582329271358435,"Elijah Hicks","CHI","DB",2024
"1878","00-0034377",473,-0.00643980547292201,0.0218600355797271,-0.000585436861174728,"Avonte Maddox","PHI","DB",2024
"1879","00-0037601",1406,-0.0064604622368834,0.0235586597130784,-0.000587314748807582,"Xavier Newman-Johnson","NYJ","OL",2024
"1880","00-0036273",895,-0.00646495353449249,0.023535792237663,-0.000587723048590227,"Jake Hanson","NYJ","OL",2024
"1881","00-0038937",1762,-0.00646613565238604,0.0228894551994322,-0.000587830513853276,"Zacch Pickens","CHI","DL",2024
"1882","00-0038643",1683,-0.00647382221383362,0.0228778522753083,-0.000588529292166693,"Brayden Willis","SF","TE",2024
"1883","00-0036182",851,-0.00647476875056777,0.0221782371708062,-0.000588615340960706,"Nick Westbrook-Ikhine","TEN","WR",2024
"1884","00-0036425",987,-0.00648119369701818,0.0227019017609226,-0.000589199427001653,"DeeJay Dallas","ARI","RB",2024
"1885","00-0039812",2095,-0.0065125154704272,0.0242957413549011,-0.000592046860947927,"Ty'Ron Hopper","GB","LB",2024
"1886","00-0035633",736,-0.00651472207134604,0.0220015962442659,-0.000592247461031459,"Corey Ballentine","GB","DB",2024
"1887","00-0038130",1531,-0.00651591538590223,0.0232184330138473,-0.00059235594417293,"Andrew Booth","DAL","DB",2024
"1888","00-0036854",1098,-0.00652573722539008,0.0228583298028237,-0.000593248838671826,"Evan McPherson","CIN","K",2024
"1889","00-0035145",637,-0.00653435125867322,0.0232674446543896,-0.000594031932606656,"Austin Seibert","WAS","K",2024
"1890","00-0027114",11,-0.0065475986731593,0.0242819666976505,-0.000595236243014481,"Thomas Morstead","NYJ","P",2024
"1891","00-0037129",1237,-0.00655027788385006,0.0226993658440488,-0.000595479807622732,"Josh Blackwell","CHI","DB",2024
"1892","00-0034721",529,-0.00656544568124077,0.023512692696577,-0.000596858698294615,"Corey Bojorquez","CLE","P",2024
"1893","00-0030098",60,-0.00656820766384855,0.023939855206291,-0.000597109787622596,"Dustin Hopkins","CLE","K",2024
"1894","00-0039543",2003,-0.00658008266424676,0.0226684796288078,-0.000598189333113342,"Ramel Keyton","LV","WR",2024
"1895","00-0038507",1588,-0.00660776479424343,0.0241273267438899,-0.000600705890385767,"Grant DuBose","MIA","WR",2024
"1896","00-0038998",1783,-0.00662545399520751,0.0246298618775424,-0.000602313999564319,"Jake Haener","NO","QB",2024
"1897","00-0039902",2169,-0.0066337607639046,0.0222554509330079,-0.000603069160354963,"Chris Braswell","TB","LB",2024
"1898","00-0039391",1943,-0.00668701996972425,0.0233620425702337,-0.000607910906338568,"Kimani Vidal","LAC","RB",2024
"1899","00-0037093",1229,-0.00669860579185666,0.0231631846375074,-0.00060896416289606,"Dareke Young","SEA","WR",2024
"1900","00-0038394",1550,-0.00672359817604334,0.0233824141515326,-0.000611236197822122,"Will Mallory","IND","TE",2024
"1901","00-0037304",1326,-0.00672615858726267,0.0229464402685827,-0.000611468962478424,"Connor Heyward","PIT","TE",2024
"1902","00-0038097",1502,-0.00673397240509803,0.0235665457054805,-0.000612179309554366,"Cade York","CIN","K",2024
"1903","00-0035713",782,-0.00677347216272174,0.0224239281815407,-0.000615770196611067,"Brian Burns","NYG","LB",2024
"1904","00-0037184",1247,-0.00680573454201279,0.0225209624481228,-0.000618703140182981,"Josh Ross","SEA","LB",2024
"1905","00-0037404",1360,-0.00683842911503783,0.0227637740266713,-0.000621675374094348,"Ryan Van Demark","BUF","OL",2024
"1906","00-0034350",455,-0.00684048794951814,0.0239629768817511,-0.000621862540865286,"Uchenna Nwosu","SEA","LB",2024
"1907","00-0038568",1621,-0.00684770849069997,0.0226281169119487,-0.000622518953699997,"Clark Phillips III","ATL","DB",2024
"1908","00-0037613",1415,-0.00689128470142003,0.0228630958446007,-0.000626480427401821,"Kenyon Green","HOU","OL",2024
"1909","00-0034869",587,-0.00689302639377712,0.0224384413262123,-0.000626638763070648,"Sam Darnold","MIN","QB",2024
"1910","00-0037307",1328,-0.00690422928840845,0.0225620167320304,-0.000627657208037132,"Ja'Sir Taylor","LAC","DB",2024
"1911","00-0035406",709,-0.00692025148179805,0.0227668438623541,-0.00062911377107255,"Lil'Jordan Humphrey","DEN","WR",2024
"1912","00-0038100",1505,-0.00692082098103574,0.0223173521589572,-0.000629165543730522,"Percy Butler","WAS","DB",2024
"1913","00-0035020",616,-0.00694160366133615,0.0231528844687933,-0.000631054878303287,"Demetrius Flannigan-Fowles","SF","LB",2024
"1914","00-0039732",2048,-0.00694595040156093,0.0226571859305392,-0.000631450036505539,"Bo Nix","DEN","QB",2024
"1915","00-0033290",279,-0.00699017837097769,0.0218319534217769,-0.000635470760997972,"Jermaine Eluemunor","NYG","OL",2024
"1916","00-0036356",946,-0.0069938391942564,0.0237889847001142,-0.000635803563114218,"Isaiah Simmons","NYG","LB",2024
"1917","00-0038853",1747,-0.00702353213924479,0.0218611846375858,-0.000638502921749526,"Otis Reese","TEN","LB",2024
"1918","00-0039000",1784,-0.00702883178725179,0.0225024749012599,-0.000638984707931981,"Deonte Banks","NYG","DB",2024
"1919","00-0036235",873,-0.00703928263659076,0.0224374460552771,-0.000639934785144614,"Shaquille Quarterman","LAC","LB",2024
"1920","00-0039340",1895,-0.00704241320133703,0.0228065306386057,-0.00064021938193973,"Laiatu Latu","IND","DL",2024
"1921","00-0039291",1876,-0.00704540551278282,0.0230806918961717,-0.000640491410252984,"Eric Watts","NYJ","DL",2024
"1922","00-0039578",2010,-0.00706668183181684,0.0227671503367685,-0.000642425621074258,"Dalton Tucker","IND","OL",2024
"1923","00-0032392",182,-0.00707592310619813,0.0228389341972989,-0.000643265736927103,"Austin Hooper","NE","TE",2024
"1924","00-0039834",2115,-0.00708907326070414,0.0212195524744372,-0.000644461205518558,"Kamren Kinchens","LA","DB",2024
"1925","00-0033857",347,-0.00715946359957933,0.0213803914898442,-0.000650860327234484,"JuJu Smith-Schuster","KC","WR",2024
"1926","00-0038513",1589,-0.00720702386501735,0.0229405156249315,-0.00065518398772885,"Cam Jones","KC","LB",2024
"1927","00-0039435",1976,-0.00723492245229215,0.022501339430469,-0.00065772022293565,"Tatum Bethune","SF","LB",2024
"1928","00-0031576",119,-0.00724449128638229,0.0228498468902352,-0.000658590116943845,"Za'Darius Smith","DET","DL",2024
"1929","00-0031740",132,-0.0072591740728219,0.0214297029358114,-0.000659924915711082,"Neville Hewitt","HOU","LB",2024
"1930","00-0036944",1157,-0.00726221605077874,0.022705704294903,-0.000660201459161703,"Jaycee Horn","CAR","DB",2024
"1931","00-0035021",617,-0.00726574335772124,0.0220867340490245,-0.000660522123429204,"Ashton Dulin","IND","WR",2024
"1932","00-0038383",1544,-0.00726646877991089,0.0229759273890563,-0.00066058807090099,"Andrew Vorhees","BAL","OL",2024
"1933","00-0039876",2148,-0.00726699023010003,0.0229776666329743,-0.000660635475463639,"Sedrick Van Pran-Granger","BUF","OL",2024
"1934","00-0039144",1844,-0.00729953652952102,0.0231766713211045,-0.000663594229956457,"Luke Musgrave","GB","TE",2024
"1935","00-0034091",409,-0.00730624774124256,0.0238241044172754,-0.00066420434011296,"George Odum","SF","DB",2024
"1936","00-0034773",543,-0.00731216487923022,0.0211416578717046,-0.000664742261748202,"Vita Vea","TB","DL",2024
"1937","00-0035117",628,-0.00732138186875263,0.023139810249412,-0.000665580169886603,"Lester Cotton","NE","OL",2024
"1938","00-0037799",1451,-0.00734330109837577,0.0222491055241758,-0.00066757282712507,"Dondrea Tillman","DEN","LB",2024
"1939","00-0036266",891,-0.0073608179441114,0.0220685309206902,-0.000669165267646491,"Jordan Elliott","SF","DL",2024
"1940","00-0034054",406,-0.00741775740026344,0.0235357065281059,-0.000674341581842131,"River Cracraft","MIA","WR",2024
"1941","00-0037086",1225,-0.00742556932685322,0.0230721331618291,-0.000675051756986657,"Grant Calcaterra","PHI","TE",2024
"1942","00-0036082",829,-0.00751636109833556,0.0241887326408308,-0.000683305554394142,"Liam McCullough","ATL","LS",2024
"1943","00-0039793",2084,-0.00751884507747283,0.0231270305043093,-0.000683531370679348,"AJ Barner","SEA","TE",2024
"1944","00-0036825",1092,-0.00753437883225919,0.0228648310325691,-0.000684943530205381,"Feleipe Franks","CAR","TE",2024
"1945","00-0035631",734,-0.00754664670467392,0.0210672503399548,-0.000686058791333993,"Drew Sample","CIN","TE",2024
"1946","00-0035269",680,-0.0075685189325195,0.0238161267929946,-0.000688047175683591,"Matt Gay","IND","K",2024
"1947","00-0029621",45,-0.00758395992163583,0.0247945009617351,-0.000689450901966894,"Greg Zuerlein","NYJ","K",2024
"1948","00-0031587",125,-0.00761285249962977,0.023671160758672,-0.000692077499966343,"Bobby McCain","MIN","DB",2024
"1949","00-0035637",738,-0.00762577815863039,0.0236203427044419,-0.00069325255987549,"Rock Ya-Sin","SF","DB",2024
"1950","00-0036596",1029,-0.0076400001300732,0.0233227447490083,-0.000694545466370291,"Robert Jones","MIA","OL",2024
"1951","00-0039052",1810,-0.00764082528524521,0.0230213201618175,-0.000694620480476837,"Trey Palmer","TB","WR",2024
"1952","00-0035669",755,-0.00765596189105869,0.0222963366537747,-0.00069599653555079,"Nick Scott","CAR","DB",2024
"1953","00-0037428",1365,-0.00766279915279035,0.0226115078452579,-0.000696618104799123,"Alec Anderson","BUF","OL",2024
"1954","00-0038498",1584,-0.00769554995252727,0.0226443854432601,-0.000699595450229752,"E.J. Jenkins","PHI","TE",2024
"1955","00-0029597",41,-0.00769968504920156,0.0231301901117643,-0.000699971368109233,"Justin Tucker","BAL","K",2024
"1956","00-0039920",2185,-0.00772655615083101,0.0246455477224398,-0.000702414195530092,"Malachi Corley","NYJ","WR",2024
"1957","00-0035243",665,-0.00773176684084228,0.0227048762282165,-0.000702887894622025,"Miles Sanders","CAR","RB",2024
"1958","00-0035142",635,-0.00774130581493908,0.0235513765298187,-0.000703755074085371,"Ugo Amadi","NO","DB",2024
"1959","00-0039235",1866,-0.00779407270705343,0.0222232989741621,-0.000708552064277584,"Sanoussi Kane","BAL","DB",2024
"1960","00-0038560",1616,-0.00782553792119914,0.0225089417760047,-0.000711412538290831,"Jordan Battle","CIN","DB",2024
"1961","00-0038601",1652,-0.0078638831720702,0.0226172881147426,-0.0007148984701882,"Asim Richards","DAL","OL",2024
"1962","00-0038046",1495,-0.00787471875771596,0.0226660345976158,-0.000715883523428723,"Charlie Kolar","BAL","TE",2024
"1963","00-0036869",1104,-0.00795257012012713,0.0232655293653023,-0.000722960920011557,"Dan Moore Jr.","PIT","OL",2024
"1964","00-0032434",193,-0.00799262744577282,0.0236167536422226,-0.000726602495070256,"Brandon Allen","SF","QB",2024
"1965","00-0039062",1816,-0.00801164486376757,0.0226787919035348,-0.000728331351251597,"Jonathan Mingo","DAL","WR",2024
"1966","00-0035240",663,-0.00803410367978561,0.0216067406504078,-0.000730373061798692,"Jahlani Tavai","NE","LB",2024
"1967","00-0037560",1396,-0.00804061786565738,0.024108575904865,-0.000730965260514307,"Chandler Wooten","CAR","LB",2024
"1968","00-0039402",1953,-0.0080415122491464,0.0237435034513767,-0.000731046568104218,"Jaden Crumedy","CAR","DL",2024
"1969","00-0032889",221,-0.00804608448849407,0.0218163662409342,-0.000731462226226734,"A'Shawn Robinson","CAR","DL",2024
"1970","00-0036396",970,-0.00804633694875452,0.0231650256211467,-0.000731485177159502,"Jack Driscoll","PHI","OL",2024
"1971","00-0036589",1027,-0.00804940393385917,0.0226447491557788,-0.000731763993987197,"Nick McCloud","SF","DB",2024
"1972","00-0039172",1861,-0.00805023296436505,0.0230443177924377,-0.000731839360396823,"Jake Bates","DET","K",2024
"1973","00-0036642",1057,-0.00807877268021899,0.0226286452086562,-0.000734433880019908,"Tedarrell Slaton","GB","DL",2024
"1974","00-0036564",1022,-0.0081082668643533,0.0226087969932008,-0.000737115169486664,"Talanoa Hufanga","SF","DB",2024
"1975","00-0036157",842,-0.00814930051474642,0.0233280135711949,-0.000740845501340584,"Kristian Welch","BAL","LB",2024
"1976","00-0035891",804,-0.00816439947167316,0.0237698514252735,-0.000742218133788469,"Cody White","SEA","WR",2024
"1977","00-0034342",449,-0.00816541243900882,0.0221469376638429,-0.000742310221728074,"Quenton Nelson","IND","OL",2024
"1978","00-0034371",468,-0.00817369595138719,0.0231150804840562,-0.000743063268307927,"Da'Shawn Hand","MIA","DL",2024
"1979","00-0036893",1119,-0.00818249915733159,0.0227410925570662,-0.000743863559757418,"Najee Harris","PIT","RB",2024
"1980","00-0036942",1155,-0.00820059185944684,0.0230140058119248,-0.000745508350858803,"Osa Odighizuwa","DAL","DL",2024
"1981","00-0035234",657,-0.00820978617740107,0.0225421046357672,-0.000746344197945552,"Tytus Howard","HOU","OL",2024
"1982","00-0035099",625,-0.00826948195501785,0.0241261025678043,-0.000751771086819804,"Khari Blasingame","PHI","RB",2024
"1983","00-0038562",1617,-0.00830945122290429,0.0236762064642219,-0.000755404656627663,"Jake Moody","SF","K",2024
"1984","00-0039164",1857,-0.00831414406199274,0.0233657975460806,-0.000755831278362976,"Anthony Richardson","IND","QB",2024
"1985","00-0039875",2147,-0.00835847892602137,0.0220706197050044,-0.000759861720547398,"Ray Davis","BUF","RB",2024
"1986","00-0039059",1814,-0.00838303025755743,0.0233409919527622,-0.000762093659777948,"Ethan Evans","LA","P",2024
"1987","00-0032378",172,-0.00839144950049734,0.023496141386129,-0.000762859045499758,"DeForest Buckner","IND","DL",2024
"1988","00-0033875",358,-0.00840089538462502,0.0234557532957732,-0.000763717762238639,"Haason Reddick","NYJ","LB",2024
"1989","00-0039889",2158,-0.00843583431967954,0.0229384247681671,-0.000766894029061776,"Maason Smith","JAX","DL",2024
"1990","00-0039736",2052,-0.00846245983279031,0.0224243609375508,-0.000769314530253665,"Matt Goncalves","IND","OL",2024
"1991","00-0033863",351,-0.00855072004353132,0.0231409484446346,-0.000777338185775575,"Dan Skipper","DET","OL",2024
"1992","00-0039790",2081,-0.00857053612419498,0.0218888876596296,-0.000779139647654089,"Olumuyiwa Fashanu","NYJ","OL",2024
"1993","00-0034803",560,-0.00857944977642779,0.0232995328771592,-0.000779949979675254,"Joe Noteboom","LA","OL",2024
"1994","00-0039890",2159,-0.00859016341269328,0.0228844094626331,-0.00078092394660848,"Adonai Mitchell","IND","WR",2024
"1995","00-0038792",1729,-0.00859751142162752,0.0229424178385825,-0.000781591947420684,"Demontrey Jacobs","NE","OL",2024
"1996","00-0039746",2062,-0.00863370732877749,0.0227822080580862,-0.000784882484434318,"Will Shipley","PHI","RB",2024
"1997","00-0036443",996,-0.00863485157001876,0.0230889224327055,-0.000784986506365342,"Rex Sunahara","CLE","LS",2024
"1998","00-0037112",1235,-0.00863958786540844,0.0225841236385941,-0.000785417078673494,"Jake Tonges","SF","TE",2024
"1999","00-0029263",36,-0.0086502887129074,0.0226987507981196,-0.000786389882991582,"Russell Wilson","PIT","QB",2024
"2000","00-0035413",712,-0.00870329725764778,0.0229496046916116,-0.000791208841604344,"Luke Gifford","TEN","LB",2024
"2001","00-0031690",130,-0.00870880792436887,0.0236061421774152,-0.000791709811306261,"Eric Tomlinson","LAC","TE",2024
"2002","00-0033455",298,-0.00871441897936229,0.024347574523636,-0.000792219907214754,"Anthony Firkser","KC","TE",2024
"2003","00-0036417",984,-0.00876404891479373,0.0224301575192518,-0.000796731719526702,"Damien Lewis","CAR","OL",2024
"2004","00-0039887",2156,-0.00884349367729244,0.0226590458228228,-0.000803953970662949,"Layden Robinson","NE","OL",2024
"2005","00-0038615",1663,-0.00885869331037173,0.0222649608615742,-0.000805335755488339,"Jarrett Patterson","HOU","OL",2024
"2006","00-0039901",2168,-0.00886196461873089,0.0225001381883797,-0.000805633147157353,"Keon Coleman","BUF","WR",2024
"2007","00-0039863",2139,-0.00888126213920967,0.0231105694004093,-0.000807387467200879,"Caedan Wallace","NE","OL",2024
"2008","00-0036162",845,-0.0088820212728429,0.0241036021038025,-0.000807456479349354,"Tyler Bass","BUF","K",2024
"2009","00-0036215",863,-0.0089378031689761,0.0231620017064962,-0.000812527560816009,"Danny Pinter","IND","OL",2024
"2010","00-0036996",1197,-0.00895345462573662,0.0232179860948008,-0.000813950420521511,"Greg Newsome II","CLE","DB",2024
"2011","00-0032141",158,-0.00896868733780023,0.022811227912674,-0.000815335212527293,"Geoff Swaim","CLE","TE",2024
"2012","00-0039874",2146,-0.00899028149666263,0.0225699603298693,-0.000817298317878421,"Jaylen Wright","MIA","RB",2024
"2013","00-0036885",1116,-0.00901857468483416,0.0238249334179877,-0.000819870425894015,"Tre Brown","SEA","DB",2024
"2014","00-0035942",812,-0.00902590654689827,0.0221129423534883,-0.000820536958808933,"Christian Rozeboom","LA","LB",2024
"2015","00-0034836",575,-0.00908680343651477,0.0235825333628881,-0.000826073039683161,"Braden Smith","IND","OL",2024
"2016","00-0038122",1524,-0.00909841809431436,0.0222301054029725,-0.000827128917664942,"Desmond Ridder","LV","QB",2024
"2017","00-0035084",623,-0.0091342424122951,0.0238025417302173,-0.000830385673845009,"Yosh Nijman","CAR","OL",2024
"2018","00-0035857",799,-0.00914262731778258,0.0231548843639428,-0.000831147937980235,"Chris Williams","CHI","DL",2024
"2019","00-0034359",462,-0.00916234831776313,0.0227982246042749,-0.000832940756160285,"Tyquan Lewis","IND","DL",2024
"2020","00-0032380",174,-0.00917014377986575,0.0234969025568781,-0.00083364943453325,"Laremy Tunsil","HOU","OL",2024
"2021","00-0031402",103,-0.00918731292935314,0.0231884072384464,-0.000835210266304831,"Zack Martin","DAL","OL",2024
"2022","00-0036369",954,-0.0091926413441912,0.022604931528781,-0.000835694667653745,"John Simpson","NYJ","OL",2024
"2023","00-0036268",893,-0.00925469684530957,0.024343681719855,-0.000841336076846324,"Laviska Shenault Jr.","LAC","WR",2024
"2024","00-0036930",1146,-0.00928025907898334,0.0224595910439972,-0.000843659916271212,"Landon Young","NO","OL",2024
"2025","00-0036813",1090,-0.00929444452109032,0.0225366920886702,-0.000844949501917302,"Christian Elliss","NE","LB",2024
"2026","00-0037322",1340,-0.00932786139991889,0.0223131864376897,-0.000847987399992626,"Thayer Munford Jr.","LV","OL",2024
"2027","00-0035341",698,-0.00934317403005671,0.0236243215116987,-0.000849379457277883,"Trenton Irwin","CAR","WR",2024
"2028","00-0033199",266,-0.00934439545452679,0.0228232847109023,-0.000849490495866071,"Taybor Pepper","SF","LS",2024
"2029","00-0034972",600,-0.00936845175445693,0.021821299198099,-0.000851677432223357,"Alexander Mattison","LV","RB",2024
"2030","00-0033752",337,-0.00937167502777037,0.0232535134823805,-0.000851970457070033,"Storm Norton","ATL","OL",2024
"2031","00-0039821",2103,-0.00937286828907818,0.0221722330556313,-0.000852078935370744,"Andru Phillips","NYG","DB",2024
"2032","00-0037252",1284,-0.00940064150450415,0.0235993126194513,-0.000854603773136741,"Greg Dulcich","NYG","TE",2024
"2033","00-0039163",1856,-0.00940219985056225,0.0220910639716381,-0.000854745440960204,"C.J. Stroud","HOU","QB",2024
"2034","00-0035617",728,-0.00941562897663579,0.0223103115730375,-0.000855966270603253,"Troy Reeder","LA","LB",2024
"2035","00-0036646",1061,-0.00946277962088234,0.0231874167339947,-0.000860252692807486,"Simi Fehoko","LAC","WR",2024
"2036","00-0035382",706,-0.00951677523613074,0.023896928929167,-0.000865161385102795,"Ryan Bates","CHI","OL",2024
"2037","00-0039879",2151,-0.00952523856301062,0.0230115213684406,-0.000865930778455511,"Javon Solomon","BUF","DL",2024
"2038","00-0032164",161,-0.00953517166460649,0.0220824063851939,-0.000866833787691499,"Arik Armstead","JAX","DL",2024
"2039","00-0038982",1775,-0.00958214677112941,0.0225170326627144,-0.000871104251920855,"Chamarri Conner","KC","DB",2024
"2040","00-0039133",1835,-0.00960638604834491,0.0237570572375551,-0.00087330782257681,"Cam Smith","MIA","DB",2024
"2041","00-0037839",1483,-0.00961536276539344,0.0217743226162782,-0.00087412388776304,"Cobie Durant","LA","DB",2024
"2042","00-0034114",412,-0.00964489312881968,0.0220261545601831,-0.000876808466256335,"Coleman Shelton","CHI","OL",2024
"2043","00-0032918",224,-0.0097276318947635,0.0215363171434566,-0.000884330172251227,"C.J. Ham","MIN","RB",2024
"2044","00-0037255",1287,-0.00975294746631243,0.0223053837751539,-0.000886631587846584,"Dylan Parham","LV","OL",2024
"2045","00-0033119",259,-0.00976135010760716,0.0227726447866665,-0.000887395464327924,"Jacoby Brissett","NE","QB",2024
"2046","00-0036973",1177,-0.00978814007591375,0.0227275771053841,-0.000889830915992159,"Travis Etienne","JAX","RB",2024
"2047","00-0033784",342,-0.00981925828684348,0.0217052381696901,-0.000892659844258499,"Eddie Jackson","LAC","DB",2024
"2048","00-0032803",220,-0.00982319315296898,0.0232195413683666,-0.000893017559360816,"Jalen Mills","NYJ","DB",2024
"2049","00-0037004",1204,-0.0098435206803604,0.0223976473235015,-0.0008948655163964,"Hunter Long","LA","TE",2024
"2050","00-0037493",1379,-0.0098915069528781,0.0224753443897994,-0.0008992279048071,"Mike Brown","TEN","DB",2024
"2051","00-0031785",134,-0.00989518753602593,0.0230119545686846,-0.000899562503275084,"Troy Hill","TB","DB",2024
"2052","00-0039731",2047,-0.00993653208482579,0.023149139576604,-0.000903321098620526,"JC Latham","TEN","OL",2024
"2053","00-0034968",598,-0.0100078910048082,0.0224540068966092,-0.000909808273164383,"Darnell Savage","JAX","DB",2024
"2054","00-0035289",688,-0.0100304419962364,0.0225570263021713,-0.000911858363294214,"Gardner Minshew","LV","QB",2024
"2055","00-0036159",844,-0.0100357594811874,0.022823266101329,-0.000912341771017032,"Joshua Uche","KC","LB",2024
"2056","00-0037281",1309,-0.0100872401406748,0.0232988604067004,-0.000917021830970435,"Damone Clark","DAL","LB",2024
"2057","00-0034360",463,-0.0101404247372893,0.0226180160019033,-0.000921856794299024,"Lorenzo Carter","ATL","LB",2024
"2058","00-0039350",1905,-0.010159902022443,0.0240086753032619,-0.000923627456585728,"Zak Zinter","CLE","OL",2024
"2059","00-0036972",1176,-0.010170006903731,0.0225537330574806,-0.000924546082157364,"Mac Jones","JAX","QB",2024
"2060","00-0036619",1038,-0.0101721933316561,0.0222182054817,-0.000924744848332373,"Dillon Radunz","TEN","OL",2024
"2061","00-0033045",239,-0.0102387131047373,0.0232252127530547,-0.000930792100430663,"Ezekiel Elliott","LAC","RB",2024
"2062","00-0033925",389,-0.0102905830202108,0.0236806385535992,-0.000935507547291891,"D'Onta Foreman","CLE","RB",2024
"2063","00-0039325",1890,-0.0102984432535869,0.0230182261883154,-0.000936222113962442,"Carson Steele","KC","RB",2024
"2064","00-0039924",2187,-0.0103188976310649,0.0226167055231831,-0.000938081602824082,"Dallas Turner","MIN","LB",2024
"2065","00-0035279",686,-0.0103260207668789,0.0228279178028321,-0.000938729160625357,"Charles Omenihu","KC","DL",2024
"2066","00-0032065",149,-0.0103264599073203,0.0236892907924488,-0.000938769082483668,"Bradley Pinion","ATL","P",2024
"2067","00-0033579",324,-0.0103268280517773,0.0220487352525343,-0.000938802550161568,"Xavier Woods","CAR","DB",2024
"2068","00-0036875",1108,-0.0103724807093306,0.021860803715796,-0.000942952791757331,"Rhamondre Stevenson","NE","RB",2024
"2069","00-0035216",650,-0.0103768007785819,0.0234737600364999,-0.000943345525325631,"Diontae Johnson","HOU","WR",2024
"2070","00-0039436",1977,-0.0103922171963292,0.0220352487062264,-0.000944747017848112,"Jaylen Harrell","TEN","LB",2024
"2071","00-0033995",404,-0.0104228158711325,0.0236930374489577,-0.000947528715557501,"Michael Dunn","CLE","OL",2024
"2072","00-0039893",2160,-0.010427443016296,0.0213909098213732,-0.000947949365117818,"Brian Thomas Jr.","JAX","WR",2024
"2073","00-0036249",879,-0.010460711883341,0.0234065090752349,-0.000950973807576457,"Julian Okwara","ARI","LB",2024
"2074","00-0039386",1939,-0.0104623425456004,0.0240289677681591,-0.000951122049600034,"Bub Means","NO","WR",2024
"2075","00-0039899",2166,-0.0105114384558934,0.0233323204704441,-0.000955585314172129,"Patrick Paul","MIA","OL",2024
"2076","00-0038488",1579,-0.0105967362659842,0.0241546801620244,-0.000963339660544018,"Brady Russell","SEA","TE",2024
"2077","00-0037091",1227,-0.0106467316957674,0.0232817431830511,-0.000967884699615217,"Bo Melton","GB","WR",2024
"2078","00-0037754",1446,-0.0106781093954611,0.0222799351550911,-0.000970737217769192,"Nicholas Petit-Frere","TEN","OL",2024
"2079","00-0036232",872,-0.0106918522406304,0.0225730662808063,-0.000971986567330041,"Harrison Bryant","LV","TE",2024
"2080","00-0035656",748,-0.0108130300797648,0.0235123803139855,-0.000983002734524072,"Khalen Saunders","NO","DL",2024
"2081","00-0033090",252,-0.0108346021415566,0.0222496114030189,-0.000984963831050603,"Hunter Henry","NE","TE",2024
"2082","00-0036361",949,-0.0108800117754671,0.0219165285005208,-0.000989091979587922,"Trevon Diggs","DAL","DB",2024
"2083","00-0034837",576,-0.0109145790500795,0.0227146295954577,-0.000992234459098134,"Calvin Ridley","TEN","WR",2024
"2084","00-0037809",1457,-0.0109188911148288,0.0238030855306248,-0.000992626464984441,"Chig Okonkwo","TEN","TE",2024
"2085","00-0039339",1894,-0.0109373063265063,0.0222232200546755,-0.000994300575136937,"Taliese Fuaga","NO","OL",2024
"2086","00-0034261",433,-0.0109897947160973,0.0238065540092314,-0.000999072246917934,"Austin Corbett","CAR","OL",2024
"2087","00-0036267",892,-0.0110110140903515,0.0237233684032916,-0.00100100128094105,"Jedrick Wills","CLE","OL",2024
"2088","00-0036905",1129,-0.0110386641419293,0.0239619769348209,-0.00100351492199357,"Larry Borom","CHI","OL",2024
"2089","00-0036354",944,-0.0110885815132269,0.0227072308151833,-0.00100805286483881,"Kyle Hinton","ATL","OL",2024
"2090","00-0035125",630,-0.0111393682670874,0.0219985525858567,-0.00101266984246249,"Alec Ingold","MIA","RB",2024
"2091","00-0037242",1274,-0.0111563068986617,0.0231492423096731,-0.00101420971806015,"Kaiir Elam","BUF","DB",2024
"2092","00-0036604",1031,-0.0112436799550915,0.0228594269217667,-0.00102215272319014,"Jordan Meredith","LV","OL",2024
"2093","00-0036313",919,-0.0112774340357872,0.0233315689314032,-0.00102522127598066,"Braden Mann","PHI","P",2024
"2094","00-0036881",1113,-0.0113275488236159,0.0234708188786588,-0.00102977716578326,"Jay Tufele","CIN","DL",2024
"2095","00-0037241",1273,-0.0113344358188549,0.0221550235366272,-0.00103040325625954,"Trevor Penning","NO","OL",2024
"2096","00-0034759",539,-0.0113367550445306,0.0223144344498705,-0.00103061409495732,"Kolton Miller","LV","OL",2024
"2097","00-0039792",2083,-0.0113738505562048,0.0242675675071664,-0.00103398641420044,"Devontez Walker","BAL","WR",2024
"2098","00-0033889",368,-0.0113957422067142,0.0218115694690374,-0.00103597656424675,"Cam Robinson","MIN","OL",2024
"2099","00-0039034",1800,-0.0113998848018278,0.0224481137739032,-0.00103635316380253,"Peter Skoronski","TEN","OL",2024
"2100","00-0034960",595,-0.0114304756133651,0.0232863621134355,-0.00103913414666956,"Jakobi Meyers","LV","WR",2024
"2101","00-0034251",432,-0.0115012073185475,0.0221530166700457,-0.00104556430168614,"Daniel Ekuale","NE","DL",2024
"2102","00-0039735",2051,-0.0115776418692431,0.0226386095410034,-0.00105251289720392,"Jackson Powers-Johnson","LV","OL",2024
"2103","00-0034145",416,-0.0116167970963883,0.0230903756437986,-0.00105607246330803,"Chris Lammons","IND","DB",2024
"2104","00-0033463",301,-0.0116634761227911,0.022648965161374,-0.00106031601116282,"Carl Lawson","DAL","DL",2024
"2105","00-0037327",1343,-0.0117153776395578,0.0242268740124475,-0.00106503433086889,"Skylar Thompson","MIA","QB",2024
"2106","00-0037229",1265,-0.0117156125890889,0.0225176495927321,-0.00106505568991717,"Ikem Ekwonu","CAR","OL",2024
"2107","00-0036429",990,-0.0117338078686435,0.0228913150780301,-0.00106670980624032,"Charlie Woerner","ATL","TE",2024
"2108","00-0038569",1622,-0.0118365159103556,0.0230622475730496,-0.00107604690094142,"Sidy Sow","NE","OL",2024
"2109","00-0038563",1618,-0.0118520328412013,0.0228035268100237,-0.0010774575310183,"Tre Tucker","LV","WR",2024
"2110","00-0038720",1711,-0.0118596572652067,0.0218509353830982,-0.00107815066047333,"Julian Hill","MIA","TE",2024
"2111","00-0035266",679,-0.011863637837482,0.0226552092807566,-0.00107851253068018,"Mike Jordan","GB","OL",2024
"2112","00-0034490",505,-0.0120365550115948,0.0228457871414293,-0.00109423227378135,"Ezekiel Turner","DET","LB",2024
"2113","00-0038119",1521,-0.0120571229221677,0.0236197148366013,-0.00109610208383343,"Jalyn Armour-Davis","BAL","DB",2024
"2114","00-0024243",3,-0.0121154367822689,0.0226136377573799,-0.00110140334384263,"Marcedes Lewis","CHI","TE",2024
"2115","00-0036615",1034,-0.0121370166055763,0.0221042190551667,-0.00110336514596148,"Caleb Farley","CAR","DB",2024
"2116","00-0033057",243,-0.0121838298946035,0.0228959690501886,-0.00110762089950941,"Jack Conklin","CLE","OL",2024
"2117","00-0034798",557,-0.0122942462795035,0.022757492382519,-0.00111765875268214,"Durham Smythe","MIA","TE",2024
"2118","00-0036187",853,-0.012408452895991,0.0222434573258824,-0.00112804117236281,"Reggie Gilliam","BUF","RB",2024
"2119","00-0038120",1522,-0.0124984260944625,0.0226025503833813,-0.00113622055404205,"Breece Hall","NYJ","RB",2024
"2120","00-0038596",1648,-0.0125055071996927,0.0225815767355499,-0.00113686429088115,"Antonio Johnson","JAX","DB",2024
"2121","00-0036040",825,-0.0125709865203543,0.0216845661612644,-0.00114281695639585,"Juwan Johnson","NO","TE",2024
"2122","00-0039349",1904,-0.0126231619880153,0.0218470046129593,-0.00114756018072867,"DJ Glaze","LV","OL",2024
"2123","00-0037614",1416,-0.0128433141440021,0.0238559945576817,-0.0011675740130911,"John Metchie III","HOU","WR",2024
"2124","00-0035277",684,-0.0128452114573572,0.021503106397566,-0.00116774649612338,"Mike Jackson","CAR","DB",2024
"2125","00-0039896",2163,-0.0128725500453055,0.0228986153305254,-0.0011702318223005,"Zach Frazier","PIT","OL",2024
"2126","00-0039918",2183,-0.0128738058897704,0.0245905706419463,-0.00117034598997913,"Caleb Williams","CHI","QB",2024
"2127","00-0032195",162,-0.0128840208411907,0.0226037492057326,-0.00117127462192642,"Ronald Darby","JAX","DB",2024
"2128","00-0035127",631,-0.0129433673520744,0.0212743588232717,-0.00117666975927949,"Andre James","LV","OL",2024
"2129","00-0033009",234,-0.0130395443499301,0.0216973191711181,-0.00118541312272092,"Tyler Boyd","TEN","WR",2024
"2130","00-0032384",177,-0.0130753161163329,0.0223512169575491,-0.00118866510148481,"Germain Ifedi","CLE","OL",2024
"2131","00-0035993",820,-0.0130852544682428,0.0233534743069952,-0.00118956858802207,"Tyler Huntley","MIA","QB",2024
"2132","00-0037612",1414,-0.0130868651264419,0.0228621885983172,-0.00118971501149472,"Evan Neal","NYG","OL",2024
"2133","00-0037807",1455,-0.0130925379660518,0.0242596097870139,-0.00119023072418653,"Joshua Ezeudu","NYG","OL",2024
"2134","00-0039696",2039,-0.0131153843494617,0.0231069642489033,-0.00119230766813289,"Evan Anderson","SF","DL",2024
"2135","00-0038710",1707,-0.0131471527861474,0.0234797553424958,-0.00119519570783158,"Blake Whiteheart","CLE","TE",2024
"2136","00-0033662",330,-0.0131696948105519,0.0228676183707075,-0.00119724498277744,"Cooper Rush","DAL","QB",2024
"2137","00-0035704",777,-0.013178865465888,0.0230963029955578,-0.00119807867871709,"Drew Lock","NYG","QB",2024
"2138","00-0037587",1401,-0.013186164579149,0.0218412564511837,-0.00119874223446809,"Nate Landman","ATL","LB",2024
"2139","00-0036590",1028,-0.0132896421820879,0.0226389037485707,-0.00120814928928072,"Quintin Morris","BUF","TE",2024
"2140","00-0035567",723,-0.0133294965951807,0.0234691634221907,-0.0012117724177437,"Craig Reynolds","DET","RB",2024
"2141","00-0031585",124,-0.0134698106033547,0.0228867533738298,-0.00122452823666861,"MyCole Pruitt","PIT","TE",2024
"2142","00-0036275",897,-0.0138687109544576,0.0218082175580806,-0.00126079190495069,"D'Andre Swift","CHI","RB",2024
"2143","00-0038738",1717,-0.0138825881933175,0.0226908262362891,-0.00126205347211977,"Hunter Luepke","DAL","RB",2024
"2144","00-0039014",1793,-0.0139557511803765,0.0226954264729741,-0.0012687046527615,"Dawand Jones","CLE","OL",2024
"2145","00-0038583",1635,-0.0141412846669725,0.0238181387314544,-0.00128557133336113,"Dorian Thompson-Robinson","CLE","QB",2024
"2146","00-0036171",848,-0.0142946383757847,0.0229892960105096,-0.00129951257961679,"Aaron Brewer","MIA","OL",2024
"2147","00-0036407",975,-0.0142971131925431,0.0231647177263603,-0.00129973756295847,"Jerry Jeudy","CLE","WR",2024
"2148","00-0039907",2174,-0.0143532574430464,0.0223291316896587,-0.00130484158573149,"Ja'Lynn Polk","NE","WR",2024
"2149","00-0033439",296,-0.014357611955243,0.0231615402367596,-0.00130523745047664,"Pharaoh Brown","SEA","TE",2024
"2150","00-0036198",858,-0.0143713521481274,0.0232857690870347,-0.00130648655892068,"Mike Onwenu","NE","OL",2024
"2151","00-0036231",871,-0.0143893401843976,0.0224228202953951,-0.00130812183494524,"Kyle Dugger","NE","DB",2024
"2152","00-0036391",966,-0.0143971303421784,0.0231492657496656,-0.00130883003110713,"Lloyd Cushenberry III","TEN","OL",2024
"2153","00-0038115",1517,-0.0144895490434158,0.0220359285844021,-0.00131723173121962,"Daniel Bellinger","NYG","TE",2024
"2154","00-0037198",1256,-0.0147643246917863,0.0210663887420886,-0.00134221133561694,"Nazeeh Johnson","KC","DB",2024
"2155","00-0036246",877,-0.0148477398679766,0.0224311892427473,-0.00134979453345242,"Jon Runyan","NYG","OL",2024
"2156","00-0033011",236,-0.0148791722403118,0.0230410231070458,-0.00135265202184653,"Connor McGovern","NYJ","OL",2024
"2157","00-0033537",308,-0.0148805407353688,0.0233820620591625,-0.00135277643048807,"Deshaun Watson","CLE","QB",2024
"2158","00-0032416",190,-0.0149404320626979,0.0232137924242105,-0.0013582210966089,"Quinton Jefferson","BUF","DL",2024
"2159","00-0039348",1903,-0.0149433470585128,0.022409766632463,-0.00135848609622843,"Cooper Beebe","DAL","OL",2024
"2160","00-0037666",1431,-0.0150192990657581,0.022345865369356,-0.00136539082415983,"Jalen Tolbert","DAL","WR",2024
"2161","00-0029685",46,-0.0150668471188855,0.0220389919739545,-0.00136971337444413,"Greg Van Roten","NYG","OL",2024
"2162","00-0036036",823,-0.0152149937444963,0.0232786862249567,-0.00138318124949967,"Terence Steele","DAL","OL",2024
"2163","00-0036953",1163,-0.0154063701684929,0.0223899672529995,-0.00140057910622662,"Teven Jenkins","CHI","OL",2024
"2164","00-0038041",1492,-0.015445037662091,0.0221841344056535,-0.00140409433291736,"Jake Ferguson","DAL","TE",2024
"2165","00-0034834",574,-0.0156629434197753,0.0226509978833776,-0.0014239039472523,"Sam Hubbard","CIN","DL",2024
"2166","00-0039337",1892,-0.0157549768278933,0.0232274788450719,-0.00143227062071758,"Malik Nabers","NYG","WR",2024
"2167","00-0035718",784,-0.0161981745635227,0.0230216745135172,-0.00147256132395661,"Quinnen Williams","NYJ","DL",2024
"2168","00-0037244",1276,-0.0162253644588412,0.0237003778864449,-0.00147503313262193,"Devin Lloyd","JAX","LB",2024
"2169","00-0038625",1672,-0.0162292780426509,0.0228701172433708,-0.00147538891296826,"Dee Winters","SF","LB",2024
"2170","00-0038794",1730,-0.0164222385386249,0.0229726610789687,-0.00149293077623862,"Jaleel McLaughlin","DEN","RB",2024
"2171","00-0036325",926,-0.0164525439373022,0.0223287927858076,-0.00149568581248202,"Robert Hunt","CAR","OL",2024
"2172","00-0033895",374,-0.0164734622124436,0.022456018128457,-0.00149758747385851,"Gerald Everett","CHI","TE",2024
"2173","00-0035261",676,-0.0166774451791387,0.0219629968062372,-0.0015161313799217,"Tony Pollard","TEN","RB",2024
"2174","00-0039338",1893,-0.0168156583763093,0.0238297075798184,-0.00152869621602812,"Brock Bowers","LV","TE",2024
"2175","00-0039152",1852,-0.0169299788166274,0.0225216511488037,-0.00153908898332977,"Will Levis","TEN","QB",2024
"2176","00-0034248",431,-0.0176925985192355,0.0237307681663433,-0.00160841804720323,"Elijah Campbell","MIA","DB",2024
"2177","00-0038618",1666,-0.0180370308655305,0.0228011513938268,-0.00163973007868459,"Xavier Hutchinson","HOU","WR",2024
"2178","00-0033948",399,-0.0180405140727556,0.0227902310847436,-0.00164004673388688,"Jamaal Williams","NO","RB",2024
"2179","00-0034418",489,-0.0183825400228267,0.0229360295408852,-0.00167114000207515,"Cedrick Wilson Jr.","NO","WR",2024
"2180","00-0030063",55,-0.0184886512832987,0.0237921228075132,-0.00168078648029988,"Johnathan Hankins","SEA","DL",2024
"2181","00-0036248",878,-0.0185388770146687,0.0231501342449989,-0.00168535245587897,"Austin Jackson","MIA","OL",2024
"2182","00-0033217",267,-0.0188883391157177,0.0221714053904279,-0.00171712173779252,"Mo Alie-Cox","IND","TE",2024
"2183","00-0034357",461,-0.0199375938612148,0.0226482350672052,-0.00181250853283771,"Isaiah Oliver","NYJ","DB",2024
"2184","00-0034487",503,-0.0199997765826735,0.0230941128821736,-0.00181816150751577,"Trent Sherfield","MIN","WR",2024
"2185","00-0037313",1332,-0.0208234539061257,0.0224319162073585,-0.00189304126419324,"Montaric Brown","JAX","DB",2024
"2186","00-0039019",1795,-0.0213593290724947,0.0235412196030811,-0.00194175718840861,"John Michael Schmitz","NYG","OL",2024
"2187","00-0034399",484,-0.0216269671242074,0.02254448745714,-0.0019660879203825,"Wyatt Teller","CLE","OL",2024
"2188","00-0039376",1930,-0.021686467790079,0.0226398635466254,-0.00197149707182536,"Spencer Rattler","NO","QB",2024
"2189","00-0036980",1183,-0.0222948340961769,0.0232262650957655,-0.00202680309965245,"Elijah Moore","CLE","WR",2024
"2190","00-0033901",376,-0.0247109969744383,0.0229382623855378,-0.00224645427040348,"Ethan Pocic","CLE","OL",2024
"2191","00-0031426",106,-0.0283449280838088,0.0222344616894159,-0.00257681164398262,"Joel Bitonio","CLE","OL",2024
