"","nfl_id","player_idx","apm","apm_sd","apm_per_play","full_name","team","position","season"
"1","00-0027656",255,0.0268772395303898,0.0221007662858421,0.00244338541185362,"Rob Gronkowski","NE","TE",2017
"2","00-0030107",682,0.0217728143651263,0.0217339562262665,0.00197934676046603,"Theo Riddick","DET","RB",2017
"3","00-0030669",822,0.0217085767039785,0.0222854132241183,0.00197350697308895,"Albert Wilson","KC","WR",2017
"4","00-0025396",85,0.0209040939445259,0.0211674424729702,0.00190037217677508,"Ted Ginn","NO","WR",2017
"5","00-0030448",744,0.0198090470277768,0.0219298261056196,0.00180082245707061,"Kawann Short","CAR","DL",2017
"6","00-0030279",710,0.019590864558166,0.0226872298890349,0.001780987687106,"Keenan Allen","LAC","WR",2017
"7","00-0019596",4,0.0193579126159496,0.022144352629645,0.0017598102378136,"Tom Brady","NE","QB",2017
"8","00-0028339",425,0.0190703473072853,0.0227511729253361,0.00173366793702594,"Mario Addison","CAR","DL",2017
"9","00-0029137",484,0.0185468337217994,0.0218425684997051,0.00168607579289086,"Alshon Jeffery","PHI","WR",2017
"10","00-0027947",330,0.0183023197925038,0.0220097959111678,0.00166384725386398,"Tyron Smith","DAL","OL",2017
"11","00-0027986",356,0.0182736520134659,0.0220821094183235,0.00166124109213326,"Stefen Wisniewski","PHI","OL",2017
"12","00-0033123",1664,0.0182017627182377,0.02092978427701,0.00165470570165797,"Yannick Ngakoue","JAX","DL",2017
"13","00-0031576",1098,0.0181052837302897,0.0227605388775219,0.00164593488457179,"Za'Darius Smith","BAL","DL",2017
"14","00-0031236",947,0.0180972362978068,0.0227145875322851,0.00164520329980062,"Brandin Cooks","NE","WR",2017
"15","00-0031173",929,0.0178884121085211,0.022957689454694,0.00162621928259283,"Jaylen Watkins","PHI","DB",2017
"16","00-0029653",587,0.0178345712579608,0.0214779567550227,0.00162132465981461,"Fletcher Cox","PHI","DL",2017
"17","00-0032391",1360,0.0177580889371257,0.0216337154378012,0.00161437172155688,"Joe Thuney","NE","OL",2017
"18","00-0032765",1495,0.0177445203436666,0.0208536104121858,0.0016131382130606,"Michael Thomas","NO","WR",2017
"19","00-0030147",692,0.0177320996927646,0.021916479154068,0.0016120090629786,"Russell Shepard","CAR","WR",2017
"20","00-0027539",244,0.0176656239885958,0.0215318817421561,0.00160596581714507,"Anthony Levine","BAL","DB",2017
"21","00-0027955",336,0.0175662165790045,0.0219893072736638,0.0015969287799095,"Nate Solder","NE","OL",2017
"22","00-0031062",896,0.0174721019193091,0.0216072934142248,0.00158837290175537,"James White","NE","RB",2017
"23","00-0031914",1185,0.0174592396398524,0.021863217008006,0.00158720360362295,"Olsen Pierre","ARI","DL",2017
"24","00-0029269",509,0.0173006550716782,0.0208203898372995,0.00157278682469801,"Travis Benjamin","LAC","WR",2017
"25","00-0031152",923,0.0172446422055374,0.021558669276472,0.00156769474595794,"Bryan Witzmann","KC","OL",2017
"26","00-0028924",457,0.01717889737371,0.0220344047041055,0.00156171794306455,"Tashaun Gipson","JAX","DB",2017
"27","00-0030561",794,0.0171024330123169,0.0224676861835427,0.00155476663748335,"Lane Johnson","PHI","OL",2017
"28","00-0031373",1028,0.0170240464615459,0.0217816987186385,0.00154764058741326,"Martavis Bryant","PIT","WR",2017
"29","00-0029679",596,0.0169009746499558,0.0216334248501426,0.00153645224090507,"Brandon Brooks","PHI","OL",2017
"30","00-0030575",801,0.016766610930097,0.0232013957812074,0.00152423735728155,"Xavier Rhodes","MIN","DB",2017
"31","00-0031580",1101,0.0167170298724863,0.0209031894690551,0.00151972998840785,"Shaq Mason","NE","OL",2017
"32","00-0027965",343,0.0166528144914794,0.0218068527111598,0.00151389222649813,"Jimmy Smith","BAL","DB",2017
"33","00-0033307",1713,0.0165383873366999,0.0214604076634208,0.00150348975788181,"Kendrick Bourne","SF","WR",2017
"34","00-0031345",1008,0.0165331138218767,0.0212440336915549,0.00150301034744334,"Jimmy Garoppolo","SF","QB",2017
"35","00-0030431",738,0.0163776561604904,0.0212691451994185,0.00148887783277186,"Robert Woods","LA","WR",2017
"36","00-0029285",514,0.0163729504814076,0.021884410496148,0.00148845004376433,"Josh Norman","WAS","DB",2017
"37","00-0031904",1183,0.0163640553317786,0.0217519711321517,0.00148764139379805,"Bryce Callahan","CHI","DB",2017
"38","00-0026035",123,0.0160868988996643,0.0212450544573001,0.00146244535451494,"Danny Amendola","NE","WR",2017
"39","00-0031365",1022,0.0159775196040203,0.0230569634098388,0.00145250178218366,"Ryan Shazier","PIT","LB",2017
"40","00-0030471",756,0.0158279162422742,0.022541811449238,0.00143890147657038,"Shawn Williams","CIN","DB",2017
"41","00-0033908",1953,0.0158186756015312,0.0211898762435833,0.00143806141832101,"Cooper Kupp","LA","WR",2017
"42","00-0031050",889,0.0155729925585171,0.0216485823810199,0.00141572659622883,"Kareem Martin","ARI","LB",2017
"43","00-0031309",989,0.0153503020204384,0.0222807906909287,0.00139548200185803,"Telvin Smith","JAX","LB",2017
"44","00-0032762",1492,0.0152529878075594,0.0219070894295615,0.00138663525523267,"Chris Jones","KC","DL",2017
"45","00-0032950",1571,0.0152288853837972,0.0222889722658658,0.00138444412579975,"Carson Wentz","PHI","QB",2017
"46","00-0033040",1605,0.015175999667351,0.0219184165031293,0.00137963633339554,"Tyreek Hill","KC","WR",2017
"47","00-0032415",1378,0.0151576009477995,0.0219072157151002,0.00137796372252723,"Matt Judon","BAL","LB",2017
"48","00-0029568",555,0.0151566252576358,0.0223419179498592,0.00137787502342144,"Malik Jackson","JAX","DL",2017
"49","00-0026201",140,0.0151236187760409,0.0217614303523166,0.00137487443418554,"Martellus Bennett","NE","TE",2017
"50","00-0031852",1173,0.014868553822043,0.0221445458756715,0.00135168671109481,"David Andrews","NE","OL",2017
"51","00-0031326",995,0.014840340899432,0.0204081729501048,0.00134912189994836,"Bruce Ellington","HOU","WR",2017
"52","00-0033906",1951,0.0147922874254077,0.0216250441175813,0.00134475340230979,"Alvin Kamara","NO","RB",2017
"53","00-0033699",1864,0.014745807650991,0.0215384811689169,0.00134052796827191,"Austin Ekeler","LAC","RB",2017
"54","00-0033765",1881,0.0146474146790485,0.0219477745462457,0.00133158315264077,"Dylan Cole","HOU","LB",2017
"55","00-0033537",1795,0.0144649471487702,0.021871004466766,0.00131499519534275,"Deshaun Watson","HOU","QB",2017
"56","00-0027551",246,0.0142491787851845,0.0221223017184597,0.00129537988956223,"Junior Galette","WAS","LB",2017
"57","00-0030496",762,0.0142175301990501,0.020939986339755,0.00129250274536819,"Le'Veon Bell","PIT","RB",2017
"58","00-0031325",994,0.0140523257751403,0.020766382707337,0.00127748416137639,"Sammy Watkins","LA","WR",2017
"59","00-0027663",259,0.0140172866831107,0.0223191491645787,0.0012742987893737,"Sean Lee","DAL","LB",2017
"60","00-0033856",1906,0.013898693619534,0.0214586018722657,0.00126351760177582,"Leonard Fournette","JAX","RB",2017
"61","00-0026839",176,0.0138317065178514,0.0223156856086588,0.00125742786525922,"Jermey Parnell","JAX","OL",2017
"62","00-0029688",601,0.0137919394460661,0.0216277190583837,0.0012538126769151,"Dontari Poe","ATL","DL",2017
"63","00-0032875",1540,0.0137734968139308,0.0229482267882703,0.00125213607399371,"Ken Crawley","NO","DB",2017
"64","00-0030455",747,0.0137347980275239,0.0214960622536294,0.00124861800250217,"Star Lotulelei","CAR","DL",2017
"65","00-0032128",1261,0.0137322954275916,0.0209030602557462,0.00124839049341742,"Chris Conley","KC","WR",2017
"66","00-0027442",241,0.0136854934200904,0.0216357606128192,0.00124413576546276,"Frank Zombo","KC","LB",2017
"67","00-0031390",1040,0.0135085854031644,0.0220926365995588,0.00122805321846949,"Charles Sims","TB","RB",2017
"68","00-0027944",329,0.0134659089580803,0.0223389267528095,0.00122417354164367,"Julio Jones","ATL","WR",2017
"69","00-0028129",410,0.0133898963280492,0.0220930363357995,0.00121726330254993,"Jason Kelce","PHI","OL",2017
"70","00-0026142",126,0.013375283377325,0.0213754283489421,0.00121593485248409,"Chris Long","PHI","DL",2017
"71","00-0030065",662,0.0133650325938478,0.0214811412534787,0.00121500296307707,"Larry Warford","NO","OL",2017
"72","00-0027025",206,0.0132648968481819,0.0212986604949458,0.00120589971347108,"Max Unger","NO","OL",2017
"73","00-0030061",658,0.0131447304939924,0.0213972462079617,0.00119497549945386,"Zach Ertz","PHI","TE",2017
"74","00-0029632",580,0.0131190705631505,0.0212699285175861,0.00119264277846823,"Mohamed Sanu","ATL","WR",2017
"75","00-0033923",1965,0.0130620068467677,0.020901748006717,0.00118745516788797,"Kareem Hunt","KC","RB",2017
"76","00-0022045",14,0.0130577234010111,0.0213292510720676,0.00118706576372829,"Terence Newman","MIN","DB",2017
"77","00-0030148",693,0.0129820287258232,0.0226610657531629,0.00118018442962029,"Damion Square","LAC","DL",2017
"78","00-0027215",228,0.012878064234972,0.0226321510678019,0.00117073311227018,"Logan Paulsen","SF","TE",2017
"79","00-0031259",959,0.0128579355170254,0.0209997715275854,0.00116890322882049,"Aaron Colvin","JAX","DB",2017
"80","00-0031241",951,0.0128384285440278,0.021318695158389,0.00116712986763889,"Devon Kennard","NYG","LB",2017
"81","00-0027957",338,0.0127201952531734,0.0224677759425039,0.00115638138665212,"Prince Amukamara","CHI","DB",2017
"82","00-0032764",1494,0.0126266883663591,0.0208686176092362,0.0011478807605781,"Derrick Henry","TEN","RB",2017
"83","00-0027860",302,0.0125299261411178,0.0227794009430208,0.00113908419464707,"Joe Haden","PIT","DB",2017
"84","00-0033912",1957,0.0124978850992329,0.0213011201157423,0.00113617137265754,"Jordan Willis","CIN","DL",2017
"85","00-0033888",1933,0.0123186837672183,0.0213170635287587,0.00111988034247439,"Ryan Ramczyk","NO","OL",2017
"86","00-0022942",27,0.0122103871189956,0.0213316848459737,0.00111003519263596,"Philip Rivers","LAC","QB",2017
"87","00-0032211",1302,0.0121701743631292,0.0215014352865873,0.0011063794875572,"Tyler Lockett","SEA","WR",2017
"88","00-0024270",67,0.0121125544236391,0.0212829012112913,0.00110114131123992,"Andrew Whitworth","LA","OL",2017
"89","00-0031549",1078,0.011998053302024,0.0213768654472035,0.00109073211836582,"Nelson Agholor","PHI","WR",2017
"90","00-0030421",735,0.0119175138046009,0.0228194787024585,0.00108341034587281,"Jamie Collins","CLE","LB",2017
"91","00-0023459",41,0.0118405180509567,0.0217907564495008,0.00107641073190516,"Aaron Rodgers","GB","QB",2017
"92","00-0023259",34,0.0117086668655254,0.0222403241765139,0.00106442426050231,"Lorenzo Alexander","BUF","LB",2017
"93","00-0032203",1297,0.011592666414332,0.0212299609643539,0.00105387876493928,"Andrus Peat","NO","OL",2017
"94","00-0030108",683,0.0115033718199528,0.0225819474036588,0.00104576107454116,"Ryan Griffin","HOU","TE",2017
"95","00-0033927",1969,0.011501463425586,0.0215825278723757,0.00104558758414419,"John Johnson","LA","DB",2017
"96","00-0030035",651,0.0114901606338645,0.0210830222020616,0.00104456005762404,"Adam Thielen","MIN","WR",2017
"97","00-0027701",274,0.0114333692653223,0.0209646381216845,0.00103939720593839,"Everson Griffen","MIN","DL",2017
"98","00-0031578",1100,0.0113758094926473,0.021085241465479,0.00103416449933158,"Jake Ryan","GB","LB",2017
"99","00-0027865",305,0.0112563777937868,0.020874744653093,0.00102330707216243,"Brandon Graham","PHI","DL",2017
"100","00-0030986",864,0.0112110289373767,0.0218840344167718,0.00101918444885243,"Ethan Westbrooks","LA","DL",2017
"101","00-0030527",779,0.0111425035776704,0.021499531199285,0.00101295487069731,"Alec Ogletree","LA","LB",2017
"102","00-0027256",233,0.0111149277765378,0.0215762148938911,0.00101044797968525,"Darian Stewart","DEN","DB",2017
"103","00-0031814",1165,0.0110532735715423,0.0215940845433517,0.00100484305195839,"Matt Longacre","LA","LB",2017
"104","00-0032520",1419,0.0110413821878575,0.0215362884822709,0.00100376201707796,"Rashod Hill","MIN","OL",2017
"105","00-0030288",712,0.0109889684872217,0.0224392562891328,0.000998997135201973,"Rex Burkhead","NE","RB",2017
"106","00-0022924",25,0.0108843904285373,0.0215591202768969,0.000989490038957938,"Ben Roethlisberger","PIT","QB",2017
"107","00-0027870",310,0.0108839129988009,0.0226397025613587,0.000989446636254624,"Maurkice Pouncey","PIT","OL",2017
"108","00-0029577",560,0.0108828204958453,0.022782714193483,0.000989347317804121,"Danny Trevathan","CHI","LB",2017
"109","00-0032268",1331,0.0107845475065375,0.0217466396211553,0.000980413409685232,"Marcus Mariota","TEN","QB",2017
"110","00-0033786",1889,0.0106637865498407,0.0222151037701104,0.000969435140894613,"Ryan Glasgow","CIN","DL",2017
"111","00-0031546",1075,0.0105614568784508,0.0219047992535016,0.000960132443495528,"Trae Waynes","MIN","DB",2017
"112","00-0031381",1032,0.0105559566446133,0.0210431462261099,0.000959632422237577,"Davante Adams","GB","WR",2017
"113","00-0033938",1980,0.0105265308542105,0.0221388561154282,0.000956957350382771,"Kendell Beckwith","TB","LB",2017
"114","00-0030041",652,0.0104448864808606,0.021881338920959,0.000949535134623692,"Nickell Robey-Coleman","LA","DB",2017
"115","00-0033571",1822,0.0103896878153404,0.021486879144359,0.000944517074121852,"Matt Milano","BUF","LB",2017
"116","00-0030757",836,0.0103672860504069,0.022124606207452,0.000942480550036991,"Mike Pennel","NYJ","DL",2017
"117","00-0030584",806,0.0103555865424252,0.0216195028781828,0.000941416958402295,"Eric Fisher","KC","OL",2017
"118","00-0029786",618,0.0103526529714077,0.0211721662383494,0.000941150270127975,"Ryan Schraeder","ATL","OL",2017
"119","00-0032968",1583,0.0103310201038929,0.0210125932088036,0.00093918364580845,"Myles Jack","JAX","LB",2017
"120","00-0020531",6,0.0103229838168419,0.0223564526646261,0.000938453074258351,"Drew Brees","NO","QB",2017
"121","00-0030523",775,0.0102763418045612,0.0224752102349314,0.000934212891323745,"Kayvon Webster","LA","DB",2017
"122","00-0031362",1019,0.0102658503853992,0.0214972722936657,0.000933259125945385,"Trai Turner","CAR","OL",2017
"123","00-0027027",207,0.010259871061884,0.0213118808944002,0.000932715551080362,"Andy Levitre","ATL","OL",2017
"124","00-0033548",1805,0.0102043477555282,0.0223346705780251,0.000927667977775292,"Chidobe Awuzie","DAL","DB",2017
"125","00-0029697",607,0.0101520893216235,0.0236005068623288,0.000922917211056681,"Coby Fleener","NO","TE",2017
"126","00-0025424",95,0.0101487427178499,0.021560920904614,0.00092261297434999,"Eric Weddle","BAL","DB",2017
"127","00-0032560",1427,0.0101191774165802,0.0221604112451638,0.000919925219689105,"Charles Washington","DET","DB",2017
"128","00-0030278",709,0.0100839205250478,0.0205667021699148,0.000916720047731616,"Manti Te'o","NO","LB",2017
"129","00-0023448",39,0.0100424104205716,0.0210751288885721,0.000912946401870145,"Thomas Davis","CAR","LB",2017
"130","00-0030506",766,0.0100263339282263,0.021511975692829,0.000911484902566026,"Travis Kelce","KC","TE",2017
"131","00-0031257",957,0.00992182737230387,0.0205293403922877,0.000901984306573079,"Paul Richardson","SEA","WR",2017
"132","00-0029253",501,0.00992050138767402,0.0227491311743859,0.00090186376251582,"Mitchell Schwartz","KC","OL",2017
"133","00-0032009",1220,0.0097952689360985,0.0212756479026712,0.000890478994190773,"Adam Humphries","TB","WR",2017
"134","00-0033084",1637,0.00969590586208898,0.0211092425607158,0.000881445987462635,"Kendall Fuller","WAS","DB",2017
"135","00-0033950",1990,0.00968461533410823,0.021690841786693,0.000880419575828021,"Wayne Gallman","NYG","RB",2017
"136","00-0029678",595,0.00961782191236415,0.0221036491667448,0.000874347446578559,"David DeCastro","PIT","OL",2017
"137","00-0032242",1316,0.00961409636563597,0.021760782427369,0.000874008760512361,"Rob Havenstein","LA","OL",2017
"138","00-0027557",247,0.00958194281792744,0.0220268168126544,0.000871085710720677,"Morgan Cox","BAL","LS",2017
"139","00-0031584",1104,0.00952967452530535,0.0212478296082258,0.000866334047755032,"Adrian Amos","CHI","DB",2017
"140","00-0031844",1171,0.00951643686282418,0.0209411732174128,0.000865130623893107,"Deshazor Everett","WAS","DB",2017
"141","00-0030228",706,0.00950602447152746,0.0217743074223481,0.000864184042866133,"A.J. Bouye","JAX","DB",2017
"142","00-0030648",814,0.00948725166489137,0.0214367614875822,0.000862477424081034,"Alejandro Villanueva","PIT","OL",2017
"143","00-0027694",272,0.00946164814706083,0.0219969416061195,0.000860149831550985,"Shawn Lauvao","WAS","OL",2017
"144","00-0031052",891,0.00932470651344627,0.0212139525291798,0.000847700592131479,"Bashaud Breeland","WAS","DB",2017
"145","00-0027696",273,0.0093081796057788,0.0212917464463209,0.000846198145979891,"Jimmy Graham","SEA","TE",2017
"146","00-0033156",1674,0.00929315378676164,0.02092050607682,0.000844832162432877,"Joey Bosa","LAC","DL",2017
"147","00-0031608",1117,0.00928501739741482,0.0211023464111052,0.000844092490674074,"Quandre Diggs","DET","DB",2017
"148","00-0030470",755,0.00927199401000643,0.0231160758288326,0.000842908546364221,"Vance McDonald","PIT","TE",2017
"149","00-0032195",1292,0.00926230313459696,0.0220220029812586,0.000842027557690633,"Ronald Darby","PHI","DB",2017
"150","00-0031389",1039,0.00925405166105303,0.0208144200006681,0.000841277423732094,"Lamarcus Joyner","LA","DB",2017
"151","00-0031018",873,0.00924869999908451,0.0213557937605983,0.000840790909007683,"Jeremiah George","IND","LB",2017
"152","00-0029261",506,0.00924651508216816,0.0219292521374437,0.000840592280197105,"Casey Hayward","LAC","DB",2017
"153","00-0033926",1968,0.00917403577961647,0.0212675561289391,0.000834003252692407,"Shaquill Griffin","SEA","DB",2017
"154","00-0033910",1955,0.00916746473093764,0.0209475138957335,0.000833405884630695,"Dan Feeney","LAC","OL",2017
"155","00-0033909",1954,0.00916474951752065,0.0213538033206257,0.000833159047047332,"Pat Elflein","MIN","OL",2017
"156","00-0029889",633,0.00916002630260423,0.021256988424265,0.000832729663873112,"Patrick Omameh","JAX","OL",2017
"157","00-0024417",78,0.00915821976043173,0.0222350542226016,0.000832565432766521,"Sam Koch","BAL","P",2017
"158","00-0024323",71,0.00915201287000051,0.0212940612386873,0.000832001170000047,"Jahri Evans","GB","OL",2017
"159","00-0032911",1553,0.00909643094678603,0.0209488070732813,0.000826948267889639,"Spencer Pulley","LAC","OL",2017
"160","00-0030068",665,0.00909393388838269,0.0226241059827176,0.000826721262580245,"Marquise Goodwin","SF","WR",2017
"161","00-0027857",299,0.00907433275200718,0.02188202291181,0.000824939341091561,"Trent Williams","WAS","OL",2017
"162","00-0032387",1357,0.00906531700477673,0.0206399112155445,0.000824119727706975,"Jarran Reed","SEA","DL",2017
"163","00-0032889",1544,0.00900185359165329,0.0214890845151097,0.000818350326513935,"A'Shawn Robinson","DET","DL",2017
"164","00-0026190",138,0.00898625854008865,0.0220308357917668,0.000816932594553514,"Calais Campbell","JAX","DL",2017
"165","00-0030827",845,0.00897625525930567,0.0208013993835826,0.000816023205391424,"Tyler Shatley","JAX","OL",2017
"166","00-0033051",1612,0.00897102990619405,0.0215185873001578,0.000815548173290368,"David Onyemata","NO","DL",2017
"167","00-0033297",1705,0.00893518971504088,0.0228383803585193,0.000812289974094625,"D.J. Jones","SF","DL",2017
"168","00-0030566",798,0.00890278085067167,0.0221924603542491,0.000809343713697424,"D.J. Swearinger","WAS","DB",2017
"169","00-0025489",103,0.00889645614757788,0.0214065786936066,0.000808768740688899,"Brian Robison","MIN","DL",2017
"170","00-0031588",1107,0.00885294976951211,0.0219784707944044,0.000804813615410191,"Stefon Diggs","MIN","WR",2017
"171","00-0027943",328,0.00881708898162019,0.0219996439020805,0.000801553543783653,"Patrick Peterson","ARI","DB",2017
"172","00-0028394",428,0.00879707709291648,0.0229261946492507,0.000799734281174226,"Jake McQuaide","LA","LS",2017
"173","00-0033947",1988,0.00878657044236247,0.0224075069244384,0.000798779131123861,"Deatrich Wise","NE","DL",2017
"174","00-0029620",575,0.00877478207466336,0.0220032675033308,0.000797707461333033,"Brandon Marshall","DEN","LB",2017
"175","00-0032734",1481,0.00875492223935267,0.02098195944376,0.000795902021759333,"Brennan Scarlett","HOU","LB",2017
"176","00-0027717",276,0.00869469546377146,0.0222575211209224,0.00079042686034286,"Joe Hawley","TB","OL",2017
"177","00-0028899",452,0.00867494633043693,0.0203449217445446,0.000788631484585176,"Rodney McLeod","PHI","DB",2017
"178","00-0033890",1935,0.00865369173962069,0.0202794016585553,0.000786699249056426,"Budda Baker","ARI","DB",2017
"179","00-0027648",251,0.00864251498900693,0.0217724088696879,0.000785683180818812,"Rodger Saffold","LA","OL",2017
"180","00-0027996",362,0.00862006134495728,0.0215287402350033,0.000783641940450662,"Torrey Smith","PHI","WR",2017
"181","00-0030577",803,0.00860541904384429,0.0215000104889641,0.000782310822167663,"Sylvester Williams","TEN","DL",2017
"182","00-0031981",1214,0.00857743081972959,0.0218278771271339,0.000779766438157235,"Richard Ash","DAL","DL",2017
"183","00-0033009",1597,0.00854677675191792,0.0217838983905903,0.000776979704719811,"Tyler Boyd","CIN","WR",2017
"184","00-0031933",1193,0.00851992503702622,0.0212072935947462,0.000774538639729656,"Leonard Williams","NYJ","DL",2017
"185","00-0027793",289,0.0085115793737636,0.0210908757943838,0.000773779943069418,"Antonio Brown","PIT","WR",2017
"186","00-0032160",1281,0.0084789956508749,0.0212958453780666,0.000770817786443173,"Tyrell Williams","LAC","WR",2017
"187","00-0032521",1420,0.00846435561144798,0.0209601687336654,0.000769486873767998,"Mike Hilton","PIT","DB",2017
"188","00-0027949",332,0.00845987338765148,0.0217521733048781,0.000769079398877407,"J.J. Watt","HOU","DL",2017
"189","00-0027859",301,0.00838314842271662,0.02255611558002,0.000762104402065147,"Russell Okung","LAC","OL",2017
"190","00-0032432",1392,0.00833274196036832,0.0215961909115947,0.00075752199639712,"Wes Schweitzer","ATL","OL",2017
"191","00-0028872",451,0.00831484414112731,0.022296673567923,0.000755894921920664,"Johnny Hekker","LA","P",2017
"192","00-0027881",316,0.00828422312883777,0.0221145015662464,0.000753111193530706,"Jerry Hughes","BUF","DL",2017
"193","00-0031779",1155,0.00823441095146775,0.0229367247243605,0.000748582813769795,"B.J. Finney","PIT","OL",2017
"194","00-0031404",1046,0.00821678155595746,0.0204656329776092,0.000746980141450678,"Adrian Phillips","LAC","DB",2017
"195","00-0032208",1299,0.00821437038240384,0.0211219847748224,0.000746760943854894,"Phillip Dorsett","NE","WR",2017
"196","00-0031279",972,0.00820253391650022,0.0229836720298042,0.00074568490150002,"Jake Matthews","ATL","OL",2017
"197","00-0030443",743,0.008176280594568,0.0211060049796922,0.000743298235869818,"Levine Toilolo","ATL","TE",2017
"198","00-0033469",1773,0.00817358350582503,0.0222230086531767,0.000743053045984093,"Vincent Taylor","MIA","DL",2017
"199","00-0032369",1344,0.00812656205206011,0.0223461746111007,0.000738778368369101,"Anthony Lanier","WAS","DL",2017
"200","00-0032701",1470,0.00812578229959517,0.0231136845522363,0.000738707481781379,"Jake Brendel","MIA","OL",2017
"201","00-0033874",1919,0.00811854340594355,0.0214035067958953,0.000738049400540323,"Marshon Lattimore","NO","DB",2017
"202","00-0029134",483,0.00807164579507336,0.0228588475824763,0.000733785981370305,"Beau Brinkley","TEN","LS",2017
"203","00-0028128",409,0.00801778315975843,0.0228876387723024,0.000728889378159857,"Colin Jones","CAR","DB",2017
"204","00-0031598",1114,0.00801538823183536,0.0217442927420476,0.000728671657439578,"Nick Boyle","BAL","TE",2017
"205","00-0030881",853,0.00800488974475611,0.0222576633644133,0.000727717249523283,"Howard Jones","CHI","LB",2017
"206","00-0029419",535,0.00797201730646793,0.02264693484932,0.000724728846042539,"Dennis Kelly","TEN","OL",2017
"207","00-0033039",1604,0.00796927760852346,0.0227731830223591,0.000724479782593041,"Christian Westerman","CIN","OL",2017
"208","00-0033572",1823,0.00793922513072009,0.0224063942521931,0.000721747739156372,"Jamal Agnew","DET","DB",2017
"209","00-0033055",1615,0.0078440392665333,0.0207845565248832,0.000713094478775754,"Jalen Ramsey","JAX","DB",2017
"210","00-0032971",1586,0.0078433142371492,0.0219130648457875,0.000713028567013564,"Justin Simmons","DEN","DB",2017
"211","00-0025825",115,0.00782892818168218,0.0225660956747151,0.000711720743789289,"Brett Kern","TEN","P",2017
"212","00-0027658",257,0.00780383000095288,0.0220514121373139,0.000709439090995717,"Zane Beadles","SF","OL",2017
"213","00-0032103",1247,0.00775316689311781,0.0222728958004668,0.000704833353919801,"Denzel Perryman","LAC","LB",2017
"214","00-0032958",1577,0.007750411039793,0.0210978194385442,0.000704582821799363,"Will Parks","DEN","DB",2017
"215","00-0028374",427,0.00774782692471737,0.0232287836284561,0.000704347902247033,"Kyle Nelson","SF","LS",2017
"216","00-0030011",648,0.00772568342706538,0.0218220830852818,0.000702334857005944,"Jordan Devey","KC","OL",2017
"217","00-0027868",308,0.00769025043771842,0.0206113307991501,0.00069911367615622,"Derrick Morgan","TEN","LB",2017
"218","00-0027733",280,0.00768375113001976,0.0215793591664971,0.000698522830001796,"Kam Chancellor","SEA","DB",2017
"219","00-0029606",570,0.00767420681690005,0.0220700285016738,0.000697655165172731,"Harrison Smith","MIN","DB",2017
"220","00-0026564",166,0.00764310057434561,0.0218335115883574,0.00069482732494051,"Steve McLendon","NYJ","DL",2017
"221","00-0024061",56,0.00762957107288566,0.0221571443646633,0.000693597370262333,"Tramon Williams","ARI","DB",2017
"222","00-0032371",1345,0.0076171959998157,0.0239336497559555,0.000692472363619609,"Rob Kelley","WAS","RB",2017
"223","00-0025415",91,0.00758149722999195,0.0211271019597735,0.000689227020908359,"Joe Staley","SF","OL",2017
"224","00-0025900",117,0.00753288720483886,0.02106473786944,0.000684807927712624,"Chris Clark","HOU","OL",2017
"225","00-0031296",979,0.00750035904186093,0.0218976449064017,0.000681850821987357,"C.J. Mosley","BAL","LB",2017
"226","00-0032241",1315,0.00748384136534097,0.0212694023363874,0.000680349215030997,"Todd Gurley","LA","RB",2017
"227","00-0030472",757,0.0074225955978425,0.0229383024921832,0.000674781417985681,"Jordan Reed","WAS","TE",2017
"228","00-0028030",375,0.00741962735281495,0.0210659007949638,0.000674511577528632,"Joe Barksdale","LAC","OL",2017
"229","00-0029681",597,0.00741288007891378,0.0215542567055566,0.000673898188992162,"Janoris Jenkins","NYG","DB",2017
"230","00-0031128",918,0.00741131499215051,0.0224901069593311,0.000673755908377319,"Ryan Groy","BUF","OL",2017
"231","00-0029585",562,0.00740148533318195,0.0217751788575873,0.000672862303016541,"Chandler Jones","ARI","LB",2017
"232","00-0030062",659,0.00739729756202139,0.0210541205582337,0.000672481596547399,"Darius Slay","DET","DB",2017
"233","00-0030050",655,0.00737468210316967,0.0212482541651262,0.000670425645742698,"Ray-Ray Armstrong","NYG","LB",2017
"234","00-0032899",1552,0.00736101577009098,0.0227482764033915,0.000669183251826452,"Vadal Alexander","OAK","OL",2017
"235","00-0031427",1057,0.00731498269284239,0.0219230450945624,0.000664998426622036,"Todd Davis","DEN","LB",2017
"236","00-0030294",714,0.00726451496913957,0.0218768197111833,0.000660410451739961,"Tony Jefferson","BAL","DB",2017
"237","00-0026986",188,0.00725573736907295,0.0221361472598985,0.000659612488097541,"Michael Crabtree","OAK","WR",2017
"238","00-0028038",378,0.00723298859337287,0.0217607601061938,0.000657544417579352,"Da'Norris Searcy","TEN","DB",2017
"239","00-0029560",550,0.00721600051208045,0.0215473630899645,0.000656000046552768,"Dre Kirkpatrick","CIN","DB",2017
"240","00-0029963",643,0.00720685998018848,0.0201995025221247,0.000655169089108043,"Chris Hubbard","PIT","OL",2017
"241","00-0033010",1598,0.00719776085628376,0.0208449334054244,0.000654341896025797,"Sheldon Day","SF","DL",2017
"242","00-0032575",1433,0.00718059242868992,0.0210292303300512,0.000652781129880902,"Matt Skura","BAL","OL",2017
"243","00-0033857",1907,0.00714934743582362,0.0207160716459986,0.000649940675983965,"JuJu Smith-Schuster","PIT","WR",2017
"244","00-0022161",16,0.00714827252353925,0.0218772944466915,0.000649842956685387,"Terrell Suggs","BAL","LB",2017
"245","00-0031105",913,0.00708250613143006,0.0215255299604584,0.000643864193766369,"Zach Kerr","DEN","DL",2017
"246","00-0026217",144,0.00705494641579427,0.0219331394467367,0.000641358765072207,"Pat Sims","CIN","DL",2017
"247","00-0031414",1052,0.00693457594891364,0.0224041041462524,0.000630415995355785,"Dexter McDougle","NO","DB",2017
"248","00-0031431",1059,0.00692479421710032,0.0208025743530515,0.00062952674700912,"Marqise Lee","JAX","WR",2017
"249","00-0033725",1871,0.00691919910970527,0.0221043958274279,0.000629018100882297,"Corey Clement","PHI","RB",2017
"250","00-0026189",137,0.00691544996660068,0.0219405487061264,0.000628677269690971,"DeSean Jackson","TB","WR",2017
"251","00-0021547",13,0.00689942112507558,0.0214773935081112,0.000627220102279598,"Antonio Gates","LAC","TE",2017
"252","00-0032144",1272,0.00687097104688045,0.0220155024160221,0.000624633731534586,"Melvin Gordon","LAC","RB",2017
"253","00-0032749",1485,0.00686677061619139,0.0237009010807884,0.000624251874199217,"Isaiah Johnson","TB","DB",2017
"254","00-0033635",1848,0.00685601259261136,0.0214854398411826,0.000623273872055578,"Isaiah Irving","CHI","LB",2017
"255","00-0032257",1326,0.00685001625381304,0.0229284258967233,0.00062272875034664,"Duke Johnson","CLE","RB",2017
"256","00-0032602",1441,0.00682694639389113,0.0215143506441055,0.000620631490353739,"J.D. McKissic","SEA","RB",2017
"257","00-0029597",567,0.00680760187835025,0.0221837541045338,0.000618872898031841,"Justin Tucker","BAL","K",2017
"258","00-0027977",349,0.00680525176321762,0.023081177404018,0.000618659251201602,"Akeem Ayers","NYG","LB",2017
"259","00-0030663",819,0.00677969513010257,0.0216656032053537,0.000616335920918416,"Willie Snead","NO","WR",2017
"260","00-0033106",1649,0.00675653386950228,0.0225904394200653,0.000614230351772934,"Jared Goff","LA","QB",2017
"261","00-0025828",116,0.00674027438831352,0.0209288155192029,0.00061275221711941,"Wesley Woodyard","TEN","LB",2017
"262","00-0024102",57,0.00670831710129899,0.0230300024927871,0.000609847009208999,"Tony McDaniel","NO","DL",2017
"263","00-0030517",772,0.00667738533742539,0.0221153018510869,0.000607035030675036,"David Bass","NYJ","LB",2017
"264","00-0025470",100,0.00666796800607351,0.0216721770901719,0.000606178909643046,"Charles Johnson","CAR","DL",2017
"265","00-0023894",54,0.00663399915168065,0.0215874548629139,0.000603090831970968,"Donald Penn","OAK","OL",2017
"266","00-0031041",884,0.00663163338747041,0.021424233162917,0.00060287576249731,"Kyle Fuller","CHI","DB",2017
"267","00-0031765",1153,0.00660996525938395,0.0213581353021284,0.000600905932671268,"Nick Easton","MIN","OL",2017
"268","00-0028825",445,0.00660642022934309,0.0212728970361671,0.000600583657213008,"Terrelle Pryor","WAS","WR",2017
"269","00-0030615",810,0.00657467825728673,0.023153190717573,0.000597698023389703,"James Winchester","KC","LS",2017
"270","00-0031394",1042,0.00656352375847388,0.0213371295721559,0.00059668397804308,"E.J. Gaines","BUF","DB",2017
"271","00-0029647",586,0.00656090804418247,0.0222390365958902,0.00059644618583477,"Kyle Wilber","DAL","LB",2017
"272","00-0030216",704,0.00654956308812989,0.0218471415756157,0.000595414826193626,"Josh Hill","NO","TE",2017
"273","00-0032891",1546,0.0065101306819388,0.020523407498113,0.000591830061994436,"Daryl Worley","CAR","DB",2017
"274","00-0032145",1273,0.0064973387964191,0.0222733719567572,0.000590667163310827,"Cameron Erving","KC","OL",2017
"275","00-0026990",190,0.0064467257839626,0.021405389739554,0.000586065980360236,"Malcolm Jenkins","PHI","DB",2017
"276","00-0027981",353,0.00642171385165335,0.0210509193837222,0.000583792168332123,"Kyle Rudolph","MIN","TE",2017
"277","00-0031263",963,0.00641781817836119,0.020950240498937,0.000583438016214654,"Avery Williamson","TEN","LB",2017
"278","00-0032785",1512,0.0063953729947515,0.0210683559438079,0.000581397544977409,"Halapoulivaati Vaitai","PHI","OL",2017
"279","00-0033281",1693,0.00638901477674288,0.0209826297097825,0.000580819525158444,"Marlon Humphrey","BAL","DB",2017
"280","00-0030402",729,0.00638851143444074,0.0222020751969182,0.00058077376676734,"Akeem Spence","DET","DL",2017
"281","00-0032633",1450,0.0063739293245577,0.023725353762907,0.000579448120414336,"Reggie Gilbert","GB","LB",2017
"282","00-0032221",1307,0.00632202117804478,0.0215135610152496,0.000574729198004071,"Shane Ray","DEN","LB",2017
"283","00-0030404",730,0.00631509396721664,0.0213374851136831,0.000574099451565149,"Chris Thompson","WAS","RB",2017
"284","00-0030543",785,0.00631020134948118,0.0220373224901505,0.000573654668134653,"J.J. Wilcox","PIT","DB",2017
"285","00-0028845",448,0.00630720957015601,0.0233517320509695,0.000573382688196001,"Josh Harris","ATL","LS",2017
"286","00-0029634",581,0.00628033552684437,0.021938974976309,0.000570939593349488,"James Hanna","DAL","TE",2017
"287","00-0027022",204,0.00627853464417489,0.022316839804492,0.000570775876743172,"Connor Barwin","LA","LB",2017
"288","00-0032399",1367,0.00627057354465295,0.021742340222159,0.000570052140422995,"Miles Killebrew","DET","DB",2017
"289","00-0031503",1067,0.00627056135005411,0.0216898531490767,0.000570051031823101,"Jameis Winston","TB","QB",2017
"290","00-0030067",664,0.00625209426825738,0.0214553042278689,0.000568372206205216,"Terron Armstead","NO","OL",2017
"291","00-0032065",1237,0.0062490183930442,0.022213754225935,0.000568092581185837,"Bradley Pinion","SF","P",2017
"292","00-0031731",1146,0.00621509385707746,0.0220903610506101,0.000565008532461587,"Corey Grant","JAX","RB",2017
"293","00-0031782",1156,0.00620879041791173,0.0215803111584333,0.00056443549253743,"Eli Rogers","PIT","WR",2017
"294","00-0032058",1231,0.00618435048537719,0.0224354053801164,0.000562213680488835,"Tevin Coleman","ATL","RB",2017
"295","00-0033546",1803,0.00614950181263566,0.021026124358498,0.000559045619330515,"Dalvin Tomlinson","NYG","DL",2017
"296","00-0030059",656,0.00614010065349286,0.02191566169205,0.000558190968499351,"Ezekiel Ansah","DET","DL",2017
"297","00-0030287",711,0.0061343335975229,0.0218089295266908,0.0005576666906839,"Andre Ellington","HOU","RB",2017
"298","00-0031560",1088,0.0061050917227886,0.0222578379694725,0.000555008338435327,"Jaelen Strong","JAX","WR",2017
"299","00-0028037",377,0.00608254044874619,0.0204584777688289,0.00055295822261329,"K.J. Wright","SEA","LB",2017
"300","00-0032110",1252,0.00604992873140861,0.0216346331415682,0.000549993521037147,"Kyle Emanuel","LAC","LB",2017
"301","00-0033308",1714,0.00604012623560555,0.0214544211209705,0.00054910238505505,"Matt Breida","SF","RB",2017
"302","00-0030576",802,0.00603228920948082,0.0227979560455949,0.00054838992813462,"Datone Jones","DAL","DL",2017
"303","00-0025944",120,0.00603005320104734,0.0234745701967819,0.000548186654640667,"Stephen Hauschka","BUF","K",2017
"304","00-0031068",899,0.00593111179830003,0.0217762680102576,0.000539191981663639,"Ryan Grant","WAS","WR",2017
"305","00-0033074",1629,0.00592364442537524,0.0227288495692368,0.000538513129579567,"Kevin Dodd","TEN","LB",2017
"306","00-0033876",1921,0.00588907219963138,0.0211165862741874,0.000535370199966489,"Derek Barnett","PHI","DL",2017
"307","00-0033839",1900,0.00588510187655197,0.0206756734010679,0.000535009261504725,"Dede Westbrook","JAX","WR",2017
"308","00-0030521",774,0.00587970335951383,0.0237976856567227,0.00053451848722853,"Justin Hunter","PIT","WR",2017
"309","00-0032786",1513,0.00586874256568284,0.0215264045692291,0.000533522051425712,"Marqui Christian","LA","DB",2017
"310","00-0032401",1368,0.00586088337428743,0.0215271826044222,0.000532807579480675,"De'Vondre Campbell","ATL","LB",2017
"311","00-0026176",135,0.00584405914416127,0.0215904334132003,0.000531278104014661,"Jordy Nelson","GB","WR",2017
"312","00-0029000",465,0.00581704104656051,0.0221910278749612,0.000528821913323683,"Cole Beasley","DAL","WR",2017
"313","00-0031317",993,0.00580742992719792,0.0216738322049522,0.000527948175199811,"Terrence Fede","MIA","DL",2017
"314","00-0032114",1254,0.00578601027085555,0.0214047553191004,0.000526000933714141,"Deiontrez Mount","DEN","LB",2017
"315","00-0027866",306,0.00577995806651418,0.0211641979678337,0.00052545073331947,"Earl Thomas","SEA","DB",2017
"316","00-0032135",1267,0.00577713047345157,0.0206953954678147,0.000525193679404689,"Jesse James","PIT","TE",2017
"317","00-0032234",1312,0.00575676007883712,0.0216617164946006,0.000523341825348829,"Laken Tomlinson","SF","OL",2017
"318","00-0029643",585,0.00575378849981078,0.0223647778669017,0.00052307168180098,"Whitney Mercilus","HOU","LB",2017
"319","00-0030997",866,0.00573414441625303,0.0217379108081861,0.000521285856023003,"Zach Fulton","KC","OL",2017
"320","00-0029252",500,0.00573254728558597,0.0222095303699551,0.000521140662325997,"Courtney Upshaw","ATL","DL",2017
"321","00-0029621",576,0.00568781783920045,0.0226721993617494,0.000517074349018223,"Greg Zuerlein","LA","K",2017
"322","00-0030551",791,0.0056569258069219,0.0233000289181648,0.000514265982447446,"Colton Schmidt","BUF","P",2017
"323","00-0030096",678,0.00565032813478327,0.0243298831510018,0.000513666194071207,"Vinston Painter","ARI","OL",2017
"324","00-0033073",1628,0.00562230440711473,0.0224284085807268,0.000511118582464975,"Emmanuel Ogbah","CLE","DL",2017
"325","00-0029672",593,0.00558687878201727,0.0205700875892212,0.000507898071092479,"Riley Reiff","MIN","OL",2017
"326","00-0030572",799,0.00555451917711524,0.0208633574986885,0.000504956288828658,"D.J. Hayden","DET","DB",2017
"327","00-0029087",477,0.00555063647365526,0.0211847018691598,0.000504603315786842,"Leonard Johnson","BUF","DB",2017
"328","00-0029255",503,0.00554995951659461,0.0213100519145752,0.000504541774235874,"Bobby Wagner","SEA","LB",2017
"329","00-0032753",1486,0.00554567583482272,0.022315348174466,0.000504152348620248,"Luke Rhodes","IND","LS",2017
"330","00-0029546",549,0.00554181043830628,0.0211780844368391,0.000503800948936935,"Senio Kelemete","NO","OL",2017
"331","00-0027705",275,0.00551673202866649,0.0222636039550622,0.000501521093515136,"Alterraun Verner","MIA","DB",2017
"332","00-0031242",952,0.00551402958439272,0.0222490606816066,0.000501275416762974,"Shamar Stephen","MIN","DL",2017
"333","00-0030463",752,0.00550818283202996,0.0218024631053395,0.000500743893820906,"A.J. Klein","NO","LB",2017
"334","00-0027060",214,0.00549087944068164,0.0211635194854213,0.000499170858243786,"Lardarius Webb","BAL","DB",2017
"335","00-0030770",838,0.00548006075403191,0.0219512742242954,0.000498187341275628,"Brock Coyle","SF","LB",2017
"336","00-0032143",1271,0.00544299995505991,0.0203238948821218,0.000494818177732719,"Danny Shelton","CLE","DL",2017
"337","00-0029249",499,0.00541613677769799,0.0213506943552841,0.000492376070699817,"Melvin Ingram","LAC","LB",2017
"338","00-0032497",1416,0.00538384655366037,0.0225110686367206,0.000489440595787306,"Reid Ferguson","BUF","LS",2017
"339","00-0033642",1849,0.00533941330054268,0.0222409610906955,0.000485401209140243,"B.J. Bello","CLE","LB",2017
"340","00-0033532",1791,0.00533170014509304,0.0219756658291384,0.000484700013190277,"Josh Harvey-Clemons","WAS","LB",2017
"341","00-0031344",1007,0.00532317609599771,0.0212101834351215,0.000483925099636155,"Cody Latimer","DEN","WR",2017
"342","00-0023436",37,0.00531594258577532,0.0212117554125504,0.000483267507797757,"Alex Smith","KC","QB",2017
"343","00-0033269",1688,0.00529702784325307,0.0216285487080755,0.000481547985750279,"Rigoberto Sanchez","IND","P",2017
"344","00-0033093",1642,0.00529159453970414,0.0216699795340226,0.000481054049064013,"Jonathan Bullard","CHI","DL",2017
"345","00-0031595",1111,0.00528397235360329,0.021049013334856,0.000480361123054845,"Michael Burton","CHI","RB",2017
"346","00-0026561",165,0.00525457406835236,0.020571096937792,0.000477688551668396,"Ramon Foster","PIT","OL",2017
"347","00-0029984",645,0.00524735810623281,0.0223477658239229,0.000477032555112073,"Ryan Allen","NE","P",2017
"348","00-0033430",1757,0.00522031901540278,0.0220432421341893,0.000474574455945707,"Greg Mabin","SF","DB",2017
"349","00-0033077",1632,0.00520384200573916,0.0218995601999448,0.000473076545976287,"Dak Prescott","DAL","QB",2017
"350","00-0032250",1322,0.00519148884220557,0.0220987960934054,0.000471953531109597,"Kasen Williams","CLE","WR",2017
"351","00-0030776",839,0.00517509697927244,0.0221069854227044,0.00047046336175204,"Kerry Wynn","NYG","DL",2017
"352","00-0028092",396,0.00515853431745025,0.0209696364911861,0.00046895766522275,"Richard Sherman","SEA","DB",2017
"353","00-0030197",703,0.00514177167823547,0.0219548652571286,0.000467433788930497,"Deon Lacey","BUF","LB",2017
"354","00-0033090",1640,0.00513188719245448,0.0215898949153208,0.000466535199314043,"Hunter Henry","LAC","TE",2017
"355","00-0025402",88,0.0051159310390514,0.0221022038479766,0.000465084639913763,"Lawrence Timmons","MIA","LB",2017
"356","00-0033381",1740,0.00510301967368064,0.0222249804028151,0.000463910879425513,"Adam Butler","NE","DL",2017
"357","00-0031273",969,0.00508381199450547,0.021515234550973,0.000462164726773225,"Cameron Brate","TB","TE",2017
"358","00-0033528",1787,0.00506899539287288,0.0218105329044629,0.000460817762988444,"Jeremy Sprinkle","WAS","TE",2017
"359","00-0030312",716,0.00506736638942576,0.0217589822484788,0.000460669671765978,"Jahleel Addae","LAC","DB",2017
"360","00-0031619",1122,0.00504714469494199,0.0219522587619403,0.000458831335903817,"Christian Covington","HOU","DL",2017
"361","00-0033598",1843,0.00504308567580034,0.0218829305014882,0.000458462334163667,"Eli Ankou","JAX","DL",2017
"362","00-0022247",17,0.00503689573212337,0.0218687841939472,0.000457899612011216,"Mike Adams","CAR","DB",2017
"363","00-0029272",510,0.00502463617910818,0.0211370127272379,0.000456785107191653,"Nigel Bradham","PHI","LB",2017
"364","00-0032381",1351,0.00499505127169733,0.022189793489686,0.000454095570154302,"Taylor Decker","DET","OL",2017
"365","00-0033266",1686,0.00499369356591714,0.0222756508085679,0.000453972142356104,"JoJo Natson","NYJ","WR",2017
"366","00-0026164",133,0.00499297375025207,0.0228591339875612,0.00045390670456837,"Chris Johnson","ARI","RB",2017
"367","00-0029412",531,0.00494639380407711,0.0213060751196871,0.00044967216400701,"Vinny Curry","PHI","DL",2017
"368","00-0028087",393,0.00494523174748097,0.0209069040921471,0.00044956652249827,"Dion Lewis","NE","RB",2017
"369","00-0033059",1619,0.00493804813695961,0.0210389643839692,0.000448913466996328,"T.J. Green","IND","DB",2017
"370","00-0031551",1080,0.00492312066492035,0.0213317000836087,0.000447556424083668,"Eddie Goldman","CHI","DL",2017
"371","00-0027078",216,0.00489587244933538,0.0222105000050624,0.000445079313575944,"T.J. Lang","DET","OL",2017
"372","00-0028063",384,0.00489263063990002,0.0227007759446121,0.000444784603627274,"Taiwan Jones","BUF","RB",2017
"373","00-0030503",763,0.00486658975465438,0.0215640817702096,0.000442417250423126,"Alex Okafor","NO","DL",2017
"374","00-0032244",1318,0.00486137448886451,0.021281773326366,0.000441943135351319,"Jamon Brown","LA","OL",2017
"375","00-0027885",318,0.0048596494058541,0.0214679884102773,0.0004417863096231,"Linval Joseph","MIN","DL",2017
"376","00-0033891",1936,0.00485725336264526,0.0206092479549158,0.000441568487513205,"Zay Jones","BUF","WR",2017
"377","00-0031067",898,0.0048383581148075,0.0219713153895739,0.000439850737709772,"Cameron Fleming","NE","OL",2017
"378","00-0032127",1260,0.00483513116393894,0.020930677541529,0.000439557378539904,"Markus Golden","ARI","LB",2017
"379","00-0029410",530,0.00483044055638794,0.0207940473664113,0.000439130959671631,"Tavon Wilson","DET","DB",2017
"380","00-0027968",345,0.00482687276678321,0.022109277494096,0.00043880661516211,"Muhammad Wilkerson","NYJ","DL",2017
"381","00-0029123",482,0.00482214197227807,0.0224396001279424,0.00043837654293437,"Marquette King","OAK","P",2017
"382","00-0032355",1341,0.00481869942424543,0.0214551628591456,0.000438063584022312,"Chester Rogers","IND","WR",2017
"383","00-0031554",1082,0.00481510463853699,0.0204131303614956,0.000437736785321545,"Eric Kendricks","MIN","LB",2017
"384","00-0032146",1274,0.00480824022744882,0.0208451433026678,0.000437112747949893,"Bud Dupree","PIT","LB",2017
"385","00-0027416",240,0.00479357278055735,0.021173050194201,0.000435779343687032,"Barry Church","JAX","DB",2017
"386","00-0026307",155,0.00477096615338344,0.0211543852232077,0.00043372419576213,"Erik Walden","TEN","LB",2017
"387","00-0033661",1853,0.00477009956184029,0.0222569205254077,0.000433645414712753,"Lewis Neal","DAL","DL",2017
"388","00-0032228",1310,0.00476302599557991,0.0218550871057093,0.000433002363234538,"Joe Cardona","NE","LS",2017
"389","00-0027686",268,0.00472071680586361,0.0223540291093967,0.000429156073260329,"Corey Peters","ARI","DL",2017
"390","00-0028278",423,0.00470632716105367,0.0219156887982752,0.000427847923732152,"Josh Bynes","ARI","LB",2017
"391","00-0023177",32,0.00469723080990637,0.0228508407729548,0.000427020982718761,"Jon Condo","OAK","LS",2017
"392","00-0023252",33,0.00469043220373564,0.0222513211350354,0.000426402927612331,"Robbie Gould","SF","K",2017
"393","00-0033293",1701,0.00468253141071606,0.0224702870576826,0.00042568467370146,"Aaron Jones","GB","RB",2017
"394","00-0031402",1044,0.00466097838146903,0.021043791483073,0.000423725307406275,"Zack Martin","DAL","OL",2017
"395","00-0029685",599,0.00465522261642179,0.0226803176647655,0.000423202056038344,"Greg Van Roten","CAR","OL",2017
"396","00-0027940",325,0.0046509276190596,0.0212518344845059,0.000422811601732691,"Von Miller","DEN","LB",2017
"397","00-0023534",46,0.00463500025547614,0.0227156169056703,0.00042136365958874,"Dustin Colquitt","KC","P",2017
"398","00-0030112",684,0.00462201429525615,0.0228002926745413,0.000420183117750559,"Tommy Bohanon","JAX","RB",2017
"399","00-0029691",604,0.00461887914921952,0.0227150239733311,0.000419898104474502,"Josh Robinson","TB","DB",2017
"400","00-0031101",910,0.00460718985301334,0.0212220089704461,0.000418835441183031,"Shaquil Barrett","DEN","LB",2017
"401","00-0033096",1645,0.00460126717641878,0.0218601941339972,0.000418297016038071,"Shaq Lawson","BUF","DL",2017
"402","00-0032214",1304,0.00458402447368132,0.0220263932446665,0.000416729497607392,"Tyler Kroft","CIN","TE",2017
"403","00-0030562",795,0.00453995772319807,0.0215089737884141,0.000412723429381643,"Desmond Trufant","ATL","DB",2017
"404","00-0033421",1755,0.00453510080956786,0.0207961389390157,0.000412281891778896,"Antony Auclair","TB","TE",2017
"405","00-0030083",671,0.00452393571445724,0.0214895822917526,0.000411266883132477,"Oday Aboushi","SEA","OL",2017
"406","00-0032416",1379,0.00451742561728407,0.0222495018628965,0.000410675056116734,"Quinton Jefferson","SEA","DL",2017
"407","00-0029524",542,0.00451132933214008,0.0207983966441336,0.000410120848376371,"Jeff Allen","HOU","OL",2017
"408","00-0029942",639,0.00450601548273585,0.0230005383495315,0.000409637771157805,"Marcus Burley","HOU","DB",2017
"409","00-0028986",463,0.00448836334069819,0.0224304815020336,0.000408033030972562,"Case Keenum","MIN","QB",2017
"410","00-0032042",1221,0.00448555949853366,0.021786826714831,0.000407778136230333,"Curtis Riley","TEN","DB",2017
"411","00-0033678",1859,0.00447885238404468,0.0231885495862063,0.000407168398549516,"Jerrol Garcia-Williams","DEN","LB",2017
"412","00-0032130",1263,0.0044623284142128,0.0232560214944643,0.000405666219473891,"Jalston Fowler","SEA","RB",2017
"413","00-0033048",1610,0.00444416349761103,0.0216739955787852,0.000404014863419184,"Kavon Frazier","DAL","DB",2017
"414","00-0030088",673,0.00443999188853091,0.021635758639027,0.000403635626230082,"Quinton Dial","GB","DL",2017
"415","00-0023639",48,0.00443980987546004,0.0227220732188725,0.000403619079587276,"Joe Berger","MIN","OL",2017
"416","00-0032418",1381,0.00443100185293491,0.0217611840454301,0.00040281835026681,"Joe Dahl","DET","OL",2017
"417","00-0023449",40,0.00442735171342431,0.021915693238278,0.00040248651940221,"Derrick Johnson","KC","LB",2017
"418","00-0029384",524,0.00442553934559791,0.0221776833980336,0.000402321758690719,"Bobby Rainey","BAL","RB",2017
"419","00-0032217",1306,0.0044064886996337,0.022329629447716,0.000400589881784882,"Donovan Smith","TB","OL",2017
"420","00-0020578",7,0.00440278433827781,0.0216486445138015,0.000400253121661619,"Matt Bryant","ATL","K",2017
"421","00-0033845",1903,0.0043988306517109,0.0225995634321892,0.000399893695610082,"Dominique Hatfield","LA","DB",2017
"422","00-0032851",1535,0.00438457807850147,0.0230172445677399,0.000398598007136497,"Pete Robertson","WAS","LB",2017
"423","00-0033539",1797,0.00435620988929464,0.0215923536243906,0.000396019080844967,"Jarrad Davis","DET","LB",2017
"424","00-0033671",1856,0.00434157253118774,0.0230925469124522,0.000394688411926158,"Marcus Rios","DEN","DB",2017
"425","00-0032385",1355,0.00433167570092695,0.0214923387826755,0.000393788700084268,"Sterling Shepard","NYG","WR",2017
"426","00-0032929",1559,0.00433123138155949,0.0210952915181809,0.000393748307414499,"James Cowser","OAK","DL",2017
"427","00-0028130",411,0.00432273529493775,0.0223643949690429,0.000392975935903432,"Matt Bosher","ATL","P",2017
"428","00-0033434",1758,0.00431308897190132,0.0236817680981725,0.000392098997445575,"Bobo Wilson","TB","WR",2017
"429","00-0029248",498,0.00430435089450366,0.0210457543832533,0.00039130462677306,"Luke Kuechly","CAR","LB",2017
"430","00-0031186",936,0.004303026978351,0.0215799219872368,0.000391184270759182,"Kenneth Acker","KC","DB",2017
"431","00-0030860",848,0.00427660590676565,0.0217964413745809,0.000388782355160514,"Orleans Darkwa","NYG","RB",2017
"432","00-0026143",127,0.00426788020493633,0.021551422199042,0.000387989109539666,"Matt Ryan","ATL","QB",2017
"433","00-0024278",68,0.00421604877626388,0.0223093097084327,0.000383277161478534,"Darryl Tapp","TB","DL",2017
"434","00-0022531",19,0.00421273478751043,0.0219893159404535,0.000382975889773676,"Jason Peters","PHI","OL",2017
"435","00-0031176",931,0.00420552790743527,0.0215009248522136,0.000382320718857752,"Nevin Lawson","DET","DB",2017
"436","00-0027882",317,0.00420279910055828,0.0210927618049444,0.000382072645505298,"Patrick Robinson","PHI","DB",2017
"437","00-0031366",1023,0.0042018060085198,0.0213169825471339,0.000381982364410891,"Deone Bucannon","ARI","LB",2017
"438","00-0032820",1531,0.00419776725455979,0.022990050416879,0.000381615204959981,"Terrance Smith","KC","LB",2017
"439","00-0030710",828,0.00418416004523272,0.0214279327854232,0.000380378185930247,"Trey Burton","PHI","TE",2017
"440","00-0033120",1661,0.00417329138896649,0.0209047837003037,0.000379390126269681,"Kenny Clark","GB","DL",2017
"441","00-0026512",162,0.0041694406051197,0.0219250373627884,0.000379040055010881,"Chris Baker","TB","DL",2017
"442","00-0028076",390,0.00416405922553676,0.021566507896439,0.00037855083868516,"Marcus Cannon","NE","OL",2017
"443","00-0028177",416,0.00414772994732039,0.0221414176674922,0.000377066358847308,"Mike Person","IND","OL",2017
"444","00-0033873",1918,0.00414379434962518,0.0229914887786969,0.000376708577238653,"Patrick Mahomes","KC","QB",2017
"445","00-0032056",1229,0.00413952659976723,0.0227701431911049,0.000376320599978839,"Hau'oli Kikaha","NO","LB",2017
"446","00-0033868",1913,0.00413178706207908,0.0218614004253606,0.000375617005643553,"Myles Garrett","CLE","DL",2017
"447","00-0027914",322,0.00408217196261345,0.0218197092985278,0.000371106542055768,"Andrew Sendejo","MIN","DB",2017
"448","00-0030387",724,0.00407833818182151,0.0226725712561285,0.000370758016529228,"Steven Means","PHI","DL",2017
"449","00-0029669",591,0.00406338387642513,0.0215827727127678,0.000369398534220466,"Dont'a Hightower","NE","LB",2017
"450","00-0032246",1320,0.00405983751860295,0.0226352636136958,0.000369076138054813,"Andrew Donnal","BAL","OL",2017
"451","00-0026019",121,0.00405099732200279,0.0228423955626009,0.000368272483818436,"Danny Woodhead","BAL","RB",2017
"452","00-0029822",625,0.00404747505956292,0.0238893049353911,0.000367952278142084,"Brandon McManus","DEN","K",2017
"453","00-0027723",278,0.00402036789288084,0.0222117204320162,0.000365487990261894,"Al Woods","IND","DL",2017
"454","00-0028041",380,0.00401367630132955,0.0202476997213447,0.000364879663757232,"Sam Acho","CHI","LB",2017
"455","00-0031328",996,0.0039935799177519,0.0216449373048454,0.000363052719795627,"Brandon Dixon","NYG","DB",2017
"456","00-0027675",262,0.00398943851820375,0.0217271063131106,0.000362676228927614,"Ed Dickson","CAR","TE",2017
"457","00-0026160",132,0.00398837369151681,0.0211506172088098,0.000362579426501528,"Aqib Talib","DEN","DB",2017
"458","00-0031172",928,0.00396857838395984,0.0227509496478179,0.000360779853087258,"Khyri Thornton","NYG","DL",2017
"459","00-0031177",932,0.003939989470301,0.0220247776162505,0.000358180860936455,"Brent Urban","BAL","DL",2017
"460","00-0030465",753,0.00393313154508958,0.0224622920491326,0.000357557413189962,"Kenjon Barner","PHI","RB",2017
"461","00-0031166",925,0.00393157450836737,0.0216837360626442,0.000357415864397034,"Seth Roberts","OAK","WR",2017
"462","00-0029289",515,0.00389886810349363,0.0219805304359171,0.000354442554863058,"Korey Toomer","LAC","LB",2017
"463","00-0031085",905,0.00387342677341758,0.0220453320984474,0.000352129706674326,"Jay Prosch","HOU","RB",2017
"464","00-0033880",1925,0.00387310146487219,0.0207184712246691,0.0003521001331702,"Charles Harris","MIA","DL",2017
"465","00-0032149",1276,0.00387084063146638,0.0220117265585691,0.00035189460286058,"John Miller","BUF","OL",2017
"466","00-0031189",937,0.00385372984301213,0.0215594868956867,0.000350339076637466,"T.J. Jones","DET","WR",2017
"467","00-0033403",1749,0.00383598791375628,0.0230998827387851,0.000348726173977843,"Cameron Malveaux","MIA","DL",2017
"468","00-0029888",632,0.00382879452086548,0.0218811038379397,0.000348072229169589,"Darryl Morris","NYG","DB",2017
"469","00-0031071",901,0.00382654688636889,0.0229295279702729,0.000347867898760809,"Caraun Reid","IND","DL",2017
"470","00-0028237",418,0.00382528922812191,0.0206681936644568,0.000347753566192901,"Chris Hogan","NE","WR",2017
"471","00-0032141",1270,0.00382159241607469,0.0219162291966356,0.000347417492370426,"Geoff Swaim","DAL","TE",2017
"472","00-0028091",395,0.003807111032323,0.0213897539382281,0.000346101002938455,"Jeremy Kerley","NYJ","WR",2017
"473","00-0028536",435,0.00378977378987378,0.0221412377294497,0.000344524889988526,"Bryan Braman","PHI","LB",2017
"474","00-0029641",584,0.00378765441770139,0.021098908534136,0.000344332219791036,"Tyrone Crawford","DAL","DL",2017
"475","00-0029575",558,0.00377015280434796,0.0230769821257009,0.000342741164031633,"Robert Blanton","BUF","DB",2017
"476","00-0021140",9,0.00376273334915388,0.0219639669118469,0.000342066668104898,"Julius Peppers","CAR","DL",2017
"477","00-0027732",279,0.00374211247507925,0.0212749027672708,0.000340192043189023,"Michael Hoomanawanui","NO","TE",2017
"478","00-0031943",1202,0.00372940978340808,0.0216807102750447,0.000339037253037098,"Ramik Wilson","KC","LB",2017
"479","00-0029076",476,0.00372609617944439,0.0222121890361561,0.000338736016313127,"Austin Pasztor","ATL","OL",2017
"480","00-0032766",1496,0.00369777889062651,0.0212829878394365,0.000336161717329683,"Jason Spriggs","GB","OL",2017
"481","00-0032955",1575,0.00369154524874264,0.0213555341278674,0.000335595022612967,"Kyler Fackrell","GB","LB",2017
"482","00-0033889",1934,0.00365001823897547,0.0215158157693882,0.00033181983990686,"Cam Robinson","JAX","OL",2017
"483","00-0032779",1506,0.00364083115824179,0.0220407531769308,0.000330984650749254,"Caleb Benenoch","TB","OL",2017
"484","00-0033420",1754,0.00364009413615117,0.0218285192719712,0.000330917648741016,"Donald Payne","JAX","LB",2017
"485","00-0028908",455,0.00363063504217154,0.0216560177748333,0.000330057731106504,"Michael Thomas","MIA","DB",2017
"486","00-0027743",281,0.00357760818687241,0.0227480253674004,0.000325237107897492,"Sherrick McManis","CHI","DB",2017
"487","00-0027691",271,0.00356685042134745,0.0228786871846061,0.000324259129213404,"Andre Roberts","ATL","WR",2017
"488","00-0033933",1975,0.00355240940841943,0.0227224183402582,0.000322946309856312,"Chad Williams","ARI","WR",2017
"489","00-0033110",1653,0.00352635187705201,0.0209469510371755,0.000320577443368365,"Tyler Higbee","LA","TE",2017
"490","00-0032892",1547,0.00351161116458659,0.0212783327794517,0.000319237378598781,"Nick Vigil","CIN","LB",2017
"491","00-0029878",629,0.00350434021134338,0.0227343051588374,0.000318576382849398,"MarQueis Gray","MIA","TE",2017
"492","00-0031208",941,0.00350216809165561,0.0221532641663614,0.000318378917423238,"Chris McCain","LAC","DL",2017
"493","00-0027991",359,0.00347649671824569,0.0220774658439604,0.000316045156204153,"Stephen Paea","DAL","DL",2017
"494","00-0032635",1451,0.00347507128477832,0.0218568045190984,0.000315915571343484,"Josh Hawkins","GB","DB",2017
"495","00-0031029",880,0.00345472091594079,0.0220984177093716,0.000314065537812799,"Seantrel Henderson","BUF","OL",2017
"496","00-0031570",1094,0.00345350554757643,0.0214304099352526,0.000313955049779675,"Justin Hardy","ATL","WR",2017
"497","00-0032661",1460,0.0034452976038441,0.0237262442213945,0.000313208873076737,"Ben Braunecker","CHI","TE",2017
"498","00-0027871",311,0.00343826235382408,0.0232273083480077,0.000312569304893098,"Sean Weatherspoon","ATL","LB",2017
"499","00-0023487",43,0.00343087656154174,0.0220158272283116,0.000311897869231067,"Khalif Barnes","ARI","OL",2017
"500","00-0022684",20,0.0034155191677508,0.0219112793271825,0.0003105017425228,"Donnie Jones","PHI","P",2017
"501","00-0031565",1090,0.00341223863427318,0.0213548877695606,0.000310203512206653,"Danielle Hunter","MIN","DL",2017
"502","00-0031534",1072,0.00339126051200577,0.021464099103698,0.000308296410182342,"La'el Collins","DAL","OL",2017
"503","00-0031911",1184,0.00338617802350497,0.0226160983276327,0.000307834365773179,"Rick Lovato","PHI","LS",2017
"504","00-0026213",143,0.0033762361635285,0.0220745496051998,0.000306930560320772,"Jamaal Charles","DEN","RB",2017
"505","00-0027980",352,0.00336680577508857,0.0218798669387617,0.000306073252280779,"Brooks Reed","ATL","DL",2017
"506","00-0026858",179,0.00334374386825992,0.022314759146426,0.000303976715296357,"Graham Gano","CAR","K",2017
"507","00-0029946",640,0.00334319786684333,0.0216324798989536,0.000303927078803939,"Abry Jones","JAX","DL",2017
"508","00-0031626",1125,0.00330947758784364,0.0222243466820537,0.000300861598894876,"Brian Mihalik","DET","OL",2017
"509","00-0033376",1739,0.00330453010742521,0.0219010183646867,0.000300411827947746,"Patrick Ricard","BAL","RB",2017
"510","00-0032147",1275,0.0032799325120043,0.0223594834284215,0.000298175682909482,"Ty Sambrailo","ATL","OL",2017
"511","00-0033464",1768,0.00327768238240197,0.0219064257570989,0.000297971125672906,"Jehu Chesson","KC","WR",2017
"512","00-0031614",1120,0.00326409440895092,0.0217892189018808,0.000296735855359175,"Obum Gwacham","NYJ","LB",2017
"513","00-0032392",1361,0.00325268972296219,0.0213207677846841,0.000295699065723835,"Austin Hooper","ATL","TE",2017
"514","00-0033326",1720,0.00325192470685632,0.022413556765107,0.00029562951880512,"Aviante Collins","MIN","OL",2017
"515","00-0033746",1876,0.00322389683726056,0.0231813027153153,0.000293081530660051,"Alex Barrett","DET","DL",2017
"516","00-0032171",1288,0.00320130365547816,0.0213220131470876,0.000291027605043469,"Hayes Pullard","LAC","LB",2017
"517","00-0033045",1607,0.00319802085834563,0.0216057355175311,0.000290729168940512,"Ezekiel Elliott","DAL","RB",2017
"518","00-0027282",234,0.0031861593902418,0.0215165994895317,0.000289650853658345,"Ben Garland","ATL","OL",2017
"519","00-0029208",494,0.00317774236507374,0.0213013309459891,0.000288885669552159,"Tyrunn Walker","LA","DL",2017
"520","00-0031136",920,0.00311695671695555,0.0220288506722556,0.000283359701541413,"Chris Boswell","PIT","K",2017
"521","00-0032087",1243,0.00310565640155366,0.0220455097126303,0.000282332400141242,"Josh Lambo","JAX","K",2017
"522","00-0029572",557,0.00310337455066113,0.0212891052607065,0.000282124959151012,"Jarius Wright","MIN","WR",2017
"523","00-0033337",1722,0.00309677059458421,0.0227147139959168,0.000281524599507655,"Brandon Bell","CIN","LB",2017
"524","00-0029886",631,0.00309024982079491,0.0208692589820765,0.000280931801890447,"LaAdrian Waddle","NE","OL",2017
"525","00-0033776",1884,0.00308012401977892,0.0233737843035931,0.000280011274525356,"Gimel President","HOU","LB",2017
"526","00-0032463",1405,0.00305618111022491,0.0229151242965606,0.000277834646384083,"Kyle Peko","DEN","DL",2017
"527","00-0033323",1718,0.00305279993855287,0.0212848306073923,0.00027752726714117,"Darrell Williams","SF","OL",2017
"528","00-0033576",1827,0.00304673994768475,0.0223890730655636,0.000276976358880432,"Eric Saubert","ATL","TE",2017
"529","00-0031558",1086,0.00304080941469376,0.0222957972787427,0.000276437219517614,"Maxx Williams","BAL","TE",2017
"530","00-0033871",1916,0.00303998457204764,0.0207560584152484,0.000276362233822513,"Corey Davis","TEN","WR",2017
"531","00-0032918",1555,0.00303721132422786,0.021011591209786,0.00027611012038435,"C.J. Ham","MIN","RB",2017
"532","00-0033260",1685,0.00302918167688826,0.02269496923856,0.000275380152444388,"Thomas Hennessy","NYJ","LS",2017
"533","00-0030516",771,0.00301298929299863,0.0225174336135225,0.00027390811754533,"Brice Butler","DAL","WR",2017
"534","00-0032116",1256,0.00300586168548036,0.0207365397382521,0.000273260153225487,"Darius Philon","LAC","DL",2017
"535","00-0030459",750,0.00298460160608809,0.0205655842319757,0.000271327418735281,"Tyrann Mathieu","ARI","DB",2017
"536","00-0031847",1172,0.00295251822610479,0.0226145790670774,0.000268410747827708,"Josh Keyes","CLE","LB",2017
"537","00-0031799",1161,0.00294917517867331,0.0201666764079556,0.000268106834424847,"Anthony Harris","MIN","DB",2017
"538","00-0033284",1696,0.00294004885691657,0.0227562342311646,0.000267277168810597,"Taylor Moton","CAR","OL",2017
"539","00-0024306",70,0.00292629780596594,0.0208566126109035,0.000266027073269631,"Frostee Rucker","ARI","DL",2017
"540","00-0033523",1782,0.00291901889525083,0.0226087206275144,0.000265365354113712,"Jonathan Allen","WAS","DL",2017
"541","00-0029657",588,0.00291686786338825,0.0206522638358443,0.000265169805762568,"Akiem Hicks","CHI","DL",2017
"542","00-0026027",122,0.00290914387590011,0.0231808602092757,0.000264467625081829,"J.J. Jansen","CAR","LS",2017
"543","00-0029795",622,0.00290649703336668,0.0221654448464162,0.000264227003033334,"Benny Cunningham","CHI","RB",2017
"544","00-0023173",31,0.00290291508150483,0.0229061280173323,0.000263901371045894,"John Denney","MIA","LS",2017
"545","00-0031384",1035,0.00289720513970715,0.022249167424741,0.000263382285427923,"Richard Rodgers","GB","TE",2017
"546","00-0031047",888,0.00288921247430729,0.0227419497359672,0.000262655679482481,"Spencer Long","WAS","OL",2017
"547","00-0026997",194,0.00288443473866728,0.0208847905374144,0.000262221339878844,"Alex Mack","ATL","OL",2017
"548","00-0032791",1517,0.00285594626768261,0.0217092226118248,0.000259631478880237,"Jakeem Grant","MIA","WR",2017
"549","00-0031235",946,0.00285036353483621,0.0230226186875199,0.000259123957712382,"Odell Beckham","NYG","WR",2017
"550","00-0031937",1196,0.00284885551052126,0.0219114093277834,0.000258986864592842,"Quinten Rollins","GB","DB",2017
"551","00-0026327",156,0.00284196334620834,0.0217508346619125,0.000258360304200758,"John Sullivan","LA","OL",2017
"552","00-0033050",1611,0.00281797180894061,0.0214914652880547,0.000256179255358237,"Xavien Howard","MIA","DB",2017
"553","00-0016919",3,0.00280898908990285,0.0228455082742347,0.000255362644536623,"Adam Vinatieri","IND","K",2017
"554","00-0031915",1186,0.00280521967730415,0.0216854991698724,0.000255019970664014,"John Timu","CHI","LB",2017
"555","00-0029630",579,0.00279437017482758,0.02252000858213,0.000254033652257052,"Michael Brockers","LA","DL",2017
"556","00-0033562",1816,0.00279432348246065,0.0225983254962818,0.000254029407496422,"Ryan Switzer","DAL","WR",2017
"557","00-0033424",1756,0.00278394372727175,0.0227281517908853,0.000253085793388341,"Riley Bullough","TB","LB",2017
"558","00-0027835",294,0.00278086552477,0.0212527875236231,0.000252805956797273,"Kurt Coleman","CAR","DB",2017
"559","00-0031607",1116,0.00278004114251558,0.0215290824104925,0.000252731012955962,"L.T. Walton","PIT","DL",2017
"560","00-0031363",1020,0.00277932317862646,0.0213996989468423,0.000252665743511497,"Michael Palardy","CAR","P",2017
"561","00-0029319",521,0.00277387077293941,0.0212611380393054,0.000252170070267219,"Josh Bellamy","CHI","WR",2017
"562","00-0027657",256,0.00276130239846393,0.0219380922033097,0.000251027490769449,"Lamarr Houston","CHI","LB",2017
"563","00-0031834",1170,0.00273866116254741,0.0234850275689328,0.000248969196595219,"Larry Pinkard","JAX","WR",2017
"564","00-0033070",1626,0.00273604286578706,0.022493292495172,0.000248731169617006,"Javien Elliott","TB","DB",2017
"565","00-0030887",855,0.00273520921322402,0.0220879419193635,0.000248655383020365,"Anthony Steen","MIA","OL",2017
"566","00-0033704",1867,0.00272486722701939,0.0222700221308493,0.000247715202456308,"James Onwualu","LAC","LB",2017
"567","00-0033445",1761,0.00272132046817648,0.0207678405369733,0.000247392769834226,"Nicholas Morrow","OAK","LB",2017
"568","00-0031209",942,0.00270946975607422,0.0214499605724564,0.000246315432370383,"Senorise Perry","MIA","RB",2017
"569","00-0030896",856,0.00270301645253022,0.0217006104023633,0.000245728768411838,"Chandler Catanzaro","NYJ","K",2017
"570","00-0030871",851,0.00268986754366959,0.0230328043951593,0.000244533413060872,"Garrison Smith","SEA","DL",2017
"571","00-0030585",807,0.00268465021996251,0.0214468435981755,0.000244059110905682,"Justin Pugh","NYG","OL",2017
"572","00-0033860",1910,0.00268167089316489,0.0211649021741838,0.00024378826301499,"Davon Godchaux","MIA","DL",2017
"573","00-0032438",1396,0.00268105646114255,0.0223018888306899,0.000243732405558413,"Maurice Canady","BAL","DB",2017
"574","00-0033058",1618,0.00268032128956185,0.022729934464586,0.00024366557177835,"Reggie Ragland","KC","LB",2017
"575","00-0032094",1244,0.00267187860727132,0.0216073601009959,0.000242898055206484,"Tyrell Adams","OAK","LB",2017
"576","00-0029422",537,0.00264740264839772,0.0209573250276602,0.000240672968036156,"Keith Tandy","TB","DB",2017
"577","00-0032580",1436,0.00263292470507651,0.0209244603865641,0.000239356791370591,"Jonathan Jones","NE","DB",2017
"578","00-0033468",1772,0.00262930694617324,0.0216998262848055,0.000239027904197567,"Ukeme Eligwe","KC","LB",2017
"579","00-0033913",1958,0.00262546472039125,0.0216034059669937,0.000238678610944659,"Chris Wormley","BAL","DL",2017
"580","00-0033783",1886,0.00262358711496411,0.021434990005572,0.000238507919542192,"Ahkello Witherspoon","SF","DB",2017
"581","00-0029159",488,0.00262340846988374,0.0215792841103549,0.00023849167908034,"Jermaine Kearse","NYJ","WR",2017
"582","00-0032362",1342,0.00261391088351019,0.0221123380248037,0.00023762826213729,"Maurice Harris","WAS","WR",2017
"583","00-0022927",26,0.00261144605606779,0.0215963766464912,0.000237404186915254,"Karlos Dansby","ARI","LB",2017
"584","00-0027891",319,0.00259705570853073,0.021933984770915,0.000236095973502793,"Golden Tate","DET","WR",2017
"585","00-0031254",954,0.00258822991795826,0.0201776534980743,0.000235293628905296,"Denico Autry","OAK","DL",2017
"586","00-0030513",769,0.0025810343987443,0.0231854846041113,0.000234639490794937,"Latavius Murray","MIN","RB",2017
"587","00-0033300",1708,0.00257903233089618,0.0227996919278984,0.000234457484626925,"Conor McDermott","BUF","OL",2017
"588","00-0026243",148,0.00257544412137087,0.021451816684252,0.000234131283760988,"William Hayes","MIA","DL",2017
"589","00-0032856",1537,0.00257066337743787,0.0234740809022038,0.00023369667067617,"C.J. Smith","CLE","DB",2017
"590","00-0027008",199,0.00253886123307235,0.0221821170934573,0.000230805566642941,"Ziggy Hood","WAS","DL",2017
"591","00-0033065",1623,0.00253001587175676,0.0213792832693674,0.000230001442886978,"Le'Raven Clark","IND","OL",2017
"592","00-0028031",376,0.00252998954769164,0.0217045301409433,0.000229999049790149,"Chris Conte","TB","DB",2017
"593","00-0032428",1388,0.00252664026830722,0.0222576184683506,0.000229694569846111,"Tyrone Holmes","KC","DL",2017
"594","00-0029561",551,0.00252591828705848,0.0210608815935326,0.000229628935187135,"Cordy Glenn","BUF","OL",2017
"595","00-0031567",1092,0.00251879331011978,0.0209501929648876,0.000228981210010889,"Daryl Williams","CAR","OL",2017
"596","00-0031627",1126,0.00251591521104683,0.0217866489625765,0.000228719564640621,"Corey Robinson","DET","OL",2017
"597","00-0032053",1226,0.00251433745021636,0.0214004642336157,0.000228576131837851,"Brandon Scherff","WAS","OL",2017
"598","00-0033738",1872,0.00250814527049125,0.0231994442199119,0.000228013206408295,"Otha Peters","WAS","LB",2017
"599","00-0031815",1166,0.00250552003205893,0.0218097498817481,0.000227774548368994,"Cameron Lynch","LA","LB",2017
"600","00-0032969",1584,0.00250523176779641,0.0219480443780019,0.000227748342526947,"Nick Martin","HOU","OL",2017
"601","00-0022127",15,0.00249893630881581,0.0216143355439218,0.000227176028074165,"Jason Witten","DAL","TE",2017
"602","00-0029747",615,0.0024772441535753,0.0230183290231785,0.000225204013961391,"Chris Banjo","NO","DB",2017
"603","00-0031261",961,0.00247078943741038,0.0214376319588591,0.000224617221582762,"Tre Boston","LAC","DB",2017
"604","00-0029053",472,0.00246662941335336,0.0205588830098835,0.000224239037577578,"Ryan Davis","BUF","DL",2017
"605","00-0031408",1048,0.00246211466059317,0.0210402699483438,0.00022382860550847,"Mike Evans","TB","WR",2017
"606","00-0027812",292,0.00246174393427676,0.0222524850494062,0.000223794903116069,"Dekoda Watson","SF","LB",2017
"607","00-0031533",1071,0.00245436516531515,0.021935336978849,0.000223124105937741,"Randall Telfer","CLE","TE",2017
"608","00-0027796",290,0.00245003640658402,0.021691751772243,0.000222730582416729,"Joe Webb","BUF","QB",2017
"609","00-0032621",1445,0.00244455708520536,0.0232038905513318,0.000222232462291396,"Rashawn Scott","MIA","WR",2017
"610","00-0031961",1213,0.00244409762593275,0.0225519454276306,0.000222190693266614,"Mark Nzeocha","SF","LB",2017
"611","00-0033400",1748,0.00243614715709044,0.0227732320750322,0.000221467923371858,"Matt Haack","MIA","P",2017
"612","00-0033787",1890,0.00242450349061665,0.0223793830849418,0.000220409408237877,"Jake Elliott","PHI","K",2017
"613","00-0031022",877,0.00242352059459922,0.0215918233673027,0.000220320054054475,"Laurent Duvernay-Tardif","KC","OL",2017
"614","00-0031922",1189,0.00242058977717441,0.0226471388976488,0.000220053616106765,"Khari Lee","BUF","TE",2017
"615","00-0026232",146,0.00241965574082659,0.0224903345461746,0.000219968703711508,"Cliff Avril","SEA","DL",2017
"616","00-0028012",370,0.0024179908807373,0.0220631548840673,0.0002198173527943,"Ryan Mallett","BAL","QB",2017
"617","00-0031676",1135,0.00241764205612149,0.0221729546727698,0.00021978564146559,"Joey Mbu","IND","DL",2017
"618","00-0031130",919,0.00241634970295184,0.0216929984623872,0.000219668154813803,"Christian Jones","CHI","LB",2017
"619","00-0027858",300,0.00241495518377681,0.0233455605931389,0.000219541380343346,"Eric Berry","KC","DB",2017
"620","00-0032745",1484,0.00239766125835306,0.0213287071915651,0.000217969205304824,"Alan Cross","TB","TE",2017
"621","00-0032938",1565,0.00239188628999322,0.0228719844059648,0.000217444208181201,"Darius Latham","OAK","DL",2017
"622","00-0024338",74,0.00239045210692248,0.0226049147605754,0.000217313827902043,"Domata Peko Sr.","DEN","DL",2017
"623","00-0033659",1852,0.00237876730717855,0.0232741307391605,0.000216251573379869,"Joe Jones","DEN","LB",2017
"624","00-0026832",175,0.00236504639714183,0.0214669532005034,0.000215004217921984,"Jonathan Casillas","NYG","LB",2017
"625","00-0031597",1113,0.0023647652331002,0.0215755260502962,0.000214978657554564,"Tye Smith","TEN","DB",2017
"626","00-0028111",403,0.00235902183828833,0.0218178901354588,0.000214456530753485,"Byron Maxwell","SEA","DB",2017
"627","00-0033675",1857,0.00235747231542082,0.0226988874681099,0.000214315665038256,"Dymonte Thomas","DEN","DB",2017
"628","00-0031801",1163,0.00230087249122221,0.0224475049031888,0.000209170226474746,"Jordan Leslie","DEN","WR",2017
"629","00-0031256",956,0.00230050144428281,0.0218834692326965,0.000209136494934801,"Anthony Barr","MIN","LB",2017
"630","00-0033894",1939,0.00230011654186093,0.0215680126662201,0.000209101503805539,"Marcus Williams","NO","DB",2017
"631","00-0033819",1897,0.00229822423133652,0.0218455483699716,0.000208929475576047,"Jamal Carter","DEN","DB",2017
"632","00-0026995",193,0.00229554865708599,0.0216273313198007,0.000208686241553272,"Jeremy Maclin","BAL","WR",2017
"633","00-0031544",1073,0.00229245629191459,0.0214610857967324,0.000208405117446781,"Amari Cooper","OAK","WR",2017
"634","00-0029586",563,0.00228924109733131,0.021761015114886,0.000208112827030119,"Derek Wolfe","DEN","DL",2017
"635","00-0027987",357,0.00228777038461448,0.0221457197456853,0.000207979125874043,"Ben Ijalana","NYJ","OL",2017
"636","00-0033963",2000,0.00228618601867589,0.0217874513089732,0.000207835092606899,"Tanzel Smart","LA","DL",2017
"637","00-0033940",1982,0.00227867815236464,0.0230925555126234,0.000207152559305876,"Jaleel Johnson","MIN","DL",2017
"638","00-0032761",1491,0.00226403326939969,0.0222018972226843,0.000205821206309062,"Robert Nkemdiche","ARI","DL",2017
"639","00-0027745",283,0.00226178053219023,0.0235927826952542,0.000205616412017293,"Cam Thomas","KC","DL",2017
"640","00-0032061",1234,0.00225891923981486,0.0230236907880386,0.000205356294528624,"Xavier Cooper","NYJ","DL",2017
"641","00-0028224",417,0.00225762315597993,0.0222330509035818,0.000205238468725448,"Chris Harris","DEN","DB",2017
"642","00-0031696",1139,0.00224881218457513,0.0226318182882364,0.000204437471325012,"Zaire Anderson","DEN","LB",2017
"643","00-0029670",592,0.00224710856025833,0.0220283065333539,0.000204282596387121,"Mark Barron","LA","LB",2017
"644","00-0031258",958,0.00222537534012905,0.0232692848546377,0.000202306849102641,"Jeremiah Attaochu","LAC","DL",2017
"645","00-0028912",456,0.00222471312745688,0.0221717002834226,0.000202246647950626,"Vontaze Burfict","CIN","LB",2017
"646","00-0033611",1845,0.00220909946166632,0.0223517421296024,0.000200827223787847,"Ricky Seals-Jones","ARI","TE",2017
"647","00-0027055",212,0.00220353743162325,0.0224306470170452,0.000200321584693023,"Roy Miller","KC","DL",2017
"648","00-0030469",754,0.00219796781140267,0.0216644821189768,0.000199815255582061,"Johnthan Banks","HOU","DB",2017
"649","00-0028103",401,0.00218855115329554,0.0224011024456578,0.00019895919575414,"Pernell McPhee","CHI","LB",2017
"650","00-0031191",938,0.00217796301133326,0.0224455604391382,0.000197996637393933,"Luke Bowanko","BAL","OL",2017
"651","00-0026857",178,0.00217251044245093,0.0228408699630717,0.000197500949313721,"Dannell Ellerbe","PHI","LB",2017
"652","00-0032916",1554,0.00215269867346244,0.0209460832605294,0.000195699879405676,"Trevor Williams","LAC","DB",2017
"653","00-0028292",424,0.0021420405064444,0.0219434390147259,0.000194730955131309,"Nick Bellore","DET","LB",2017
"654","00-0029304",519,0.00213514409181949,0.0206284771868653,0.000194104008347226,"Brad Nortman","JAX","P",2017
"655","00-0030621",811,0.0021344535371754,0.022641262518745,0.000194041230652309,"Michael Ola","LAC","OL",2017
"656","00-0031000",867,0.00212491712115438,0.0223955868779905,0.000193174283741307,"Trevor Reilly","NE","LB",2017
"657","00-0032449",1400,0.00210976507045531,0.0213362849018634,0.000191796824586846,"Lac Edwards","NYJ","P",2017
"658","00-0030864",849,0.00210449037816437,0.0232629574346658,0.000191317307105852,"Anthony Johnson","IND","DL",2017
"659","00-0031492",1065,0.0020985682072346,0.0220683021924372,0.000190778927930418,"Jason Myers","JAX","K",2017
"660","00-0033862",1911,0.00209493672732746,0.0219736361652022,0.000190448793393406,"Zane Gonzalez","CLE","K",2017
"661","00-0031895",1179,0.0020909524412854,0.0230560750204653,0.0001900865855714,"Ronald Martin","IND","DB",2017
"662","00-0033960",1997,0.00208649875802851,0.0226168611541719,0.000189681705275319,"Danny Isidora","MIN","OL",2017
"663","00-0031728",1145,0.00207677482292538,0.0226821470462017,0.000188797711175035,"Zach Vigil","WAS","LB",2017
"664","00-0028787",444,0.00207273771940283,0.022905339670566,0.000188430701763893,"Kai Forbath","MIN","K",2017
"665","00-0033580",1831,0.00205583794661794,0.022292116258738,0.000186894358783449,"Tanner Vallejo","BUF","LB",2017
"666","00-0030457",749,0.0020522036776177,0.0215866663286852,0.000186563970692518,"Tank Carradine","SF","DL",2017
"667","00-0025473",102,0.00204704950804518,0.0210663798592388,0.000186095409822289,"Marshal Yanda","BAL","OL",2017
"668","00-0024281",69,0.00202486226882124,0.0221462709834624,0.000184078388074658,"Eric Winston","CIN","OL",2017
"669","00-0032569",1430,0.0020167178755389,0.0213829605061359,0.000183337988685354,"Wil Lutz","NO","K",2017
"670","00-0031738",1148,0.00200280602534358,0.0224824433782824,0.000182073275031235,"Justin Currie","CLE","DB",2017
"671","00-0033916",1961,0.00199265499737746,0.0222925395253187,0.000181150454307042,"ArDarius Stewart","NYJ","WR",2017
"672","00-0032921",1556,0.00198210288735547,0.0225652925330842,0.00018019117157777,"Zach Sterup","MIA","OL",2017
"673","00-0031583",1103,0.00197921299850918,0.0219077087362305,0.000179928454409925,"Grady Jarrett","ATL","DL",2017
"674","00-0032115",1255,0.00197386327133462,0.0215958357016554,0.000179442115575875,"Kaelin Clay","CAR","WR",2017
"675","00-0031636",1130,0.00195498122651357,0.0223418630534853,0.000177725566046688,"Justin Hamilton","KC","DL",2017
"676","00-0032455",1403,0.00195491428979345,0.0217500109123023,0.000177719480890314,"Austin Blythe","LA","OL",2017
"677","00-0029955",641,0.00195434943064324,0.0221368863907982,0.000177668130058476,"LaRoy Reynolds","ATL","LB",2017
"678","00-0032050",1224,0.00195049055199039,0.0224941291114249,0.000177317322908217,"Corey Moore","HOU","DB",2017
"679","00-0031181",933,0.00193124464396317,0.0211407430126445,0.000175567694905743,"Ricardo Allen","ATL","DB",2017
"680","00-0032486",1412,0.00191887742688336,0.0225887180201032,0.000174443402443941,"Kameron Canaday","PIT","LS",2017
"681","00-0033895",1940,0.00191758314572369,0.0222012289971011,0.000174325740520336,"Gerald Everett","LA","TE",2017
"682","00-0027872",312,0.00191742928520138,0.0223555163408799,0.000174311753200125,"Kareem Jackson","HOU","DB",2017
"683","00-0032804",1526,0.00190506559160596,0.0228000018733362,0.000173187781055087,"Daniel Lasco","NO","RB",2017
"684","00-0029205",493,0.00189779337968588,0.022990590728876,0.000172526670880534,"Travaris Cadet","BUF","RB",2017
"685","00-0032934",1562,0.00189502672705738,0.0215265775899941,0.000172275157005217,"Tony McRae","CIN","DB",2017
"686","00-0026944",182,0.00188454236319585,0.0221157774831996,0.000171322033017805,"Captain Munnerlyn","CAR","DB",2017
"687","00-0033631",1846,0.00187711401542156,0.0223815348419714,0.000170646728674687,"Rashaad Coward","CHI","DL",2017
"688","00-0033234",1678,0.00186473928846475,0.0224782841917858,0.000169521753496796,"Chris Odom","GB","LB",2017
"689","00-0030737",831,0.00184619724041186,0.0224664231458669,0.000167836112764715,"Freddie Martino","TB","WR",2017
"690","00-0027089",218,0.00183970911988703,0.0229130172869113,0.000167246283626094,"Louis Murphy","SF","WR",2017
"691","00-0026166",134,0.00183552092161561,0.0210960039877606,0.000166865538328692,"Duane Brown","SEA","OL",2017
"692","00-0033024",1600,0.00182250150830467,0.0214075182426622,0.000165681955300425,"Branden Jackson","SEA","DL",2017
"693","00-0027756",284,0.0017905723700883,0.0225772975215776,0.000162779306371664,"Arthur Jones","WAS","DL",2017
"694","00-0033791",1893,0.00178738741897532,0.0222974507835891,0.000162489765361393,"Brandon Wilson","CIN","DB",2017
"695","00-0025434",97,0.00178659169539665,0.0227444928868932,0.000162417426854241,"David Harris","NE","LB",2017
"696","00-0029111",479,0.00178581990846837,0.0221456853371362,0.000162347264406215,"Derrick Shelby","ATL","DL",2017
"697","00-0030579",805,0.0017830494400036,0.0215809375358806,0.000162095403636691,"Menelik Watson","DEN","OL",2017
"698","00-0032703",1471,0.00177827565620894,0.0230415982893259,0.000161661423291721,"Rodney Coe","DET","DL",2017
"699","00-0025555",108,0.00176424198027869,0.0206316920770889,0.00016038563457079,"Corey Graham","PHI","DB",2017
"700","00-0033512",1779,0.00176290212919283,0.0221464693986911,0.000160263829926621,"Damontae Kazee","ATL","DB",2017
"701","00-0029421",536,0.00176144914953995,0.0220422076868221,0.000160131740867268,"Randy Bullock","CIN","K",2017
"702","00-0033345",1726,0.00175742053334757,0.0223762052392701,0.000159765503031597,"Kent Perkins","CIN","OL",2017
"703","00-0030687",824,0.0017457853414736,0.0224934855561495,0.000158707758315782,"Deontae Skinner","NYG","LB",2017
"704","00-0028101",400,0.00174203377395852,0.0217790110026058,0.000158366706723502,"Daniel Kilgore","SF","OL",2017
"705","00-0033280",1692,0.00173918980555857,0.0218551659124211,0.000158108164141688,"Christian McCaffrey","CAR","RB",2017
"706","00-0033038",1603,0.00173651511677759,0.0215229843117364,0.000157865010616144,"Eric Murray","KC","DB",2017
"707","00-0033566",1818,0.00173454556168557,0.0211650024422466,0.000157685960153234,"Desmond King","LAC","DB",2017
"708","00-0023298",35,0.0017329838767075,0.022838336471676,0.000157543988791591,"L.P. LaDouceur","DAL","LS",2017
"709","00-0028932",458,0.00171637486791127,0.0224128680980251,0.000156034078901024,"L.J. Fort","PIT","LB",2017
"710","00-0031031",881,0.00171002278329901,0.0222614689403357,0.000155456616663547,"Brent Qvale","NYJ","OL",2017
"711","00-0029263",507,0.00170838997630118,0.0212453166107536,0.000155308179663744,"Russell Wilson","SEA","QB",2017
"712","00-0030117",686,0.00170695401474845,0.0213778877136948,0.000155177637704404,"Kerwynn Williams","ARI","RB",2017
"713","00-0026280",151,0.00169984408838181,0.0219761222392127,0.000154531280761983,"Brandon Carr","BAL","DB",2017
"714","00-0031959",1212,0.001688573178703,0.0233399879521778,0.000153506652609364,"Marcus Murphy","BUF","RB",2017
"715","00-0031624",1124,0.00168152684265522,0.0225018595464933,0.00015286607660502,"Edmond Robinson","ARI","LB",2017
"716","00-0033336",1721,0.00168078316277698,0.0216976690923277,0.000152798469343362,"Eric Wilson","MIN","LB",2017
"717","00-0032926",1558,0.00166470629852204,0.0228957151287197,0.000151336936229276,"K.J. Brent","IND","WR",2017
"718","00-0032107",1250,0.00166446449331051,0.0220826370395358,0.000151314953937319,"Angelo Blackson","HOU","DL",2017
"719","00-0031331",998,0.00165866172155316,0.0220932005604928,0.000150787429232105,"Pierre Desir","IND","DB",2017
"720","00-0031332",999,0.00165818756078836,0.0223845166803406,0.000150744323708033,"Fitzgerald Toussaint","PIT","RB",2017
"721","00-0033974",2007,0.0016580371785228,0.022957745649321,0.000150730652592981,"Ejuan Price","LA","LB",2017
"722","00-0032078",1240,0.00164123158437192,0.0232309858604623,0.000149202871306538,"Tyreek Burwell","IND","OL",2017
"723","00-0029664",589,0.00162742388740373,0.022417662411866,0.000147947626127612,"Josh Gordon","CLE","WR",2017
"724","00-0033399",1747,0.00162405197415223,0.0224117474885996,0.000147641088559293,"Chase Allen","MIA","LB",2017
"725","00-0031502",1066,0.00160068220008997,0.0227788992535715,0.000145516563644543,"Jordan Berry","PIT","P",2017
"726","00-0029738",613,0.00159559298647252,0.0223945372371147,0.000145053907861139,"Darren Fells","DET","TE",2017
"727","00-0024183",58,0.00159236423418846,0.0210089976928284,0.000144760384926223,"Brent Grimes","TB","DB",2017
"728","00-0031297",980,0.00157092096355529,0.0226696704341332,0.000142810996686845,"Dee Ford","KC","LB",2017
"729","00-0028118",407,0.00154451772904435,0.0216925102403658,0.000140410702640396,"Tyrod Taylor","BUF","QB",2017
"730","00-0030126",688,0.00154438915494831,0.0214926349713047,0.00014039901408621,"T.J. Johnson","CIN","OL",2017
"731","00-0032894",1548,0.00153554993215797,0.0233640197635058,0.000139595448377997,"Joshua Perry","IND","LB",2017
"732","00-0030590",808,0.00153484116941341,0.0222464506873244,0.000139531015401219,"Jonathan Cooper","DAL","OL",2017
"733","00-0029570",556,0.00152799642441832,0.0222043334767182,0.000138908765856211,"Nate Ebner","NE","DB",2017
"734","00-0033956",1995,0.00150727676564681,0.0219355692620825,0.000137025160513346,"Marquel Lee","OAK","LB",2017
"735","00-0033362",1733,0.00150265657941607,0.0222156031167704,0.000136605143583279,"Lenzy Pipkins","GB","DB",2017
"736","00-0031122",916,0.0014851603602749,0.0209029544472734,0.000135014578206809,"Andrew Norwell","CAR","OL",2017
"737","00-0026784",173,0.0014665368884382,0.0222063658792248,0.000133321535312563,"Evan Smith","TB","OL",2017
"738","00-0029901",637,0.00146334871823088,0.021515182742718,0.000133031701657352,"Rashaan Melvin","IND","DB",2017
"739","00-0029040",470,0.00145118847128687,0.020939072808081,0.000131926224662443,"Damon Harrison","NYG","DL",2017
"740","00-0033784",1887,0.00144563620825875,0.0215840842625837,0.000131421473478068,"Eddie Jackson","CHI","DB",2017
"741","00-0033700",1865,0.00144421372133059,0.0222691268420788,0.0001312921564846,"Nigel Harris","TB","LB",2017
"742","00-0033415",1753,0.00143368390109396,0.0218054347224294,0.000130334900099451,"Maurice Smith","MIA","DB",2017
"743","00-0033897",1942,0.00142224550862505,0.0206908707803041,0.000129295046238641,"Joe Mixon","CIN","RB",2017
"744","00-0030899",857,0.00141088099372174,0.0224150423993163,0.000128261908520158,"Garry Gilliam","SF","OL",2017
"745","00-0031350",1013,0.00141060111360114,0.0233374262505436,0.000128236464872831,"Corey Nelson","DEN","LB",2017
"746","00-0032353",1339,0.00140707447055549,0.0217244156726886,0.00012791586095959,"Chris Milton","IND","DB",2017
"747","00-0031646",1131,0.00139467935702728,0.0226734666995553,0.000126789032457025,"Brett Boyko","LAC","OL",2017
"748","00-0027044",211,0.00139160395450187,0.0202422600589107,0.000126509450409261,"Michael Johnson","CIN","DL",2017
"749","00-0033350",1729,0.00138436231375711,0.0223735602409545,0.000125851119432464,"Donatello Brown","GB","DB",2017
"750","00-0031902",1182,0.00136862209341928,0.0228602424765727,0.000124420190310843,"Jonathan Anderson","CHI","LB",2017
"751","00-0032200",1295,0.00136116885516903,0.0219864748692019,0.000123742623197184,"Ty Montgomery","GB","RB",2017
"752","00-0030001",647,0.00135529458868871,0.0230598296873334,0.000123208598971701,"Joe Vellano","ATL","DL",2017
"753","00-0027652",252,0.00134980011635887,0.022147876562381,0.00012270910148717,"Nate Allen","MIA","DB",2017
"754","00-0033748",1877,0.00134868130201175,0.0221261186752152,0.000122607391091977,"Tion Green","DET","RB",2017
"755","00-0033676",1858,0.0013425951453904,0.0239370792355819,0.0001220541041264,"Elijah Wilkinson","DEN","OL",2017
"756","00-0031796",1160,0.00134168062769259,0.020779967519956,0.000121970966153871,"Justin Coleman","SEA","DB",2017
"757","00-0024389",77,0.00133608631922941,0.0218083428475041,0.000121462392657219,"Delanie Walker","TEN","TE",2017
"758","00-0026138",125,0.00133422476103632,0.0221656251299032,0.000121293160094211,"Connor Barth","CHI","K",2017
"759","00-0032388",1358,0.00133234956022683,0.0224055597760603,0.000121122687293348,"Deion Jones","ATL","LB",2017
"760","00-0032397",1365,0.00131585244437076,0.0221630688817393,0.000119622949488251,"Rees Odhiambo","SEA","OL",2017
"761","00-0031407",1047,0.00131440942577683,0.0218940607869961,0.000119491765979712,"Blake Bortles","JAX","QB",2017
"762","00-0032643",1454,0.0013104385006689,0.0228721520256478,0.000119130772788082,"Michael Hunter","DEN","DB",2017
"763","00-0027862",304,0.00130719186346784,0.0216432223571899,0.000118835623951621,"Tyson Alualu","PIT","DL",2017
"764","00-0028074",388,0.00129693172676056,0.0210050309515244,0.00011790288425096,"Anthony Sherman","KC","RB",2017
"765","00-0030411",732,0.00128179444934116,0.022143169616292,0.000116526768121924,"Logan Ryan","TEN","DB",2017
"766","00-0032809",1528,0.00127780372380103,0.0219779232780445,0.000116163974891003,"Joe Walker","PHI","LB",2017
"767","00-0031267",966,0.0012771853357625,0.0220295137542286,0.000116107757796591,"Antone Exum","SF","DB",2017
"768","00-0033064",1622,0.00127251840857095,0.0215029838323141,0.000115683491688268,"Adam Gotsis","DEN","DL",2017
"769","00-0030626",812,0.00126711225320212,0.0230514259171716,0.000115192023018375,"Patrick Murray","TB","K",2017
"770","00-0032402",1369,0.00126527848734462,0.0223107434356474,0.000115025317031329,"Hassan Ridgeway","IND","DL",2017
"771","00-0033277",1691,0.00126344217231689,0.0222926264857869,0.000114858379301536,"Kyle Kalis","WAS","OL",2017
"772","00-0031270",968,0.00125692586700559,0.0220671660872212,0.000114265987909599,"Shelby Harris","DEN","DL",2017
"773","00-0033470",1774,0.00124010438356391,0.0235797706876116,0.000112736762142174,"Leon McQuay III","KC","DB",2017
"774","00-0031079",904,0.00122100796213016,0.0219391218355466,0.000111000723830015,"Pat O'Donnell","CHI","P",2017
"775","00-0032939",1566,0.00122076155158876,0.0212995800153379,0.000110978322871706,"Vonn Bell","NO","DB",2017
"776","00-0027187",225,0.00120546447914909,0.0213677972053886,0.000109587679922644,"Matt Overton","JAX","LS",2017
"777","00-0031428",1058,0.00120257602092227,0.0227280357704585,0.000109325092811115,"Allen Robinson","JAX","WR",2017
"778","00-0030792",842,0.00119879385720996,0.0215379397410734,0.00010898125974636,"Justin McCray","GB","OL",2017
"779","00-0030412",733,0.0011958955638839,0.0223064317498871,0.0001087177785349,"Shamarko Thomas","BUF","DB",2017
"780","00-0029693",606,0.00119519260472519,0.0225870234949575,0.000108653873156836,"Olivier Vernon","NYG","DL",2017
"781","00-0030544",786,0.00119300590629702,0.0222183367001545,0.000108455082390639,"Gavin Escobar","BAL","TE",2017
"782","00-0028263",421,0.00119245576377287,0.0212430235961603,0.000108405069433897,"Andre Holmes","BUF","WR",2017
"783","00-0030993",865,0.00118829394817689,0.0228671099727824,0.000108026722561536,"Aaron Lynch","SF","DL",2017
"784","00-0032859",1538,0.0011787519168673,0.0228035128209426,0.000107159265169754,"Destiny Vaeao","PHI","DL",2017
"785","00-0032650",1456,0.00116939734663904,0.0233668988272833,0.000106308849694459,"Ryan Malleck","HOU","TE",2017
"786","00-0028943",459,0.00114864136304674,0.0232760880749122,0.000104421942095158,"Steven Johnson","BAL","LB",2017
"787","00-0026968",185,0.00114534885917398,0.0235078068046054,0.000104122623561271,"Ryan Succop","TEN","K",2017
"788","00-0033595",1841,0.00113506019732779,0.023665170954676,0.000103187290666163,"Pat O'Connor","TB","DL",2017
"789","00-0023853",53,0.00113283143097399,0.0230685278311177,0.00010298467554309,"Matt Prater","DET","K",2017
"790","00-0028664",439,0.0011310273579092,0.0229588909785798,0.000102820668900837,"Chris Jones","DAL","P",2017
"791","00-0031301",983,0.00112812180858557,0.022797918566634,0.000102556528053233,"Jeremy Hill","CIN","RB",2017
"792","00-0032970",1585,0.00112044661613228,0.0209956195350585,0.000101858783284752,"Jordan Jenkins","NYJ","LB",2017
"793","00-0028110",402,0.00111902670840324,0.0219711240547776,0.000101729700763931,"Brandon Fusco","SF","OL",2017
"794","00-0033285",1697,0.00110874947026947,0.0228812737904076,0.000100795406388134,"Daeshon Hall","CAR","DL",2017
"795","00-0033344",1725,0.00110647644344792,0.0221154005637964,0.000100588767586174,"Hardy Nickerson","CIN","LB",2017
"796","00-0032965",1580,0.00109317806870165,0.0222865240848014,9.93798244274224e-05,"Ronnie Stanley","BAL","OL",2017
"797","00-0031020",875,0.0010845825415448,0.0230906184460809,9.85984128677094e-05,"Keith Reaser","KC","DB",2017
"798","00-0033324",1719,0.00107864118858848,0.0231138362721218,9.80582898716797e-05,"Tashawn Bower","MIN","DL",2017
"799","00-0032994",1593,0.00107233740440746,0.0222374886429985,9.74852185824965e-05,"Jeremy Cash","CLE","LB",2017
"800","00-0031371",1026,0.0010601941981907,0.021300105778978,9.63812907446093e-05,"Marcus Smith","SEA","DL",2017
"801","00-0030427",737,0.00104485954516018,0.0215952216449341,9.49872313781984e-05,"Kemal Ishmael","ATL","DB",2017
"802","00-0031006",869,0.00103029798120588,0.0228820327584728,9.3663452836898e-05,"Robert Thomas","NYG","DL",2017
"803","00-0023564",47,0.00102706621821161,0.0222371507085714,9.33696562010551e-05,"Darren Sproles","PHI","RB",2017
"804","00-0031280",973,0.00102477270565642,0.0213513996535112,9.31611550596747e-05,"Derek Carr","OAK","QB",2017
"805","00-0031743",1150,0.00102470809781759,0.0223455592566458,9.31552816197808e-05,"Akeem Hunt","KC","RB",2017
"806","00-0028059",382,0.00102274799582417,0.0218756560605095,9.29770905294699e-05,"Chris Prosinski","CHI","DB",2017
"807","00-0033998",2012,0.00101281081137973,0.02349912891582,9.207371012543e-05,"Chunky Clements","HOU","DL",2017
"808","00-0031818",1167,0.00100995407610445,0.0230628612026782,9.18140069185864e-05,"Bradley Marquez","DET","WR",2017
"809","00-0033587",1835,0.00100704638935605,0.0238129395912143,9.15496717596405e-05,"Jalen Myrick","JAX","DB",2017
"810","00-0028080",391,0.0010027585288851,0.0197472204858106,9.11598662622817e-05,"Karl Klug","TEN","DL",2017
"811","00-0033006",1596,0.000999974350636006,0.0217253354328302,9.09067591487278e-05,"Jaydon Mickens","JAX","WR",2017
"812","00-0033296",1704,0.000976926152911997,0.0223184012252549,8.88114684465452e-05,"Alex Armah","CAR","RB",2017
"813","00-0026184",136,0.000969824417363827,0.0218536495835437,8.81658561239843e-05,"Matt Forte","NYJ","RB",2017
"814","00-0033531",1790,0.000964614222721367,0.0229280918758589,8.76922020655788e-05,"Colin Holba","JAX","LS",2017
"815","00-0030392",726,0.000956398064769272,0.0217272623952618,8.69452786153883e-05,"Michael Mauti","NO","LB",2017
"816","00-0033893",1938,0.00095611396292694,0.0214948055058326,8.69194511751764e-05,"Dalvin Cook","MIN","RB",2017
"817","00-0027939",324,0.00094103660217299,0.0219668811964668,8.55487820157264e-05,"Cam Newton","CAR","QB",2017
"818","00-0033118",1659,0.00093613216171757,0.0207268396918174,8.51029237925064e-05,"Kenyan Drake","MIA","RB",2017
"819","00-0032784",1511,0.000924872617818236,0.0224850410520488,8.40793288925669e-05,"Kevin Hogan","CLE","QB",2017
"820","00-0032966",1581,0.000886554337335276,0.0207838298862121,8.05958488486615e-05,"Corey Coleman","CLE","WR",2017
"821","00-0033303",1710,0.000882008532039789,0.0227377424978238,8.0182593821799e-05,"Harrison Butker","KC","K",2017
"822","00-0033997",2011,0.000874853794164256,0.0229918776049623,7.95321631058414e-05,"Brady Sheldon","OAK","LB",2017
"823","00-0033945",1986,0.000869062808490146,0.0215406758127922,7.90057098627405e-05,"Samson Ebukam","LA","LB",2017
"824","00-0030386",723,0.000868811789431007,0.0215596216416634,7.89828899482733e-05,"William Gholston","TB","DL",2017
"825","00-0024424",80,0.000867455204847655,0.0218527642259005,7.88595640770595e-05,"Zach Strief","NO","OL",2017
"826","00-0028903",453,0.000862781743439323,0.0206651194139407,7.84347039490294e-05,"Garrett Celek","SF","TE",2017
"827","00-0025557",109,0.000860374827370105,0.0215124809810603,7.82158933972823e-05,"William Gay","PIT","DB",2017
"828","00-0033955",1994,0.000860107360963239,0.0232111623542919,7.81915782693854e-05,"Jeremy McNichols","SF","RB",2017
"829","00-0031411",1050,0.000858325299917543,0.0209367893906974,7.80295727197766e-05,"Demarcus Lawrence","DAL","DL",2017
"830","00-0030070",667,0.000855032192655883,0.0220389935496258,7.7730199332353e-05,"John Jenkins","CHI","DL",2017
"831","00-0027854",296,0.000852203417072445,0.0220101351471441,7.74730379156768e-05,"Sam Bradford","MIN","QB",2017
"832","00-0032810",1529,0.000848973757177671,0.0229420141304057,7.71794324706974e-05,"Kalan Reed","TEN","DB",2017
"833","00-0033592",1839,0.00084193686520008,0.0229000365141331,7.65397150181891e-05,"Kyle Fuller","HOU","OL",2017
"834","00-0033392",1745,0.000835656311654442,0.0225412693054851,7.59687556049492e-05,"Harvey Langi","NE","LB",2017
"835","00-0033527",1786,0.000833838171068352,0.0222637398868141,7.58034700971229e-05,"Montae Nicholson","WAS","DB",2017
"836","00-0032422",1384,0.000826788912187099,0.0215257113638756,7.51626283806454e-05,"Kentrell Brothers","MIN","LB",2017
"837","00-0024227",61,0.000825238483844776,0.0217104145454597,7.50216803495251e-05,"Haloti Ngata","DET","DL",2017
"838","00-0029266",508,0.000824006775658206,0.0220724759163914,7.49097068780187e-05,"John Hughes","NO","DL",2017
"839","00-0032198",1294,0.000822340347608514,0.0211904126780815,7.47582134189559e-05,"Ibraheim Campbell","HOU","DB",2017
"840","00-0032403",1370,0.000820290144915858,0.0217028121615703,7.45718313559871e-05,"Juston Burris","NYJ","DB",2017
"841","00-0031076",903,0.00080357868894206,0.0232853434022415,7.30526080856418e-05,"David Fales","MIA","QB",2017
"842","00-0032771",1499,0.000799219318869131,0.0230675869162758,7.26563017153756e-05,"Parker Ehinger","KC","OL",2017
"843","00-0023500",44,0.000793895766224009,0.0217501753315803,7.21723423840008e-05,"Frank Gore","IND","RB",2017
"844","00-0032508",1417,0.000789739096773227,0.0227324816412392,7.17944633430206e-05,"Hakeem Valles","DET","TE",2017
"845","00-0032151",1278,0.000770686655958675,0.0227119161934207,7.00624232689705e-05,"Jon Feliciano","OAK","OL",2017
"846","00-0027375",238,0.000766365282428775,0.0223605755115851,6.96695711298887e-05,"Tramaine Brock","MIN","DB",2017
"847","00-0026989",189,0.000745125755542611,0.0216966771916112,6.77387050493283e-05,"Brian Orakpo","TEN","LB",2017
"848","00-0033962",1999,0.000724277538655678,0.0219490393629104,6.58434126050616e-05,"Caleb Brantley","CLE","DL",2017
"849","00-0032375",1346,0.000718087901147211,0.023144663660099,6.52807182861101e-05,"Joe Kerridge","GB","RB",2017
"850","00-0032769",1498,0.000714161939481378,0.0229137242661345,6.49238126801253e-05,"Brandon Williams","ARI","DB",2017
"851","00-0030486",760,0.000710742056337186,0.0219520066288442,6.46129142124714e-05,"Brian Schwenke","TEN","OL",2017
"852","00-0031940",1199,0.000704765134931023,0.0219818495156768,6.40695577210021e-05,"Geneo Grissom","NE","LB",2017
"853","00-0032578",1435,0.000704078580226472,0.0237375464370092,6.4007143656952e-05,"Woodrow Hamilton","NO","DL",2017
"854","00-0027685",267,0.000703486066416503,0.0210527700007504,6.39532787651366e-05,"Emmanuel Sanders","DEN","WR",2017
"855","00-0030694",825,0.000703418304258671,0.0221949974450458,6.39471185689701e-05,"James Hurst","BAL","OL",2017
"856","00-0030060",657,0.000700783164141397,0.0217994667057174,6.37075603764906e-05,"Kenny Vaccaro","NO","DB",2017
"857","00-0033242",1679,0.00068062720931355,0.0219115774607239,6.18752008466863e-05,"Jermaine Grace","IND","LB",2017
"858","00-0027867",307,0.000679095848270447,0.0218169686263265,6.17359862064042e-05,"Jason Pierre-Paul","NYG","DL",2017
"859","00-0032656",1458,0.000655188053862732,0.0223894537823198,5.95625503511574e-05,"Darius Powe","NYG","WR",2017
"860","00-0032667",1461,0.000647769191949991,0.0212490538946794,5.88881083590901e-05,"Roy Robertson-Harris","CHI","DL",2017
"861","00-0033594",1840,0.000647499597100332,0.0224868567266876,5.88635997363938e-05,"Chris Carson","SEA","RB",2017
"862","00-0031399",1043,0.000634470163672966,0.023220819863057,5.76791057884515e-05,"Demetrius Rhaney","WAS","OL",2017
"863","00-0029259",505,0.000631192668594822,0.021331533379183,5.73811516904384e-05,"Kelechi Osemele","OAK","OL",2017
"864","00-0031418",1054,0.000625429058647109,0.0212958925504592,5.68571871497372e-05,"Austin Seferian-Jenkins","NYJ","TE",2017
"865","00-0028002",364,0.000623476336903122,0.0215264628651214,5.66796669911929e-05,"Randall Cobb","GB","WR",2017
"866","00-0033972",2005,0.000621895574293189,0.0232562932449072,5.65359612993808e-05,"Jylan Ware","OAK","OL",2017
"867","00-0024334",73,0.000617347059443527,0.0227122973883033,5.61224599494116e-05,"Brandon Marshall","NYG","WR",2017
"868","00-0030161",699,0.000610376380109444,0.0211978064856268,5.54887618281313e-05,"Bradley McDougald","SEA","DB",2017
"869","00-0032131",1264,0.000602928216388102,0.0210709229429988,5.4811656035282e-05,"Rodney Gunter","ARI","DL",2017
"870","00-0032677",1465,0.00059507719450673,0.0213755093769246,5.40979267733391e-05,"Cory Littleton","LA","LB",2017
"871","00-0033863",1912,0.000576299950982834,0.0229460514425376,5.23909046348031e-05,"Dan Skipper","DET","OL",2017
"872","00-0033658",1851,0.000566694961480324,0.0220062423598807,5.15177237709386e-05,"Blake Jarwin","DAL","TE",2017
"873","00-0030555",792,0.000562193215090024,0.0228924505039216,5.11084740990931e-05,"Dion Jordan","SEA","DL",2017
"874","",1,0.000559265785277326,0.0240182391373821,5.08423441161205e-05,NA,NA,NA,NA
"875","00-0030155",697,0.000535487190368802,0.0208330524639017,4.86806536698911e-05,"Demetrius Harris","KC","TE",2017
"876","00-0033530",1789,0.000527471588738948,0.0238552047753784,4.79519626126316e-05,"Robert Davis","WAS","WR",2017
"877","00-0032395",1364,0.000518248648646723,0.0214433022755682,4.71135135133385e-05,"Graham Glasgow","DET","OL",2017
"878","00-0032790",1516,0.000517711850823958,0.0224171515192983,4.70647137112689e-05,"DeAndre Houston-Carson","CHI","DB",2017
"879","00-0029690",603,0.000509925776852074,0.0218440646545302,4.6356888804734e-05,"Trumaine Johnson","LA","DB",2017
"880","00-0026544",164,0.000507033824579915,0.0227010110371357,4.60939840527195e-05,"Chase Daniel","NO","QB",2017
"881","00-0033696",1862,0.000498639374004158,0.0227295045786561,4.53308521821961e-05,"Sean Culkin","LAC","TE",2017
"882","00-0032167",1286,0.000497663339498514,0.0232143825668541,4.52421217725922e-05,"P.J. Dawson","SEA","LB",2017
"883","00-0033199",1676,0.000488958397743716,0.02247155676561,4.44507634312469e-05,"Taybor Pepper","GB","LS",2017
"884","00-0031335",1002,0.000486814571408071,0.0220636164331599,4.42558701280065e-05,"Cyrus Kouandjio","DEN","OL",2017
"885","00-0033347",1727,0.000476971237383927,0.0231869617829035,4.3361021580357e-05,"Josh Tupou","CIN","DL",2017
"886","00-0029682",598,0.000473529595232998,0.0219485704807396,4.30481450211817e-05,"Brock Osweiler","DEN","QB",2017
"887","00-0032803",1525,0.000468792811188464,0.022073534028466,4.26175282898603e-05,"Jalen Mills","PHI","DB",2017
"888","00-0031722",1144,0.000462921164805663,0.0222171606931506,4.20837422550603e-05,"Michael Liedtke","TB","OL",2017
"889","00-0029607",571,0.000454082276554897,0.0217187832913083,4.12802069595361e-05,"Demario Davis","NYJ","LB",2017
"890","00-0032627",1447,0.000449931791379414,0.0213033911588569,4.09028901254013e-05,"James Burgess","CLE","LB",2017
"891","00-0030564",796,0.000437212203284283,0.0216794057814964,3.97465639349349e-05,"DeAndre Hopkins","HOU","WR",2017
"892","00-0031866",1175,0.000429322330340541,0.0227608176394974,3.9029302758231e-05,"Jordan Williams","NYG","DL",2017
"893","00-0030573",800,0.000426155544219154,0.0204805566725788,3.87414131108322e-05,"Sheldon Richardson","SEA","DL",2017
"894","00-0033792",1894,0.000420359767353809,0.0230682423609675,3.82145243048917e-05,"Rudy Ford","ARI","DB",2017
"895","00-0032794",1520,0.000411374117221461,0.0216273868615736,3.73976470201328e-05,"Danny Vitale","CLE","RB",2017
"896","00-0032055",1228,0.000409909878332497,0.0217804493520813,3.72645343938633e-05,"Devin Funchess","CAR","WR",2017
"897","00-0033533",1792,0.000409439268931476,0.0215654023559376,3.72217517210433e-05,"Joshua Holsey","WAS","DB",2017
"898","00-0033907",1952,0.000400696390224756,0.0216285424868243,3.64269445658869e-05,"Dawuane Smoot","JAX","DL",2017
"899","00-0029215",496,0.000394117573883597,0.0212989073144906,3.58288703530543e-05,"George Iloka","CIN","DB",2017
"900","00-0030097",679,0.000386727073238214,0.0238630997722058,3.51570066580195e-05,"David Quessenberry","HOU","OL",2017
"901","00-0027057",213,0.000383152090776469,0.0214835607858041,3.48320082524063e-05,"Brandon Tate","BUF","WR",2017
"902","00-0033140",1672,0.000376629646091002,0.0232526416874452,3.42390587355456e-05,"Darnell Sankey","BAL","LB",2017
"903","00-0024243",64,0.000366914171211335,0.0225651399704686,3.3355833746485e-05,"Marcedes Lewis","JAX","TE",2017
"904","00-0028015",371,0.000364890964165318,0.0218309993435511,3.31719058332107e-05,"Jurrell Casey","TEN","DL",2017
"905","00-0032780",1507,0.000346928695849096,0.0208331144286311,3.15389723499178e-05,"Jordan Howard","CHI","RB",2017
"906","00-0030273",708,0.000331750099594949,0.0216441776464846,3.01590999631772e-05,"Lane Taylor","GB","OL",2017
"907","00-0027321",236,0.000329157674375999,0.0214150326938703,2.99234249432726e-05,"Jeff Cumberland","LAC","TE",2017
"908","00-0032852",1536,0.000326233510899034,0.0222555025681888,2.96575918999122e-05,"Tani Tupou","ATL","DL",2017
"909","00-0031768",1154,0.00032172474693029,0.0217030594057121,2.924770426639e-05,"Terrence Magee","ATL","RB",2017
"910","00-0030405",731,0.000313550067472764,0.0225057987090506,2.85045515884331e-05,"Jeff Locke","DET","P",2017
"911","00-0028001",363,0.000311182903491674,0.0218814658199073,2.82893548628795e-05,"Marcus Gilbert","PIT","OL",2017
"912","00-0032890",1545,0.000305434504714399,0.0218619294458481,2.77667731558545e-05,"James Bradberry","CAR","DB",2017
"913","00-0029414",533,0.000304903283029944,0.0222188075962605,2.77184802754494e-05,"Orson Charles","KC","TE",2017
"914","00-0032081",1241,0.000298793423414606,0.0215050436805441,2.71630384922369e-05,"Nick Dzubnar","LAC","LB",2017
"915","00-0031383",1034,0.000296563456174234,0.023477774368188,2.69603141976577e-05,"Dezmen Southward","CAR","DB",2017
"916","00-0032417",1380,0.000291934261055167,0.0227946513240099,2.65394782777425e-05,"Paul Perkins","NYG","RB",2017
"917","00-0027875",315,0.000284599204677884,0.021537249957461,2.58726549707168e-05,"Bryan Bulaga","GB","OL",2017
"918","00-0031019",874,0.000276159686369179,0.021372396830487,2.51054260335617e-05,"Corey Linsley","GB","OL",2017
"919","00-0026206",142,0.000275973613662797,0.0227083001888739,2.50885103329816e-05,"Kendall Langford","HOU","DL",2017
"920","00-0032774",1502,0.000274717151354019,0.0219878514126339,2.4974286486729e-05,"Deon Bush","CHI","DB",2017
"921","00-0031572",1096,0.000266681534011423,0.0218739651176684,2.42437758192202e-05,"T.J. Clemmings","WAS","OL",2017
"922","00-0032940",1567,0.000262890537035263,0.0220178875249089,2.38991397304785e-05,"DeAndre Washington","OAK","RB",2017
"923","00-0030761",837,0.000260251293026222,0.0219838894175044,2.36592084569293e-05,"Joe Thomas","GB","LB",2017
"924","00-0031682",1136,0.000254702143735335,0.0228294034784545,2.31547403395759e-05,"Terron Ward","ATL","RB",2017
"925","00-0029479",538,0.000248114020136337,0.0221594163210344,2.25558200123943e-05,"Emmanuel Lamur","MIN","LB",2017
"926","00-0032682",1466,0.000233027812266244,0.0230140393388033,2.11843465696585e-05,"Kache Palacio","SEA","LB",2017
"927","00-0033075",1630,0.000224606091729248,0.0231523208344859,2.04187356117498e-05,"Charles Tapper","DAL","DL",2017
"928","00-0032323",1337,0.000221934641116964,0.0230734202015915,2.01758764651786e-05,"Derrick Mathews","NYG","LB",2017
"929","00-0033854",1904,0.000221045666056409,0.021887236858584,2.00950605505826e-05,"Dare Ogunbowale","WAS","RB",2017
"930","00-0033529",1788,0.000211680660520353,0.0222615720655925,1.92436964109412e-05,"Chase Roullier","WAS","OL",2017
"931","00-0030937",860,0.000202367110801633,0.0241420167989434,1.83970100728757e-05,"Zac Kerin","DET","OL",2017
"932","00-0033348",1728,0.000202191869620935,0.023124462443377,1.83810790564487e-05,"Jarveon Williams","CIN","RB",2017
"933","00-0030699",827,0.000201498697982077,0.0228075240026311,1.83180634529161e-05,"Deji Olatoye","ATL","DB",2017
"934","00-0027654",254,0.000184370790631411,0.0212155816808056,1.67609809664919e-05,"Arrelious Benn","JAX","WR",2017
"935","00-0030546",788,0.000177375259700709,0.0219692508894012,1.61250236091554e-05,"Travis Frederick","DAL","OL",2017
"936","00-0030401",728,0.000170894604558511,0.0219949105404316,1.55358731416828e-05,"Kiko Alonso","MIA","LB",2017
"937","00-0030538",782,0.000167085647239076,0.0207621733409259,1.51896042944614e-05,"Johnathan Cyprien","TEN","DB",2017
"938","00-0033298",1706,0.000163793970275204,0.0229045470694626,1.48903609341095e-05,"Pita Taumoepenu","SF","LB",2017
"939","00-0027825",293,0.000158823651202246,0.022826747005508,1.44385137456587e-05,"Jim Dray","ARI","TE",2017
"940","00-0027894",320,0.000142903708623008,0.0210159202416104,1.29912462384553e-05,"NaVorro Bowman","OAK","LB",2017
"941","00-0031282",974,0.000140563031528144,0.0213003338326202,1.27784574116494e-05,"Justin Britt","SEA","OL",2017
"942","00-0031442",1061,0.000138736247239479,0.0225336023563813,1.26123861126799e-05,"Taylor Lewan","TEN","OL",2017
"943","00-0031754",1152,0.000138001112950923,0.0237678662499818,1.25455557228112e-05,"Tim Scott","NYG","DB",2017
"944","00-0033359",1732,0.000133318297987965,0.022694812480197,1.21198452716331e-05,"Adam Pankey","GB","OL",2017
"945","00-0031193",939,0.000115902276149984,0.0229044938287627,1.05365705590895e-05,"Dan McCullers","PIT","DL",2017
"946","00-0031051",890,0.000103137779526538,0.0218063716239239,9.37616177513985e-06,"John Brown","ARI","WR",2017
"947","00-0031103",912,9.01035447462163e-05,0.0217973299839256,8.19123134056512e-06,"Deandre Coleman","BUF","DL",2017
"948","00-0028946",460,8.00247644862864e-05,0.0225424479398286,7.2749785896624e-06,"Aaron Brewer","ARI","LS",2017
"949","00-0033185",1675,7.34101048334075e-05,0.0219793208601798,6.67364589394613e-06,"Adam Bighill","NO","LB",2017
"950","00-0027114",220,6.48431982120187e-05,0.0218182391663782,5.89483620109261e-06,"Thomas Morstead","NO","P",2017
"951","00-0030650",816,5.5019844603675e-05,0.0225571877030933,5.00180405487955e-06,"Dewey McDonald","SEA","LB",2017
"952","00-0032004",1218,4.57596297222229e-05,0.0215966252751902,4.1599663383839e-06,"Will Tye","NE","TE",2017
"953","00-0033258",1684,4.37297265978741e-05,0.0214739838499722,3.97542969071582e-06,"Darrell Daniels","IND","TE",2017
"954","00-0032525",1422,4.30690020085336e-05,0.0217451392267346,3.9153638189576e-06,"Jarrod Wilson","JAX","DB",2017
"955","00-0031788",1158,4.0680356379172e-05,0.0232595557861031,3.69821421628837e-06,"Matt Lengel","CLE","TE",2017
"956","00-0031288",977,3.87541266898044e-05,0.0237327018991341,3.52310242634586e-06,"AJ McCarron","CIN","QB",2017
"957","00-0032491",1414,3.60932682529904e-05,0.0225343444144203,3.28120620481731e-06,"Bryson Albright","ARI","LB",2017
"958","00-0029692",605,2.9060256394675e-05,0.0232442258875861,2.641841490425e-06,"Bryan Anger","TB","P",2017
"959","00-0031958",1211,2.75202220282881e-05,0.0220704682595864,2.50183836620801e-06,"Austin Reiter","CLE","OL",2017
"960","00-0032212",1303,2.49627491946869e-05,0.0214450268906552,2.26934083588063e-06,"Dexter McDonald","OAK","DB",2017
"961","00-0033591",1838,2.2787495072771e-05,0.0209338085518352,2.071590461161e-06,"Noah Brown","DAL","WR",2017
"962","00-0030542",784,1.19785680597522e-05,0.0220570042818605,1.08896073270475e-06,"Terrance Williams","DAL","WR",2017
"963","00-0029714",611,8.18420036597889e-06,0.0218828202538386,7.4401821508899e-07,"Andrew DePaola","CHI","LS",2017
"964","00-0033948",1989,5.11028711216712e-06,0.0217522229294187,4.64571555651556e-07,"Jamaal Williams","GB","RB",2017
"965","00-0028698",440,5.00894146095859e-06,0.0225773076641579,4.55358314632599e-07,"Ben Jacobs","CAR","LB",2017
"966","00-0029273",511,3.64696225523711e-06,0.0224434383267061,3.31542023203374e-07,"Robert Turbin","IND","RB",2017
"967","00-0033127",1666,-1.82288441840284e-06,0.0216694113208582,-1.65716765309349e-07,"Will Fuller","HOU","WR",2017
"968","00-0032464",1406,-5.80576566873734e-06,0.0219093229336198,-5.27796878976122e-07,"Kalif Raymond","NYG","WR",2017
"969","00-0026144",128,-1.10772474217967e-05,0.0237848973391083,-1.00702249289061e-06,"Darren McFadden","DAL","RB",2017
"970","00-0033992",2010,-1.74128601439582e-05,0.0236306394015175,-1.58298728581438e-06,"Lance Lenoir","DAL","WR",2017
"971","00-0030752",835,-2.0297167344737e-05,0.0229630687769281,-1.84519703133973e-06,"Jay Elliott","DAL","LB",2017
"972","00-0032139",1269,-2.22320685449222e-05,0.0208744143220651,-2.02109714044747e-06,"Ben Koyack","JAX","TE",2017
"973","00-0033267",1687,-2.29537096916011e-05,0.0236801919923147,-2.08670088105464e-06,"Reggie Porter","CLE","DB",2017
"974","00-0033589",1837,-3.16124377830485e-05,0.0232120740736434,-2.87385798027714e-06,"David Moore","SEA","WR",2017
"975","00-0033668",1855,-5.23670544611092e-05,0.023512151764479,-4.76064131464629e-06,"Tyrique Jarrett","DEN","DL",2017
"976","00-0030505",765,-5.7860584819002e-05,0.0218712598022794,-5.26005316536382e-06,"D.J. Fluker","NYG","OL",2017
"977","00-0030290",713,-5.79726136432575e-05,0.0225247885929625,-5.2702376039325e-06,"Cobi Hamilton","HOU","WR",2017
"978","00-0032616",1443,-5.85676072348706e-05,0.0221496911683063,-5.32432793044278e-06,"Marshall Koehn","CIN","K",2017
"979","00-0030511",768,-7.18215420171608e-05,0.0218770329616756,-6.52923109246916e-06,"Brandon Williams","BAL","DL",2017
"980","00-0033782",1885,-7.86388479903948e-05,0.0237531219335013,-7.14898618094498e-06,"DeMarcus Walker","DEN","DL",2017
"981","00-0027688",269,-7.9612921161375e-05,0.0217221451920536,-7.23753828739773e-06,"Colt McCoy","WAS","QB",2017
"982","00-0024495",81,-8.08498623458942e-05,0.0216372320808833,-7.34998748599039e-06,"Ahmad Brooks","GB","LB",2017
"983","00-0033107",1650,-8.29120664679359e-05,0.0205642587022845,-7.53746058799417e-06,"William Jackson","CIN","DB",2017
"984","00-0032433",1393,-8.63860624753146e-05,0.0219049444134231,-7.85327840684678e-06,"Kyle Murphy","GB","OL",2017
"985","00-0031369",1025,-9.02981488952885e-05,0.0213912295423739,-8.20892262684441e-06,"Brandon Linder","JAX","OL",2017
"986","00-0031956",1209,-9.0639899712846e-05,0.0212623643888517,-8.239990882986e-06,"Anthony Chickillo","PIT","LB",2017
"987","00-0033543",1800,-9.57805721841137e-05,0.0227211705653763,-8.70732474401034e-06,"Sidney Jones","PHI","DB",2017
"988","00-0033887",1932,-0.000112302459706336,0.0220168359042066,-1.02093145187578e-05,"Reuben Foster","SF","LB",2017
"989","00-0032795",1521,-0.000131991006880477,0.022962734434267,-1.19991824436798e-05,"Cody Core","CIN","WR",2017
"990","00-0033935",1977,-0.000134315401887475,0.0224946967922182,-1.22104910806796e-05,"Trey Hendrickson","NO","DL",2017
"991","00-0030578",804,-0.000136130344467426,0.0213917216697201,-1.23754858606751e-05,"Cordarrelle Patterson","OAK","WR",2017
"992","00-0028121",408,-0.000138854885035237,0.0227306237445227,-1.26231713668397e-05,"Jordan Todman","HOU","RB",2017
"993","00-0029530",545,-0.000146189430933372,0.0209897534900659,-1.32899482666701e-05,"Justin Bethel","ARI","DB",2017
"994","00-0033788",1891,-0.000154028394824421,0.0212791604238682,-1.40025813476746e-05,"Will Holden","ARI","OL",2017
"995","00-0032983",1592,-0.00015841444192806,0.022831394593878,-1.44013129025509e-05,"Dominique Alexander","CLE","LB",2017
"996","00-0033384",1743,-0.000159128906845179,0.0240009768987745,-1.44662642586527e-05,"LeShun Daniels","WAS","RB",2017
"997","00-0029048",471,-0.000160238671287273,0.0222221950465815,-1.45671519352067e-05,"Joe Banyard","BUF","RB",2017
"998","00-0032798",1523,-0.000171237223783288,0.0216930505545331,-1.55670203439352e-05,"Harlan Miller","ARI","DB",2017
"999","00-0033535",1793,-0.000179162189037451,0.0231494697857524,-1.62874717306774e-05,"Daniel Ross","DAL","DL",2017
"1000","00-0032776",1504,-0.000181347488437224,0.0235454157917156,-1.64861353124749e-05,"Deiondre' Hall","CHI","DB",2017
"1001","00-0032240",1314,-0.000193770055675617,0.0209780355264517,-1.76154596068743e-05,"Vic Beasley","ATL","LB",2017
"1002","00-0029687",600,-0.00019533233744223,0.0219405214821381,-1.77574852220209e-05,"Matt Kalil","CAR","OL",2017
"1003","00-0033299",1707,-0.000208211687027488,0.0226634239831365,-1.89283351843171e-05,"Derrick Jones","NYJ","DB",2017
"1004","00-0029879",630,-0.000208895656931535,0.022927288957754,-1.89905142665031e-05,"Kevin McDermott","MIN","LS",2017
"1005","00-0027954",335,-0.000209108444385042,0.021090513035611,-1.90098585804584e-05,"Ryan Kerrigan","WAS","LB",2017
"1006","00-0032549",1425,-0.000210141695913443,0.0215032661020326,-1.91037905375857e-05,"Alex Redmond","CIN","OL",2017
"1007","00-0030950",861,-0.000221242878438481,0.0220639040577941,-2.01129889489528e-05,"John Fullington","NO","OL",2017
"1008","00-0033770",1882,-0.000233402249146863,0.0224602831224215,-2.12183862860784e-05,"Justin Hardee","NO","DB",2017
"1009","00-0032106",1249,-0.000241420516291908,0.0226173633776086,-2.19473196629007e-05,"Craig Mager","LAC","DB",2017
"1010","00-0031590",1109,-0.000243315302000527,0.0213990634562701,-2.21195729091388e-05,"Jay Ajayi","PHI","RB",2017
"1011","00-0033914",1959,-0.000244733802096412,0.0220816366867126,-2.22485274633101e-05,"Alex Anzalone","NO","LB",2017
"1012","00-0033254",1682,-0.000248293015490819,0.0223374277349692,-2.25720923173472e-05,"Brandon Banks","WAS","DL",2017
"1013","00-0031545",1074,-0.000249249088411832,0.0223278249145442,-2.26590080374393e-05,"Kevin White","CHI","WR",2017
"1014","00-0029187",490,-0.000251951946930998,0.0225799150194237,-2.29047224482725e-05,"Don Barclay","DET","OL",2017
"1015","00-0032298",1333,-0.000252753524032029,0.0221850151524557,-2.29775930938208e-05,"Bronson Hill","ARI","RB",2017
"1016","00-0032063",1236,-0.000261338657691567,0.0227488348285971,-2.37580597901425e-05,"Mike Davis","SEA","RB",2017
"1017","00-0031239",950,-0.000272394039649073,0.023171442866065,-2.47630945135521e-05,"Stanley Jean-Baptiste","BAL","DB",2017
"1018","00-0032062",1235,-0.000273438841089918,0.0208395673245953,-2.48580764627198e-05,"Blake Bell","MIN","TE",2017
"1019","00-0029141",485,-0.00027389621789409,0.0225027986534817,-2.489965617219e-05,"Alfred Morris","DAL","RB",2017
"1020","00-0021206",11,-0.000285833542688208,0.0220014569646303,-2.59848675171098e-05,"Josh McCown","NYJ","QB",2017
"1021","00-0030153",696,-0.000296544604984002,0.0233486143943859,-2.69586004530911e-05,"Otha Foster","BAL","DB",2017
"1022","00-0032377",1347,-0.000301607638933475,0.0226408876768386,-2.74188762666795e-05,"Josh Ferguson","IND","RB",2017
"1023","00-0033368",1737,-0.000304021888542741,0.023576976787638,-2.76383535038856e-05,"Bam Bradley","BAL","LB",2017
"1024","00-0031343",1006,-0.000309982856229497,0.0226963293107259,-2.8180259657227e-05,"Calvin Pryor","JAX","DB",2017
"1025","00-0027962",341,-0.000319470616968772,0.021011377381849,-2.90427833607975e-05,"Cameron Jordan","NO","DL",2017
"1026","00-0033373",1738,-0.000324830199210947,0.0238215650281095,-2.95300181100861e-05,"Taquan Mizzell","CHI","RB",2017
"1027","00-0031203",940,-0.000324836887428629,0.0240042399967189,-2.95306261298753e-05,"Cairo Santos","CHI","K",2017
"1028","00-0033925",1967,-0.000328548243524312,0.0232979932842249,-2.98680221385738e-05,"D'Onta Foreman","HOU","RB",2017
"1029","00-0029545",548,-0.000334511806612002,0.0234869263548203,-3.04101642374547e-05,"Keenan Robinson","NYG","LB",2017
"1030","00-0031001",868,-0.000342302574057952,0.0218691828765242,-3.11184158234501e-05,"Jeff Janis","GB","WR",2017
"1031","00-0031232",945,-0.000347166756155989,0.0222838901477168,-3.1560614195999e-05,"Robert Nelson","BAL","DB",2017
"1032","00-0030317",717,-0.000352124066264038,0.0227147741322357,-3.20112787512762e-05,"Marcus Cromartie","HOU","DB",2017
"1033","00-0032881",1541,-0.000359715817121206,0.0220810613246411,-3.27014379201096e-05,"Tommylee Lewis","NO","WR",2017
"1034","00-0032060",1233,-0.000372820928393047,0.0214382286513181,-3.38928116720952e-05,"Eli Harold","SF","LB",2017
"1035","00-0030652",817,-0.000374320747259793,0.0237355572477489,-3.40291588417994e-05,"Josh Walker","JAX","OL",2017
"1036","00-0025660",113,-0.000374864116781891,0.0222870343335448,-3.4078556071081e-05,"Brett Goode","GB","LS",2017
"1037","00-0028954",461,-0.000380178782947915,0.020834216106608,-3.45617075407196e-05,"Robert Golden","PIT","DB",2017
"1038","00-0031367",1024,-0.000381489595417001,0.0218480908736822,-3.46808723106365e-05,"Gabe Jackson","OAK","OL",2017
"1039","00-0026224",145,-0.000382483398868516,0.0225972050391749,-3.4771218078956e-05,"Harry Douglas","TEN","WR",2017
"1040","00-0027861",303,-0.000382929181411906,0.0228960600000178,-3.48117437647187e-05,"C.J. Spiller","KC","RB",2017
"1041","00-0032799",1524,-0.000383666947925284,0.0222900567531622,-3.48788134477531e-05,"Aaron Wallace","TEN","LB",2017
"1042","00-0032192",1291,-0.000386337749546267,0.0233068592778358,-3.51216135951152e-05,"Daniel Munyer","ARI","OL",2017
"1043","00-0033001",1595,-0.000407731938894327,0.0224549625807488,-3.70665398994843e-05,"Trae Elston","MIA","DB",2017
"1044","00-0032426",1387,-0.000408274111927775,0.0217768620703002,-3.71158283570705e-05,"Alex Collins","BAL","RB",2017
"1045","00-0033796",1896,-0.000409357023455532,0.0225487014800453,-3.72142748595939e-05,"Marquez Williams","CLE","RB",2017
"1046","00-0033941",1983,-0.000409397931627069,0.0221550299704553,-3.7217993784279e-05,"Rayshawn Jenkins","LAC","DB",2017
"1047","00-0029144",486,-0.000413536787262477,0.0217827019457291,-3.75942533874979e-05,"Tom Compton","CHI","OL",2017
"1048","00-0032069",1238,-0.000413939572314193,0.0214094733711298,-3.76308702103812e-05,"Derron Smith","CLE","DB",2017
"1049","00-0032959",1578,-0.000419888681889648,0.0219327076612239,-3.81716983536044e-05,"Charone Peake","NYJ","WR",2017
"1050","00-0028274",422,-0.000431274696178353,0.0227544696786418,-3.92067905616684e-05,"Tim Barnes","SF","OL",2017
"1051","00-0026618",168,-0.000434125075840141,0.0209162815941034,-3.94659159854674e-05,"Michael Bennett","SEA","DL",2017
"1052","00-0031585",1105,-0.000434896198090966,0.0226535557858858,-3.95360180082697e-05,"MyCole Pruitt","HOU","TE",2017
"1053","00-0029629",578,-0.000445446435512536,0.0230718455698865,-4.04951305011397e-05,"Nate Stupar","NO","LB",2017
"1054","00-0033838",1899,-0.000448940867381858,0.0214893724790048,-4.08128061256234e-05,"Trey Edmunds","NO","RB",2017
"1055","00-0032756",1487,-0.000465775042459806,0.0238523587723494,-4.23431856781642e-05,"Channing Ward","TB","DL",2017
"1056","00-0030801",843,-0.000467522702032306,0.0212368478463482,-4.25020638211187e-05,"Brandon Coleman","NO","WR",2017
"1057","00-0031514",1070,-0.000467648139183538,0.0219440330770605,-4.25134671985035e-05,"Quan Bray","BUF","WR",2017
"1058","00-0028862",450,-0.00046948653816585,0.0224543829845719,-4.26805943787137e-05,"Bryce Harris","NO","OL",2017
"1059","00-0030968",863,-0.000471096519191014,0.0220898716833111,-4.28269562900922e-05,"Keith Smith","DAL","RB",2017
"1060","00-0032470",1407,-0.000472067182616592,0.0217200892006429,-4.29151984196901e-05,"Steve Longa","DET","LB",2017
"1061","00-0032553",1426,-0.000483979635170985,0.0233304890578329,-4.39981486519077e-05,"Jace Billingsley","DET","WR",2017
"1062","00-0030390",725,-0.000484618044514501,0.0230445766602617,-4.40561858649546e-05,"Caleb Sturgis","PHI","K",2017
"1063","00-0033025",1601,-0.000492343094100291,0.0219506768778036,-4.47584631000265e-05,"Jalen Richard","OAK","RB",2017
"1064","00-0032932",1560,-0.000496842904130209,0.0234967502704124,-4.51675367391099e-05,"Ryan O'Malley","NYG","TE",2017
"1065","00-0028172",415,-0.000498100365227657,0.0225029586585281,-4.52818513843324e-05,"Andrew Gachkar","CAR","LB",2017
"1066","00-0033066",1624,-0.000499371390190493,0.0210043617659001,-4.53973991082266e-05,"Andrew Billings","CIN","DL",2017
"1067","00-0031559",1087,-0.000499740169247069,0.0215293659266656,-4.54309244770063e-05,"Jordan Richards","NE","DB",2017
"1068","00-0027245",231,-0.000509243729470112,0.0211512615031523,-4.62948844972829e-05,"Vincent Rey","CIN","LB",2017
"1069","00-0031800",1162,-0.000513872787937337,0.0226406114311735,-4.67157079943033e-05,"Taylor Heinicke","HOU","QB",2017
"1070","00-0033465",1769,-0.000514594211503731,0.0229073814563861,-4.67812919548846e-05,"Isaac Asiata","MIA","OL",2017
"1071","00-0026983",187,-0.000516596338886451,0.0223485235613438,-4.69633035351319e-05,"Darrius Heyward-Bey","PIT","WR",2017
"1072","00-0032922",1557,-0.000520647036227378,0.0216956558310662,-4.73315487479434e-05,"Marwin Evans","GB","DB",2017
"1073","00-0030743",833,-0.000528877250590653,0.0223772906354859,-4.80797500536957e-05,"Bernard Reedy","NE","WR",2017
"1074","00-0033567",1819,-0.00052959312038344,0.0235572734941183,-4.81448291257673e-05,"Brian Hill","CIN","RB",2017
"1075","00-0033121",1662,-0.000540472997735415,0.0216064504220748,-4.91339088850377e-05,"B.J. Goodson","NYG","LB",2017
"1076","00-0032628",1448,-0.000551319977957557,0.0212627258195798,-5.01199979961416e-05,"Kentrell Brice","GB","DB",2017
"1077","00-0031218",943,-0.000553431373076565,0.0215128868891412,-5.03119430069604e-05,"Malcolm Butler","NE","DB",2017
"1078","00-0033554",1810,-0.0005796096074328,0.0234775827489005,-5.26917824938909e-05,"Tedric Thompson","SEA","DB",2017
"1079","00-0031284",975,-0.000598559082742834,0.0209877160124358,-5.44144620675304e-05,"Travis Swanson","DET","OL",2017
"1080","00-0022999",29,-0.000600963298458922,0.023522886911457,-5.46330271326292e-05,"John Kuhn","NO","RB",2017
"1081","00-0030488",761,-0.000601756310317917,0.023010536653714,-5.47051191198107e-05,"Lavar Edwards","CLE","LB",2017
"1082","00-0030091",676,-0.000601956533026506,0.0213236434204178,-5.47233211842278e-05,"Tavarres King","NYG","WR",2017
"1083","00-0033514",1780,-0.000602887037453032,0.0220599697014647,-5.48079124957302e-05,"Emanuel Byrd","GB","TE",2017
"1084","00-0029293",516,-0.000605358177106648,0.0225013881732205,-5.50325615551498e-05,"Marvin Jones","DET","WR",2017
"1085","00-0033503",1778,-0.000607636875604425,0.0222344024183669,-5.52397159640386e-05,"Arthur Maulet","NO","DB",2017
"1086","00-0032793",1519,-0.000614853734350955,0.0211383994436671,-5.5895794031905e-05,"Blake Countess","LA","DB",2017
"1087","00-0029604",569,-0.000616893017285441,0.0219971052889249,-5.60811833895855e-05,"Kirk Cousins","WAS","QB",2017
"1088","00-0032888",1543,-0.000618331859385162,0.0201417664188569,-5.62119872168329e-05,"Karl Joseph","OAK","DB",2017
"1089","00-0027607",249,-0.000623970476088483,0.0226775041738649,-5.67245887353166e-05,"Ted Larsen","MIA","OL",2017
"1090","00-0033939",1981,-0.000628481322929989,0.0230241099600387,-5.71346657209081e-05,"Vince Biegel","GB","LB",2017
"1091","00-0031661",1133,-0.000631674872032274,0.0224536979772341,-5.74249883665703e-05,"Kevin Snyder","ARI","LB",2017
"1092","00-0030104",681,-0.000638965342027582,0.0224305606813222,-5.80877583661438e-05,"Nate Palmer","TEN","LB",2017
"1093","00-0033577",1828,-0.000639362673090157,0.0214587366906888,-5.81238793718325e-05,"Nate Gerry","PHI","LB",2017
"1094","00-0033965",2002,-0.000639791005603198,0.0227542208314967,-5.81628186911998e-05,"Adam Bisnowaty","NYG","OL",2017
"1095","00-0032649",1455,-0.000644989525925304,0.0215114440109585,-5.86354114477549e-05,"Brian Price","DAL","DL",2017
"1096","00-0031719",1143,-0.000653748213263381,0.0222143912367757,-5.94316557512165e-05,"Mike Hull","MIA","LB",2017
"1097","00-0031484",1062,-0.000654470886551833,0.0213473102120532,-5.94973533228939e-05,"Chris Manhertz","CAR","TE",2017
"1098","00-0033292",1700,-0.000674139671524954,0.0219097138277051,-6.12854246840868e-05,"Trent Taylor","SF","WR",2017
"1099","00-0032727",1478,-0.000684960701335241,0.0222064069558333,-6.22691546668401e-05,"Joel Heath","HOU","DL",2017
"1100","00-0028133",412,-0.000685899707401009,0.0227295836623063,-6.23545188546371e-05,"J.T. Thomas","NYG","LB",2017
"1101","00-0032419",1382,-0.000687488486252386,0.0227877360221051,-6.24989532956714e-05,"Joe Haeg","IND","OL",2017
"1102","00-0033584",1834,-0.000697812413797811,0.0230157315040626,-6.34374921634373e-05,"Elijah Qualls","PHI","DL",2017
"1103","00-0032406",1372,-0.000702021915099689,0.0215022743193836,-6.38201740999717e-05,"Antonio Morrison","IND","LB",2017
"1104","00-0033363",1734,-0.000716576541518633,0.0219782548835262,-6.51433219562394e-05,"David Rivers","TB","DB",2017
"1105","00-0025942",119,-0.000719028836774366,0.0226299642968098,-6.53662578885787e-05,"Leger Douzable","SF","DL",2017
"1106","00-0033383",1742,-0.000725038926193834,0.0232727806454268,-6.59126296539849e-05,"Cole Croston","NE","OL",2017
"1107","00-0032445",1398,-0.000747648424643348,0.0217191422641152,-6.79680386039407e-05,"Ted Karras","NE","OL",2017
"1108","00-0033794",1895,-0.000753091669178988,0.0224276154389199,-6.84628790162717e-05,"Josh Carraway","TEN","LB",2017
"1109","00-0033046",1608,-0.000754533299511337,0.0237089049259077,-6.85939363192124e-05,"Jihad Ward","OAK","DL",2017
"1110","00-0033103",1647,-0.000760898676084085,0.0216871813581752,-6.9172606916735e-05,"Artie Burns","PIT","DB",2017
"1111","00-0033274",1690,-0.000777014791191246,0.0230629881578114,-7.06377082901133e-05,"Fish Smithson","WAS","DB",2017
"1112","00-0028171",414,-0.000787274021394153,0.0210219799088157,-7.15703655812866e-05,"Lawrence Guy","NE","DL",2017
"1113","00-0033763",1880,-0.000787420360441961,0.023358829793524,-7.15836691310874e-05,"Evan Baylis","CAR","TE",2017
"1114","00-0028957",462,-0.000793085398958757,0.0220862135894524,-7.20986726326143e-05,"Austin Davis","SEA","QB",2017
"1115","00-0030558",793,-0.00080195454598497,0.0213449559986184,-7.29049587259064e-05,"Barkevious Mingo","IND","LB",2017
"1116","00-0033364",1735,-0.000807763770157779,0.0230606453224345,-7.34330700143436e-05,"Justin Vogel","GB","P",2017
"1117","00-0030750",834,-0.000809333627286895,0.0223311940368732,-7.35757842988087e-05,"James Stone","OAK","OL",2017
"1118","00-0031420",1055,-0.000809616593104705,0.0242536570835256,-7.36015084640641e-05,"Kasey Redfern","DET","P",2017
"1119","00-0027139",224,-0.000811513983624484,0.0232441961090815,-7.37739985113168e-05,"John Phillips","NO","TE",2017
"1120","00-0032671",1462,-0.000817603945647056,0.0210087005457214,-7.43276314224596e-05,"Morgan Fox","LA","DL",2017
"1121","00-0032641",1453,-0.000829928811157755,0.0229630555300559,-7.54480737416141e-05,"Donte' Deayon","NYG","DB",2017
"1122","00-0031265",965,-0.000831664338104919,0.0236791678603898,-7.5605848918629e-05,"Ed Stinson","NYJ","DL",2017
"1123","00-0032048",1223,-0.000837990773208252,0.0238498828300799,-7.61809793825684e-05,"Mack Brown","MIN","RB",2017
"1124","00-0027224",229,-0.000843054209697317,0.0214644015037275,-7.66412917906651e-05,"Jon Weeks","HOU","LS",2017
"1125","00-0029615",574,-0.000845270978214525,0.020498926525424,-7.68428162013204e-05,"Lamar Miller","HOU","RB",2017
"1126","00-0028846",449,-0.000847013138896043,0.0223533231574589,-7.70011944450948e-05,"Peyton Thompson","JAX","DB",2017
"1127","00-0033742",1874,-0.000853724644835906,0.0224877342453394,-7.76113313487187e-05,"Tyrone Swoopes","SEA","TE",2017
"1128","00-0032574",1432,-0.000860140370067816,0.0205256117805326,-7.81945790970741e-05,"Michael Pierce","BAL","DL",2017
"1129","00-0028008",367,-0.000867347426344494,0.0213459405035937,-7.88497660313177e-05,"Justin Houston","KC","LB",2017
"1130","00-0019714",5,-0.000868387658023795,0.0223588165426628,-7.89443325476177e-05,"Shane Lechler","HOU","P",2017
"1131","00-0033095",1644,-0.000868524334502185,0.0228213349065922,-7.89567576820168e-05,"Garrett Griffin","NO","TE",2017
"1132","00-0032188",1290,-0.00087012057704398,0.0216262934211856,-7.91018706403618e-05,"Vince Mayle","BAL","WR",2017
"1133","00-0031622",1123,-0.000871889455605179,0.0222601763492264,-7.9262677782289e-05,"Bobby Hart","NYG","OL",2017
"1134","00-0027297",235,-0.000871910669268502,0.0218791896150951,-7.92646062971365e-05,"Austin Howard","BAL","OL",2017
"1135","00-0031657",1132,-0.00087250674557891,0.0233943474101679,-7.93187950526282e-05,"Isaiah Johnson","LA","DB",2017
"1136","00-0032413",1377,-0.000894817422290742,0.0221488328653854,-8.13470383900675e-05,"Ronald Blair","SF","DL",2017
"1137","00-0033270",1689,-0.000899913288591114,0.024173005918254,-8.18102989628285e-05,"Garrett Sickels","LA","LB",2017
"1138","00-0032606",1442,-0.000905442084197076,0.0232652217272705,-8.23129167451887e-05,"Kyle Carter","MIN","TE",2017
"1139","00-0033130",1668,-0.000913938942741731,0.0235385174614701,-8.30853584310665e-05,"Max Tuerk","ARI","OL",2017
"1140","00-0031806",1164,-0.000921086259524117,0.0216107684965091,-8.37351145021925e-05,"Malcolm Brown","LA","RB",2017
"1141","00-0032705",1472,-0.000942079572670284,0.0228039121363676,-8.56435975154804e-05,"Ed Eagan","NYG","WR",2017
"1142","00-0032979",1590,-0.000943600001592697,0.0232564252859953,-8.57818183266088e-05,"Scooby Wright","ARI","LB",2017
"1143","00-0026197",139,-0.000953617015671629,0.0226503794306963,-8.66924559701481e-05,"Chad Henne","JAX","QB",2017
"1144","00-0033131",1669,-0.000955407170076826,0.0212325104412365,-8.68551972797115e-05,"Maliek Collins","DAL","DL",2017
"1145","00-0032546",1424,-0.00096100554741771,0.024044573411497,-8.73641406743373e-05,"Darius Hillary","OAK","DB",2017
"1146","00-0032937",1564,-0.000961535288518855,0.0227405134361012,-8.74122989562596e-05,"Max McCaffrey","SF","WR",2017
"1147","00-0031021",876,-0.00096982745456792,0.0233131980351805,-8.81661322334472e-05,"Jared Abbrederis","DET","WR",2017
"1148","00-0027941",326,-0.000970738721689543,0.0223171459748045,-8.82489746990493e-05,"Marcell Dareus","JAX","DL",2017
"1149","00-0032972",1587,-0.000972075712490366,0.0218333732678733,-8.8370519317306e-05,"Devontae Booker","DEN","RB",2017
"1150","00-0030063",660,-0.000990985559228388,0.021246664585723,-9.00895962934899e-05,"Johnathan Hankins","IND","DL",2017
"1151","00-0032255",1324,-0.000993932851131919,0.0201863950173535,-9.03575319210836e-05,"A.J. Cann","JAX","OL",2017
"1152","00-0024268",66,-0.000994432681788042,0.0216422165762555,-9.04029710716402e-05,"Anthony Fasano","MIA","TE",2017
"1153","00-0033520",1781,-0.000997764745316632,0.0221775574051802,-9.07058859378757e-05,"Jeremy Clark","NYJ","DB",2017
"1154","00-0031629",1128,-0.00100092927301301,0.0235561545544374,-9.09935702739096e-05,"Ryan Murphy","NYG","DB",2017
"1155","00-0023682",51,-0.0010019772397431,0.0225921716230239,-9.10888399766454e-05,"Ryan Fitzpatrick","TB","QB",2017
"1156","00-0031707",1141,-0.00101901277478952,0.0223782305950261,-9.26375249808657e-05,"Gabe Martin","ARI","LB",2017
"1157","00-0032479",1410,-0.00101981234619747,0.0230563057642157,-9.27102132906787e-05,"Tyvis Powell","SF","DB",2017
"1158","00-0031238",949,-0.00102767782189756,0.0221512632122854,-9.34252565361418e-05,"Weston Richburg","NYG","OL",2017
"1159","00-0033855",1905,-0.00103937999681458,0.0212116370065657,-9.44890906195076e-05,"Chris Thompson","HOU","WR",2017
"1160","00-0031947",1204,-0.00104322910844828,0.0210712765167327,-9.4839009858935e-05,"Tyeler Davison","NO","DL",2017
"1161","00-0031599",1115,-0.00104323481523412,0.0213663501488148,-9.48395286576476e-05,"Cameron Artis-Payne","CAR","RB",2017
"1162","00-0004091",2,-0.00104843780380351,0.0225363140069489,-9.53125276185013e-05,"Phil Dawson","ARI","K",2017
"1163","00-0033693",1861,-0.00105152008719901,0.0229009295383989,-9.559273519991e-05,"Carroll Phillips","JAX","DL",2017
"1164","00-0031112",914,-0.00107640224607215,0.021845243521346,-9.78547496429223e-05,"Travis Coons","LAC","K",2017
"1165","00-0033052",1613,-0.00109092383995035,0.0215993781250333,-9.91748945409406e-05,"Jaylon Smith","DAL","LB",2017
"1166","00-0024348",76,-0.00109976057112693,0.0221575439966326,-9.9978233738812e-05,"Kyle Williams","BUF","DL",2017
"1167","00-0033858",1908,-0.00110094114107621,0.0222602439453541,-0.000100085558279655,"Jonnu Smith","TEN","TE",2017
"1168","00-0032454",1402,-0.00110953608278362,0.021644290564587,-0.000100866916616693,"Jayron Kearse","MIN","DB",2017
"1169","00-0033339",1724,-0.00111417241376931,0.0231199394748401,-0.000101288401251755,"Demetrious Cox","CAR","DB",2017
"1170","00-0026844",177,-0.00112046411740135,0.0221511606707806,-0.000101860374309214,"Garrison Sanborn","TB","LS",2017
"1171","00-0027778",288,-0.00112862372078275,0.0209975329470232,-0.000102602156434796,"Sam Young","MIA","OL",2017
"1172","00-0029061",473,-0.00113951284845773,0.0230847582039219,-0.000103592077132521,"Julian Stanford","NYJ","LB",2017
"1173","00-0030530",781,-0.00114589867974415,0.0216983947615848,-0.000104172607249469,"T.J. McDonald","MIA","DB",2017
"1174","00-0033929",1971,-0.00114604518510379,0.0227115821683847,-0.000104185925918527,"Montravius Adams","GB","DL",2017
"1175","00-0026578",167,-0.00114873445591332,0.0220758853382387,-0.000104430405083029,"Colt Anderson","BUF","DB",2017
"1176","00-0030066",663,-0.00115298530265185,0.0214616210106999,-0.000104816845695623,"Brian Winters","NYJ","OL",2017
"1177","00-0029033",469,-0.00115686038918987,0.0222493640216121,-0.000105169126289988,"Griff Whalen","BAL","WR",2017
"1178","00-0033435",1759,-0.00115706892273716,0.0241246954877227,-0.000105188083885197,"Breon Borders","BUF","DB",2017
"1179","00-0031953",1208,-0.0011761428347116,0.0231791274019329,-0.000106922075882872,"Geremy Davis","LAC","WR",2017
"1180","00-0027942",327,-0.00118079495963296,0.0228307312737088,-0.000107344996330269,"A.J. Green","CIN","WR",2017
"1181","00-0033702",1866,-0.00118456702471025,0.0230466018041903,-0.000107687911337295,"Younghoe Koo","LAC","K",2017
"1182","00-0031592",1110,-0.00118530765150774,0.0224982088013866,-0.000107755241046158,"David Parry","NO","DL",2017
"1183","00-0029792",619,-0.00119212099901364,0.0211291513625598,-0.000108374636273968,"Paul Worrilow","DET","LB",2017
"1184","00-0030079",670,-0.00120158952413429,0.023105898923584,-0.000109235411284936,"Devin Taylor","NYG","DL",2017
"1185","00-0032448",1399,-0.00120481426912578,0.0223245143144422,-0.000109528569920525,"Stephen Weatherly","MIN","DL",2017
"1186","00-0031550",1079,-0.00121021937916103,0.0211142994084329,-0.000110019943560093,"Shaq Thompson","CAR","LB",2017
"1187","00-0024239",63,-0.00121478226508398,0.0197395513316567,-0.000110434751371271,"Johnathan Joseph","HOU","DB",2017
"1188","00-0027979",351,-0.0012163742189981,0.0226268849159869,-0.000110579474454373,"Jarvis Jenkins","KC","DL",2017
"1189","00-0027984",354,-0.00122231338931416,0.0229160182501026,-0.00011111939902856,"Orlando Franklin","WAS","OL",2017
"1190","00-0029065",474,-0.00122260815580841,0.0218420670296224,-0.000111146195982583,"Johnson Bademosi","NE","DB",2017
"1191","00-0031856",1174,-0.00122561160932886,0.0218545094832096,-0.000111419237211715,"Brandon King","NE","DB",2017
"1192","00-0033210",1677,-0.00123391961697052,0.0243546479718388,-0.000112174510633683,"Derek Hart","GB","LS",2017
"1193","00-0031945",1203,-0.00123676508681125,0.0206501247850763,-0.000112433189710113,"Martrell Spaight","WAS","LB",2017
"1194","00-0027978",350,-0.00123968767144184,0.0226094526052871,-0.000112698879221986,"Bruce Carter","NYJ","LB",2017
"1195","00-0033579",1830,-0.00124929340842701,0.0207556184059386,-0.000113572128038819,"Xavier Woods","DAL","DB",2017
"1196","00-0030098",680,-0.00125643566056065,0.0227454351307423,-0.000114221423687332,"Dustin Hopkins","WAS","K",2017
"1197","00-0033604",1844,-0.00125974640843646,0.022995572664565,-0.000114522400766951,"Krishawn Hogan","IND","WR",2017
"1198","00-0027902",321,-0.00127371899875844,0.0219107702765018,-0.000115792636250767,"Dez Bryant","DAL","WR",2017
"1199","00-0033063",1621,-0.00127649329110048,0.022493005692571,-0.000116044844645498,"Zach Wood","NO","LS",2017
"1200","00-0032393",1362,-0.00127975112523516,0.0226197930893377,-0.000116341011385015,"C.J. Prosise","SEA","RB",2017
"1201","00-0032150",1277,-0.00129013663080967,0.0218809122723091,-0.000117285148255424,"Steven Nelson","KC","DB",2017
"1202","00-0027018",203,-0.00130234145044669,0.0224632841287598,-0.000118394677313335,"Jairus Byrd","CAR","DB",2017
"1203","00-0031785",1157,-0.00130427392953206,0.0210371302972235,-0.000118570357230187,"Troy Hill","LA","DB",2017
"1204","00-0030548",789,-0.00131102512964728,0.0210012595616204,-0.000119184102695208,"Eric Reid","SF","DB",2017
"1205","00-0032057",1230,-0.00131108866896527,0.0199463304616051,-0.000119189878996843,"Jaquiski Tartt","SF","DB",2017
"1206","00-0028240",419,-0.00131940499724068,0.0214685042119593,-0.000119945908840062,"Kenny Wiggins","LAC","OL",2017
"1207","00-0032689",1468,-0.00132307001385152,0.0221008088378983,-0.00012027909216832,"Jason Vander Laan","IND","TE",2017
"1208","00-0026498",159,-0.0013362674556384,0.0212901452972288,-0.000121478859603491,"Matthew Stafford","DET","QB",2017
"1209","00-0031939",1198,-0.0013466092942558,0.0229244464373717,-0.000122419026750527,"Matt Jones","IND","RB",2017
"1210","00-0027037",210,-0.001361003195108,0.0214373010537739,-0.000123727563191636,"Sean Smith","OAK","DB",2017
"1211","00-0032630",1449,-0.00136456782645682,0.0234376367384033,-0.000124051620586983,"Joe Callahan","GB","QB",2017
"1212","00-0030528",780,-0.00138832359768937,0.0215535078306645,-0.000126211236153579,"Robert Alford","ATL","DB",2017
"1213","00-0030196",702,-0.00141798167707293,0.021400135939989,-0.000128907425188448,"Jeff Heath","DAL","DB",2017
"1214","00-0032383",1353,-0.00142040143712484,0.0217596150173021,-0.000129127403374986,"Ryan Kelly","IND","OL",2017
"1215","00-0023441",38,-0.0014229161641133,0.0217563305871376,-0.000129356014919391,"Adam Jones","CIN","DB",2017
"1216","00-0031687",1137,-0.00142382939598635,0.0224057675069817,-0.000129439035998759,"Raheem Mostert","SF","RB",2017
"1217","00-0033138",1671,-0.00143270505834307,0.0229227514223263,-0.000130245914394824,"Sam Ficken","LA","K",2017
"1218","00-0032998",1594,-0.00143687776253674,0.0226378040724439,-0.000130625251139704,"Jared Norris","CAR","LB",2017
"1219","00-0027874",314,-0.00144472371417751,0.0218222090733528,-0.000131338519470683,"Demaryius Thomas","DEN","WR",2017
"1220","00-0032523",1421,-0.00144861222000894,0.0233510445684597,-0.000131692020000813,"Henry Krieger-Coble","LA","TE",2017
"1221","00-0031380",1031,-0.00145135122983629,0.0218414504204304,-0.000131941020894208,"Darqueze Dennard","CIN","DB",2017
"1222","00-0032883",1542,-0.00145442321631187,0.022405113693712,-0.000132220292391988,"Mitchell Loewen","NO","DL",2017
"1223","00-0030485",759,-0.00146599036207395,0.0220172167109575,-0.000133271851097632,"Eddie Lacy","SEA","RB",2017
"1224","00-0033975",2008,-0.00146720293216572,0.0225070881256581,-0.000133382084742338,"Elijah Hood","OAK","RB",2017
"1225","00-0025430",96,-0.00147562508329725,0.0227920077252442,-0.000134147734845205,"Drew Stanton","ARI","QB",2017
"1226","00-0030090",675,-0.00148583198073127,0.0218914626865718,-0.000135075634611933,"Micah Hyde","BUF","DB",2017
"1227","00-0033405",1750,-0.00149492766632808,0.0219407400758218,-0.000135902515120735,"Torry McTyer","MIA","DB",2017
"1228","00-0027124",221,-0.00150040818214868,0.0217669744823072,-0.000136400743831698,"Don Carey","DET","DB",2017
"1229","00-0033413",1752,-0.00150375861596872,0.023162510323193,-0.000136705328724429,"De'Veon Smith","MIA","RB",2017
"1230","00-0030149",694,-0.00151879931882765,0.0212006274943962,-0.000138072665347968,"Matt Tobin","SEA","OL",2017
"1231","00-0033740",1873,-0.00152203518217828,0.0219720482156245,-0.00013836683474348,"Jordan Roos","SEA","OL",2017
"1232","00-0027744",282,-0.00152439971792142,0.0228945177775945,-0.000138581792538311,"Nolan Carroll","DAL","DB",2017
"1233","00-0033366",1736,-0.0015345460305725,0.0226201992305586,-0.0001395041845975,"Quincy Adeboyejo","BAL","WR",2017
"1234","00-0028368",426,-0.00156261909626843,0.0236714591098739,-0.000142056281478949,"Spencer Paysinger","CAR","LB",2017
"1235","00-0033119",1660,-0.00157037297687549,0.0224216094392958,-0.000142761179715953,"Jacoby Brissett","IND","QB",2017
"1236","00-0030869",850,-0.00157256948529299,0.0225456073019634,-0.000142960862299363,"Tyler Larsen","CAR","OL",2017
"1237","00-0031829",1169,-0.00157646146197714,0.0228663296888414,-0.000143314678361558,"LaDarius Gunter","CAR","DB",2017
"1238","00-0031375",1029,-0.00158053976142642,0.0231546014752101,-0.000143685432856947,"Terrance West","BAL","RB",2017
"1239","00-0025401",87,-0.00159248734910612,0.0222507621730958,-0.000144771577191465,"Darrelle Revis","KC","DB",2017
"1240","00-0033952",1992,-0.00162238270045606,0.0225144525643808,-0.000147489336405096,"Grover Stewart","IND","DL",2017
"1241","00-0032354",1340,-0.00163051384845431,0.0230007680754727,-0.000148228531677664,"Adam Redmond","BUF","OL",2017
"1242","00-0032162",1282,-0.00163818182307693,0.0228192513885554,-0.000148925620279721,"T.Y. McGill","CLE","DL",2017
"1243","00-0029848",626,-0.00164219933130468,0.022218119786015,-0.000149290848300425,"Nick Williams","ATL","WR",2017
"1244","00-0031596",1112,-0.0016443387481839,0.0208270939463023,-0.000149485340743991,"David Mayo","CAR","LB",2017
"1245","00-0032699",1469,-0.00166182663272649,0.0226148840272567,-0.000151075148429681,"Claude Pelon","NYJ","DL",2017
"1246","00-0029708",609,-0.00168881990387954,0.0210938787111269,-0.000153529082170868,"Kendall Wright","CHI","WR",2017
"1247","00-0033246",1680,-0.00172996077290564,0.0235520391257394,-0.00015726916117324,"Johnny Mundt","LA","TE",2017
"1248","00-0033905",1950,-0.0017363318309086,0.0218057128024563,-0.000157848348264419,"Larry Ogunjobi","CLE","DL",2017
"1249","00-0031175",930,-0.0017374808551087,0.0205315227558875,-0.000157952805009882,"Cassius Marsh","SF","DL",2017
"1250","00-0030048",654,-0.00174435606363062,0.021897411317364,-0.00015857782396642,"Cornelius Washington","DET","DL",2017
"1251","00-0033125",1665,-0.00174611550615052,0.0218551271528374,-0.000158737773286411,"Joe Schobert","CLE","LB",2017
"1252","00-0032166",1285,-0.00175363345232351,0.0219394087408822,-0.000159421222938501,"Sammie Coates","CLE","WR",2017
"1253","00-0030160",698,-0.00175499383414657,0.0213532474180025,-0.000159544894013325,"Josh Martin","NYJ","LB",2017
"1254","00-0033453",1764,-0.00177944966302017,0.0218700750544434,-0.000161768151183652,"Xavier Coleman","NYJ","DB",2017
"1255","00-0032261",1328,-0.00178918966569138,0.0209936217852889,-0.000162653605971943,"Malcom Brown","NE","DL",2017
"1256","00-0033302",1709,-0.00179424825664475,0.0220291394162235,-0.000163113477876796,"Adrian Colbert","SF","DB",2017
"1257","00-0033087",1639,-0.00179573952797499,0.0223705896346591,-0.000163249047997726,"Marquis Bundy","NYG","WR",2017
"1258","00-0031055",893,-0.00183316879685261,0.0222441940675332,-0.000166651708804783,"Andre Williams","LAC","RB",2017
"1259","00-0029294",517,-0.00183915593630627,0.0228758667224666,-0.000167195994209661,"Asa Jackson","SF","DB",2017
"1260","00-0031941",1200,-0.00186250083108623,0.020876403072846,-0.000169318257371475,"Jamison Crowder","WAS","WR",2017
"1261","00-0030780",840,-0.0018632004352484,0.0226170926730538,-0.000169381857749854,"Ryan Hewitt","CIN","TE",2017
"1262","00-0032210",1301,-0.00186797962656035,0.0220304260998521,-0.000169816329687305,"Frank Clark","SEA","DL",2017
"1263","00-0031433",1060,-0.00186887963541597,0.0228148669435319,-0.00016989814867418,"Billy Turner","DEN","OL",2017
"1264","00-0027958",339,-0.00187348681261608,0.0217605761157761,-0.000170316982965098,"Adrian Clayborn","ATL","DL",2017
"1265","00-0030114",685,-0.00188271962121361,0.0209804405248771,-0.000171156329201238,"Jordan Poyer","BUF","DB",2017
"1266","00-0026293",154,-0.00188551816399136,0.0226968994076358,-0.000171410742181033,"Matthew Slater","NE","WR",2017
"1267","00-0033439",1760,-0.00188661207417839,0.022888905542863,-0.000171510188561672,"Pharaoh Brown","OAK","TE",2017
"1268","00-0032488",1413,-0.00190369922695343,0.02323361307479,-0.000173063566086675,"Mose Frazier","CAR","WR",2017
"1269","00-0032726",1477,-0.00190859449368406,0.0220545381447565,-0.000173508590334914,"Ka'imi Fairbairn","HOU","K",2017
"1270","00-0027653",253,-0.00191994224634686,0.0209978136960404,-0.000174540204213351,"T.J. Ward","TB","DB",2017
"1271","00-0029520",541,-0.00192207233262831,0.0213025008136065,-0.000174733848420755,"Eddie Pleasant","HOU","DB",2017
"1272","00-0030526",778,-0.00193529268447326,0.0227140584523526,-0.000175935698588478,"EJ Manuel","OAK","QB",2017
"1273","00-0029068",475,-0.00195075038182774,0.0212678636611228,-0.000177340943802522,"Derrick Coleman","ATL","RB",2017
"1274","00-0028083",392,-0.00196792429913598,0.0217810056559617,-0.000178902209012362,"Jacquizz Rodgers","TB","RB",2017
"1275","00-0030384",721,-0.00196851849387219,0.0230026918756328,-0.000178956226715653,"Jelani Jenkins","HOU","LB",2017
"1276","00-0027014",201,-0.0019712467389813,0.0212815927402128,-0.0001792042489983,"Rey Maualuga","MIA","LB",2017
"1277","00-0028022",372,-0.00198318867244168,0.0222626538052352,-0.00018028987931288,"Mason Foster","WAS","LB",2017
"1278","00-0032674",1463,-0.00198616544551659,0.0226986315540095,-0.000180560495046963,"Nicholas Grigsby","NE","LB",2017
"1279","00-0033934",1976,-0.00199212755877317,0.0230289567124785,-0.000181102505343015,"Nazair Jones","SEA","DL",2017
"1280","00-0027197",227,-0.00199395934252809,0.0226523020524067,-0.000181269031138917,"Justin Drescher","ARI","LS",2017
"1281","00-0033760",1879,-0.00199501024190791,0.0228699766214029,-0.000181364567446174,"Justin Davis","LA","RB",2017
"1282","00-0033057",1617,-0.00199544759637617,0.0216804145678352,-0.000181404326943289,"Jack Conklin","TEN","OL",2017
"1283","00-0033481",1776,-0.00199863905422248,0.0228407454733361,-0.00018169445947477,"Marcus Kemp","KC","WR",2017
"1284","00-0026964",184,-0.00202171601723078,0.0218974934365018,-0.000183792365202798,"Clinton McDonald","TB","DL",2017
"1285","00-0033072",1627,-0.00204077671375856,0.021602725306849,-0.000185525155796233,"Leonard Floyd","CHI","LB",2017
"1286","00-0033076",1631,-0.0020458909162788,0.020847739950991,-0.000185990083298073,"Derrick Kindred","CLE","DB",2017
"1287","00-0029257",504,-0.00205682334808828,0.0222144844592633,-0.000186983940735298,"Jerel Worthy","BUF","DL",2017
"1288","00-0033043",1606,-0.00206052992058663,0.0229581822155552,-0.000187320901871511,"Austin Traylor","DEN","TE",2017
"1289","00-0025418",92,-0.00208027904260265,0.0220989485445025,-0.000189116276600241,"Greg Olsen","CAR","TE",2017
"1290","00-0032420",1383,-0.00208404855337823,0.0205170653959625,-0.000189458959398021,"Brandon Shell","NYJ","OL",2017
"1291","00-0033596",1842,-0.00210183230418445,0.0222538900497714,-0.000191075664016769,"Matt Dayes","CLE","RB",2017
"1292","00-0027993",360,-0.00211100820288049,0.0216836718328493,-0.000191909836625499,"Rodney Hudson","OAK","OL",2017
"1293","00-0029409",529,-0.0021200994695539,0.0203859330068168,-0.000192736315413991,"Mychal Kendricks","PHI","LB",2017
"1294","00-0033551",1807,-0.00214091889226831,0.0217458001925547,-0.00019462899020621,"Rasul Douglas","PHI","DB",2017
"1295","00-0033581",1832,-0.00214454764106882,0.0220506528545982,-0.000194958876460802,"De'Angelo Henderson Sr.","DEN","RB",2017
"1296","00-0031044",885,-0.00214861902375216,0.0217913051858492,-0.000195329002159287,"Troy Niklas","ARI","TE",2017
"1297","00-0033559",1814,-0.00215358109887022,0.0220311181981703,-0.000195780099897292,"Michael Roberts","DET","TE",2017
"1298","00-0033467",1771,-0.00215739779142781,0.0219940661212145,-0.000196127071947982,"Brian Allen","PIT","DB",2017
"1299","00-0033552",1808,-0.00215756355880768,0.0214613433511547,-0.000196142141709789,"Brendan Langley","DEN","DB",2017
"1300","00-0032472",1408,-0.00215906214244233,0.0217199715658077,-0.000196278376585666,"Tre Madden","SEA","RB",2017
"1301","00-0033382",1741,-0.00218131634879638,0.0227790215248509,-0.000198301486254216,"Austin Carr","NO","WR",2017
"1302","00-0033826",1898,-0.00219111087818924,0.0223850036767455,-0.000199191898017204,"Jaylen Hill","BAL","DB",2017
"1303","00-0033083",1636,-0.0021942008021261,0.0209943397640999,-0.000199472800193282,"Darian Thompson","NYG","DB",2017
"1304","00-0031171",927,-0.00219537052693589,0.0228375748150649,-0.000199579138812354,"Preston Brown","BUF","LB",2017
"1305","00-0029562",552,-0.00219734598710722,0.0211412474303397,-0.000199758726100657,"Lavonte David","TB","LB",2017
"1306","00-0025630",112,-0.00220288148981571,0.0227345162634878,-0.00020026195361961,"Clark Harris","CIN","LS",2017
"1307","00-0023482",42,-0.00220371537247993,0.0223459654245772,-0.000200337761134539,"Mike Nugent","CHI","K",2017
"1308","00-0029492",539,-0.00221841013265919,0.021764187398764,-0.000201673648423563,"Jamize Olawale","OAK","RB",2017
"1309","00-0023645",49,-0.00222311462681139,0.0222941524531273,-0.000202101329710127,"Derek Anderson","CAR","QB",2017
"1310","00-0033944",1985,-0.00222573405488408,0.0212489703511259,-0.000202339459534916,"Ben Gedeon","MIN","LB",2017
"1311","00-0031868",1176,-0.0022280665697782,0.0210464769247501,-0.000202551506343473,"Damiere Byrd","CAR","WR",2017
"1312","00-0033357",1731,-0.0022285223840589,0.0226378309979967,-0.000202592944005355,"Taysom Hill","NO","QB",2017
"1313","00-0021429",12,-0.00223163312627811,0.021940660755007,-0.000202875738752556,"Carson Palmer","ARI","QB",2017
"1314","00-0032209",1300,-0.00223426603881693,0.0214392334039127,-0.000203115094437903,"T.J. Yeldon","JAX","RB",2017
"1315","00-0033555",1811,-0.00223494679460343,0.0210654637340495,-0.000203176981327584,"Mack Hollins","PHI","WR",2017
"1316","00-0029731",612,-0.00224116287930175,0.0222517653397468,-0.000203742079936523,"Fozzy Whittaker","CAR","RB",2017
"1317","00-0032792",1518,-0.00224444777487426,0.0225190973255048,-0.000204040706806751,"Nate Sudfeld","PHI","QB",2017
"1318","00-0033662",1854,-0.00224740860603254,0.0226231237288956,-0.000204309873275686,"Cooper Rush","DAL","QB",2017
"1319","00-0030484",758,-0.00226313559845951,0.0217086655595163,-0.000205739599859956,"Jamar Taylor","CLE","DB",2017
"1320","00-0025399",86,-0.00228770763747187,0.0222793071671344,-0.000207973421588352,"Marshawn Lynch","OAK","RB",2017
"1321","00-0033304",1711,-0.00229674428462463,0.0220354022499381,-0.000208794934965875,"Devante Mays","GB","RB",2017
"1322","00-0033633",1847,-0.00230142356048504,0.0226733669169347,-0.000209220323680458,"Tanner Gentry","CHI","WR",2017
"1323","00-0031346",1009,-0.00231535813514493,0.0215421178241743,-0.000210487103194994,"Justin Ellis","OAK","DL",2017
"1324","00-0033973",2006,-0.0023177585947643,0.0224727229748535,-0.000210705326796754,"Elijah Lee","SF","LB",2017
"1325","00-0030385",722,-0.00232969176167503,0.0228199446060472,-0.000211790160152275,"Gerald Hodges","NO","LB",2017
"1326","00-0033449",1762,-0.00233234744869382,0.0230620697659842,-0.000212031586244893,"Isaac Whitney","OAK","WR",2017
"1327","00-0024333",72,-0.00233316781964881,0.0225404733784222,-0.000212106165422619,"Stephen Gostkowski","NE","K",2017
"1328","00-0027103",219,-0.0023337388372495,0.0221340258981934,-0.000212158076113591,"Kevin Huber","CIN","P",2017
"1329","00-0025446",99,-0.0023464772831306,0.0218891140156856,-0.000213316116648236,"Ryan Kalil","CAR","OL",2017
"1330","00-0033872",1917,-0.00234955808714115,0.0220191936353068,-0.000213596189740105,"Jamal Adams","NYJ","DB",2017
"1331","00-0031299",982,-0.00235641314048487,0.021706700963119,-0.000214219376407716,"Jordan Matthews","BUF","WR",2017
"1332","00-0026069",124,-0.00236135056921144,0.0231746792098473,-0.000214668233564676,"Mike Tolbert","BUF","RB",2017
"1333","00-0032435",1394,-0.00239899512526275,0.0209160447817454,-0.000218090465932977,"Anthony Zettel","DET","DL",2017
"1334","00-0029008",467,-0.00239976162907554,0.0220985618127421,-0.000218160148097777,"Charley Hughlett","CLE","LS",2017
"1335","00-0031884",1177,-0.00242273317887894,0.0224394364920325,-0.000220248470807177,"Gabe Holmes","ARI","TE",2017
"1336","00-0030069",666,-0.00242668492500907,0.0224149442168767,-0.00022060772045537,"Damontre Moore","DAL","DL",2017
"1337","00-0027547",245,-0.00243043276919477,0.0212075353756428,-0.000220948433563161,"Marcus Sherels","MIN","DB",2017
"1338","00-0023096",30,-0.00244786192585265,0.0229315741783683,-0.000222532902350241,"Nick Novak","LAC","K",2017
"1339","00-0026502",161,-0.00245229200875844,0.0223606458208029,-0.000222935637159858,"Ricky Jean Francois","NE","DL",2017
"1340","00-0032870",1539,-0.00245872512291652,0.0227539560831962,-0.000223520465719683,"Aldrick Rosas","NYG","K",2017
"1341","00-0032956",1576,-0.00247212570625774,0.0220690102488419,-0.000224738700568885,"Andy Janovich","DEN","RB",2017
"1342","00-0033785",1888,-0.00247708082471559,0.0223977344457773,-0.000225189165883235,"Zach Banner","CLE","OL",2017
"1343","00-0031361",1018,-0.0025127559962318,0.022505143985736,-0.0002284323632938,"Christian Kirksey","CLE","LB",2017
"1344","00-0033716",1868,-0.00251307725977433,0.0216953358248229,-0.000228461569070393,"Calvin Munson","NYG","LB",2017
"1345","00-0032567",1429,-0.00251326786681049,0.0230033587526299,-0.000228478896982772,"Anthony Fabiano","IND","OL",2017
"1346","00-0024421",79,-0.00251702036398164,0.0214455730767633,-0.00022882003308924,"Antoine Bethea","ARI","DB",2017
"1347","00-0027956",337,-0.00253028420631938,0.022230519746935,-0.000230025836938125,"Corey Liuget","LAC","DL",2017
"1348","00-0027969",346,-0.00254223118386829,0.0219317305579541,-0.000231111925806208,"Cameron Heyward","PIT","DL",2017
"1349","00-0026290",153,-0.00255013365820131,0.0223580075290733,-0.000231830332563755,"Breno Giacomini","HOU","OL",2017
"1350","00-0033147",1673,-0.00256186936876273,0.0210208101556951,-0.000232897215342067,"Darron Lee","NYJ","LB",2017
"1351","00-0031793",1159,-0.00256986207344175,0.0218467628389101,-0.000233623824858341,"Terrell Watson","PIT","RB",2017
"1352","00-0028767",443,-0.00257067254882404,0.023732909185271,-0.000233697504438549,"Sterling Moore","NO","DB",2017
"1353","00-0030046",653,-0.00258967319965093,0.0214526685994775,-0.000235424836331902,"Jordan Mills","BUF","OL",2017
"1354","00-0027647",250,-0.00259052929353626,0.0221990782242466,-0.000235502663048751,"Devin McCourty","NE","DB",2017
"1355","00-0029794",621,-0.00259316076686816,0.021288728741543,-0.000235741887897105,"Daren Bates","TEN","LB",2017
"1356","00-0033964",2001,-0.00260726648489827,0.0224909261480331,-0.000237024225899843,"Al-Quadin Muhammad","NO","DL",2017
"1357","00-0032431",1391,-0.00261123763631106,0.0222420588199347,-0.000237385239664642,"Jake Rudock","DET","QB",2017
"1358","00-0026516",163,-0.00262636625008869,0.0238221138206084,-0.000238760568189881,"Britton Colquitt","CLE","P",2017
"1359","00-0029004",466,-0.00263083164597114,0.0223512433085702,-0.000239166513270104,"Lance Dunbar","LA","RB",2017
"1360","00-0032459",1404,-0.00263617178263947,0.0236334901943723,-0.000239651980239951,"Aaron Neary","LA","OL",2017
"1361","00-0031228",944,-0.00264289297624319,0.0225450613448212,-0.00024026299784029,"Taylor Gabriel","ATL","WR",2017
"1362","00-0029566",553,-0.00266152612437518,0.0223220915954136,-0.000241956920397743,"Zach Brown","WAS","LB",2017
"1363","00-0032543",1423,-0.00267294461329431,0.0213387605350182,-0.000242994964844937,"Alex Erickson","CIN","WR",2017
"1364","00-0032129",1262,-0.00269919090193738,0.0227969714719827,-0.000245380991085216,"Jordan Hicks","PHI","LB",2017
"1365","00-0032201",1296,-0.00271069527464125,0.0228512711210174,-0.000246426843149204,"Ben Heeney","HOU","LB",2017
"1366","00-0030565",797,-0.00271226492536218,0.0232983955789412,-0.000246569538669289,"Geno Smith","NYG","QB",2017
"1367","00-0022824",22,-0.00271576362638146,0.0232755793552662,-0.000246887602398315,"Andy Lee","ARI","P",2017
"1368","00-0032384",1354,-0.00271706511425928,0.0219511547046653,-0.000247005919478116,"Germain Ifedi","SEA","OL",2017
"1369","00-0027963",342,-0.00271782093116471,0.0222329550997564,-0.000247074630105883,"James Carpenter","NYJ","OL",2017
"1370","00-0029613",573,-0.00272139238051377,0.0226933451631379,-0.000247399307319434,"Doug Martin","TB","RB",2017
"1371","00-0031151",922,-0.00272879673277649,0.0203141012340049,-0.000248072430252409,"Marcus Williams","HOU","DB",2017
"1372","00-0031313",990,-0.00275058590937454,0.0222401415832416,-0.000250053264488594,"Jordan Tripp","ATL","LB",2017
"1373","00-0032409",1374,-0.00275940985525411,0.0215064866986786,-0.000250855441386737,"Willie Henry","BAL","DL",2017
"1374","00-0033114",1656,-0.00276078084658701,0.0212435575956868,-0.000250980076962455,"Mike Thomas","LA","WR",2017
"1375","00-0032084",1242,-0.00276196547619686,0.0222535141057435,-0.000251087770563351,"Curtis Grant","NYG","LB",2017
"1376","00-0031744",1151,-0.00276347494295648,0.0236183914844489,-0.000251224994814226,"Matt LaCosse","DEN","TE",2017
"1377","00-0026153",129,-0.00277140051848064,0.0216833469586112,-0.000251945501680059,"Jonathan Stewart","CAR","RB",2017
"1378","00-0032043",1222,-0.00280138325977931,0.0219151983351864,-0.000254671205434482,"Quinton Spain","TEN","OL",2017
"1379","00-0027768",286,-0.00280924221413437,0.0216016472980576,-0.000255385655830397,"Marshall Newhouse","OAK","OL",2017
"1380","00-0029892",634,-0.00281277371686096,0.0227574779972693,-0.000255706701532814,"Kyle Juszczyk","SF","RB",2017
"1381","00-0031393",1041,-0.0028291828742026,0.0217518065701751,-0.000257198443109327,"Maurice Alexander","LA","DB",2017
"1382","00-0032596",1440,-0.00283195514063355,0.0215856704828336,-0.000257450467330323,"Brian Poole","ATL","DB",2017
"1383","00-0031334",1001,-0.00283205641026834,0.0227019137545513,-0.000257459673660758,"Jason Verrett","LAC","DB",2017
"1384","00-0033915",1960,-0.00284567206387283,0.0222471373240027,-0.000258697460352076,"Tim Williams","BAL","LB",2017
"1385","00-0032707",1473,-0.00286585402154435,0.0228397704594349,-0.000260532183776759,"Andy Jones","DET","WR",2017
"1386","00-0031581",1102,-0.00286615695159163,0.0232883687368445,-0.000260559722871966,"Mark Glowinski","IND","OL",2017
"1387","00-0031557",1085,-0.00286710320546988,0.021235372438284,-0.000260645745951807,"Jordan Phillips","MIA","DL",2017
"1388","00-0031314",991,-0.00286871079574722,0.0214660782229115,-0.000260791890522474,"Wesley Johnson","NYJ","OL",2017
"1389","00-0023742",52,-0.00287629774194629,0.0233113710115611,-0.000261481612904208,"Jon Ryan","SEA","P",2017
"1390","00-0029191",491,-0.00290651125782642,0.0222875233067573,-0.000264228296166038,"DeShawn Shead","SEA","DB",2017
"1391","00-0032617",1444,-0.00290690081643151,0.0216869407561589,-0.000264263710584682,"Lafayette Pitts","BUF","DB",2017
"1392","00-0030121",687,-0.00292289259037706,0.0228304873843755,-0.000265717508216097,"David King","TEN","DL",2017
"1393","00-0029893",635,-0.00294944820815233,0.0214264797271134,-0.000268131655286576,"Rick Wagner","DET","OL",2017
"1394","00-0032896",1550,-0.00295094488541461,0.0221621008216144,-0.000268267716855874,"Drew Kaser","LAC","P",2017
"1395","00-0028114",405,-0.00295253958910325,0.0222331415325239,-0.000268412689918477,"Dwayne Harris","NYG","WR",2017
"1396","00-0032412",1376,-0.00295388115001992,0.0215902719859498,-0.000268534650001811,"Dean Lowry","GB","DL",2017
"1397","00-0031017",872,-0.00295936195472398,0.0219008449244906,-0.000269032904974907,"Dakota Dozier","NYJ","OL",2017
"1398","00-0027985",355,-0.00296073572119839,0.0224815046586802,-0.000269157792836217,"Lance Kendricks","GB","TE",2017
"1399","00-0032248",1321,-0.00296694316577598,0.022918309860377,-0.000269722105979634,"Bryce Hager","LA","LB",2017
"1400","00-0031734",1147,-0.00296880747052269,0.0224682465608385,-0.000269891588229336,"Chris Reed","JAX","OL",2017
"1401","00-0024535",82,-0.00298179172959191,0.0216467695420301,-0.000271071975417447,"Eric Weems","TEN","WR",2017
"1402","00-0033306",1712,-0.00298548748730803,0.0219581063890644,-0.000271407953391639,"Victor Bolden","SF","WR",2017
"1403","00-0032382",1352,-0.00300049696647354,0.0220958583123287,-0.000272772451497594,"Keanu Neal","ATL","DB",2017
"1404","00-0027036",209,-0.00301404197885362,0.023253533351297,-0.00027400381625942,"Will Beatty","PHI","OL",2017
"1405","00-0031237",948,-0.00302022788523062,0.0232388649750601,-0.000274566171384601,"Teddy Bridgewater","MIN","QB",2017
"1406","00-0032592",1439,-0.00302162650480956,0.0221658731792577,-0.000274693318619051,"Sharrod Neasman","ATL","DB",2017
"1407","00-0030451",746,-0.00302237607394664,0.0233372489541804,-0.000274761461267876,"Demetrius McCray","OAK","DB",2017
"1408","00-0028454",433,-0.0030376204305805,0.0217541483630689,-0.000276147311870955,"Jonathan Freeny","NO","LB",2017
"1409","00-0033502",1777,-0.00306442714285821,0.0231217647398218,-0.000278584285714383,"Cameron Lee","CHI","OL",2017
"1410","00-0031821",1168,-0.00306530882393473,0.0222210262880176,-0.000278664438539521,"Darrell Williams","LA","OL",2017
"1411","00-0030460",751,-0.00306793673643744,0.0218722500763563,-0.000278903339676131,"Markus Wheaton","CHI","WR",2017
"1412","00-0028003",365,-0.00307812072144,0.0204655067256662,-0.000279829156494545,"Terrell McClain","WAS","DL",2017
"1413","00-0031574",1097,-0.00308184758935133,0.0228762576816594,-0.000280167962668302,"Gabe Wright","MIA","DL",2017
"1414","00-0022455",18,-0.0030963222417961,0.0219704097192534,-0.000281483840163282,"Don Muhlbach","DET","LS",2017
"1415","00-0031315",992,-0.00310036344565088,0.0239335793693778,-0.000281851222331898,"Matt Hazel","CLE","WR",2017
"1416","00-0030380",718,-0.00311096436732741,0.021729139480903,-0.00028281494248431,"Benson Mayowa","DAL","DL",2017
"1417","00-0033968",2003,-0.00311545667998389,0.0227474514447508,-0.00028322333454399,"Stacy Coley","MIN","WR",2017
"1418","00-0032227",1309,-0.00312182737900547,0.0208736706298558,-0.000283802489000497,"Jeff Heuerman","DEN","TE",2017
"1419","00-0032322",1336,-0.00313643002626133,0.0229983321053519,-0.000285130002387394,"Dexter McCoil","SF","DB",2017
"1420","00-0031919",1187,-0.00314642657228337,0.0218700989656448,-0.000286038779298488,"Kurtis Drummond","HOU","DB",2017
"1421","00-0032951",1572,-0.00314865311672853,0.021491237304503,-0.000286241192429866,"Laquon Treadwell","MIN","WR",2017
"1422","00-0022803",21,-0.00315136290755063,0.0215040813008741,-0.000286487537050058,"Eli Manning","NYG","QB",2017
"1423","00-0030725",830,-0.00315421609999496,0.0216424746484949,-0.00028674691818136,"Cornelius Lucas","LA","OL",2017
"1424","00-0033859",1909,-0.00317145725899756,0.0213844786735808,-0.000288314296272505,"Josh Malone","CIN","WR",2017
"1425","00-0033883",1928,-0.00317823277423006,0.0216637978881088,-0.000288930252202733,"Jabrill Peppers","CLE","DB",2017
"1426","00-0032430",1390,-0.00318442542471171,0.0211537566607242,-0.000289493220428338,"David Morgan","MIN","TE",2017
"1427","00-0033557",1813,-0.00318681499763418,0.0216834546135129,-0.00028971045433038,"Jalen Reeves-Maybin","DET","LB",2017
"1428","00-0028907",454,-0.00318945395487204,0.0219851966227889,-0.000289950359533822,"Giorgio Tavecchio","OAK","K",2017
"1429","00-0026994",192,-0.00319200456442696,0.0206576692886096,-0.000290182233129724,"Robert Ayers","TB","DL",2017
"1430","00-0033477",1775,-0.00319331746738104,0.0227115224697916,-0.000290301587943731,"LaTroy Lewis","HOU","LB",2017
"1431","00-0027952",333,-0.00319335949097367,0.0218819981145171,-0.000290305408270333,"Robert Quinn","LA","LB",2017
"1432","00-0028987",464,-0.00319633176963512,0.0218567742381846,-0.000290575615421375,"Phillip Supernaw","TEN","TE",2017
"1433","00-0031156",924,-0.00320657846800672,0.0223241319902597,-0.000291507133455156,"Tyler Ott","SEA","LS",2017
"1434","00-0030781",841,-0.00320956003580518,0.022959389301886,-0.000291778185073198,"Trey Hopkins","CIN","OL",2017
"1435","00-0028093",397,-0.00321551748918016,0.0223478150041439,-0.000292319771743651,"Niles Paul","WAS","TE",2017
"1436","00-0027988",358,-0.00321580418130437,0.0215412634879585,-0.000292345834664034,"Marcus Gilchrist","HOU","DB",2017
"1437","00-0029608",572,-0.00321885053947353,0.0212086722830127,-0.000292622776315775,"T.Y. Hilton","IND","WR",2017
"1438","00-0029640",583,-0.00322014942398238,0.022196269761856,-0.000292740856725671,"Brian Quick","WAS","WR",2017
"1439","00-0029528",543,-0.00323993749167474,0.021596289477631,-0.000294539771970431,"Bobby Massie","CHI","OL",2017
"1440","00-0033870",1915,-0.00324817968760172,0.0220932921092008,-0.000295289062509248,"Solomon Thomas","SF","DL",2017
"1441","00-0031690",1138,-0.00324850283935504,0.021771274487692,-0.000295318439941367,"Eric Tomlinson","NYJ","TE",2017
"1442","00-0024226",60,-0.0032655538564909,0.0207733050202224,-0.000296868532408263,"Jay Cutler","MIA","QB",2017
"1443","00-0029146",487,-0.00327209223658491,0.0209376729538325,-0.000297462930598629,"J.R. Sweezy","TB","OL",2017
"1444","00-0032423",1385,-0.00327789611936593,0.0216113782544193,-0.000297990556305994,"Trevor Davis","GB","WR",2017
"1445","00-0032007",1219,-0.00328016780858242,0.0211309280367898,-0.000298197073507493,"Quinton Dunbar","WAS","DB",2017
"1446","00-0029895",636,-0.00328238446820389,0.0217413204777762,-0.000298398588018535,"Ryan Jensen","BAL","OL",2017
"1447","00-0031609",1118,-0.00328411316071772,0.0217182680210293,-0.000298555741883429,"A.J. Derby","MIA","TE",2017
"1448","00-0032741",1483,-0.00329170972823329,0.0228546929129589,-0.000299246338930299,"Peyton Barber","TB","RB",2017
"1449","00-0029709",610,-0.0032944656038918,0.0219794281009815,-0.000299496873081073,"Ty Nsekhe","WAS","OL",2017
"1450","00-0028060",383,-0.00330085079902268,0.0225423171868231,-0.000300077345365698,"Chris Hairston","LAC","OL",2017
"1451","00-0032320",1335,-0.00331447281282443,0.0220062678435232,-0.000301315710256767,"Erik Harris","OAK","DB",2017
"1452","00-0031276",970,-0.00333512207954973,0.0210476315717434,-0.000303192916322703,"Tyler Patmon","JAX","DB",2017
"1453","00-0033122",1663,-0.00333526633450291,0.0222934998254473,-0.000303206030409356,"Shilique Calhoun","OAK","LB",2017
"1454","00-0031928",1191,-0.00333951579082221,0.0223867000552361,-0.000303592344620201,"Chad Slade","HOU","OL",2017
"1455","00-0030874",852,-0.00334877272592357,0.0220259194127805,-0.00030443388417487,"Damien Williams","MIA","RB",2017
"1456","00-0032243",1317,-0.00337908464625247,0.021835738241562,-0.000307189513295679,"Ali Marpet","TB","OL",2017
"1457","00-0032262",1329,-0.00337954653205148,0.0213743684937195,-0.000307231502913771,"Landon Collins","NYG","DB",2017
"1458","00-0029119",481,-0.00338197181347008,0.021169871053168,-0.000307451983042735,"Derek Carrier","LA","TE",2017
"1459","00-0031016",871,-0.00339226623418389,0.021485083209912,-0.000308387839471262,"Ross Cockrell","NYG","DB",2017
"1460","00-0031900",1181,-0.00340441825983347,0.0233137723261613,-0.00030949256907577,"Rod Smith","DAL","RB",2017
"1461","00-0033117",1658,-0.00340780543275029,0.0225670659210859,-0.00030980049388639,"Bronson Kaufusi","BAL","DL",2017
"1462","00-0030850",847,-0.00340975671377631,0.0227956254682293,-0.000309977883070573,"Cody Parkey","MIA","K",2017
"1463","00-0033649",1850,-0.0034175182743199,0.0221964202661438,-0.000310683479483627,"Kai Nacua","CLE","DB",2017
"1464","00-0027855",297,-0.00343418785405681,0.0207211328517811,-0.000312198895823347,"Ndamukong Suh","MIA","DL",2017
"1465","00-0033115",1657,-0.0034346608552149,0.021419846286758,-0.000312241895928627,"Jeff Overbaugh","MIN","LS",2017
"1466","00-0033575",1826,-0.0034658355413389,0.0228115448023838,-0.000315075958303537,"Treston Decoud","HOU","DB",2017
"1467","00-0031713",1142,-0.00346843138249672,0.0224592263340217,-0.000315311943863338,"Xavier Williams","ARI","DL",2017
"1468","00-0030151",695,-0.00346913245009294,0.0231516315291661,-0.000315375677281177,"Tyler Bray","KC","QB",2017
"1469","00-0032437",1395,-0.00347032766099814,0.022472720344274,-0.000315484332818013,"Kamu Grugier-Hill","PHI","LB",2017
"1470","00-0031028",879,-0.00347489764039355,0.0219028246884646,-0.000315899785490323,"Ulrick John","GB","OL",2017
"1471","00-0033840",1901,-0.00348136030995808,0.0211131670226257,-0.00031648730090528,"Chad Hansen","NYJ","WR",2017
"1472","00-0025580",111,-0.00348704862364645,0.0222630299191492,-0.000317004420331496,"Mason Crosby","GB","K",2017
"1473","00-0033094",1643,-0.00349933261918555,0.0226578957372172,-0.000318121147198687,"Marvin Hall","ATL","WR",2017
"1474","00-0029112",480,-0.00350393512039728,0.0231975714663309,-0.000318539556399753,"Jacquies Smith","DET","DL",2017
"1475","00-0032134",1266,-0.00351963873290827,0.0213277770877602,-0.000319967157537115,"C.J. Uzomah","CIN","TE",2017
"1476","00-0033338",1723,-0.003530613506179,0.0220542652389639,-0.000320964864198091,"Cethan Carter","CIN","TE",2017
"1477","00-0033869",1914,-0.00354512499922117,0.0217540935156969,-0.000322284090838288,"Mitchell Trubisky","CHI","QB",2017
"1478","00-0029821",624,-0.0035691578622396,0.0220066778571924,-0.000324468896567236,"Emmett Cleary","DET","OL",2017
"1479","00-0033085",1638,-0.00357596246427632,0.0224302615072084,-0.000325087496752392,"Jerald Hawkins","PIT","OL",2017
"1480","00-0031054",892,-0.00358216302877884,0.0212865544828284,-0.00032565118443444,"DaQuan Jones","TEN","DL",2017
"1481","00-0032933",1561,-0.00359836838883369,0.0222227019209645,-0.00032712439898488,"Antonio Hamilton","OAK","DB",2017
"1482","00-0032187",1289,-0.00360264920292369,0.0225692867432512,-0.000327513563902154,"David Johnson","ARI","RB",2017
"1483","00-0028424",430,-0.00364080845662335,0.0212286526776284,-0.000330982586965759,"Cedric Thornton","BUF","DL",2017
"1484","00-0031489",1063,-0.0036535021035065,0.0203794784840902,-0.000332136554864227,"Brett Jones","NYG","OL",2017
"1485","00-0030396",727,-0.0036714240947931,0.0219444690009493,-0.000333765826799373,"Freddie Bishop","NYJ","LB",2017
"1486","00-0029164",489,-0.00368097488892269,0.0216700232010329,-0.000334634080811154,"Mike Remmers","MIN","OL",2017
"1487","00-0032112",1253,-0.00369219729113357,0.0218652547120329,-0.000335654299193961,"J.J. Nelson","ARI","WR",2017
"1488","00-0031372",1027,-0.00370523062449721,0.0215663136118055,-0.000336839147681565,"Bradley Roby","DEN","DB",2017
"1489","00-0032109",1251,-0.00371000283264311,0.0213926452853352,-0.000337272984785738,"Kwon Alexander","TB","LB",2017
"1490","00-0031060",894,-0.00372824619383896,0.0224208559403067,-0.000338931472167178,"De'Anthony Thomas","KC","WR",2017
"1491","00-0033885",1930,-0.0037285527983312,0.0202750475299683,-0.000338959345302837,"David Njoku","CLE","TE",2017
"1492","00-0028006",366,-0.0037458734526945,0.0217465864976894,-0.000340533950244955,"Kelvin Sheppard","NYG","LB",2017
"1493","00-0032730",1480,-0.00374757701975298,0.0218640188883966,-0.000340688819977543,"Eric Lee","NE","DL",2017
"1494","00-0030217",705,-0.00377499560480279,0.0219734299845339,-0.000343181418618435,"Tim Lelito","DET","OL",2017
"1495","00-0032566",1428,-0.00378030461390718,0.0217268388621514,-0.000343664055809743,"Trevon Coley","CLE","DL",2017
"1496","00-0029212",495,-0.003785051325575,0.0210834760601835,-0.000344095575052273,"Tahir Whitehead","DET","LB",2017
"1497","00-0028660",438,-0.00378549741565633,0.0228091122126068,-0.00034413612869603,"Dan Bailey","DAL","K",2017
"1498","00-0031262",962,-0.00378640735407245,0.0225862581848385,-0.000344218850370223,"Bene' Benwikere","DAL","DB",2017
"1499","00-0033884",1929,-0.00379866677317175,0.0218143167472785,-0.000345333343015614,"Tre'Davious White","BUF","DB",2017
"1500","00-0033570",1821,-0.00380047096068775,0.0227547337822915,-0.000345497360062523,"Anthony Walker","IND","LB",2017
"1501","00-0033758",1878,-0.00380709607483182,0.0224594914458237,-0.000346099643166529,"Jeremiah Valoaga","DET","DL",2017
"1502","00-0029992",646,-0.00380840881814609,0.0216660468509484,-0.000346218983467826,"Josh Kline","TEN","OL",2017
"1503","00-0027029",208,-0.00383896875106704,0.0218421534683824,-0.000348997159187913,"LeSean McCoy","BUF","RB",2017
"1504","00-0032952",1573,-0.00386951906431492,0.0221448415098487,-0.000351774460392265,"Noah Spence","TB","DL",2017
"1505","00-0030020",649,-0.00387230324841029,0.0226170799909184,-0.000352027568037299,"Brynden Trawick","TEN","DB",2017
"1506","00-0029972",644,-0.00388008983685304,0.021094172835944,-0.000352735439713913,"A.J. Francis","WAS","DL",2017
"1507","00-0029600",568,-0.00388763884871965,0.0220729229970691,-0.000353421713519968,"Andre Branch","MIA","DL",2017
"1508","00-0029799",623,-0.00389347318253715,0.0215052409382425,-0.000353952107503377,"Lerentee McCray","JAX","DL",2017
"1509","00-0031403",1045,-0.00389357557384879,0.0215832189015003,-0.000353961415804435,"Jay Bromley","NYG","DL",2017
"1510","00-0030181",701,-0.00389643291760112,0.0213680215385467,-0.000354221174327374,"Jack Doyle","IND","TE",2017
"1511","00-0028064",385,-0.00390171547019233,0.0221870115607421,-0.000354701406381121,"Bilal Powell","NYJ","RB",2017
"1512","00-0027684",266,-0.00393211785105063,0.0218332042912745,-0.000357465259186421,"Earl Mitchell","SF","DL",2017
"1513","00-0026982",186,-0.00393581717476166,0.0207631496784061,-0.000357801561341969,"Andre Smith","CIN","OL",2017
"1514","00-0032117",1257,-0.00393589161430054,0.0212399676011842,-0.000357808328572777,"Nick O'Leary","BUF","TE",2017
"1515","00-0030420",734,-0.00393681794721637,0.0218926523774385,-0.000357892540656034,"David Amerson","OAK","DB",2017
"1516","00-0032136",1268,-0.00393947980178132,0.0216786865055952,-0.000358134527434666,"Lorenzo Doss","BUF","DB",2017
"1517","00-0033553",1809,-0.00396863445574324,0.022499359966495,-0.000360784950522112,"James Conner","PIT","RB",2017
"1518","00-0031950",1206,-0.00398108846938718,0.0224491433377386,-0.000361917133580653,"D.J. Alexander","SEA","LB",2017
"1519","00-0028090",394,-0.00401713525752603,0.0226667886156688,-0.000365194114320548,"T.J. Yates","HOU","QB",2017
"1520","00-0026814",174,-0.00402475330899006,0.0212492294805717,-0.000365886664453642,"Demar Dotson","TB","OL",2017
"1521","00-0026330",157,-0.0040248059596421,0.0225716650128059,-0.000365891450876555,"Ahtyba Rubin","ATL","DL",2017
"1522","00-0031336",1003,-0.00402633520999213,0.0211729244927428,-0.000366030473635648,"Kony Ealy","NYJ","DL",2017
"1523","00-0033924",1966,-0.00402937745242634,0.0220025090312077,-0.000366307041129668,"Eddie Vanderdoes","OAK","DL",2017
"1524","00-0033460",1765,-0.00403618794044576,0.0220632459144071,-0.00036692617640416,"John Ross","CIN","WR",2017
"1525","00-0033771",1883,-0.00404629644666249,0.0231018028435137,-0.000367845131514772,"Rickey Hatley","BUF","DL",2017
"1526","00-0033697",1863,-0.00404771248054555,0.0224884579635687,-0.000367973861867777,"Michael Davis","LAC","DB",2017
"1527","00-0028039",379,-0.00405303493043311,0.0228834874619979,-0.000368457720948465,"Clint Boling","CIN","OL",2017
"1528","00-0033896",1941,-0.00408390526548829,0.0221122159182972,-0.00037126411504439,"Adam Shaheen","CHI","TE",2017
"1529","00-0032154",1279,-0.00409433868269015,0.021760799207003,-0.000372212607517286,"Michael Bennett","JAX","DL",2017
"1530","00-0029576",559,-0.00410396584109262,0.021765997577153,-0.000373087803735692,"Blair Walsh","SEA","K",2017
"1531","00-0028011",369,-0.00410699229756607,0.0230757623475867,-0.00037336293614237,"Stevan Ridley","PIT","RB",2017
"1532","00-0032389",1359,-0.0041134911394072,0.0215817691154696,-0.000373953739946109,"Mackensie Alexander","MIN","DB",2017
"1533","00-0033053",1614,-0.00415526180880961,0.0213677994110497,-0.000377751073528146,"Sean Davis","PIT","DB",2017
"1534","00-0031999",1217,-0.00417883408525181,0.0224547766471529,-0.000379894007750165,"Justin March-Lillard","DAL","LB",2017
"1535","00-0033556",1812,-0.00419205512246871,0.0209671193016883,-0.000381095920224428,"Tarik Cohen","CHI","RB",2017
"1536","00-0032848",1534,-0.00419503380479191,0.0226254222799422,-0.000381366709526537,"Kevin Peterson","LA","DB",2017
"1537","00-0027966",344,-0.00419807944427905,0.0207606195818717,-0.00038164358584355,"Mark Ingram","NO","RB",2017
"1538","00-0029295",518,-0.00422692729516329,0.0220499697758684,-0.000384266117742118,"Jeremy Lane","SEA","DB",2017
"1539","00-0026257",149,-0.00427658068255253,0.0231882226916782,-0.00038878006205023,"Quintin Demps","CHI","DB",2017
"1540","00-0031382",1033,-0.00427881043174743,0.0216779490155024,-0.000388982766522494,"Jarvis Landry","MIA","WR",2017
"1541","00-0025565",110,-0.00430281348496648,0.0230413704679775,-0.00039116486226968,"Nick Folk","TB","K",2017
"1542","00-0031302",984,-0.00430765046295596,0.0222240963825145,-0.000391604587541451,"C.J. Fiedorowicz","HOU","TE",2017
"1543","00-0031127",917,-0.00430884807231947,0.0222561753162471,-0.000391713461119951,"Brandon Dunn","HOU","DL",2017
"1544","00-0033921",1964,-0.00431612335061778,0.0203632859899953,-0.000392374850056162,"Chris Godwin","TB","WR",2017
"1545","00-0033881",1926,-0.00433055359546898,0.0213296482889952,-0.00039368669049718,"Evan Engram","NYG","TE",2017
"1546","00-0031015",870,-0.00433170618181124,0.0215951621586543,-0.000393791471073749,"Phillip Gaines","KC","DB",2017
"1547","00-0032637",1452,-0.00436199013479807,0.0222383266338802,-0.000396544557708915,"Andrew Adams","NYG","DB",2017
"1548","00-0031740",1149,-0.00437361362853595,0.0230636360206434,-0.000397601238957813,"Neville Hewitt","MIA","LB",2017
"1549","00-0027136",223,-0.00438013492519886,0.0223064017193835,-0.000398194084108988,"Jason McCourty","CLE","DB",2017
"1550","00-0031935",1194,-0.00438235360571608,0.0214966197107229,-0.000398395782337825,"Preston Smith","WAS","LB",2017
"1551","00-0030957",862,-0.00440066282723177,0.0222414434148604,-0.00040006025702107,"Casey Kreiter","DEN","LS",2017
"1552","00-0033900",1945,-0.00440199945100539,0.0223771622680965,-0.000400181768273217,"Obi Melifonwu","OAK","DB",2017
"1553","00-0032071",1239,-0.00440441477911388,0.0215509230747234,-0.000400401343555807,"Trent Brown","SF","OL",2017
"1554","00-0031566",1091,-0.00441132964711823,0.0205124687769104,-0.000401029967919839,"Trey Flowers","NE","DL",2017
"1555","00-0027081",217,-0.00441685884505914,0.0219891138245368,-0.000401532622278104,"Glover Quin","DET","DB",2017
"1556","00-0026901",180,-0.00441866206791379,0.0212466696342981,-0.000401696551628527,"Mike Wallace","BAL","WR",2017
"1557","00-0031102",911,-0.00442840587287252,0.0224213122530495,-0.00040258235207932,"Kapri Bibbs","WAS","RB",2017
"1558","00-0031290",978,-0.0044323499890819,0.0204431311402873,-0.000402940908098354,"Marquis Flowers","NE","LB",2017
"1559","00-0032943",1569,-0.00443695008515154,0.0221535362858339,-0.00040335909865014,"Riley Dixon","DEN","P",2017
"1560","00-0032584",1438,-0.00444023341842536,0.0215729621569301,-0.000403657583493215,"Nick Rose","LAC","K",2017
"1561","00-0028836",447,-0.00444506857658018,0.0216244025942766,-0.000404097143325471,"Michael Wilhoite","SEA","LB",2017
"1562","00-0033901",1946,-0.004461296129478,0.0215930383322751,-0.000405572375407091,"Ethan Pocic","SEA","OL",2017
"1563","00-0033113",1655,-0.00446227637702829,0.0228886138246825,-0.000405661488820753,"Josh Forrest","SEA","LB",2017
"1564","00-0031142",921,-0.00446406613858959,0.0227061325123765,-0.000405824194417236,"Matt Feiler","PIT","OL",2017
"1565","00-0031182",934,-0.0044663651095545,0.0211005283794476,-0.000406033191777682,"Kevin Pamphile","TB","OL",2017
"1566","00-0033882",1927,-0.00447578495637755,0.0230150741027524,-0.000406889541488869,"Gareon Conley","OAK","DB",2017
"1567","00-0025920",118,-0.00452931210122106,0.0222748632361724,-0.000411755645565551,"Jerrell Freeman","CHI","LB",2017
"1568","00-0033719",1870,-0.00453822456044052,0.021430822418518,-0.000412565869130956,"Shane Smith","NYG","TE",2017
"1569","00-0031260",960,-0.00454519420023634,0.0225831413851149,-0.000413199472748758,"Logan Thomas","BUF","TE",2017
"1570","00-0033524",1783,-0.00454759927542812,0.02163022356046,-0.000413418115948011,"Kevin King","GB","DB",2017
"1571","00-0029493",540,-0.00456853598575637,0.023603349487851,-0.000415321453250579,"Ryan Quigley","MIN","P",2017
"1572","00-0027573",248,-0.00457729824299694,0.0209526364066259,-0.000416118022090631,"Mitch Unrein","CHI","DL",2017
"1573","00-0032980",1591,-0.00458097042252423,0.0215715947786733,-0.000416451856593112,"Marcus Johnson","PHI","WR",2017
"1574","00-0033283",1695,-0.00458631165499104,0.0214875391682302,-0.000416937423181004,"Tyus Bowser","BAL","LB",2017
"1575","00-0033879",1924,-0.00460763539119968,0.021920365142094,-0.000418875944654516,"O.J. Howard","TB","TE",2017
"1576","00-0033892",1937,-0.00461351898498587,0.021364927792427,-0.000419410816816897,"Marcus Maye","NYJ","DB",2017
"1577","00-0032789",1515,-0.00462740249102984,0.0232077468200523,-0.000420672953729986,"Devante Bond","TB","LB",2017
"1578","00-0030821",844,-0.00463215339703415,0.0213096935815661,-0.000421104854275832,"Allen Hurns","JAX","WR",2017
"1579","00-0030545",787,-0.00463733089604969,0.0219721921280405,-0.000421575536004518,"Luke Joeckel","SEA","OL",2017
"1580","00-0032827",1532,-0.00463822586349057,0.0226682858492613,-0.000421656896680961,"Leonard Wester","TB","OL",2017
"1581","00-0029567",554,-0.00463931852953403,0.022066147391235,-0.000421756229957639,"Nick Foles","PHI","QB",2017
"1582","00-0030524",776,-0.00465302498389735,0.0234605844116421,-0.000423002271263396,"Landry Jones","PIT","QB",2017
"1583","00-0033104",1648,-0.00465413376481183,0.0211948845973742,-0.000423103069528348,"Cody Kessler","CLE","QB",2017
"1584","00-0032256",1325,-0.00466057321113936,0.0229072525946391,-0.000423688473739942,"Clive Walford","OAK","TE",2017
"1585","00-0031555",1083,-0.00466792001384442,0.0213564475672321,-0.000424356364894947,"Eric Rowe","NE","DB",2017
"1586","00-0030711",829,-0.00466823540631352,0.0219276200218388,-0.000424385036937593,"David Fluellen","TEN","RB",2017
"1587","00-0031388",1038,-0.00468132995795104,0.0203374382961275,-0.000425575450722821,"Aaron Donald","LA","DL",2017
"1588","00-0030665",820,-0.00471501286950114,0.0221565859521403,-0.000428637533591013,"Daniel Sorensen","KC","DB",2017
"1589","00-0029336",523,-0.00472217059963189,0.0229271581366377,-0.000429288236330172,"Brittan Golden","ARI","WR",2017
"1590","00-0027869",309,-0.00473426092438479,0.023997607565709,-0.000430387356762254,"Mike Iupati","ARI","OL",2017
"1591","00-0033315",1715,-0.00473658755754662,0.0228514476817302,-0.000430598868867875,"Cole Hikutini","SF","TE",2017
"1592","00-0032758",1488,-0.00474234499170614,0.0214891608210217,-0.000431122271973285,"Vernon Hargreaves","TB","DB",2017
"1593","00-0028075",389,-0.00474343065777875,0.0221017266328068,-0.000431220968888977,"Buster Skrine","NYJ","DB",2017
"1594","00-0031948",1205,-0.00475525594477144,0.0227902552015763,-0.000432295994979222,"Ryan Russell","TB","DL",2017
"1595","00-0028256",420,-0.00478487067329484,0.0216952393229907,-0.000434988243026803,"Sealver Siliga","TB","DL",2017
"1596","00-0033886",1931,-0.00481078384482412,0.0219038215981308,-0.000437343985893102,"T.J. Watt","PIT","LB",2017
"1597","00-0031304",985,-0.00482162893241472,0.0224362434607645,-0.000438329902946792,"Will Clarke","TB","DL",2017
"1598","00-0031512",1069,-0.00483136957136979,0.0217505026914069,-0.000439215415579072,"Jermaine Whitehead","GB","DB",2017
"1599","00-0031628",1127,-0.00484003143038282,0.0212286576039649,-0.00044000285730753,"Darryl Roberts","NYJ","DB",2017
"1600","00-0029239",497,-0.00484571720658511,0.0218666718544212,-0.000440519746053192,"Brandon Bolden","NE","RB",2017
"1601","00-0033463",1767,-0.00484583727263131,0.021678189075772,-0.000440530661148301,"Carl Lawson","CIN","DL",2017
"1602","00-0032408",1373,-0.00485899374573382,0.0219180645237449,-0.00044172670415762,"Blake Martinez","GB","LB",2017
"1603","00-0032777",1505,-0.00487143078183581,0.0222633675967216,-0.000442857343803256,"Evan Boehm","ARI","OL",2017
"1604","00-0030092",677,-0.00487287016032271,0.0220583622415645,-0.000442988196392974,"Sam Martin","DET","P",2017
"1605","00-0033526",1785,-0.00488071742010231,0.0224081353399991,-0.000443701583645664,"Samaje Perine","WAS","RB",2017
"1606","00-0031547",1076,-0.00489554822559762,0.0218492176650578,-0.000445049838690692,"DeVante Parker","MIA","WR",2017
"1607","00-0032788",1514,-0.00490713010611888,0.022210965692151,-0.000446102736919898,"D.J. White","IND","DB",2017
"1608","00-0029418",534,-0.00491808411505548,0.0218330317749632,-0.000447098555914134,"Najee Goode","PHI","LB",2017
"1609","00-0032708",1474,-0.00492166521096366,0.0229683991089198,-0.000447424110087606,"Deon King","JAX","LB",2017
"1610","00-0021146",10,-0.00494130938914594,0.0236237055801932,-0.000449209944467812,"Dwight Freeney","DET","DL",2017
"1611","00-0027236",230,-0.00494869749185065,0.0219672195928753,-0.000449881590168241,"Kyle Love","CAR","DL",2017
"1612","00-0033961",1998,-0.0049668889793846,0.02158180321574,-0.000451535361762236,"Dylan Donahue","NYJ","LB",2017
"1613","00-0028434",431,-0.00496734333852029,0.0214512847615769,-0.000451576667138208,"Doug Baldwin","SEA","WR",2017
"1614","00-0031511",1068,-0.00497281743670118,0.023181214058269,-0.00045207431242738,"DeAndrew White","HOU","WR",2017
"1615","00-0032350",1338,-0.00497324183998369,0.0224832329297417,-0.000452112894543971,"Stefan McClure","OAK","DB",2017
"1616","00-0031561",1089,-0.0050008192437206,0.0222429915402639,-0.000454619931247328,"Hroniss Grasu","CHI","OL",2017
"1617","00-0033899",1944,-0.0050021165153754,0.0216747826173623,-0.000454737865034127,"DeShone Kizer","CLE","QB",2017
"1618","00-0033573",1824,-0.00500497515073605,0.0226166474240837,-0.000454997740976005,"Shelton Gibson","PHI","WR",2017
"1619","00-0032404",1371,-0.00500870985405787,0.0219330694873088,-0.000455337259459807,"Tyler Ervin","HOU","RB",2017
"1620","00-0033541",1799,-0.00500889574673365,0.0217436159600677,-0.000455354158793968,"Taco Charlton","DAL","DL",2017
"1621","00-0032935",1563,-0.00501248175052454,0.0207090964202989,-0.000455680159138594,"Johnny Holton","OAK","WR",2017
"1622","00-0033525",1784,-0.00502395844584914,0.0224192359876995,-0.000456723495077195,"Ryan Anderson","WAS","LB",2017
"1623","00-0027004",197,-0.00503574652803632,0.0216584023512969,-0.000457795138912393,"Eric Wood","BUF","OL",2017
"1624","00-0033047",1609,-0.00503715077861479,0.0206578770905704,-0.00045792279805589,"Anthony Brown","DAL","DB",2017
"1625","00-0032976",1588,-0.00504001870699398,0.0212240333391928,-0.000458183518817635,"Spencer Drango","CLE","OL",2017
"1626","00-0031548",1077,-0.00504314138644662,0.0219893715203288,-0.000458467398767874,"Kevin Johnson","HOU","DB",2017
"1627","00-0029254",502,-0.00507704354778388,0.0225265483695154,-0.000461549413434899,"Amini Silatolu","CAR","OL",2017
"1628","00-0030649",815,-0.00507715994436474,0.0219047196651165,-0.000461559994942249,"Jonotthan Harrison","NYJ","OL",2017
"1629","00-0032772",1500,-0.00511244797086676,0.0213558947575285,-0.000464767997351523,"Ryan Smith","TB","DB",2017
"1630","00-0029413",532,-0.00512749436524562,0.0220239328081104,-0.000466135851385965,"Ben Jones","TEN","OL",2017
"1631","00-0031330",997,-0.00514275617023757,0.0209980471716989,-0.000467523288203415,"Morgan Moses","WAS","OL",2017
"1632","00-0023516",45,-0.00514436196085655,0.0209535431827058,-0.000467669269168778,"Richie Incognito","BUF","OL",2017
"1633","00-0029278",512,-0.00515009706033804,0.0225688916586779,-0.000468190641848913,"Joe Looney","DAL","OL",2017
"1634","00-0032098",1245,-0.00515027864203105,0.0224823813184542,-0.00046820714927555,"Daniel Brown","CHI","TE",2017
"1635","00-0031307",987,-0.00515452034220462,0.0213851463264114,-0.000468592758382238,"Walt Aikens","MIA","DB",2017
"1636","00-0028097",398,-0.00517270524504905,0.023090505604652,-0.000470245931368095,"Lee Smith","OAK","TE",2017
"1637","00-0032797",1522,-0.00517571595524584,0.0235036172290535,-0.000470519632295076,"Jordan Lucas","MIA","DB",2017
"1638","00-0026205",141,-0.00518401116679914,0.0228152265202672,-0.000471273742436285,"John Greco","NYG","OL",2017
"1639","00-0030668",821,-0.00519952019725706,0.0211003141102898,-0.000472683654296096,"Charcandrick West","KC","RB",2017
"1640","00-0031929",1192,-0.00520725427728887,0.0220347847270965,-0.000473386752480806,"Carlos Thompson","LA","LB",2017
"1641","00-0032807",1527,-0.00523016960211262,0.0213595397136675,-0.00047546996382842,"Clayton Fejedelem","CIN","DB",2017
"1642","00-0032626",1446,-0.00523349033140874,0.0212637927451603,-0.000475771848309885,"Geronimo Allison","GB","WR",2017
"1643","00-0029580",561,-0.00523500301840596,0.0211413236084566,-0.000475909365309632,"Rishard Matthews","TEN","WR",2017
"1644","00-0031338",1004,-0.00524582247026733,0.021751744099805,-0.000476892951842484,"Terrence Brooks","NYJ","DB",2017
"1645","00-0031951",1207,-0.00525514701881706,0.0214028552034427,-0.000477740638074278,"James O'Shaughnessy","JAX","TE",2017
"1646","00-0032319",1334,-0.00527846797750992,0.0221523850635895,-0.000479860725228175,"Ross Travis","IND","TE",2017
"1647","00-0032239",1313,-0.00528670813041805,0.021045163531814,-0.000480609830038004,"Byron Jones","DAL","DB",2017
"1648","00-0025390",83,-0.00531291733039559,0.0222180156802763,-0.000482992484581417,"Joe Thomas","CLE","OL",2017
"1649","00-0027378",239,-0.00533585820341523,0.0229813530044432,-0.000485078018492293,"Chris Maragos","PHI","DB",2017
"1650","00-0031285",976,-0.00533849988815114,0.0210108131481196,-0.000485318171650104,"Devonta Freeman","ATL","RB",2017
"1651","00-0029394",527,-0.00534303863149659,0.0230042924842217,-0.000485730784681508,"Brenton Bersin","CAR","WR",2017
"1652","00-0031376",1030,-0.00535939813709346,0.0211419488653363,-0.000487218012463042,"Jerick McKinnon","MIN","RB",2017
"1653","00-0033930",1972,-0.00538964371425087,0.0228231395194568,-0.000489967610386443,"Cameron Sutton","PIT","DB",2017
"1654","00-0025512",106,-0.00539808007306043,0.0207902066931344,-0.000490734552096403,"Jermon Bushrod","MIA","OL",2017
"1655","00-0032729",1479,-0.00540890985101593,0.0220528003174393,-0.000491719077365084,"Ufomba Kamalu","HOU","LB",2017
"1656","00-0028112",404,-0.00541742503242477,0.021003929501782,-0.000492493184765889,"Charles Clay","BUF","TE",2017
"1657","00-0033902",1947,-0.00542099713793819,0.0217223422709226,-0.000492817921630744,"Tanoh Kpassagnon","KC","LB",2017
"1658","00-0032655",1457,-0.00542303017215504,0.0222918084972308,-0.000493002742923185,"Romeo Okwara","NYG","DL",2017
"1659","00-0031982",1215,-0.00546124085379883,0.0228874348034253,-0.000496476441254439,"Cap Capi","BUF","DL",2017
"1660","00-0033282",1694,-0.00547177403488287,0.0218999841465729,-0.00049743400317117,"Curtis Samuel","CAR","WR",2017
"1661","00-0030697",826,-0.00547375949476312,0.0218207581855801,-0.00049761449952392,"Jamie Meder","CLE","DL",2017
"1662","00-0029091",478,-0.00549153066012325,0.0213400322922929,-0.000499230060011204,"Bradley Sowell","CHI","OL",2017
"1663","00-0033466",1770,-0.00550915749466183,0.0223519038300574,-0.000500832499514711,"Isaiah McKenzie","DEN","WR",2017
"1664","00-0031347",1010,-0.00550979098617592,0.0219086042124034,-0.000500890089652357,"Keith McGill","OAK","DB",2017
"1665","00-0031253",953,-0.00552690885371354,0.0224649809721609,-0.000502446259428504,"K'Waun Williams","SF","DB",2017
"1666","00-0031997",1216,-0.00553193914740661,0.0208636957948014,-0.000502903558855146,"David Irving","DAL","DL",2017
"1667","00-0032839",1533,-0.00554089626178629,0.0220916292084199,-0.000503717841980572,"Hunter Sharp","NYG","WR",2017
"1668","00-0031348",1011,-0.00555086971066484,0.0229167088574332,-0.000504624519151349,"Anthony Hitchens","DAL","LB",2017
"1669","00-0031697",1140,-0.00555971906221864,0.0205758736126927,-0.00050542900565624,"Jordan Taylor","DEN","WR",2017
"1670","00-0033387",1744,-0.00556199516046548,0.0221044390085233,-0.00050563592367868,"Jacob Hollister","NE","TE",2017
"1671","00-0030520",773,-0.00558971290601568,0.0221017350140619,-0.000508155718728698,"Mike Glennon","CHI","QB",2017
"1672","00-0029762",616,-0.0055908840458995,0.0221851743362013,-0.000508262185990864,"John Wetzel","ARI","OL",2017
"1673","00-0032964",1579,-0.00559090750883311,0.0224331261924585,-0.000508264318984828,"Byron Marshall","WAS","RB",2017
"1674","00-0031615",1121,-0.00559823759751066,0.0226648489311911,-0.000508930690682787,"Christian Ringo","DET","DL",2017
"1675","00-0033545",1802,-0.00560369846213666,0.0219279887848184,-0.000509427132921515,"Teez Tabor","DET","DB",2017
"1676","00-0032942",1568,-0.00560989728148611,0.0217625019880841,-0.000509990661953283,"Kevon Seymour","CAR","DB",2017
"1677","00-0029543",547,-0.00561186944157783,0.0221463098330619,-0.000510169949234348,"Donald Stephenson","DEN","OL",2017
"1678","00-0032245",1319,-0.00561488610591401,0.0221344137774295,-0.000510444191446728,"Sean Mannion","LA","QB",2017
"1679","00-0033588",1836,-0.00561617114799564,0.0222691893134291,-0.000510561013454149,"Isaac Rochell","LAC","DL",2017
"1680","00-0032269",1332,-0.00561788939515346,0.0220560792091533,-0.000510717217741224,"Henry Anderson","IND","DL",2017
"1681","00-0028069",387,-0.00561950215748044,0.0216852411859827,-0.000510863832498222,"Davon House","GB","DB",2017
"1682","00-0031075",902,-0.00568930367780168,0.0218845314354765,-0.000517209425254698,"Alfred Blue","HOU","RB",2017
"1683","00-0033091",1641,-0.0056959489336907,0.0219267070365559,-0.000517813539426428,"KeiVarae Russell","CIN","DB",2017
"1684","00-0029316",520,-0.00571131833344635,0.022222211821562,-0.000519210757586032,"Kelvin Beachum","NYJ","OL",2017
"1685","00-0028411",429,-0.00571552948193749,0.0219188832234196,-0.000519593589267045,"Dontrelle Inman","CHI","WR",2017
"1686","00-0029666",590,-0.00575372107125308,0.0229284415573675,-0.000523065551932098,"Josh LeRibeus","NO","OL",2017
"1687","00-0033568",1820,-0.00577327895267167,0.0212471854644736,-0.00052484354115197,"Nate Hairston","IND","DB",2017
"1688","00-0031087",906,-0.00580053925630835,0.0213772593494462,-0.000527321750573486,"Andre Hal","HOU","DB",2017
"1689","00-0030504",764,-0.00580434285903603,0.0217099538259885,-0.000527667532639639,"Earl Watford","ARI","OL",2017
"1690","00-0032386",1356,-0.00586245967577977,0.0212373503425161,-0.000532950879616343,"Kamalei Correa","BAL","LB",2017
"1691","00-0028142",413,-0.00587183900356138,0.0212314644538432,-0.000533803545778307,"Virgil Green","DEN","TE",2017
"1692","00-0032156",1280,-0.00590044498442534,0.0217345471492879,-0.000536404089493213,"Trevor Siemian","DEN","QB",2017
"1693","00-0033295",1703,-0.00591229274307449,0.021810505667523,-0.000537481158461317,"Elijah McGuire","NYJ","RB",2017
"1694","00-0031306",986,-0.00591530141574687,0.0218225507679306,-0.000537754674158806,"Russell Bodine","CIN","OL",2017
"1695","00-0031921",1188,-0.00591772977592708,0.0224692266633069,-0.000537975434175189,"Kendall Lamm","HOU","OL",2017
"1696","00-0032215",1305,-0.00594093387186691,0.0213741494273924,-0.000540084897442447,"Damien Wilson","DAL","LB",2017
"1697","00-0032573",1431,-0.0059544085317856,0.0219459765023592,-0.000541309866525964,"Patrick Onwuasor","BAL","LB",2017
"1698","00-0031491",1064,-0.00595849085011766,0.020800440926857,-0.000541680986374333,"Brian Peters","HOU","LB",2017
"1699","00-0032265",1330,-0.00597072407248947,0.0217552316961657,-0.000542793097499043,"Mario Edwards","OAK","DL",2017
"1700","00-0029542",546,-0.00598091241775896,0.0209226372263373,-0.00054371931070536,"Stephon Gilmore","NE","DB",2017
"1701","00-0033290",1699,-0.00598536229449212,0.0225869081057426,-0.000544123844953829,"Jermaine Eluemunor","BAL","OL",2017
"1702","00-0029793",620,-0.00598746573265951,0.021178543310662,-0.00054431506660541,"Brandon Williams","IND","TE",2017
"1703","00-0028581",436,-0.00599723849144123,0.0219313037882557,-0.00054520349922193,"Patrick DiMarco","BUF","RB",2017
"1704","00-0025408",90,-0.00600075069531611,0.0217360520159297,-0.000545522790483283,"Reggie Nelson","OAK","DB",2017
"1705","00-0027662",258,-0.00600431907380026,0.0212653459465534,-0.000545847188527296,"Carlos Dunlap","CIN","DL",2017
"1706","00-0028100",399,-0.00600515347416416,0.0220620692227732,-0.000545923043105833,"Chris Carter","WAS","LB",2017
"1707","00-0033011",1599,-0.0060232076029954,0.0221074903306965,-0.000547564327545037,"Connor McGovern","DEN","OL",2017
"1708","00-0030382",719,-0.00603040083119724,0.0223733640079709,-0.000548218257381567,"Kevin Minter","CIN","LB",2017
"1709","00-0026991",191,-0.00605234791700366,0.0221054303284194,-0.000550213447000332,"Brian Cushing","HOU","LB",2017
"1710","00-0030921",858,-0.00605923083836216,0.0215248530542697,-0.000550839167123833,"Tenny Palepoi","LAC","DL",2017
"1711","00-0033904",1949,-0.00607850361250592,0.0216617743511185,-0.000552591237500538,"Dion Dawkins","BUF","OL",2017
"1712","00-0033841",1902,-0.00610782332108532,0.0219729789060029,-0.000555256665553211,"Blair Brown","JAX","LB",2017
"1713","00-0033037",1602,-0.00610805480456038,0.0211559260236474,-0.000555277709505489,"Adolphus Washington","BUF","DL",2017
"1714","00-0033132",1670,-0.00614807685444643,0.0218437011194454,-0.000558916077676948,"Kevin Byard","TEN","DB",2017
"1715","00-0027010",200,-0.00618056212390656,0.0212276393158934,-0.000561869283991506,"Patrick Chung","NE","DB",2017
"1716","00-0026156",130,-0.00618433505650543,0.0223211472084414,-0.00056221227786413,"Dominique Rodgers-Cromartie","NYG","DB",2017
"1717","00-0027762",285,-0.00619422980155466,0.0203626081338242,-0.000563111800141332,"Reshad Jones","MIA","DB",2017
"1718","00-0028024",373,-0.00623156520456587,0.0214322451531518,-0.000566505927687806,"Allen Bailey","KC","DL",2017
"1719","00-0031333",1000,-0.00624826122853735,0.0219962981794284,-0.00056802374804885,"Ha Ha Clinton-Dix","GB","DB",2017
"1720","00-0027973",347,-0.00625835917027415,0.0220812022317307,-0.000568941742752195,"Andy Dalton","CIN","QB",2017
"1721","00-0031410",1049,-0.00626439099670705,0.0210096140485586,-0.000569490090609732,"Xavier Su'a-Filo","HOU","OL",2017
"1722","00-0030541",783,-0.00628562692820118,0.0226280281973123,-0.000571420629836471,"Blidi Wreh-Wilson","ATL","DB",2017
"1723","00-0031587",1106,-0.00633186731835258,0.0212563838125234,-0.000575624301668417,"Bobby McCain","MIA","DB",2017
"1724","00-0030433",739,-0.00633190656954606,0.021850572770464,-0.000575627869958733,"Mike Gillislee","NE","RB",2017
"1725","00-0030629",813,-0.00633947650140504,0.0210111078181028,-0.000576316045582277,"Jeremy Vujnovich","IND","OL",2017
"1726","00-0026275",150,-0.00634652000173397,0.0224994188035428,-0.000576956363793997,"Josh Sitton","CHI","OL",2017
"1727","00-0030515",770,-0.0063500326184368,0.0224137271418569,-0.000577275692585164,"Stacy McGee","WAS","DL",2017
"1728","00-0032052",1225,-0.00639985853229747,0.0212865160244549,-0.000581805321117952,"Dante Fowler","JAX","DL",2017
"1729","00-0031897",1180,-0.00641918858155427,0.0213621155262969,-0.000583562598323116,"Thomas Rawls","SEA","RB",2017
"1730","00-0032782",1509,-0.00644350086535917,0.0220922105978462,-0.000585772805941743,"Wendell Smallwood","PHI","RB",2017
"1731","00-0032768",1497,-0.00644784417851002,0.0211208591014639,-0.00058616765259182,"Cody Whitehair","CHI","OL",2017
"1732","00-0033316",1716,-0.00645313544616093,0.0238587574875973,-0.000586648676923721,"Lorenzo Jerome","SF","DB",2017
"1733","00-0031046",887,-0.00646751976320647,0.0216705794057479,-0.000587956342109679,"Jack Mewhort","IND","OL",2017
"1734","00-0027925",323,-0.00647232626735113,0.0229138335876066,-0.00058839329703192,"James Develin","NE","RB",2017
"1735","00-0031097",909,-0.00647698072340102,0.0207363984966757,-0.000588816429400093,"Terrance Mitchell","KC","DB",2017
"1736","00-0032496",1415,-0.00649883822747549,0.0210624686086016,-0.000590803475225044,"Matthias Farley","IND","DB",2017
"1737","00-0032895",1549,-0.00651214236955624,0.0221130292778297,-0.000592012942686931,"Jatavis Brown","LAC","LB",2017
"1738","00-0020712",8,-0.00651551082629384,0.022752902097729,-0.000592319166026713,"James Harrison","NE","LB",2017
"1739","00-0028027",374,-0.00652030851974312,0.0214769098732129,-0.000592755319976648,"Shareece Wright","BUF","DB",2017
"1740","00-0027808",291,-0.00655780460813133,0.0217633520727837,-0.000596164055284666,"Willie Young","CHI","LB",2017
"1741","00-0033928",1970,-0.00658381114839897,0.0216362021375666,-0.000598528286218088,"Jourdan Lewis","DAL","DB",2017
"1742","00-0031359",1016,-0.00658880959324386,0.0211081081603423,-0.000598982690294896,"Kelvin Benjamin","BUF","WR",2017
"1743","00-0032676",1464,-0.00659151865907488,0.0224260186530048,-0.000599228969006807,"Mike Jordan","CLE","DB",2017
"1744","00-0028445",432,-0.00661503685897575,0.0213739761457788,-0.000601366987179614,"Ron Parker","KC","DB",2017
"1745","00-0031070",900,-0.00661657459448111,0.0220164796145029,-0.000601506781316464,"Nat Berhe","NYG","DB",2017
"1746","00-0027667",260,-0.00661677300851207,0.0212096093651302,-0.000601524818955642,"Vladimir Ducasse","BUF","OL",2017
"1747","00-0032366",1343,-0.00662742964458284,0.0217981372408584,-0.000602493604052986,"Tyler Matakevich","PIT","LB",2017
"1748","00-0033108",1651,-0.00663171456210508,0.0221098166603695,-0.000602883142009553,"Paxton Lynch","DEN","QB",2017
"1749","00-0031040",883,-0.00666387424878287,0.0219938364164313,-0.000605806749889351,"Khalil Mack","OAK","DL",2017
"1750","00-0031936",1195,-0.00668155922904634,0.022181291424328,-0.000607414475367849,"Mitch Morse","KC","OL",2017
"1751","00-0028702",441,-0.00669332525952997,0.0218743992559727,-0.000608484114502725,"Chris Matthews","BAL","WR",2017
"1752","00-0031269",967,-0.00670483756108228,0.021572479999495,-0.000609530687371117,"T.J. Carrie","OAK","DB",2017
"1753","00-0033943",1984,-0.00670719137056791,0.0215778003911424,-0.000609744670051628,"Josh Reynolds","LA","WR",2017
"1754","00-0026714",171,-0.00671113463773625,0.0226580032600889,-0.000610103148885113,"Nick Sundberg","WAS","LS",2017
"1755","00-0027856",298,-0.00672555181426107,0.0213622967108665,-0.000611413801296461,"Gerald McCoy","TB","DL",2017
"1756","00-0027720",277,-0.00672768985575535,0.0211085544616253,-0.000611608168705032,"Geno Atkins","CIN","DL",2017
"1757","00-0030140",690,-0.00676384004963872,0.0227553637197254,-0.000614894549967157,"Tress Way","WAS","P",2017
"1758","00-0031185",935,-0.00678285960212787,0.0215796826431871,-0.000616623600193443,"Jon Halapio","NYG","OL",2017
"1759","00-0032781",1508,-0.00681055807449976,0.0215591398847505,-0.000619141643136342,"Matthew Ioannidis","WAS","DL",2017
"1760","00-0032164",1283,-0.00682157788272713,0.0224027494994662,-0.000620143443884285,"Arik Armstead","SF","DL",2017
"1761","00-0033932",1974,-0.00684249015576205,0.0217935071463958,-0.000622044559614732,"Kenny Golladay","DET","WR",2017
"1762","00-0030074",668,-0.00686616237726167,0.0216373193342087,-0.000624196579751061,"David Bakhtiari","GB","OL",2017
"1763","00-0025421",94,-0.00687783869797029,0.0210671214065481,-0.000625258063451844,"Paul Posluszny","JAX","LB",2017
"1764","00-0026935",181,-0.00688966936318621,0.0222077000742786,-0.000626333578471474,"Brice McCain","TEN","DB",2017
"1765","00-0031571",1095,-0.00689540817094208,0.0218563033719578,-0.000626855288267461,"Clayton Geathers","IND","DB",2017
"1766","00-0031612",1119,-0.00692124838026753,0.0219764246258752,-0.00062920439820614,"Aaron Ripkowski","GB","RB",2017
"1767","00-0027948",331,-0.00694744785610581,0.0217453781901209,-0.000631586168736891,"Blaine Gabbert","ARI","QB",2017
"1768","00-0027125",222,-0.00695455688112821,0.021758082495936,-0.000632232443738928,"Zach Miller","CHI","TE",2017
"1769","00-0032222",1308,-0.00703199118090077,0.0219651664034511,-0.000639271925536434,"D.J. Humphries","ARI","OL",2017
"1770","00-0033951",1991,-0.00703626894429602,0.0216933411887435,-0.00063966081311782,"Marlon Mack","IND","RB",2017
"1771","00-0027495",242,-0.00710274371365823,0.0204511550709101,-0.00064570397396893,"George Johnson","NO","DL",2017
"1772","00-0033917",1962,-0.00720883232773491,0.0220852241989202,-0.000655348393430446,"Tarell Basham","IND","LB",2017
"1773","00-0030033",650,-0.00724542072264321,0.0224896112758876,-0.000658674611149383,"Terence Garvin","SEA","LB",2017
"1774","00-0033547",1804,-0.00727713841664394,0.0213400084122635,-0.000661558037876722,"Zach Cunningham","HOU","LB",2017
"1775","00-0032102",1246,-0.00729966093976147,0.0234069869768381,-0.000663605539978316,"Stephone Anthony","MIA","LB",2017
"1776","00-0029638",582,-0.0073345774949826,0.0226741111709474,-0.000666779772271145,"Michael Floyd","MIN","WR",2017
"1777","00-0029388",525,-0.00734846853373214,0.0218408206330973,-0.000668042593975649,"Deonte Thompson","BUF","WR",2017
"1778","00-0031893",1178,-0.00735011106188267,0.0217042081568554,-0.000668191914716606,"Jesse Davis","MIA","OL",2017
"1779","00-0033288",1698,-0.00736232138326731,0.0217982258624338,-0.000669301943933392,"George Kittle","SF","TE",2017
"1780","00-0031120",915,-0.00737579019640818,0.0216435164775552,-0.000670526381491653,"Adarius Taylor","TB","LB",2017
"1781","00-0031577",1099,-0.00740272187813864,0.0218961819117251,-0.000672974716194422,"Javorius Allen","BAL","RB",2017
"1782","00-0032688",1467,-0.00742641022284459,0.0213277084212182,-0.000675128202076781,"Robby Anderson","NYJ","WR",2017
"1783","00-0032104",1248,-0.0074309167075913,0.0217199549208457,-0.0006755378825083,"Ameer Abdullah","DET","RB",2017
"1784","00-0030089",674,-0.00745471690614795,0.020777922211296,-0.000677701536922541,"Luke Willson","SEA","TE",2017
"1785","00-0024235",62,-0.0074571008884078,0.0215492428070541,-0.000677918262582527,"Tamba Hali","KC","LB",2017
"1786","00-0033544",1801,-0.00745759756602867,0.02174943174578,-0.000677963415093516,"Quincy Wilson","IND","DB",2017
"1787","00-0029931",638,-0.00747118185333279,0.0218012987956871,-0.000679198350302981,"Zach Line","NO","RB",2017
"1788","00-0022923",24,-0.00749466714987064,0.0219321521944455,-0.000681333377260968,"DeAngelo Hall","WAS","DB",2017
"1789","00-0025405",89,-0.00750492734915877,0.0222783003831238,-0.000682266122650797,"Leon Hall","SF","DB",2017
"1790","00-0027023",205,-0.00752321831594276,0.0211385490952108,-0.000683928937812978,"Mike Mitchell","PIT","DB",2017
"1791","00-0031308",988,-0.00752948663357962,0.020696713285477,-0.000684498784870875,"Kevin Pierre-Louis","KC","LB",2017
"1792","00-0029958",642,-0.00754347534197021,0.021807471281446,-0.000685770485633655,"Steven Terrell","KC","DB",2017
"1793","00-0031357",1015,-0.0076032246393161,0.0224580292543823,-0.000691202239937828,"C.J. Goodwin","ARI","DB",2017
"1794","00-0032424",1386,-0.00761411972672263,0.0213550998566256,-0.00069219270242933,"D.J. Reader","HOU","DL",2017
"1795","00-0031568",1093,-0.00762234053553438,0.0227374523536656,-0.000692940048684943,"Bryce Petty","NYJ","QB",2017
"1796","00-0029869",628,-0.00764841126671765,0.0221999122588283,-0.00069531011515615,"Will Compton","WAS","LB",2017
"1797","00-0025394",84,-0.00764939892487672,0.0218936404397151,-0.00069539990226152,"Adrian Peterson","ARI","RB",2017
"1798","00-0025435",98,-0.00765519171987204,0.0220644429982946,-0.000695926519988367,"Justin Durant","DAL","LB",2017
"1799","00-0029699",608,-0.00765821623145482,0.0220766411611465,-0.000696201475586802,"Tony Bergstrom","WAS","OL",2017
"1800","00-0031556",1084,-0.00765956393750813,0.0209022212152033,-0.000696323994318921,"Nate Orchard","CLE","DL",2017
"1801","00-0026762",172,-0.00767152477688458,0.0214544990657397,-0.000697411343353143,"Alex Boone","ARI","OL",2017
"1802","00-0031277",971,-0.00769203333191749,0.0230973832010919,-0.000699275757447044,"Branden Oliver","LAC","RB",2017
"1803","00-0027777",287,-0.0076938404818607,0.0218339854113784,-0.000699440043805518,"Arthur Moats","PIT","LB",2017
"1804","00-0033549",1806,-0.00769990926175252,0.0223554288666969,-0.000699991751068411,"Duke Riley","ATL","LB",2017
"1805","00-0029740",614,-0.00773543877770849,0.022453415015195,-0.000703221707064408,"Ifeanyi Momah","ARI","TE",2017
"1806","00-0033109",1652,-0.00777507560911939,0.0218239579531,-0.00070682505537449,"Javon Hargrave","PIT","DL",2017
"1807","00-0028042",381,-0.00782140329449224,0.0222931146053954,-0.000711036663135659,"Luke Stocker","TEN","TE",2017
"1808","00-0029587",564,-0.00782743611477798,0.0216517769368736,-0.000711585101343453,"Rhett Ellison","NYG","TE",2017
"1809","00-0033958",1996,-0.00783850886161572,0.022624698972581,-0.000712591714692338,"Nathan Peterman","BUF","QB",2017
"1810","00-0032059",1232,-0.00785256594984502,0.0216112030822416,-0.000713869631804093,"P.J. Williams","NO","DB",2017
"1811","00-0031360",1017,-0.00786234074975979,0.0214676975039894,-0.000714758249978162,"Kyle Van Noy","NE","LB",2017
"1812","00-0025708",114,-0.00787735674037581,0.0226877820623804,-0.000716123340034164,"Matt Moore","MIA","QB",2017
"1813","00-0033256",1683,-0.00789550137346518,0.022185512092733,-0.000717772852133199,"Deyshawn Bond","IND","OL",2017
"1814","00-0032442",1397,-0.00792304912989123,0.0216148527641501,-0.000720277193626475,"Elandon Roberts","NE","LB",2017
"1815","00-0033790",1892,-0.00792573075382715,0.0220352368201487,-0.00072052097762065,"Jordan Evans","CIN","LB",2017
"1816","00-0029854",627,-0.00794172089654876,0.0219712437975048,-0.000721974626958978,"C.J. Anderson","DEN","RB",2017
"1817","00-0031938",1197,-0.00794440738976069,0.0227218452274293,-0.000722218853614608,"Carl Davis","BAL","DL",2017
"1818","00-0032054",1227,-0.00794627699812577,0.023361354106077,-0.000722388818011434,"Breshad Perriman","BAL","WR",2017
"1819","00-0027960",340,-0.00796972428845724,0.0215680026360051,-0.000724520389859749,"Anthony Castonzo","IND","OL",2017
"1820","00-0031089",907,-0.00799175734176866,0.0206930361142874,-0.000726523394706242,"Beau Allen","PHI","DL",2017
"1821","00-0022921",23,-0.00801884745540118,0.0218071619856089,-0.000728986132309198,"Larry Fitzgerald","ARI","WR",2017
"1822","00-0033056",1616,-0.00804378195360942,0.0219655998729156,-0.000731252904873583,"Cory James","OAK","LB",2017
"1823","00-0026240",147,-0.00804651002107907,0.0215182364274186,-0.000731500911007188,"Tyvon Branch","ARI","DB",2017
"1824","00-0024030",55,-0.00806553792756402,0.0212763346936583,-0.000733230720687638,"Tom Johnson","MIN","DL",2017
"1825","00-0029676",594,-0.00810355964633689,0.0212439053225487,-0.000736687240576081,"Morris Claiborne","NYJ","DB",2017
"1826","00-0031386",1036,-0.00810778941331262,0.0211180941961832,-0.000737071764846602,"Greg Robinson","DET","OL",2017
"1827","00-0032813",1530,-0.00814935691869928,0.0218524101728626,-0.000740850628972662,"Elijhaa Penny","ARI","RB",2017
"1828","00-0033097",1646,-0.00816422898934556,0.0220169974813465,-0.000742202635395051,"Shon Coleman","CLE","OL",2017
"1829","00-0029764",617,-0.0081688315727598,0.0216955828039601,-0.000742621052069073,"Cody Davis","LA","DB",2017
"1830","00-0033253",1681,-0.00819019342144355,0.0218402282716264,-0.00074456303831305,"Tyler Catalina","WAS","OL",2017
"1831","00-0031387",1037,-0.00819105885210798,0.0224796848342079,-0.000744641713827998,"Eric Ebron","DET","TE",2017
"1832","00-0033450",1763,-0.00820630906389474,0.0218555122570101,-0.000746028096717703,"Xavier Woodson-Luster","BUF","LB",2017
"1833","00-0030170",700,-0.0082472205287197,0.021712108852215,-0.0007497473207927,"Rontez Miles","NYJ","DB",2017
"1834","00-0027247",232,-0.00825704582755329,0.0212712440630193,-0.000750640529777572,"Mike Windt","LAC","LS",2017
"1835","00-0032251",1323,-0.0082609960442493,0.02213990685944,-0.0007509996403863,"Damarious Randall","GB","DB",2017
"1836","00-0032954",1574,-0.00827271876560266,0.0206710057929853,-0.000752065342327515,"Isaac Seumalo","PHI","OL",2017
"1837","00-0028595",437,-0.00829415078169423,0.0229271066280542,-0.000754013707426748,"Scott Tolzien","IND","QB",2017
"1838","00-0030064",661,-0.00831458463287643,0.0216594678448508,-0.000755871330261494,"Jon Bostic","IND","LB",2017
"1839","00-0032196",1293,-0.00835289877218655,0.0219954393268585,-0.000759354433835141,"Jake Fisher","CIN","OL",2017
"1840","00-0029329",522,-0.00836273976973638,0.0222056925877223,-0.000760249069976035,"Neiko Thorpe","SEA","DB",2017
"1841","00-0028067",386,-0.00843053496172,0.0218285010481771,-0.000766412269247273,"Julius Thomas","MIA","TE",2017
"1842","00-0027006",198,-0.00849724607059323,0.0225664290824537,-0.000772476915508476,"Kenny Britt","NE","WR",2017
"1843","00-0032165",1284,-0.00854482790315384,0.02176179822838,-0.000776802536650349,"Marcus Peters","KC","DB",2017
"1844","00-0032378",1348,-0.00856309686118488,0.021110023476665,-0.000778463351016808,"DeForest Buckner","SF","DL",2017
"1845","00-0031364",1021,-0.0085669096490327,0.0213064629650335,-0.000778809968093882,"Jadeveon Clowney","HOU","LB",2017
"1846","00-0032233",1311,-0.00859300699088177,0.0213861092572207,-0.000781182453716524,"Cedric Ogbuehi","CIN","OL",2017
"1847","00-0032775",1503,-0.00861796204731497,0.0215832015433653,-0.000783451095210452,"Demarcus Robinson","KC","WR",2017
"1848","00-0031255",955,-0.00865092182378598,0.0216332936813753,-0.000786447438525999,"Kasim Edebali","NO","LB",2017
"1849","00-0024264",65,-0.00865462807413966,0.0234438939854913,-0.000786784370376332,"Kellen Clemens","LAC","QB",2017
"1850","00-0027840",295,-0.00866318755829068,0.0213934359909898,-0.000787562505299153,"Robert McClain","TB","DB",2017
"1851","00-0033976",2009,-0.00866559634320688,0.0213852733980752,-0.00078778148574608,"Treyvon Hester","OAK","DL",2017
"1852","00-0027678",264,-0.00868902724467697,0.0213067602416187,-0.000789911567697906,"John Jerry","NYG","OL",2017
"1853","00-0031417",1053,-0.00874844677427666,0.0213884757206396,-0.00079531334311606,"Ja'Wuan James","MIA","OL",2017
"1854","00-0027681",265,-0.00879387276980971,0.021513167184522,-0.00079944297907361,"Brandon LaFell","CIN","WR",2017
"1855","00-0024221",59,-0.00883541028974385,0.0213920037643201,-0.000803219117249441,"Vernon Davis","WAS","TE",2017
"1856","00-0030300",715,-0.00884242380177742,0.0206181562473748,-0.000803856709252493,"Jaron Brown","ARI","WR",2017
"1857","00-0030076",669,-0.00884638664840397,0.02310938091264,-0.000804216968036724,"JC Tretter","CLE","OL",2017
"1858","00-0030549",790,-0.00885139178394828,0.023960857790904,-0.000804671980358934,"Tyler Eifert","CIN","TE",2017
"1859","00-0026500",160,-0.00886834957302863,0.0225927380785189,-0.000806213597548057,"Matt Slauson","LAC","OL",2017
"1860","00-0032450",1401,-0.00892280489447099,0.022648297557293,-0.000811164081315545,"Dwayne Washington","DET","RB",2017
"1861","00-0030593",809,-0.00895898143482337,0.0229563441278245,-0.000814452857711215,"Chance Warmack","PHI","OL",2017
"1862","00-0033970",2004,-0.00896872567619635,0.0218416024810377,-0.000815338697836032,"Shalom Luani","OAK","DB",2017
"1863","00-0030670",823,-0.00898484093448727,0.0204767252208598,-0.000816803721317025,"Bennie Fowler","DEN","WR",2017
"1864","00-0032410",1375,-0.00899873179319424,0.0216864738186017,-0.000818066526654022,"Rashard Robinson","NYJ","DB",2017
"1865","00-0031095",908,-0.00907111212979183,0.0212965130239752,-0.000824646557253802,"Charles Leno Jr.","CHI","OL",2017
"1866","00-0031170",926,-0.00914417305999164,0.0214040115953853,-0.00083128845999924,"Timmy Jernigan","PHI","DL",2017
"1867","00-0025506",105,-0.00916544139514125,0.0218881415770668,-0.000833221945012841,"Allen Barbre","DEN","OL",2017
"1868","00-0030441",741,-0.0092043016566561,0.0229065082442862,-0.000836754696059646,"Kyle Long","CHI","OL",2017
"1869","00-0032120",1258,-0.00921254545909733,0.0228420289560393,-0.000837504132645212,"Neal Sterling","NYJ","WR",2017
"1870","00-0033408",1751,-0.00922226845404531,0.0232012509915708,-0.000838388041276847,"Bryan Cox","CAR","DL",2017
"1871","00-0022943",28,-0.00924557223494075,0.0215916864171487,-0.000840506566812795,"Benjamin Watson","BAL","TE",2017
"1872","00-0031025",878,-0.00924702393438066,0.0216776666230905,-0.000840638539489151,"Michael Campanaro","BAL","WR",2017
"1873","00-0031264",964,-0.00930723780469248,0.0215682914166962,-0.000846112527699316,"Chris Smith","CIN","DL",2017
"1874","00-0031339",1005,-0.00934452624217723,0.0206484873432319,-0.000849502385652475,"Donte Moncrief","IND","WR",2017
"1875","00-0031412",1051,-0.0093477130971877,0.0220261523702782,-0.000849792099744337,"Stephon Tuitt","PIT","DL",2017
"1876","00-0026158",131,-0.00935505452742901,0.0224496701980531,-0.000850459502493546,"Joe Flacco","BAL","QB",2017
"1877","00-0032398",1366,-0.00936285482585055,0.0206803089710432,-0.000851168620531868,"Chris Moore","BAL","WR",2017
"1878","00-0030422",736,-0.00936829481867308,0.0207620257815667,-0.000851663165333916,"Dion Sims","CHI","TE",2017
"1879","00-0029627",577,-0.00942933628091812,0.0216759330804506,-0.000857212389174374,"Jack Crawford","ATL","DL",2017
"1880","00-0023368",36,-0.00945779787203331,0.0216261637454589,-0.000859799806548483,"Cameron Wake","MIA","DL",2017
"1881","00-0033060",1620,-0.00952280101030197,0.0224105660237196,-0.000865709182754724,"Leonte Carroo","MIA","WR",2017
"1882","00-0032394",1363,-0.00953209075708659,0.0224693390543116,-0.00086655370518969,"Nick Vannett","SEA","TE",2017
"1883","00-0030434",740,-0.00954398298727017,0.0219845175923634,-0.000867634817024561,"Vince Williams","PIT","LB",2017
"1884","00-0025420",93,-0.00956312367438059,0.0226655208417192,-0.000869374879489145,"Alan Branch","NE","DL",2017
"1885","00-0033536",1794,-0.00957587703699633,0.0222028270744094,-0.000870534276090576,"Mike Williams","LAC","WR",2017
"1886","00-0032204",1298,-0.00960184021088614,0.0230651670077802,-0.000872894564626013,"Chaz Green","DAL","OL",2017
"1887","00-0029284",513,-0.0096196894887299,0.0215780319085623,-0.000874517226248173,"Mike Daniels","GB","DL",2017
"1888","00-0027195",226,-0.00962774177347768,0.020869186608491,-0.000875249252134334,"Rafael Bush","NO","DB",2017
"1889","00-0029010",468,-0.00963927776319928,0.0212802438509557,-0.000876297978472662,"Ronald Leary","DEN","OL",2017
"1890","00-0027975",348,-0.00968203579215589,0.0220100985242198,-0.000880185072014172,"Jabaal Sheard","IND","LB",2017
"1891","00-0033898",1943,-0.00968858959117602,0.0215246280112134,-0.000880780871925092,"Justin Evans","TB","DB",2017
"1892","00-0026345",158,-0.00970796280742232,0.0226174655625618,-0.000882542073402029,"Pierre Garcon","SF","WR",2017
"1893","00-0033317",1717,-0.00974137581974401,0.0222054256729046,-0.000885579619976729,"Erik Magnuson","SF","OL",2017
"1894","00-0033079",1633,-0.00976118373970685,0.0204854999663602,-0.00088738033997335,"Ricardo Louis","CLE","WR",2017
"1895","00-0029529",544,-0.00978904539986019,0.0210300107427511,-0.000889913218169108,"Coty Sensabaugh","PIT","DB",2017
"1896","00-0030127",689,-0.00986569475484846,0.0217084905660308,-0.00089688134134986,"Marcus Cooper","CHI","DB",2017
"1897","00-0033294",1702,-0.00991788629873817,0.0213678161271715,-0.000901626027158015,"Chuck Clark","BAL","DB",2017
"1898","00-0029391",526,-0.00992088405163714,0.0215213106076169,-0.000901898550148831,"Sean McGrath","LAC","TE",2017
"1899","00-0033903",1948,-0.00992831691154203,0.0213724840419785,-0.000902574264685639,"Josh Jones","GB","DB",2017
"1900","00-0033069",1625,-0.00994148494427428,0.0229309050508384,-0.000903771358570389,"Braxton Miller","HOU","WR",2017
"1901","00-0031632",1129,-0.00995862091366577,0.0228302118755705,-0.000905329173969616,"Denzelle Good","IND","OL",2017
"1902","00-0033393",1746,-0.00998152552866868,0.0212298891187125,-0.000907411411697152,"Kenny Moore","IND","DB",2017
"1903","00-0031064",897,-0.00999861777535028,0.0207788595161089,-0.000908965252304571,"Tom Savage","HOU","QB",2017
"1904","00-0026283",152,-0.0101598566979899,0.022552168800463,-0.000923623336180903,"Orlando Scandrick","DAL","DB",2017
"1905","00-0033540",1798,-0.0101649775426599,0.0219809378820985,-0.000924088867514536,"Takkarist McKinley","ATL","DL",2017
"1906","00-0032259",1327,-0.0102018697650866,0.0212918563337788,-0.000927442705916966,"Ereck Flowers","NYG","OL",2017
"1907","00-0032763",1493,-0.0102621057738038,0.0217259546591583,-0.000932918706709437,"Austin Johnson","TEN","DL",2017
"1908","00-0032123",1259,-0.0104064858508018,0.0222574623260505,-0.000946044168254708,"Tre McBride","NYJ","WR",2017
"1909","00-0032380",1350,-0.010423283996543,0.0211376867913028,-0.000947571272413003,"Laremy Tunsil","MIA","OL",2017
"1910","00-0031923",1190,-0.010423552421731,0.0222845848038276,-0.000947595674702816,"Greg Mancz","HOU","OL",2017
"1911","00-0031665",1134,-0.0104411273716741,0.0225540899407436,-0.000949193397424922,"Zach Zenner","DET","RB",2017
"1912","00-0025472",101,-0.010472024100538,0.0226935024773226,-0.000952002190958001,"Brandon Mebane","LAC","DL",2017
"1913","00-0029594",566,-0.0104745164857681,0.0220489886889883,-0.000952228771433467,"Sean Spence","PIT","LB",2017
"1914","00-0030883",854,-0.0104846808581686,0.0218846173945959,-0.000953152805288057,"Josh Mauro","ARI","DL",2017
"1915","00-0031553",1081,-0.010512851043254,0.0214621787669727,-0.000955713731204913,"Benardrick McKinney","HOU","LB",2017
"1916","00-0033538",1796,-0.0105190429193582,0.0216549491006879,-0.000956276629032565,"Garett Bolles","DEN","OL",2017
"1917","00-0032577",1434,-0.0106069824799564,0.0227374140363335,-0.000964271134541491,"D.J. Foster","ARI","RB",2017
"1918","00-0026950",183,-0.0106715563325768,0.0219914508240729,-0.000970141484779705,"A.Q. Shipley","ARI","OL",2017
"1919","00-0029592",565,-0.0107115566251088,0.0221671055704254,-0.000973777875009888,"Kevin Zeitler","CLE","OL",2017
"1920","00-0031426",1056,-0.0107117892751341,0.0216335823869387,-0.000973799025012191,"Joel Bitonio","CLE","OL",2017
"1921","00-0033352",1730,-0.0107203609345337,0.0231030546666583,-0.000974578266775794,"Michael Clark","GB","WR",2017
"1922","00-0030525",777,-0.0107233846576061,0.02165862270304,-0.000974853150691466,"Tavon Austin","LA","WR",2017
"1923","00-0033717",1869,-0.0107496351292379,0.0214061936834834,-0.000977239557203442,"Travis Rudolph","NYG","WR",2017
"1924","00-0032783",1510,-0.0108237884674607,0.0203401536585185,-0.000983980769769157,"LeShaun Sims","TEN","DB",2017
"1925","00-0031957",1210,-0.0108242550310794,0.0217480016234314,-0.000984023184643584,"Rakeem Nunez-Roches","KC","DL",2017
"1926","00-0030741",832,-0.0109793565286498,0.0212017425326768,-0.000998123320786346,"Roosevelt Nix","PIT","RB",2017
"1927","00-0033875",1920,-0.0109800036032589,0.0217018489760398,-0.00099818214575081,"Haason Reddick","ARI","LB",2017
"1928","00-0032773",1501,-0.0110377067451995,0.0218926678235219,-0.00100342788592723,"Nick Kwiatkoski","CHI","LB",2017
"1929","00-0030829",846,-0.0110443619540828,0.0228156595716132,-0.00100403290491662,"Josh Wells","JAX","OL",2017
"1930","00-0033937",1979,-0.0110898129636914,0.0217947586599758,-0.00100816481488104,"Amara Darboh","SEA","WR",2017
"1931","00-0031589",1108,-0.0110959232849625,0.0224782894135581,-0.00100872029863295,"Brett Hundley","GB","QB",2017
"1932","00-0032740",1482,-0.011111984194544,0.0224219446046038,-0.00101018038132218,"Lawrence Thomas","NYJ","RB",2017
"1933","00-0032724",1475,-0.011115573721405,0.0225257495859746,-0.00101050670194591,"Bryce Treggs","PHI","WR",2017
"1934","00-0032429",1389,-0.0111430725163662,0.0218351222907079,-0.00101300659239692,"Jerell Adams","NYG","TE",2017
"1935","00-0024341",75,-0.0111820238198282,0.0209790392621513,-0.00101654761998438,"Elvis Dumervil","SF","DL",2017
"1936","00-0027061",215,-0.0112214724858492,0.0218663425520657,-0.00102013386234993,"Jared Cook","OAK","TE",2017
"1937","00-0027676",263,-0.0112245934364731,0.0226044655305137,-0.00102041758513391,"Morgan Burnett","GB","DB",2017
"1938","00-0033462",1766,-0.0112313660488616,0.0222292094787355,-0.00102103327716924,"Cordrea Tankersley","MIA","DB",2017
"1939","00-0033918",1963,-0.0112501550846899,0.0218550490359364,-0.00102274137133544,"Fabian Moreau","WAS","DB",2017
"1940","00-0028834",446,-0.0112959960715387,0.0214915114393772,-0.00102690873377624,"Craig Robertson","NO","LB",2017
"1941","00-0027531",243,-0.0113533040013611,0.0222698765487014,-0.00103211854557829,"Chris Ivory","JAX","RB",2017
"1942","00-0033082",1635,-0.011359784195296,0.0219299707609893,-0.00103270765411782,"Lucas Patrick","GB","OL",2017
"1943","00-0033111",1654,-0.0113677964244175,0.0207297454888653,-0.00103343603858341,"Pharoh Cooper","LA","WR",2017
"1944","00-0033936",1978,-0.011399583182101,0.0218310282761846,-0.00103632574382737,"C.J. Beathard","SF","QB",2017
"1945","00-0027001",195,-0.0115493500685331,0.0220289447549596,-0.00104994091532119,"Vontae Davis","IND","DB",2017
"1946","00-0031349",1012,-0.0115760488755311,0.0213848251918491,-0.00105236807959374,"Matt Paradis","DEN","OL",2017
"1947","00-0026625",169,-0.0115830757055124,0.0217659958482727,-0.00105300688231931,"Brian Hoyer","NE","QB",2017
"1948","00-0033877",1922,-0.0116018451429604,0.0222901572653734,-0.00105471319481458,"Malik Hooker","IND","DB",2017
"1949","00-0033878",1923,-0.0116205372783435,0.0205813903937926,-0.00105641247984941,"Adoree' Jackson","TEN","DB",2017
"1950","00-0028009",368,-0.0116675725351538,0.0213542096668115,-0.00106068841228671,"DeMarco Murray","TEN","RB",2017
"1951","00-0032977",1589,-0.0117009817063527,0.0209237382265981,-0.00106372560966843,"Rashard Higgins","CLE","WR",2017
"1952","00-0033954",1993,-0.0117654894740737,0.0208813589205811,-0.00106958995218852,"Jayon Brown","TEN","LB",2017
"1953","00-0033931",1973,-0.0118151500114887,0.0232955843196124,-0.00107410454649897,"Delano Hill","SEA","DB",2017
"1954","00-0030142",691,-0.0119509153567081,0.0226982718403594,-0.00108644685060983,"Brad Wing","NYG","P",2017
"1955","00-0025503",104,-0.011961726149141,0.0227270855029259,-0.0010874296499219,"Zak DeOssie","NYG","LS",2017
"1956","00-0029408",528,-0.0119661894665525,0.0220661623045272,-0.00108783540605023,"Nick Perry","GB","LB",2017
"1957","00-0032759",1489,-0.0120105769936109,0.0219349215432072,-0.00109187063578281,"Sheldon Rankins","NO","DL",2017
"1958","00-0031045",886,-0.0120456563588328,0.0216590145620514,-0.0010950596689848,"Carlos Hyde","SF","RB",2017
"1959","00-0026672",170,-0.012121763583097,0.0205173871602403,-0.00110197850755427,"Ramon Humber","BUF","LB",2017
"1960","00-0030923",859,-0.012222336049511,0.0227169230151266,-0.00111112145904645,"Jeremiah Sirles","MIN","OL",2017
"1961","00-0030085",672,-0.0123757915892768,0.0213358954965356,-0.00112507196266153,"Kenny Stills","MIA","WR",2017
"1962","00-0027674",261,-0.0123918578326454,0.0213040678062409,-0.00112653253024049,"Jared Veldheer","ARI","OL",2017
"1963","00-0033946",1987,-0.0124333065281078,0.0241128006487385,-0.00113030059346435,"David Sharpe","OAK","OL",2017
"1964","00-0030456",748,-0.0124848867587012,0.0220758498018857,-0.00113498970533648,"Giovani Bernard","CIN","RB",2017
"1965","00-0027002",196,-0.0126277349537285,0.0222271130073163,-0.00114797590488441,"Clay Matthews","GB","LB",2017
"1966","00-0031035",882,-0.0126403414807585,0.0213959616379899,-0.00114912195279622,"Xavier Grimble","PIT","TE",2017
"1967","00-0033560",1815,-0.0126931544985913,0.0228678186825354,-0.00115392313623557,"Julie'n Davenport","HOU","OL",2017
"1968","00-0029193",492,-0.0127751025820124,0.0216556829519875,-0.00116137296200112,"Bruce Irvin","OAK","LB",2017
"1969","00-0032581",1437,-0.0128139285138373,0.0220718410715813,-0.00116490259216703,"Cre'von LeBlanc","CHI","DB",2017
"1970","00-0033911",1956,-0.0129441835592235,0.0217287683983555,-0.00117674395992941,"Taywan Taylor","TEN","WR",2017
"1971","00-0032517",1418,-0.0130870779133624,0.0222207315928833,-0.00118973435576021,"Briean Boddy-Calhoun","CLE","DB",2017
"1972","00-0033574",1825,-0.0131401127167463,0.0223802344700126,-0.00119455570152239,"Avery Moss","NYG","DL",2017
"1973","00-0032659",1459,-0.013185717284375,0.0221992050342582,-0.00119870157130682,"Roger Lewis","NYG","WR",2017
"1974","00-0028497",434,-0.0132305617015665,0.0217580813270844,-0.00120277833650604,"Kamar Aiken","IND","WR",2017
"1975","00-0033578",1829,-0.0132671903299543,0.0227745790943593,-0.00120610821181402,"Sam Tevi","LAC","OL",2017
"1976","00-0032379",1349,-0.013352333921266,0.0213102463791212,-0.00121384853829691,"Eli Apple","NYG","DB",2017
"1977","00-0030383",720,-0.0134424828736966,0.0200095526090807,-0.00122204389760878,"Duron Harmon","NE","DB",2017
"1978","00-0033582",1833,-0.0134516566491556,0.0219063687773269,-0.00122287787719597,"Jeremiah Ledbetter","DET","DL",2017
"1979","00-0030656",818,-0.0135162606573636,0.0213058594919471,-0.00122875096885123,"Isaiah Crowell","CLE","RB",2017
"1980","00-0032760",1490,-0.0135276881983891,0.0218993730339898,-0.00122978983621719,"Josh Doctson","WAS","WR",2017
"1981","00-0031298",981,-0.0136746237448544,0.0217146705854582,-0.00124314761316858,"Jimmie Ward","SF","DB",2017
"1982","00-0032132",1265,-0.0136879462231186,0.0208377153103273,-0.00124435874755623,"Max Garcia","DEN","OL",2017
"1983","00-0033681",1860,-0.0137061110628508,0.022324217264169,-0.0012460100966228,"Keelan Cole","JAX","WR",2017
"1984","00-0027994",361,-0.0137302840010036,0.0221475137831912,-0.00124820763645487,"Shane Vereen","NYG","RB",2017
"1985","00-0031353",1014,-0.0139492750573879,0.0222595882665246,-0.00126811591430799,"Michael Schofield","LAC","OL",2017
"1986","00-0032946",1570,-0.0139766086784036,0.0212949929940342,-0.00127060078894579,"De'Vante Harris","NO","DB",2017
"1987","00-0029689",602,-0.0139809542489557,0.0213939333685582,-0.00127099584081416,"Dwayne Allen","NE","TE",2017
"1988","00-0027873",313,-0.0139847947861009,0.0213462103033833,-0.00127134498055463,"Jermaine Gresham","ARI","TE",2017
"1989","00-0032168",1287,-0.0140355366679257,0.0209212026915577,-0.00127595787890234,"Josh Shaw","CIN","DB",2017
"1990","00-0033744",1875,-0.0140497378673893,0.0221646169332359,-0.00127724889703539,"Chad Wheeler","NYG","OL",2017
"1991","00-0025549",107,-0.0141609107057367,0.0219884191993815,-0.00128735551870333,"Brent Celek","PHI","TE",2017
"1992","00-0027017",202,-0.0141841803539771,0.0211825203361357,-0.00128947094127064,"Darius Butler","IND","DB",2017
"1993","00-0028738",442,-0.0141930314382584,0.0224900765439264,-0.00129027558529622,"Byron Bell","DAL","OL",2017
"1994","00-0032475",1409,-0.0142476717361241,0.021800248183582,-0.00129524288510219,"Tanner McEvoy","SEA","WR",2017
"1995","00-0033080",1634,-0.0144384306369019,0.0213911968174654,-0.00131258460335472,"Seth DeValve","CLE","TE",2017
"1996","00-0030449",745,-0.0148484823032731,0.0212361679217018,-0.00134986202757028,"Margus Hunt","IND","DL",2017
"1997","00-0030507",767,-0.0149499020262717,0.0224241891435162,-0.00135908200238834,"Bennie Logan","KC","DL",2017
"1998","00-0027953",334,-0.0151119133342875,0.0223330844924415,-0.00137381030311705,"Mike Pouncey","MIA","OL",2017
"1999","00-0031942",1201,-0.0152306533085709,0.0217584271965427,-0.00138460484623372,"Arie Kouandjio","WAS","OL",2017
"2000","00-0023662",50,-0.0153803952920631,0.0236510946686597,-0.00139821775382392,"Matt Cassel","TEN","QB",2017
"2001","00-0030251",707,-0.0155493484819475,0.0226342796186172,-0.0014135771347225,"Wes Horton","CAR","DL",2017
"2002","00-0031061",895,-0.0159467559240745,0.0209490102078523,-0.00144970508400677,"Dontae Johnson","SF","DB",2017
"2003","00-0030442",742,-0.016090298031604,0.0218546457070719,-0.00146275436650945,"John Simon","IND","LB",2017
"2004","00-0032897",1551,-0.016094357094296,0.0218487170417528,-0.00146312337220873,"Derek Watt","LAC","RB",2017
"2005","00-0033563",1817,-0.0162666445618175,0.0216464633148312,-0.00147878586925614,"Carlos Watkins","HOU","DL",2017
"2006","00-0033129",1667,-0.0165207547665151,0.021327025068143,-0.00150188679695592,"Carl Nassib","CLE","DL",2017
"2007","00-0032480",1411,-0.0165829860079749,0.0220944778287797,-0.00150754418254317,"Eddie Yarbrough","BUF","DL",2017
"2008","00-0032725",1476,-0.0167257926515668,0.0208359067277967,-0.00152052660468789,"Stephen Anderson","HOU","TE",2017
"2009","00-0027690",270,-0.0170026650134804,0.0222534300689427,-0.00154569681940731,"Eric Decker","TEN","WR",2017
"2010","00-0027325",237,-0.0175274847912843,0.0213950533798245,-0.00159340770829857,"LeGarrette Blount","PHI","RB",2017
"2011","00-0028116",406,-0.0188344291339893,0.0224263547820876,-0.00171222083036266,"Aldrick Robinson","SF","WR",2017
"2012","00-0032967",1582,-0.0212422594602065,0.0222397603929942,-0.00193111449638241,"Vernon Butler","CAR","DL",2017
