"","nfl_id","player_idx","apm","apm_sd","apm_per_play","full_name","team","position","season"
"1","00-0033040",836,0.0252756152318467,0.0214396724647606,0.00229778320289515,"Tyreek Hill","KC","WR",2020
"2","00-0033856",1065,0.0239750447969521,0.0209620202721391,0.00217954952699565,"Leonard Fournette","TB","RB",2020
"3","00-0034521",1349,0.022858226260995,0.0210474150304132,0.00207802056918136,"Allen Lazard","GB","WR",2020
"4","00-0033921",1117,0.0224690053372451,0.0212785370154829,0.00204263684884047,"Chris Godwin","TB","WR",2020
"5","00-0023459",16,0.0216038628605693,0.022238986941515,0.00196398753277903,"Aaron Rodgers","GB","QB",2020
"6","00-0031381",481,0.0214370892297499,0.0213708600097322,0.00194882629361363,"Davante Adams","GB","WR",2020
"7","00-0035526",1730,0.0207806877526586,0.0224165280781692,0.00188915343205987,"Elgton Jenkins","GB","OL",2020
"8","00-0033072",852,0.0203657860010564,0.0210196538778502,0.00185143509100513,"Leonard Floyd","LA","LB",2020
"9","00-0031588",531,0.0200819023960109,0.0215306569087978,0.00182562749054644,"Stefon Diggs","BUF","WR",2020
"10","00-0031408",491,0.0200457433162352,0.0200484317134763,0.00182234030147593,"Mike Evans","TB","WR",2020
"11","00-0029413",209,0.0196877028113242,0.0223944393582469,0.00178979116466583,"Ben Jones","TEN","OL",2020
"12","00-0029893",262,0.0194981321377397,0.0211048462762136,0.00177255746706725,"Rick Wagner","GB","OL",2020
"13","00-0031785",553,0.0194093412653089,0.0213450081073991,0.00176448556957353,"Troy Hill","LA","DB",2020
"14","00-0035150",1575,0.0188472592481778,0.0199229437490486,0.0017133872043798,"Kris Boyd","MIN","DB",2020
"15","00-0031388",486,0.0187522006814357,0.0212339460937214,0.00170474551649415,"Aaron Donald","LA","DL",2020
"16","00-0030506",339,0.0182883586632683,0.020734556999313,0.00166257806029712,"Travis Kelce","KC","TE",2020
"17","00-0031019",392,0.0182029366616293,0.0212616189597834,0.00165481242378448,"Corey Linsley","GB","OL",2020
"18","00-0036431",2186,0.0179631822266973,0.0215422257455326,0.00163301656606339,"Jordan Fuller","LA","DB",2020
"19","00-0030511",340,0.0177432102387508,0.0210587343115724,0.00161301911261371,"Brandon Williams","BAL","DL",2020
"20","00-0033927",1121,0.0175532337321673,0.021402287249465,0.00159574852110612,"John Johnson","LA","DB",2020
"21","00-0030584",363,0.017391429680395,0.0215110667845526,0.00158103906185409,"Eric Fisher","KC","OL",2020
"22","00-0032243",649,0.0172829988406154,0.0211027111677738,0.00157118171278322,"Ali Marpet","TB","OL",2020
"23","00-0032146",619,0.0171921842147184,0.0214031786139102,0.00156292583770167,"Bud Dupree","PIT","LB",2020
"24","00-0034263",1211,0.0170628792667269,0.0215316713421498,0.00155117084242972,"Tarvarius Moore","SF","DB",2020
"25","00-0029701",249,0.0170400053030727,0.0210005006294789,0.00154909139118843,"Ryan Tannehill","TEN","QB",2020
"26","00-0035181",1581,0.0170052068139489,0.021295205177063,0.00154592789217717,"Darrius Shepherd","GB","WR",2020
"27","00-0036219",1996,0.0164912839559409,0.0205421483029398,0.00149920763235827,"Marquez Callaway","NO","WR",2020
"28","00-0029608",229,0.0164900263761334,0.0217288931164075,0.00149909330692122,"T.Y. Hilton","IND","WR",2020
"29","00-0031936",574,0.0164456853715152,0.0211984538932091,0.00149506230650138,"Mitch Morse","BUF","OL",2020
"30","00-0034796",1441,0.0163699333264485,0.020942909645362,0.00148817575694986,"Lamar Jackson","BAL","QB",2020
"31","00-0031177",425,0.0161378163453664,0.0222022551639548,0.00146707421321513,"Brent Urban","CHI","DL",2020
"32","00-0035676",1803,0.0158551021908586,0.0208546108279624,0.00144137292644169,"A.J. Brown","TEN","WR",2020
"33","00-0031382",482,0.0153274338782925,0.021690131718396,0.00139340307984477,"Jarvis Landry","CLE","WR",2020
"34","00-0036221",1998,0.0152816715692144,0.0216061572092246,0.00138924286992858,"Brandon Jones","MIA","DB",2020
"35","00-0030505",338,0.0152424796052862,0.0203428280149316,0.00138567996411693,"D.J. Fluker","BAL","OL",2020
"36","00-0033873",1077,0.0150367224231571,0.0213553198966954,0.00136697476574156,"Patrick Mahomes","KC","QB",2020
"37","00-0029419",210,0.015034300218723,0.0211898916161928,0.00136675456533845,"Dennis Kelly","TEN","OL",2020
"38","00-0032764",761,0.0150221378569104,0.0214171657524848,0.00136564889608276,"Derrick Henry","TEN","RB",2020
"39","00-0033082",856,0.0149266075703443,0.0215636916085132,0.00135696432457676,"Lucas Patrick","GB","OL",2020
"40","00-0036158",1964,0.0149120465953681,0.0215569360979109,0.00135564059957891,"J.K. Dobbins","BAL","RB",2020
"41","00-0034367",1270,0.0148028305679138,0.0211639471837897,0.00134571186981034,"Nyheim Hines","IND","RB",2020
"42","00-0030035",271,0.0143992273803252,0.0214239279442172,0.00130902067093866,"Adam Thielen","MIN","WR",2020
"43","00-0027969",127,0.0143337461380799,0.0218595262847291,0.00130306783073453,"Cameron Heyward","PIT","DL",2020
"44","00-0032977",826,0.01433256243622,0.0219621213428839,0.00130296022147454,"Rashard Higgins","CLE","WR",2020
"45","00-0036196",1984,0.0140559521244173,0.0211981956062523,0.00127781382949248,"Gabriel Davis","BUF","WR",2020
"46","00-0035286",1646,0.0139226029377176,0.0206147312272939,0.00126569117615615,"Cole Holcomb","WAS","LB",2020
"47","00-0035375",1689,0.013812999155365,0.0210436815227202,0.00125572719594228,"Brandon Rusnak","JAX","DB",2020
"48","00-0035699",1823,0.0137547359898908,0.0202960719327788,0.00125043054453553,"Jamel Dean","TB","DB",2020
"49","00-0036321",2087,0.0135889936928935,0.0214442306774791,0.00123536306299032,"Chase Young","WAS","DL",2020
"50","00-0029164",188,0.0134767508945776,0.0210404724818814,0.00122515917223433,"Mike Remmers","KC","OL",2020
"51","00-0033923",1118,0.0133060491498023,0.0211188330328334,0.00120964083180021,"Kareem Hunt","CLE","RB",2020
"52","00-0035654",1785,0.0132444827420928,0.0211343180297816,0.0012040438856448,"Chase Winovich","NE","DL",2020
"53","00-0034073",1155,0.0130675331023863,0.0205813033520371,0.00118795755476239,"Ross Dwelley","SF","TE",2020
"54","00-0032217",640,0.013060703698841,0.0213280174842351,0.00118733669989464,"Donovan Smith","TB","OL",2020
"55","00-0033055",845,0.0129825441671284,0.0213479969427051,0.00118023128792076,"Jalen Ramsey","LA","DB",2020
"56","00-0035681",1808,0.0129121030756363,0.0206525638103412,0.00117382755233058,"Mike Edwards","TB","DB",2020
"57","00-0032420",698,0.0127319272771253,0.0198771431265824,0.00115744793428411,"Brandon Shell","SEA","OL",2020
"58","00-0034203",1196,0.0126579705656785,0.0210388402547355,0.00115072459687987,"Darious Williams","LA","DB",2020
"59","00-0034399",1300,0.012418126320042,0.0214946533650426,0.00112892057454927,"Wyatt Teller","CLE","OL",2020
"60","00-0035236",1607,0.0123045756084173,0.0203627345900008,0.00111859778258339,"Byron Murphy","ARI","DB",2020
"61","00-0036306",2073,0.0122453275190708,0.0217451916022093,0.0011132115926428,"Daniel Thomas","JAX","DB",2020
"62","00-0031433",498,0.0122031714175253,0.0208844003234978,0.00110937921977503,"Billy Turner","GB","OL",2020
"63","00-0032211",637,0.012180367945182,0.0207854513489193,0.00110730617683472,"Tyler Lockett","SEA","WR",2020
"64","00-0029607",228,0.0121775456099441,0.021294284977567,0.00110704960090401,"Demario Davis","NO","LB",2020
"65","00-0035149",1574,0.0121187182032955,0.0206576803986347,0.00110170165484505,"Nick Allegretti","KC","OL",2020
"66","00-0031269",445,0.0121082608901578,0.0220872982598577,0.00110075099001434,"T.J. Carrie","IND","DB",2020
"67","00-0033073",853,0.0120348651773363,0.0201159074932158,0.00109407865248512,"Emmanuel Ogbah","MIA","DL",2020
"68","00-0031567",522,0.0119580574681289,0.0212137173649115,0.00108709613346627,"Daryl Williams","BUF","OL",2020
"69","00-0033857",1066,0.0119314456288166,0.0211955090391274,0.00108467687534696,"JuJu Smith-Schuster","PIT","WR",2020
"70","00-0028103",148,0.0118914399532411,0.0219572744425562,0.00108103999574919,"Pernell McPhee","BAL","LB",2020
"71","00-0026190",44,0.0118853922073437,0.0208871742597871,0.00108049020066761,"Calais Campbell","BAL","DL",2020
"72","00-0036233",2009,0.0118023795291244,0.020646429453186,0.00107294359355677,"Donovan Peoples-Jones","CLE","WR",2020
"73","00-0027648",76,0.0117815868531767,0.0204129680543826,0.00107105335028879,"Rodger Saffold","TEN","OL",2020
"74","00-0032667",747,0.0117723188912669,0.0210860734686953,0.00107021080829699,"Roy Robertson-Harris","CHI","DL",2020
"75","00-0036267",2038,0.0117633310079621,0.0219020801610284,0.00106939372799655,"Jedrick Wills","CLE","OL",2020
"76","00-0033831",1060,0.011543542279057,0.0216152683631099,0.00104941293445973,"Andrew Wylie","KC","OL",2020
"77","00-0036326",2092,0.0115171462382946,0.0209699129108994,0.00104701329439041,"Chase Claypool","PIT","WR",2020
"78","00-0029764",255,0.0114663822178656,0.0214421640783908,0.00104239838344233,"Cody Davis","NE","DB",2020
"79","00-0024270",26,0.0114330938722502,0.0213912664908101,0.00103937217020457,"Andrew Whitworth","LA","OL",2020
"80","00-0032378",666,0.0114086747262819,0.0212072588755733,0.00103715224784381,"DeForest Buckner","IND","DL",2020
"81","00-0034285",1226,0.0113696596034771,0.0216099962661683,0.00103360541849792,"Zach Sieler","MIA","DL",2020
"82","00-0029681",243,0.0113295095798263,0.0205927936303544,0.00102995541634785,"Janoris Jenkins","NO","DB",2020
"83","00-0036417",2173,0.0113205766078882,0.0204914026325439,0.00102914332798983,"Damien Lewis","SEA","OL",2020
"84","00-0034857",1480,0.0113022312067466,0.0222131970180964,0.00102747556424969,"Josh Allen","BUF","QB",2020
"85","00-0035649",1781,0.0112249851849491,0.0214079758795078,0.00102045319863174,"Nate Davis","TEN","OL",2020
"86","00-0029000",178,0.0111388593153334,0.0205705988206025,0.00101262357412122,"Cole Beasley","BUF","WR",2020
"87","00-0033569",1001,0.0111038425519932,0.0211468257029389,0.00100944023199938,"Roderick Johnson","HOU","OL",2020
"88","00-0036275",2045,0.0109877594915502,0.0217478030268792,0.000998887226504562,"D'Andre Swift","DET","RB",2020
"89","00-0036373",2133,0.0109700060545595,0.0215205715140254,0.000997273277687231,"Rashard Lawrence","ARI","DL",2020
"90","00-0036322",2088,0.0109643210392533,0.0205577798195326,0.000996756458113941,"Justin Jefferson","MIN","WR",2020
"91","00-0036406",2163,0.0108767638767157,0.0219870480807012,0.000988796716065067,"Tristan Wirfs","TB","OL",2020
"92","00-0033077",854,0.0108516288146916,0.0215885823223733,0.000986511710426511,"Dak Prescott","DAL","QB",2020
"93","00-0034272",1217,0.0106850683811899,0.0212827811413991,0.000971369852835449,"Marquez Valdes-Scantling","GB","WR",2020
"94","00-0031101",409,0.0106324527628718,0.0209681047024415,0.00096658661480653,"Shaquil Barrett","TB","LB",2020
"95","00-0031904",567,0.0105908412552906,0.0213904831173072,0.00096280375048096,"Bryce Callahan","DEN","DB",2020
"96","00-0034775",1427,0.0105333358044017,0.0213682504668945,0.000957575982218332,"Christian Kirk","ARI","WR",2020
"97","00-0032239",645,0.010506601389449,0.0219759325950314,0.000955145580858996,"Byron Jones","MIA","DB",2020
"98","00-0029278",199,0.0104417993467844,0.0217930068228528,0.000949254486071308,"Joe Looney","DAL","OL",2020
"99","00-0032775",770,0.0104207050137749,0.0213697948399219,0.000947336819434082,"Demarcus Robinson","KC","WR",2020
"100","00-0034951",1498,0.0104029247144158,0.0215704349383684,0.000945720428583259,"Fred Johnson","CIN","OL",2020
"101","00-0033886",1089,0.0103896363695552,0.0196545451764609,0.000944512397232294,"T.J. Watt","PIT","LB",2020
"102","00-0035707",1829,0.0103794565328921,0.021674692952587,0.000943586957535643,"Devin White","TB","LB",2020
"103","00-0019596",2,0.0103345437142745,0.0213049993755627,0.000939503974024953,"Tom Brady","TB","QB",2020
"104","00-0033025",834,0.0102756138348223,0.0210372152359365,0.000934146712256575,"Jalen Richard","LV","RB",2020
"105","00-0030067",281,0.0102691213855688,0.0214973726424217,0.000933556489597164,"Terron Armstead","NO","OL",2020
"106","00-0031958",581,0.0102235115306273,0.020959057011693,0.00092941013914794,"Austin Reiter","KC","OL",2020
"107","00-0034440",1326,0.0102102740662919,0.0213881736618261,0.000928206733299261,"Justin Jackson","LAC","RB",2020
"108","00-0027656",77,0.0101929164569673,0.0212655478608712,0.00092662876881521,"Rob Gronkowski","TB","TE",2020
"109","00-0031016",390,0.0101497013297056,0.0216101416770323,0.000922700120882325,"Ross Cockrell","TB","DB",2020
"110","00-0027793",91,0.010082302293611,0.0214144828642691,0.000916572935782818,"Antonio Brown","TB","WR",2020
"111","00-0033904",1103,0.0100521304016869,0.0211201482490421,0.00091383003651699,"Dion Dawkins","BUF","OL",2020
"112","00-0034858",1481,0.0100075057996627,0.0202739058206731,0.000909773254514789,"Terrell Edmunds","PIT","DB",2020
"113","00-0033894",1096,0.0099318744888724,0.0210088659358206,0.000902897680806581,"Marcus Williams","NO","DB",2020
"114","00-0031051",399,0.00992886266989856,0.0220866125443836,0.000902623879081688,"John Brown","BUF","WR",2020
"115","00-0035242",1613,0.00988089653082725,0.0219431756753252,0.000898263320984295,"Erik McCoy","NO","OL",2020
"116","00-0034234",1203,0.0098113447160729,0.0209531457852609,0.0008919404287339,"Poona Ford","SEA","DL",2020
"117","00-0036349",2114,0.00979286156139538,0.0212246853917411,0.000890260141945035,"Kamren Curl","WAS","DB",2020
"118","00-0034954",1499,0.00976751491050507,0.0206986643200904,0.000887955900955006,"Malik Reed","DEN","LB",2020
"119","00-0033553",990,0.00973466168994058,0.0202490997726413,0.000884969244540053,"James Conner","PIT","RB",2020
"120","00-0033446",950,0.00971288574259275,0.0210661667050893,0.000882989612962978,"Jordan Simmons","SEA","OL",2020
"121","00-0036357",2119,0.00960888165625123,0.0218227078780281,0.000873534696022839,"Henry Ruggs","LV","WR",2020
"122","00-0031237",434,0.00950398517795207,0.021471411533903,0.000863998652541097,"Teddy Bridgewater","CAR","QB",2020
"123","00-0036440",2195,0.00947979639977243,0.0219110293646735,0.000861799672706585,"Derrek Tuszka","DEN","LB",2020
"124","00-0030387",316,0.00943218357049722,0.0211972285340196,0.000857471233681566,"Steven Means","ATL","DL",2020
"125","00-0027862",97,0.0093951574333627,0.0211601094442426,0.00085410522121479,"Tyson Alualu","PIT","DL",2020
"126","00-0030503",337,0.00937099668152024,0.0213475403908869,0.000851908789229113,"Alex Okafor","KC","DL",2020
"127","00-0036382",2141,0.00933819044926467,0.0225803827363118,0.000848926404478606,"K.J. Hill","LAC","WR",2020
"128","00-0027685",81,0.00931408877434838,0.0209219712215443,0.00084673534312258,"Emmanuel Sanders","NO","WR",2020
"129","00-0030074",284,0.00930645876465487,0.020539188809266,0.000846041705877716,"David Bakhtiari","GB","OL",2020
"130","00-0033557",994,0.00930411539153102,0.0216528318213687,0.000845828671957365,"Jalen Reeves-Maybin","DET","LB",2020
"131","00-0029895",263,0.00923791031319244,0.0210332249685573,0.00083981002847204,"Ryan Jensen","TB","OL",2020
"132","00-0028101",147,0.00919066918483626,0.0213908936326459,0.00083551538043966,"Daniel Kilgore","KC","OL",2020
"133","00-0034720",1396,0.00912236703054282,0.0200946950767327,0.000829306093685711,"Robert Spillane","PIT","LB",2020
"134","00-0031348",467,0.00908692284453609,0.0203732295374457,0.000826083894957827,"Anthony Hitchens","KC","LB",2020
"135","00-0034744",1406,0.00908303358415893,0.0227120483982251,0.00082573032583263,"Duke Dawson","DEN","DB",2020
"136","00-0026035",39,0.0090706607165143,0.0210766083451105,0.000824605519683118,"Danny Amendola","DET","WR",2020
"137","00-0035239",1610,0.00905731595866969,0.0205926934133354,0.000823392359879063,"Sean Murphy-Bunting","TB","DB",2020
"138","00-0031127",413,0.00904161662847396,0.0209777383910689,0.000821965148043087,"Brandon Dunn","HOU","DL",2020
"139","00-0031412",494,0.00903907991700485,0.0214045047608685,0.000821734537909532,"Stephon Tuitt","PIT","DL",2020
"140","00-0034845",1474,0.00898268233232818,0.0218454608177762,0.000816607484757107,"Sony Michel","NE","RB",2020
"141","00-0034855",1478,0.00897571687682422,0.0221518796509,0.000815974261529474,"Baker Mayfield","CLE","QB",2020
"142","00-0031585",529,0.00892494471785707,0.0208336561021009,0.000811358610714279,"MyCole Pruitt","TEN","TE",2020
"143","00-0029530",213,0.00890145424119364,0.0195718640783518,0.000809223112835785,"Justin Bethel","NE","DB",2020
"144","00-0036300",2068,0.00889855317201539,0.0205736509647599,0.000808959379274126,"Mykal Walker","ATL","LB",2020
"145","00-0031367",476,0.00887608123588037,0.0215148393595972,0.000806916475989125,"Gabe Jackson","LV","OL",2020
"146","00-0035686",1812,0.00881211479416558,0.023084997323901,0.000801101344924144,"Michael Deiter","MIA","OL",2020
"147","00-0035363",1686,0.00877861421863461,0.0218850462315931,0.000798055838057691,"Joe Giles-Harris","JAX","LB",2020
"148","00-0033681",1028,0.00875377326193791,0.0201519573402721,0.000795797569267083,"Keelan Cole","JAX","WR",2020
"149","00-0034468",1334,0.00874580450869058,0.0214519547128208,0.000795073137153689,"Chandon Sullivan","GB","DB",2020
"150","00-0035645",1778,0.00871580387047522,0.0222125718083537,0.000792345806406838,"Gunner Olszewski","NE","WR",2020
"151","00-0036323",2089,0.00871053376658362,0.0213433713732832,0.000791866706053056,"Patrick Queen","BAL","LB",2020
"152","00-0032518",720,0.00870421955228686,0.0210262870947807,0.000791292686571533,"Justin Zimmer","BUF","DL",2020
"153","00-0035062",1547,0.00860247213553493,0.0204779515171633,0.000782042921412267,"Sam Mustipher","CHI","OL",2020
"154","00-0031319",457,0.00858691190792642,0.0218664006450162,0.000780628355266038,"Diontae Spencer","DEN","WR",2020
"155","00-0035726",1838,0.00856553844570017,0.0210953072568094,0.00077868531324547,"Jakob Johnson","NE","RB",2020
"156","00-0032765",762,0.00855590995532264,0.0215866436754864,0.000777809995938421,"Michael Thomas","NO","WR",2020
"157","00-0030064",279,0.00855360937752514,0.0208052885947807,0.000777600852502286,"Jon Bostic","WAS","LB",2020
"158","00-0035026",1540,0.00855294969054974,0.0214604749609536,0.000777540880959067,"Kevin Givens","SF","DL",2020
"159","00-0032399",684,0.00848054895356548,0.0222516950037422,0.00077095899577868,"Miles Killebrew","DET","DB",2020
"160","00-0034160",1180,0.00846837439003186,0.0222700466126625,0.000769852217275624,"Michael Dickson","SEA","P",2020
"161","00-0034830",1462,0.00845681658179539,0.02111897803445,0.000768801507435945,"Hayden Hurst","ATL","TE",2020
"162","00-0032187",627,0.00844949451942701,0.0220365556321962,0.000768135865402455,"David Johnson","HOU","RB",2020
"163","00-0035228",1600,0.00843613955257222,0.0213516959831321,0.000766921777506565,"Kyler Murray","ARI","QB",2020
"164","00-0033888",1090,0.00842551324609927,0.0208590626803707,0.000765955749645388,"Ryan Ramczyk","NO","OL",2020
"165","00-0027860",96,0.00839057674333078,0.0214074307813017,0.000762779703939162,"Joe Haden","PIT","DB",2020
"166","00-0035647",1780,0.00835439569358306,0.021046132627746,0.00075949051759846,"Montez Sweat","WAS","DL",2020
"167","00-0031193",428,0.00833865609289468,0.0221018306188888,0.000758059644808608,"Daniel McCullers","CHI","DL",2020
"168","00-0033757",1043,0.00829476861812837,0.0215049786481607,0.000754069874375306,"Robert Tonyan","GB","TE",2020
"169","00-0033929",1123,0.00828407373058322,0.0223065424984664,0.000753097611871202,"Montravius Adams","GB","DL",2020
"170","00-0030380",312,0.00826309656331249,0.0212210750687136,0.000751190596664772,"Benson Mayowa","SEA","DL",2020
"171","00-0033885",1088,0.00820393572123784,0.0210780840278431,0.000745812338294349,"David Njoku","CLE","TE",2020
"172","00-0031236",433,0.00818878343703773,0.0217345523550817,0.000744434857912521,"Brandin Cooks","HOU","WR",2020
"173","00-0026990",59,0.0081793458739387,0.0209070452220915,0.000743576897630791,"Malcolm Jenkins","NO","DB",2020
"174","00-0027962",123,0.00816933931120949,0.0211117926577212,0.000742667210109954,"Cameron Jordan","NO","DL",2020
"175","00-0035327",1671,0.008159826043115,0.0224877032071655,0.000741802367555909,"C.J. Moore","DET","DB",2020
"176","00-0033283",907,0.00815809686485753,0.0215339918610046,0.000741645169532502,"Tyus Bowser","BAL","LB",2020
"177","00-0036442",2197,0.00815763364607415,0.0215712851000403,0.000741603058734014,"Joe Burrow","CIN","QB",2020
"178","00-0034159",1179,0.00815272691738099,0.020507101916523,0.000741156992489181,"Will Dissly","SEA","TE",2020
"179","00-0029604",226,0.00814318313850974,0.0218134660310906,0.000740289376228159,"Kirk Cousins","MIN","QB",2020
"180","00-0033901",1100,0.00813798507990973,0.0212498410510532,0.000739816825446339,"Ethan Pocic","SEA","OL",2020
"181","00-0029647",237,0.00805125949442717,0.0214448964604377,0.000731932681311561,"Kyle Wilber","LV","LB",2020
"182","00-0034833",1465,0.00802619564936979,0.0221285966928572,0.000729654149942708,"Isaiah Wynn","NE","OL",2020
"183","00-0034789",1437,0.00800414157968665,0.0217875427462022,0.000727649234516968,"Minkah Fitzpatrick","PIT","DB",2020
"184","00-0033580",1009,0.00798878538663692,0.021025421889749,0.000726253216966993,"Tanner Vallejo","ARI","LB",2020
"185","00-0020531",3,0.00797942059772724,0.0207226664802459,0.000725401872520658,"Drew Brees","NO","QB",2020
"186","00-0031380",480,0.0079785367587288,0.0212212682162401,0.0007253215235208,"Darqueze Dennard","ATL","DB",2020
"187","00-0026858",56,0.00794864100521803,0.0218023982822512,0.000722603727747094,"Graham Gano","NYG","K",2020
"188","00-0033746",1041,0.00794199166742737,0.0225834798654972,0.000721999242493398,"Alex Barrett","SF","DL",2020
"189","00-0034505",1344,0.00794041420393053,0.0203930346547118,0.000721855836720957,"Ike Boettger","BUF","OL",2020
"190","00-0031156",419,0.00791404807324995,0.0218940726743956,0.000719458915749996,"Tyler Ott","SEA","LS",2020
"191","00-0036355",2117,0.00787486822200541,0.0217963523662533,0.000715897111091401,"Justin Herbert","LAC","QB",2020
"192","00-0027282",69,0.00785799923947302,0.0217285569287396,0.00071436356722482,"Ben Garland","SF","OL",2020
"193","00-0028015",137,0.00785351276358959,0.0215609370614845,0.000713955705780872,"Jurrell Casey","DEN","DL",2020
"194","00-0033251",898,0.00783946342227173,0.0214073151164305,0.000712678492933794,"Zach Pascal","IND","WR",2020
"195","00-0034678",1388,0.00782655546620131,0.0208580939031271,0.000711505042381937,"Alex Cappa","TB","OL",2020
"196","00-0035640",1774,0.00781298682520186,0.0216541603968444,0.000710271529563805,"DK Metcalf","SEA","WR",2020
"197","00-0036412",2169,0.00779904535623776,0.021130487307492,0.000709004123294342,"K.J. Hamler","DEN","WR",2020
"198","00-0032150",622,0.00779354912892473,0.0202098887490767,0.000708504466265885,"Steven Nelson","PIT","DB",2020
"199","00-0036365",2127,0.00771992703040299,0.0219879287914849,0.000701811548218453,"Bryan Edwards","LV","WR",2020
"200","00-0034344",1248,0.00769758175200411,0.0211928970003147,0.000699780159273101,"Marcus Davenport","NO","DL",2020
"201","00-0033869",1073,0.00769066421268576,0.0216431476004856,0.000699151292062342,"Mitchell Trubisky","CHI","QB",2020
"202","00-0036253",2028,0.00765123634368817,0.0208794937979928,0.000695566940335288,"Julian Blackmon","IND","DB",2020
"203","00-0029822",257,0.00764710697009205,0.0216469366409627,0.000695191542735641,"Brandon McManus","DEN","K",2020
"204","00-0034765",1421,0.00762975891859984,0.0208047321829737,0.00069361444714544,"Tre'Quan Smith","NO","WR",2020
"205","00-0026498",48,0.00760733060999397,0.021271935710667,0.000691575509999452,"Matthew Stafford","DET","QB",2020
"206","00-0034982",1520,0.00759904418962883,0.0206000926122289,0.000690822199057166,"Dre Greenlaw","SF","LB",2020
"207","00-0036425",2181,0.00758947837441159,0.0217805102097228,0.000689952579491962,"DeeJay Dallas","SEA","RB",2020
"208","00-0032773",768,0.00749051768058537,0.0217310484559899,0.000680956152780488,"Nick Kwiatkoski","LV","LB",2020
"209","00-0029630",233,0.00746819432162033,0.0211741323281491,0.000678926756510939,"Michael Brockers","LA","DL",2020
"210","00-0029890",260,0.00745109871036859,0.0215576257751548,0.000677372610033508,"Mike Purcell","DEN","DL",2020
"211","00-0036262",2035,0.00744975457433277,0.0209124652057599,0.000677250415848434,"Davon Hamilton","JAX","DL",2020
"212","00-0032763",760,0.00737185909374939,0.0218207636579447,0.000670169008522672,"Austin Johnson","NYG","DL",2020
"213","00-0031844",561,0.00735529881968301,0.0213480354530345,0.000668663529062092,"Deshazor Everett","WAS","DB",2020
"214","00-0031610",537,0.00734105036040932,0.0223649194953894,0.000667368214582666,"Darren Waller","LV","TE",2020
"215","00-0036254",2029,0.00731933754590312,0.0214668295877137,0.000665394322354829,"Collin Johnson","JAX","WR",2020
"216","00-0034818",1456,0.00731784212532574,0.0208362994970258,0.000665258375029612,"Derrick Nnadi","KC","DL",2020
"217","00-0035694",1818,0.0072472553642248,0.0218125545501693,0.000658841396747709,"Greg Little","CAR","OL",2020
"218","00-0032104",605,0.00723297136421722,0.0216705842305643,0.000657542851292474,"Ameer Abdullah","MIN","RB",2020
"219","00-0031345",465,0.00721561525102964,0.0220787275952151,0.000655965022820876,"Jimmy Garoppolo","SF","QB",2020
"220","00-0033217",893,0.00721057767866479,0.0206195301735958,0.000655507061696799,"Mo Alie-Cox","IND","TE",2020
"221","00-0033294",914,0.00720120301480536,0.0208258834021616,0.00065465481952776,"Chuck Clark","BAL","DB",2020
"222","00-0023682",21,0.00718744609817726,0.0215238537713675,0.000653404190743387,"Ryan Fitzpatrick","MIA","QB",2020
"223","00-0029586",223,0.00717560548906258,0.0210194941769211,0.000652327771732962,"Derek Wolfe","BAL","DL",2020
"224","00-0033948",1135,0.00711745920396882,0.0200937187061908,0.000647041745815347,"Jamaal Williams","GB","RB",2020
"225","00-0035588",1749,0.00710089478492435,0.021622528234051,0.000645535889538577,"Garrett Bradbury","MIN","OL",2020
"226","00-0034639",1373,0.00708612130044065,0.0216240877284633,0.000644192845494605,"Mike Ford","DET","DB",2020
"227","00-0031334",461,0.00708442592373244,0.0205354658081822,0.000644038720339313,"Jason Verrett","SF","DB",2020
"228","00-0026166",42,0.00701751560115209,0.021347102684021,0.000637955963741099,"Duane Brown","SEA","OL",2020
"229","00-0035527",1731,0.00700336142761953,0.0224176233084024,0.000636669220692684,"Andy Isabella","ARI","WR",2020
"230","00-0033537",977,0.00700134534945481,0.0216090762815607,0.000636485940859528,"Deshaun Watson","HOU","QB",2020
"231","00-0036295",2063,0.00699656202229192,0.0212812292448808,0.000636051092935629,"Matt Hennessy","ATL","OL",2020
"232","00-0033084",858,0.0069898025045515,0.0207459058368456,0.000635436591322864,"Kendall Fuller","WAS","DB",2020
"233","00-0035241",1612,0.00698450218484164,0.0214902927846675,0.000634954744076513,"Joejuan Williams","NE","DB",2020
"234","00-0035662",1791,0.00697591786549502,0.0208566050960932,0.000634174351408638,"Marquise Brown","BAL","WR",2020
"235","00-0030097",292,0.00697317480039,0.021387486152564,0.000633924981853637,"David Quessenberry","TEN","OL",2020
"236","00-0036410",2167,0.00692405284403486,0.0210106999887624,0.000629459349457714,"Tee Higgins","CIN","WR",2020
"237","00-0035342",1678,0.00689142607667816,0.0208618275976388,0.000626493279698014,"Patrick Laird","MIA","RB",2020
"238","00-0032109",607,0.00685795694944152,0.021820133070584,0.000623450631767411,"Kwon Alexander","NO","LB",2020
"239","00-0031687",545,0.00684455774977498,0.0219635257817677,0.000622232522706817,"Raheem Mostert","SF","RB",2020
"240","00-0036360",2122,0.00683581531355602,0.0217810012915782,0.00062143775577782,"Clyde Edwards-Helaire","KC","RB",2020
"241","00-0027975",129,0.00683346101680223,0.0219152962646816,0.000621223728800202,"Jabaal Sheard","NYG","DL",2020
"242","00-0033090",860,0.00683083055030444,0.0218759009542255,0.000620984595482221,"Hunter Henry","LAC","TE",2020
"243","00-0036086",1937,0.00683033685713669,0.0225311622448143,0.000620939714285154,"Rashod Berry","NE","TE",2020
"244","00-0035346",1680,0.00683005441130614,0.0213293148046668,0.000620914037391468,"Nik Needham","MIA","DB",2020
"245","00-0024243",25,0.00679445590567442,0.0204525332835796,0.000617677809606765,"Marcedes Lewis","GB","TE",2020
"246","00-0033871",1075,0.00675035828755111,0.0211440789260647,0.000613668935231919,"Corey Davis","TEN","WR",2020
"247","00-0035414",1708,0.00671380359204792,0.022009054471818,0.000610345781095266,"Jalen Guyton","LAC","WR",2020
"248","00-0033912",1111,0.00670771401866874,0.0213964368241504,0.00060979218351534,"Jordan Willis","SF","DL",2020
"249","00-0035253",1621,0.00669079490741232,0.0210356699702947,0.000608254082492029,"Chauncey Gardner-Johnson","NO","DB",2020
"250","00-0032103",604,0.00667543150894228,0.0216421996075458,0.000606857409903844,"Denzel Perryman","LAC","LB",2020
"251","00-0034411",1305,0.0066712314171509,0.0208885672170698,0.000606475583377355,"Russell Gage","ATL","WR",2020
"252","00-0029261",196,0.00665241238099802,0.0205031265400177,0.000604764761908911,"Casey Hayward","LAC","DB",2020
"253","00-0032228",642,0.00663835984568969,0.0219510760965111,0.000603487258699062,"Joe Cardona","NE","LS",2020
"254","00-0030148",298,0.00663603158978657,0.021783408326691,0.000603275599071506,"Damion Square","LAC","DL",2020
"255","00-0031209",430,0.00662786465068756,0.0218296852213035,0.000602533150062506,"Senorise Perry","TEN","RB",2020
"256","00-0029542",214,0.00662683655336608,0.0216769604216259,0.000602439686669643,"Stephon Gilmore","NE","DB",2020
"257","00-0033127",881,0.00658063439990893,0.0210186972007772,0.000598239490900812,"Will Fuller","HOU","WR",2020
"258","00-0034762",1418,0.00657506473241059,0.0216498535389221,0.000597733157491872,"Billy Price","CIN","OL",2020
"259","00-0033872",1076,0.00657300476214329,0.0212559859583753,0.000597545887467572,"Jamal Adams","SEA","DB",2020
"260","00-0032151",623,0.00654621890553557,0.0211186388758781,0.000595110809594143,"Jon Feliciano","BUF","OL",2020
"261","00-0034374",1276,0.00654033470253697,0.0204173531826747,0.000594575882048816,"Jordan Whitehead","TB","DB",2020
"262","00-0034797",1442,0.00653238075708167,0.0217537161819588,0.000593852796098334,"Jerome Baker","MIA","LB",2020
"263","00-0035651",1783,0.00651577268591324,0.0210168319457746,0.000592342971446658,"Jaylon Ferguson","BAL","LB",2020
"264","00-0026293",47,0.00651151163512505,0.021118634417185,0.000591955603193186,"Matt Slater","NE","WR",2020
"265","00-0036402",2160,0.00643897763661297,0.0208249889460015,0.000585361603328452,"Carter Coughlin","NYG","LB",2020
"266","00-0027956",120,0.0064196587203798,0.0218279845129801,0.000583605338216345,"Corey Liuget","HOU","DL",2020
"267","00-0033941",1130,0.00641774069618673,0.0207700317686638,0.000583430972380612,"Rayshawn Jenkins","LAC","DB",2020
"268","00-0035507",1723,0.00641644899428266,0.0217887400108433,0.000583313544934788,"Kyle Phillips","NYJ","DL",2020
"269","00-0035289",1649,0.00638224910140271,0.0211121053649238,0.000580204463763883,"Gardner Minshew","JAX","QB",2020
"270","00-0036251",2026,0.00634806338227451,0.021125219119541,0.000577096671115865,"Zack Moss","BUF","RB",2020
"271","00-0033858",1067,0.00631682781676377,0.0213903272641371,0.000574257074251252,"Jonnu Smith","TEN","TE",2020
"272","00-0031583",527,0.00630755886178572,0.0216946755290647,0.00057341444198052,"Grady Jarrett","ATL","DL",2020
"273","00-0035272",1634,0.00629499010404947,0.0207462609969204,0.000572271827640861,"Andrew Van Ginkel","MIA","LB",2020
"274","00-0031580",525,0.00628990618307581,0.0192679053359424,0.000571809653006892,"Shaquille Mason","NE","OL",2020
"275","00-0032382",670,0.00623511047883265,0.0219912170419269,0.000566828225348422,"Keanu Neal","ATL","DB",2020
"276","00-0032549",726,0.00622818951013962,0.0215163823716066,0.00056619904637633,"Alex Redmond","CIN","OL",2020
"277","00-0032071",599,0.00621624225796804,0.0204273129301402,0.000565112932542549,"Trenton Brown","LV","OL",2020
"278","00-0036166",1970,0.00620455247655457,0.021561262740124,0.000564050225141324,"Dane Jackson","BUF","DB",2020
"279","00-0035532",1736,0.00615874915016041,0.0213148514887098,0.000559886286378219,"Deionte Thompson","ARI","DB",2020
"280","00-0031554",514,0.00614320314844942,0.0218017325244619,0.000558473013495402,"Eric Kendricks","MIN","LB",2020
"281","00-0031273",447,0.00614298448585796,0.0208002380741402,0.000558453135077996,"Cameron Brate","TB","TE",2020
"282","00-0027993",134,0.00613693467380202,0.0211618654960491,0.00055790315216382,"Rodney Hudson","LV","OL",2020
"283","00-0033107",867,0.00613077202564097,0.0213321568205555,0.000557342911421906,"William Jackson","CIN","DB",2020
"284","00-0036245",2020,0.00611151857826164,0.0222730958229766,0.000555592598023785,"Malcolm Perry","MIA","RB",2020
"285","00-0031071",405,0.00609166657005528,0.0217123558935445,0.000553787870005025,"Caraun Reid","JAX","DL",2020
"286","00-0033556",993,0.00608003182170195,0.0215616887351782,0.000552730165609268,"Tarik Cohen","CHI","RB",2020
"287","00-0033783",1049,0.00605799439812997,0.0206739693990306,0.000550726763466361,"Ahkello Witherspoon","SF","DB",2020
"288","00-0029546",215,0.00604258091967899,0.021790032918225,0.000549325538152635,"Senio Kelemete","HOU","OL",2020
"289","00-0033064",850,0.00603034713214424,0.0204100467451082,0.000548213375649476,"Adam Gotsis","JAX","DL",2020
"290","00-0033439",948,0.00601837521779537,0.0225764807986821,0.000547125019799579,"Pharaoh Brown","HOU","TE",2020
"291","00-0033282",906,0.00601323857235478,0.0215578740905479,0.000546658052032252,"Curtis Samuel","CAR","WR",2020
"292","00-0032415",694,0.00601276322287132,0.0202476020054744,0.000546614838442847,"Matt Judon","BAL","LB",2020
"293","00-0033790",1055,0.00600103722635211,0.021409514089294,0.000545548838759283,"Jordan Evans","CIN","LB",2020
"294","00-0033876",1080,0.00599993442618359,0.0214029338075632,0.000545448584198508,"Derek Barnett","PHI","DL",2020
"295","00-0030694",370,0.00599700558707022,0.0206301747982933,0.000545182326097292,"James Hurst","NO","OL",2020
"296","00-0034502",1343,0.00598139870269404,0.0228776440973048,0.000543763518426731,"Grant Haley","NO","DB",2020
"297","00-0033874",1078,0.00595511467053334,0.0203935263650693,0.000541374060957577,"Marshon Lattimore","NO","DB",2020
"298","00-0030076",285,0.0059513031272128,0.0208330025065923,0.000541027557019345,"J.C. Tretter","CLE","OL",2020
"299","00-0035328",1672,0.00594026505688648,0.0212776623550593,0.000540024096080589,"Matt Nelson","DET","OL",2020
"300","00-0036232",2008,0.00593825339060999,0.0199800479687699,0.000539841217328181,"Harrison Bryant","CLE","TE",2020
"301","00-0027960",122,0.00590908627391566,0.0209948002701016,0.00053718966126506,"Anthony Castonzo","IND","OL",2020
"302","00-0027963",124,0.00590029510463434,0.021500136510375,0.000536390464057667,"James Carpenter","ATL","OL",2020
"303","00-0022942",11,0.00589081802523147,0.0218440187491101,0.000535528911384679,"Philip Rivers","IND","QB",2020
"304","00-0036400",2158,0.00588380782495245,0.0211604941153614,0.000534891620450223,"Cam Brown","NYG","LB",2020
"305","00-0027939",110,0.0058729200418108,0.0207513274534344,0.0005339018219828,"Cam Newton","NE","QB",2020
"306","00-0033560",995,0.00585755023439505,0.0212036430197762,0.000532504566763186,"Julien Davenport","MIA","OL",2020
"307","00-0034011",1151,0.00581702707173215,0.0208095370133848,0.000528820642884741,"Dan Arnold","ARI","TE",2020
"308","00-0029263",197,0.00581048047765744,0.0214619807301558,0.000528225497968858,"Russell Wilson","SEA","QB",2020
"309","00-0035537",1740,0.00580371672273651,0.0215957044251961,0.000527610611157865,"Ty Johnson","NYJ","RB",2020
"310","00-0031279",448,0.00575975715508316,0.0206484324222726,0.000523614286825742,"Jake Matthews","ATL","OL",2020
"311","00-0032943",810,0.00575243976712714,0.0229780251874046,0.000522949069738831,"Riley Dixon","NYG","P",2020
"312","00-0034577",1359,0.00575218140744158,0.0211378906098961,0.000522925582494689,"Kyle Allen","WAS","QB",2020
"313","00-0034773",1426,0.0057446099649675,0.0214029237095615,0.0005222372695425,"Vita Vea","TB","DL",2020
"314","00-0032781",773,0.00574213866697546,0.0227518326699222,0.000522012606088679,"Matt Ioannidis","WAS","DL",2020
"315","00-0034810",1452,0.00574026891127731,0.0216044917254301,0.000521842628297937,"Sebastian Joseph","LA","DL",2020
"316","00-0033466",957,0.00571823936849803,0.0202750825112626,0.00051983994259073,"Isaiah McKenzie","BUF","WR",2020
"317","00-0034874",1485,0.0056718441151858,0.0220365888998441,0.000515622192289618,"Roquan Smith","CHI","LB",2020
"318","00-0035370",1688,0.00567055188333383,0.0216338917685072,0.000515504716666712,"Saivion Smith","DAL","DB",2020
"319","00-0027857",94,0.00566953492833758,0.0219820379106255,0.000515412266212507,"Trent Williams","SF","OL",2020
"320","00-0032165",626,0.00566641050215863,0.0213269058726737,0.000515128227468966,"Marcus Peters","BAL","DB",2020
"321","00-0031040",395,0.00564738658897304,0.0217146196875254,0.000513398780815731,"Khalil Mack","CHI","LB",2020
"322","00-0030997",388,0.00562138114164735,0.0216929928039486,0.000511034649240668,"Zach Fulton","HOU","OL",2020
"323","00-0034815",1453,0.00561482314229249,0.0221132638000478,0.000510438467481135,"Fred Warner","SF","LB",2020
"324","00-0025580",34,0.005611157588887,0.0221291265042438,0.000510105235353363,"Mason Crosby","GB","K",2020
"325","00-0036195",1983,0.00560799462332785,0.0217210249435876,0.000509817693029804,"Charlie Heck","HOU","OL",2020
"326","00-0035235",1606,0.0056042878507118,0.021469747971892,0.000509480713701073,"Kaleb McGary","ATL","OL",2020
"327","00-0033926",1120,0.00560361393415732,0.0200589482372333,0.000509419448559756,"Shaquill Griffin","SEA","DB",2020
"328","00-0035630",1767,0.00558942004069619,0.0212842413761477,0.000508129094608745,"Chris Lindstrom","ATL","OL",2020
"329","00-0030196",303,0.00556319511900533,0.0201407423054652,0.000505745010818666,"Jeff Heath","LV","DB",2020
"330","00-0035521",1728,0.00553926962845976,0.0216844028719779,0.000503569966223615,"Derick Roberson","TEN","LB",2020
"331","00-0033932",1126,0.00552531293077169,0.0224996585709189,0.000502301175524699,"Kenny Golladay","DET","WR",2020
"332","00-0031947",577,0.00552260676493145,0.0207308507024451,0.000502055160448313,"Tyeler Davison","ATL","DL",2020
"333","00-0028339",162,0.00551990256470748,0.0212810133096032,0.000501809324064316,"Mario Addison","BUF","DL",2020
"334","00-0034778",1429,0.0055164851476651,0.0201727013072127,0.000501498649787736,"Carlton Davis","TB","DB",2020
"335","00-0036159",1965,0.00548648434111523,0.0215955024544116,0.000498771303737748,"Josh Uche","NE","LB",2020
"336","00-0029293",202,0.00547903073947669,0.0217544979185944,0.00049809370358879,"Marvin Jones","DET","WR",2020
"337","00-0035231",1603,0.00547066096464694,0.0203964664823214,0.000497332814967903,"Christian Wilkins","MIA","DL",2020
"338","00-0033221",894,0.00546174969628355,0.021262940182123,0.000496522699662141,"Daniel Brunskill","SF","OL",2020
"339","00-0032871",792,0.00544716993299261,0.0210294127247418,0.000495197266635692,"Antwaun Woods","DAL","DL",2020
"340","00-0032132",612,0.00543199632691854,0.0220770334512256,0.000493817847901686,"Max Garcia","ARI","OL",2020
"341","00-0031325",458,0.00542724956855097,0.0203823328810757,0.000493386324413725,"Sammy Watkins","KC","WR",2020
"342","00-0032671",748,0.00542337518746219,0.0209505719839703,0.000493034107951108,"Morgan Fox","LA","DL",2020
"343","00-0036418",2174,0.00541305819276176,0.0214433160953027,0.000492096199341978,"Zack Baun","NO","LB",2020
"344","00-0036101",1942,0.00539752198625111,0.0221284506156444,0.000490683816931919,"Luq Barcoo","JAX","DB",2020
"345","00-0034397",1298,0.00539313370033133,0.0208803017430524,0.000490284881848303,"Tim Settle","WAS","DL",2020
"346","00-0034978",1517,0.0053743854625199,0.0213057971051541,0.000488580496592719,"Ben Powers","BAL","OL",2020
"347","00-0033913",1112,0.00537076408275294,0.0213225107639938,0.000488251280250268,"Chris Wormley","PIT","DL",2020
"348","00-0030957",385,0.00536842246707708,0.0215648114175391,0.000488038406097916,"Casey Kreiter","NYG","LS",2020
"349","00-0027865",98,0.00534900906813006,0.0206209648800857,0.000486273551648187,"Brandon Graham","PHI","DL",2020
"350","00-0033582",1010,0.00533568033274516,0.0225030093509867,0.000485061848431378,"Jeremiah Ledbetter","TB","DL",2020
"351","00-0031587",530,0.00532284401243754,0.0210789294015475,0.000483894910221594,"Bobby McCain","MIA","DB",2020
"352","00-0036106",1943,0.00531357479380305,0.0219787264500515,0.000483052253982096,"Parnell Motley","DEN","DB",2020
"353","00-0028092",145,0.00530756297699856,0.0211025509226201,0.000482505725181687,"Richard Sherman","SF","DB",2020
"354","00-0030471",332,0.00529770162946833,0.021993599513131,0.000481609239042575,"Shawn Williams","CIN","DB",2020
"355","00-0033109",868,0.00529568724233952,0.0200039164194418,0.000481426112939957,"Javon Hargrave","PHI","DL",2020
"356","00-0034112",1164,0.00529549983481375,0.0213280197403772,0.000481409075892159,"Austin Schlottmann","DEN","OL",2020
"357","00-0030463",329,0.00527543346837388,0.0205570771884456,0.000479584860761262,"A.J. Klein","BUF","LB",2020
"358","00-0033048",840,0.00525756505199919,0.0221251181729142,0.000477960459272653,"Kavon Frazier","MIA","DB",2020
"359","00-0031142",417,0.00523252451770692,0.0210776723639324,0.000475684047064266,"Matt Feiler","PIT","OL",2020
"360","00-0032688",750,0.00520408629247667,0.0216944915545335,0.000473098753861515,"Robby Anderson","CAR","WR",2020
"361","00-0033786",1052,0.00520333500555266,0.0217642337684009,0.000473030455050242,"Ryan Glasgow","NO","DL",2020
"362","00-0033280",904,0.00519571705970733,0.02236303711904,0.000472337914518848,"Christian McCaffrey","CAR","RB",2020
"363","00-0034983",1521,0.00516988871415529,0.0204370069068458,0.000469989883105026,"Hunter Renfrow","LV","WR",2020
"364","00-0027855",93,0.00516548046859696,0.0205484154288099,0.000469589133508814,"Ndamukong Suh","TB","DL",2020
"365","00-0034681",1390,0.00516299659226088,0.0206295290967924,0.000469363326569171,"Chase Edmonds","ARI","RB",2020
"366","00-0033258",899,0.00512557854033512,0.0211490500406741,0.000465961685485011,"Darrell Daniels","ARI","TE",2020
"367","00-0033387",937,0.00512402250505261,0.020731683231237,0.000465820227732056,"Jacob Hollister","SEA","TE",2020
"368","00-0032969",821,0.00509035403846443,0.0205322587888628,0.000462759458042221,"Nick Martin","HOU","OL",2020
"369","00-0029562",217,0.00508726759776209,0.0217562023402678,0.000462478872523826,"Lavonte David","TB","LB",2020
"370","00-0034981",1519,0.00508367316548972,0.0203682921201345,0.000462152105953611,"Foster Moreau","LV","TE",2020
"371","00-0032265",658,0.00504601822040604,0.0211348053312566,0.000458728929127822,"Mario Edwards","CHI","DL",2020
"372","00-0033452",951,0.00504019306581908,0.0219641313514967,0.000458199369619916,"Austin Calitro","DEN","LB",2020
"373","00-0030085",287,0.00501938970368352,0.0214007162326062,0.00045630815488032,"Kenny Stills","BUF","WR",2020
"374","00-0034309",1232,0.00501313836800124,0.0208608532609656,0.000455739851636477,"Chad Beebe","MIN","WR",2020
"375","00-0034277",1221,0.0050083503623768,0.021041118812792,0.000455304578397891,"DeShon Elliott","BAL","DB",2020
"376","00-0033578",1007,0.00500361963608024,0.0200927872060516,0.000454874512370931,"Sam Tevi","LAC","OL",2020
"377","00-0036366",2128,0.00499827244002311,0.0204806494629073,0.000454388403638465,"Neville Gallimore","DAL","DL",2020
"378","00-0033292",912,0.00498908765594647,0.0218898877781606,0.000453553423267861,"Trent Taylor","SF","WR",2020
"379","00-0033659",1026,0.00498831378948749,0.0203709478631946,0.00045348307177159,"Joseph Jones","DEN","LB",2020
"380","00-0034281",1225,0.00496675382093075,0.0217861191662784,0.000451523074630068,"Bradley Bozeman","BAL","OL",2020
"381","00-0032386",674,0.00495321247903165,0.0220101225487524,0.000450292043548332,"Kamalei Correa","JAX","LB",2020
"382","00-0033863",1071,0.0049510808950653,0.0221656733930387,0.000450098263187755,"Dan Skipper","DET","OL",2020
"383","00-0034140",1173,0.00493852921306824,0.0211101142892586,0.000448957201188022,"Matt Gono","ATL","OL",2020
"384","00-0027965",125,0.00489910677644921,0.0208063765383489,0.000445373343313565,"Jimmy Smith","BAL","DB",2020
"385","00-0030946",384,0.00488423434490241,0.0210928270047197,0.000444021304082038,"Kerry Hyder","SF","DL",2020
"386","00-0027944",113,0.00487722210726999,0.0205348147030513,0.000443383827933636,"Julio Jones","ATL","WR",2020
"387","00-0033906",1105,0.0048714862440217,0.0213340859338385,0.000442862385820154,"Alvin Kamara","NO","RB",2020
"388","00-0032892",800,0.00485134658217172,0.0216687107561935,0.000441031507470156,"Nick Vigil","LAC","LB",2020
"389","00-0034990",1526,0.00482961832787018,0.0205591736458636,0.000439056211624562,"Ka'dar Hollman","GB","DB",2020
"390","00-0029889",259,0.00482648219913242,0.0220822367941829,0.000438771109012039,"Patrick Omameh","KC","OL",2020
"391","00-0031935",573,0.00480189226218566,0.0211833479787687,0.000436535660198696,"Preston Smith","GB","LB",2020
"392","00-0035248",1619,0.00477471871415452,0.0208704983525791,0.000434065337650411,"Zach Allen","ARI","DL",2020
"393","00-0033549",988,0.00473025846099624,0.0212986787394451,0.000430023496454204,"Duke Riley","PHI","LB",2020
"394","00-0033905",1104,0.00471882843854205,0.0213984517966935,0.000428984403503823,"Larry Ogunjobi","CLE","DL",2020
"395","00-0033293",913,0.00471093345574622,0.0211948010635198,0.000428266677795111,"Aaron Jones","GB","RB",2020
"396","00-0027778",90,0.00470520610929441,0.0213741688539717,0.000427746009935855,"Sam Young","LV","OL",2020
"397","00-0036325",2091,0.00469964909641262,0.0207069986746374,0.000427240826946601,"Robert Hunt","MIA","OL",2020
"398","00-0034104",1161,0.00468955861662145,0.0207716985219405,0.00042632351060195,"Cam Sims","WAS","WR",2020
"399","00-0031632",543,0.00468731124280873,0.0210430121729796,0.000426119203891703,"Denzelle Good","LV","OL",2020
"400","00-0031870",564,0.00466994693704519,0.0214616839518203,0.000424540630640472,"Dean Marlowe","BUF","DB",2020
"401","00-0033955",1141,0.00465862214024844,0.0208767532126053,0.000423511103658949,"Jeremy McNichols","TEN","RB",2020
"402","00-0033936",1128,0.00465266619441199,0.0218306805136828,0.000422969654037454,"C.J. Beathard","SF","QB",2020
"403","00-0033875",1079,0.00465030864151624,0.0197471563940546,0.000422755331046931,"Haason Reddick","ARI","LB",2020
"404","00-0031621",539,0.00463809577613614,0.0225296263136412,0.000421645070557831,"Jake Rodgers","BAL","OL",2020
"405","00-0033995",1149,0.00462611490023788,0.0214257399396197,0.000420555900021625,"Michael Dunn","CLE","OL",2020
"406","00-0036389",2147,0.00462354466289561,0.0204571484526728,0.000420322242081419,"Jalen Hurts","PHI","QB",2020
"407","00-0033469",959,0.00462290303650026,0.0218792480778243,0.000420263912409115,"Vincent Taylor","CLE","DL",2020
"408","00-0027867",99,0.0046204141864508,0.0213296587158218,0.000420037653313709,"Jason Pierre-Paul","TB","DL",2020
"409","00-0029259",195,0.00461890293288521,0.0210025339958867,0.000419900266625928,"Kelechi Osemele","KC","OL",2020
"410","00-0035763",1844,0.00461212065565554,0.0213486368916662,0.000419283695968685,"Malcolm Roach","NO","DL",2020
"411","00-0035386",1694,0.00455873988290937,0.0211558053001672,0.000414430898446306,"T.J. Edwards","PHI","LB",2020
"412","00-0029137",184,0.00452176779183792,0.0217182553474239,0.000411069799257992,"Alshon Jeffery","PHI","WR",2020
"413","00-0034396",1297,0.00450615355380026,0.0206367897856323,0.000409650323072751,"Jermaine Carter","CAR","LB",2020
"414","00-0033839",1062,0.00449633296621067,0.0224202963052473,0.000408757542382788,"Dede Westbrook","JAX","WR",2020
"415","00-0034838",1470,0.00446816239125503,0.021151943467958,0.000406196581023185,"Royce Freeman","DEN","RB",2020
"416","00-0035246",1617,0.00446647228568156,0.0236315159704811,0.00040604293506196,"J.J. Arcega-Whiteside","PHI","WR",2020
"417","00-0029141",185,0.00446023266073414,0.0207569724127614,0.000405475696430377,"Alfred Morris","NYG","RB",2020
"418","00-0029119",182,0.00443663127164639,0.0221073267506563,0.000403330115604217,"Derek Carrier","LV","TE",2020
"419","00-0034111",1163,0.00437878493798113,0.0212494350413453,0.000398071357998285,"Trey Marshall","DEN","DB",2020
"420","00-0034603",1367,0.00437859738835653,0.0223027564222695,0.000398054308032412,"Kevin Toliver","DEN","DB",2020
"421","00-0030402",317,0.00436859010142425,0.0213512064715451,0.000397144554674932,"Akeem Spence","NE","DL",2020
"422","00-0031898",566,0.0043592157114531,0.0204551452069933,0.000396292337404827,"Alex Singleton","PHI","LB",2020
"423","00-0034096",1160,0.00435794149111954,0.0210019984162929,0.000396176499192686,"Emmanuel Moseley","SF","DB",2020
"424","00-0035457",1719,0.00434959167652302,0.0215720059047417,0.000395417425138457,"Tyron Johnson","LAC","WR",2020
"425","00-0031933",572,0.00434824552063708,0.0210285706021542,0.000395295047330643,"Leonard Williams","NYG","DL",2020
"426","00-0022921",9,0.00433516322124861,0.0219135638660733,0.000394105747386237,"Larry Fitzgerald","ARI","WR",2020
"427","00-0031254",438,0.00432489877030543,0.0209039362430271,0.000393172615482312,"Denico Autry","IND","DL",2020
"428","00-0034794",1440,0.00431460373207283,0.0228819346588649,0.000392236702915712,"Jason Sanders","MIA","K",2020
"429","00-0035663",1792,0.00431436281472408,0.0208528443669278,0.000392214801338553,"Taylor Rapp","LA","DB",2020
"430","00-0034207",1198,0.00428185062325217,0.0221298513139315,0.000389259147568379,"Jeff Badet","WAS","WR",2020
"431","00-0033702",1032,0.00427626500133882,0.0221084417517647,0.000388751363758074,"Younghoe Koo","ATL","K",2020
"432","00-0034753",1412,0.00427215051152048,0.0218320431346149,0.000388377319229134,"Mark Andrews","BAL","TE",2020
"433","00-0034967",1507,0.00427037221578526,0.0218123947599734,0.000388215655980478,"Rashan Gary","GB","LB",2020
"434","00-0035528",1732,0.00426344356573241,0.0211933481060995,0.000387585778702946,"Jachai Polite","LA","LB",2020
"435","00-0036265",2036,0.00425788827430152,0.0217283041977168,0.000387080752209229,"A.J. Dillon","GB","RB",2020
"436","00-0035215",1592,0.00424522807670946,0.0214980331356255,0.000385929825155406,"Deonte Harris","NO","WR",2020
"437","00-0035594",1754,0.00424427749923732,0.0229544639985322,0.000385843409021574,"Travis Homer","SEA","RB",2020
"438","00-0033744",1040,0.00422415676206808,0.0226803946544052,0.000384014251097099,"Chad Wheeler","SEA","OL",2020
"439","00-0032195",629,0.00422171337331383,0.020802693284687,0.000383792124846712,"Ronald Darby","WAS","DB",2020
"440","00-0036408",2165,0.00421559403598072,0.0207720531297156,0.000383235821452792,"Cesar Ruiz","NO","OL",2020
"441","00-0034837",1469,0.00420615230460451,0.0204088036511424,0.000382377482236773,"Calvin Ridley","ATL","WR",2020
"442","00-0031559",519,0.00419074367863601,0.0208557635118548,0.000380976698057819,"Jordan Richards","BAL","DB",2020
"443","00-0035216",1593,0.00417756210184789,0.0206211007882801,0.000379778372895263,"Diontae Johnson","PIT","WR",2020
"444","00-0036380",2140,0.00416312052711894,0.0212783344820527,0.000378465502465358,"Alohi Gilman","LAC","DB",2020
"445","00-0035140",1565,0.0041373044860229,0.0202771745530055,0.000376118589638445,"Mecole Hardman","KC","WR",2020
"446","00-0031128",414,0.0041350491551609,0.0216794524028294,0.000375913559560082,"Ryan Groy","LAC","OL",2020
"447","00-0031041",396,0.00412907702286893,0.0217011998354475,0.00037537063844263,"Kyle Fuller","CHI","DB",2020
"448","00-0030278",308,0.00411274198875852,0.022704669679418,0.000373885635341684,"Manti Te'o","CHI","LB",2020
"449","00-0035210",1591,0.0041076093131365,0.0210366764845766,0.000373419028466955,"Herb Miller","TB","DB",2020
"450","00-0035280",1641,0.00409766700266779,0.0224091904626372,0.000372515182060709,"Jake Bailey","NE","P",2020
"451","00-0034752",1411,0.00408611315165464,0.0218219251346127,0.000371464831968604,"Orlando Brown","BAL","OL",2020
"452","00-0035831",1858,0.00408533633844105,0.0208679182608393,0.00037139421258555,"James Robinson","JAX","RB",2020
"453","00-0034345",1249,0.00407552432943982,0.0211470456149457,0.000370502211767257,"Frank Ragnow","DET","OL",2020
"454","00-0030515",342,0.00407420998592107,0.0216643829795017,0.000370382725992824,"Stacy McGee","ARI","DL",2020
"455","00-0031054",401,0.00407211686614271,0.0203594688840023,0.00037019244237661,"DaQuan Jones","TEN","DL",2020
"456","00-0031402",489,0.00407049819223467,0.0204510668215059,0.000370045290203152,"Zack Martin","DAL","OL",2020
"457","00-0031280",449,0.00405304942222745,0.0208872829919893,0.000368459038384314,"Derek Carr","LV","QB",2020
"458","00-0030459",328,0.00402641243645315,0.0219342080751945,0.000366037494223014,"Tyrann Mathieu","KC","DB",2020
"459","00-0023448",15,0.00398508958429073,0.0224241750469187,0.000362280871299157,"Thomas Davis","WAS","LB",2020
"460","00-0036339",2105,0.00396122130411241,0.0209016371590627,0.000360111027646582,"Kevin Dotson","PIT","OL",2020
"461","00-0023252",12,0.00395224719894064,0.0233928947170957,0.000359295199903695,"Robbie Gould","SF","K",2020
"462","00-0034948",1497,0.00393712537621722,0.0209992191754244,0.00035792048874702,"Alijah Holder","DEN","DB",2020
"463","00-0031547",509,0.00393315710505022,0.0204966368596864,0.000357559736822747,"DeVante Parker","MIA","WR",2020
"464","00-0036397",2155,0.00391824606837222,0.0220040411033768,0.000356204188033838,"Shane Lemieux","NYG","OL",2020
"465","00-0028180",155,0.00391761277874012,0.021474233389044,0.000356146616249101,"Malcolm Smith","CLE","LB",2020
"466","00-0026950",57,0.0039147581635685,0.0211837057967786,0.000355887105778954,"A.Q. Shipley","TB","OL",2020
"467","00-0032383",671,0.00389223645152299,0.0213860331286677,0.000353839677411181,"Ryan Kelly","IND","OL",2020
"468","00-0036266",2037,0.00387306982291946,0.0216760702244191,0.000352097256629042,"Jordan Elliott","CLE","DL",2020
"469","00-0032577",733,0.00385235824524575,0.0216199254636713,0.000350214385931432,"D.J. Foster","ARI","RB",2020
"470","00-0029738",252,0.00382867413380327,0.0211587933698199,0.000348061284891207,"Darren Fells","HOU","TE",2020
"471","00-0034787",1435,0.00381151024635276,0.0208108053891322,0.000346500931486615,"Chris Board","BAL","LB",2020
"472","00-0032967",819,0.00380766996718102,0.0202418869548093,0.000346151815198275,"Vernon Butler","BUF","DL",2020
"473","00-0033554",991,0.00380245984273491,0.0216828890163048,0.000345678167521355,"Tedric Thompson","CLE","DB",2020
"474","00-0033884",1087,0.00380018679155222,0.020949048038993,0.000345471526504747,"Tre'Davious White","BUF","DB",2020
"475","00-0030850",381,0.00379906101238951,0.0214116749326677,0.000345369182944501,"Cody Parkey","CLE","K",2020
"476","00-0028008",136,0.00379606768466121,0.0216145175840454,0.000345097062241928,"Justin Houston","IND","DL",2020
"477","00-0034824",1457,0.00378866674499191,0.0209431518836164,0.000344424249544719,"Martinas Rankin","KC","OL",2020
"478","00-0033367",931,0.00377215740302309,0.0214176912469222,0.000342923400274826,"C.J. Board","NYG","WR",2020
"479","00-0033908",1107,0.00377038775482711,0.0212504842684646,0.000342762523166101,"Cooper Kupp","LA","WR",2020
"480","00-0035300",1656,0.00375893377652419,0.0211459822538233,0.00034172125241129,"Dennis Daley","CAR","OL",2020
"481","00-0034846",1475,0.00374499975347938,0.0212589991018769,0.00034045452304358,"Darius Leonard","IND","LB",2020
"482","00-0036243",2018,0.00373844072835815,0.0226122509927983,0.000339858248032559,"Vernon Scott","GB","DB",2020
"483","00-0034829",1461,0.00373751251918478,0.0209117849717509,0.000339773865380435,"Mike Gesicki","MIA","TE",2020
"484","00-0032233",643,0.00372996089112093,0.0218990766453934,0.000339087353738267,"Cedric Ogbuehi","SEA","OL",2020
"485","00-0027947",115,0.00372990346931241,0.0220892023080179,0.000339082133573856,"Tyron Smith","DAL","OL",2020
"486","00-0033455",952,0.00372800376274408,0.0206570377854959,0.000338909432976735,"Anthony Firkser","TEN","TE",2020
"487","00-0031597",534,0.00371843683596182,0.0201302300835807,0.000338039712360166,"Tye Smith","TEN","DB",2020
"488","00-0035273",1635,0.00370530443050297,0.0217058990780152,0.000336845857318452,"Qadree Ollison","ATL","RB",2020
"489","00-0035250",1620,0.00369622956574599,0.0216612955591093,0.000336020869613272,"Devin Singletary","BUF","RB",2020
"490","00-0034674",1384,0.00368741439410229,0.0213474892346618,0.000335219490372935,"Leighton Vander Esch","DAL","LB",2020
"491","00-0031561",520,0.00368656791362651,0.0216767135416208,0.00033514253760241,"Hroniss Grasu","SF","OL",2020
"492","00-0023516",19,0.00367875160138382,0.0224441374599267,0.000334431963762166,"Richie Incognito","LV","OL",2020
"493","00-0036223",2000,0.00366915194738681,0.0216028021057856,0.000333559267944255,"Jonathan Taylor","IND","RB",2020
"494","00-0036358",2120,0.00366904946605937,0.0199988872519302,0.000333549951459943,"CeeDee Lamb","DAL","WR",2020
"495","00-0031800",558,0.00366829538442478,0.0221699611483,0.000333481398584071,"Taylor Heinicke","WAS","QB",2020
"496","00-0033095",864,0.00365788827182241,0.0212567906370597,0.000332535297438401,"Garrett Griffin","NO","TE",2020
"497","00-0032261",656,0.00363990342591242,0.0214357481652891,0.000330900311446584,"Malcom Brown","NO","DL",2020
"498","00-0036292",2060,0.00362970365186175,0.0203301900284185,0.000329973059260159,"Jaylon Johnson","CHI","DB",2020
"499","00-0033591",1013,0.00362711497026781,0.0203836654548274,0.000329737724569801,"Noah Brown","DAL","WR",2020
"500","00-0036261",2034,0.00361702282160224,0.0213275911983904,0.000328820256509294,"Brandon Aiyuk","SF","WR",2020
"501","00-0031619",538,0.00361283610203533,0.0212175463859398,0.000328439645639575,"Christian Covington","CIN","DL",2020
"502","00-0032209",635,0.00360960601027838,0.022736326157591,0.000328146000934399,"T.J. Yeldon","BUF","RB",2020
"503","00-0034573",1358,0.00358846911116687,0.0202059834317338,0.000326224464651534,"Charvarius Ward","KC","DB",2020
"504","00-0032497",718,0.00358776332541135,0.0215740713217818,0.000326160302310123,"Reid Ferguson","BUF","LS",2020
"505","00-0035384",1693,0.00358367219729333,0.022107563611222,0.000325788381572121,"Iosua Opeta","PHI","OL",2020
"506","00-0033785",1051,0.00357239779894171,0.0229616846208079,0.000324763436267428,"Zach Banner","PIT","OL",2020
"507","00-0035683",1809,0.00354077072276491,0.0205319090006228,0.000321888247524083,"Dexter Lawrence","NYG","DL",2020
"508","00-0033883",1086,0.00351694016388682,0.0197308821590099,0.00031972183308062,"Jabrill Peppers","NYG","DB",2020
"509","00-0031105",410,0.0034942939733262,0.020535344010444,0.0003176630884842,"Zach Kerr","CAR","DL",2020
"510","00-0033568",1000,0.00349218148778233,0.0221758436363636,0.000317471044343848,"Nate Hairston","DEN","DB",2020
"511","00-0034944",1496,0.00348829075229902,0.0219654562971862,0.000317117341118093,"Chase Hansen","NO","LB",2020
"512","00-0027902",108,0.00348712448463026,0.0221861570412326,0.000317011316784569,"Dez Bryant","BAL","WR",2020
"513","00-0031893",565,0.00348374227394581,0.0213674273686685,0.000316703843085983,"Jesse Davis","MIA","OL",2020
"514","00-0033890",1092,0.00347677040735047,0.0208626890781277,0.000316070037031861,"Budda Baker","ARI","DB",2020
"515","00-0032774",769,0.00347424570014697,0.0220907428699578,0.000315840518195179,"Deon Bush","CHI","DB",2020
"516","00-0036362",2124,0.00346512569150399,0.0212595609055543,0.000315011426500363,"Willie Gay","KC","LB",2020
"517","00-0035294",1654,0.00346400586683148,0.0209212268876818,0.000314909624257407,"Blessuan Austin","NYJ","DB",2020
"518","00-0034301",1230,0.00345732752050661,0.0204003748410242,0.000314302501864237,"Darrel Williams","KC","RB",2020
"519","00-0030456",327,0.00344236599687716,0.0207730631732301,0.000312942363352469,"Giovani Bernard","CIN","RB",2020
"520","00-0031357",470,0.00341399437207698,0.0214530007014215,0.000310363124734271,"C.J. Goodwin","DAL","DB",2020
"521","00-0036324",2090,0.00341087438104049,0.0212925068040936,0.000310079489185499,"Jeff Gladney","MIN","DB",2020
"522","00-0034687",1395,0.00339733875901575,0.0227697475444845,0.000308848978092341,"Korey Cunningham","NE","OL",2020
"523","00-0036246",2021,0.00339573987564243,0.0212479855037613,0.000308703625058403,"Jon Runyan","GB","OL",2020
"524","00-0035665",1794,0.00338874922058628,0.0213253311252216,0.000308068110962389,"David Long","LA","DB",2020
"525","00-0035137",1563,0.0033875280895921,0.0222726346780367,0.000307957099053827,"Terrell Bonds","BAL","DB",2020
"526","00-0027859",95,0.0033844065495556,0.0220856594238067,0.000307673322686873,"Russell Okung","CAR","OL",2020
"527","00-0032059",595,0.0033744972919624,0.0208338260958719,0.000306772481087491,"P.J. Williams","NO","DB",2020
"528","00-0034377",1279,0.00335731787939729,0.0212999655218157,0.000305210716308844,"Avonte Maddox","PHI","DB",2020
"529","00-0034278",1222,0.0033564825245868,0.0213451875367562,0.000305134774962436,"Tremon Smith","IND","DB",2020
"530","00-0031387",485,0.00335226884719712,0.0215254438525008,0.000304751713381556,"Eric Ebron","PIT","TE",2020
"531","00-0033382",935,0.00334310752095352,0.0218219436896757,0.000303918865541229,"Austin Carr","NO","WR",2020
"532","00-0032770",766,0.00334299501224114,0.0224680708379692,0.000303908637476467,"Tavon Young","BAL","DB",2020
"533","00-0031270",446,0.00331903715841786,0.0204678056374992,0.00030173065076526,"Shelby Harris","DEN","DL",2020
"534","00-0033541",981,0.00331465805652551,0.0220410559666506,0.000301332550593228,"Taco Charlton","KC","DL",2020
"535","00-0034731",1403,0.00330816917492269,0.0223415189256589,0.000300742652265699,"Reginald McKenzie","CIN","DL",2020
"536","00-0036346",2112,0.00330324266436422,0.0218755433663501,0.000300294787669475,"Antoine Brooks","PIT","DB",2020
"537","00-0029709",250,0.0032926078353421,0.0220048357928834,0.0002993279850311,"Ty Nsekhe","BUF","OL",2020
"538","00-0032162",624,0.0032799585810827,0.0211610414333459,0.0002981780528257,"T.Y. McGill","PHI","DL",2020
"539","00-0034490",1339,0.00327641769975828,0.0221797895990203,0.00029785615452348,"Ezekiel Turner","ARI","LB",2020
"540","00-0031997",584,0.00327424842935279,0.0210982567556,0.00029765894812298,"David Irving","LV","DL",2020
"541","00-0027882",105,0.00326209771634685,0.019677023040401,0.000296554337849714,"Patrick Robinson","NO","DB",2020
"542","00-0033589",1012,0.00325145899808995,0.0201608572445009,0.000295587181644541,"David Moore","SEA","WR",2020
"543","00-0036069",1930,0.00323898673537009,0.021212418898517,0.000294453339579099,"Scottie Phillips","HOU","RB",2020
"544","00-0033543",983,0.00322798041267642,0.0217650955776562,0.000293452764788765,"Sidney Jones","JAX","DB",2020
"545","00-0032391",678,0.00322210579919296,0.0218391534518762,0.000292918709017542,"Joe Thuney","NE","OL",2020
"546","00-0033288",909,0.00321833612915829,0.0214372649220506,0.000292576011741663,"George Kittle","SF","TE",2020
"547","00-0034777",1428,0.00319996794355728,0.0202161465500077,0.000290906176687025,"D.J. Chark","JAX","WR",2020
"548","00-0026714",53,0.00319134021690133,0.0214089695129127,0.000290121837900121,"Nick Sundberg","WAS","LS",2020
"549","00-0036235",2011,0.00317803492755026,0.0228143656126081,0.000288912266140933,"Shaquille Quarterman","JAX","LB",2020
"550","00-0034333",1241,0.00317045117433245,0.0213644055551715,0.000288222834030223,"Daron Payne","WAS","DL",2020
"551","00-0031852",562,0.00316082785719603,0.0214722794507506,0.00028734798701782,"David Andrews","NE","OL",2020
"552","00-0035700",1824,0.00315172849767018,0.021068770007331,0.000286520772515471,"Josh Jacobs","LV","RB",2020
"553","00-0036392",2150,0.00313930326354939,0.0221115380642914,0.000285391205777218,"Matt Peart","NYG","OL",2020
"554","00-0035418",1710,0.00313540057982845,0.0203312156110492,0.000285036416348041,"Brandon Knight","DAL","OL",2020
"555","00-0032787",778,0.00312544556854147,0.0219893187642824,0.000284131415321951,"Cole Toner","LAC","OL",2020
"556","00-0036401",2159,0.00306473544844032,0.0208531600080573,0.000278612313494575,"Shaun Bradley","PHI","LB",2020
"557","00-0032951",813,0.0030637357083545,0.0224296372474982,0.000278521428032227,"Laquon Treadwell","ATL","WR",2020
"558","00-0029747",253,0.00305089075569205,0.0214590278355315,0.000277353705062914,"Chris Banjo","ARI","DB",2020
"559","00-0035617",1761,0.00304607531147003,0.0211864509327196,0.000276915937406367,"Troy Reeder","LA","LB",2020
"560","00-0033303",920,0.00304333616058375,0.0226497035578323,0.000276666923689432,"Harrison Butker","KC","K",2020
"561","00-0034215",1201,0.00303721928718431,0.0214529627254799,0.000276110844289483,"Hercules Mata'afa","MIN","DL",2020
"562","00-0035319",1667,0.00302574790664037,0.0216192385591593,0.000275067991512761,"Jordan Brailford","MIN","LB",2020
"563","00-0034465",1333,0.00301299647053106,0.0209127596984313,0.000273908770048278,"Jeremy Reaves","WAS","DB",2020
"564","00-0033381",934,0.00300906912154047,0.0218466988495282,0.000273551738321861,"Adam Butler","NE","DL",2020
"565","00-0030434",322,0.00300826290210339,0.021209728443214,0.000273478445645763,"Vince Williams","PIT","LB",2020
"566","00-0030288",310,0.00300244700071606,0.0204830454018782,0.000272949727337823,"Rex Burkhead","NE","RB",2020
"567","00-0035407",1703,0.00299099272547744,0.0222899189220428,0.000271908429588859,"Derrick Kelly","NO","OL",2020
"568","00-0034366",1269,0.0029877239028302,0.0213291086582119,0.000271611263893655,"Keke Coutee","HOU","WR",2020
"569","00-0036252",2027,0.00298406596541295,0.0210506220677076,0.00027127872412845,"Michael Pittman","IND","WR",2020
"570","00-0031576",524,0.00298367581853268,0.0210582482399107,0.000271243256230244,"Za'Darius Smith","GB","LB",2020
"571","00-0033393",939,0.00295788758293991,0.0212278103116202,0.000268898871176356,"Kenny Moore","IND","DB",2020
"572","00-0034540",1354,0.00295636348566041,0.0216690786488611,0.000268760316878219,"Tony Brown","CIN","DB",2020
"573","00-0034759",1416,0.00295590657945046,0.0210559467566635,0.000268718779950041,"Kolton Miller","LV","OL",2020
"574","00-0029632",234,0.00294865938628444,0.0220700576346399,0.000268059944207677,"Mohamed Sanu","DET","WR",2020
"575","00-0029253",193,0.00293781399003402,0.0214113995085215,0.000267073999094002,"Mitchell Schwartz","KC","OL",2020
"576","00-0032766",763,0.00293700454436732,0.0227999674528863,0.000267000413124302,"Jason Spriggs","CHI","OL",2020
"577","00-0025418",32,0.00292179318074756,0.020555907138087,0.000265617561886142,"Greg Olsen","SEA","TE",2020
"578","00-0036087",1938,0.00291241191281252,0.0216441192029158,0.000264764719346593,"Myles Bryant","NE","DB",2020
"579","00-0032813",787,0.00289369289677233,0.020473584210505,0.000263062990615666,"Elijhaa Penny","NYG","RB",2020
"580","00-0034439",1325,0.00289146694790561,0.0216172371094637,0.000262860631627783,"Ryan Izzo","NE","TE",2020
"581","00-0033551",989,0.00287276861868407,0.021376460481951,0.000261160783516734,"Rasul Douglas","CAR","DB",2020
"582","00-0033046",838,0.00287087278381241,0.0206884066455059,0.000260988434892037,"Jihad Ward","BAL","DL",2020
"583","00-0033784",1050,0.00286246192103573,0.0215259254162186,0.000260223811003248,"Eddie Jackson","CHI","DB",2020
"584","00-0033658",1025,0.00285315589443343,0.02187823253983,0.000259377808584857,"Blake Jarwin","DAL","TE",2020
"585","00-0033462",955,0.00284447749743674,0.0226296450298701,0.00025858886340334,"Cordrea Tankersley","MIN","DB",2020
"586","00-0035862",1871,0.00283876790473141,0.0212402178502566,0.000258069809521037,"Essang Bassey","DEN","DB",2020
"587","00-0033080",855,0.00283207452224838,0.0218564915736674,0.000257461320204399,"Seth DeValve","ARI","TE",2020
"588","00-0033935",1127,0.00282281995023361,0.0196164110302743,0.000256619995475783,"Trey Hendrickson","NO","DL",2020
"589","00-0035579",1748,0.00282191638406563,0.0233815792540158,0.000256537853096875,"Tuzar Skipper","TEN","LB",2020
"590","00-0035184",1582,0.00282028429454654,0.0216173155837312,0.000256389481322413,"Devine Ozigbo","JAX","RB",2020
"591","00-0029040",180,0.00278256000166831,0.0220022808572871,0.000252960000151665,"Damon Harrison","GB","DL",2020
"592","00-0034791",1438,0.00277366150542194,0.0213076973457991,0.00025215104594745,"Nick Chubb","CLE","RB",2020
"593","00-0035112",1555,0.00275856710172121,0.0209371579010374,0.000250778827429201,"Patrick Mekari","BAL","OL",2020
"594","00-0034115",1166,0.00275179970007851,0.0216123035692769,0.000250163609098047,"Jeffery Wilson","SF","RB",2020
"595","00-0033281",905,0.0027505956063496,0.0204865606335908,0.000250054146031782,"Marlon Humphrey","BAL","DB",2020
"596","00-0033083",857,0.00274350352362879,0.0206835214915757,0.000249409411238981,"Darian Thompson","DAL","DB",2020
"597","00-0035355",1683,0.00273371403246349,0.0221005339336108,0.000248519457496681,"Blake Hance","CLE","OL",2020
"598","00-0032445",708,0.00271859989119281,0.0213807034443618,0.000247145444653891,"Ted Karras","MIA","OL",2020
"599","00-0036419",2175,0.00270744033138465,0.0217902524315482,0.000246130939216787,"Terrell Lewis","LA","LB",2020
"600","00-0036424",2180,0.00270292786018015,0.0224105584180068,0.000245720714561832,"Brycen Hopkins","LA","TE",2020
"601","00-0034514",1347,0.00269858076038466,0.0202941052464532,0.000245325523671333,"Levi Wallace","BUF","DB",2020
"602","00-0034413",1306,0.00269743091790934,0.0210781556731842,0.000245220992537213,"Foyesade Oluokun","ATL","LB",2020
"603","00-0034354",1258,0.00268182560067321,0.0217406464626349,0.000243802327333928,"Kemoko Turay","IND","DL",2020
"604","00-0029272",198,0.00267396344996691,0.0224536755834914,0.000243087586360628,"Nigel Bradham","DEN","LB",2020
"605","00-0034071",1154,0.00266851765962612,0.0221637580070081,0.000242592514511465,"Danny Johnson","WAS","DB",2020
"606","00-0030564",354,0.00265572615813257,0.0221120398612872,0.000241429650739325,"DeAndre Hopkins","ARI","WR",2020
"607","00-0030883",383,0.00265436248268124,0.0222578327396107,0.000241305680243749,"Josh Mauro","ARI","DL",2020
"608","00-0034264",1212,0.00265184527674468,0.0199833330466544,0.000241076843340425,"Jalyn Holmes","MIN","DL",2020
"609","00-0027743",88,0.00264536536521014,0.0219648316386202,0.000240487760473649,"Sherrick McManis","CHI","DB",2020
"610","00-0033733",1038,0.00263865831020404,0.0213680456568939,0.000239878028200367,"Greg Ward","PHI","WR",2020
"611","00-0034721",1397,0.00263182789810164,0.0227464870189924,0.000239257081645604,"Corey Bojorquez","BUF","P",2020
"612","00-0028002",135,0.0026237039213224,0.0206216651964326,0.000238518538302036,"Randall Cobb","HOU","WR",2020
"613","00-0036283",2051,0.00261346285169985,0.0220287835866638,0.000237587531972714,"Kenny Robinson","CAR","DB",2020
"614","00-0027674",80,0.00259742042938186,0.0224521708920352,0.000236129129943805,"Jared Veldheer","GB","OL",2020
"615","00-0036395",2153,0.00257447718062647,0.0216056694154168,0.000234043380056952,"K'Von Wallace","PHI","DB",2020
"616","00-0028224",156,0.00257232578258929,0.021226120571592,0.000233847798417208,"Chris Harris","LAC","DB",2020
"617","00-0034970",1510,0.00256504483370112,0.0223582887338589,0.00023318589397283,"Irv Smith","MIN","TE",2020
"618","00-0025565",33,0.00255807296542712,0.0210327917971733,0.000232552087766102,"Nick Folk","NE","K",2020
"619","00-0036409",2166,0.00254983757924649,0.0204980748433025,0.000231803416295135,"Jordyn Brooks","SEA","LB",2020
"620","00-0033421",945,0.00254717161951495,0.0220042384219288,0.000231561056319541,"Antony Auclair","TB","TE",2020
"621","00-0036084",1935,0.00254381147290286,0.021737632635301,0.000231255588445715,"Madre Harper","NYG","DB",2020
"622","00-0034847",1476,0.00254365536450905,0.0210483475338275,0.00023124139677355,"Mike McGlinchey","SF","OL",2020
"623","00-0031339",464,0.0025383425981992,0.022610931401814,0.000230758418018109,"Donte Moncrief","NE","WR",2020
"624","00-0036439",2194,0.00252790647740449,0.0216380496396967,0.000229809679764045,"Tyrie Cleveland","DEN","WR",2020
"625","00-0036314",2081,0.00252140603372206,0.0218386905195078,0.000229218730338369,"Markus Bailey","CIN","LB",2020
"626","00-0035269",1632,0.00251739403206757,0.0214977718663361,0.000228854002915233,"Matt Gay","LA","K",2020
"627","00-0034736",1404,0.00250727081655563,0.0219820958775976,0.000227933710595967,"Steven Parker","DAL","DB",2020
"628","00-0034473",1335,0.00250600569503043,0.0221178198903998,0.000227818699548221,"Dennis Gardeck","ARI","LB",2020
"629","00-0031941",576,0.00249533843803708,0.0223471124194651,0.000226848948912462,"Jamison Crowder","NYJ","WR",2020
"630","00-0033788",1054,0.0024528578533337,0.0228063738161596,0.000222987077575791,"Will Holden","IND","OL",2020
"631","00-0033943",1131,0.00243996445332077,0.0211195760605926,0.000221814950301888,"Josh Reynolds","LA","WR",2020
"632","00-0032268",659,0.0024342606877092,0.0216156965726777,0.000221296426155382,"Marcus Mariota","LV","QB",2020
"633","00-0029303",203,0.00243133870707919,0.0222915511143374,0.000221030791552653,"Billy Winn","GB","DL",2020
"634","00-0033222",895,0.00242047554971614,0.0225845783533374,0.000220043231792377,"Deante Burton","DAL","DB",2020
"635","00-0035822",1854,0.00240841696992018,0.0212104417016336,0.000218946997265471,"Doug Costin","JAX","DL",2020
"636","00-0031492",502,0.00240099851372163,0.0213230361516251,0.000218272592156512,"Jason Myers","SEA","K",2020
"637","00-0035835",1861,0.00239990563994741,0.0217184849323299,0.000218173239995219,"Nathan Cottrell","JAX","RB",2020
"638","00-0032975",825,0.00239454035004382,0.0220672079682672,0.00021768548636762,"Jonathan Williams","WAS","RB",2020
"639","00-0032448",709,0.00238522138223098,0.0211289760896484,0.000216838307475543,"Stephen Weatherly","CAR","DL",2020
"640","00-0036399",2157,0.00235781828080475,0.0218944887156168,0.000214347116436795,"Netane Muti","DEN","OL",2020
"641","00-0036182",1974,0.00235495439001298,0.0212101455722992,0.000214086762728453,"Nick Westbrook","TEN","WR",2020
"642","00-0036007",1913,0.00235301135302234,0.0215236992925419,0.000213910123002031,"Raequan Williams","PHI","DL",2020
"643","00-0031555",515,0.00234934421004244,0.021402974298148,0.000213576746367495,"Eric Rowe","MIA","DB",2020
"644","00-0032762",759,0.0023362432737892,0.0212433171275342,0.000212385752162655,"Chris Jones","KC","DL",2020
"645","00-0030092",290,0.00231291571152585,0.0224312943453274,0.000210265064684168,"Sam Martin","DEN","P",2020
"646","00-0034510",1345,0.00231128692830682,0.0212181899463408,0.000210116993482439,"Robert Foster","WAS","WR",2020
"647","00-0029144",186,0.00230771622971351,0.021932741000496,0.00020979238451941,"Tom Compton","SF","OL",2020
"648","00-0035307",1660,0.00230239205428681,0.0218069949285112,0.000209308368571528,"Jimmy Moreland","WAS","DB",2020
"649","00-0034158",1178,0.00229967123409638,0.0211319153537783,0.000209061021281489,"Brian O'Neill","MIN","OL",2020
"650","00-0029657",239,0.0022983146822875,0.0212901194571518,0.000208937698389773,"Akiem Hicks","CHI","DL",2020
"651","00-0035378",1690,0.00228637909980927,0.0207448748653588,0.000207852645437206,"Andrew Wingard","JAX","DB",2020
"652","00-0032437",705,0.00228418047212603,0.0206497673391342,0.000207652770193275,"Kamu Grugier-Hill","MIA","LB",2020
"653","00-0035925",1891,0.00228405296586764,0.0230442336911271,0.00020764117871524,"Jarren Williams","NYG","DB",2020
"654","00-0035927",1892,0.00225754286740815,0.0220170459792804,0.000205231169764377,"Breiden Fehoko","LAC","DL",2020
"655","00-0030140",297,0.00225625008766589,0.0217318806054421,0.000205113644333263,"Tress Way","WAS","P",2020
"656","00-0032149",621,0.00225267016840015,0.0206785134421428,0.000204788197127287,"John Miller","CAR","OL",2020
"657","00-0035881",1877,0.0022442623748176,0.0219445554505612,0.000204023852256146,"Yasir Durant","KC","OL",2020
"658","00-0035229",1601,0.00222550678324116,0.0207568606328353,0.000202318798476469,"T.J. Hockenson","DET","TE",2020
"659","00-0036414",2170,0.00221910166499572,0.0214297343085215,0.000201736514999611,"Cam Akers","LA","RB",2020
"660","00-0035808",1852,0.00221590786012124,0.0235952286407105,0.00020144616910193,"Jared Mayden","SF","DB",2020
"661","00-0035238",1609,0.00220831833838431,0.0209921770855802,0.000200756212580392,"Cody Ford","BUF","OL",2020
"662","00-0031299",454,0.00220746102467327,0.0232392598624505,0.000200678274970297,"Jordan Matthews","SF","WR",2020
"663","00-0034371",1273,0.00219790297736725,0.0211013302258133,0.000199809361578841,"Da'Shawn Hand","DET","DL",2020
"664","00-0034980",1518,0.00219261719007933,0.0214642850987402,0.000199328835461758,"Isaiah Johnson","LV","DB",2020
"665","00-0031765",551,0.00219256078468831,0.0215826713439537,0.000199323707698938,"Nick Easton","NO","OL",2020
"666","00-0036345",2111,0.0021859718050351,0.0220602099779796,0.000198724709548645,"K.J. Osborn","MIN","WR",2020
"667","00-0034398",1299,0.00217147227139797,0.0220128448844698,0.000197406570127088,"Natrell Jamerson","CAR","DB",2020
"668","00-0035408",1704,0.0021687956884316,0.02158193464529,0.000197163244402873,"Nick Moore","BAL","LS",2020
"669","00-0033699",1031,0.0021669270962056,0.0214277799818862,0.000196993372382327,"Austin Ekeler","LAC","RB",2020
"670","00-0034827",1459,0.00215914316745736,0.0203472849250755,0.000196285742496124,"D.J. Moore","CAR","WR",2020
"671","00-0035223",1598,0.00215843583666992,0.0222868248246173,0.000196221439697265,"Ulysees Gilbert","PIT","LB",2020
"672","00-0034154",1177,0.0021461072303788,0.0221043782435212,0.000195100657307163,"Jacob Tuioti-Mariner","ATL","DL",2020
"673","00-0035708",1830,0.00214166506325899,0.0223427769240675,0.000194696823932636,"Oshane Ximines","NYG","LB",2020
"674","00-0035148",1573,0.00213861285371228,0.0212901791831202,0.00019441935033748,"Darwin Thompson","KC","RB",2020
"675","00-0031361",472,0.00212919652022866,0.0205759003770812,0.000193563320020787,"Christian Kirksey","GB","LB",2020
"676","00-0031203",429,0.00212260529339246,0.0227426126097872,0.000192964117581132,"Cairo Santos","CHI","K",2020
"677","00-0031349",468,0.0021197816138288,0.0216348809090741,0.000192707419438982,"Matt Paradis","CAR","OL",2020
"678","00-0035399",1697,0.00211627897941069,0.0222362232254381,0.000192388998128244,"Stanley Morgan","CIN","WR",2020
"679","00-0034968",1508,0.00211543337226462,0.0212570391272474,0.00019231212475133,"Darnell Savage","GB","DB",2020
"680","00-0033338",927,0.00210821711699583,0.0214588446561208,0.000191656101545076,"Cethan Carter","CIN","TE",2020
"681","00-0034659",1379,0.00207541186128282,0.0218450136468508,0.000188673805571165,"Sharif Finch","NYJ","LB",2020
"682","00-0030228",306,0.00207528647246977,0.0203340127397275,0.000188662406588161,"A.J. Bouye","DEN","DB",2020
"683","00-0031426",495,0.00207449219138616,0.020991816599895,0.000188590199216924,"Joel Bitonio","CLE","OL",2020
"684","00-0032560",727,0.0020707112086207,0.0213961944209357,0.000188246473510973,"Charles Washington","ARI","DB",2020
"685","00-0035329",1673,0.00207004680092074,0.0222145567628134,0.000188186072810976,"Donald Parham","LAC","TE",2020
"686","00-0036188",1977,0.00206997099623086,0.0219031615536291,0.000188179181475532,"Antonio Williams","BUF","RB",2020
"687","00-0033952",1139,0.00205912527309856,0.0205376866338049,0.000187193206645324,"Grover Stewart","IND","DL",2020
"688","00-0034342",1247,0.00205254080097069,0.0216153278200161,0.000186594618270063,"Quenton Nelson","IND","OL",2020
"689","00-0035672",1801,0.00205226220104335,0.0217965728754861,0.000186569291003941,"Cody Barton","SEA","LB",2020
"690","00-0033571",1003,0.00204906186436052,0.0209145074249009,0.000186278351305502,"Matt Milano","BUF","LB",2020
"691","00-0032234",644,0.00202634732030517,0.0204250133974251,0.000184213392755015,"Laken Tomlinson","SF","OL",2020
"692","00-0031442",499,0.00202021257541215,0.0219838673374773,0.000183655688673832,"Taylor Lewan","TEN","OL",2020
"693","00-0029892",261,0.00201347049900032,0.0216919851560605,0.000183042772636393,"Kyle Juszczyk","SF","RB",2020
"694","00-0034457",1331,0.00201251438545046,0.0216075808911207,0.000182955853222769,"Josh Adams","NYJ","RB",2020
"695","00-0029869",258,0.00201021517341466,0.0214854504735252,0.000182746833946787,"Will Compton","TEN","LB",2020
"696","00-0035590",1750,0.0019901937948418,0.0222404125307269,0.000180926708621982,"Riley Ridley","CHI","WR",2020
"697","00-0031260",441,0.00198768896448452,0.0211464887917431,0.00018069899677132,"Logan Thomas","WAS","TE",2020
"698","00-0029061",181,0.00194518446017232,0.0221712134097787,0.000176834950924756,"Julian Stanford","CAR","LB",2020
"699","00-0033870",1074,0.00193590991894436,0.0228586404676766,0.000175991810813123,"Solomon Thomas","SF","DL",2020
"700","00-0032063",597,0.00193374789874649,0.0207179218730947,0.000175795263522408,"Mike Davis","CAR","RB",2020
"701","00-0035687",1813,0.00192400148451564,0.0214033276124764,0.000174909225865058,"Bobby Okereke","IND","LB",2020
"702","00-0036441",2196,0.00191743143639894,0.0210214815101839,0.00017431194876354,"Kenneth Murray","LAC","LB",2020
"703","00-0032768",764,0.00191263279575099,0.0212904060921169,0.000173875708704636,"Cody Whitehair","CHI","OL",2020
"704","00-0034386",1287,0.00190934664583627,0.02165211438426,0.000173576967803297,"Justin Watson","TB","WR",2020
"705","00-0035432",1714,0.00190891171418282,0.0223719566662225,0.000173537428562075,"Jason Moore","LAC","WR",2020
"706","00-0036217",1995,0.00190683874471584,0.0217448869547381,0.000173348976792349,"Blake Ferguson","MIA","LS",2020
"707","00-0035688",1814,0.00188312643261741,0.0215255021212547,0.000171193312056128,"Trey Pipkins","LAC","OL",2020
"708","00-0031170",421,0.00188133489959557,0.0227395952796278,0.000171030445417779,"Timmy Jernigan","JAX","DL",2020
"709","00-0033110",869,0.00187050420338585,0.0215623925594899,0.000170045836671441,"Tyler Higbee","LA","TE",2020
"710","00-0031017",391,0.00186587981524823,0.0219989519536436,0.000169625437749839,"Dakota Dozier","MIN","OL",2020
"711","00-0034265",1213,0.00186385908965821,0.0214848152424878,0.000169441735423474,"Anthony Averett","BAL","DB",2020
"712","00-0030059",274,0.00183904886222718,0.0216197698000828,0.000167186260202471,"Ezekiel Ansah","SF","DL",2020
"713","00-0032820",788,0.00183829616524733,0.0221755679114581,0.000167117833204303,"Terrance Smith","ARI","LB",2020
"714","00-0032780",772,0.00182625508189963,0.0219707447755603,0.000166023189263603,"Jordan Howard","PHI","RB",2020
"715","00-0029249",192,0.00182222161732278,0.0222793827611481,0.000165656510665708,"Melvin Ingram","LAC","DL",2020
"716","00-0035549",1744,0.00181344186433812,0.0214256199217742,0.000164858351303466,"Noah Dawkins","NYJ","LB",2020
"717","00-0034955",1500,0.00181336107002067,0.0216542867115928,0.000164851006365515,"Brett Rypien","DEN","QB",2020
"718","00-0033122",877,0.00181053291694699,0.021163697868345,0.000164593901540635,"Shilique Calhoun","NE","LB",2020
"719","00-0034436",1322,0.00180653212929803,0.0223386534995013,0.000164230193572548,"Will Clapp","NO","OL",2020
"720","00-0034275",1220,0.00180502936834964,0.0201525897981907,0.000164093578940876,"Folorunso Fatukasi","NYJ","DL",2020
"721","00-0033946",1133,0.00180203612555605,0.022557548394756,0.000163821465959641,"David Sharpe","WAS","OL",2020
"722","00-0033536",976,0.00179229278820895,0.0212403313038877,0.000162935708018995,"Mike Williams","LAC","WR",2020
"723","00-0035845",1865,0.00178424792842667,0.0226633865884924,0.000162204357129697,"Tyshun Render","MIA","DL",2020
"724","00-0026158",41,0.00177531096124065,0.0215785245776246,0.000161391905567332,"Joe Flacco","NYJ","QB",2020
"725","00-0032580",735,0.00177365398528214,0.0203932265818132,0.000161241271389286,"Jonathan Jones","NE","DB",2020
"726","00-0033911",1110,0.00176796499640219,0.022381536430993,0.000160724090582017,"Taywan Taylor","CLE","WR",2020
"727","00-0035298",1655,0.00176197978064021,0.0214289293603734,0.000160179980058201,"Scott Miller","TB","WR",2020
"728","00-0036244",2019,0.0017493644607503,0.0207066791029225,0.000159033132795482,"Colby Parkinson","SEA","TE",2020
"729","00-0033106",866,0.00174540059408987,0.0217210816546463,0.000158672781280897,"Jared Goff","LA","QB",2020
"730","00-0031763",550,0.00174164607887372,0.0213936588034546,0.000158331461715793,"DeAndre Carter","CHI","WR",2020
"731","00-0036260",2033,0.00172240592199487,0.0211281216987885,0.000156582356544988,"Javon Kinlaw","SF","DL",2020
"732","00-0034318",1236,0.00171978981590786,0.0222278299965357,0.000156344528718896,"Henry Mondeaux","PIT","DL",2020
"733","00-0035365",1687,0.00171581915807547,0.0215862190393984,0.000155983559825043,"Tae Hayes","MIN","DB",2020
"734","00-0031136",416,0.00170508418995767,0.022450798553927,0.000155007653632516,"Chris Boswell","PIT","K",2020
"735","00-0030538",347,0.00170472865884474,0.0221560443816441,0.000154975332622249,"Johnathan Cyprien","SF","DB",2020
"736","00-0035404",1701,0.00170096717753616,0.020946384583052,0.000154633379776015,"Porter Gustin","CLE","DL",2020
"737","00-0031411",493,0.00169531497579419,0.0215464903644275,0.000154119543254017,"Demarcus Lawrence","DAL","DL",2020
"738","00-0033838",1061,0.0016834293146092,0.0226342809568677,0.000153039028600836,"Trey Edmunds","PIT","RB",2020
"739","00-0031285",450,0.00167941148250056,0.0227211917754466,0.000152673771136415,"Devonta Freeman","BUF","RB",2020
"740","00-0032848",790,0.00167315478924664,0.0214545984620054,0.000152104980840603,"Kevin Peterson","ARI","DB",2020
"741","00-0034578",1360,0.00165368943827093,0.0218446810168708,0.000150335403479176,"Reggie Bonnafon","CAR","RB",2020
"742","00-0036327",2093,0.00165128626447251,0.0209789838089983,0.000150116933133865,"Ezra Cleveland","MIN","OL",2020
"743","00-0033526",971,0.00164879434152333,0.0202140725508724,0.000149890394683939,"Samaje Perine","CIN","RB",2020
"744","00-0036076",1931,0.00164443243508112,0.0224964913800709,0.000149493857734647,"Chauncey Rivers","BAL","DL",2020
"745","00-0031235",432,0.00164193133867388,0.0215811336026339,0.000149266485333989,"Odell Beckham","CLE","WR",2020
"746","00-0035774",1845,0.00163491782305796,0.0232417901061177,0.000148628893005269,"Delrick Abrams","ATL","DB",2020
"747","00-0033400",940,0.00163286446886302,0.0218266000615705,0.000148442224442092,"Matt Haack","MIA","P",2020
"748","00-0036164",1969,0.00161389632820338,0.0226112243014518,0.000146717848018489,"Cassh Maluia","NE","LB",2020
"749","00-0031384",483,0.00160790074781628,0.0216360624165981,0.000146172795256025,"Richard Rodgers","PHI","TE",2020
"750","00-0035322",1669,0.00160448753874383,0.0215179503061908,0.000145862503522166,"Nate Becker","BUF","TE",2020
"751","00-0033138",885,0.00159069937274044,0.0216368802398643,0.000144609033885494,"Sam Ficken","NYJ","K",2020
"752","00-0032241",647,0.00157854868001864,0.0207685106286107,0.00014350442545624,"Todd Gurley","ATL","RB",2020
"753","00-0032602",739,0.00157674532479724,0.0216372282990792,0.000143340484072477,"J.D. McKissic","WAS","RB",2020
"754","00-0032087",601,0.00156806789983934,0.0223013725827257,0.000142551627258122,"Josh Lambo","JAX","K",2020
"755","00-0027986",132,0.00155931184920987,0.0213525634391135,0.000141755622655443,"Stefen Wisniewski","KC","OL",2020
"756","00-0025630",35,0.00155902181255761,0.0216833895995654,0.000141729255687055,"Clark Harris","CIN","LS",2020
"757","00-0033994",1148,0.00154459674740823,0.0217271057330748,0.000140417886128021,"Fred Brown","DEN","WR",2020
"758","00-0034673",1383,0.00151662267838632,0.0214300460960373,0.000137874788944211,"Tremaine Edmunds","BUF","LB",2020
"759","00-0035757",1843,0.0015094995418386,0.0217578838919578,0.000137227231076237,"Jacob Bobenmoyer","DEN","LS",2020
"760","00-0032435",703,0.00150407644373622,0.0219816457108012,0.000136734222157838,"Anthony Zettel","NO","DL",2020
"761","00-0036288",2056,0.00149817726154739,0.0210757999633116,0.000136197932867945,"Yetur Gross-Matos","CAR","DL",2020
"762","00-0035189",1585,0.00148480272003906,0.0225272888369273,0.000134982065458096,"Matthew Wright","PIT","K",2020
"763","00-0033386",936,0.00148409233347786,0.0216177814611047,0.000134917484861623,"Cody Hollister","TEN","WR",2020
"764","00-0035696",1820,0.00147091894373502,0.0216147254733125,0.000133719903975911,"Duke Shelley","CHI","DB",2020
"765","00-0031779",552,0.00147089573048631,0.0214859954615528,0.000133717793680574,"B.J. Finney","CIN","OL",2020
"766","00-0035000",1533,0.00146867023031814,0.0229302745763854,0.000133515475483468,"Quinton Bell","TB","DL",2020
"767","00-0026968",58,0.00145655371691827,0.0218756466805073,0.000132413974265297,"Ryan Succop","TB","K",2020
"768","00-0027885",106,0.00144960513447121,0.0207914320378797,0.000131782284951928,"Linval Joseph","LAC","DL",2020
"769","00-0027872",102,0.00144832008238962,0.0219300033728161,0.00013166546203542,"Kareem Jackson","DEN","DB",2020
"770","00-0036116",1948,0.00143513487060835,0.0225524454671,0.000130466806418941,"Jameson Houston","PHI","DB",2020
"771","00-0032197",630,0.00143420196529859,0.0223656583634384,0.000130381996845327,"Randy Gregory","DAL","DL",2020
"772","00-0028908",173,0.00143279797786017,0.0206996346538557,0.000130254361623652,"Michael Thomas","HOU","DB",2020
"773","00-0031544",507,0.00142323290390474,0.0206872545971192,0.000129384809445885,"Amari Cooper","DAL","WR",2020
"774","00-0036002",1910,0.00141657779942376,0.021939026198637,0.000128779799947615,"Elijah Riley","PHI","DB",2020
"775","00-0035816",1853,0.00141255068065288,0.021793541042183,0.000128413698241171,"Niko Lalos","NYG","DL",2020
"776","00-0029316",204,0.00140709072663912,0.0213882828983609,0.000127917338785375,"Kelvin Beachum","ARI","OL",2020
"777","00-0036351",2115,0.00140683019623202,0.0215553967214495,0.000127893654202911,"James Smith-Williams","WAS","DL",2020
"778","00-0036139",1957,0.00140328609613293,0.0226864068102774,0.000127571463284811,"Rico Dowdle","DAL","RB",2020
"779","00-0034130",1171,0.00140067603822075,0.0226375324364722,0.000127334185292795,"Linden Stephens","SEA","DB",2020
"780","00-0035127",1558,0.00139362301574473,0.0225321749303008,0.000126693001431339,"Andre James","LV","OL",2020
"781","00-0028899",172,0.00138100815080098,0.021046712313617,0.000125546195527362,"Rodney McLeod","PHI","DB",2020
"782","00-0029284",200,0.0013763361986409,0.0217474493865969,0.000125121472603718,"Mike Daniels","CIN","DL",2020
"783","00-0035830",1857,0.00137296126151997,0.021953398913092,0.000124814660138179,"J.R. Reed","LA","DB",2020
"784","00-0034785",1434,0.001366796288589,0.0209809081479195,0.000124254208053546,"Mason Cole","ARI","OL",2020
"785","00-0030098",293,0.00136138976657648,0.0223192721433533,0.000123762706052408,"Dustin Hopkins","WAS","K",2020
"786","00-0034831",1463,0.00135304955238412,0.0210223119980618,0.000123004504762192,"Rasheem Green","SEA","DL",2020
"787","00-0034365",1268,0.00135299621586836,0.0217607313535384,0.000122999655988032,"Ian Thomas","CAR","TE",2020
"788","00-0035750",1840,0.00135206444757657,0.0218560933794117,0.000122914949779688,"Reggie Begelton","GB","WR",2020
"789","00-0033307",921,0.00134446406545651,0.0210979937837705,0.000122224005950592,"Kendrick Bourne","SF","WR",2020
"790","00-0032955",815,0.00133297633137866,0.0218568842547797,0.000121179666488969,"Kyler Fackrell","NYG","LB",2020
"791","00-0032248",651,0.00133075987573643,0.0216134728019005,0.000120978170521493,"Bryce Hager","NYJ","LB",2020
"792","00-0034420",1312,0.00132962414011336,0.0224765528846839,0.000120874921828487,"Jordan Thomas","IND","TE",2020
"793","00-0034310",1233,0.00130954323675782,0.0230242900680388,0.000119049385159802,"Craig James","PHI","DB",2020
"794","00-0036028",1917,0.001305515248524,0.0225596199974967,0.000118683204411273,"Francis Bernard","DAL","LB",2020
"795","00-0029329",205,0.00130542848015279,0.0227408351127486,0.000118675316377527,"Neiko Thorpe","SEA","DB",2020
"796","00-0027103",63,0.00130529368017639,0.0224005113076419,0.000118663061834217,"Kevin Huber","CIN","P",2020
"797","00-0035680",1807,0.00130472022402506,0.0217497915111762,0.000118610929456824,"Quincy Williams","JAX","LB",2020
"798","00-0033792",1057,0.00130236320637813,0.0223578494650785,0.000118396655125284,"Rudy Ford","PHI","DB",2020
"799","00-0034368",1271,0.00129983927303758,0.0205813109553587,0.00011816720663978,"Josey Jewell","DEN","LB",2020
"800","00-0035950",1893,0.00129905041523153,0.0209401077311108,0.000118095492293775,"Myles Hartsfield","CAR","DB",2020
"801","00-0035402",1699,0.00129088116531271,0.0210790016629809,0.000117352833210246,"Carl Granderson","NO","DL",2020
"802","00-0035409",1705,0.00128791360314348,0.0207283067889755,0.000117083054831225,"Shy Tuttle","NO","DL",2020
"803","00-0035897",1881,0.00127558678472225,0.0223071615323833,0.00011596243497475,"Asmar Bilal","LAC","LB",2020
"804","00-0030273",307,0.00127350267607401,0.0219787201618175,0.000115772970552182,"Lane Taylor","GB","OL",2020
"805","00-0035293",1653,0.00127237191207515,0.021959818446809,0.000115670173825014,"Xavier Crawford","CHI","DB",2020
"806","00-0029672",241,0.0012703004859766,0.020861246273174,0.000115481862361509,"Riley Reiff","MIN","OL",2020
"807","00-0032697",751,0.00126802005876051,0.021526958876172,0.00011527455079641,"Doug Middleton","JAX","DB",2020
"808","00-0036320",2086,0.00126411246234626,0.0224104131625806,0.000114919314758751,"Joseph Charlton","CAR","P",2020
"809","00-0034414",1307,0.00125965395681796,0.0211076633632713,0.00011451399607436,"Boston Scott","PHI","RB",2020
"810","00-0036280",2049,0.00125826966667159,0.0208358207896412,0.000114388151515599,"Malik Harrison","BAL","LB",2020
"811","00-0031556",516,0.00125467274738162,0.022318286314184,0.000114061158852874,"Nate Orchard","TEN","DL",2020
"812","00-0033997",1150,0.00125415418643804,0.0216689311970286,0.000114014016948913,"Brady Sheldon","NYJ","LB",2020
"813","00-0030663",367,0.00125284676766948,0.0223253726979114,0.000113895160697226,"Willie Snead","BAL","WR",2020
"814","00-0032107",606,0.00124743726887072,0.0205884676450109,0.000113403388079157,"Angelo Blackson","ARI","DL",2020
"815","00-0028924",174,0.00124291195727132,0.0208925219799707,0.000112991996115574,"Tashaun Gipson","CHI","DB",2020
"816","00-0035609",1758,0.00123664457964971,0.0220870851304267,0.00011242223451361,"Jake Gervase","LA","DB",2020
"817","00-0030107",294,0.0012362376253513,0.022500472679877,0.0001123852386683,"Theo Riddick","LV","RB",2020
"818","00-0036209",1990,0.00123422915839663,0.0227116219531384,0.00011220265076333,"Rashad Smith","PHI","LB",2020
"819","00-0028932",175,0.00122449554495372,0.0213754873435455,0.000111317776813975,"L.J. Fort","BAL","LB",2020
"820","00-0036309",2076,0.00122162734941408,0.0216585804621072,0.000111057031764917,"Darnell Mooney","CHI","WR",2020
"821","00-0034989",1525,0.00121508450128006,0.0219657413468108,0.000110462227389097,"Justin Skule","SF","OL",2020
"822","00-0032257",654,0.00121367546189825,0.0217168531599319,0.000110334132899841,"Duke Johnson","HOU","RB",2020
"823","00-0035006",1535,0.00120375501888479,0.0216605944049704,0.000109432274444072,"Olabisi Johnson","MIN","WR",2020
"824","00-0035245",1616,0.00120223745777167,0.0211827970898752,0.000109294314342879,"Max Scharping","HOU","OL",2020
"825","00-0034780",1431,0.00120073481772025,0.0207010614913191,0.000109157710701841,"Isaac Yiadom","NYG","DB",2020
"826","00-0035315",1664,0.00119829269773956,0.0214515487751888,0.000108935699794505,"Cortez Broughton","LAC","DL",2020
"827","00-0035415",1709,0.00119590849929262,0.0217201940194164,0.000108718954481148,"Nate Hall","HOU","LB",2020
"828","00-0029193",189,0.00119293529805841,0.0225906251083281,0.000108448663459856,"Bruce Irvin","SEA","LB",2020
"829","00-0032387",675,0.00119084731161446,0.0206657829575128,0.000108258846510405,"Jarran Reed","SEA","DL",2020
"830","00-0036404",2162,0.00118927167732866,0.0215746803005753,0.000108115607029878,"T.J. Brunson","NYG","LB",2020
"831","00-0031502",504,0.00118001538557608,0.0220820788111891,0.000107274125961461,"Jordan Berry","PIT","P",2020
"832","00-0034806",1450,0.00115702743353905,0.0208297986219749,0.000105184312139914,"Micah Kiser","LA","LB",2020
"833","00-0035924",1890,0.00112449197714438,0.0212236387493511,0.000102226543376762,"Jonathan Ward","ARI","RB",2020
"834","00-0033595",1016,0.00111978898353069,0.0210844463598404,0.00010179899850279,"Pat O'Connor","TB","DL",2020
"835","00-0032403",687,0.00111035670304171,0.0206122906795238,0.000100941518458337,"Juston Burris","CAR","DB",2020
"836","00-0030533",346,0.00111029073680888,0.0225559113783491,0.00010093552152808,"Matt Barkley","BUF","QB",2020
"837","00-0036433",2188,0.00109690452940075,0.0213466151864053,9.97185935818863e-05,"Tommy Stevens","CAR","QB",2020
"838","00-0034511",1346,0.0010957403811705,0.0211427887121136,9.96127619245912e-05,"Mike Love","BUF","DL",2020
"839","00-0027981",131,0.00109278867537616,0.0214112766651822,9.93444250341964e-05,"Kyle Rudolph","MIN","TE",2020
"840","00-0032566",728,0.00108537221191467,0.0215359282474353,9.86702010831516e-05,"Trevon Coley","NYJ","DL",2020
"841","00-0032443",707,0.00106884266328283,0.0211503761027805,9.71675148438938e-05,"Joey Hunt","IND","OL",2020
"842","00-0036203",1988,0.00106713221379976,0.0222303951263947,9.70120194363418e-05,"Keandre Jones","CIN","LB",2020
"843","00-0034860",1482,0.00106472986031436,0.0217606294468484,9.67936236649418e-05,"Dante Pettis","NYG","WR",2020
"844","00-0032110",608,0.00106409160893739,0.0226853909360969,9.67356008124896e-05,"Kyle Emanuel","HOU","LB",2020
"845","00-0033524",969,0.00106373563833322,0.0209383431813704,9.67032398484747e-05,"Kevin King","GB","DB",2020
"846","00-0035719",1837,0.00105981961317343,0.0219943875449866,9.63472375612211e-05,"Deebo Samuel","SF","WR",2020
"847","00-0033697",1030,0.00104286078497392,0.0215593420079069,9.48055259067202e-05,"Michael Davis","LAC","DB",2020
"848","00-0033435",947,0.00104037172970718,0.0212347136984053,9.4579248155198e-05,"Breon Borders","TEN","DB",2020
"849","00-0033376",933,0.00103779336330087,0.0210273931498867,9.43448512091701e-05,"Patrick Ricard","BAL","RB",2020
"850","00-0033779",1047,0.00103019562037812,0.0226466134363354,9.36541473071018e-05,"Dee Virgin","NE","DB",2020
"851","00-0026027",38,0.00102720009436959,0.022624712362757,9.33818267608718e-05,"J.J. Jansen","CAR","LS",2020
"852","00-0034266",1214,0.00101156405727657,0.0212022530030206,9.19603688433249e-05,"Kenny Young","LA","LB",2020
"853","00-0031337",462,0.00101128962860091,0.0222943783624943,9.19354207819012e-05,"Marcus Martin","NE","OL",2020
"854","00-0034248",1204,0.00100898842557338,0.0227035411266107,9.17262205066713e-05,"Elijah Campbell","NYJ","DB",2020
"855","00-0032134",613,0.00100005981691678,0.0230132120994314,9.0914528810616e-05,"C.J. Uzomah","CIN","TE",2020
"856","00-0028097",146,0.000999925484205003,0.0212888308377205,9.09023167459094e-05,"Lee Smith","BUF","TE",2020
"857","00-0035703",1826,0.000999815888613004,0.020692041907895,9.08923535102731e-05,"Miles Boykin","BAL","WR",2020
"858","00-0032934",805,0.000999071702913652,0.0224465716626507,9.08247002648775e-05,"Tony McRae","DET","DB",2020
"859","00-0034628",1371,0.000997284129637515,0.023745895151327,9.06621936034105e-05,"Jaryd Jones-Smith","LV","OL",2020
"860","00-0032222",641,0.000995376539337519,0.0211582870474139,9.04887763034108e-05,"D.J. Humphries","ARI","OL",2020
"861","00-0036090",1939,0.000995224429336184,0.0223812309971703,9.04749481214712e-05,"De'Jon Harris","GB","LB",2020
"862","00-0036276",2046,0.000987112048431946,0.021645650738367,8.97374589483587e-05,"Jacob Phillips","CLE","LB",2020
"863","00-0033490",963,0.000982409052680055,0.0215359447514897,8.9309913880005e-05,"Ben Braden","GB","OL",2020
"864","00-0035427",1712,0.000965420461579599,0.0226728027317854,8.77654965072362e-05,"Jeremy Cox","DEN","RB",2020
"865","00-0030561",352,0.000959882606332006,0.0218276168352498,8.72620551210915e-05,"Lane Johnson","PHI","OL",2020
"866","00-0033093",862,0.000957623869329631,0.0226938182643727,8.70567153936028e-05,"Jonathan Bullard","SEA","DL",2020
"867","00-0036118",1949,0.000951805370346337,0.0212162152625411,8.65277609405761e-05,"Jovante Moffatt","CLE","DB",2020
"868","00-0024417",29,0.000948905315762882,0.0226311918068571,8.62641196148075e-05,"Sam Koch","BAL","P",2020
"869","00-0035428",1713,0.000947904538585197,0.0213106459280364,8.61731398713815e-05,"Daniel Helm","SF","TE",2020
"870","00-0030585",364,0.000930939998339004,0.0210580204677949,8.46309089399094e-05,"Justin Pugh","ARI","OL",2020
"871","00-0031188",427,0.00092443996003652,0.0216404830126581,8.40399963669564e-05,"Bennett Jackson","NYJ","DB",2020
"872","00-0033245",896,0.000922448839083964,0.0222767386398337,8.38589853712695e-05,"Jake Eldrenkamp","IND","OL",2020
"873","00-0033057",846,0.000918841220669917,0.0215306613081048,8.35310200609015e-05,"Jack Conklin","CLE","OL",2020
"874","00-0034960",1505,0.000915458148984646,0.020583420542097,8.32234680895132e-05,"Jakobi Meyers","NE","WR",2020
"875","00-0031549",511,0.000912474897255736,0.0211108928818832,8.29522633868851e-05,"Nelson Agholor","LV","WR",2020
"876","00-0035895",1880,0.000905131081650653,0.0217141999996191,8.2284643786423e-05,"Joe Bachie","PHI","LB",2020
"877","00-0029963",266,0.000898092483121946,0.0226858661440471,8.16447711929042e-05,"Christopher Hubbard","CLE","OL",2020
"878","00-0036379",2139,0.000890492421188064,0.0215032320099694,8.09538564716422e-05,"Bradlee Anae","DAL","DL",2020
"879","00-0034956",1501,0.000890282704401419,0.0213115323076968,8.09347913092199e-05,"Josh Watson","DEN","LB",2020
"880","00-0035323",1670,0.00088410214305793,0.021842968167493,8.03729220961754e-05,"Beau Benzschawel","HOU","OL",2020
"881","00-0034836",1468,0.00087280060048502,0.0207446615883518,7.93455091350018e-05,"Braden Smith","IND","OL",2020
"882","00-0031545",508,0.000863063390930778,0.0223634664864309,7.84603082664343e-05,"Kevin White","SF","WR",2020
"883","00-0035802",1850,0.000853579448457414,0.0221748035309555,7.75981316779467e-05,"Darrion Daniels","SF","DL",2020
"884","00-0033572",1004,0.000840289095317631,0.0215413954852321,7.63899177561482e-05,"Jamal Agnew","DET","WR",2020
"885","00-0036435",2190,0.000835974702342554,0.0223734774413154,7.59977002129594e-05,"Raymond Calais","LA","RB",2020
"886","00-0035285",1645,0.000825275760199668,0.0229917471856494,7.50250691090607e-05,"Jordan Miller","SEA","DB",2020
"887","00-0029421",211,0.000823534236849767,0.0221274481778841,7.48667488045243e-05,"Randy Bullock","CIN","K",2020
"888","00-0027187",67,0.000819986206130605,0.0216079489402256,7.45442005573277e-05,"Matt Overton","TEN","LS",2020
"889","00-0035290",1650,0.000817630775787872,0.0210380854238156,7.43300705261702e-05,"Jaquan Johnson","BUF","DB",2020
"890","00-0033649",1024,0.000813441059744145,0.0220882710256166,7.39491872494677e-05,"Kai Nacua","SF","DB",2020
"891","00-0032778",771,0.000806008644366322,0.022078216633871,7.32735131242111e-05,"Tajae Sharpe","KC","WR",2020
"892","00-0034164",1184,0.000803204787960175,0.0216826917332037,7.30186170872887e-05,"Trenton Cannon","CAR","RB",2020
"893","00-0035044",1544,0.000799692551542724,0.0228526820639386,7.26993228675203e-05,"J.T. Hassell","NYJ","DB",2020
"894","00-0034652",1376,0.000795477301195975,0.0213768324290655,7.23161182905431e-05,"Cameron Batson","TEN","WR",2020
"895","00-0027796",92,0.00079325917164479,0.0224636441217964,7.21144701495263e-05,"Joe Webb","NYG","QB",2020
"896","00-0033592",1014,0.000784861468142818,0.021672321201401,7.1351042558438e-05,"Kyle Fuller","SEA","OL",2020
"897","00-0035120",1556,0.000780885531079875,0.0231595072648669,7.09895937345341e-05,"Keelan Doss","LV","WR",2020
"898","00-0026564",51,0.000779341493377284,0.0206756736698393,7.08492266706622e-05,"Steve McLendon","TB","DL",2020
"899","00-0032404",688,0.00077482741937746,0.022014641779159,7.04388563070418e-05,"Tyler Ervin","GB","RB",2020
"900","00-0036337",2103,0.000771302137694889,0.0224930888692731,7.01183761540808e-05,"James Lynch","MIN","DL",2020
"901","00-0036421",2177,0.000767308739605979,0.0222627072278298,6.97553399641799e-05,"Terrell Burgess","LA","DB",2020
"902","00-0030513",341,0.000747481949510362,0.0206859422606366,6.7952904500942e-05,"Latavius Murray","NO","RB",2020
"903","00-0032379",667,0.000747401954078531,0.0228120178420372,6.79456321889574e-05,"Eli Apple","CAR","DB",2020
"904","00-0028114",149,0.000743733282394559,0.0217669111709265,6.76121165813236e-05,"Dwayne Harris","CHI","WR",2020
"905","00-0035667",1796,0.000742252193916417,0.0219881489182536,6.74774721742197e-05,"Greg Gaines","LA","DL",2020
"906","00-0028946",176,0.000740801373512315,0.0211938125042416,6.73455794102105e-05,"Aaron Brewer","ARI","LS",2020
"907","00-0036311",2078,0.000740113669389594,0.0216473399944578,6.72830608535994e-05,"Bravvion Roy","CAR","DL",2020
"908","00-0034660",1380,0.000737808296764767,0.0225059162403677,6.70734815240697e-05,"Rico Gafford","LV","WR",2020
"909","00-0032567",729,0.000733667338493906,0.0207680153456398,6.66970307721733e-05,"Anthony Fabiano","CLE","OL",2020
"910","00-0034193",1194,0.000730669117709162,0.0229508458341894,6.64244652462875e-05,"Kevin Rader","PIT","TE",2020
"911","00-0035155",1576,0.000728532136754114,0.0214097835217471,6.6230194250374e-05,"Mark Fields","HOU","DB",2020
"912","00-0034867",1483,0.000724001080569354,0.022617586756639,6.58182800517594e-05,"Malik Turner","DAL","WR",2020
"913","00-0035657",1788,0.000723890990555047,0.0217361963918216,6.58082718686406e-05,"Damien Harris","NE","RB",2020
"914","00-0031045",397,0.000720067431534159,0.021127206643591,6.54606755940144e-05,"Carlos Hyde","SEA","RB",2020
"915","00-0033051",842,0.000715232008575632,0.0210603533452474,6.50210916886938e-05,"David Onyemata","NO","DL",2020
"916","00-0034929",1494,0.000712791853882502,0.0229918312170075,6.47992594438638e-05,"Quinn Bailey","DEN","OL",2020
"917","00-0033501",964,0.000705443697470307,0.0226427174145584,6.41312452245733e-05,"Devaroe Lawrence","WAS","DL",2020
"918","00-0036334",2100,0.000704932645454316,0.021811856077655,6.40847859503924e-05,"Saahdiq Charles","WAS","OL",2020
"919","00-0034167",1185,0.000696723316226883,0.021608057106379,6.3338483293353e-05,"Devante Downs","NYG","LB",2020
"920","00-0035219",1595,0.000695695615177017,0.0226828078262493,6.32450559251834e-05,"Isaiah Buggs","PIT","DL",2020
"921","00-0026143",40,0.000693472704290707,0.0210730776616982,6.3042973117337e-05,"Matt Ryan","ATL","QB",2020
"922","00-0033891",1093,0.000692933002050266,0.021030637790181,6.29939092772969e-05,"Zay Jones","LV","WR",2020
"923","00-0034909",1490,0.000691161324293188,0.021888835871854,6.28328476630171e-05,"Tristan Vizcaino","BUF","K",2020
"924","00-0033642",1023,0.000686671405483981,0.0228668116015349,6.24246732258164e-05,"B.J. Bello","LAC","LB",2020
"925","00-0030181",302,0.000682813488035771,0.0213383540339918,6.20739534577974e-05,"Jack Doyle","IND","TE",2020
"926","00-0035084",1548,0.000672214572384605,0.0227311176820474,6.11104156713277e-05,"Yosuah Nijman","GB","OL",2020
"927","00-0033546",985,0.000671844306925967,0.0214906525974294,6.10767551750879e-05,"Dalvin Tomlinson","NYG","DL",2020
"928","00-0035166",1580,0.000636932763223781,0.0213764495814063,5.79029784748892e-05,"Azeez Al-Shaair","SF","LB",2020
"929","00-0028787",168,0.000629998803501487,0.0228321317150897,5.72726185001352e-05,"Kai Forbath","LA","K",2020
"930","00-0031581",526,0.00062629224899493,0.0207767768801695,5.69356589995391e-05,"Mark Glowinski","IND","OL",2020
"931","00-0035518",1726,0.000621086970028126,0.0231455726260712,5.64624518207387e-05,"Braxton Hoyett","BAL","DL",2020
"932","00-0034184",1191,0.000614433532057087,0.0214667415090257,5.58575938233715e-05,"Gus Edwards","BAL","RB",2020
"933","00-0034347",1251,0.000594249555413215,0.0212004220575085,5.40226868557468e-05,"James Daniels","CHI","OL",2020
"934","00-0036050",1927,0.000593041806159376,0.0231774620955483,5.39128914690342e-05,"Benning Potoa'e","TB","DL",2020
"935","00-0036183",1975,0.000591646067970576,0.0224442702418888,5.37860061791433e-05,"Kristian Wilkerson","NE","WR",2020
"936","00-0035779",1846,0.00058750162321701,0.0236828677831025,5.34092384742736e-05,"Austin Edwards","KC","DL",2020
"937","00-0032520",721,0.000586048778260183,0.0221516558970669,5.32771616600166e-05,"Rashod Hill","MIN","OL",2020
"938","00-0029212",190,0.000583115743036667,0.0211849016920485,5.30105220942424e-05,"Tahir Whitehead","CAR","LB",2020
"939","00-0035444",1717,0.000577806175079954,0.0211299495441199,5.25278340981776e-05,"Jordan Kunaszyk","WAS","LB",2020
"940","00-0035669",1798,0.000574137938290445,0.0214302192707002,5.21943580264041e-05,"Nick Scott","LA","DB",2020
"941","00-0036458",2201,0.000571131328410529,0.0229061196861837,5.19210298555027e-05,"Hunter Niswander","DAL","P",2020
"942","00-0034229",1202,0.000570395868030536,0.0215061478945366,5.18541698209578e-05,"Dakoda Shepley","SF","OL",2020
"943","00-0034902",1488,0.00057031257064053,0.021503988924976,5.18465973309573e-05,"Sam Eguavoen","MIA","LB",2020
"944","00-0033336",926,0.000563739300077734,0.0214484160720614,5.1249027279794e-05,"Eric Wilson","MIN","LB",2020
"945","00-0035874",1875,0.000562705631656584,0.0216893270346172,5.11550574233258e-05,"Josiah Coatney","SF","DL",2020
"946","00-0036222",1999,0.000557626011292766,0.0214273259757068,5.06932737538879e-05,"Isaiah Rodgers","IND","DB",2020
"947","00-0035898",1882,0.000553943673382617,0.0233852014481626,5.03585157620561e-05,"Darius Bradwell","LAC","RB",2020
"948","00-0034121",1169,0.000551865187626265,0.0214217643062568,5.01695625114786e-05,"Tegray Scales","PIT","LB",2020
"949","00-0034171",1188,0.000551655724221682,0.020978140840228,5.01505203837893e-05,"Jason Cabinda","DET","LB",2020
"950","00-0035692",1816,0.000538853413447796,0.0210712599756096,4.89866739497997e-05,"Clelin Ferrell","LV","DL",2020
"951","00-0034684",1393,0.000531821888339285,0.0221648391937857,4.83474443944805e-05,"Johnny Townsend","BAL","P",2020
"952","00-0033111",870,0.000531779743559656,0.0221391805643138,4.83436130508778e-05,"Pharoh Cooper","CAR","WR",2020
"953","00-0034280",1224,0.000529613463221635,0.0216312536614953,4.81466784746941e-05,"Greg Senat","DAL","OL",2020
"954","00-0035832",1859,0.000526267747019159,0.021464496319337,4.78425224562872e-05,"Tre'Vour Wallace-Simms","JAX","OL",2020
"955","00-0029621",231,0.000524594023713947,0.0220314656007515,4.7690365792177e-05,"Greg Zuerlein","DAL","K",2020
"956","00-0033059",848,0.000517030527985558,0.0226895110247856,4.70027752714144e-05,"T.J. Green","ATL","DB",2020
"957","00-0033308",922,0.00051343991946789,0.0212082806574289,4.66763563152628e-05,"Matt Breida","MIA","RB",2020
"958","00-0035190",1586,0.00050367310051844,0.0224509189936262,4.57884636834945e-05,"A.J. Cole","LV","P",2020
"959","00-0032935",806,0.000501976380786943,0.0224830611095516,4.56342164351767e-05,"Johnny Holton","NYG","WR",2020
"960","00-0036434",2189,0.000488701970848134,0.0227619816407542,4.44274518952849e-05,"Chapelle Russell","TB","LB",2020
"961","00-0032424",699,0.000484847965732755,0.0222616860595026,4.40770877938868e-05,"D.J. Reader","CIN","DL",2020
"962","00-0036202",1987,0.000483169376414562,0.0219329918686455,4.39244887649602e-05,"Dieter Eiselen","CHI","OL",2020
"963","00-0035899",1883,0.000478789675371062,0.022169019906251,4.3526334124642e-05,"John Brannon","LAC","DB",2020
"964","00-0036364",2126,0.000473732515990779,0.0226737154754255,4.3066592362798e-05,"Lynn Bowden","MIA","WR",2020
"965","00-0034792",1439,0.000472006670436996,0.0216668430954356,4.29096973124542e-05,"Cornell Armstrong","HOU","DB",2020
"966","00-0035281",1642,0.000470040791887333,0.0216538085395356,4.27309810806666e-05,"Joe Jackson","CLE","DL",2020
"967","00-0032998",829,0.000467250242348685,0.0217797004948688,4.24772947589713e-05,"Jared Norris","WAS","LB",2020
"968","00-0036271",2042,0.000467088933875194,0.0217029467915594,4.24626303522904e-05,"Quez Watkins","PHI","WR",2020
"969","00-0027607",73,0.000458878827865739,0.0218550972775084,4.17162570787036e-05,"Ted Larsen","TB","OL",2020
"970","00-0036191",1979,0.000454795989278627,0.0222115663568486,4.13450899344207e-05,"Aaron Crawford","BAL","DL",2020
"971","00-0035400",1698,0.000453146970692296,0.0225262042898247,4.11951791538451e-05,"Keaton Sutherland","CIN","OL",2020
"972","00-0032319",661,0.000446312294670686,0.0222892827527587,4.05738449700623e-05,"Ross Travis","NYJ","TE",2020
"973","00-0030566",356,0.000444365816704775,0.0218606167245051,4.03968924277068e-05,"D.J. Swearinger","NO","DB",2020
"974","00-0036342",2108,0.000444199356723387,0.022527692513118,4.03817597021261e-05,"Keith Ismael","WAS","OL",2020
"975","00-0034432",1320,0.000443547106584296,0.022238985167153,4.0322464234936e-05,"Bo Scarbrough","SEA","RB",2020
"976","00-0034274",1219,0.000443482294285686,0.0227447327798934,4.03165722077896e-05,"Parry Nickerson","GB","DB",2020
"977","00-0036432",2187,0.000419302657636494,0.0221498845422356,3.81184234214995e-05,"Clay Johnston","CAR","LB",2020
"978","00-0030386",315,0.000417988045951623,0.0203854818714717,3.79989132683294e-05,"William Gholston","TB","DL",2020
"979","00-0030061",276,0.000411546086893123,0.0207782343603212,3.74132806266476e-05,"Zach Ertz","PHI","TE",2020
"980","00-0035860",1870,0.000405202198105881,0.0222998131081542,3.6836563464171e-05,"Tony Jones","NO","RB",2020
"981","00-0032409",691,0.000394146634792523,0.0225045568502864,3.58315122538658e-05,"Willie Henry","HOU","DL",2020
"982","00-0030066",280,0.000390640476705037,0.0219431543197524,3.55127706095488e-05,"Brian Winters","BUF","OL",2020
"983","00-0030063",278,0.000388573504387761,0.0208925834549982,3.5324864035251e-05,"Johnathan Hankins","LV","DL",2020
"984","00-0036011",1915,0.000382038976038861,0.0220793780838271,3.47308160035328e-05,"Bobby Price","DET","DB",2020
"985","00-0032789",779,0.000376636416843836,0.0217245068600315,3.42396742585305e-05,"Devante Bond","CHI","LB",2020
"986","00-0035277",1638,0.000368825574884061,0.0226061543745568,3.35295977167328e-05,"Michael Jackson","NE","DB",2020
"987","00-0022924",10,0.000364739541811078,0.0211980783192024,3.31581401646435e-05,"Ben Roethlisberger","PIT","QB",2020
"988","00-0035262",1627,0.00035642706045156,0.0222656990264498,3.24024600410509e-05,"Drue Tranquill","LAC","LB",2020
"989","00-0034421",1313,0.000350290451558308,0.0220647069050922,3.18445865053007e-05,"Peter Kalambayi","HOU","LB",2020
"990","00-0036114",1947,0.000345327154041521,0.0207934594085206,3.13933776401383e-05,"A.J. Green","CLE","DB",2020
"991","00-0036046",1926,0.000342321715088162,0.0228477942096004,3.11201559171056e-05,"Javon Hagan","TB","DB",2020
"992","00-0036109",1944,0.000331361675060611,0.0226581579933243,3.01237886418738e-05,"Elijah Benton","CLE","DB",2020
"993","00-0035958",1896,0.000326144202686936,0.0223738782431976,2.96494729715396e-05,"Sam Tecklenburg","CAR","OL",2020
"994","00-0033317",923,0.000311858096173351,0.0224859019844738,2.83507360157592e-05,"Erik Magnuson","LV","OL",2020
"995","00-0034957",1502,0.000311182813318201,0.0228078105198651,2.8289346665291e-05,"Calvin Anderson","DEN","OL",2020
"996","00-0035591",1751,0.000309222372222887,0.0205939404245412,2.81111247475352e-05,"Justin Hollins","LA","LB",2020
"997","00-0031806",559,0.000306693966720232,0.0211212235877543,2.78812697018393e-05,"Malcolm Brown","LA","RB",2020
"998","00-0035806",1851,0.000299464858213995,0.0219800764183003,2.72240780194541e-05,"Jamycal Hasty","SF","RB",2020
"999","00-0035130",1559,0.000297638278605176,0.0221264933594728,2.70580253277433e-05,"Dylan Mabin","MIN","DB",2020
"1000","00-0030050",273,0.000295356582861725,0.0225887237051943,2.6850598441975e-05,"Ray-Ray Armstrong","SEA","LB",2020
"1001","00-0030431",321,0.000285860407806359,0.0215686518261456,2.59873098005781e-05,"Robert Woods","LA","WR",2020
"1002","00-0034273",1218,0.000280125116408693,0.0228461692669066,2.54659196735175e-05,"Damion Ratley","HOU","WR",2020
"1003","00-0035143",1568,0.000273416515306698,0.0203795018426069,2.48560468460634e-05,"Ben Burr-Kirven","SEA","LB",2020
"1004","00-0035383",1692,0.0002724982526768,0.0220511198177995,2.47725684251637e-05,"Nate Herbig","PHI","OL",2020
"1005","00-0034612",1368,0.000270258643718109,0.0227911919803864,2.45689676107372e-05,"Demone Harris","KC","DL",2020
"1006","00-0033540",980,0.000255071282012286,0.0211645507759762,2.31882983647533e-05,"Takkarist McKinley","LV","DL",2020
"1007","00-0036456",2200,0.000254791950639303,0.021986673339318,2.3162904603573e-05,"Dominique Dafney","GB","TE",2020
"1008","00-0033461",954,0.000240760020714314,0.0211395906889235,2.18872746103922e-05,"Raekwon McMillan","LV","LB",2020
"1009","00-0036120",1950,0.000240327289001987,0.0233976588877514,2.1847935363817e-05,"Alex Taylor","CLE","OL",2020
"1010","00-0034161",1181,0.000229290772410869,0.0223958590383142,2.08446156737153e-05,"Daniel Carlson","LV","K",2020
"1011","00-0034384",1285,0.000224996000007158,0.0207226677186942,2.04541818188326e-05,"D.J. Reed","SEA","DB",2020
"1012","00-0032660",746,0.000224256731229656,0.0228056724602635,2.03869755663324e-05,"Brandin Bryant","BUF","DL",2020
"1013","00-0033949",1136,0.000210655358676134,0.021797599689191,1.91504871523758e-05,"Joshua Dobbs","PIT","QB",2020
"1014","00-0033410",943,0.000207351693072622,0.0212855388246752,1.88501539156929e-05,"Cole Luke","WAS","DB",2020
"1015","00-0027870",101,0.00020585172644073,0.0215015879165126,1.87137933127936e-05,"Maurkice Pouncey","PIT","OL",2020
"1016","00-0035995",1906,0.000204577403011903,0.0214391229826409,1.85979457283548e-05,"Grayland Arnold","PHI","DB",2020
"1017","00-0034297",1229,0.000198685700741178,0.0207355543429188,1.80623364310162e-05,"Byron Pringle","KC","WR",2020
"1018","00-0033151",887,0.000193837788586624,0.0216878840228403,1.76216171442385e-05,"Joshua Garnett","WAS","OL",2020
"1019","00-0035336",1675,0.000179574044214325,0.0229283280346336,1.63249131103931e-05,"Deion Calhoun","CIN","OL",2020
"1020","00-0034267",1215,0.000174772328590478,0.0225470554628494,1.58883935082253e-05,"Jaleel Scott","NYJ","WR",2020
"1021","00-0034253",1206,0.000170517382181912,0.0217821134781278,1.55015801983556e-05,"Dontrell Hilliard","HOU","RB",2020
"1022","00-0032259",655,0.000170364037508436,0.0214419938140277,1.54876397734942e-05,"Ereck Flowers","MIA","OL",2020
"1023","00-0034145",1175,0.000149457227015899,0.02254324063418,1.3587020637809e-05,"Chris Lammons","KC","DB",2020
"1024","00-0033704",1033,0.000144065967650727,0.0221805069105848,1.30969061500661e-05,"James Onwualu","LV","LB",2020
"1025","00-0034335",1243,0.000144028787508926,0.0227574236143163,1.30935261371751e-05,"Marcus Allen","PIT","LB",2020
"1026","00-0036126",1952,0.00014199780287609,0.021906581296549,1.29088911705536e-05,"Josh Nurse","JAX","DB",2020
"1027","00-0036459",2202,0.000132914774471889,0.023288792243737,1.20831613156262e-05,"Taylor Russolino","DEN","K",2020
"1028","00-0035103",1553,0.00013140027990558,0.0218208252145407,1.19454799914164e-05,"Otaro Alaka","BAL","LB",2020
"1029","00-0034415",1308,0.000129776848408114,0.0230885465529996,1.17978953098286e-05,"Jack Cichy","TB","LB",2020
"1030","00-0031548",510,0.000124063678111546,0.0210063152196372,1.12785161919587e-05,"Kevin Johnson","CLE","DB",2020
"1031","00-0035751",1841,0.000120779310720074,0.022459169803225,1.09799373381885e-05,"Derrick Moncrief","LA","LB",2020
"1032","00-0035613",1759,0.000103737304130268,0.0232120068395673,9.43066401184252e-06,"Matt Kaskey","CAR","OL",2020
"1033","00-0033635",1022,0.000103614988209722,0.0230883917226529,9.41954438270202e-06,"Isaiah Irving","ARI","LB",2020
"1034","00-0035538",1741,8.43926789903132e-05,0.0216510524259582,7.67206172639211e-06,"Emeke Egbule","LAC","LB",2020
"1035","00-0035141",1566,7.87174548138085e-05,0.0221130451021955,7.15613225580077e-06,"Phil Haynes","SEA","OL",2020
"1036","00-0030023",270,7.81969516516088e-05,0.0215717071780289,7.10881378650989e-06,"Jordan Dangerfield","PIT","DB",2020
"1037","00-0035625",1764,7.72554503933219e-05,0.0211380450648541,7.02322276302926e-06,"Juan Thornhill","KC","DB",2020
"1038","00-0036374",2134,7.26106449126886e-05,0.0211695432154032,6.60096771933533e-06,"L'Jarius Sneed","KC","DB",2020
"1039","00-0030151",299,6.73122669720699e-05,0.0228252521298603,6.1192969974609e-06,"Tyler Bray","CHI","QB",2020
"1040","00-0032649",744,6.16925432141338e-05,0.0232156739788922,5.60841301946671e-06,"Brian Price","GB","DL",2020
"1041","00-0035789",1848,6.12069117185191e-05,0.0222927098831946,5.56426470168356e-06,"Chris Rowland","ATL","WR",2020
"1042","00-0035533",1737,5.93133897840346e-05,0.0215856213970415,5.39212634400315e-06,"Ryan Connelly","MIN","LB",2020
"1043","00-0022824",8,5.76672510712823e-05,0.0216275468365892,5.24247737011658e-06,"Andy Lee","ARI","P",2020
"1044","00-0034662",1381,5.75719488522859e-05,0.0222609333182787,5.23381353202599e-06,"Joshua Kalu","TEN","DB",2020
"1045","00-0026997",60,5.60849112963617e-05,0.0202536715293281,5.09862829966925e-06,"Alex Mack","ATL","OL",2020
"1046","00-0034653",1377,5.15463205128525e-05,0.0224646783160602,4.68602913753204e-06,"Deontay Burnett","PHI","WR",2020
"1047","00-0034372",1274,4.27566974816862e-05,0.0220611458337269,3.88697249833511e-06,"Joel Iyiegbuniwe","CHI","LB",2020
"1048","00-0036230",2006,4.21638664344373e-05,0.0224190954533074,3.83307876676703e-06,"Prince Tega Wanogho","KC","OL",2020
"1049","00-0031288",451,3.96397845400275e-05,0.0224087004034084,3.60361677636613e-06,"AJ McCarron","HOU","QB",2020
"1050","00-0033960",1143,3.6101651664331e-05,0.0217255829454177,3.281968333121e-06,"Danny Isidora","PIT","OL",2020
"1051","00-0035339",1676,3.14595535597341e-05,0.0220232859239848,2.85995941452128e-06,"Montre Hartage","NYG","DB",2020
"1052","00-0036234",2010,3.03576687410755e-05,0.0237033630966167,2.7597880673705e-06,"Logan Stenberg","DET","OL",2020
"1053","00-0032486",716,2.6051075852201e-05,0.022092264618862,2.36827962292737e-06,"Kameron Canaday","PIT","LS",2020
"1054","00-0033594",1015,1.33419997188226e-05,0.0209110471158917,1.21290906534751e-06,"Chris Carson","SEA","RB",2020
"1055","00-0032141",615,7.80921606925638e-06,0.0213429782316266,7.09928733568762e-07,"Geoff Swaim","TEN","TE",2020
"1056","00-0032244",650,7.0845616039451e-06,0.0223131030896852,6.440510549041e-07,"Jamon Brown","PHI","OL",2020
"1057","00-0034255",1207,7.00520659186468e-06,0.0215503981852238,6.36836962896789e-07,"Montrel Meander","CLE","DB",2020
"1058","00-0032517",719,3.95978654910635e-06,0.0223909247631757,3.59980595373304e-07,"Briean Boddy-Calhoun","SF","DB",2020
"1059","00-0035844",1864,3.18353945119361e-06,0.0223514335971018,2.89412677381237e-07,"Kirk Merritt","MIA","WR",2020
"1060","00-0035108",1554,1.66828583594539e-06,0.0215420519155643,1.51662348722308e-07,"Nate Meadors","JAX","DB",2020
"1061","00-0035536",1739,5.00517812170999e-07,0.0221531507288279,4.55016192882727e-08,"Lamont Gaillard","ARI","OL",2020
"1062","00-0036328",2094,-6.26640088766297e-07,0.0203046890467424,-5.69672807969361e-08,"Antonio Gibson","WAS","RB",2020
"1063","00-0031923",570,-4.16664534256581e-06,0.0209508602153053,-3.78785940233255e-07,"Greg Mancz","BAL","OL",2020
"1064","00-0035192",1587,-5.6328831862173e-06,0.0216644422474888,-5.12080289656118e-07,"Joey Slye","CAR","K",2020
"1065","00-0036045",1925,-9.80662850831262e-06,0.0216158664755758,-8.91511682573874e-07,"Cam Gill","TB","LB",2020
"1066","00-0036369",2129,-2.12837674531648e-05,0.0205892409469152,-1.93488795028771e-06,"John Simpson","LV","OL",2020
"1067","00-0034987",1523,-2.43167884264465e-05,0.0215091343721446,-2.21061712967696e-06,"E.J. Speed","IND","LB",2020
"1068","00-0031928",571,-2.59116270608181e-05,0.0233808193966531,-2.35560246007437e-06,"Chad Slade","NYG","OL",2020
"1069","00-0035320",1668,-3.03676263722925e-05,0.0225370612415974,-2.76069330657205e-06,"Caleb Wilson","PHI","TE",2020
"1070","00-0032782",774,-3.15083104722971e-05,0.0224175332542608,-2.86439186111792e-06,"Wendell Smallwood","PIT","RB",2020
"1071","00-0027869",100,-3.40876135632953e-05,0.0204959253896937,-3.09887396029957e-06,"Mike Iupati","SEA","OL",2020
"1072","00-0032192",628,-3.80119670523814e-05,0.0225001456152518,-3.45563336839831e-06,"Daniel Munyer","TEN","OL",2020
"1073","00-0035717",1835,-4.03176571447018e-05,0.0221577078403033,-3.66524155860925e-06,"Nick Bosa","SF","DL",2020
"1074","00-0033284",908,-4.06536212312941e-05,0.021451077173472,-3.69578374829946e-06,"Taylor Moton","CAR","OL",2020
"1075","00-0035442",1716,-4.48310562853566e-05,0.0221618569248447,-4.07555057139605e-06,"Elijah Holyfield","PHI","RB",2020
"1076","00-0035539",1742,-4.87635065174972e-05,0.0224664833929494,-4.4330460470452e-06,"Isaac Nauta","GB","TE",2020
"1077","00-0035276",1637,-5.29557467967189e-05,0.0226682823421734,-4.81415879970172e-06,"Blake Cashman","NYJ","LB",2020
"1078","00-0034407",1304,-5.41852018047301e-05,0.0204435426786417,-4.92592743679365e-06,"Ray-Ray McCloud","PIT","WR",2020
"1079","00-0035868",1873,-5.45592557171838e-05,0.0218384621520425,-4.9599323379258e-06,"Javon Leake","WAS","RB",2020
"1080","00-0035838",1862,-6.58652866576233e-05,0.0224834737942764,-5.98775333251121e-06,"Matt Cole","SF","WR",2020
"1081","00-0035247",1618,-7.00293463369438e-05,0.0207644644494333,-6.36630421244944e-06,"Trysten Hill","DAL","DL",2020
"1082","00-0036387",2145,-7.04970763798241e-05,0.0206718202906239,-6.40882512543856e-06,"Jalen Reagor","PHI","WR",2020
"1083","00-0030089",288,-7.2786884328106e-05,0.021529205075375,-6.61698948437327e-06,"Luke Willson","SEA","TE",2020
"1084","00-0030070",283,-8.27884147287046e-05,0.0217911342964392,-7.52621952079133e-06,"John Jenkins","CHI","DL",2020
"1085","00-0031636",544,-9.20427815512115e-05,0.0219821005384765,-8.36752559556469e-06,"Justin Hamilton","DAL","DL",2020
"1086","00-0036315",2082,-9.40453779397058e-05,0.0212441056699884,-8.54957981270053e-06,"Stantley Thomas-Oliver","CAR","DB",2020
"1087","00-0034772",1425,-9.74604154557635e-05,0.0213862208461634,-8.86003776870577e-06,"Antonio Callaway","KC","WR",2020
"1088","00-0035976",1902,-9.79738848865274e-05,0.0221158426923513,-8.90671680786612e-06,"Dan Chisena","MIN","WR",2020
"1089","00-0032641",743,-9.99811199164072e-05,0.0232865131228058,-9.08919271967338e-06,"Donte Deayon","LA","DB",2020
"1090","00-0033920",1116,-0.000102578937821739,0.0216714000619373,-9.32535798379444e-06,"Derek Rivers","LA","DL",2020
"1091","00-0033752",1042,-0.000113531490538298,0.0202188130548684,-1.03210445943908e-05,"Storm Norton","LAC","OL",2020
"1092","00-0034339",1246,-0.000113789653884143,0.0223861327819443,-1.03445139894675e-05,"Trey Quinn","JAX","WR",2020
"1093","00-0035350",1681,-0.000115807748069708,0.0212964199419857,-1.05279770972462e-05,"Preston Williams","MIA","WR",2020
"1094","00-0036131",1954,-0.000119171307375558,0.0206130476868261,-1.08337552159598e-05,"Solomon Kindley","MIA","OL",2020
"1095","00-0033531",974,-0.00012661028608899,0.0219951129757184,-1.151002600809e-05,"Colin Holba","LA","LS",2020
"1096","00-0034559",1356,-0.000132995833519916,0.0213388469016953,-1.20905303199924e-05,"Austin Larkin","CAR","DL",2020
"1097","00-0035146",1571,-0.000134785737809355,0.022775249238272,-1.22532488917595e-05,"Trace McSorley","BAL","QB",2020
"1098","00-0035912",1888,-0.000135374386024458,0.022032974909308,-1.23067623658598e-05,"LeVante Bellamy","DEN","RB",2020
"1099","00-0032009",587,-0.000137085568342087,0.022766450507655,-1.24623243947352e-05,"Adam Humphries","TEN","WR",2020
"1100","00-0034842",1471,-0.000137207612659673,0.0210415368534276,-1.24734193326975e-05,"Taven Bryan","JAX","DL",2020
"1101","00-0034726",1399,-0.000149981889595352,0.0224080539940107,-1.36347172359411e-05,"Dallin Leavitt","LV","DB",2020
"1102","00-0035145",1570,-0.000150257626202951,0.0224614220271901,-1.36597842002683e-05,"Austin Seibert","CIN","K",2020
"1103","00-0034921",1492,-0.000160023100470202,0.0210937217956714,-1.45475545882002e-05,"Elliott Fry","ATL","K",2020
"1104","00-0032890",798,-0.000161472910149561,0.0216122846540478,-1.46793554681419e-05,"James Bradberry","NYG","DB",2020
"1105","00-0034375",1277,-0.000162733563469091,0.0214812272580994,-1.47939603153719e-05,"Kyzir White","LAC","LB",2020
"1106","00-0032786",777,-0.000164448029773656,0.0215358141460087,-1.49498208885142e-05,"Marqui Christian","CHI","DB",2020
"1107","00-0034456",1330,-0.000165213823330362,0.0229070501545913,-1.50194384845784e-05,"David Steinmetz","WAS","OL",2020
"1108","00-0036241",2017,-0.000172582619661044,0.0211645288278097,-1.56893290600949e-05,"Bryce Hall","NYJ","DB",2020
"1109","00-0024061",23,-0.000172724902571044,0.0218192276776431,-1.57022638700949e-05,"Tramon Williams","GB","DB",2020
"1110","00-0030094",291,-0.000175901300935585,0.0225675943147168,-1.59910273577804e-05,"Eric Kush","CHI","OL",2020
"1111","00-0034198",1195,-0.000177912403324307,0.02267233987138,-1.61738548476643e-05,"Trent Sieg","LV","LS",2020
"1112","00-0034974",1513,-0.000180420162466153,0.0206847246385513,-1.64018329514685e-05,"Julian Love","NYG","DB",2020
"1113","00-0034988",1524,-0.000186340714764068,0.0211543140282801,-1.69400649785517e-05,"Kaden Smith","NYG","TE",2020
"1114","00-0034258",1208,-0.000188153892920652,0.0215582660135031,-1.71048993564229e-05,"Derrick Willies","CLE","WR",2020
"1115","00-0034764",1420,-0.000188682245966028,0.0203043209123595,-1.71529314514571e-05,"Michael Gallup","DAL","WR",2020
"1116","00-0035462",1720,-0.000190309338436408,0.0214812221398162,-1.73008489487643e-05,"Walter Palmore","DAL","DL",2020
"1117","00-0035636",1771,-0.000193422745942485,0.0213832185050582,-1.75838859947714e-05,"L.J. Collier","SEA","DL",2020
"1118","00-0033734",1039,-0.000210678465310903,0.0211225152727993,-1.91525877555367e-05,"Jamal Perry","MIA","DB",2020
"1119","00-0036407",2164,-0.000211253683811051,0.0209019568924069,-1.92048803464592e-05,"Jerry Jeudy","DEN","WR",2020
"1120","00-0033928",1122,-0.000215964444667085,0.0209647990186902,-1.96331313333714e-05,"Jourdan Lewis","DAL","DB",2020
"1121","00-0035660",1790,-0.000218157386119243,0.0216334251823744,-1.98324896472039e-05,"Kahale Warring","HOU","TE",2020
"1122","00-0035714",1834,-0.000218931365569565,0.0228535157673765,-1.9902851415415e-05,"Mazzi Wilkins","TB","DB",2020
"1123","00-0035318",1666,-0.000226185368878859,0.0222980024432397,-2.05623062617144e-05,"Ken Webster","SF","DB",2020
"1124","00-0023853",22,-0.000227281050903504,0.0226280842455625,-2.06619137185004e-05,"Matt Prater","DET","K",2020
"1125","00-0036270",2041,-0.000231619655846421,0.0216856677289311,-2.10563323496746e-05,"Kamal Martin","GB","LB",2020
"1126","00-0035406",1702,-0.000239327112103884,0.0217193893511405,-2.17570101912622e-05,"Lil'Jordan Humphrey","NO","WR",2020
"1127","00-0032881",795,-0.000241754843197993,0.0225557659234345,-2.19777130179994e-05,"Tommylee Lewis","NO","WR",2020
"1128","00-0033951",1138,-0.000245558884146288,0.0224510014729802,-2.23235349223898e-05,"Marlon Mack","IND","RB",2020
"1129","00-0029762",254,-0.000246023113382615,0.0226396662568314,-2.23657375802378e-05,"John Wetzel","ATL","OL",2020
"1130","00-0034641",1374,-0.0002475967703189,0.0228428123801936,-2.25087973017182e-05,"Chris Jones","MIN","DB",2020
"1131","00-0033897",1099,-0.000251435409582621,0.0219876540542179,-2.2857764507511e-05,"Joe Mixon","CIN","RB",2020
"1132","00-0036033",1920,-0.000251490342960923,0.0218894499199874,-2.2862758450993e-05,"Sewo Olonilua","DAL","RB",2020
"1133","00-0036058",1928,-0.000253055437571452,0.0224668130252848,-2.30050397792229e-05,"Cedrick Lattimore","SEA","DL",2020
"1134","00-0029409",206,-0.000253245976080598,0.02209633264947,-2.30223614618725e-05,"Mychal Kendricks","WAS","LB",2020
"1135","00-0035005",1534,-0.00026313814643759,0.0224715217080453,-2.39216496761446e-05,"Javon Patterson","CLE","OL",2020
"1136","00-0035485",1722,-0.000266040452282367,0.0227913661071089,-2.41854956620334e-05,"Nate Brooks","BAL","DB",2020
"1137","00-0033505",966,-0.000269430355546396,0.0229599951028033,-2.4493668686036e-05,"Cameron Tom","NO","OL",2020
"1138","00-0036396",2154,-0.000279058964539791,0.0211924428989425,-2.53689967763446e-05,"Jack Driscoll","PHI","OL",2020
"1139","00-0027061",62,-0.000281688428138724,0.0211580540142152,-2.56080389217022e-05,"Jared Cook","NO","TE",2020
"1140","00-0035358",1685,-0.000285607867292518,0.0219370496559858,-2.59643515720471e-05,"Chase McLaughlin","NYJ","K",2020
"1141","00-0034428",1316,-0.000295485889843739,0.0214729636232758,-2.68623536221581e-05,"Leon Jacobs","JAX","LB",2020
"1142","00-0034336",1244,-0.000301238930808746,0.0215313304455632,-2.73853573462497e-05,"Shaun Dion Hamilton","WAS","LB",2020
"1143","00-0027609",74,-0.000302981929210742,0.0224866211231209,-2.75438117464311e-05,"J'Marcus Webb","IND","OL",2020
"1144","00-0035025",1539,-0.000311424155761791,0.0227064781673936,-2.83112868874356e-05,"Hale Hentges","MIN","TE",2020
"1145","00-0034125",1170,-0.000316974022648179,0.0216368046063202,-2.88158202407435e-05,"Kendal Vickers","LV","DL",2020
"1146","00-0035274",1636,-0.000319524757187454,0.022629322482956,-2.90477051988594e-05,"Ross Pierschbacher","PHI","OL",2020
"1147","00-0034782",1433,-0.000323019700696241,0.0209210234142184,-2.93654273360219e-05,"Harrison Phillips","BUF","DL",2020
"1148","00-0032381",669,-0.000323039209083946,0.0211149650954068,-2.93672008258132e-05,"Taylor Decker","DET","OL",2020
"1149","00-0035282",1643,-0.000333516179733324,0.0218411820529272,-3.03196527030295e-05,"Easton Stick","LAC","QB",2020
"1150","00-0030565",355,-0.000336059176554799,0.0216085619127225,-3.05508342322544e-05,"Geno Smith","SEA","QB",2020
"1151","00-0032772",767,-0.000337351056218546,0.0210282700470354,-3.06682778380497e-05,"Ryan Smith","TB","DB",2020
"1152","00-0034118",1168,-0.0003386073893541,0.0226514189404426,-3.07824899412818e-05,"Patrick Morris","DEN","OL",2020
"1153","00-0030448",325,-0.000346726960852526,0.0225159966245015,-3.15206328047751e-05,"Kawann Short","CAR","DL",2020
"1154","00-0029215",191,-0.000349258218045603,0.0226625244891492,-3.17507470950548e-05,"George Iloka","MIN","DB",2020
"1155","00-0031152",418,-0.000356869307254885,0.0231633965377659,-3.24426642958986e-05,"Bryan Witzmann","KC","OL",2020
"1156","00-0035567",1746,-0.000360794621946105,0.0229529974585705,-3.27995110860096e-05,"Craig Reynolds","JAX","RB",2020
"1157","00-0030161",301,-0.000367889957934062,0.0215083710638205,-3.34445416303693e-05,"Bradley McDougald","NYJ","DB",2020
"1158","00-0035284",1644,-0.000368858744566135,0.0211418087285862,-3.35326131423759e-05,"D'Andre Walker","SEA","LB",2020
"1159","00-0035903",1885,-0.000368944418340561,0.0233471679395442,-3.35404016673238e-05,"Joe Gaziano","LAC","DL",2020
"1160","00-0031263",443,-0.000375736332583904,0.0212679235359837,-3.41578484167186e-05,"Avery Williamson","PIT","LB",2020
"1161","00-0036228",2004,-0.000378345205685686,0.021936901339651,-3.43950186986988e-05,"Dezmon Patmon","IND","WR",2020
"1162","00-0032436",704,-0.000382984386597233,0.0215223375837299,-3.48167624179302e-05,"Jeff Driskel","DEN","QB",2020
"1163","00-0030549",349,-0.000386515684625746,0.0213189218357807,-3.51377895114315e-05,"Tyler Eifert","JAX","TE",2020
"1164","00-0035992",1904,-0.000390326074053499,0.0221323081338344,-3.54841885503181e-05,"Trystan Colon-Castillo","BAL","OL",2020
"1165","00-0033770",1046,-0.000392342115657067,0.0209499143864007,-3.56674650597333e-05,"Justin Hardee","NO","DB",2020
"1166","00-0034262",1210,-0.000394163178272375,0.0206643161818264,-3.58330162065796e-05,"P.J. Hall","HOU","DL",2020
"1167","00-0034362",1265,-0.000394824736439723,0.0227279839367274,-3.58931578581566e-05,"Rashaan Gaulden","LV","DB",2020
"1168","00-0032480",715,-0.000400442482068169,0.0216702668026187,-3.64038620061972e-05,"Eddie Yarbrough","MIN","DL",2020
"1169","00-0028063",141,-0.0004004933031744,0.0208421349809851,-3.64084821067637e-05,"Taiwan Jones","BUF","RB",2020
"1170","00-0033463",956,-0.000402813531662727,0.0217344829269618,-3.66194119693388e-05,"Carl Lawson","CIN","DL",2020
"1171","00-0034378",1280,-0.000412550680190496,0.0222089563548334,-3.75046072900451e-05,"Ito Smith","ATL","RB",2020
"1172","00-0034533",1353,-0.000415747802505517,0.0227825622465492,-3.77952547732288e-05,"Trayvon Henderson","CIN","DB",2020
"1173","00-0029984",267,-0.000421536624979237,0.0231287969168716,-3.83215113617489e-05,"Ryan Allen","IND","P",2020
"1174","00-0036372",2132,-0.00042279062743546,0.022178547024383,-3.84355115850418e-05,"Reggie Robinson","DAL","DB",2020
"1175","00-0034984",1522,-0.000422794549126148,0.0201207433286735,-3.84358681023771e-05,"Kingsley Keke","GB","DL",2020
"1176","00-0034204",1197,-0.000425505805512066,0.0206251737005587,-3.86823459556424e-05,"Olasunkanmi Adeniyi","PIT","LB",2020
"1177","00-0026197",45,-0.000425696069045455,0.0215989341331713,-3.86996426404959e-05,"Chad Henne","KC","QB",2020
"1178","00-0030382",313,-0.000425852195530043,0.0223100318859065,-3.87138359572766e-05,"Kevin Minter","TB","LB",2020
"1179","00-0034571",1357,-0.000427578507536986,0.0209763429277873,-3.88707734124533e-05,"Trenton Scott","CAR","OL",2020
"1180","00-0033787",1053,-0.000427759300652586,0.0220228103769966,-3.8887209150235e-05,"Jake Elliott","PHI","K",2020
"1181","00-0035341",1677,-0.000433929678684077,0.0223520198877184,-3.94481526076434e-05,"Trenton Irwin","CIN","WR",2020
"1182","00-0034798",1443,-0.000438166406423921,0.0212694630488249,-3.98333096749019e-05,"Durham Smythe","MIA","TE",2020
"1183","00-0034430",1318,-0.000456617415624306,0.0218812664685296,-4.15106741476641e-05,"Andre Smith","BUF","LB",2020
"1184","00-0032769",765,-0.000463314982108621,0.0216156794805368,-4.21195438280565e-05,"Brandon Williams","HOU","DB",2020
"1185","00-0032958",817,-0.000464234712472999,0.0213751038798442,-4.22031556793635e-05,"Will Parks","DEN","DB",2020
"1186","00-0034325",1239,-0.000468978430798388,0.0207116470601215,-4.26344027998535e-05,"Taylor Stallworth","IND","DL",2020
"1187","00-0033414",944,-0.000470293275567923,0.0219549822106182,-4.27539341425385e-05,"Eric Smith","DAL","OL",2020
"1188","00-0035436",1715,-0.00047106720366691,0.0224014055924734,-4.28242912424463e-05,"Matt Sokol","LAC","TE",2020
"1189","00-0035693",1817,-0.00047274325652071,0.0217524800284117,-4.29766596837009e-05,"Johnathan Abram","LV","DB",2020
"1190","00-0033298",917,-0.0004825788938378,0.0221520223517998,-4.38708085307091e-05,"Pita Taumoepenu","ATL","LB",2020
"1191","00-0030829",380,-0.000482914572470627,0.0214120305977217,-4.3901324770057e-05,"Josh Wells","TB","OL",2020
"1192","00-0035743",1839,-0.000483471780125579,0.0225385751980026,-4.39519800114163e-05,"Brett Toth","PHI","OL",2020
"1193","00-0026189",43,-0.000487666854065836,0.0206818047887804,-4.43333503696214e-05,"DeSean Jackson","PHI","WR",2020
"1194","00-0029653",238,-0.000493339415153129,0.0207902285097948,-4.48490377411935e-05,"Fletcher Cox","PHI","DL",2020
"1195","00-0031598",535,-0.000494785073566397,0.0224418557528631,-4.49804612333088e-05,"Nick Boyle","BAL","TE",2020
"1196","00-0036255",2030,-0.000495497008764661,0.0221107767004072,-4.50451826149692e-05,"Denzel Mims","NYJ","WR",2020
"1197","00-0033296",915,-0.000496523665534398,0.0212117954771591,-4.51385150485816e-05,"Alex Armah","CAR","RB",2020
"1198","00-0035529",1733,-0.000499499143014185,0.0216236194824441,-4.54090130012896e-05,"Hakeem Butler","PHI","TE",2020
"1199","00-0031366",475,-0.000503436024455479,0.0218551612011143,-4.57669113141345e-05,"Deone Bucannon","TB","LB",2020
"1200","00-0035602",1756,-0.000510957656446595,0.0227015638542666,-4.64506960405996e-05,"Alex Bachman","NYG","WR",2020
"1201","00-0034208",1199,-0.000512482074226288,0.0217913072265991,-4.65892794751171e-05,"Mike Boone","MIN","RB",2020
"1202","00-0034320",1238,-0.000515351244342601,0.0202309310136997,-4.68501131220546e-05,"Kentavius Street","SF","DL",2020
"1203","00-0035833",1860,-0.000517340680044337,0.0223218929947287,-4.70309709131215e-05,"Brandon Wright","LA","P",2020
"1204","00-0025396",31,-0.000518043203622146,0.0224270075054793,-4.70948366929224e-05,"Ted Ginn","CHI","WR",2020
"1205","00-0032875",793,-0.000519319347535892,0.0214655296554686,-4.72108497759902e-05,"Ken Crawley","NO","DB",2020
"1206","00-0034394",1295,-0.000525599897742616,0.0227414625592123,-4.77818088856923e-05,"Andrew Brown","HOU","DL",2020
"1207","00-0033050",841,-0.000528754650745411,0.0222118400367472,-4.80686046132192e-05,"Xavien Howard","MIA","DB",2020
"1208","00-0032835",789,-0.000543227770565874,0.0220234692088527,-4.93843427787158e-05,"Jon Brown","JAX","K",2020
"1209","00-0032578",734,-0.000548059796962046,0.0225864713560847,-4.98236179056405e-05,"Woodrow Hamilton","CAR","DL",2020
"1210","00-0036296",2064,-0.000553727564370753,0.0216034897571974,-5.03388694882503e-05,"Jabari Zuniga","NYJ","DL",2020
"1211","00-0035639",1773,-0.00055545729619839,0.0223387862341826,-5.04961178362173e-05,"Parris Campbell","IND","WR",2020
"1212","00-0029592",224,-0.000559595103827066,0.0209418697448536,-5.08722821660969e-05,"Kevin Zeitler","NYG","OL",2020
"1213","00-0036111",1946,-0.000564068902707847,0.0222219423656666,-5.12789911552588e-05,"Tony Brown","WAS","WR",2020
"1214","00-0032573",731,-0.000566475467873194,0.0220465551975411,-5.1497769806654e-05,"Patrick Onwuasor","NYJ","LB",2020
"1215","00-0036236",2012,-0.000567504416420981,0.0221414298484906,-5.15913105837256e-05,"Nick Harris","CLE","OL",2020
"1216","00-0029615",230,-0.000577183470003757,0.0219881355228991,-5.24712245457961e-05,"Lamar Miller","WAS","RB",2020
"1217","00-0033819",1059,-0.000585979138571895,0.0228912668019817,-5.32708307792632e-05,"Jamal Carter","ATL","DB",2020
"1218","00-0032637",742,-0.000607122916686835,0.0215203241624924,-5.51929924260759e-05,"Andrew Adams","TB","DB",2020
"1219","00-0035889",1878,-0.000615825638911837,0.0220534030857342,-5.59841489919852e-05,"Tommy Townsend","KC","P",2020
"1220","00-0034380",1281,-0.000618048742695325,0.0222830148263707,-5.61862493359387e-05,"Will Richardson","JAX","OL",2020
"1221","00-0030792",378,-0.000620752893456337,0.0211736321225918,-5.64320812233034e-05,"Justin McCray","ATL","OL",2020
"1222","00-0035393",1696,-0.000626189586067535,0.0223414776012089,-5.69263260061395e-05,"Anthony Chesley","HOU","DB",2020
"1223","00-0035841",1863,-0.000626607034975446,0.0227492027641464,-5.69642759068588e-05,"Benito Jones","MIA","DL",2020
"1224","00-0031395",488,-0.00062739587657304,0.0218322803899977,-5.70359887793672e-05,"Garrett Gilbert","DAL","QB",2020
"1225","00-0036332",2098,-0.000631913932507057,0.0228075990380785,-5.74467211370052e-05,"Josiah Deguara","GB","TE",2020
"1226","00-0033403",941,-0.000635870228778346,0.0215952697933539,-5.78063844343951e-05,"Cameron Malveaux","CLE","DL",2020
"1227","00-0030216",305,-0.000636528880064233,0.0204256696634749,-5.78662618240212e-05,"Josh Hill","NO","TE",2020
"1228","00-0029570",220,-0.000638215776868008,0.0215236704254416,-5.80196160789098e-05,"Nate Ebner","NYG","DB",2020
"1229","00-0033840",1063,-0.000648985694448755,0.0219794190616326,-5.89986994953413e-05,"Chad Hansen","HOU","WR",2020
"1230","00-0035879",1876,-0.000653648675482694,0.0230454080304835,-5.94226068620631e-05,"Omari Cobb","KC","LB",2020
"1231","00-0033156",888,-0.000676930967526359,0.0215012823476366,-6.15391788660327e-05,"Joey Bosa","LAC","DL",2020
"1232","00-0034522",1350,-0.000683027540627631,0.0235909422500737,-6.20934127843301e-05,"KC McDermott","JAX","OL",2020
"1233","00-0036297",2065,-0.000683293633699198,0.0220172266310379,-6.21176030635635e-05,"Darrynton Evans","TEN","RB",2020
"1234","00-0034760",1417,-0.00068467017499566,0.0206253224803479,-6.22427431814236e-05,"Nathan Shepherd","NYJ","DL",2020
"1235","00-0035923",1889,-0.00068574725553262,0.0219669504401879,-6.23406595938746e-05,"Reggie Walker","ARI","LB",2020
"1236","00-0036415",2171,-0.000694986038026458,0.0213531589664701,-6.31805489114962e-05,"Van Jefferson","LA","WR",2020
"1237","00-0035607",1757,-0.000695594668347019,0.0221617559003346,-6.32358789406381e-05,"Marquise Copeland","LA","DL",2020
"1238","00-0036124",1951,-0.00069784241351825,0.0216067484793458,-6.344021941075e-05,"Khalil Dorsey","BAL","DB",2020
"1239","00-0031264",444,-0.00071939442238305,0.0224250850392898,-6.53994929439137e-05,"Chris Smith","LV","DL",2020
"1240","00-0035412",1706,-0.000723009379786539,0.0225914145333716,-6.57281254351399e-05,"Andrew Dowell","NO","LB",2020
"1241","00-0035207",1589,-0.000726156963198368,0.0223225395667112,-6.60142693816698e-05,"Jayson Stanley","SEA","DB",2020
"1242","00-0036199",1986,-0.000726706870508205,0.0229096091259986,-6.60642609552913e-05,"Geno Stone","HOU","DB",2020
"1243","00-0034389",1290,-0.000729989977064123,0.0229391043493456,-6.63627251876475e-05,"Dane Cruikshank","TEN","DB",2020
"1244","00-0032164",625,-0.000732955727754256,0.0211561547299564,-6.66323388867506e-05,"Arik Armstead","SF","DL",2020
"1245","00-0032385",673,-0.00073720816727007,0.0211845202523193,-6.70189242972791e-05,"Sterling Shepard","NYG","WR",2020
"1246","00-0032098",603,-0.000745245727247089,0.0208607587706525,-6.77496115679172e-05,"Daniel Brown","NYJ","WR",2020
"1247","00-0034153",1176,-0.000749945921367147,0.022941309585781,-6.81769019424679e-05,"Emmanuel Smith","KC","LB",2020
"1248","00-0034832",1464,-0.000750656924886945,0.0211256224962248,-6.82415386260859e-05,"Bradley Chubb","DEN","DL",2020
"1249","00-0034352",1256,-0.000751967798133005,0.0213217130622887,-6.83607089211823e-05,"Connor Williams","DAL","OL",2020
"1250","00-0034116",1167,-0.000771812550793604,0.0214818808845135,-7.01647773448731e-05,"J.T. Gray","NO","DB",2020
"1251","00-0031079",406,-0.000776081063444592,0.0230413250618348,-7.05528239495084e-05,"Pat O'Donnell","CHI","P",2020
"1252","00-0027029",61,-0.000776380377882482,0.0233589336255027,-7.05800343529529e-05,"LeSean McCoy","TB","RB",2020
"1253","00-0030558",351,-0.000776815235052044,0.0207061429105246,-7.06195668229131e-05,"Barkevious Mingo","CHI","LB",2020
"1254","00-0035600",1755,-0.000785177296187843,0.0228753074889602,-7.13797541988948e-05,"Freedom Akinmoladun","CIN","DL",2020
"1255","00-0022787",7,-0.000786084069639739,0.0216004786244998,-7.14621881490672e-05,"Matt Schaub","ATL","QB",2020
"1256","00-0035136",1562,-0.00079188646170849,0.0219509779736427,-7.19896783371354e-05,"Aaron Adeoye","BAL","LB",2020
"1257","00-0035230",1602,-0.000795176791088983,0.0213324878325413,-7.22887991899076e-05,"Ed Oliver","BUF","DL",2020
"1258","00-0036249",2024,-0.000795616475392984,0.022116153746383,-7.23287704902713e-05,"Julian Okwara","DET","DL",2020
"1259","00-0025394",30,-0.00079978921177091,0.0210196668841429,-7.27081101609918e-05,"Adrian Peterson","DET","RB",2020
"1260","00-0036390",2148,-0.00080348614758977,0.0206194062979562,-7.30441952354337e-05,"Michael Ojemudia","DEN","DB",2020
"1261","00-0027375",70,-0.000806704308247581,0.0219809758938693,-7.33367552952347e-05,"Tramaine Brock","DET","DB",2020
"1262","00-0034417",1309,-0.000807924084778724,0.0203928592595945,-7.34476440707931e-05,"Matt Pryor","PHI","OL",2020
"1263","00-0034523",1351,-0.000811101127335368,0.0220073349310063,-7.37364661213971e-05,"Quenton Meeks","JAX","DB",2020
"1264","00-0036006",1912,-0.000813422535630511,0.022181198691682,-7.39475032391374e-05,"Michael Warren","WAS","RB",2020
"1265","00-0033963",1144,-0.00081378915422426,0.022265646377386,-7.39808322022055e-05,"Tanzel Smart","NYJ","DL",2020
"1266","00-0034994",1529,-0.000815225650471927,0.0226226742616239,-7.41114227701751e-05,"Olisaemeka Udoh","MIN","OL",2020
"1267","00-0034941",1495,-0.000830571422722431,0.0208302839095415,-7.55064929747664e-05,"Mitch Wishnowsky","SF","P",2020
"1268","00-0036302",2069,-0.000832166213370611,0.0211453577149069,-7.56514739427828e-05,"Jaylinn Hawkins","ATL","DB",2020
"1269","00-0034500",1342,-0.000833287420286628,0.0217164086971474,-7.57534018442389e-05,"Tae Davis","CLE","LB",2020
"1270","00-0036239",2015,-0.000834876062320852,0.0216082250097418,-7.58978238473502e-05,"Jonathan Garvin","GB","LB",2020
"1271","00-0036208",1989,-0.000845137569586952,0.0216368983483844,-7.68306881442684e-05,"Artavis Pierce","CHI","RB",2020
"1272","00-0030615",365,-0.000846519268842389,0.0216154813747021,-7.69562971674899e-05,"James Winchester","KC","LS",2020
"1273","00-0034995",1530,-0.000849354688527584,0.0228360171763541,-7.72140625934168e-05,"Dexter Williams","GB","RB",2020
"1274","00-0033120",875,-0.000850936938288368,0.0211006384241503,-7.73579034807608e-05,"Kenny Clark","GB","DL",2020
"1275","00-0035975",1901,-0.000859394836209179,0.0213422085200884,-7.81268032917435e-05,"Jake Bargas","MIN","RB",2020
"1276","00-0028374",163,-0.000860499122587042,0.0222334160491538,-7.82271929624584e-05,"Kyle Nelson","SF","LS",2020
"1277","00-0032877",794,-0.000872148511068548,0.0229398074690072,-7.92862282789589e-05,"Marcus Henry","DAL","OL",2020
"1278","00-0032581",736,-0.000878699018344081,0.0217883750212642,-7.9881728940371e-05,"Cre'von LeBlanc","PHI","DB",2020
"1279","00-0035869",1874,-0.000879223768786944,0.0220476831631976,-7.99294335260858e-05,"Austin Mack","NYG","WR",2020
"1280","00-0032916",802,-0.000879427253181513,0.0223336309357494,-7.99479321074103e-05,"Trevor Williams","PIT","DB",2020
"1281","00-0036359",2121,-0.000895865733389194,0.0213072058824402,-8.14423393990176e-05,"Damon Arnette","LV","DB",2020
"1282","00-0036277",2047,-0.000905854706665439,0.0205269916961661,-8.23504278786763e-05,"Quintez Cephus","DET","WR",2020
"1283","00-0032269",660,-0.000906921531983752,0.0219127106992019,-8.24474119985229e-05,"Henry Anderson","NYJ","DL",2020
"1284","00-0036192",1980,-0.000909751788224362,0.0210505848019381,-8.27047080203965e-05,"A.J. Epenesa","BUF","DL",2020
"1285","00-0036100",1941,-0.000910913713828435,0.022905406340062,-8.28103376207668e-05,"Isaiah Zuber","NE","WR",2020
"1286","00-0028240",158,-0.000916184066545916,0.0218641046972501,-8.32894605950833e-05,"Kenny Wiggins","NYG","OL",2020
"1287","00-0031690",546,-0.000916825224643261,0.0214380342687997,-8.33477476948419e-05,"Eric Tomlinson","BAL","TE",2020
"1288","00-0036250",2025,-0.000923589240738208,0.0224867273236197,-8.3962658248928e-05,"Tyler Davis","JAX","TE",2020
"1289","00-0036308",2075,-0.000925280026091127,0.0209171245189415,-8.41163660082843e-05,"Isaiah Coulter","HOU","WR",2020
"1290","00-0035678",1805,-0.000929252379670015,0.0201450027816014,-8.44774890609104e-05,"Dre'Mont Jones","DEN","DL",2020
"1291","00-0033791",1056,-0.000934351435942478,0.021355392679977,-8.49410396311344e-05,"Brandon Wilson","CIN","DB",2020
"1292","00-0036307",2074,-0.000936398007065458,0.0217559360651976,-8.51270915514053e-05,"Kindle Vildor","CHI","DB",2020
"1293","00-0035783",1847,-0.000940141295707021,0.0219934141939173,-8.54673905188201e-05,"Tyler Hall","ATL","DB",2020
"1294","00-0033964",1145,-0.000949279661782129,0.0212717529607122,-8.62981510711026e-05,"Al-Quadin Muhammad","IND","DL",2020
"1295","00-0028284",160,-0.00095508780973523,0.0228427423471121,-8.68261645213846e-05,"Patrick Scales","CHI","LS",2020
"1296","00-0030648",366,-0.000958968301321839,0.0205083150635835,-8.71789364838035e-05,"Alejandro Villanueva","PIT","OL",2020
"1297","00-0026762",54,-0.000960747764205552,0.02234913479227,-8.73407058368684e-05,"Alex Boone","SEA","OL",2020
"1298","00-0031999",585,-0.000962306289096203,0.0225083077822502,-8.74823899178366e-05,"Justin March-Lillard","DAL","LB",2020
"1299","00-0033266",901,-0.000964039929944813,0.0225646842896759,-8.76399936313466e-05,"JoJo Natson","CLE","WR",2020
"1300","00-0036437",2192,-0.000972451740132074,0.0228900875405258,-8.84047036483703e-05,"Tremayne Anchrum","LA","OL",2020
"1301","00-0031298",453,-0.000973279117606182,0.0203195622931876,-8.84799197823801e-05,"Jimmie Ward","SF","DB",2020
"1302","00-0032242",648,-0.000973838060119783,0.0212161629788509,-8.85307327381621e-05,"Rob Havenstein","LA","OL",2020
"1303","00-0035551",1745,-0.000981461271093341,0.0217507567108296,-8.92237519175765e-05,"Tony Brooks-James","ATL","RB",2020
"1304","",1,-0.000981925552944935,0.0220372976403311,-8.92659593586305e-05,NA,NA,NA,NA
"1305","00-0033555",992,-0.000985446280776968,0.0202879158279933,-8.95860255251789e-05,"Mack Hollins","MIA","WR",2020
"1306","00-0033567",999,-0.000988910821937799,0.0207633398705372,-8.99009838125271e-05,"Brian Hill","ATL","RB",2020
"1307","00-0033118",873,-0.000995097647184142,0.020194240281312,-9.04634224712856e-05,"Kenyan Drake","ARI","RB",2020
"1308","00-0034213",1200,-0.00100815144995356,0.0218151580940503,-9.16501318139599e-05,"Holton Hill","MIN","DB",2020
"1309","00-0033945",1132,-0.00102533183375628,0.02124031649627,-9.32119848869348e-05,"Samson Ebukam","LA","LB",2020
"1310","00-0033096",865,-0.00103194445216364,0.0213155702929986,-9.38131320148766e-05,"Shaq Lawson","MIA","DL",2020
"1311","00-0033199",891,-0.00103387723203137,0.0228118647774505,-9.39888392755794e-05,"Taybor Pepper","SF","LS",2020
"1312","00-0036303",2070,-0.00103490929978567,0.0223821112680849,-9.40826636168791e-05,"Josiah Scott","JAX","DB",2020
"1313","00-0032609",740,-0.00103952705039416,0.0221254366521965,-9.45024591267421e-05,"Marken Michel","CAR","WR",2020
"1314","00-0031050",398,-0.00104366324329769,0.0226161299736906,-9.48784766634267e-05,"Kareem Martin","DET","LB",2020
"1315","00-0036077",1932,-0.00104434052535904,0.0212994469909823,-9.49400477599131e-05,"Juju Hughes","LA","DB",2020
"1316","00-0031385",484,-0.00104955234386111,0.0222797355961405,-9.54138494419192e-05,"Sergio Castillo","NYJ","K",2020
"1317","00-0035048",1545,-0.001050884136325,0.0218954882776858,-9.55349214840909e-05,"Wyatt Ray","TEN","DL",2020
"1318","00-0035382",1691,-0.00106142368762994,0.0210440063827157,-9.64930625118124e-05,"Ryan Bates","BUF","OL",2020
"1319","00-0036130",1953,-0.00107815406178751,0.0228014848811698,-9.80140056170464e-05,"Justin Madubuike","BAL","DL",2020
"1320","00-0036227",2003,-0.00107942434617551,0.0232822951083681,-9.81294860159555e-05,"Robert Windsor","IND","DL",2020
"1321","00-0034587",1361,-0.00108635476914069,0.0224540729539063,-9.87595244673352e-05,"Abdullah Anderson","MIN","DL",2020
"1322","00-0036394",2152,-0.0010960967588266,0.0215611741531088,-9.96451598933272e-05,"Darnay Holmes","NYG","DB",2020
"1323","00-0035243",1614,-0.00109688240660477,0.0210709090535808,-9.97165824186153e-05,"Miles Sanders","PHI","RB",2020
"1324","00-0034311",1234,-0.00110185254423095,0.0224040107512909,-0.000100168413111905,"Johnny Stanton","CLE","RB",2020
"1325","00-0036189",1978,-0.00111410586928079,0.0227758335903893,-0.000101282351752799,"Josh Thomas","BUF","DB",2020
"1326","00-0030465",330,-0.00111413388905963,0.0233207604572232,-0.000101284899005421,"Kenjon Barner","TB","RB",2020
"1327","00-0028660",166,-0.00112730753344421,0.0205827440702146,-0.000102482503040383,"Dan Bailey","MIN","K",2020
"1328","00-0034438",1324,-0.00112937398384713,0.0229031531368485,-0.000102670362167921,"Logan Woodside","TEN","QB",2020
"1329","00-0030011",269,-0.00113353613063989,0.0225928672733175,-0.000103048739149081,"Jordan Devey","BUF","OL",2020
"1330","00-0035643",1776,-0.00113635702498168,0.020958273263042,-0.000103305184089244,"Jeffery Simmons","TEN","DL",2020
"1331","00-0031360",471,-0.00114052962359506,0.020889487514953,-0.000103684511235915,"Kyle Van Noy","MIA","LB",2020
"1332","00-0033539",979,-0.00114319160545719,0.0206968263536626,-0.000103926509587018,"Jarrad Davis","DET","LB",2020
"1333","00-0031067",404,-0.00114828171373744,0.0211383801906257,-0.000104389246703404,"Cameron Fleming","NYG","OL",2020
"1334","00-0036225",2002,-0.00114927634393484,0.0215179124560882,-0.00010447966763044,"Dalton Keene","NE","TE",2020
"1335","00-0034114",1165,-0.00117154895199334,0.0223228434209459,-0.000106504450181212,"Coleman Shelton","LA","OL",2020
"1336","00-0036352",2116,-0.00118099169905347,0.0217632101139698,-0.000107362881732134,"Carlos Davis","PIT","DL",2020
"1337","00-0033290",911,-0.00118140876717663,0.0210872175494014,-0.000107400797016057,"Jermaine Eluemunor","NE","OL",2020
"1338","00-0036331",2097,-0.0011986827477538,0.0209741025028714,-0.00010897115888671,"Devin Duvernay","BAL","WR",2020
"1339","00-0035848",1866,-0.00120772386680512,0.02177123212708,-0.000109793078800465,"DeMichael Harris","IND","WR",2020
"1340","00-0032807",785,-0.00121341785427595,0.0224700550524118,-0.000110310714025086,"Clayton Fejedelem","MIA","DB",2020
"1341","00-0032596",738,-0.0012179107166995,0.0221575914287391,-0.000110719156063591,"Brian Poole","NYJ","DB",2020
"1342","00-0035646",1779,-0.00122223960098358,0.0206952649902455,-0.000111112690998507,"Sione Takitaki","CLE","LB",2020
"1343","00-0036149",1960,-0.00122246681448905,0.0219536645929998,-0.000111133346771732,"Javelin Guidry","NYJ","DB",2020
"1344","00-0033798",1058,-0.0012226079219638,0.0218167157151208,-0.000111146174723982,"Mason Schreck","CIN","TE",2020
"1345","00-0033859",1068,-0.00122804423844546,0.0233007771198813,-0.000111640385313223,"Josh Malone","NYJ","WR",2020
"1346","00-0032726",753,-0.00123472134985094,0.0220213362976219,-0.000112247395440994,"Ka'imi Fairbairn","HOU","K",2020
"1347","00-0031503",505,-0.00126186014345758,0.0223070998451271,-0.000114714558496143,"Jameis Winston","NO","QB",2020
"1348","00-0036096",1940,-0.0012674793286152,0.0218608931225163,-0.000115225393510473,"J.J. Taylor","NE","RB",2020
"1349","00-0027224",68,-0.00127784808365099,0.0217468659374341,-0.000116168007604635,"Jonathan Weeks","HOU","LS",2020
"1350","00-0036142",1958,-0.00127812507092753,0.0209258896642462,-0.000116193188266139,"Isaiah Wright","WAS","WR",2020
"1351","00-0036438",2193,-0.00128316710029012,0.0226578676747432,-0.000116651554571829,"Stephen Sullivan","SEA","TE",2020
"1352","00-0026280",46,-0.00128899474205714,0.0222031192046922,-0.000117181340187013,"Brandon Carr","DAL","DB",2020
"1353","00-0034996",1531,-0.00129629668327833,0.0231924715479723,-0.000117845153025302,"Tim Harris","SF","DB",2020
"1354","00-0035679",1806,-0.00129841134236505,0.0222266616560903,-0.00011803739476046,"Connor McGovern","DAL","OL",2020
"1355","00-0028074",142,-0.00130540335545457,0.0218635859362151,-0.000118673032314052,"Anthony Sherman","KC","RB",2020
"1356","00-0027881",104,-0.00130683418850072,0.0213070711296448,-0.00011880310804552,"Jerry Hughes","BUF","DL",2020
"1357","00-0035644",1777,-0.00131316560486917,0.0207611475308624,-0.000119378691351743,"Noah Fant","DEN","TE",2020
"1358","00-0032870",791,-0.00131771854908416,0.0219115256164163,-0.000119792595371287,"Aldrick Rosas","JAX","K",2020
"1359","00-0031484",500,-0.00131784488338368,0.0211638038142839,-0.000119804080307607,"Chris Manhertz","CAR","TE",2020
"1360","00-0034899",1487,-0.00132532245746787,0.0213139350318326,-0.000120483859769806,"John Wolford","LA","QB",2020
"1361","00-0033164",889,-0.00134069143646733,0.0213667596545124,-0.000121881039678848,"Troymaine Pope","LAC","RB",2020
"1362","00-0032081",600,-0.00134451452994499,0.0212943940170621,-0.000122228593631362,"Nick Dzubnar","TEN","LB",2020
"1363","00-0035593",1753,-0.00134898052380451,0.0219671000890801,-0.000122634593073137,"Juwann Winfree","GB","WR",2020
"1364","00-0036181",1973,-0.00135044325431663,0.021161387211785,-0.000122767568574239,"Teair Tart","TEN","DL",2020
"1365","00-0033525",970,-0.00135681003257037,0.0217880962751525,-0.000123346366597306,"Ryan Anderson","WAS","DL",2020
"1366","00-0035954",1894,-0.00136457641483998,0.0218078148581737,-0.000124052401349089,"Chris Orr","CAR","LB",2020
"1367","00-0030706",371,-0.00136483746696882,0.0222115217453955,-0.000124076133360802,"Josh Andrews","NYJ","OL",2020
"1368","00-0035906",1886,-0.00136645098406898,0.0218604942417738,-0.000124222816733544,"Jessie Lemonier","LAC","DL",2020
"1369","00-0032945",811,-0.00137219853562333,0.0216641638543658,-0.000124745321420302,"Duke Williams","BUF","WR",2020
"1370","00-0034361",1264,-0.00137246813431095,0.0216319856148856,-0.000124769830391904,"Justin Reid","HOU","DB",2020
"1371","00-0034088",1158,-0.00138006662249548,0.0212726824498023,-0.000125460602045043,"Robert Jackson","CLE","DB",2020
"1372","00-0034395",1296,-0.00138750299114055,0.0215845939446376,-0.000126136635558232,"Daurice Fountain","IND","WR",2020
"1373","00-0034496",1341,-0.00139109269277242,0.0227143775735911,-0.00012646297207022,"Sean Chandler","CAR","DB",2020
"1374","00-0028087",144,-0.0013914162730356,0.0209080477166295,-0.000126492388457782,"Dion Lewis","NYG","RB",2020
"1375","00-0034807",1451,-0.00139821426714383,0.0212233040419297,-0.000127110387922166,"Ogbonnia Okoronkwo","LA","LB",2020
"1376","00-0023500",18,-0.00139896315082187,0.021768925868578,-0.000127178468256534,"Frank Gore","NYJ","RB",2020
"1377","00-0035255",1623,-0.00140395145360489,0.0214453081746127,-0.000127631950327717,"Kendall Sheffield","ATL","DB",2020
"1378","00-0029692",246,-0.00141844035348069,0.0214096015255512,-0.000128949123043699,"Bryan Anger","HOU","P",2020
"1379","00-0036363",2125,-0.00141977967158903,0.0214910793115389,-0.000129070879235366,"Josh Jones","ARI","OL",2020
"1380","00-0030527",345,-0.00142267798278976,0.0215310365587499,-0.000129334362071797,"Alec Ogletree","NYJ","LB",2020
"1381","00-0035519",1727,-0.00142612285513935,0.0216126138874798,-0.000129647532285395,"Isaiah Mack","NE","DL",2020
"1382","00-0035573",1747,-0.00142655625577557,0.0226916602751344,-0.000129686932343234,"Kareem Orr","TEN","DB",2020
"1383","00-0027557",72,-0.00142962338398414,0.0216592881368565,-0.000129965762180377,"Morgan Cox","BAL","LS",2020
"1384","00-0033947",1134,-0.00143144245317413,0.0204075939549139,-0.000130131132106739,"Deatrich Wise","NE","DL",2020
"1385","00-0034844",1473,-0.00143229516287585,0.022232921408152,-0.000130208651170532,"Saquon Barkley","NYG","RB",2020
"1386","00-0036081",1934,-0.00143230151457275,0.0215329048180055,-0.000130209228597523,"Broderick Washington","BAL","DL",2020
"1387","00-0036445",2198,-0.00144045878167926,0.0226517428273887,-0.000130950798334478,"Isaiah Wilson","TEN","OL",2020
"1388","00-0034800",1445,-0.00144237656111336,0.0212590787728788,-0.000131125141919397,"B.J. Hill","NYG","DL",2020
"1389","00-0031734",548,-0.00144754755113819,0.0210743959897375,-0.000131595231921654,"Chris Reed","CAR","OL",2020
"1390","00-0032426",700,-0.0014482800595532,0.0224616915870651,-0.000131661823595746,"Alex Collins","SEA","RB",2020
"1391","00-0036287",2055,-0.00145426609067701,0.0205639554638682,-0.000132206008243365,"Noah Igbinoghene","MIA","DB",2020
"1392","00-0035541",1743,-0.00146646365553074,0.0230066764739293,-0.000133314877775521,"Michael Dogbe","ARI","DL",2020
"1393","00-0035288",1648,-0.00147306575994026,0.0218949328951856,-0.000133915069085478,"Saquan Hampton","NYJ","DB",2020
"1394","00-0035345",1679,-0.00149167868707111,0.0230673376948115,-0.000135607153370101,"Chris Myarick","MIA","TE",2020
"1395","00-0027696",85,-0.00150228233996385,0.0207703598871507,-0.000136571121814895,"Jimmy Graham","CHI","TE",2020
"1396","00-0034626",1370,-0.00150426391194159,0.0212136743968171,-0.000136751264721962,"Trevor Daniel","TEN","P",2020
"1397","00-0036231",2007,-0.00150608186051605,0.0205083213754074,-0.000136916532774187,"Kyle Dugger","NE","DB",2020
"1398","00-0036305",2072,-0.00152832673036603,0.0229754766637804,-0.000138938793669639,"Trevis Gipson","CHI","LB",2020
"1399","00-0033147",886,-0.00153562564826463,0.0221953461756736,-0.00013960233166042,"Darron Lee","BUF","LB",2020
"1400","00-0034449",1329,-0.00153936570530091,0.0215160533336208,-0.000139942336845537,"Buddy Howell","HOU","RB",2020
"1401","00-0034406",1303,-0.00153960884946123,0.023044387785606,-0.000139964440860112,"Deon Cain","PIT","WR",2020
"1402","00-0027948",116,-0.00154182813234224,0.021874842490048,-0.000140166193849294,"Blaine Gabbert","TB","QB",2020
"1403","00-0032592",737,-0.00154372934001208,0.021755809899744,-0.000140339030910189,"Sharrod Neasman","ATL","DB",2020
"1404","00-0035202",1588,-0.00154414559607947,0.0217234734177074,-0.000140376872370861,"Del'Shawn Phillips","BUF","LB",2020
"1405","00-0035413",1707,-0.00154473235432096,0.0223418285479972,-0.000140430214029178,"Luke Gifford","DAL","LB",2020
"1406","00-0032198",631,-0.00155050189417835,0.0217432079264044,-0.000140954717652578,"Ibraheim Campbell","IND","DB",2020
"1407","00-0029528",212,-0.0015627330630866,0.0201362964390806,-0.000142066642098781,"Bobby Massie","CHI","OL",2020
"1408","00-0034751",1410,-0.0015661963979293,0.0211855484570987,-0.000142381490720845,"Josh Jackson","GB","DB",2020
"1409","00-0031061",402,-0.00156697104267282,0.0208186087363122,-0.000142451912970257,"Dontae Johnson","SF","DB",2020
"1410","00-0028845",170,-0.00157074230838517,0.0219352438539038,-0.000142794755307742,"Josh Harris","ATL","LS",2020
"1411","00-0033958",1142,-0.00158553331339522,0.0223497622989932,-0.000144139392126838,"Nathan Peterman","LV","QB",2020
"1412","00-0034445",1327,-0.00159112927076813,0.0219143752915519,-0.000144648115524376,"Nick Gates","NYG","OL",2020
"1413","00-0033608",1018,-0.00159551198408198,0.0222134164172029,-0.000145046544007453,"Ryan Lewis","NYG","DB",2020
"1414","00-0033408",942,-0.00159844215454278,0.0224774524712331,-0.000145312923140253,"Bryan Cox","BUF","DL",2020
"1415","00-0027988",133,-0.00160490015709068,0.0221863736258853,-0.000145900014280971,"Marcus Gilchrist","BAL","DB",2020
"1416","00-0036000",1909,-0.00162056118506632,0.0233462985943483,-0.000147323744096938,"Adrian Killins","PHI","RB",2020
"1417","00-0028118",150,-0.00162106423839701,0.0218441727507106,-0.00014736947621791,"Tyrod Taylor","LAC","QB",2020
"1418","00-0034668",1382,-0.00162180994323564,0.0210668594906976,-0.000147437267566876,"Aaron Stinnie","TB","OL",2020
"1419","00-0036430",2185,-0.00162568386882867,0.0220926124801034,-0.000147789442620788,"Khalil Davis","TB","DL",2020
"1420","00-0036248",2023,-0.0016308066730005,0.0204527639095413,-0.000148255152090955,"Austin Jackson","MIA","OL",2020
"1421","00-0035900",1884,-0.00164310952197125,0.0218816584035119,-0.000149373592906477,"Cole Christiansen","LAC","LB",2020
"1422","00-0035823",1855,-0.00165111827288368,0.0211345779650222,-0.000150101661171244,"Ben Ellefson","JAX","TE",2020
"1423","00-0030010",268,-0.00165857120264426,0.0215201845854092,-0.000150779200240387,"Brandon Copeland","NE","LB",2020
"1424","00-0034169",1187,-0.0016663701536252,0.0225040122840126,-0.000151488195784109,"Marcus Baugh","WAS","TE",2020
"1425","00-0036020",1916,-0.00167181708957779,0.022224452647573,-0.000151983371779799,"Salvon Ahmed","MIA","RB",2020
"1426","00-0036214",1993,-0.00167384518369438,0.0209979616984473,-0.000152167743972216,"Tyre Phillips","BAL","OL",2020
"1427","00-0036040",1923,-0.00168390573093067,0.0220875502633476,-0.000153082339175515,"Juwan Johnson","NO","WR",2020
"1428","00-0031120",411,-0.00168651979050934,0.0210786632060381,-0.000153319980955394,"Adarius Taylor","CAR","LB",2020
"1429","00-0036285",2053,-0.0016907749139458,0.0218861869754991,-0.000153706810358709,"A.J. Terrell","ATL","DB",2020
"1430","00-0031039",394,-0.00172511538227213,0.022647559879359,-0.000156828671115649,"James Ferentz","NE","OL",2020
"1431","00-0036375",2135,-0.00172934098432817,0.0212606746183345,-0.000157212816757106,"Amik Robertson","LV","DB",2020
"1432","00-0031253",437,-0.00173023592075742,0.0220963232721683,-0.000157294174614311,"K'Waun Williams","SF","DB",2020
"1433","00-0036037",1922,-0.00173288244697569,0.020854395010831,-0.000157534767906881,"Sam Franklin","CAR","DB",2020
"1434","00-0032464",713,-0.00173425778000985,0.0217423414959719,-0.000157659798182714,"Kalif Raymond","TEN","WR",2020
"1435","00-0030197",304,-0.00173857460580804,0.0221234990366294,-0.00015805223689164,"Deon Lacey","BUF","LB",2020
"1436","00-0034597",1366,-0.00175236380227785,0.0214864556709853,-0.000159305800207077,"Ryan Nall","CHI","RB",2020
"1437","00-0036411",2168,-0.00175614538774388,0.0215686398597928,-0.000159649580703989,"Antoine Winfield","TB","DB",2020
"1438","00-0035455",1718,-0.00176310368981545,0.0220611701409144,-0.000160282153619586,"Albert Huggins","DET","DL",2020
"1439","00-0034317",1235,-0.00176336747755143,0.0212790903421656,-0.000160306134322858,"Keith Kirkwood","CAR","WR",2020
"1440","00-0036319",2085,-0.00176474742171635,0.0209601670761027,-0.000160431583792396,"Sterling Hofrichter","ATL","P",2020
"1441","00-0034337",1245,-0.00176688948504926,0.0224915391588541,-0.00016062631682266,"Greg Stroman","WAS","DB",2020
"1442","00-0034331",1240,-0.00177801973611275,0.0222839388919308,-0.000161638157828432,"Jaylen Samuels","PIT","RB",2020
"1443","00-0032353",663,-0.00178375725741338,0.0223854100587218,-0.000162159750673943,"Chris Milton","TEN","DB",2020
"1444","00-0027663",79,-0.00179241466236019,0.0220767483792986,-0.00016294678748729,"Sean Lee","DAL","LB",2020
"1445","00-0036167",1971,-0.00181231385228814,0.0211877207181057,-0.000164755804753468,"Tae Crowder","NYG","LB",2020
"1446","00-0033542",982,-0.00181592812781188,0.021494525724225,-0.000165084375255626,"Forrest Lamp","LAC","OL",2020
"1447","00-0031428",497,-0.00182091391291501,0.0198869730525824,-0.000165537628446819,"Allen Robinson","CHI","WR",2020
"1448","00-0027980",130,-0.0018213835243368,0.0222099349191934,-0.000165580320394255,"Brooks Reed","TEN","LB",2020
"1449","00-0035480",1721,-0.00182698853951649,0.0214557221659153,-0.000166089867228771,"Malik Taylor","GB","WR",2020
"1450","00-0035525",1729,-0.00183010699106487,0.021887516897498,-0.000166373362824079,"Devin Bush","PIT","LB",2020
"1451","00-0031961",582,-0.00183409164655798,0.0234004231115096,-0.000166735604232544,"Mark Nzeocha","SF","LB",2020
"1452","00-0033548",987,-0.00184063544811217,0.0215679450886118,-0.000167330495282924,"Chidobe Awuzie","DAL","DB",2020
"1453","00-0031175",423,-0.00184090996625787,0.0210547908385582,-0.000167355451477988,"Cassius Marsh","PIT","DL",2020
"1454","00-0033091",861,-0.00184939959488,0.0222424324639766,-0.000168127235898182,"KeiVarae Russell","GB","DB",2020
"1455","00-0034887",1486,-0.00187436515885205,0.0206456970543996,-0.000170396832622914,"A.J. Johnson","DEN","LB",2020
"1456","00-0031338",463,-0.00187660993061981,0.0217752192450341,-0.000170600902783619,"Terrence Brooks","NE","DB",2020
"1457","00-0032054",592,-0.00187717582907373,0.0205290773238998,-0.000170652348097612,"Breshad Perriman","NYJ","WR",2020
"1458","00-0035666",1795,-0.00188246669999239,0.0222767884290802,-0.000171133336362945,"Bobby Evans","LA","OL",2020
"1459","00-0035852",1869,-0.0018904511734428,0.022516059402419,-0.000171859197585709,"Farrod Green","IND","TE",2020
"1460","00-0027768",89,-0.00189530789819261,0.021783972090673,-0.00017230071801751,"Marshall Newhouse","TEN","OL",2020
"1461","00-0036348",2113,-0.00190620621280743,0.0223122369118179,-0.000173291473891584,"Josh Metellus","MIN","DB",2020
"1462","00-0029412",208,-0.00191029638825806,0.0208919279098296,-0.00017366330802346,"Vinny Curry","PHI","DL",2020
"1463","00-0032889",797,-0.00191167163344514,0.0209488818827478,-0.000173788330313195,"A'Shawn Robinson","LA","DL",2020
"1464","00-0031372",478,-0.00191494127409829,0.0211369665908906,-0.000174085570372572,"Bradley Roby","HOU","DB",2020
"1465","00-0032793",783,-0.00191905153151544,0.0219823230823213,-0.000174459230137767,"Blake Countess","PHI","DB",2020
"1466","00-0034631",1372,-0.00192820439700815,0.0225277618254051,-0.000175291308818923,"Vyncint Smith","NYJ","WR",2020
"1467","00-0031624",541,-0.0019469443484813,0.0213713318430034,-0.000176994940771027,"Edmond Robinson","ATL","LB",2020
"1468","00-0033925",1119,-0.00195150120308684,0.0219883851349998,-0.000177409200280621,"D'Onta Foreman","TEN","RB",2020
"1469","00-0034279",1223,-0.00195993971342615,0.021449444420498,-0.000178176337584195,"Equanimeous St. Brown","GB","WR",2020
"1470","00-0032455",712,-0.00196432943404011,0.0212935049041288,-0.000178575403094556,"Austin Blythe","LA","OL",2020
"1471","00-0029585",222,-0.00196458596328053,0.0223544663933507,-0.000178598723934594,"Chandler Jones","ARI","LB",2020
"1472","00-0029597",225,-0.00196922400362264,0.021504703218367,-0.000179020363965695,"Justin Tucker","BAL","K",2020
"1473","00-0035313",1663,-0.00197661124876481,0.0223445637332676,-0.000179691931705892,"Terry Godwin","JAX","WR",2020
"1474","00-0033914",1113,-0.00197775916543106,0.0209595860025917,-0.00017979628776646,"Alex Anzalone","NO","LB",2020
"1475","00-0035304",1658,-0.00197846711499051,0.022756451865088,-0.000179860646817319,"Cullen Gillaspia","HOU","RB",2020
"1476","00-0034261",1209,-0.00198798099511374,0.0220516967511968,-0.00018072554501034,"Austin Corbett","LA","OL",2020
"1477","00-0029285",201,-0.00199610256480029,0.0213030350485416,-0.000181463869527299,"Josh Norman","BUF","DB",2020
"1478","00-0028042",140,-0.00200428199047789,0.0202990526976256,-0.000182207453679808,"Luke Stocker","ATL","TE",2020
"1479","00-0034355",1259,-0.0020124874161781,0.0205253634583717,-0.000182953401470736,"M.J. Stewart","CLE","DB",2020
"1480","00-0031566",521,-0.00201596503668026,0.0221547342799749,-0.000183269548789115,"Trey Flowers","DET","DL",2020
"1481","00-0036032",1919,-0.00202694657245631,0.0225098219158334,-0.000184267870223301,"Sean McKeon","DAL","TE",2020
"1482","00-0035061",1546,-0.00202779709509075,0.0209048857043365,-0.000184345190462795,"Alex Bars","CHI","OL",2020
"1483","00-0035659",1789,-0.00203086970562678,0.0211620990611874,-0.000184624518693344,"Terry McLaurin","WAS","WR",2020
"1484","00-0035637",1772,-0.00203377343883531,0.0216599953096038,-0.000184888494439573,"Rock Ya-Sin","IND","DB",2020
"1485","00-0028986",177,-0.0020365243038947,0.0233881581657787,-0.000185138573081336,"Case Keenum","CLE","QB",2020
"1486","00-0027945",114,-0.00203722175172606,0.0209912466285444,-0.000185201977429641,"Aldon Smith","DAL","DL",2020
"1487","00-0032058",594,-0.00205883613099845,0.0223397349713688,-0.000187166920999859,"Tevin Coleman","SF","RB",2020
"1488","00-0023534",20,-0.00206226822381513,0.0226124138085733,-0.000187478929437739,"Dustin Colquitt","KC","P",2020
"1489","00-0033877",1081,-0.002065907117122,0.0219697684491547,-0.000187809737920182,"Malik Hooker","IND","DB",2020
"1490","00-0033471",960,-0.00206640512447969,0.0226906711227369,-0.000187855011316336,"Isaiah Ford","MIA","WR",2020
"1491","00-0034972",1511,-0.00207662876723701,0.0216689333021795,-0.000188784433385182,"Alexander Mattison","MIN","RB",2020
"1492","00-0036291",2059,-0.00207849740607742,0.0216593402885139,-0.000188954309643401,"Marlon Davidson","ATL","DL",2020
"1493","00-0036423",2179,-0.00207984439455286,0.0208167797545625,-0.000189076763141169,"Albert Okwuegbunam","DEN","TE",2020
"1494","00-0029794",256,-0.00208199053386775,0.0218758997068337,-0.00018927186671525,"Daren Bates","TEN","LB",2020
"1495","00-0036152",1962,-0.00208293639745945,0.019824174314357,-0.000189357854314495,"Lamar Jackson","NYJ","DB",2020
"1496","00-0035187",1583,-0.00209573211975665,0.0221487965523066,-0.000190521101796059,"Austin Walter","SF","RB",2020
"1497","00-0031362",473,-0.00210396119592834,0.0213774378766744,-0.000191269199629849,"Trai Turner","LAC","OL",2020
"1498","00-0031346",466,-0.00210576595060759,0.0206583685903123,-0.000191433268237053,"Justin Ellis","BAL","DL",2020
"1499","00-0030869",382,-0.00210777682801451,0.0230867020482692,-0.000191616075274046,"Tyler Larsen","CAR","OL",2020
"1500","00-0036085",1936,-0.00211029370303531,0.0224406206123682,-0.000191844882094119,"Javin White","LV","DB",2020
"1501","00-0031838",560,-0.00212485474361256,0.0205362666111208,-0.000193168613055687,"James Vaughters","CHI","LB",2020
"1502","00-0036237",2013,-0.00212742620528954,0.0214822607440934,-0.000193402382299049,"Larrell Murchison","TEN","DL",2020
"1503","00-0033879",1083,-0.00212752993171843,0.0209803451031739,-0.000193411811974403,"O.J. Howard","TB","TE",2020
"1504","00-0036258",2032,-0.00213175888211609,0.0207738988581779,-0.000193796262010554,"Jonah Jackson","DET","OL",2020
"1505","00-0034799",1444,-0.00213254307812191,0.0209339789036163,-0.000193867552556537,"Kalen Ballage","LAC","RB",2020
"1506","00-0033566",998,-0.00214228192579067,0.020262564877671,-0.000194752902344606,"Desmond King","TEN","DB",2020
"1507","00-0025944",37,-0.00214753772751795,0.0222052789815846,-0.000195230702501632,"Stephen Hauschka","JAX","K",2020
"1508","00-0033893",1095,-0.00215185746601813,0.0218955577144361,-0.000195623406001649,"Dalvin Cook","MIN","RB",2020
"1509","00-0032147",620,-0.00216772268023368,0.0209279935806722,-0.000197065698203062,"Ty Sambrailo","TEN","OL",2020
"1510","00-0034750",1409,-0.00218326153037022,0.0222543968586766,-0.000198478320942747,"Rashaad Penny","SEA","RB",2020
"1511","00-0029560",216,-0.00218709487906721,0.0209252148905972,-0.000198826807187928,"Dre Kirkpatrick","ARI","DB",2020
"1512","00-0030752",374,-0.00218828402328419,0.0218631628772904,-0.000198934911207653,"Jayrone Elliott","PIT","LB",2020
"1513","00-0024338",28,-0.00219120271001996,0.0211261267786408,-0.000199200246365451,"Domata Peko","ARI","DL",2020
"1514","00-0031550",512,-0.00219866676270447,0.0212892222789514,-0.000199878796609497,"Shaq Thompson","CAR","LB",2020
"1515","00-0030411",319,-0.00219961211768684,0.0203098657100556,-0.000199964737971531,"Logan Ryan","NYG","DB",2020
"1516","00-0033930",1124,-0.00220044214437306,0.0202219011116317,-0.000200040194943006,"Cameron Sutton","PIT","DB",2020
"1517","00-0034251",1205,-0.00220052027041197,0.0215538326217432,-0.000200047297310179,"Daniel Ekuale","JAX","DL",2020
"1518","00-0035710",1832,-0.00220070536362777,0.0214330986488725,-0.000200064123966161,"Daniel Jones","NYG","QB",2020
"1519","00-0029410",207,-0.00220355732511943,0.0214445590148755,-0.000200323393192675,"Tavon Wilson","IND","DB",2020
"1520","00-0027943",112,-0.00221050851083536,0.0218090759714781,-0.000200955319166851,"Patrick Peterson","ARI","DB",2020
"1521","00-0034356",1260,-0.00221082883080273,0.0209697730261206,-0.000200984439163885,"Donte Jackson","CAR","DB",2020
"1522","00-0035020",1536,-0.00221195787786191,0.0216430163499273,-0.000201087079805628,"Demetrius Flannigan-Fowles","SF","DB",2020
"1523","00-0036393",2151,-0.00222492797752233,0.0223111030857552,-0.000202266179774757,"Davion Taylor","PHI","LB",2020
"1524","00-0029699",248,-0.00222815877650738,0.022312837415705,-0.000202559888773398,"Tony Bergstrom","SF","OL",2020
"1525","00-0035357",1684,-0.00222974482364387,0.0214176707027001,-0.000202704074876716,"Cameron Lewis","BUF","DB",2020
"1526","00-0032354",664,-0.00223282589413085,0.022273335044657,-0.000202984172193713,"Adam Redmond","DAL","OL",2020
"1527","00-0027973",128,-0.00223804236668177,0.0216890569410403,-0.00020345839697107,"Andy Dalton","DAL","QB",2020
"1528","00-0035139",1564,-0.00224316816652506,0.0224726005235939,-0.000203924378775005,"Marquise Blair","SEA","DB",2020
"1529","00-0033611",1019,-0.00225916015206607,0.0225438519722246,-0.00020537819564237,"Ricky Seals-Jones","KC","TE",2020
"1530","00-0034962",1506,-0.00225929311288316,0.020912816492826,-0.000205390282989378,"Terez Hall","NE","LB",2020
"1531","00-0033460",953,-0.00227213050436104,0.0222993589271514,-0.000206557318578277,"John Ross","CIN","WR",2020
"1532","00-0033720",1035,-0.00228287684934101,0.0219211999060803,-0.000207534259031001,"Colin Thompson","CAR","TE",2020
"1533","00-0034185",1192,-0.00228375783159736,0.0213270164592413,-0.000207614348327033,"Tyler Lancaster","GB","DL",2020
"1534","00-0036317",2084,-0.0022865280518048,0.0221893496982,-0.000207866186527709,"Arlington Hambright","CHI","OL",2020
"1535","00-0034613",1369,-0.00228882068195283,0.0213472215669986,-0.000208074607450258,"Tanner Hudson","TB","TE",2020
"1536","00-0035422",1711,-0.00228954014197441,0.0212880162626916,-0.000208140012906765,"Chris Westry","DAL","DB",2020
"1537","00-0030525",344,-0.0022941080683396,0.0208928425335447,-0.000208555278939964,"Tavon Austin","GB","WR",2020
"1538","00-0032741",755,-0.00229416629612223,0.0217682877134508,-0.000208560572374748,"Peyton Barber","WAS","RB",2020
"1539","00-0033474",961,-0.00235075439569515,0.0221815197101489,-0.000213704945063196,"Gehrig Dieter","KC","WR",2020
"1540","00-0036403",2161,-0.00235132910930064,0.0221088185651602,-0.000213757191754604,"Casey Toohill","WAS","DL",2020
"1541","00-0027150",66,-0.00236287194795998,0.0213790814532949,-0.000214806540723634,"Julian Edelman","NE","WR",2020
"1542","00-0036278",2048,-0.00236801599248031,0.0219363667810986,-0.000215274181134574,"Jason Huntley","PHI","RB",2020
"1543","00-0030575",359,-0.00237276537183939,0.0208667670202647,-0.00021570594289449,"Xavier Rhodes","IND","DB",2020
"1544","00-0033564",997,-0.00237945829592353,0.0219417001167946,-0.000216314390538502,"Jake Butt","DEN","TE",2020
"1545","00-0036171",1972,-0.00239103804063375,0.0220875103452831,-0.000217367094603068,"Aaron Brewer","TEN","OL",2020
"1546","00-0034437",1323,-0.00239129736723878,0.0210654612447385,-0.00021739066974898,"Logan Cooke","JAX","P",2020
"1547","00-0035999",1908,-0.00239434868499447,0.021524688571668,-0.000217668062272225,"Luke Juriga","PHI","OL",2020
"1548","00-0033085",859,-0.00239626979785173,0.0219138639241367,-0.000217842708895612,"Jerald Hawkins","PIT","OL",2020
"1549","00-0033910",1109,-0.00240133692107675,0.0213542189648968,-0.000218303356461523,"Dan Feeney","LAC","OL",2020
"1550","00-0031553",513,-0.00240165812782504,0.0212070291854044,-0.000218332557075004,"Benardrick McKinney","HOU","LB",2020
"1551","00-0034431",1319,-0.00240183658423466,0.020862088773007,-0.000218348780384969,"Zaire Franklin","IND","LB",2020
"1552","00-0036029",1918,-0.0024023563165828,0.0228875360096029,-0.000218396028780255,"Ron'Dell Carter","DAL","DL",2020
"1553","00-0036043",1924,-0.00240580939278557,0.0225810418134126,-0.000218709944798688,"Jace Whittaker","ARI","DB",2020
"1554","00-0034788",1436,-0.00240596338361376,0.0210838088059696,-0.000218723943964887,"Jaeden Graham","ATL","TE",2020
"1555","00-0031584",528,-0.00240724464464969,0.0210732361290387,-0.000218840422240881,"Adrian Amos","GB","DB",2020
"1556","00-0028278",159,-0.00243034463428279,0.0220231447079534,-0.000220940421298435,"Josh Bynes","CIN","LB",2020
"1557","00-0027539",71,-0.00243119576503902,0.0209940263236358,-0.00022101779682173,"Anthony Levine","BAL","DB",2020
"1558","00-0034834",1466,-0.00244501816011924,0.0216265551235795,-0.000222274378192658,"Sam Hubbard","CIN","DL",2020
"1559","00-0035161",1579,-0.00245590831397271,0.0226490578524081,-0.000223264392179338,"John Lovett","GB","QB",2020
"1560","00-0031575",523,-0.0024680208503039,0.0222666405558475,-0.000224365531845809,"Jamil Douglas","TEN","OL",2020
"1561","00-0032627",741,-0.0024716321641181,0.0223396489847597,-0.000224693833101645,"James Burgess","GB","LB",2020
"1562","00-0033763",1044,-0.00247530538342935,0.0219321743380093,-0.000225027762129941,"Evan Baylis","KC","TE",2020
"1563","00-0031181",426,-0.00247990949312072,0.0212580046173572,-0.000225446317556429,"Ricardo Allen","ATL","DB",2020
"1564","00-0036224",2001,-0.002480685419503,0.0216760855681376,-0.000225516856318454,"Jonathan Greenard","HOU","LB",2020
"1565","00-0033909",1108,-0.00250755906722669,0.0217464951038779,-0.000227959915202427,"Pat Elflein","NYJ","OL",2020
"1566","00-0036133",1956,-0.00251830912980483,0.0218968515850633,-0.000228937193618621,"James Proche","BAL","WR",2020
"1567","00-0033973",1147,-0.00252569332896664,0.0218422158815334,-0.000229608484451513,"Elijah Lee","CLE","LB",2020
"1568","00-0033503",965,-0.00253759579508299,0.0204968694091122,-0.000230690526825726,"Arthur Maulet","NYJ","DB",2020
"1569","00-0034802",1447,-0.0025458330807185,0.0227316112048337,-0.000231439370974409,"Nate Holley","MIA","DB",2020
"1570","00-0034390",1291,-0.00255397575735145,0.0210566503271607,-0.000232179614304677,"Tyrell Crosby","DET","OL",2020
"1571","00-0035849",1867,-0.00255466157113577,0.0219367868075772,-0.000232241961012343,"Rodrigo Blankenship","IND","K",2020
"1572","00-0032450",710,-0.00256338297585184,0.0221065281926222,-0.000233034815986531,"Dwayne Washington","NO","RB",2020
"1573","00-0034856",1479,-0.00256568968865464,0.0200942673793305,-0.000233244517150422,"Denzel Ward","CLE","DB",2020
"1574","00-0033917",1114,-0.00256626965997955,0.020722011227925,-0.000233297241816323,"Tarell Basham","NYJ","LB",2020
"1575","00-0033729",1037,-0.00256872741184994,0.0214849770748058,-0.00023352067380454,"Cameron Johnston","PHI","P",2020
"1576","00-0036162",1967,-0.00256999352216609,0.0213176373179525,-0.000233635774742372,"Tyler Bass","BUF","K",2020
"1577","00-0036193",1981,-0.00257511040102374,0.021235471071579,-0.000234100945547613,"Anfernee Jennings","NE","LB",2020
"1578","00-0032971",823,-0.00257971484023072,0.0211360065742532,-0.000234519530930066,"Justin Simmons","DEN","DB",2020
"1579","00-0035279",1640,-0.00259158033583408,0.0204961467813911,-0.000235598212348553,"Charles Omenihu","HOU","DL",2020
"1580","00-0033696",1029,-0.0025924550564472,0.022319789432039,-0.000235677732404291,"Sean Culkin","KC","TE",2020
"1581","00-0033045",837,-0.00259431123099399,0.0211650741308925,-0.000235846475544908,"Ezekiel Elliott","DAL","RB",2020
"1582","00-0033765",1045,-0.00259446778251398,0.0218370926238036,-0.000235860707501271,"Dylan Cole","HOU","LB",2020
"1583","00-0034391",1292,-0.00260817273370548,0.0210845556642324,-0.000237106612155043,"Siran Neal","BUF","DB",2020
"1584","00-0034545",1355,-0.00262079962971933,0.0210378017106341,-0.000238254511792666,"Brandon Facyson","LAC","DB",2020
"1585","00-0027942",111,-0.00264174104552895,0.0211280303994549,-0.000240158276866268,"A.J. Green","CIN","WR",2020
"1586","00-0034364",1267,-0.00265013911369176,0.0212759449692753,-0.000240921737608342,"Jordan Akins","HOU","TE",2020
"1587","00-0034418",1310,-0.00265864240525087,0.0225986906980677,-0.000241694764113716,"Cedrick Wilson","DAL","WR",2020
"1588","00-0032402",686,-0.0026592520973778,0.0221691921471349,-0.000241750190670709,"Hassan Ridgeway","PHI","DL",2020
"1589","00-0034162",1182,-0.00265983882450288,0.0211270075324621,-0.000241803529500262,"J.K. Scott","GB","P",2020
"1590","00-0034429",1317,-0.0026651911196717,0.0217265237821538,-0.000242290101788336,"Jordan Mailata","PHI","OL",2020
"1591","00-0032942",809,-0.00267771254091087,0.02233694723248,-0.000243428412810079,"Kevon Seymour","PHI","DB",2020
"1592","00-0034388",1289,-0.00268337959843019,0.0219614388069814,-0.00024394359985729,"Davontae Harris","BAL","DB",2020
"1593","00-0034686",1394,-0.00268421969890042,0.0231160064941387,-0.000244019972627311,"Auden Tate","CIN","WR",2020
"1594","00-0035705",1828,-0.00269303091343194,0.0210664290058214,-0.000244820992130176,"Jalen Thompson","ARI","DB",2020
"1595","00-0032384",672,-0.00270117130036633,0.0212372442208114,-0.00024556102730603,"Germain Ifedi","CHI","OL",2020
"1596","00-0036316",2083,-0.00270400030532343,0.0212875043280613,-0.000245818209574857,"Chris Claybrooks","JAX","DB",2020
"1597","00-0034771",1424,-0.0027113603998203,0.0223437114465507,-0.000246487309074573,"Mason Rudolph","PIT","QB",2020
"1598","00-0027966",126,-0.00271514588944929,0.0212536221478365,-0.00024683144449539,"Mark Ingram","BAL","RB",2020
"1599","00-0033627",1020,-0.00272464283593544,0.0230352639542991,-0.000247694803266858,"Jason Croom","PHI","TE",2020
"1600","00-0033544",984,-0.00273344490703949,0.0225858417936067,-0.000248494991549045,"Quincy Wilson","NYG","DB",2020
"1601","00-0032432",701,-0.0027344915642137,0.0205589133731749,-0.000248590142201245,"Wes Schweitzer","WAS","OL",2020
"1602","00-0035222",1597,-0.00275001908661386,0.0224294184668434,-0.000250001735146714,"Zach Gentry","PIT","TE",2020
"1603","00-0033006",830,-0.00276418964644309,0.021595033464421,-0.000251289967858463,"Jaydon Mickens","TB","WR",2020
"1604","00-0033357",929,-0.00276470318383578,0.0209645925677957,-0.00025133665307598,"Taysom Hill","NO","QB",2020
"1605","00-0027952",118,-0.00277425984802787,0.0206222596441108,-0.000252205440729807,"Robert Quinn","CHI","LB",2020
"1606","00-0031595",532,-0.00278345898580108,0.021738959654077,-0.000253041725981917,"Michael Burton","NO","RB",2020
"1607","00-0035040",1542,-0.00280309385238359,0.0218294802005325,-0.000254826713853053,"David Blough","DET","QB",2020
"1608","00-0033058",847,-0.00280527197513807,0.0213922247555942,-0.000255024725012552,"Reggie Ragland","DET","LB",2020
"1609","00-0035718",1836,-0.0028145407840848,0.0213812946317207,-0.000255867344007709,"Quinnen Williams","NYJ","DL",2020
"1610","00-0031500",503,-0.00281504519873845,0.0217613248713806,-0.000255913199885314,"Efe Obada","CAR","DL",2020
"1611","00-0031608",536,-0.00283217421708714,0.0209889337391043,-0.000257470383371558,"Quandre Diggs","SEA","DB",2020
"1612","00-0033010",832,-0.00283241212518444,0.0229125812127986,-0.000257492011380403,"Sheldon Day","CLE","DL",2020
"1613","00-0035258",1624,-0.00283931005256512,0.021751061025582,-0.000258119095687738,"Hjalte Froholdt","HOU","OL",2020
"1614","00-0032410",692,-0.00283954633809534,0.0217855663271943,-0.000258140576190486,"Rashard Robinson","DAL","DB",2020
"1615","00-0030576",360,-0.0028426485374515,0.0210922829050756,-0.000258422594313773,"Datone Jones","LV","DL",2020
"1616","00-0035752",1842,-0.00284609022843563,0.0223880948069753,-0.00025873547531233,"Chris Streveler","ARI","QB",2020
"1617","00-0036310",2077,-0.00285993425088999,0.0206815448953876,-0.000259994022808181,"Hakeem Adeniji","CIN","OL",2020
"1618","00-0029946",264,-0.00286254225260801,0.0224652984072685,-0.000260231113873456,"Abry Jones","JAX","DL",2020
"1619","00-0035689",1815,-0.00287405288296765,0.0210562234985074,-0.000261277534815241,"Dawson Knox","BUF","TE",2020
"1620","00-0032203",633,-0.00288280268032394,0.0208778797430287,-0.00026207297093854,"Andrus Peat","NO","OL",2020
"1621","00-0035227",1599,-0.00288923924916875,0.0212417246016085,-0.000262658113560795,"P.J. Locke","DEN","DB",2020
"1622","00-0029955",265,-0.00289613450133131,0.0209406036522598,-0.000263284954666482,"LaRoy Reynolds","ATL","LB",2020
"1623","00-0034755",1414,-0.00291125126916756,0.0219305347180381,-0.00026465920628796,"Shaquem Griffin","SEA","LB",2020
"1624","00-0028664",167,-0.00291504440416444,0.0229404792798908,-0.000265004036742222,"Chris Jones","DAL","P",2020
"1625","00-0030041",272,-0.00291763337967768,0.0208776156448238,-0.000265239398152517,"Nickell Robey","PHI","DB",2020
"1626","00-0034091",1159,-0.00291828322429095,0.0207778885592067,-0.000265298474935541,"George Odum","IND","DB",2020
"1627","00-0033862",1070,-0.00294697085808718,0.022143125548604,-0.000267906441644289,"Zane Gonzalez","ARI","K",2020
"1628","00-0032918",803,-0.00296567234482538,0.0214775666468355,-0.000269606576802307,"C.J. Ham","MIN","RB",2020
"1629","00-0032129",611,-0.00296937790693074,0.0211997379741222,-0.000269943446084613,"Jordan Hicks","ARI","LB",2020
"1630","00-0035684",1810,-0.00297027717099074,0.0222100140516991,-0.000270025197362795,"Deandre Baker","KC","DB",2020
"1631","00-0034977",1516,-0.00297360130041366,0.0208233285642765,-0.000270327390946697,"Sheldrick Redwine","CLE","DB",2020
"1632","00-0035147",1572,-0.00298390935640334,0.0202604836624836,-0.000271264486945759,"Rashad Fenton","KC","DB",2020
"1633","00-0036376",2136,-0.00299493032394645,0.0211847078994386,-0.000272266393086041,"Tyler Biadasz","DAL","OL",2020
"1634","00-0033969",1146,-0.00300777980514054,0.0206383492994245,-0.000273434527740049,"Ifeadi Odenigbo","MIN","DL",2020
"1635","00-0036274",2044,-0.00301530916391722,0.0216505899931656,-0.000274119014901565,"Jeff Okudah","DET","DB",2020
"1636","00-0031300",455,-0.00302711590283563,0.0211247107126995,-0.000275192354803239,"Trent Murphy","BUF","DL",2020
"1637","00-0035677",1804,-0.00303051480883262,0.0214039376147908,-0.000275501346257511,"Nasir Adderley","LAC","DB",2020
"1638","00-0034387",1288,-0.00304014802739416,0.0205609918594832,-0.000276377093399469,"Bilal Nichols","CHI","DL",2020
"1639","00-0035704",1827,-0.00304574826627226,0.0212990792920272,-0.000276886206024751,"Drew Lock","DEN","QB",2020
"1640","00-0033129",882,-0.00305383480855632,0.0210114243669632,-0.000277621346232393,"Carl Nassib","LV","DL",2020
"1641","00-0035674",1802,-0.00305885057106629,0.0211402408138553,-0.00027807732464239,"Jerry Tillery","LAC","DL",2020
"1642","00-0036386",2144,-0.00307162708436973,0.0209568476117932,-0.000279238825851794,"Andrew Thomas","NYG","OL",2020
"1643","00-0031938",575,-0.00307755270981622,0.0215319090585388,-0.000279777519074202,"Carl Davis","NE","DL",2020
"1644","00-0033302",919,-0.00308520462662371,0.0205236285504511,-0.000280473147874883,"Adrian Colbert","NYG","DB",2020
"1645","00-0029146",187,-0.00313675840346849,0.0210805618564855,-0.000285159854860772,"J.R. Sweezy","ARI","OL",2020
"1646","00-0036078",1933,-0.00313708858189165,0.0207319470352424,-0.000285189871081059,"Xavier Jones","LA","RB",2020
"1647","00-0034348",1252,-0.00314744293686424,0.0223526642408863,-0.000286131176078567,"Courtland Sutton","DEN","WR",2020
"1648","00-0028024",138,-0.00317160836678969,0.0210531647288437,-0.000288328033344517,"Allen Bailey","ATL","DL",2020
"1649","00-0034999",1532,-0.00317704778727823,0.0210515800416501,-0.000288822526116203,"Ty Summers","GB","LB",2020
"1650","00-0025825",36,-0.003178347670032,0.0210499326287557,-0.000288940697275637,"Brett Kern","TEN","P",2020
"1651","00-0032792",782,-0.00318855931599912,0.022829171727061,-0.000289869028727193,"Nate Sudfeld","PHI","QB",2020
"1652","00-0031031",393,-0.00319599111840554,0.0226072162317209,-0.000290544647127776,"Brent Qvale","HOU","OL",2020
"1653","00-0033535",975,-0.0031992637256284,0.0224760934388594,-0.000290842156875309,"Daniel Ross","JAX","DL",2020
"1654","00-0033047",839,-0.00321147848943346,0.0220829260322243,-0.000291952589948497,"Anthony Brown","DAL","DB",2020
"1655","00-0035094",1550,-0.00321220064878497,0.0204072274691516,-0.000292018240798634,"Bryan Mone","SEA","DL",2020
"1656","00-0035993",1905,-0.00322293851095815,0.0221026787656605,-0.000292994410087105,"Tyler Huntley","BAL","QB",2020
"1657","00-0036436",2191,-0.00322988510338551,0.0225121172924149,-0.000293625918489591,"Sam Sloman","TEN","K",2020
"1658","00-0034723",1398,-0.00323132696047769,0.0214935343444302,-0.000293756996407063,"Nick Thurman","NE","DL",2020
"1659","00-0034109",1162,-0.00323910876186501,0.0212299943839808,-0.000294464432896819,"Phillip Lindsay","DEN","RB",2020
"1660","00-0034052",1152,-0.00325513437224691,0.0207152883521704,-0.000295921306567901,"Brandon Zylstra","CAR","WR",2020
"1661","00-0033563",996,-0.00327654673204202,0.0208915799839058,-0.000297867884731093,"Carlos Watkins","HOU","DL",2020
"1662","00-0032262",657,-0.00328594504991919,0.0206547092886192,-0.00029872227726538,"Landon Collins","WAS","DB",2020
"1663","00-0031095",407,-0.00329506237331144,0.0206712448881487,-0.000299551124846495,"Charles Leno","CHI","OL",2020
"1664","00-0023298",13,-0.00330679983130868,0.0225424185389612,-0.000300618166482607,"L.P. Ladouceur","DAL","LS",2020
"1665","00-0031956",579,-0.00331508664750514,0.0211639624764141,-0.000301371513409558,"Anthony Chickillo","DEN","LB",2020
"1666","00-0032496",717,-0.00332715550488819,0.0208499392662392,-0.000302468682262563,"Matthias Farley","NYJ","DB",2020
"1667","00-0031297",452,-0.00333803052678574,0.0215539116680136,-0.000303457320616885,"Dee Ford","SF","DL",2020
"1668","00-0029688",245,-0.00334185366618839,0.0206514868463083,-0.000303804878744399,"Dontari Poe","DAL","DL",2020
"1669","00-0036268",2039,-0.00335928116700925,0.0206854630343581,-0.000305389197000841,"Laviska Shenault","JAX","WR",2020
"1670","00-0032809",786,-0.00336079761330644,0.0208687395186409,-0.000305527055755131,"Joe Walker","SF","LB",2020
"1671","00-0026625",52,-0.003363666076568,0.0223867280027106,-0.000305787825142546,"Brian Hoyer","NE","QB",2020
"1672","00-0036229",2005,-0.00336840588980055,0.0211886381383128,-0.000306218717254596,"Jordan Glasgow","IND","LB",2020
"1673","00-0032398",683,-0.00336895138058689,0.0223014844660558,-0.000306268307326081,"Chris Moore","BAL","WR",2020
"1674","00-0034334",1242,-0.0033715195444812,0.0199529161086777,-0.000306501776771018,"Troy Apke","WAS","DB",2020
"1675","00-0032791",781,-0.0033924587371696,0.0210494759605698,-0.000308405339742691,"Jakeem Grant","MIA","WR",2020
"1676","00-0031991",583,-0.00340325617557172,0.0216684813766764,-0.000309386925051975,"De'Vante Bausby","DEN","DB",2020
"1677","00-0032759",758,-0.0034300997108147,0.0212041414281181,-0.0003118272464377,"Sheldon Rankins","NO","DL",2020
"1678","00-0035970",1900,-0.00343292440730584,0.0219264839721037,-0.000312084037027804,"Stanford Samuels","GB","DB",2020
"1679","00-0032380",668,-0.00343459557839919,0.0208364956667832,-0.000312235961672654,"Laremy Tunsil","HOU","OL",2020
"1680","00-0035102",1552,-0.00343519305247749,0.0216333710481927,-0.000312290277497954,"Brandon Dillon","MIN","TE",2020
"1681","00-0036388",2146,-0.00344066222579254,0.0211792948443228,-0.000312787475072049,"Xavier McKinney","NYG","DB",2020
"1682","00-0033782",1048,-0.00344365180954648,0.0206978381163758,-0.000313059255413317,"DeMarcus Walker","DEN","DL",2020
"1683","00-0034168",1186,-0.00344698813991171,0.0213790627031903,-0.000313362558173792,"Hunter Bradley","GB","LS",2020
"1684","00-0032569",730,-0.00345638813302232,0.0215322591777799,-0.000314217103002029,"Wil Lutz","NO","K",2020
"1685","00-0034485",1336,-0.00346378447734671,0.0222764064952019,-0.00031488949794061,"Jonathan Owens","HOU","DB",2020
"1686","00-0034177",1189,-0.00346403419973229,0.0231330020563415,-0.000314912199975662,"Tim Boyle","GB","QB",2020
"1687","00-0028237",157,-0.00346931778348219,0.0215671775532341,-0.000315392525771108,"Chris Hogan","NYJ","WR",2020
"1688","00-0035795",1849,-0.00346966891734618,0.0220604792802572,-0.000315424447031471,"James Pierre","PIT","DB",2020
"1689","00-0030496",335,-0.00347834590987245,0.0221672430695443,-0.000316213264533859,"Le'Veon Bell","KC","RB",2020
"1690","00-0033676",1027,-0.00348461511046914,0.0219088645205899,-0.000316783191860831,"Elijah Wilkinson","DEN","OL",2020
"1691","00-0024333",27,-0.00350017987505207,0.0213830511127255,-0.000318198170459279,"Stephen Gostkowski","TEN","K",2020
"1692","00-0034359",1262,-0.00350188620532419,0.0201986690728592,-0.000318353291393108,"Tyquan Lewis","IND","DL",2020
"1693","00-0033854",1064,-0.00351672688058045,0.0214079804280788,-0.000319702443689132,"Dare Ogunbowale","JAX","RB",2020
"1694","00-0032057",593,-0.00351865605974463,0.0204986311272203,-0.000319877823613148,"Jaquiski Tartt","SF","DB",2020
"1695","00-0034657",1378,-0.00352973053505595,0.0218390748444083,-0.000320884594095995,"Matt Dickerson","TEN","DL",2020
"1696","00-0035664",1793,-0.00353240576185521,0.0221354013949933,-0.000321127796532292,"Darrell Henderson","LA","RB",2020
"1697","00-0028037",139,-0.00355871464119639,0.0209455270933377,-0.000323519512836035,"K.J. Wright","SEA","LB",2020
"1698","00-0033954",1140,-0.00357053312367837,0.0211488692635841,-0.000324593920334398,"Jayon Brown","TEN","LB",2020
"1699","00-0023482",17,-0.00357781112327862,0.0224776879931949,-0.000325255556661693,"Mike Nugent","ARI","K",2020
"1700","00-0035530",1734,-0.00360344427437144,0.0208940598671566,-0.000327585843124676,"Khari Willis","IND","DB",2020
"1701","00-0033215",892,-0.00361963844831328,0.0217284494002668,-0.000329058040755753,"Cyril Grayson","TB","WR",2020
"1702","00-0031911",568,-0.00362018281992308,0.0211525001801876,-0.000329107529083917,"Rick Lovato","PHI","LS",2020
"1703","00-0032408",690,-0.00362958179725558,0.0210844562612562,-0.000329961981568689,"Blake Martinez","NYG","LB",2020
"1704","00-0035656",1787,-0.00367589681241577,0.0222988436754968,-0.000334172437492343,"Khalen Saunders","KC","DL",2020
"1705","00-0033931",1125,-0.00369566947490084,0.0223339190426989,-0.000335969952263713,"Delano Hill","SEA","DB",2020
"1706","00-0034487",1337,-0.00369815340459011,0.0215413251622618,-0.000336195764053646,"Trent Sherfield","ARI","WR",2020
"1707","00-0034346",1250,-0.00370554627834361,0.0212607218390348,-0.000336867843485783,"Will Hernandez","NYG","OL",2020
"1708","00-0031331",460,-0.00371672603187663,0.020611042131768,-0.000337884184716058,"Pierre Desir","BAL","DB",2020
"1709","00-0033392",938,-0.00372027736587007,0.0206983451063492,-0.000338207033260915,"Harvey Langi","NYJ","LB",2020
"1710","00-0034588",1362,-0.00374213238033772,0.0222023454312797,-0.000340193852757975,"Trent Harris","NYG","LB",2020
"1711","00-0035156",1577,-0.00375695951922793,0.0216361618645995,-0.000341541774475267,"Jack Fox","DET","P",2020
"1712","00-0022127",4,-0.00376027355953083,0.0219660831310338,-0.000341843050866439,"Jason Witten","LV","TE",2020
"1713","00-0032200",632,-0.00376030092733659,0.0220762314043651,-0.000341845538848781,"Ty Montgomery","NO","RB",2020
"1714","00-0032655",745,-0.00380095439643434,0.0211231791967336,-0.000345541308766758,"Romeo Okwara","DET","DL",2020
"1715","00-0032419",697,-0.00380180777383793,0.022374475351916,-0.000345618888530721,"Joe Haeg","TB","OL",2020
"1716","00-0031052",400,-0.00380823620126617,0.0209223082610457,-0.000346203291024197,"Bashaud Breeland","KC","DB",2020
"1717","00-0034054",1153,-0.0038197647872771,0.0232933579121722,-0.000347251344297918,"River Cracraft","SF","WR",2020
"1718","00-0022455",5,-0.00382724809364552,0.0220333759584124,-0.000347931644876866,"Don Muhlbach","DET","LS",2020
"1719","00-0031404",490,-0.0038454658111,0.0208425997088966,-0.000349587801009091,"Adrian Phillips","NE","DB",2020
"1720","00-0031256",439,-0.00385065443618856,0.0215662380782622,-0.00035005949419896,"Anthony Barr","MIN","LB",2020
"1721","00-0036187",1976,-0.00385192982419528,0.020361960629573,-0.000350175438563207,"Reggie Gilliam","BUF","TE",2020
"1722","00-0033119",874,-0.00385331578872569,0.0214703352365524,-0.000350301435338699,"Jacoby Brissett","IND","QB",2020
"1723","00-0035220",1596,-0.00385375959391141,0.0218309258309361,-0.000350341781264673,"Derwin Gray","JAX","OL",2020
"1724","00-0036343",2109,-0.00385831811001676,0.0212368948209561,-0.000350756191819705,"Khaleke Hudson","WAS","LB",2020
"1725","00-0029693",247,-0.00386179493843404,0.0204540361778511,-0.000351072267130368,"Olivier Vernon","CLE","DL",2020
"1726","00-0035850",1868,-0.00386443230649802,0.022709164872634,-0.000351312027863457,"Kameron Cline","IND","DL",2020
"1727","00-0032980",827,-0.00387363411712384,0.0215926899761883,-0.000352148556102167,"Marcus Johnson","TEN","WR",2020
"1728","00-0035135",1561,-0.00388348621172713,0.0226588569690244,-0.000353044201066103,"Tim Ward","KC","DL",2020
"1729","00-0032575",732,-0.00388772217138047,0.0209565594940826,-0.000353429288307316,"Matt Skura","BAL","OL",2020
"1730","00-0035291",1651,-0.00390574934202311,0.0224800393281344,-0.000355068122002101,"Trayveon Williams","CIN","RB",2020
"1731","00-0035352",1682,-0.00393611456375566,0.0212044151316323,-0.00035782859670506,"Tyrel Dodson","BUF","LB",2020
"1732","00-0034801",1446,-0.00395594638835135,0.0211816163349248,-0.000359631489850122,"Josh Woods","CHI","LB",2020
"1733","00-0034381",1282,-0.00396841010111243,0.0211910362168354,-0.000360764554646584,"Josh Sweat","PHI","DL",2020
"1734","00-0034646",1375,-0.00396986656853314,0.0220842676602415,-0.00036089696077574,"Brandon Powell","ATL","WR",2020
"1735","00-0034179",1190,-0.00396990450354661,0.0209812606058597,-0.000360900409413328,"Raven Greene","GB","DB",2020
"1736","00-0035234",1605,-0.00397016167995636,0.0204355359890265,-0.000360923789086942,"Tytus Howard","HOU","OL",2020
"1737","00-0036371",2131,-0.00397303337285508,0.0215074481851524,-0.000361184852077734,"Leki Fotu","ARI","DL",2020
"1738","00-0031558",518,-0.00398643358633201,0.0218122283989461,-0.00036240305330291,"Maxx Williams","ARI","TE",2020
"1739","00-0026814",55,-0.00400215307944446,0.0222147424430834,-0.000363832098131314,"Demar Dotson","DEN","OL",2020
"1740","00-0031261",442,-0.00400319128480149,0.0212554811428557,-0.000363926480436499,"Tre Boston","CAR","DB",2020
"1741","00-0036335",2101,-0.00400612886926222,0.0211843551473881,-0.000364193533569293,"D.J. Wonnum","MIN","DL",2020
"1742","00-0035965",1899,-0.00403141118019612,0.0227795936620593,-0.000366491925472374,"Tipa Galeai","GB","DL",2020
"1743","00-0033121",876,-0.00403700110661388,0.0217689120784777,-0.000367000100601262,"B.J. Goodson","CLE","LB",2020
"1744","00-0027954",119,-0.00404154218250017,0.0205807884076595,-0.000367412925681833,"Ryan Kerrigan","WAS","DL",2020
"1745","00-0034393",1294,-0.00404249129473792,0.0218622918134079,-0.000367499208612538,"Troy Fumagalli","DEN","TE",2020
"1746","00-0034958",1503,-0.0040645517239114,0.0210820999973047,-0.000369504702173764,"Tyree St. Louis","LAC","OL",2020
"1747","00-0035310",1661,-0.00407509858113698,0.021475086159602,-0.000370463507376089,"Chandler Cox","MIA","RB",2020
"1748","00-0035650",1782,-0.00407886281627404,0.022505964426305,-0.000370805710570367,"Justin Layne","PIT","DB",2020
"1749","00-0030155",300,-0.0040815258478007,0.0212458645525912,-0.000371047804345518,"Demetrius Harris","CHI","TE",2020
"1750","00-0034424",1314,-0.00408844220577197,0.0210148283700244,-0.000371676564161088,"Matthew Adams","IND","LB",2020
"1751","00-0032204",634,-0.00408848319304208,0.0213706837496656,-0.000371680290276553,"Chaz Green","IND","OL",2020
"1752","00-0032416",695,-0.00411086959457258,0.0221582414586001,-0.000373715417688416,"Quinton Jefferson","BUF","DL",2020
"1753","00-0035827",1856,-0.00412374230741939,0.0218680162830392,-0.000374885664310854,"Ross Matiscik","JAX","LS",2020
"1754","00-0030578",362,-0.00417531412590817,0.0203589273556597,-0.000379574011446197,"Cordarrelle Patterson","CHI","WR",2020
"1755","00-0036157",1963,-0.0041779919321698,0.0214773083815428,-0.000379817448379072,"Kristian Welch","BAL","LB",2020
"1756","00-0033324",925,-0.00418284668413304,0.0217311844071025,-0.00038025878946664,"Tashawn Bower","NE","DL",2020
"1757","00-0032366",665,-0.00418428658391483,0.0215430945556739,-0.000380389689446802,"Tyler Matakevich","BUF","LB",2020
"1758","00-0028411",165,-0.00418710537431187,0.0212229917678687,-0.000380645943119261,"Dontrelle Inman","WAS","WR",2020
"1759","00-0036220",1997,-0.00419671682209066,0.0208952418242773,-0.000381519711099151,"Derrick Brown","CAR","DL",2020
"1760","00-0036160",1966,-0.00420244199258255,0.0230788430159957,-0.000382040181143868,"Jason Strowbridge","MIA","DL",2020
"1761","00-0034302",1231,-0.00420330819914447,0.0213709260737982,-0.000382118927194952,"Frankie Luvu","NYJ","LB",2020
"1762","00-0027688",83,-0.00420394739516075,0.0214984675488513,-0.000382177035923704,"Colt McCoy","NYG","QB",2020
"1763","00-0029678",242,-0.0042044242928248,0.0208580601888409,-0.0003822203902568,"David DeCastro","PIT","OL",2020
"1764","00-0030725",373,-0.00423847749374568,0.0207882722811269,-0.000385316135795061,"Cornelius Lucas","WAS","OL",2020
"1765","00-0035697",1821,-0.00424621476400183,0.0205428715923099,-0.000386019524000166,"Germaine Pratt","CIN","LB",2020
"1766","00-0032053",591,-0.00425004677420783,0.0213268223030957,-0.000386367888564348,"Brandon Scherff","WAS","OL",2020
"1767","00-0028129",151,-0.00426305154414621,0.0206044131039969,-0.000387550140376928,"Jason Kelce","PHI","OL",2020
"1768","00-0035265",1630,-0.00428800943547751,0.0208841609990213,-0.000389819039588865,"John Cominsky","ATL","DL",2020
"1769","00-0034928",1493,-0.00432718734771895,0.0212309971846509,-0.00039338066797445,"Steven Sims","WAS","WR",2020
"1770","00-0030993",387,-0.0043404858209003,0.0212801525464859,-0.000394589620081845,"Aaron Lynch","JAX","LB",2020
"1771","00-0032065",598,-0.00434590218767666,0.0221582892592792,-0.000395082017061514,"Bradley Pinion","TB","P",2020
"1772","00-0033523",968,-0.00435091055282781,0.0206807717937209,-0.000395537322984347,"Jonathan Allen","WAS","DL",2020
"1773","00-0035390",1695,-0.00436386307237008,0.0219721899863408,-0.000396714824760916,"Anthony Rush","GB","DL",2020
"1774","00-0031015",389,-0.00437838961210802,0.021482077590636,-0.000398035419282547,"Phillip Gaines","HOU","DB",2020
"1775","00-0027720",87,-0.00437938077417484,0.0216633918181193,-0.000398125524924986,"Geno Atkins","CIN","DL",2020
"1776","00-0032401",685,-0.00438050955533715,0.0210984784680751,-0.000398228141394286,"De'Vondre Campbell","ARI","LB",2020
"1777","00-0034730",1402,-0.00439102473882371,0.0213263515300185,-0.000399184067165792,"Marcell Harris","SF","DB",2020
"1778","00-0034142",1174,-0.00440544327916865,0.0202944482919044,-0.000400494843560786,"J.C. Hassenauer","PIT","OL",2020
"1779","00-0034854",1477,-0.00440940130898397,0.0201324562916943,-0.000400854664453088,"Khadarel Hodge","CLE","WR",2020
"1780","00-0035085",1549,-0.00441203290851631,0.022289484288733,-0.00040109390077421,"Randy Ramsey","GB","LB",2020
"1781","00-0036240",2016,-0.00443543467138734,0.022437249403512,-0.000403221333762485,"Chris Jackson","TEN","DB",2020
"1782","00-0032521",722,-0.00445009636777664,0.0218241111152403,-0.000404554215252422,"Mike Hilton","PIT","DB",2020
"1783","00-0031787",554,-0.00446132933209551,0.022621658737082,-0.000405575393826864,"Jake Kumerow","NO","WR",2020
"1784","00-0032210",636,-0.0044618150457104,0.0212607778037078,-0.000405619549610037,"Frank Clark","KC","DL",2020
"1785","00-0033881",1085,-0.00446555976652516,0.0212082000636753,-0.000405959978775014,"Evan Engram","NYG","TE",2020
"1786","00-0027662",78,-0.00447213863235234,0.0208585095845078,-0.000406558057486576,"Carlos Dunlap","SEA","DL",2020
"1787","00-0034835",1467,-0.00447659195522148,0.021733944650617,-0.000406962905020135,"Malik Jefferson","LAC","LB",2020
"1788","00-0035633",1770,-0.00450710735778942,0.0207718567505384,-0.000409737032526311,"Corey Ballentine","NYJ","DB",2020
"1789","00-0027891",107,-0.0045447910317459,0.0214535280709972,-0.000413162821067809,"Golden Tate","NYG","WR",2020
"1790","00-0033063",849,-0.0045498136471125,0.0220406258668401,-0.000413619422464773,"Zach Wood","NO","LS",2020
"1791","00-0033716",1034,-0.00456338261729832,0.0218943102532351,-0.000414852965208938,"Calvin Munson","MIA","LB",2020
"1792","00-0028075",143,-0.00456385995557991,0.0207338193450386,-0.000414896359598173,"Buster Skrine","CHI","DB",2020
"1793","00-0036289",2057,-0.00459062333603811,0.0217623027741846,-0.000417329394185282,"Ross Blacklock","HOU","DL",2020
"1794","00-0029606",227,-0.00460354914983548,0.0208185574306718,-0.000418504468166862,"Harrison Smith","MIN","DB",2020
"1795","00-0035957",1895,-0.00460742287463996,0.0223342047349029,-0.000418856624967269,"Rodney Smith","CAR","RB",2020
"1796","00-0035292",1652,-0.00461069351437651,0.0207529443160705,-0.00041915395585241,"David Long","TEN","LB",2020
"1797","00-0036340",2106,-0.00462496672825425,0.021450487630803,-0.000420451520750386,"Antonio Gandy-Golden","WAS","WR",2020
"1798","00-0031308",456,-0.0046290988895629,0.020410399289407,-0.000420827171778446,"Kevin Pierre-Louis","WAS","LB",2020
"1799","00-0033359",930,-0.00464181225245919,0.0224362870546226,-0.000421982932041745,"Adam Pankey","MIA","OL",2020
"1800","00-0035306",1659,-0.00464659643294071,0.0217338242793481,-0.000422417857540065,"Darryl Johnson","BUF","DL",2020
"1801","00-0036304",2071,-0.00465532801424328,0.0219362599866088,-0.00042321163765848,"John Reid","HOU","DB",2020
"1802","00-0033114",872,-0.00470351865774413,0.021215015274636,-0.000427592605249467,"Mike Thomas","CIN","WR",2020
"1803","00-0032215",639,-0.00471118057840375,0.0206022339596708,-0.00042828914349125,"Damien Wilson","KC","LB",2020
"1804","00-0031868",563,-0.00472331160018738,0.0217558442433979,-0.000429391963653398,"Damiere Byrd","NE","WR",2020
"1805","00-0030279",309,-0.00472677402225985,0.0208976551449582,-0.00042970672929635,"Keenan Allen","LAC","WR",2020
"1806","00-0033598",1017,-0.00476011943216951,0.0214915720546886,-0.000432738130197228,"Eli Ankou","DAL","DL",2020
"1807","00-0035962",1898,-0.00476857320001987,0.0213308074647122,-0.000433506654547261,"Henry Black","GB","DB",2020
"1808","00-0034392",1293,-0.00476891182373106,0.0222072623208922,-0.000433537438521006,"Scott Quessenberry","LAC","OL",2020
"1809","00-0035261",1626,-0.00477089839250045,0.0215617768345609,-0.000433718035681859,"Tony Pollard","DAL","RB",2020
"1810","00-0030573",358,-0.00477364716540162,0.0211131629630079,-0.00043396792412742,"Sheldon Richardson","CLE","DL",2020
"1811","00-0031557",517,-0.00480152429416227,0.0219484858022097,-0.000436502208560206,"Jordan Phillips","ARI","DL",2020
"1812","00-0034463",1332,-0.00480920579738357,0.0222451784199888,-0.00043720052703487,"Joe Ostman","PHI","DL",2020
"1813","00-0034729",1401,-0.00482117720632209,0.0212372702493952,-0.000438288836938372,"Jamarco Jones","SEA","OL",2020
"1814","00-0034363",1266,-0.00483724217124942,0.0219306062895911,-0.000439749288295401,"Deadrin Senat","ATL","DL",2020
"1815","00-0036110",1945,-0.00484666114261599,0.0225253871322803,-0.000440605558419635,"Ja'Marcus Bradley","CLE","WR",2020
"1816","00-0035022",1538,-0.00484772993970385,0.0223752798801652,-0.000440702721791259,"Penny Hart","SEA","WR",2020
"1817","00-0036281",2050,-0.00484828579722869,0.021390676301525,-0.000440753254293517,"C.J. Henderson","JAX","DB",2020
"1818","00-0026544",50,-0.00485545347199581,0.0223378699871525,-0.000441404861090528,"Chase Daniel","DET","QB",2020
"1819","00-0035615",1760,-0.00485625053486958,0.0215254095332276,-0.00044147732135178,"Natrez Patrick","LA","LB",2020
"1820","00-0030472",333,-0.00486614106271091,0.0209318644669081,-0.000442376460246447,"Jordan Reed","SF","TE",2020
"1821","00-0035698",1822,-0.0048682174460937,0.0219280710161141,-0.000442565222372155,"Chuma Edoga","NYJ","OL",2020
"1822","00-0031957",580,-0.00487832025233721,0.0210736742315282,-0.000443483659303383,"Rakeem Nunez-Roches","TB","DL",2020
"1823","00-0034779",1430,-0.00490260399790538,0.0211331461840498,-0.000445691272536852,"Ronnie Harrison","CLE","DB",2020
"1824","00-0036344",2110,-0.00491337317611002,0.0220484276389641,-0.000446670288737275,"Harrison Hand","MIN","DB",2020
"1825","00-0029255",194,-0.00491961196460207,0.0209970491500654,-0.000447237451327461,"Bobby Wagner","SEA","LB",2020
"1826","00-0030083",286,-0.00492990708816033,0.020721704455453,-0.000448173371650939,"Oday Aboushi","DET","OL",2020
"1827","00-0032128",610,-0.00493908133187958,0.0213911962497131,-0.000449007393807234,"Chris Conley","JAX","WR",2020
"1828","00-0036065",1929,-0.00494253478071911,0.0218917216119595,-0.000449321343701737,"Auzoyah Alufohai","HOU","DL",2020
"1829","00-0032950",812,-0.00496534460961888,0.0210818396240411,-0.000451394964510807,"Carson Wentz","PHI","QB",2020
"1830","00-0032734",754,-0.0049827205135869,0.0204846718633144,-0.000452974592144264,"Brennan Scarlett","HOU","LB",2020
"1831","00-0032412",693,-0.0050141418661781,0.0202701719219753,-0.000455831078743464,"Dean Lowry","GB","DL",2020
"1832","00-0035670",1799,-0.00502635473512166,0.0216598439732264,-0.000456941339556514,"Dakota Allen","JAX","LB",2020
"1833","00-0032940",808,-0.00502893584709834,0.0220631728667195,-0.000457175986099849,"DeAndre Washington","MIA","RB",2020
"1834","00-0035998",1907,-0.00503217901386168,0.022313201444571,-0.000457470819441971,"Michael Jacquet","PHI","DB",2020
"1835","00-0036293",2061,-0.00503665387487575,0.0211595349088648,-0.000457877624988704,"Jeremy Chinn","CAR","DB",2020
"1836","00-0030443",324,-0.00504707928246982,0.0209762824325199,-0.000458825389315439,"Levine Toilolo","NYG","TE",2020
"1837","00-0033196",890,-0.00506395723621708,0.0222035952636271,-0.000460359748747007,"Zach Triner","TB","LS",2020
"1838","00-0034370",1272,-0.00507023645298866,0.0203157746131509,-0.000460930586635333,"DaeSean Hamilton","DEN","WR",2020
"1839","00-0032790",780,-0.00507470001996401,0.0209788475478315,-0.000461336365451274,"DeAndre Houston-Carson","CHI","DB",2020
"1840","00-0027114",64,-0.0050756557717352,0.0222458361086585,-0.000461423251975927,"Thomas Morstead","NO","P",2020
"1841","00-0032007",586,-0.00507614644687463,0.0213797329990623,-0.000461467858806784,"Quinton Dunbar","SEA","DB",2020
"1842","00-0034768",1423,-0.00509690316979344,0.0207474910988239,-0.000463354833617585,"Chukwuma Okorafor","PIT","OL",2020
"1843","00-0034590",1363,-0.00510069119758794,0.0227993439976108,-0.000463699199780722,"Frank Herron","DET","DL",2020
"1844","00-0032970",822,-0.00510939259685905,0.0217255252224691,-0.000464490236078096,"Jordan Jenkins","NYJ","LB",2020
"1845","00-0034959",1504,-0.00511610015814414,0.0216244966433966,-0.00046510001437674,"Andrew Beck","DEN","TE",2020
"1846","00-0029577",221,-0.00511617278546854,0.0210397709533479,-0.000465106616860776,"Danny Trevathan","CHI","LB",2020
"1847","00-0034385",1286,-0.00512189156107959,0.0223145560172157,-0.00046562650555269,"Ja'Whaun Bentley","NE","LB",2020
"1848","00-0034081",1156,-0.00512437958832198,0.022340357786436,-0.000465852689847453,"Steven Mitchell","HOU","WR",2020
"1849","00-0030484",334,-0.00512536685919127,0.0212077992936982,-0.000465942441744661,"Jamar Taylor","SF","DB",2020
"1850","00-0032392",679,-0.00512550317254637,0.0213146497639003,-0.000465954833867852,"Austin Hooper","CLE","TE",2020
"1851","00-0033907",1106,-0.00513608420916033,0.0210503932952621,-0.000466916746287303,"Dawuane Smoot","JAX","DL",2020
"1852","00-0030555",350,-0.00513669081821844,0.0212981001556392,-0.000466971892565313,"Dion Jordan","SF","DL",2020
"1853","00-0033940",1129,-0.00514372186792101,0.020298230746241,-0.00046761107890191,"Jaleel Johnson","MIN","DL",2020
"1854","00-0032965",818,-0.00514968904626373,0.0216867946983541,-0.000468153549660339,"Ronnie Stanley","BAL","OL",2020
"1855","00-0032986",828,-0.00515156209755003,0.0216317117064522,-0.000468323827050003,"J.P. Holtz","CHI","TE",2020
"1856","00-0032528",724,-0.0051556872079255,0.0215470942129998,-0.000468698837084137,"Justin Murray","ARI","OL",2020
"1857","00-0031122",412,-0.00516372677459593,0.0211025167704993,-0.000469429706781448,"Andrew Norwell","JAX","OL",2020
"1858","00-0035713",1833,-0.00517939316059243,0.0212076115271977,-0.000470853923690221,"Brian Burns","CAR","DL",2020
"1859","00-0029643",236,-0.00519157848731635,0.0211089210030876,-0.000471961680665122,"Whitney Mercilus","HOU","LB",2020
"1860","00-0031166",420,-0.00522049304103668,0.0221465056140999,-0.00047459027645788,"Seth Roberts","GB","WR",2020
"1861","00-0032393",680,-0.00522927742568566,0.0226941296325691,-0.000475388856880514,"C.J. Prosise","TB","RB",2020
"1862","00-0034743",1405,-0.0052344514054897,0.0215082620591421,-0.000475859218680882,"Rashaan Evans","TEN","LB",2020
"1863","00-0034419",1311,-0.00525685142496424,0.0216081853558526,-0.000477895584087658,"Braxton Berrios","NYJ","WR",2020
"1864","00-0027686",82,-0.00526375335420442,0.0213175669635813,-0.000478523032200402,"Corey Peters","ARI","DL",2020
"1865","00-0027136",65,-0.00526573509231192,0.0207133246516521,-0.000478703190210174,"Jason McCourty","NE","DB",2020
"1866","00-0033577",1006,-0.00527564334558528,0.0206112724092941,-0.000479603940507753,"Nathan Gerry","PHI","LB",2020
"1867","00-0030968",386,-0.00529391197613831,0.0215358189705753,-0.000481264725103482,"Keith Smith","ATL","RB",2020
"1868","00-0035311",1662,-0.00530069240891213,0.0209706145343014,-0.000481881128082921,"Myles Gaskin","MIA","RB",2020
"1869","00-0030404",318,-0.00530965441980415,0.022768517262977,-0.000482695856345832,"Chris Thompson","JAX","RB",2020
"1870","00-0036429",2184,-0.00531482761291599,0.0218353957527748,-0.000483166146628726,"Charlie Woerner","SF","TE",2020
"1871","00-0032888",796,-0.0053190779756754,0.0209648357064826,-0.000483552543243218,"Karl Joseph","CLE","DB",2020
"1872","00-0034446",1328,-0.00532340982475734,0.0222007710204874,-0.000483946347705213,"Jalen Davis","CIN","DB",2020
"1873","00-0036284",2052,-0.0053338543878673,0.02162830253807,-0.000484895853442482,"Mekhi Becton","NYJ","OL",2020
"1874","00-0032214",638,-0.00534050066184233,0.0212832245156643,-0.000485500060167485,"Tyler Kroft","BUF","TE",2020
"1875","00-0035266",1631,-0.0053564086154758,0.021259925753906,-0.000486946237770527,"Michael Jordan","CIN","OL",2020
"1876","00-0033038",835,-0.00535738870836123,0.0223030264747728,-0.000487035337123748,"Eric Murray","HOU","DB",2020
"1877","00-0033094",863,-0.00536345243345054,0.0206973283819999,-0.00048758658485914,"Marvin Hall","CLE","WR",2020
"1878","00-0036341",2107,-0.00537261306803331,0.0215970397839858,-0.00048841936982121,"Khalid Kareem","CIN","DL",2020
"1879","00-0036356",2118,-0.00537691536583933,0.020804632447618,-0.000488810487803576,"Isaiah Simmons","ARI","LB",2020
"1880","00-0028149",153,-0.00537729985395818,0.0221451312808411,-0.000488845441268925,"Bruce Miller","JAX","RB",2020
"1881","00-0032143",616,-0.00537881327530291,0.0215174811143263,-0.000488983025027537,"Danny Shelton","DET","DL",2020
"1882","00-0036336",2102,-0.00538395676364429,0.0229773413205296,-0.000489450614876754,"Anthony McFarland","PIT","RB",2020
"1883","00-0032785",776,-0.00541534695545048,0.0208039543920862,-0.000492304268677317,"Halapoulivaati Vaitai","DET","OL",2020
"1884","00-0028292",161,-0.00546159145620874,0.0217367156765014,-0.000496508314200794,"Nick Bellore","SEA","RB",2020
"1885","00-0034495",1340,-0.00551877816642208,0.0222798581279572,-0.000501707106038371,"Evan Brown","DET","OL",2020
"1886","00-0034270",1216,-0.00554686397923536,0.0201784136898931,-0.000504260361748669,"Tyler Conklin","MIN","TE",2020
"1887","00-0031596",533,-0.00557140635864059,0.0213102785435155,-0.000506491487149144,"David Mayo","NYG","LB",2020
"1888","00-0036416",2172,-0.00558902995599158,0.0216234067659142,-0.000508093632362871,"Kristian Fulton","TEN","DB",2020
"1889","00-0031242",436,-0.00559380934225411,0.0215556933330791,-0.000508528122023101,"Shamar Stephen","MIN","DL",2020
"1890","00-0032042",588,-0.00559771151303072,0.0215593747592687,-0.000508882864820975,"Curtis Riley","MIN","DB",2020
"1891","00-0031799",557,-0.00560868928068505,0.0212786285579509,-0.000509880843698641,"Anthony Harris","MIN","DB",2020
"1892","00-0034781",1432,-0.00565042765913255,0.0218792825533226,-0.000513675241739323,"Dorian O'Daniel","KC","LB",2020
"1893","00-0033053",844,-0.00569266715788611,0.0221739584882085,-0.000517515196171465,"Sean Davis","PIT","DB",2020
"1894","00-0034682",1391,-0.00573717771522566,0.0213951344076375,-0.00052156161047506,"Genard Avery","PHI","DL",2020
"1895","00-0030670",369,-0.00573769453641788,0.0213871874263127,-0.000521608594219808,"Bennie Fowler","NO","WR",2020
"1896","00-0035984",1903,-0.00575330669541046,0.0221772383428872,-0.000523027881400951,"Blake Lynch","MIN","LB",2020
"1897","00-0033131",883,-0.0057626740742027,0.0202320133700451,-0.000523879461291154,"Maliek Collins","LV","DL",2020
"1898","00-0032407",689,-0.00578039935367417,0.0215358517655402,-0.000525490850334016,"Alex Lewis","NYJ","OL",2020
"1899","00-0035864",1872,-0.0057831722352322,0.0228434287463634,-0.000525742930475655,"Kendall Hinton","DEN","WR",2020
"1900","00-0031330",459,-0.00578983637844569,0.0216991533228221,-0.000526348761676881,"Morgan Moses","WAS","OL",2020
"1901","00-0035264",1629,-0.00579627629143602,0.0212423188649719,-0.000526934208312365,"Jarrett Stidham","NE","QB",2020
"1902","00-0033570",1002,-0.00581558695048297,0.0199937154798408,-0.000528689722771179,"Anthony Walker","IND","LB",2020
"1903","00-0029008",179,-0.00582935985449265,0.0211298029626328,-0.000529941804953878,"Charley Hughlett","CLE","LS",2020
"1904","00-0032466",714,-0.00583269223460943,0.0212160080654987,-0.000530244748600858,"George Fant","NYJ","OL",2020
"1905","00-0031427",496,-0.00584900751358747,0.0211875741969419,-0.000531727955780679,"Todd Davis","MIN","LB",2020
"1906","00-0030090",289,-0.00588703137405282,0.0214301756221335,-0.000535184670368438,"Micah Hyde","BUF","DB",2020
"1907","00-0031376",479,-0.00590857936747003,0.0214672037531006,-0.000537143578860911,"Jerick McKinnon","SF","RB",2020
"1908","00-0029134",183,-0.00591873518538567,0.0223682697407222,-0.000538066835035061,"Beau Brinkley","TEN","LS",2020
"1909","00-0031796",556,-0.00592270864500661,0.0216612936083236,-0.000538428058636965,"Justin Coleman","DET","DB",2020
"1910","00-0035042",1543,-0.00593345677792382,0.0214976991350167,-0.000539405161629438,"Jamie Gillan","CLE","P",2020
"1911","00-0033467",958,-0.00594626477787199,0.0214055588378793,-0.00054056952526109,"Brian Allen","CLE","DB",2020
"1912","00-0031369",477,-0.00594933969513634,0.0210167661321051,-0.000540849063194213,"Brandon Linder","JAX","OL",2020
"1913","00-0034843",1472,-0.00600012920026655,0.0224815528413029,-0.000545466290933323,"Mike Hughes","MIN","DB",2020
"1914","00-0034825",1458,-0.00603808985840219,0.0212070153752809,-0.000548917259854745,"Arden Key","LV","DL",2020
"1915","00-0033892",1094,-0.00604795178368962,0.0208568253754536,-0.000549813798517238,"Marcus Maye","NYJ","DB",2020
"1916","00-0034084",1157,-0.00604843561885061,0.0211255090484896,-0.000549857783531873,"Michael Badgley","LAC","K",2020
"1917","00-0035316",1665,-0.00605335290371182,0.0213735529131564,-0.000550304809428347,"Kaden Elliss","NO","LB",2020
"1918","00-0032803",784,-0.00606702329410718,0.0204882176659792,-0.000551547572191562,"Jalen Mills","PHI","DB",2020
"1919","00-0032418",696,-0.00607007474017996,0.0206816208145967,-0.000551824976379996,"Joe Dahl","DET","OL",2020
"1920","00-0035655",1786,-0.00607681403641025,0.0210142280410082,-0.000552437639673659,"Will Harris","DET","DB",2020
"1921","00-0032127",609,-0.00607685451828132,0.0211811036397065,-0.000552441319843756,"Markus Golden","ARI","LB",2020
"1922","00-0032062",596,-0.00607873006657481,0.0205502074361639,-0.000552611824234074,"Blake Bell","DAL","TE",2020
"1923","00-0035188",1584,-0.00610533317900373,0.0226128570754794,-0.000555030289000339,"Alexander Myres","DET","DB",2020
"1924","00-0035403",1700,-0.00615177792208224,0.0218700479827139,-0.000559252538371113,"Ethan Greenidge","NO","OL",2020
"1925","00-0032388",676,-0.00617792881417433,0.021173316489937,-0.000561629892197667,"Deion Jones","ATL","LB",2020
"1926","00-0035961",1897,-0.00621785886146971,0.0209906379913344,-0.000565259896497246,"Krys Barnes","GB","LB",2020
"1927","00-0036194",1982,-0.00623500601801851,0.0215384351658282,-0.000566818728910774,"Devin Asiasi","NE","TE",2020
"1928","00-0034766",1422,-0.00623727841467185,0.020242983544402,-0.000567025310424713,"Christopher Herndon","NYJ","TE",2020
"1929","00-0030562",353,-0.00628338731096485,0.0220319865159059,-0.000571217028269532,"Desmond Trufant","DET","DB",2020
"1930","00-0035709",1831,-0.00629475780771261,0.0218316091374537,-0.000572250709792056,"Austin Cutting","MIN","LS",2020
"1931","00-0030710",372,-0.00631471189425272,0.0210103402223157,-0.000574064717659339,"Trey Burton","IND","TE",2020
"1932","00-0033297",916,-0.00633675993976529,0.0212689193270335,-0.000576069085433209,"D.J. Jones","SF","DL",2020
"1933","00-0034373",1275,-0.00635068108510939,0.0208245552949806,-0.000577334644100853,"Dorance Armstrong","DAL","DL",2020
"1934","00-0031628",542,-0.00639391808019233,0.0211101176383102,-0.000581265280017484,"Darryl Roberts","DET","DB",2020
"1935","00-0029568",219,-0.00639442827646864,0.0207446472639578,-0.000581311661497149,"Malik Jackson","PHI","DL",2020
"1936","00-0035624",1763,-0.00646917340875657,0.0211619400715971,-0.000588106673523325,"N'Keal Harry","NE","WR",2020
"1937","00-0033065",851,-0.00647272687753955,0.0220722759840597,-0.000588429716139959,"Le'Raven Clark","IND","OL",2020
"1938","00-0031173",422,-0.00650321486502088,0.0226974564919288,-0.000591201351365535,"Jaylen Watkins","LAC","DB",2020
"1939","00-0032255",653,-0.00651934944926456,0.0204092400332776,-0.000592668131751323,"A.J. Cann","JAX","OL",2020
"1940","00-0032753",756,-0.00652372123395249,0.0216181934642043,-0.000593065566722953,"Luke Rhodes","IND","LS",2020
"1941","00-0030114",296,-0.00652999465964941,0.0212388187061643,-0.000593635878149946,"Jordan Poyer","BUF","DB",2020
"1942","00-0034683",1392,-0.00654198368376795,0.021611509186792,-0.00059472578943345,"Darius Phillips","CIN","DB",2020
"1943","00-0033880",1084,-0.00656620443621533,0.0215376842369192,-0.000596927676019575,"Charles Harris","ATL","DL",2020
"1944","00-0035695",1819,-0.00657752522492437,0.0205272518939508,-0.000597956838629488,"Trayvon Mullen","LV","DB",2020
"1945","00-0033009",831,-0.00660013984847302,0.0209855147098541,-0.000600012713497547,"Tyler Boyd","CIN","WR",2020
"1946","00-0032251",652,-0.00660639034297611,0.0211149156761964,-0.000600580940270556,"Damarious Randall","SEA","DB",2020
"1947","00-0032144",617,-0.00661564206753691,0.0207945206288356,-0.00060142200613972,"Melvin Gordon","DEN","RB",2020
"1948","00-0036008",1914,-0.00661751905930203,0.0215273709671337,-0.00060159264175473,"Hunter Bryant","DET","TE",2020
"1949","00-0030062",277,-0.00662564468415722,0.0214314386513013,-0.000602331334923383,"Darius Slay","PHI","DB",2020
"1950","00-0034353",1257,-0.00665345005790132,0.0204833364196722,-0.000604859096172847,"Anthony Miller","CHI","WR",2020
"1951","00-0033052",843,-0.00666506131364379,0.0211844887049928,-0.000605914664876709,"Jaylon Smith","DAL","LB",2020
"1952","00-0024239",24,-0.0066710819919234,0.0216508945296237,-0.000606461999265764,"Johnathan Joseph","ARI","DB",2020
"1953","00-0030665",368,-0.0066756399512192,0.0204565805802306,-0.000606876359201745,"Daniel Sorensen","KC","DB",2020
"1954","00-0035668",1797,-0.00671904536473449,0.0216407587818686,-0.000610822305884954,"David Edwards","LA","OL",2020
"1955","00-0034319",1237,-0.00673544667961527,0.0221653860095287,-0.000612313334510479,"Deon Yelder","KC","TE",2020
"1956","00-0033112",871,-0.00673760838936379,0.0223304694608891,-0.000612509853578526,"Temarrick Hemingway","WAS","TE",2020
"1957","00-0035702",1825,-0.00675294958454937,0.0210251647934888,-0.000613904507686307,"Dalton Risner","DEN","OL",2020
"1958","00-0033512",967,-0.00676965448312801,0.0214940096831357,-0.000615423134829819,"Damontae Kazee","ATL","DB",2020
"1959","00-0033896",1098,-0.00678647906432197,0.0207828428906901,-0.000616952642211088,"Adam Shaheen","MIA","TE",2020
"1960","00-0031258",440,-0.0068120372549723,0.0214225723278848,-0.000619276114088391,"Jeremiah Attaochu","DEN","LB",2020
"1961","00-0033576",1005,-0.00682638791607185,0.0215375540932202,-0.000620580719642895,"Eric Saubert","JAX","TE",2020
"1962","00-0035621",1762,-0.00683435799386174,0.021401027635151,-0.000621305272169249,"Nsimba Webster","LA","WR",2020
"1963","00-0034192",1193,-0.00683998249199798,0.0210582675243559,-0.000621816590181635,"Nick Keizer","KC","TE",2020
"1964","00-0035270",1633,-0.00685090753805594,0.0209467795855402,-0.000622809776186903,"Amani Oruwariye","DET","DB",2020
"1965","00-0032145",618,-0.00686074833179855,0.021626774748677,-0.000623704393799868,"Cameron Erving","DAL","OL",2020
"1966","00-0032525",723,-0.00687570197786261,0.0206339358933059,-0.000625063816169328,"Jarrod Wilson","JAX","DB",2020
"1967","00-0027647",75,-0.00687848570508705,0.0208640781617264,-0.000625316882280641,"Devin McCourty","NE","DB",2020
"1968","00-0035652",1784,-0.00688560990507057,0.0215862761072308,-0.000625964536824597,"Ryan Finley","CIN","QB",2020
"1969","00-0036290",2058,-0.00688902988049877,0.0199322700197192,-0.000626275443681706,"Cole Kmet","CHI","TE",2020
"1970","00-0036145",1959,-0.00688962667555103,0.0222156932053433,-0.000626329697777366,"Lawrence Cager","NYJ","WR",2020
"1971","00-0036427",2183,-0.00689662875052158,0.020857695916315,-0.000626966250047417,"Tyler Johnson","TB","WR",2020
"1972","00-0036151",1961,-0.00691767524004695,0.0209985990805766,-0.000628879567276996,"Bryce Huff","NYJ","DL",2020
"1973","00-0028142",152,-0.00692272750963701,0.0222526834315589,-0.000629338864512455,"Virgil Green","LAC","TE",2020
"1974","00-0033529",973,-0.00692566164416279,0.0209521149450964,-0.0006296056040148,"Chase Roullier","WAS","OL",2020
"1975","00-0030541",348,-0.00694726497772964,0.0219156910795795,-0.000631569543429967,"Blidi Wreh-Wilson","ATL","DB",2020
"1976","00-0036132",1955,-0.00695523851161869,0.0216707217618703,-0.000632294410147154,"Ben Bredeson","BAL","OL",2020
"1977","00-0032240",646,-0.00695661547955664,0.0212629429269993,-0.000632419589050604,"Vic Beasley","LV","LB",2020
"1978","00-0029714",251,-0.00698688781675431,0.0215675490085234,-0.000635171619704937,"Andrew DePaola","MIN","LS",2020
"1979","00-0032543",725,-0.00699824543769963,0.0207869986051378,-0.000636204130699966,"Alex Erickson","CIN","WR",2020
"1980","00-0035259",1625,-0.00703582791496269,0.02182975253129,-0.000639620719542063,"Trevon Wesco","NYJ","TE",2020
"1981","00-0035125",1557,-0.00706256476461142,0.0213058324050919,-0.000642051342237402,"Alec Ingold","LV","RB",2020
"1982","00-0034426",1315,-0.00706925833518334,0.0210691972109122,-0.000642659848653031,"Javon Wims","CHI","WR",2020
"1983","00-0032052",590,-0.00707268785169787,0.0208971353741122,-0.000642971622881625,"Dante Fowler","ATL","DL",2020
"1984","00-0034728",1400,-0.00709045813559891,0.0200549293590197,-0.000644587103236265,"Jaire Alexander","GB","DB",2020
"1985","00-0033579",1008,-0.00709595870540047,0.0216069768001964,-0.000645087155036406,"Xavier Woods","DAL","DB",2020
"1986","00-0036385",2143,-0.0072253433514327,0.0218026620512358,-0.000656849395584791,"Thakarius Keyes","KC","DB",2020
"1987","00-0028834",169,-0.00722780800947933,0.021728908066393,-0.000657073455407212,"Craig Robertson","NO","LB",2020
"1988","00-0036377",2137,-0.00723849836329658,0.0221428086534197,-0.000658045305754235,"Joe Reed","LAC","WR",2020
"1989","00-0030520",343,-0.0072539820053158,0.0211435584221235,-0.000659452909574163,"Mike Glennon","JAX","QB",2020
"1990","00-0034383",1284,-0.00726307301588979,0.0211284689504512,-0.00066027936508089,"Dalton Schultz","DAL","TE",2020
"1991","00-0036198",1985,-0.00730603013323098,0.0211046076463141,-0.000664184557566453,"Michael Onwenu","NE","OL",2020
"1992","00-0030761",376,-0.0073092717877736,0.0206392743427595,-0.000664479253433963,"Joe Thomas","DAL","LB",2020
"1993","00-0036005",1911,-0.00731418240516239,0.02149266205245,-0.000664925673196581,"Noah Togiai","IND","TE",2020
"1994","00-0035334",1674,-0.00732549094279194,0.0212751095208825,-0.000665953722071995,"Kevin Strong","DET","DL",2020
"1995","00-0033289",910,-0.00733671791720812,0.0204132517651078,-0.000666974356109829,"Corn Elder","CAR","DB",2020
"1996","00-0034591",1364,-0.0073389011609306,0.0213037556774743,-0.000667172832811873,"J.C. Jackson","NE","DB",2020
"1997","00-0034817",1455,-0.0073481369993441,0.0213136529440103,-0.000668012454485827,"Geron Christian","WAS","OL",2020
"1998","00-0036338",2104,-0.00740133354409551,0.0212415500594168,-0.000672848504008683,"Troy Dye","MIN","LB",2020
"1999","00-0030500",336,-0.00740562989900742,0.0208604246883211,-0.000673239081727947,"Nicholas Williams","DET","DL",2020
"2000","00-0033725",1036,-0.00743443987538046,0.0211600644686023,-0.000675858170489133,"Corey Clement","PHI","RB",2020
"2001","00-0032677",749,-0.00744250496277671,0.0213816064004357,-0.000676591360252428,"Cory Littleton","LV","LB",2020
"2002","00-0033950",1137,-0.00744252214518056,0.0215976348038239,-0.000676592922289142,"Wayne Gallman","NYG","RB",2020
"2003","00-0035629",1766,-0.00747370561796419,0.0215831450849384,-0.00067942778345129,"Jonah Williams","CIN","OL",2020
"2004","00-0033902",1101,-0.00747452323345692,0.0206318317295517,-0.000679502112132448,"Tanoh Kpassagnon","KC","DL",2020
"2005","00-0033918",1115,-0.00750651373134419,0.023191518519749,-0.000682410339213108,"Fabian Moreau","WAS","DB",2020
"2006","00-0032135",614,-0.00751147759605322,0.0209215023475433,-0.000682861599641202,"Jesse James","DET","TE",2020
"2007","00-0034435",1321,-0.00751457896083648,0.0198184742216448,-0.000683143541894225,"Keion Crossen","HOU","DB",2020
"2008","00-0036215",1994,-0.00753906536827122,0.021758144906187,-0.000685369578933747,"Danny Pinter","IND","OL",2020
"2009","00-0034360",1263,-0.00756379072479682,0.0220562793709745,-0.000687617338617893,"Lorenzo Carter","NYG","LB",2020
"2010","00-0035142",1567,-0.00762164042687469,0.021075781948365,-0.000692876402443154,"Ugochukwu Amadi","SEA","DB",2020
"2011","00-0036378",2138,-0.00764135203811532,0.0210468317584824,-0.000694668367101392,"Michael Danna","KC","DL",2020
"2012","00-0033269",902,-0.00765729455816195,0.0219149844024765,-0.000696117687105632,"Rigoberto Sanchez","IND","P",2020
"2013","00-0030449",326,-0.00768118418815102,0.0204587698125488,-0.000698289471650093,"Margus Hunt","CIN","DL",2020
"2014","00-0034675",1385,-0.0077015109549309,0.021904404031209,-0.000700137359539173,"Jessie Bates","CIN","DB",2020
"2015","00-0034527",1352,-0.00779448756112159,0.0197727227077263,-0.000708589778283781,"Ryan Neal","SEA","DB",2020
"2016","00-0034351",1255,-0.00779485739346283,0.0214175531101709,-0.000708623399405712,"Dallas Goedert","PHI","TE",2020
"2017","00-0036247",2022,-0.00781641538694387,0.0201743741973253,-0.000710583216994898,"Freddie Swain","SEA","WR",2020
"2018","00-0035513",1725,-0.00781886424198168,0.0210982602551754,-0.000710805840180153,"Amani Bledsoe","CIN","DL",2020
"2019","00-0032968",820,-0.00782467134725845,0.0210110939613564,-0.000711333758841677,"Myles Jack","JAX","LB",2020
"2020","00-0030757",375,-0.00786621675394275,0.021449580855424,-0.000715110613994795,"Mike Pennel","KC","DL",2020
"2021","00-0034976",1515,-0.00788352235017467,0.0211409559649917,-0.000716683850015879,"Dru Samia","MIN","OL",2020
"2022","00-0030577",361,-0.00793861393251697,0.0214587413797468,-0.000721692175683361,"Sylvester Williams","DEN","DL",2020
"2023","00-0035510",1724,-0.00794561694864439,0.0217049145878896,-0.000722328813513126,"Jeff Smith","NYJ","WR",2020
"2024","00-0036269",2040,-0.00795491769685591,0.0214423383101124,-0.00072317433607781,"La'Mical Perine","NYJ","RB",2020
"2025","00-0034973",1512,-0.00796130244230572,0.0208949061872908,-0.000723754767482338,"Maxx Crosby","LV","DL",2020
"2026","00-0036036",1921,-0.00798461375789401,0.0208676032800522,-0.000725873977990365,"Terence Steele","DAL","OL",2020
"2027","00-0023436",14,-0.00801749207586181,0.0217362114252829,-0.000728862915987438,"Alex Smith","WAS","QB",2020
"2028","00-0034746",1408,-0.00802357767489964,0.0208963696357195,-0.000729416152263604,"Maurice Hurst","LV","DL",2020
"2029","00-0030060",275,-0.00803531938096311,0.0209121783319191,-0.000730483580087555,"Kenny Vaccaro","TEN","DB",2020
"2030","00-0036312",2079,-0.00808330732741441,0.0227006307511606,-0.000734846120674038,"Jake Luton","JAX","QB",2020
"2031","00-0034803",1448,-0.00811933544722451,0.0214805414197425,-0.000738121404293138,"Joseph Noteboom","LA","OL",2020
"2032","00-0032454",711,-0.00816731141833388,0.0219231901991078,-0.000742482856212171,"Jayron Kearse","BAL","DB",2020
"2033","00-0034676",1386,-0.00817298925463023,0.0215676041265239,-0.000742999023148203,"James Washington","PIT","WR",2020
"2034","00-0035039",1541,-0.00817497232538191,0.0210747575322171,-0.000743179302307447,"Stephen Carlson","CLE","TE",2020
"2035","00-0032939",807,-0.00818022827037164,0.0200310286469683,-0.000743657115488331,"Vonn Bell","CIN","DB",2020
"2036","00-0036238",2014,-0.00819380889628193,0.0211741658284155,-0.000744891717843812,"John Penisini","DET","DL",2020
"2037","00-0035232",1604,-0.00826344113644074,0.0209670794460893,-0.000751221921494613,"Dwayne Haskins","WAS","QB",2020
"2038","00-0036313",2080,-0.00830927968377782,0.0221876379555405,-0.00075538906216162,"Braden Mann","NYJ","P",2020
"2039","00-0035144",1569,-0.00832561854256838,0.0206097488397878,-0.000756874412960761,"Mack Wilson","CLE","LB",2020
"2040","00-0035099",1551,-0.00843976945493501,0.0211564064739279,-0.000767251768630455,"Khari Blasingame","TEN","RB",2020
"2041","00-0031410",492,-0.00844768138792774,0.0209598449896068,-0.000767971035266158,"Xavier Su'a-Filo","CIN","OL",2020
"2042","00-0031921",569,-0.00846486036378023,0.0220143089143047,-0.000769532760343658,"Kendall Lamm","CLE","OL",2020
"2043","00-0031622",540,-0.00847726806398501,0.0205815682080837,-0.000770660733089547,"Bobby Hart","CIN","OL",2020
"2044","00-0035631",1768,-0.00850189552270823,0.0207388478623054,-0.000772899592973476,"Drew Sample","CIN","TE",2020
"2045","00-0032434",702,-0.00851873880259547,0.0220275385423278,-0.000774430800235952,"Brandon Allen","CIN","QB",2020
"2046","00-0028872",171,-0.00852009390277538,0.0219929570388163,-0.000774553991161398,"Johnny Hekker","LA","P",2020
"2047","00-0031795",555,-0.00853581959646533,0.0201825575822534,-0.000775983599678666,"DeShawn Williams","DEN","DL",2020
"2048","00-0035157",1578,-0.00853833944347971,0.0221012620893115,-0.000776212676679974,"Darius Harris","KC","LB",2020
"2049","00-0033878",1082,-0.00854462535478546,0.0221144481676512,-0.000776784123162315,"Adoree' Jackson","TEN","DB",2020
"2050","00-0032094",602,-0.00855124237909394,0.0216704067281723,-0.000777385670826722,"Tyrell Adams","HOU","LB",2020
"2051","00-0032389",677,-0.00855459446495486,0.0226322146849292,-0.000777690405904987,"Mackensie Alexander","CIN","DB",2020
"2052","00-0034382",1283,-0.0085663291605149,0.0218329842164106,-0.000778757196410445,"Marquis Haynes","CAR","DL",2020
"2053","00-0033860",1069,-0.00863858912307637,0.022030170639402,-0.000785326283916034,"Davon Godchaux","MIA","DL",2020
"2054","00-0036272",2043,-0.00864890081752409,0.0216704977414871,-0.000786263710684009,"Ben Bartch","JAX","OL",2020
"2055","00-0033445",949,-0.00864945629545887,0.0210768642328374,-0.000786314208678079,"Nicholas Morrow","LV","LB",2020
"2056","00-0034677",1387,-0.00865734103085814,0.0208018451933869,-0.000787031002805286,"Justin Jones","LAC","DL",2020
"2057","00-0031097",408,-0.0086737293825695,0.0219763909425103,-0.000788520852960864,"Terrance Mitchell","CLE","DB",2020
"2058","00-0034969",1509,-0.00873025502206023,0.0221930635147523,-0.000793659547460021,"Ben Banogu","IND","DL",2020
"2059","00-0033481",962,-0.0087581016227639,0.0220215138200389,-0.0007961910566149,"Marcus Kemp","KC","WR",2020
"2060","00-0034763",1419,-0.0087662360657175,0.0213923433984519,-0.000796930551428864,"Brandon Parker","LV","OL",2020
"2061","00-0035133",1560,-0.00877325557386942,0.0208768268086591,-0.000797568688533583,"Keisean Nixon","LV","DB",2020
"2062","00-0035890",1879,-0.00886334622713122,0.0207540893851055,-0.00080575874792102,"Tershawn Wharton","KC","DL",2020
"2063","00-0028394",164,-0.00886771681689942,0.0216075574682616,-0.000806156074263584,"Jake McQuaide","LA","LS",2020
"2064","00-0035208",1590,-0.00888723345540709,0.0212189239965188,-0.000807930314127918,"Olamide Zaccheaus","ATL","WR",2020
"2065","00-0034163",1183,-0.00888984945764826,0.0215508160227401,-0.000808168132513478,"Jacob Martin","HOU","DL",2020
"2066","00-0033528",972,-0.00890173284463986,0.0196382028420899,-0.000809248440421805,"Jeremy Sprinkle","WAS","TE",2020
"2067","00-0033344",928,-0.00890536254433736,0.0217220326737505,-0.000809578413121578,"Hardy Nickerson","MIN","LB",2020
"2068","00-0033260",900,-0.00891502658202373,0.0216966535044323,-0.000810456962002157,"Thomas Hennessy","NYJ","LS",2020
"2069","00-0029665",240,-0.00892789943382849,0.0228266947250313,-0.000811627221257136,"Robert Griffin","BAL","QB",2020
"2070","00-0030470",331,-0.0089485751618714,0.0210278841032146,-0.0008135068328974,"Vance McDonald","PIT","TE",2020
"2071","00-0036330",2096,-0.00899536890958184,0.0215943154479025,-0.000817760809961985,"Cameron Dantzler","MIN","DB",2020
"2072","00-0034350",1254,-0.00909534360542322,0.0212132552115474,-0.000826849418674838,"Uchenna Nwosu","LAC","DL",2020
"2073","00-0033319",924,-0.00910726449792818,0.0205365254829291,-0.000827933136175289,"Nick Mullens","SF","QB",2020
"2074","00-0036329",2095,-0.00911478272328442,0.0210695201828249,-0.000828616611207674,"Ashtyn Davis","NYJ","DB",2020
"2075","00-0034828",1460,-0.00912843841315025,0.0214245376131771,-0.000829858037559113,"Harold Landry","TEN","LB",2020
"2076","00-0032972",824,-0.00914017530272253,0.0211082784634285,-0.00083092502752023,"Devontae Booker","LV","RB",2020
"2077","00-0034745",1407,-0.00915039313407088,0.0212386410885396,-0.000831853921279171,"Tracy Walker","DET","DB",2020
"2078","00-0031489",501,-0.00917871210569731,0.0218286613835806,-0.00083442837324521,"Brett Jones","MIN","OL",2020
"2079","00-0035287",1647,-0.00924727719282407,0.0220055706571741,-0.000840661562984006,"KeeSean Johnson","ARI","WR",2020
"2080","00-0035592",1752,-0.00927063341921609,0.0217497976228511,-0.000842784856292372,"Travis Fulgham","PHI","WR",2020
"2081","00-0035685",1811,-0.00928771605590265,0.0213051621770611,-0.000844337823263877,"David Montgomery","CHI","RB",2020
"2082","00-0030572",357,-0.00932562551803542,0.0212412581911134,-0.00084778413800322,"D.J. Hayden","JAX","DB",2020
"2083","00-0029627",232,-0.00938106606940705,0.0205391736026242,-0.000852824188127914,"Jack Crawford","TEN","DL",2020
"2084","00-0036298",2066,-0.00940565280934527,0.020253763997314,-0.000855059346304115,"Akeem Davis-Gaither","CIN","LB",2020
"2085","00-0032394",681,-0.00941335964539315,0.0224196680481444,-0.000855759967763014,"Nick Vannett","DEN","TE",2020
"2086","00-0033275",903,-0.00942909496509731,0.0224235717071013,-0.000857190451372483,"Phillip Walker","CAR","QB",2020
"2087","00-0033868",1072,-0.00947115192393346,0.0202355742624337,-0.000861013811266678,"Myles Garrett","CLE","DL",2020
"2088","00-0036384",2142,-0.00948931508204216,0.0216768735599776,-0.000862665007458378,"Ben DiNucci","DAL","QB",2020
"2089","00-0036333",2099,-0.00952163986044138,0.0209779927797924,-0.000865603623676489,"Alex Highsmith","PIT","LB",2020
"2090","00-0030827",379,-0.00953056343631223,0.0199314060115851,-0.000866414857846566,"Tyler Shatley","JAX","OL",2020
"2091","00-0036294",2062,-0.00962970258836603,0.0215455019139359,-0.000875427508033275,"Logan Wilson","CIN","LB",2020
"2092","00-0036163",1968,-0.0096560812917203,0.0212092644482064,-0.000877825571974573,"Justin Herron","NE","OL",2020
"2093","00-0029641",235,-0.00967646789650639,0.0203573056785909,-0.000879678899682399,"Tyrone Crawford","DAL","DL",2020
"2094","00-0035021",1537,-0.00969398361593323,0.0220691643356531,-0.000881271237812112,"Ashton Dulin","IND","WR",2020
"2095","00-0033132",884,-0.00978972636033731,0.021596991683274,-0.000889975123667028,"Kevin Byard","TEN","DB",2020
"2096","00-0035535",1738,-0.00985613093619425,0.0210138614249391,-0.000896011903290387,"Darius Slayton","NYG","WR",2020
"2097","00-0027691",84,-0.00987332902565189,0.0223407262883118,-0.000897575365968354,"Andre Roberts","BUF","WR",2020
"2098","00-0036391",2149,-0.00997398790733677,0.0208862708571531,-0.000906726173394252,"Lloyd Cushenberry","DEN","OL",2020
"2099","00-0029685",244,-0.0100452315828524,0.0209985508842608,-0.000913202871168396,"Greg Van Roten","NYJ","OL",2020
"2100","00-0028171",154,-0.0100504102692956,0.0210851677225466,-0.000913673660845054,"Lawrence Guy","NE","DL",2020
"2101","00-0036450",2199,-0.0101258886639963,0.0224008547467238,-0.000920535333090569,"Ke'Shawn Vaughn","TB","RB",2020
"2102","00-0031713",547,-0.0101455178854128,0.0217960373769976,-0.000922319807764801,"Xavier Williams","CIN","DL",2020
"2103","00-0033538",978,-0.0101724380932366,0.0211103343473532,-0.000924767099385146,"Garett Bolles","DEN","OL",2020
"2104","00-0035254",1622,-0.0102492533263613,0.0206921636024118,-0.000931750302396486,"Anthony Nelson","TB","LB",2020
"2105","00-0031951",578,-0.0102499759785073,0.0219270469399517,-0.000931815998046115,"James O'Shaughnessy","JAX","TE",2020
"2106","00-0036299",2067,-0.0102506184624014,0.0206146355861304,-0.00093187440567285,"Troy Pride","CAR","DB",2020
"2107","00-0036212",1991,-0.0102643869102888,0.0219343137716859,-0.000933126082753525,"Tua Tagovailoa","MIA","QB",2020
"2108","00-0027958",121,-0.0103129265893778,0.0206832427110486,-0.00093753878085253,"Adrian Clayborn","CLE","DL",2020
"2109","00-0033124",879,-0.0104396366990363,0.0210120104870084,-0.000949057881730573,"Will Redmond","GB","DB",2020
"2110","00-0032442",706,-0.010475098668186,0.021379739419947,-0.000952281697107821,"Elandon Roberts","MIA","LB",2020
"2111","00-0035671",1800,-0.010532401329266,0.0227907558212152,-0.00095749102993327,"Jace Sternberger","GB","TE",2020
"2112","00-0034805",1449,-0.0105700390398775,0.0216575533605444,-0.000960912639988862,"John Franklin-Myers","NYJ","DL",2020
"2113","00-0035278",1639,-0.0106087723985221,0.0207844250922365,-0.000964433854411097,"Byron Cowart","NE","DL",2020
"2114","00-0036398",2156,-0.0106381463385822,0.0216313320842405,-0.000967104212598378,"John Hightower","PHI","WR",2020
"2115","00-0034404",1302,-0.0106897248893531,0.0210183866660753,-0.00097179317175937,"Kylie Fitts","ARI","LB",2020
"2116","00-0034286",1227,-0.0106926860002547,0.0211371063843589,-0.00097206236365952,"Richie James","SF","WR",2020
"2117","00-0031176",424,-0.0106977715788108,0.0201916000789594,-0.000972524688982801,"Nevin Lawson","LV","DB",2020
"2118","00-0036420",2176,-0.0107830657415082,0.0217660622128625,-0.000980278703773472,"McTelvin Agim","DEN","DL",2020
"2119","00-0036426",2182,-0.0107873481909059,0.0222649808894099,-0.000980668017355078,"Alton Robinson","SEA","DL",2020
"2120","00-0036361",2123,-0.0108650186854339,0.0212535517987854,-0.000987728971403082,"Trevon Diggs","DAL","DB",2020
"2121","00-0030108",295,-0.0109259888263018,0.0215883919666495,-0.000993271711481984,"Ryan Griffin","NYJ","TE",2020
"2122","00-0032043",589,-0.0109780564316591,0.0216274555645284,-0.00099800513015083,"Quinton Spain","CIN","OL",2020
"2123","00-0031241",435,-0.0109843275975634,0.0215279032610182,-0.000998575236142127,"Devon Kennard","ARI","LB",2020
"2124","00-0036422",2178,-0.0110667566018179,0.0202022861276978,-0.00100606878198344,"Adam Trautman","NO","TE",2020
"2125","00-0032954",814,-0.0110944552807283,0.0211066050873097,-0.00100858684370257,"Isaac Seumalo","PHI","OL",2020
"2126","00-0032783",775,-0.011174399982332,0.0214544453978423,-0.00101585454384836,"LeShaun Sims","CIN","DB",2020
"2127","00-0035263",1628,-0.0112101058562986,0.0215593888336464,-0.00101910053239078,"Wes Martin","WAS","OL",2020
"2128","00-0034132",1172,-0.0112216396197542,0.0206090420140222,-0.00102014905634129,"Christian Blake","ATL","WR",2020
"2129","00-0035531",1735,-0.0112289091082496,0.0209105862853057,-0.00102080991893178,"Austin Bryant","DET","DL",2020
"2130","00-0031218",431,-0.0112486054546502,0.0210466695730609,-0.00102260049587729,"Malcolm Butler","TEN","DB",2020
"2131","00-0033547",986,-0.0112947956609497,0.0213412310125311,-0.00102679960554088,"Zach Cunningham","HOU","LB",2020
"2132","00-0035642",1775,-0.0112988961347608,0.0215049814870916,-0.00102717237588735,"Josh Allen","JAX","DL",2020
"2133","00-0035628",1765,-0.0113224520346059,0.0216401241393935,-0.00102931382132781,"D'Ernest Johnson","CLE","RB",2020
"2134","00-0033430",946,-0.011323533444764,0.0214293146284477,-0.00102941213134219,"Greg Mabin","JAX","DB",2020
"2135","00-0034594",1365,-0.0113888345844165,0.0210852033708768,-0.00103534859858332,"A.J. Moore","HOU","DB",2020
"2136","00-0031353",469,-0.0114531435532455,0.021657115395879,-0.00104119486847686,"Michael Schofield","CAR","OL",2020
"2137","00-0032891",799,-0.0115165744486283,0.0215307347250139,-0.00104696131351166,"Daryl Worley","LV","DB",2020
"2138","00-0031740",549,-0.0115324154474885,0.0211180626034935,-0.00104840140431713,"Neville Hewitt","NYJ","LB",2020
"2139","00-0035237",1608,-0.0115566541986135,0.0212091098433023,-0.00105060492714668,"Jawaan Taylor","JAX","OL",2020
"2140","00-0034993",1528,-0.011626975248215,0.02073444678687,-0.00105699774983773,"Marcus Epps","PHI","DB",2020
"2141","00-0026516",49,-0.0116294232247857,0.0227723174895716,-0.00105722029316234,"Britton Colquitt","MIN","P",2020
"2142","00-0027914",109,-0.0116331529777385,0.0209010549497246,-0.00105755936161259,"Andrew Sendejo","CLE","DB",2020
"2143","00-0035240",1611,-0.0116832957010681,0.0210398246289337,-0.00106211779100619,"Jahlani Tavai","DET","LB",2020
"2144","00-0027875",103,-0.0117610161964359,0.0213478370987169,-0.00106918329058508,"Bryan Bulaga","LAC","OL",2020
"2145","00-0034376",1278,-0.0118444578725859,0.0212167389243919,-0.00107676889750781,"Taron Johnson","BUF","DB",2020
"2146","00-0032933",804,-0.0118653138102465,0.0206815145667909,-0.00107866489184059,"Antonio Hamilton","KC","DB",2020
"2147","00-0031364",474,-0.0118742157013519,0.0220020044029919,-0.00107947415466836,"Jadeveon Clowney","TEN","DL",2020
"2148","00-0030421",320,-0.0119409939694307,0.0210077567322263,-0.00108554490631188,"Jamie Collins","DET","LB",2020
"2149","00-0034756",1415,-0.0119479988722225,0.0210116675530542,-0.00108618171565659,"Tre Flowers","SEA","DB",2020
"2150","00-0034400",1301,-0.0120000629294973,0.0211381786706117,-0.00109091481177248,"Jordan Wilkins","IND","RB",2020
"2151","00-0034992",1527,-0.01220704278313,0.0216627884929369,-0.00110973116210272,"Armon Watts","MIN","DL",2020
"2152","00-0034488",1338,-0.0122538030820114,0.0208306890320384,-0.00111398209836468,"Tavierre Thomas","CLE","DB",2020
"2153","00-0034680",1389,-0.0123180312151196,0.0216803947642638,-0.00111982101955632,"Armani Watts","KC","DB",2020
"2154","00-0031062",403,-0.0123520111457583,0.021431228492506,-0.00112291010415985,"James White","NE","RB",2020
"2155","00-0033631",1021,-0.0123808043586471,0.0207942097829301,-0.00112552766896792,"Rashaad Coward","CHI","OL",2020
"2156","00-0032395",682,-0.0125209915271062,0.0210440428388898,-0.00113827195700965,"Graham Glasgow","DEN","OL",2020
"2157","00-0030442",323,-0.0125926175224557,0.0210992525512309,-0.00114478341113233,"John Simon","NE","DL",2020
"2158","00-0030312",311,-0.0129011273096817,0.0226477308664052,-0.00117282975542561,"Jahleel Addae","LAC","DB",2020
"2159","00-0031130",415,-0.0130988546709672,0.020915755361768,-0.00119080497008793,"Christian Jones","DET","LB",2020
"2160","00-0029567",218,-0.0131752016089531,0.0218926167989336,-0.00119774560081392,"Nick Foles","CHI","QB",2020
"2161","00-0035301",1657,-0.0132609874778512,0.0209787688942458,-0.00120554431616829,"Donovan Wilson","DAL","DB",2020
"2162","00-0036213",1992,-0.0132660647893159,0.0207302051204681,-0.00120600588993781,"Raekwon Davis","MIA","DL",2020
"2163","00-0033895",1097,-0.0132713070601761,0.0202767639524877,-0.00120648246001601,"Gerald Everett","LA","TE",2020
"2164","00-0031389",487,-0.013369441833,0.0201250089027557,-0.001215403803,"Lamarcus Joyner","LV","DB",2020
"2165","00-0033889",1091,-0.0134381232023177,0.0208115934379571,-0.00122164756384706,"Cam Robinson","JAX","OL",2020
"2166","00-0022531",6,-0.0134543178086622,0.0211387004263774,-0.00122311980078747,"Jason Peters","PHI","OL",2020
"2167","00-0032758",757,-0.0135230867167266,0.0208380032510099,-0.00122937151970242,"Vernon Hargreaves","HOU","DB",2020
"2168","00-0034754",1413,-0.0136463560753631,0.0213183763308404,-0.00124057782503301,"Oren Burks","GB","LB",2020
"2169","00-0027949",117,-0.0137757045718762,0.0217387803907399,-0.00125233677926147,"J.J. Watt","HOU","DL",2020
"2170","00-0036370",2130,-0.0138704690666685,0.0220701277334567,-0.0012609517333335,"Joshua Kelley","LAC","RB",2020
"2171","00-0027701",86,-0.013887644156166,0.0214865229778446,-0.001262513105106,"Everson Griffen","DET","DL",2020
"2172","00-0030781",377,-0.0140118785504476,0.0206959779466857,-0.00127380714094978,"Trey Hopkins","CIN","OL",2020
"2173","00-0035908",1887,-0.0140575659382062,0.0216475051452083,-0.00127796053983693,"Gabe Nabers","LAC","RB",2020
"2174","00-0033588",1011,-0.0141984325787949,0.0199572015760771,-0.00129076659807226,"Isaac Rochell","LAC","DL",2020
"2175","00-0034869",1484,-0.0144021125457974,0.0214313478014545,-0.00130928295870886,"Sam Darnold","NYJ","QB",2020
"2176","00-0032897",801,-0.0144310422582393,0.0212420636676355,-0.00131191293256721,"Derek Watt","PIT","RB",2020
"2177","00-0034357",1261,-0.0144544427063851,0.0203004334107931,-0.00131404024603501,"Isaiah Oliver","ATL","DB",2020
"2178","00-0033375",932,-0.0145265815529869,0.0201687646645062,-0.00132059832299881,"Tim Patrick","DEN","WR",2020
"2179","00-0034296",1228,-0.0145755572036718,0.0204283666781085,-0.00132505065487926,"Ben Niemann","KC","LB",2020
"2180","00-0033011",833,-0.0146571140703587,0.0213852082260585,-0.00133246491548715,"Connor McGovern","NYJ","OL",2020
"2181","00-0035632",1769,-0.0146602032420014,0.0207739437365301,-0.00133274574927286,"Amani Hooker","TEN","DB",2020
"2182","00-0032725",752,-0.0148730278590691,0.0206295750161608,-0.00135209344173356,"Stephen Anderson","LAC","TE",2020
"2183","00-0030383",314,-0.015492852862375,0.020835219880308,-0.00140844116930682,"Duron Harmon","DET","DB",2020
"2184","00-0034349",1253,-0.0155541248327764,0.0221190205603679,-0.00141401134843422,"Kerryon Johnson","DET","RB",2020
"2185","00-0033300",918,-0.0157867224077404,0.0221193179163434,-0.00143515658252185,"Conor McDermott","NYJ","OL",2020
"2186","00-0034975",1514,-0.0159530472380484,0.0219662628679458,-0.00145027702164077,"Justice Hill","BAL","RB",2020
"2187","00-0034816",1454,-0.0161534207632759,0.0218962468741341,-0.00146849279666144,"Ronald Jones","TB","RB",2020
"2188","00-0033125",880,-0.0162652575499141,0.0216124521372566,-0.00147865977726492,"Joe Schobert","JAX","LB",2020
"2189","00-0034903",1489,-0.0163598335778253,0.0205491679907689,-0.00148725759798412,"Tevaughn Campbell","LAC","DB",2020
"2190","00-0036256",2031,-0.0165853858864484,0.0217972268669039,-0.00150776235331349,"Colton McKivitz","SF","OL",2020
"2191","00-0032320",662,-0.0170938690706858,0.0199055653269896,-0.00155398809733508,"Erik Harris","LV","DB",2020
"2192","00-0034516",1348,-0.0173805701696982,0.0211283196790991,-0.00158005183360893,"Tre Herndon","JAX","DB",2020
"2193","00-0033123",878,-0.0175592492660783,0.020947949130752,-0.0015962953878253,"Yannick Ngakoue","BAL","DL",2020
"2194","00-0036286",2054,-0.0186542800190092,0.0214012421829618,-0.00169584363809175,"K'Lavon Chaisson","JAX","DL",2020
"2195","00-0031543",506,-0.0186809357610652,0.0214773894680583,-0.00169826688736956,"Ty Long","LAC","P",2020
"2196","00-0035244",1615,-0.0192277912778434,0.0210200450044276,-0.00174798102525849,"Lonnie Johnson","HOU","DB",2020
"2197","00-0033246",897,-0.0195899525495199,0.0214517999142231,-0.00178090477722908,"Johnny Mundt","LA","TE",2020
"2198","00-0034917",1491,-0.019678470993017,0.0235056221546209,-0.00178895190845609,"Cole Mazza","LAC","LS",2020
"2199","00-0030069",282,-0.0197684080348381,0.0210764820093058,-0.0017971280031671,"Damontre Moore","SEA","DL",2020
"2200","00-0033903",1102,-0.0205363532519846,0.0209846438261576,-0.00186694120472587,"Josh Jones","JAX","DB",2020
"2201","00-0035217",1594,-0.0207274586917882,0.0214307191370665,-0.0018843144265262,"Benny Snell","PIT","RB",2020
"2202","00-0032956",816,-0.021807111099267,0.0216842321800413,-0.00198246464538791,"Andy Janovich","CLE","RB",2020
