"","nfl_id","player_idx","apm","apm_sd","apm_per_play","full_name","team","position","season"
"1","00-0035719",981,0.0250015453358743,0.0215953284258138,0.00227286775780675,"Deebo Samuel","SF","WR",2023
"2","00-0037840",1750,0.0246423574764686,0.022372261801245,0.0022402143160426,"Kyren Williams","LA","RB",2023
"3","00-0027857",20,0.023381784327114,0.0219057868836174,0.00212561675701036,"Trent Williams","SF","OL",2023
"4","00-0036358",1173,0.0216795331297659,0.0215418731237106,0.00197086664816053,"CeeDee Lamb","DAL","WR",2023
"5","00-0036261",1104,0.0210015529842293,0.0209024817238926,0.00190923208947539,"Brandon Aiyuk","SF","WR",2023
"6","00-0037829",1740,0.0198572966237929,0.0210946076710383,0.00180520878398117,"Spencer Burford","SF","OL",2023
"7","00-0028899",46,0.0190819303421747,0.0217872465480924,0.0017347209401977,"Rodney McLeod Jr.","CLE","DB",2023
"8","00-0032701",305,0.018896546559668,0.021586732699307,0.00171786786906073,"Jake Brendel","SF","OL",2023
"9","00-0031236",142,0.0186938916499383,0.0218984794998299,0.00169944469544893,"Brandin Cooks","DAL","WR",2023
"10","00-0036973",1432,0.0186587212382585,0.0210922879436818,0.00169624738529623,"Travis Etienne","JAX","RB",2023
"11","00-0035680",955,0.0183084783846051,0.0217707655782911,0.00166440712587319,"Quincy Williams","NYJ","LB",2023
"12","00-0035526",902,0.0180312865473893,0.0226227731807691,0.00163920786794448,"Elgton Jenkins","GB","OL",2023
"13","00-0036621",1281,0.017980295209956,0.0210729818866638,0.00163457229181418,"Nick Bolton","KC","LB",2023
"14","00-0031687",198,0.0172601414419666,0.0213296939349389,0.00156910376745151,"Raheem Mostert","MIA","RB",2023
"15","00-0036256",1100,0.0171417317761407,0.0218590774396678,0.00155833925237643,"Colton McKivitz","SF","OL",2023
"16","00-0036282",1119,0.0169586306000519,0.0208732140915158,0.00154169369091381,"Grant Delpit","CLE","DB",2023
"17","00-0036613",1274,0.0167438843715361,0.0210288778586473,0.00152217130650328,"Jaylen Waddle","MIA","WR",2023
"18","00-0034764",689,0.0167386197131601,0.0208971391460185,0.00152169270119638,"Michael Gallup","DAL","WR",2023
"19","00-0034746",680,0.0165690035550508,0.0220207424091652,0.00150627305045916,"Maurice Hurst","CLE","DL",2023
"20","00-0033066",352,0.0163633812823231,0.0220927502195125,0.00148758011657483,"Andrew Billings","CHI","DL",2023
"21","00-0036130",1044,0.0163322523603044,0.0213898718492995,0.00148475021457313,"Justin Madubuike","BAL","DL",2023
"22","00-0033868",468,0.016271218739515,0.0214860537684978,0.00147920170359227,"Myles Garrett","CLE","DL",2023
"23","00-0037834",1745,0.0162070534090292,0.0216498277736394,0.00147336849172993,"Brock Purdy","SF","QB",2023
"24","00-0033553",426,0.0160271988412769,0.0224243426775619,0.00145701807647972,"James Conner","ARI","RB",2023
"25","00-0033288",386,0.0159898205429957,0.0211263073858779,0.00145362004936325,"George Kittle","SF","TE",2023
"26","00-0034184",551,0.0159032893155513,0.0213128833150139,0.00144575357414103,"Gus Edwards","BAL","RB",2023
"27","00-0036556",1256,0.0158913373603377,0.0216199667458836,0.00144466703275797,"Brevin Jordan","HOU","TE",2023
"28","00-0035230",823,0.0158805979810791,0.0212072855701546,0.00144369072555264,"Ed Oliver","BUF","DL",2023
"29","00-0036378",1188,0.0158688995758589,0.0208433342242095,0.00144262723416899,"Michael Danna","KC","DL",2023
"30","00-0032195",242,0.0158099977228479,0.0218656561404877,0.0014372725202589,"Ronald Darby","BAL","DB",2023
"31","00-0036376",1187,0.0154036544605564,0.0220905461461272,0.00140033222368694,"Tyler Biadasz","DAL","OL",2023
"32","00-0034345",583,0.0152661555588858,0.0218724968578324,0.00138783232353507,"Frank Ragnow","DET","OL",2023
"33","00-0035689",962,0.0152430683927637,0.0218650519853163,0.00138573349025125,"Dawson Knox","BUF","TE",2023
"34","00-0037155",1509,0.0152408037710497,0.0218188542768659,0.00138552761554997,"Tony Adams","NYJ","DB",2023
"35","00-0034856",741,0.0152027337110101,0.0217847271182686,0.00138206670100092,"Denzel Ward","CLE","DB",2023
"36","00-0038996",2063,0.0151079357356953,0.0215366889651748,0.00137344870324503,"Tucker Kraft","GB","TE",2023
"37","00-0034272",563,0.014917059080167,0.0213697639514755,0.00135609628001518,"Marquez Valdes-Scantling","KC","WR",2023
"38","00-0034833",728,0.0148866341844,0.0219027637444897,0.0013533303804,"Isaiah Wynn","MIA","OL",2023
"39","00-0035693",964,0.0148827139245525,0.0218360695890039,0.00135297399314114,"Johnathan Abram","NO","DB",2023
"40","00-0034352",589,0.0148696713253586,0.0222311892769138,0.00135178830230533,"Connor Williams","MIA","OL",2023
"41","00-0033906",498,0.014705455578593,0.0210380643234777,0.00133685959805391,"Alvin Kamara","NO","RB",2023
"42","00-0033040",341,0.0145931001359266,0.0215202257233673,0.00132664546690242,"Tyreek Hill","MIA","WR",2023
"43","00-0026498",12,0.0145780547784052,0.0221566609231244,0.00132527770712774,"Matthew Stafford","LA","QB",2023
"44","00-0037758",1716,0.0143077281452938,0.0218303647872143,0.00130070255866307,"Cordale Flott","NYG","DB",2023
"45","00-0038393",1818,0.0142869053286923,0.0211557564501109,0.00129880957533566,"Dontayvion Wicks","GB","WR",2023
"46","00-0036987",1446,0.0142784443955072,0.021767876551537,0.00129804039959156,"Brandon Stephens","BAL","DB",2023
"47","00-0036912",1386,0.0140019464940382,0.0216659763175709,0.00127290422673075,"DeVonta Smith","PHI","WR",2023
"48","00-0032164",240,0.0139589986343711,0.0219852247789397,0.00126899987585191,"Arik Armstead","SF","DL",2023
"49","00-0035681",956,0.0138860731215776,0.021411666989823,0.00126237028377978,"Mike Edwards","KC","DB",2023
"50","00-0034857",742,0.0138434570102585,0.0216089743230783,0.00125849609184169,"Josh Allen","BUF","QB",2023
"51","00-0031936",214,0.0138231462710081,0.0224688075573372,0.00125664966100074,"Mitch Morse","BUF","OL",2023
"52","00-0031588",193,0.0137851491242151,0.0208111951811259,0.00125319537492864,"Stefon Diggs","BUF","WR",2023
"53","00-0037289",1581,0.0137579451540935,0.0213358433553169,0.00125072228673577,"Malcolm Rodriguez","DET","LB",2023
"54","00-0036264",1106,0.0136515983748978,0.0222157910858609,0.00124105439771798,"Jordan Love","GB","QB",2023
"55","00-0035676",952,0.0135966955525653,0.0216494781890279,0.00123606323205139,"A.J. Brown","PHI","WR",2023
"56","00-0034798",709,0.0135659498324343,0.0213303514126898,0.00123326816658494,"Durham Smythe","MIA","TE",2023
"57","00-0036199",1071,0.013496229991247,0.0207135831270731,0.00122692999920427,"Geno Stone","BAL","DB",2023
"58","00-0031364",160,0.0133086457456649,0.0206851285065831,0.00120987688596953,"Jadeveon Clowney","BAL","LB",2023
"59","00-0033293",389,0.0132184021138515,0.0212402116590066,0.00120167291944104,"Aaron Jones","GB","RB",2023
"60","00-0035679",954,0.0132056087785545,0.021164226268685,0.0012005098889595,"Connor McGovern","BUF","OL",2023
"61","00-0033860",466,0.0131884989522539,0.0209424957770721,0.0011989544502049,"Davon Godchaux","NE","DL",2023
"62","00-0033280",382,0.0131611806891543,0.021924516486656,0.0011964709717413,"Christian McCaffrey","SF","RB",2023
"63","00-0037751",1710,0.0130610120758581,0.0215632231081964,0.00118736473416892,"Myjai Sanders","HOU","LB",2023
"64","00-0032242",254,0.0130117690862891,0.0220695221344581,0.00118288809875356,"Rob Havenstein","LA","OL",2023
"65","00-0037825",1737,0.0128610617135476,0.0220393867226083,0.00116918742850433,"Tyler Linderbaum","BAL","OL",2023
"66","00-0039040",2085,0.0126216959257963,0.0229322590417599,0.00114742690234511,"De'Von Achane","MIA","RB",2023
"67","00-0037817",1731,0.012604462769816,0.0225124685078821,0.00114586025180145,"Zach Tom","GB","OL",2023
"68","00-0038977",2051,0.0124484121436368,0.0226639383690498,0.00113167383123971,"Tank Dell","HOU","WR",2023
"69","00-0035406",890,0.0123320251515606,0.0223277625104723,0.00112109319559642,"Lil'Jordan Humphrey","DEN","WR",2023
"70","00-0032217",250,0.0123164680949635,0.02181666514681,0.00111967891772396,"Donovan Smith","KC","OL",2023
"71","00-0034805",714,0.0121775381993449,0.0210349729728281,0.00110704892721317,"John Franklin-Myers","NYJ","DL",2023
"72","00-0036258",1101,0.0121103136212593,0.0210482277177293,0.00110093760193266,"Jonah Jackson","DET","OL",2023
"73","00-0034775",695,0.0120719686213661,0.0216237262251819,0.00109745169285146,"Christian Kirk","JAX","WR",2023
"74","00-0036843",1342,0.0120099064055627,0.0218916671771673,0.00109180967323298,"Isaiahh Loudermilk","PIT","DL",2023
"75","00-0037313",1599,0.0119546495966725,0.0219026590136425,0.00108678632697023,"Montaric Brown","JAX","DB",2023
"76","00-0032381",262,0.0118501630195916,0.0222517687115971,0.0010772875472356,"Taylor Decker","DET","OL",2023
"77","00-0037838",1748,0.0117939548054135,0.0204313467475461,0.00107217770958304,"Isaiah Likely","BAL","TE",2023
"78","00-0036550",1250,0.0115147389876071,0.021803192987511,0.00104679445341883,"Rashod Bateman","BAL","WR",2023
"79","00-0037250",1546,0.0114710311796785,0.0216998328465074,0.00104282101633441,"Martin Emerson","CLE","DB",2023
"80","00-0036212",1074,0.0114699003964636,0.0223804155648401,0.00104271821786033,"Tua Tagovailoa","MIA","QB",2023
"81","00-0038041",1758,0.0114411728811756,0.0230207630799542,0.00104010662556142,"Jake Ferguson","DAL","TE",2023
"82","00-0035647",936,0.011323703241164,0.021268161536949,0.00102942756737854,"Montez Sweat","CHI","DL",2023
"83","00-0033877",476,0.0112996678896906,0.0215070244029286,0.00102724253542642,"Malik Hooker","DAL","DB",2023
"84","00-0036963",1424,0.0112517766472141,0.0219011282343421,0.00102288878611038,"Amon-Ra St. Brown","DET","WR",2023
"85","00-0033570",431,0.0112275966626672,0.0223815799444329,0.00102069060569702,"Anthony Walker","CLE","LB",2023
"86","00-0035646",935,0.0112238658018515,0.0216777169781235,0.00102035143653196,"Sione Takitaki","CLE","LB",2023
"87","00-0034807",715,0.0112191582256651,0.0207619644648731,0.00101992347506046,"Ogbo Okoronkwo","CLE","DL",2023
"88","00-0036996",1455,0.0111682595685663,0.0216305180143496,0.00101529632441512,"Greg Newsome II","CLE","DB",2023
"89","00-0037816",1730,0.0111108885752706,0.020419843838004,0.00101008077957005,"Romeo Doubs","GB","WR",2023
"90","00-0036981",1440,0.0108368950001635,0.0218047664126387,0.000985172272742135,"Christian Barmore","NE","DL",2023
"91","00-0032395",271,0.0107384944035448,0.0222883023389169,0.000976226763958619,"Graham Glasgow","DET","OL",2023
"92","00-0033077",355,0.0107306457921981,0.0209980064108714,0.000975513253836191,"Dak Prescott","DAL","QB",2023
"93","00-0034487",640,0.0106165020833373,0.0215993422340668,0.000965136553030662,"Trent Sherfield","BUF","WR",2023
"94","00-0033921",505,0.0104986363078742,0.0212138605432499,0.000954421482534021,"Chris Godwin","TB","WR",2023
"95","00-0033046",343,0.0104773649791717,0.0218595858821561,0.000952487725379248,"Jihad Ward","NYG","DL",2023
"96","00-0036896",1375,0.010448430880022,0.0206969381011754,0.000949857352729272,"Victor Dimukeje","ARI","LB",2023
"97","00-0036589",1269,0.0103760223621705,0.0211185198149061,0.000943274760197314,"Nick McCloud","NYG","DB",2023
"98","00-0034359",593,0.010332149032994,0.0206095755002997,0.000939286275726725,"Tyquan Lewis","IND","DL",2023
"99","00-0038614",1932,0.0102730977031337,0.0213723171302366,0.000933917973012157,"Scott Matlock","LAC","DL",2023
"100","00-0036369",1182,0.0101627953436441,0.0214228447105213,0.000923890485785824,"John Simpson","BAL","OL",2023
"101","00-0034782",700,0.0101423677096639,0.0212519748967559,0.000922033428151263,"Harrison Phillips","MIN","DL",2023
"102","00-0037109",1499,0.0101240192561076,0.0213626729641973,0.000920365386918874,"Jack Sanborn","CHI","LB",2023
"103","00-0035208",815,0.0100876803643877,0.0218462722464734,0.000917061851307972,"Olamide Zaccheaus","PHI","WR",2023
"104","00-0037192",1516,0.010042073465698,0.0218441688412831,0.000912915769608912,"George Karlaftis","KC","DL",2023
"105","00-0033904",496,0.0100016823033904,0.0222785049115788,0.00090924384576276,"Dion Dawkins","BUF","OL",2023
"106","00-0034796",707,0.0099679676174115,0.0214847578745811,0.000906178874310136,"Lamar Jackson","BAL","QB",2023
"107","00-0035259",846,0.00996620406282201,0.0217885248883053,0.000906018551165638,"Trevon Wesco","TEN","TE",2023
"108","00-0035261",847,0.00994274836677652,0.0212944076660986,0.000903886215161501,"Tony Pollard","DAL","RB",2023
"109","00-0037275",1568,0.0099046959764455,0.0224401282886089,0.000900426906949591,"DaRon Bland","DAL","DB",2023
"110","00-0032127",227,0.00989478787114111,0.0219630028598228,0.000899526170103738,"Markus Golden","PIT","LB",2023
"111","00-0036976",1435,0.00987274990084443,0.0223979369986999,0.000897522718258585,"Spencer Brown","BUF","OL",2023
"112","00-0030070",89,0.00983087144066282,0.0220034229900169,0.000893715585514802,"John Jenkins","LV","DL",2023
"113","00-0038548",1874,0.00983050468652681,0.0215016870991715,0.00089368224422971,"O'Cyrus Torrence","BUF","OL",2023
"114","00-0036036",1029,0.00977783355113414,0.0223357761603284,0.000888893959194012,"Terence Steele","DAL","OL",2023
"115","00-0039146",2130,0.00977593995311059,0.0204758973197655,0.000888721813919145,"Jayden Reed","GB","WR",2023
"116","00-0036323",1147,0.00972468671228657,0.0220077792845539,0.000884062428389688,"Patrick Queen","BAL","LB",2023
"117","00-0036286",1122,0.00969830782172461,0.0225244011508251,0.00088166434742951,"K'Lavon Chaisson","JAX","LB",2023
"118","00-0033096",360,0.00968637717506148,0.0218041444815755,0.000880579743187407,"Shaq Lawson","BUF","DL",2023
"119","00-0034361",595,0.00968289881454674,0.0218822303630193,0.000880263528595158,"Justin Reid","KC","DB",2023
"120","00-0038135",1804,0.00961658096300714,0.0213305610898111,0.000874234633000649,"Jaquan Brisker","CHI","DB",2023
"121","00-0036251",1096,0.0095868581184091,0.0208686882545351,0.000871532556219009,"Zack Moss","IND","RB",2023
"122","00-0030506",107,0.00958260735554652,0.0208605026314528,0.000871146123231502,"Travis Kelce","KC","TE",2023
"123","00-0037261",1557,0.00951815296696422,0.021880588946973,0.000865286633360384,"Khalil Shakir","BUF","WR",2023
"124","00-0034429",625,0.00951250974443525,0.0220161525550195,0.000864773613130477,"Jordan Mailata","PHI","OL",2023
"125","00-0036551",1251,0.00949721728362611,0.0218294661664433,0.000863383389420555,"Aaron Banks","SF","OL",2023
"126","00-0034373",601,0.00948547187238461,0.0209795282935545,0.000862315624762237,"Dorance Armstrong","DAL","DL",2023
"127","00-0036325",1148,0.00940319335118765,0.0219825833314836,0.000854835759198877,"Robert Hunt","MIA","OL",2023
"128","00-0035685",958,0.00931232125592125,0.0213676447401563,0.000846574659629205,"David Montgomery","DET","RB",2023
"129","00-0034279",568,0.00928464406751324,0.0228519597305934,0.000844058551592113,"Equanimeous St. Brown","CHI","WR",2023
"130","00-0033536",416,0.00922704994257616,0.0228868579904019,0.000838822722052378,"Mike Williams","LAC","WR",2023
"131","00-0033547",422,0.00921450671727518,0.0215715513295749,0.000837682428843198,"Zach Cunningham","PHI","LB",2023
"132","00-0034874",745,0.00912867458064826,0.0207882960868929,0.00082987950733166,"Roquan Smith","BAL","LB",2023
"133","00-0033119",366,0.00912798196483994,0.0234702457786421,0.000829816542258176,"Jacoby Brissett","WAS","QB",2023
"134","00-0035698",967,0.00911973998348647,0.0212766785806832,0.000829067271226043,"Chuma Edoga","DAL","OL",2023
"135","00-0033935",513,0.00910058640798543,0.0223724648735642,0.000827326037089585,"Trey Hendrickson","CIN","DL",2023
"136","00-0032574",297,0.00909693634591748,0.0211251332711659,0.000826994213265225,"Michael Pierce","BAL","DL",2023
"137","00-0032655",300,0.00908199797506892,0.0230084796042644,0.00082563617955172,"Romeo Okwara","DET","DL",2023
"138","00-0036622",1282,0.00901744669290858,0.0210863706191802,0.000819767881173507,"Josh Myers","GB","OL",2023
"139","00-0036361",1175,0.00891345331070399,0.0222506452351426,0.000810313937336727,"Trevon Diggs","DAL","DB",2023
"140","00-0035649",937,0.00891030566384518,0.0218737041057181,0.000810027787622289,"Nate Davis","CHI","OL",2023
"141","00-0030386",101,0.00890326518107392,0.0212946160095169,0.000809387743733993,"William Gholston","TB","DL",2023
"142","00-0036552",1252,0.00889669283209723,0.0212379951687858,0.000808790257463385,"Azeez Ojulari","NYG","DL",2023
"143","00-0029604",66,0.00885319739509204,0.0219682981758412,0.000804836126826549,"Kirk Cousins","MIN","QB",2023
"144","00-0039163",2141,0.00884751452208357,0.0215900494013299,0.000804319502007597,"C.J. Stroud","HOU","QB",2023
"145","00-0035142",801,0.00883376473447949,0.0215112133578072,0.000803069521316317,"Ugochukwu Amadi","NO","DB",2023
"146","00-0027947",30,0.00881909656680408,0.021426186139037,0.000801736051527644,"Tyron Smith","DAL","OL",2023
"147","00-0035227",820,0.00881008880781865,0.0219020934086645,0.00080091716434715,"P.J. Locke","DEN","DB",2023
"148","00-0031402",166,0.00880496950040712,0.0219004496910776,0.000800451772764283,"Zack Martin","DAL","OL",2023
"149","00-0034208",556,0.00880390301045248,0.0217746192871384,0.000800354819132044,"Mike Boone","CAR","RB",2023
"150","00-0031785",202,0.00875406886359697,0.0217573018797132,0.000795824442145179,"Troy Hill","CAR","DB",2023
"151","00-0038038",1755,0.00874311346699815,0.021043901750865,0.000794828496999832,"Kyle Hamilton","BAL","DB",2023
"152","00-0033566",430,0.00872953869463769,0.0213168192786353,0.000793594426785244,"Desmond King","HOU","DB",2023
"153","00-0036940",1407,0.00872531164098983,0.021516632627549,0.000793210149180894,"Odafe Oweh","BAL","LB",2023
"154","00-0034836",731,0.00872045547060675,0.0224552169116324,0.000792768679146068,"Braden Smith","IND","OL",2023
"155","00-0036880",1366,0.00870355859739038,0.0216999015941778,0.000791232599762762,"Penei Sewell","DET","OL",2023
"156","00-0035316",868,0.00869845531270215,0.0209887074824503,0.000790768664791105,"Kaden Elliss","ATL","LB",2023
"157","00-0032442",284,0.00866998792288448,0.0201824528506153,0.000788180720262225,"Elandon Roberts","PIT","LB",2023
"158","00-0036196",1069,0.00860379986644896,0.0214525590345703,0.000782163624222632,"Gabe Davis","BUF","WR",2023
"159","00-0035644",933,0.00860156485256063,0.0212420998586386,0.000781960441141875,"Noah Fant","SEA","TE",2023
"160","00-0032775",316,0.00852228434423522,0.0213217417053949,0.000774753122203202,"Demarcus Robinson","LA","WR",2023
"161","00-0039167",2144,0.00850784020677184,0.0220815882115648,0.00077344001879744,"Joey Porter","PIT","DB",2023
"162","00-0029592",64,0.00846742617093452,0.0206112065502514,0.000769766015539502,"Kevin Zeitler","BAL","OL",2023
"163","00-0034386",611,0.00844817459676549,0.0212225908493381,0.000768015872433227,"Justin Watson","KC","WR",2023
"164","00-0033120",367,0.00844090827342859,0.0208457691570766,0.000767355297584417,"Kenny Clark","GB","DL",2023
"165","00-0034752",682,0.00843674316308098,0.0225919048889528,0.00076697665118918,"Orlando Brown","CIN","OL",2023
"166","00-0033260",379,0.00842688647442731,0.0229548935914422,0.000766080588584301,"Thomas Hennessy","NYJ","LS",2023
"167","00-0033595",440,0.00842143365448033,0.0223979722988819,0.00076558487768003,"Pat O'Connor","TB","DL",2023
"168","00-0033784",457,0.0084158003333493,0.0221833257499752,0.00076507275757721,"Eddie Jackson","CHI","DB",2023
"169","00-0035718",980,0.00841512306216223,0.0217334150045169,0.000765011187469294,"Quinnen Williams","NYJ","DL",2023
"170","00-0036559",1258,0.0084143744963535,0.0221500411925348,0.000764943136032136,"Shaun Wade","NE","DB",2023
"171","00-0036430",1225,0.00839156324317671,0.0207696291670022,0.000762869385743338,"Khalil Davis","HOU","DL",2023
"172","00-0035889",1001,0.00829435979133568,0.0225796140130916,0.000754032708303244,"Tommy Townsend","KC","P",2023
"173","00-0036181",1062,0.00826796724697421,0.0220400142136292,0.000751633386088565,"Teair Tart","HOU","DL",2023
"174","00-0034387",612,0.008267194405376,0.0211368566141752,0.000751563127761455,"Bilal Nichols","LV","DL",2023
"175","00-0033918",504,0.00826505143212874,0.0212954918499814,0.000751368312011704,"Fabian Moreau","DEN","DB",2023
"176","00-0037196",1519,0.008234731365602,0.0207577512510888,0.000748611942327454,"Rasheed Walker","GB","OL",2023
"177","00-0035236",828,0.00820753399029443,0.0216307452938931,0.00074613945366313,"Byron Murphy","MIN","DB",2023
"178","00-0034419",623,0.00816473717024525,0.0215587134534057,0.000742248833658659,"Braxton Berrios","MIA","WR",2023
"179","00-0035656",940,0.00816240230635165,0.0207592689699119,0.000742036573304695,"Khalen Saunders","NO","DL",2023
"180","00-0031408",168,0.0081585517570902,0.0220108326838987,0.000741686523371836,"Mike Evans","TB","WR",2023
"181","00-0039020",2079,0.00815611487957425,0.0217222076832148,0.000741464989052204,"Anthony Bradford","SEA","OL",2023
"182","00-0033466",409,0.00815399802180482,0.0216370086406361,0.000741272547436801,"Isaiah McKenzie","IND","WR",2023
"183","00-0033886",483,0.00812056448220647,0.0217101649781178,0.000738233134746042,"T.J. Watt","PIT","LB",2023
"184","00-0036914",1388,0.00807560199446776,0.0220255226811972,0.000734145635860705,"Greg Rousseau","BUF","DL",2023
"185","00-0037002",1460,0.0080699026003111,0.0219710286919765,0.000733627509119191,"Landon Dickerson","PHI","OL",2023
"186","00-0036248",1094,0.00805916662947977,0.0219836253614748,0.000732651511770888,"Austin Jackson","MIA","OL",2023
"187","00-0038715",1976,0.00804327721453798,0.0224882216689927,0.000731207019503452,"Ronnie Hickman Jr.","CLE","DB",2023
"188","00-0036748",1327,0.00798325352680494,0.0221028244879182,0.000725750320618631,"Jerry Jacobs","DET","DB",2023
"189","00-0037268",1562,0.00798084602996503,0.0207580126227835,0.000725531457269548,"Zyon McCollum","TB","DB",2023
"190","00-0037190",1514,0.00797776273329047,0.0220742766611241,0.000725251157571861,"Ahmad Gardner","NYJ","DB",2023
"191","00-0036335",1158,0.00797429367508137,0.0221765781990796,0.000724935788643761,"D.J. Wonnum","MIN","LB",2023
"192","00-0036292",1128,0.00797047332146835,0.0221059960295434,0.00072458848376985,"Jaylon Johnson","CHI","DB",2023
"193","00-0039108",2112,0.00796371786566197,0.0211430375962998,0.000723974351423816,"Will Anderson Jr.","HOU","DL",2023
"194","00-0035384",886,0.00794251722869134,0.021545770475208,0.000722047020790122,"Iosua Opeta","PHI","OL",2023
"195","00-0034159",543,0.00791296694267259,0.0204373222504015,0.000719360631152054,"Will Dissly","SEA","TE",2023
"196","00-0036894",1374,0.00787675797958141,0.0218125072019859,0.000716068907234673,"Pat Freiermuth","PIT","TE",2023
"197","00-0033110",364,0.00785734000656623,0.0210899291440624,0.000714303636960566,"Tyler Higbee","LA","TE",2023
"198","00-0032445",285,0.00785729633772669,0.0220222356697149,0.000714299667066063,"Ted Karras","CIN","OL",2023
"199","00-0035763",985,0.00782128887386838,0.0216353878149276,0.000711026261260762,"Malcolm Roach","NO","DL",2023
"200","00-0039075",2109,0.00781564291779348,0.0222586517755687,0.00071051299252668,"Puka Nacua","LA","WR",2023
"201","00-0036259",1102,0.00779832805828033,0.0215979594787331,0.000708938914389121,"Jauan Jennings","SF","WR",2023
"202","00-0033093",359,0.00778223380344183,0.0221342545037423,0.000707475800312894,"Jonathan Bullard","MIN","DL",2023
"203","00-0027943",28,0.00776542589693804,0.0212315715932713,0.000705947808812549,"Patrick Peterson","PIT","DB",2023
"204","00-0032762",310,0.00776324393310717,0.0213273977175279,0.000705749448464288,"Chris Jones","KC","DL",2023
"205","00-0036995",1454,0.00775960774372107,0.0228992438821638,0.000705418885792824,"Baron Browning","DEN","LB",2023
"206","00-0031019",129,0.00772284327637347,0.0219984863056338,0.000702076661488497,"Corey Linsley","LAC","OL",2023
"207","00-0036937",1405,0.00770505150233608,0.0222399269889105,0.000700459227485098,"Paulson Adebo","NO","DB",2023
"208","00-0030067",87,0.00769927738065855,0.0214854861635957,0.000699934307332595,"Terron Armstead","MIA","OL",2023
"209","00-0030279",98,0.00769922640104341,0.0211387381563235,0.000699929672822128,"Keenan Allen","LAC","WR",2023
"210","00-0032107",225,0.0076528168258435,0.0233864460054407,0.000695710620531227,"Angelo Blackson","JAX","DL",2023
"211","00-0034163",547,0.00763209109100964,0.021997351980775,0.000693826462819059,"Jake Martin","IND","DL",2023
"212","00-0030615",115,0.00759281695527912,0.0227600418997596,0.000690256086843556,"James Winchester","KC","LS",2023
"213","00-0036849",1345,0.00759197569746249,0.021986552272875,0.000690179608860227,"Tutu Atwell","LA","WR",2023
"214","00-0036417",1214,0.00756870961837184,0.0218670801768967,0.000688064510761077,"Damien Lewis","SEA","OL",2023
"215","00-0036375",1186,0.0075578565902773,0.0211144168785348,0.000687077871843391,"Amik Robertson","LV","DB",2023
"216","00-0032466",290,0.00754640330548674,0.0212291780984074,0.000686036664135159,"George Fant","HOU","OL",2023
"217","00-0035329",870,0.0075310345827435,0.0213904927402931,0.000684639507522137,"Donald Parham","LAC","TE",2023
"218","00-0037091",1491,0.00751398322776352,0.0223632228611403,0.000683089384342138,"Bo Melton","GB","WR",2023
"219","00-0027114",15,0.00751222954626637,0.0225373095427896,0.000682929958751488,"Thomas Morstead","NYJ","P",2023
"220","00-0038107",1779,0.00747134176756009,0.0213083440999287,0.000679212887960008,"Micheal Clemons","NYJ","DL",2023
"221","00-0032464",289,0.00738163564771888,0.0222937398537962,0.000671057786156262,"Kalif Raymond","DET","WR",2023
"222","00-0037395",1623,0.00735220253875175,0.0218114441101122,0.000668382048977432,"Dallis Flowers","IND","DB",2023
"223","00-0035276",854,0.00735073681603147,0.021566026864566,0.000668248801457406,"Blake Cashman","HOU","LB",2023
"224","00-0034668",666,0.00734856948264994,0.0226642056367167,0.000668051771149995,"Aaron Stinnie","TB","OL",2023
"225","00-0034382",607,0.0073417125193516,0.0221208461631758,0.000667428410850145,"Marquis Haynes","CAR","LB",2023
"226","00-0031911",210,0.00733033416625989,0.0220163702296016,0.000666394015114535,"Rick Lovato","PHI","LS",2023
"227","00-0035229",822,0.00732851600152886,0.0216427624452616,0.000666228727411714,"T.J. Hockenson","MIN","TE",2023
"228","00-0037075",1477,0.00732284582235262,0.021823249342488,0.000665713256577511,"Devonte Wyatt","GB","DL",2023
"229","00-0037753",1712,0.00726739408332077,0.0211790369253038,0.000660672189392797,"Cam Taylor-Britt","CIN","DB",2023
"230","00-0035219",818,0.00726012257941801,0.0220349184692106,0.000660011143583455,"Isaiah Buggs","KC","DL",2023
"231","00-0036356",1172,0.00723317227783924,0.0206944643519205,0.000657561116167203,"Isaiah Simmons","NYG","LB",2023
"232","00-0034384",609,0.00722250107531065,0.0218375915818996,0.000656591006846422,"D.J. Reed","NYJ","DB",2023
"233","00-0028946",48,0.0072168713135705,0.0226847173349874,0.00065607921032459,"Aaron Brewer","ARI","LS",2023
"234","00-0035827",991,0.00720033666352389,0.0223652870195848,0.000654576060320353,"Ross Matiscik","JAX","LS",2023
"235","00-0034720",673,0.007179253033655,0.021075690115956,0.000652659366695909,"Robert Spillane","LV","LB",2023
"236","00-0034677",670,0.00714413008399748,0.0215742771017542,0.000649466371272498,"Justin Jones","CHI","DL",2023
"237","00-0036623",1283,0.00711951283071714,0.0217772533378372,0.000647228439156104,"Creed Humphrey","KC","OL",2023
"238","00-0031270",147,0.00711508844935067,0.0214054612052975,0.000646826222668242,"Shelby Harris","CLE","DL",2023
"239","00-0037384",1619,0.00707259093236916,0.0206735966555591,0.00064296281203356,"Ja'Quan McMillian","DEN","DB",2023
"240","00-0037248",1544,0.00706844813282174,0.0217916124724578,0.000642586193892886,"James Cook","BUF","RB",2023
"241","00-0035100",791,0.00703136873839755,0.0216065454388982,0.000639215339854323,"Jake Browning","CIN","QB",2023
"242","00-0034745",679,0.00702663268857171,0.0230309168150691,0.000638784789870155,"Tracy Walker III","DET","DB",2023
"243","00-0037191",1515,0.00701237612164916,0.0225878722071252,0.000637488738331742,"Trent McDuffie","KC","DB",2023
"244","00-0035231",824,0.00699342055869874,0.0216157362466569,0.000635765505336249,"Christian Wilkins","MIA","DL",2023
"245","00-0034993",775,0.00697905028951359,0.0215865704081598,0.000634459117228508,"Marcus Epps","LV","DB",2023
"246","00-0031296",151,0.0069730709680053,0.0218684067061352,0.000633915542545936,"C.J. Mosley","NYJ","LB",2023
"247","00-0033106",362,0.00696861280194869,0.0216580762291432,0.000633510254722608,"Jared Goff","DET","QB",2023
"248","00-0034832",727,0.00696021471974694,0.0215796072520086,0.000632746792704267,"Bradley Chubb","MIA","LB",2023
"249","00-0034987",771,0.00695189258416813,0.0205871953316988,0.000631990234924376,"E.J. Speed","IND","LB",2023
"250","00-0037076",1478,0.00693717613062736,0.0222651334276883,0.000630652375511578,"Sean Rhyan","GB","OL",2023
"251","00-0034968",760,0.00692345882749423,0.0211457621394159,0.000629405347954021,"Darnell Savage","GB","DB",2023
"252","00-0034674",668,0.00688829713036877,0.0228410851277586,0.000626208830033525,"Leighton Vander Esch","DAL","LB",2023
"253","00-0039064",2100,0.00688604356386544,0.0207824091694119,0.000626003960351404,"Zay Flowers","BAL","WR",2023
"254","00-0036962",1423,0.00688381858579019,0.0218636675444531,0.00062580168961729,"Trevon Moehrig","LV","DB",2023
"255","00-0036429",1224,0.00684831982622247,0.0202027272015038,0.000622574529656588,"Charlie Woerner","SF","TE",2023
"256","00-0033376",401,0.00683352885762098,0.0209030070179238,0.000621229896147362,"Patrick Ricard","BAL","RB",2023
"257","00-0036658",1308,0.00681605599964331,0.0216066192223198,0.000619641454513028,"Isaiah McDuffie","GB","LB",2023
"258","00-0037008",1465,0.00680608064856591,0.0210963389854837,0.000618734604415083,"Ambry Thomas","SF","DB",2023
"259","00-0034675",669,0.00675825331155343,0.0208580292403566,0.000614386664686676,"Jessie Bates","ATL","DB",2023
"260","00-0036649",1305,0.00674894635481036,0.0228370373695866,0.000613540577710032,"Quinton Bohanna","TEN","DL",2023
"261","00-0033884",481,0.00671101631434181,0.0216207190046918,0.000610092392212892,"Tre'Davious White","BUF","DB",2023
"262","00-0033929",511,0.00668912256777401,0.0216480746628111,0.000608102051615819,"Montravius Adams","PIT","DL",2023
"263","00-0032388",267,0.00666491641943908,0.0213322390897694,0.00060590149267628,"Deion Jones","CAR","LB",2023
"264","00-0036900",1378,0.00664457497509205,0.0213836393446729,0.000604052270462914,"Ja'Marr Chase","CIN","WR",2023
"265","00-0033863",467,0.00662580895547305,0.0226164545424534,0.000602346268679368,"Dan Skipper","DET","OL",2023
"266","00-0029293",57,0.00662322514793401,0.0231341227001005,0.00060211137708491,"Marvin Jones","DET","WR",2023
"267","00-0036915",1389,0.00660095679156613,0.0210876265409097,0.000600086981051467,"Jeremiah Owusu-Koramoah","CLE","LB",2023
"268","00-0038123",1793,0.00658566618964612,0.0215133998430081,0.000598696926331465,"Dane Belton","NYG","DB",2023
"269","00-0035233",825,0.00656808277749304,0.02113075635988,0.000597098434317549,"Andre Dillard","TEN","OL",2023
"270","00-0038628",1945,0.00655706338882619,0.0214088373392816,0.000596096671711472,"DeMarcco Hellams","ATL","DB",2023
"271","00-0035692",963,0.00654148291722826,0.0215606016972322,0.000594680265202569,"Clelin Ferrell","SF","DL",2023
"272","00-0038121",1791,0.0065286035418227,0.0214298687277552,0.000593509412892973,"Alontae Taylor","NO","DB",2023
"273","00-0037224",1527,0.00649614119167219,0.0232010920081909,0.000590558290152018,"Cameron Dicker","LAC","K",2023
"274","00-0034437",630,0.00648061338261516,0.0231846743162881,0.000589146671146832,"Logan Cooke","JAX","P",2023
"275","00-0038111",1781,0.00646447831976631,0.0218003507286651,0.000587679847251483,"Kyler Gordon","CHI","DB",2023
"276","00-0039070",2105,0.00641709600149634,0.0224439144187429,0.000583372363772395,"Gervon Dexter","CHI","DL",2023
"277","00-0029316",58,0.00639979847133256,0.02221174575165,0.000581799861030233,"Kelvin Beachum","ARI","OL",2023
"278","00-0035254",843,0.00639199400186134,0.0209182538693459,0.000581090363805577,"Anthony Nelson","TB","LB",2023
"279","00-0035250",841,0.00635538417647839,0.0219395646534504,0.000577762197861672,"Devin Singletary","HOU","RB",2023
"280","00-0034285",570,0.00633718523292822,0.0216775949092051,0.00057610774844802,"Zach Sieler","MIA","DL",2023
"281","00-0034773",694,0.00632605948895457,0.0206881372830963,0.000575096317177688,"Vita Vea","TB","DL",2023
"282","00-0032918",324,0.0063185134018711,0.0219107424688877,0.000574410309261009,"C.J. Ham","MIN","RB",2023
"283","00-0034754",684,0.00631752236187693,0.022386271368708,0.000574320214716085,"Oren Burks","SF","LB",2023
"284","00-0028924",47,0.00631027018339137,0.0218913587562778,0.000573660925762852,"Tashaun Gipson","SF","DB",2023
"285","00-0035717",979,0.00630445762937325,0.0222565480021034,0.000573132511761204,"Nick Bosa","SF","DL",2023
"286","00-0033009",337,0.00629777026758469,0.0209822960143437,0.000572524569780426,"Tyler Boyd","CIN","WR",2023
"287","00-0037195",1518,0.00628475879342414,0.0203930697401709,0.000571341708493104,"Jaylen Watson","KC","DB",2023
"288","00-0034114",537,0.00628314200973595,0.021883877726169,0.000571194728157814,"Coleman Shelton","LA","OL",2023
"289","00-0038587",1907,0.00624727463078389,0.0224976324087377,0.00056793405734399,"Jammie Robinson","CAR","DB",2023
"290","00-0036355",1171,0.00622945524348149,0.0221600604764845,0.000566314113043772,"Justin Herbert","LAC","QB",2023
"291","00-0027723",19,0.00622374790788631,0.0222700677694635,0.000565795264353301,"Al Woods","NYJ","DL",2023
"292","00-0039137",2121,0.00621873671927532,0.0215284441952508,0.000565339701752302,"Byron Young","LA","LB",2023
"293","00-0034374",602,0.00621712081671222,0.0226317148176817,0.000565192801519292,"Jordan Whitehead","NYJ","DB",2023
"294","00-0031388",165,0.00621326024309806,0.0212392170363714,0.000564841840281642,"Aaron Donald","LA","DL",2023
"295","00-0032965",332,0.00618215667906818,0.021857683502624,0.000562014243551653,"Ronnie Stanley","BAL","OL",2023
"296","00-0034646",664,0.0061498624266105,0.0219797897638324,0.000559078402419136,"Brandon Powell","MIN","WR",2023
"297","00-0035859",997,0.00614539125624325,0.0217773884027252,0.00055867193238575,"Blake Gillikin","ARI","P",2023
"298","00-0033579",435,0.00614352579562578,0.0221381657973391,0.000558502345056889,"Xavier Woods","CAR","DB",2023
"299","00-0039052",2092,0.00612247776938558,0.0211145795431862,0.000556588888125962,"Trey Palmer","TB","WR",2023
"300","00-0033109",363,0.0061113958089753,0.0218393619259614,0.000555581437179572,"Javon Hargrave","SF","DL",2023
"301","00-0035237",829,0.0060977820285727,0.0208359816354515,0.000554343820779336,"Jawaan Taylor","KC","OL",2023
"302","00-0035239",831,0.00609050464767889,0.0216628473644585,0.000553682240698081,"Sean Murphy-Bunting","TEN","DB",2023
"303","00-0038877",2025,0.00607689872585496,0.0222444272360893,0.000552445338714087,"D'Shawn Jamison","CAR","DB",2023
"304","00-0033910",501,0.00607603394617885,0.0218835617879249,0.000552366722379895,"Dan Feeney","CHI","OL",2023
"305","00-0037663",1694,0.00607018306349697,0.0214021325431014,0.00055183482395427,"Jermaine Johnson","NYJ","LB",2023
"306","00-0032803",319,0.00606475701570776,0.0213772238303968,0.000551341546882524,"Jalen Mills","NE","DB",2023
"307","00-0034951",752,0.00606416706935672,0.0223469695369899,0.000551287915396065,"Fred Johnson","PHI","OL",2023
"308","00-0036695",1319,0.00606333957920634,0.0218185176031154,0.000551212689018759,"Naquan Jones","ARI","DL",2023
"309","00-0027885",26,0.00605603708394567,0.0232073190508758,0.000550548825813243,"Linval Joseph","BUF","DL",2023
"310","00-0033901",494,0.00605342334694573,0.0219300176485639,0.000550311213358703,"Ethan Pocic","CLE","OL",2023
"311","00-0038103",1776,0.00604457780430822,0.0226862145865998,0.000549507073118929,"Cole Strange","NE","OL",2023
"312","00-0035642",931,0.00604439054715526,0.0215914438796914,0.000549490049741387,"Josh Allen","JAX","LB",2023
"313","00-0033752",451,0.00601412704519586,0.020693292660345,0.000546738822290532,"Storm Norton","ATL","OL",2023
"314","00-0036275",1116,0.00598935485149016,0.0217183256563536,0.000544486804680923,"D'Andre Swift","PHI","RB",2023
"315","00-0034999",777,0.00598442309132238,0.0216383202175613,0.000544038462847489,"Ty Summers","NO","LB",2023
"316","00-0032454",287,0.00598287909691906,0.0213174751718544,0.000543898099719915,"Jayron Kearse","DAL","DB",2023
"317","00-0036989",1448,0.00598227081598007,0.0209602549197919,0.000543842801452733,"Malcolm Koonce","LV","DL",2023
"318","00-0033880",478,0.00597121800055265,0.0221627994152575,0.000542838000050241,"Charles Harris","DET","DL",2023
"319","00-0033571",432,0.0059546735527544,0.0222998724327301,0.000541333959341309,"Matt Milano","BUF","LB",2023
"320","00-0037282",1575,0.00595213484149021,0.021915676345815,0.000541103167408201,"James Mitchell","DET","TE",2023
"321","00-0037410",1626,0.00590780068585721,0.0227312351730927,0.000537072789623383,"Jashaun Corbin","NYG","RB",2023
"322","00-0038933",2035,0.00590223718712762,0.0211364039715955,0.000536567017011602,"Dalton Kincaid","BUF","TE",2023
"323","00-0033891",487,0.00590212812465191,0.022097031033821,0.000536557102241082,"Zay Jones","JAX","WR",2023
"324","00-0036926",1396,0.00589505842294489,0.0226315655003535,0.000535914402085899,"Payton Turner","NO","DL",2023
"325","00-0039001",2066,0.00588999373257519,0.0223266042137521,0.000535453975688653,"Tyler Steen","PHI","OL",2023
"326","00-0036408",1206,0.00588955273618848,0.0212505257704095,0.000535413885108043,"Cesar Ruiz","NO","OL",2023
"327","00-0036905",1383,0.00585791083892156,0.0224604325751486,0.000532537348992869,"Larry Borom","CHI","OL",2023
"328","00-0038381",1811,0.00584601499359067,0.0219848398897016,0.000531455908508242,"Kyu Blu Kelly","WAS","DB",2023
"329","00-0036983",1442,0.0058118116174619,0.0225607646045294,0.000528346510678355,"Kendrick Green","HOU","OL",2023
"330","00-0038545",1871,0.0058115512869163,0.0214114131911705,0.000528322844265118,"Mazi Smith","DAL","DL",2023
"331","00-0034516",649,0.00580394041908509,0.0203980121039544,0.000527630947189554,"Tre Herndon","JAX","DB",2023
"332","00-0035144",802,0.00579544410248949,0.0216642926312551,0.000526858554771772,"Mack Wilson","NE","LB",2023
"333","00-0033943",517,0.00577644524667201,0.0213291532156719,0.000525131386061092,"Josh Reynolds","DET","WR",2023
"334","00-0025565",5,0.00576822922800847,0.0231332960948916,0.000524384475273497,"Nick Folk","TEN","K",2023
"335","00-0037283",1576,0.00576613362784381,0.0218485982120627,0.000524193966167619,"John Ridgeway","WAS","DL",2023
"336","00-0027865",22,0.00576221290623295,0.0210280563409058,0.000523837536930268,"Brandon Graham","PHI","DL",2023
"337","00-0034721",674,0.00574544138729409,0.0218791857371105,0.000522312853390372,"Corey Bojorquez","CLE","P",2023
"338","00-0033551",425,0.0057171870490319,0.0204832701706862,0.000519744277184718,"Rasul Douglas","BUF","DB",2023
"339","00-0033221",375,0.00570305826861274,0.0216941365493891,0.000518459842601158,"Daniel Brunskill","TEN","OL",2023
"340","00-0035228",821,0.00570011834089077,0.021914321046835,0.000518192576444615,"Kyler Murray","ARI","QB",2023
"341","00-0039110",2114,0.00569814467076254,0.0214236295327981,0.000518013151887504,"Keeanu Benton","PIT","DL",2023
"342","00-0029542",62,0.00568880476956321,0.022847807722079,0.000517164069960291,"Stephon Gilmore","DAL","DB",2023
"343","00-0035240",832,0.0056806874265779,0.0205256507228285,0.0005164261296889,"Jahlani Tavai","NE","LB",2023
"344","00-0034351",588,0.00567880586029499,0.0218976370282913,0.000516255078208635,"Dallas Goedert","PHI","TE",2023
"345","00-0030561",110,0.00566836430516513,0.0214605962263333,0.000515305845924103,"Lane Johnson","PHI","OL",2023
"346","00-0033526",415,0.00566742178789982,0.02183069083967,0.000515220162536347,"Samaje Perine","DEN","RB",2023
"347","00-0039169",2145,0.00565277482115732,0.0216486011644879,0.000513888620105211,"Devon Witherspoon","SEA","DB",2023
"348","00-0034613",660,0.00563630971715465,0.0219707001212803,0.000512391792468604,"Tanner Hudson","CIN","TE",2023
"349","00-0034834",729,0.0056305864741403,0.0211683666644174,0.000511871497649118,"Sam Hubbard","CIN","DL",2023
"350","00-0037281",1574,0.0055910112892838,0.021974608563311,0.000508273753571255,"Damone Clark","DAL","LB",2023
"351","00-0038390",1816,0.00552521507079825,0.0219201158679651,0.000502292279163477,"Noah Sewell","CHI","LB",2023
"352","00-0030513",108,0.00552122457431439,0.0221966394255112,0.000501929506755854,"Latavius Murray","BUF","RB",2023
"353","00-0038558",1882,0.00551320764106666,0.0215506261360393,0.000501200694642424,"Darnell Washington","PIT","TE",2023
"354","00-0036944",1411,0.00547845754403435,0.0213183842184268,0.000498041594912214,"Jaycee Horn","CAR","DB",2023
"355","00-0029008",50,0.00545943245869272,0.0222732862572837,0.000496312041699338,"Charley Hughlett","CLE","LS",2023
"356","00-0035707",974,0.00542313661787927,0.0217060526598464,0.000493012419807206,"Devin White","TB","LB",2023
"357","00-0032671",302,0.00540103028702747,0.0218596509334711,0.000491002753366134,"Morgan Fox","LAC","DL",2023
"358","00-0034974",764,0.00538508226652394,0.0208041601533565,0.000489552933320358,"Julian Love","SEA","DB",2023
"359","00-0036584",1267,0.00537272716789918,0.022184027592951,0.000488429742536289,"Foster Sarell","LAC","OL",2023
"360","00-0035636",927,0.00535566915099264,0.0231927845169448,0.000486879013726603,"L.J. Collier","ARI","DL",2023
"361","00-0036313",1142,0.00533858809296031,0.022736709284803,0.000485326190269119,"Braden Mann","PHI","P",2023
"362","00-0037010",1467,0.00530133131952716,0.0211037826071937,0.000481939210866106,"Liam Eichenberg","MIA","OL",2023
"363","00-0035358",880,0.00527712152039279,0.0232408015483469,0.000479738320035708,"Chase McLaughlin","TB","K",2023
"364","00-0039068",2104,0.00527680006461683,0.020577863250446,0.000479709096783348,"YaYa Diaby","TB","LB",2023
"365","00-0036364",1178,0.00527336329409515,0.0214227890476915,0.000479396663099559,"Lynn Bowden","NO","WR",2023
"366","00-0035992",1019,0.00524552788945595,0.0214820736618325,0.000476866171768723,"Trystan Colon","ARI","OL",2023
"367","00-0033873",472,0.00523842450130879,0.0216254746318324,0.00047622040920989,"Patrick Mahomes","KC","QB",2023
"368","00-0031203",140,0.00522959218056808,0.022547746786435,0.000475417470960734,"Cairo Santos","CHI","K",2023
"369","00-0032146",235,0.00521212898248802,0.02269733064852,0.000473829907498911,"Bud Dupree","ATL","LB",2023
"370","00-0038535",1863,0.005205722963289,0.0220211422056497,0.000473247542117182,"D.J. Johnson","CAR","LB",2023
"371","00-0037254",1550,0.00518971010860348,0.0216858183067225,0.000471791828054862,"Terrel Bernard","BUF","LB",2023
"372","00-0037759",1717,0.00517390236197885,0.0236131858145914,0.000470354760179895,"DeMarvin Leal","PIT","DL",2023
"373","00-0035764",986,0.00515984950089857,0.0212733629253005,0.000469077227354416,"Calvin Throckmorton","TEN","OL",2023
"374","00-0035629",922,0.00514048850845744,0.0219127840305992,0.000467317137132495,"Jonah Williams","CIN","OL",2023
"375","00-0037003",1461,0.00512765139534689,0.0224039082026624,0.000466150126849717,"Chazz Surratt","NYJ","LB",2023
"376","00-0036159",1054,0.0051201093268947,0.022792493637654,0.000465464484263155,"Josh Uche","NE","LB",2023
"377","00-0036431",1226,0.00510797382006105,0.0206465029881331,0.000464361256369186,"Jordan Fuller","LA","DB",2023
"378","00-0036374",1185,0.00508587754663199,0.0208098932874484,0.000462352504239272,"L'Jarius Sneed","KC","DB",2023
"379","00-0039065",2101,0.00507865842247256,0.0215634740671207,0.000461696220224778,"Sam LaPorta","DET","TE",2023
"380","00-0035631",924,0.00507625434463313,0.0218714804198525,0.000461477667693921,"Drew Sample","CIN","TE",2023
"381","00-0035402",889,0.00506198068707345,0.0213609589764401,0.000460180062461222,"Carl Granderson","NO","DL",2023
"382","00-0034970",761,0.00506183500872049,0.0208400525831274,0.00046016681897459,"Irv Smith","CIN","TE",2023
"383","00-0039148",2132,0.00503337799001586,0.0208230487005001,0.000457579817274169,"Keion White","NE","DL",2023
"384","00-0037288",1580,0.00503148845035964,0.0213118532800167,0.000457408040941785,"Christian Benford","BUF","DB",2023
"385","00-0034760",687,0.00500886243542838,0.0224423139457412,0.000455351130493489,"Nathan Shepherd","NO","DL",2023
"386","00-0035298",864,0.00499875561427423,0.0205932152095837,0.000454432328570385,"Scott Miller","ATL","WR",2023
"387","00-0034973",763,0.00499357398017455,0.0213904745704957,0.000453961270924959,"Maxx Crosby","LV","DL",2023
"388","00-0029621",69,0.00497777795752194,0.0215787485265388,0.000452525268865631,"Greg Zuerlein","NYJ","K",2023
"389","00-0037627",1689,0.00496703367623204,0.0223461898774561,0.000451548516021095,"Mike Greene","TB","DL",2023
"390","00-0034854",739,0.00496052954456716,0.0209279266077433,0.000450957231324288,"KhaDarel Hodge","ATL","WR",2023
"391","00-0037246",1542,0.00495838594959387,0.0213538972164409,0.000450762359053988,"Jalen Pitre","HOU","DB",2023
"392","00-0034514",647,0.00494792993495587,0.02051997901203,0.000449811812268716,"Levi Wallace","PIT","DB",2023
"393","00-0036948",1414,0.00494692830502911,0.0218467114494766,0.000449720755002647,"Ta'Quon Graham","ATL","DL",2023
"394","00-0034385",610,0.00492744130008769,0.0218956839867581,0.000447949209098881,"Ja'Whaun Bentley","NE","LB",2023
"395","00-0033676",444,0.00492085743376668,0.0227101804360206,0.00044735067579697,"Elijah Wilkinson","ARI","OL",2023
"396","00-0037141",1508,0.00489345454730247,0.023218594784234,0.000444859504300225,"Joey Blount","ARI","DB",2023
"397","00-0035995",1021,0.00488430466281158,0.0228066508322015,0.000444027696619235,"Grayland Arnold","HOU","DB",2023
"398","00-0038576",1896,0.0048836468261084,0.0221422769612429,0.000443967893282582,"Charlie Jones","CIN","WR",2023
"399","00-0033858",465,0.00487635737409169,0.0230316452979931,0.000443305215826517,"Jonnu Smith","ATL","TE",2023
"400","00-0034350",587,0.00486733724271188,0.0219962445975352,0.000442485203882898,"Uchenna Nwosu","SEA","LB",2023
"401","00-0039138",2122,0.00486470270502512,0.0210850388588356,0.000442245700456829,"Kobie Turner","LA","DL",2023
"402","00-0036934",1402,0.00486126783371331,0.0216572692339136,0.000441933439428483,"Jaelan Phillips","MIA","LB",2023
"403","00-0035663",944,0.0048281037967109,0.0210394759238746,0.000438918526973719,"Taylor Rapp","BUF","DB",2023
"404","00-0032764",312,0.00480878556591644,0.0222918599709148,0.000437162324174222,"Derrick Henry","TEN","RB",2023
"405","00-0034348",586,0.00479990569545027,0.0211990540976638,0.000436355063222752,"Courtland Sutton","DEN","WR",2023
"406","00-0036406",1204,0.00479957466455065,0.0217132788408913,0.000436324969504604,"Tristan Wirfs","TB","OL",2023
"407","00-0036932",1400,0.00477597884594192,0.0219258661586694,0.000434179895085629,"Micah Parsons","DAL","LB",2023
"408","00-0037812",1726,0.00477079771950895,0.0213770549840619,0.000433708883591723,"Abraham Lucas","SEA","OL",2023
"409","00-0033908",500,0.00476772411008852,0.0214317148543096,0.000433429464553502,"Cooper Kupp","LA","WR",2023
"410","00-0032211",248,0.00476722049032188,0.0213240793694025,0.000433383680938353,"Tyler Lockett","SEA","WR",2023
"411","00-0029606",67,0.00476377327768631,0.0216540610121832,0.000433070297971483,"Harrison Smith","MIN","DB",2023
"412","00-0038095",1769,0.00475882448347366,0.0225205148368453,0.000432620407588515,"Cordell Volson","CIN","OL",2023
"413","00-0034310",575,0.00474704216327701,0.0228148444659928,0.000431549287570637,"Craig James","DET","DB",2023
"414","00-0034771",693,0.00474493148591614,0.0223478965417604,0.000431357407810558,"Mason Rudolph","PIT","QB",2023
"415","00-0034982",769,0.00473300104480168,0.0209246412714106,0.000430272822254699,"Dre Greenlaw","SF","LB",2023
"416","00-0032052",218,0.00472872664018684,0.0233873259251911,0.000429884240016986,"Dante Fowler Jr.","DAL","DL",2023
"417","00-0036348",1167,0.00471500120587949,0.0210783257147625,0.000428636473261772,"Josh Metellus","MIN","DB",2023
"418","00-0029692",73,0.0046839800131135,0.022346228164206,0.0004258163648285,"Bryan Anger","DAL","P",2023
"419","00-0037243",1539,0.00468053217026769,0.0212273588487474,0.00042550292456979,"Tyler Smith","DAL","OL",2023
"420","00-0037805",1720,0.00467644770997001,0.0225208699955892,0.000425131609997274,"Jeremy Ruckert","NYJ","TE",2023
"421","00-0032141",232,0.00467285773724407,0.021488335748057,0.00042480524884037,"Geoff Swaim","ARI","TE",2023
"422","00-0036414",1211,0.00466317879387712,0.0218923478915924,0.00042392534489792,"Cam Akers","MIN","RB",2023
"423","00-0030565",112,0.00464337547721452,0.0222673925274589,0.000422125043383138,"Geno Smith","SEA","QB",2023
"424","00-0034992",774,0.00462719706628733,0.0212980507361182,0.000420654278753393,"Armon Watts","PIT","DL",2023
"425","00-0037744",1706,0.00462704021185491,0.0209049081211126,0.000420640019259538,"Trey McBride","ARI","TE",2023
"426","00-0037837",1747,0.0046158217314598,0.0209613928638639,0.000419620157405436,"Calvin Austin","PIT","WR",2023
"427","00-0037665",1696,0.00459538391360575,0.0219643548700681,0.000417762173964159,"Sam Williams","DAL","DL",2023
"428","00-0034413",619,0.00457498121959434,0.0210851945902064,0.000415907383599486,"Foyesade Oluokun","JAX","LB",2023
"429","00-0038584",1904,0.0045191712976148,0.0225776618480818,0.000410833754328618,"Jaquelin Roy","MIN","DL",2023
"430","00-0036400",1201,0.00450605873630162,0.0230119377934878,0.000409641703300147,"Cam Brown","NYG","LB",2023
"431","00-0038642",1953,0.00449863938669858,0.0218019134207906,0.000408967216972598,"D.J. Ivey","CIN","DB",2023
"432","00-0034203",555,0.00449641029615032,0.0219875648748345,0.000408764572377302,"Darious Williams","JAX","DB",2023
"433","00-0037594",1676,0.00447510899690037,0.0223422867589154,0.000406828090627307,"Julius Chestnut","TEN","RB",2023
"434","00-0031800",204,0.00447131257425961,0.0215895414058513,0.000406482961296328,"Taylor Heinicke","ATL","QB",2023
"435","00-0036370",1183,0.00445819593038277,0.0210762605936483,0.000405290539125706,"Joshua Kelley","LAC","RB",2023
"436","00-0031555",182,0.00445232751864047,0.0224116953903542,0.000404757047149134,"Eric Rowe","PIT","DB",2023
"437","00-0034954",753,0.00444197663198776,0.0234055180431042,0.000403816057453433,"Malik Reed","MIA","LB",2023
"438","00-0035535",906,0.00443619595416023,0.0208138200636767,0.000403290541287294,"Darius Slayton","NYG","WR",2023
"439","00-0033055",348,0.00443288807163385,0.0218542680987471,0.000402989824693987,"Jalen Ramsey","MIA","DB",2023
"440","00-0032943",328,0.0044105591145526,0.0226560953601617,0.000400959919504782,"Riley Dixon","DEN","P",2023
"441","00-0038980",2054,0.00440336883312081,0.0223908795636381,0.000400306257556437,"Zach Harrison","ATL","DL",2023
"442","00-0035112",792,0.00440092786601121,0.0215327504904861,0.000400084351455564,"Patrick Mekari","BAL","OL",2023
"443","00-0034376",604,0.00437115938500444,0.0213016609559026,0.000397378125909495,"Taron Johnson","BUF","DB",2023
"444","00-0033793",460,0.00435032856280221,0.0221897277940971,0.000395484414800201,"Corey Levin","TEN","OL",2023
"445","00-0034116",539,0.00429239522806754,0.0231925086291945,0.00039021774800614,"J.T. Gray","NO","DB",2023
"446","00-0037544",1661,0.00428619323667422,0.0220145796221388,0.000389653930606747,"Nephi Sewell","NO","LB",2023
"447","00-0033537",417,0.00428452544677124,0.0215718195152094,0.00038950231334284,"Deshaun Watson","CLE","QB",2023
"448","00-0039109",2113,0.00427839286135441,0.0212491832974142,0.000388944805577674,"Broderick Jones","PIT","OL",2023
"449","00-0037034",1470,0.00427018080702487,0.020600384219308,0.000388198255184079,"Dee Alford","ATL","DB",2023
"450","00-0028129",39,0.00426847938347846,0.0221666552907212,0.000388043580316224,"Jason Kelce","PHI","OL",2023
"451","00-0038986",2060,0.00423722288254524,0.0215468836070817,0.000385202080231386,"Nic Jones","KC","DB",2023
"452","00-0032580",298,0.00422984826344289,0.0215352011477894,0.00038453166031299,"Jonathan Jones","NE","DB",2023
"453","00-0036866",1354,0.00421516840706453,0.0224394862153828,0.000383197127914957,"James Hudson","CLE","OL",2023
"454","00-0037240",1536,0.00421445755973662,0.021530950380075,0.000383132505430602,"Jameson Williams","DET","WR",2023
"455","00-0033870",470,0.00420225728967967,0.0214425866575033,0.000382023389970879,"Solomon Thomas","NYJ","DL",2023
"456","00-0034198",554,0.00417096452977643,0.0227116753404235,0.000379178593616039,"Trent Sieg","DAL","LS",2023
"457","00-0038046",1762,0.00417070498895433,0.0224796942269614,0.000379154998995848,"Charlie Kolar","BAL","TE",2023
"458","00-0036854",1347,0.00414539095672959,0.0228817256305469,0.000376853723339054,"Evan McPherson","CIN","K",2023
"459","00-0032415",278,0.00414226538701443,0.0231496564606631,0.000376569580637676,"Matt Judon","NE","LB",2023
"460","00-0035279",856,0.00414020826055721,0.02141589180019,0.000376382569141565,"Charles Omenihu","KC","DL",2023
"461","00-0030459",104,0.00413950202069272,0.0210362106146387,0.00037631836551752,"Tyrann Mathieu","NO","DB",2023
"462","00-0038456",1840,0.00411377694150664,0.0219862051740439,0.000373979721955149,"Travis Vokolek","ARI","TE",2023
"463","00-0036402",1202,0.0041080220574481,0.0222649477328887,0.0003734565506771,"Carter Coughlin","NYG","LB",2023
"464","00-0038104",1777,0.00408657766230393,0.0218731863378334,0.000371507060209448,"Tyquan Thornton","NE","WR",2023
"465","00-0036943",1410,0.00408316765933266,0.0212161905442126,0.000371197059939333,"Mitchell Fraboni","DEN","LS",2023
"466","00-0027696",18,0.00408290560110126,0.0223937850268713,0.000371173236463751,"Jimmy Graham","NO","TE",2023
"467","00-0036389",1193,0.00403748752974076,0.0218610156356638,0.000367044320885524,"Jalen Hurts","PHI","QB",2023
"468","00-0036329",1152,0.00402591722391279,0.0211524365379593,0.000365992474901163,"Ashtyn Davis","NYJ","DB",2023
"469","00-0036930",1399,0.00402322657882112,0.0225978181439227,0.00036574787080192,"Landon Young","NO","OL",2023
"470","00-0038994",2061,0.00401897508700543,0.0218768035320516,0.000365361371545948,"Jordan Addison","MIN","WR",2023
"471","00-0035640",930,0.00401076352465608,0.0211852167755713,0.000364614865877825,"DK Metcalf","SEA","WR",2023
"472","00-0033010",338,0.0039956887007571,0.0225537236193074,0.000363244427341555,"Sheldon Day","MIN","DL",2023
"473","00-0036554",1254,0.00397545684584112,0.0216575232287129,0.000361405167803738,"Nico Collins","HOU","WR",2023
"474","00-0033572",433,0.00397394930688777,0.0216994603751835,0.000361268118807979,"Jamal Agnew","JAX","WR",2023
"475","00-0034828",723,0.00397024373758653,0.0217447078713193,0.000360931248871503,"Harold Landry","TEN","LB",2023
"476","00-0034468",637,0.00396804529953682,0.0207896869510271,0.000360731390866983,"Chandon Sullivan","PIT","DB",2023
"477","00-0031360",159,0.00395655169617781,0.0215910599756563,0.000359686517834346,"Kyle Van Noy","BAL","LB",2023
"478","00-0038812",2003,0.00394867371897103,0.02282964596892,0.000358970338088276,"Jaylin Williams","MIN","DB",2023
"479","00-0032463",288,0.00393204716293973,0.021650311194571,0.000357458832994521,"Kyle Peko","TEN","DL",2023
"480","00-0027962",32,0.00392497429743786,0.0212022746899101,0.000356815845221624,"Cameron Jordan","NO","DL",2023
"481","00-0035277",855,0.00391851813134489,0.020872853549574,0.000356228921031354,"Michael Jackson","SEA","DB",2023
"482","00-0036394",1196,0.00391769305290481,0.0221997163355272,0.000356153913900438,"Darnay Holmes","NYG","DB",2023
"483","00-0032150",236,0.00390349005707268,0.0223918855064487,0.000354862732461153,"Steven Nelson","HOU","DB",2023
"484","00-0037810",1724,0.00389853064364157,0.0230700571140845,0.000354411876694688,"Troy Andersen","ATL","LB",2023
"485","00-0036604",1273,0.00389417700880319,0.0224207772227894,0.000354016091709381,"Jordan Meredith","LV","OL",2023
"486","00-0035591",913,0.00389237738100965,0.0221756306793326,0.000353852489182695,"Justin Hollins","LAC","LB",2023
"487","00-0033907",499,0.00387948835896468,0.0211716678758759,0.00035268075990588,"Dawuane Smoot","JAX","DL",2023
"488","00-0036920",1393,0.00386986089692163,0.0217533579962405,0.000351805536083785,"Marlon Tuipulotu","PHI","DL",2023
"489","00-0039049",2089,0.00385727589702223,0.0217538802791045,0.000350661445183839,"SirVocea Dennis","TB","LB",2023
"490","00-0033883",480,0.00385613516769707,0.0212126914128805,0.000350557742517915,"Jabrill Peppers","NE","DB",2023
"491","00-0039041",2086,0.00384123814583781,0.0213656033863928,0.000349203467803437,"Elijah Higgins","ARI","TE",2023
"492","00-0034753",683,0.00382668418286865,0.0216599557801895,0.000347880380260786,"Mark Andrews","BAL","TE",2023
"493","00-0036220",1079,0.00382071706652499,0.0218551350057425,0.000347337915138635,"Derrick Brown","CAR","DL",2023
"494","00-0038612",1930,0.00381284749395098,0.0211532487318761,0.000346622499450089,"A.T. Perry","NO","WR",2023
"495","00-0036244",1092,0.00381093839908217,0.021962689707133,0.000346448945371106,"Colby Parkinson","SEA","TE",2023
"496","00-0034981",768,0.00379518327897577,0.0219869841029089,0.00034501666172507,"Foster Moreau","NO","TE",2023
"497","00-0033281",383,0.00379276665221082,0.0219740540835804,0.000344796968382802,"Marlon Humphrey","BAL","DB",2023
"498","00-0035655",939,0.00379228565379421,0.0218773367961734,0.000344753241254019,"Will Harris","DET","DB",2023
"499","00-0037607",1681,0.00376214791004737,0.022374712484136,0.000342013446367943,"Ryan Stonehouse","TEN","P",2023
"500","00-0036302",1135,0.00375136333131255,0.0218380206782801,0.000341033030119323,"Jaylinn Hawkins","LAC","DB",2023
"501","00-0036371",1184,0.00372372322036878,0.0224130132084408,0.000338520292760798,"Leki Fotu","ARI","DL",2023
"502","00-0031565",185,0.00372290945843516,0.0215017559601604,0.000338446314403196,"Danielle Hunter","MIN","LB",2023
"503","00-0035202",814,0.00372271745393356,0.0218926253053633,0.000338428859448506,"Del'Shawn Phillips","BAL","LB",2023
"504","00-0036268",1110,0.0036947104212324,0.0221583420020364,0.000335882765566582,"Laviska Shenault","CAR","WR",2023
"505","00-0037092",1492,0.00368976351781172,0.0216955607126942,0.000335433047073793,"Chris Paul","WAS","OL",2023
"506","00-0038597",1916,0.00366040435320124,0.0221177412538014,0.000332764032109203,"Chase Brown","CIN","RB",2023
"507","00-0031580",187,0.00364938425126264,0.0208849683473568,0.00033176220466024,"Shaq Mason","HOU","OL",2023
"508","00-0038552",1877,0.00362987896295827,0.022564805663448,0.00032998899663257,"Riley Moss","DEN","DB",2023
"509","00-0030500",106,0.00360182995678754,0.0222624009930108,0.000327439086980685,"Nicholas Williams","LAC","DL",2023
"510","00-0037005",1463,0.00358987548892253,0.0218129076750216,0.000326352317174775,"Tommy Tremble","CAR","TE",2023
"511","00-0034383",608,0.00358880954985543,0.0221244476925718,0.000326255413623221,"Dalton Schultz","HOU","TE",2023
"512","00-0036253",1098,0.00356721058836946,0.0210976137833953,0.000324291871669951,"Julian Blackmon","IND","DB",2023
"513","00-0036619",1279,0.00355738585266771,0.02111757714851,0.000323398713878883,"Dillon Radunz","TEN","OL",2023
"514","00-0036265",1107,0.00355295781331763,0.0219479910546319,0.000322996164847058,"AJ Dillon","GB","RB",2023
"515","00-0038134",1803,0.00354963415576657,0.0217827213507919,0.000322694014160598,"Kenneth Walker","SEA","RB",2023
"516","00-0033052",347,0.00353233280012473,0.0229120601585427,0.000321121163647703,"Jaylon Smith","PIT","LB",2023
"517","00-0037271",1565,0.00352247852097732,0.0230464135755707,0.000320225320088848,"D'Marco Jackson","NO","LB",2023
"518","00-0038454",1839,0.00352094363262849,0.0216294784062835,0.000320085784784408,"Keaton Mitchell","BAL","RB",2023
"519","00-0038043",1760,0.00351305613038445,0.0215278640587897,0.000319368739125859,"Joshua Williams","KC","DB",2023
"520","00-0031136",136,0.00351018392567771,0.0223115706404821,0.000319107629607064,"Chris Boswell","PIT","K",2023
"521","00-0038845",2014,0.00350904389690522,0.0230432906816381,0.000319003990627747,"Matthew Jackson","TEN","DB",2023
"522","00-0030665",118,0.00350770709600156,0.022073433018799,0.000318882463272869,"Daniel Sorensen","NO","DB",2023
"523","00-0036660",1310,0.00350660439957992,0.021662832184828,0.000318782218143629,"Trey Smith","KC","OL",2023
"524","00-0036231",1085,0.00348172593982906,0.021615656731618,0.00031652053998446,"Kyle Dugger","NE","DB",2023
"525","00-0033898",493,0.00347800531348153,0.0210637968874003,0.000316182301225594,"Justin Evans","PHI","DB",2023
"526","00-0037818",1732,0.00347315793736813,0.0224662137851785,0.00031574163066983,"Zion Johnson","LAC","OL",2023
"527","00-0038646",1957,0.00347025707584845,0.0213083931488022,0.000315477915986223,"Alex Austin","NE","DB",2023
"528","00-0038561",1885,0.00346412546697086,0.0228730874905187,0.000314920496997351,"Siaki Ika","CLE","DL",2023
"529","00-0036307",1139,0.00345774873386498,0.0213604226274911,0.000314340793987726,"Kindle Vildor","DET","DB",2023
"530","00-0036387",1191,0.00345468011414571,0.0217956704143973,0.000314061828558701,"Jalen Reagor","NE","WR",2023
"531","00-0037545",1662,0.00345373658013949,0.0217600484267522,0.000313976052739954,"Rashid Shaheed","NO","WR",2023
"532","00-0036636",1295,0.00344559923455402,0.0219175222864522,0.000313236294050365,"Brenden Jaimes","LAC","OL",2023
"533","00-0038737",1983,0.00343190473651412,0.0227304277442447,0.000311991339683102,"Isaiah Land","IND","DL",2023
"534","00-0037251",1547,0.00342851858847381,0.0212024521686723,0.000311683508043074,"Alex Wright","CLE","DL",2023
"535","00-0032391",268,0.00340917444397974,0.021840972620793,0.000309924949452704,"Joe Thuney","KC","OL",2023
"536","00-0031376",163,0.00340556692670555,0.0210999349472869,0.000309596993336868,"Jerick McKinnon","KC","RB",2023
"537","00-0035234",826,0.00340140053819482,0.0213151099001983,0.000309218230744984,"Tytus Howard","HOU","OL",2023
"538","00-0038388",1814,0.00339509192651999,0.0225378028506997,0.000308644720592726,"Darius Rush","PIT","DB",2023
"539","00-0030098",94,0.00338893227028992,0.0221609820743368,0.000308084751844538,"Dustin Hopkins","CLE","K",2023
"540","00-0031921",211,0.00338773700210201,0.0205258513646213,0.000307976091100182,"Kendall Lamm","MIA","OL",2023
"541","00-0037585",1671,0.00338003159917297,0.0232611599146076,0.000307275599924815,"Timmy Horne","NYG","DL",2023
"542","00-0033941",516,0.00337793224797492,0.0212152884272272,0.000307084749815902,"Rayshawn Jenkins","JAX","DB",2023
"543","00-0034678",671,0.00337752669126996,0.0223368033508004,0.000307047881024542,"Alex Cappa","CIN","OL",2023
"544","00-0037270",1564,0.00337443495837815,0.0215499375621937,0.000306766814398014,"Otito Ogbonnia","LAC","DL",2023
"545","00-0036266",1108,0.00336187646817767,0.0208334533158645,0.000305625133470697,"Jordan Elliott","CLE","DL",2023
"546","00-0032726",307,0.00335705053252309,0.0227274797055875,0.000305186412047554,"Ka'imi Fairbairn","HOU","K",2023
"547","00-0036953",1417,0.00335204560506397,0.0217971211098699,0.000304731418642179,"Teven Jenkins","CHI","OL",2023
"548","00-0037611",1683,0.00333981313374372,0.0204944934434084,0.000303619375794884,"Kayvon Thibodeaux","NYG","LB",2023
"549","00-0033902",495,0.00333100238509971,0.0211425725985708,0.000302818398645428,"Tanoh Kpassagnon","NO","DL",2023
"550","00-0036409",1207,0.00332852364220653,0.0223775078945706,0.000302593058382412,"Jordyn Brooks","SEA","LB",2023
"551","00-0038607",1925,0.00331876166949059,0.0215763842255778,0.000301705606317326,"Jaelyn Duncan","TEN","OL",2023
"552","00-0038580",1900,0.00331503266725755,0.0230349622957471,0.000301366606114323,"Yasir Abdullah","JAX","LB",2023
"553","00-0028845",44,0.00329948010433422,0.0231334931975957,0.000299952736757656,"Josh Harris","LAC","LS",2023
"554","00-0036235",1088,0.00327767208065062,0.0222120811510608,0.000297970189150057,"Shaquille Quarterman","JAX","LB",2023
"555","00-0036043",1032,0.00327673567068645,0.0220446655378648,0.000297885060971495,"Jace Whittaker","WAS","DB",2023
"556","00-0027973",34,0.00323597709053295,0.0221264951921937,0.000294179735502995,"Andy Dalton","CAR","QB",2023
"557","00-0031260",146,0.00320446304468884,0.0205659200852552,0.00029131482224444,"Logan Thomas","WAS","TE",2023
"558","00-0031235",141,0.00320278645821947,0.0217999576210175,0.000291162405292679,"Odell Beckham Jr.","BAL","WR",2023
"559","00-0036280",1117,0.00319355712698309,0.0216628114498716,0.000290323375180281,"Malik Harrison","BAL","LB",2023
"560","00-0036081",1036,0.00319215225078245,0.0216893190214987,0.000290195659162041,"Broderick Washington","BAL","DL",2023
"561","00-0037839",1749,0.00319130330645601,0.0209715378980648,0.000290118482405091,"Cobie Durant","LA","DB",2023
"562","00-0033455",407,0.0031634642459296,0.0216497759226715,0.000287587658720873,"Anthony Firkser","DET","TE",2023
"563","00-0036223",1081,0.00316034679518392,0.0228693567976088,0.000287304254107629,"Jonathan Taylor","IND","RB",2023
"564","00-0036410",1208,0.00315185614010875,0.0221421500568597,0.000286532376373523,"Tee Higgins","CIN","WR",2023
"565","00-0026027",7,0.00315027770818202,0.022189406675187,0.000286388882562001,"J.J. Jansen","CAR","LS",2023
"566","00-0036342",1163,0.00312672910565404,0.0229622020780614,0.000284248100514004,"Keith Ismael","ARI","OL",2023
"567","00-0027862",21,0.0031218393843603,0.022290912514065,0.00028380358039639,"Tyson Alualu","DET","DL",2023
"568","00-0032392",269,0.00311024546666755,0.0209879885040557,0.000282749587878868,"Austin Hooper","LV","TE",2023
"569","00-0032521",293,0.00310938476939267,0.0217910850631955,0.000282671342672061,"Mike Hilton","CIN","DB",2023
"570","00-0033064",351,0.00310626286916803,0.0209844501595977,0.00028238753356073,"Adam Gotsis","JAX","DL",2023
"571","00-0033589",438,0.00310623224808514,0.0224253927369244,0.000282384749825922,"David Moore","TB","WR",2023
"572","00-0034342",581,0.00309720303810325,0.0211342580721648,0.00028156391255484,"Quenton Nelson","IND","OL",2023
"573","00-0038588",1908,0.00309314421523249,0.0213976709147396,0.000281194928657499,"Jordan Howden","NO","DB",2023
"574","00-0033251",377,0.00309142753233304,0.0213557352346718,0.000281038866575731,"Zach Pascal","ARI","WR",2023
"575","00-0032759",309,0.00309009166781859,0.0222805827291833,0.000280917424347144,"Sheldon Rankins","HOU","DL",2023
"576","00-0029607",68,0.00308184132304082,0.0218251697280117,0.000280167393003711,"Demario Davis","NO","LB",2023
"577","00-0031156",138,0.00307946549397622,0.0215099555048591,0.000279951408543293,"Tyler Ott","BAL","LS",2023
"578","00-0033381",402,0.00307655213195724,0.0211968907642256,0.000279686557450658,"Adam Butler","LV","DL",2023
"579","00-0037821",1734,0.00305919530487796,0.0206157671200399,0.000278108664079814,"Charles Cross","SEA","OL",2023
"580","00-0033576",434,0.00305528034077014,0.0224558773705344,0.000277752758251831,"Eric Saubert","HOU","TE",2023
"581","00-0031740",200,0.0030470656018842,0.0217102795733951,0.000277005963807655,"Neville Hewitt","HOU","LB",2023
"582","00-0039165",2143,0.00304430048273146,0.0218671302300169,0.000276754589339224,"Zach Charbonnet","SEA","RB",2023
"583","00-0036978",1437,0.00303552268213068,0.0207927056510074,0.000275956607466425,"Ronnie Perkins","DEN","DL",2023
"584","00-0038045",1761,0.00303005188414277,0.0229142027594288,0.000275459262194797,"Isaiah Spiller","LAC","RB",2023
"585","00-0034815",718,0.00302984494765788,0.0213075626306638,0.00027544044978708,"Fred Warner","SF","LB",2023
"586","00-0038573",1894,0.00302635047040557,0.0211243798522448,0.00027512277003687,"Derius Davis","LAC","WR",2023
"587","00-0037297",1587,0.00301906656344665,0.0215620271935252,0.000274460596676968,"Cade Mays","CAR","OL",2023
"588","00-0033563",429,0.00301881695144434,0.0215690342093074,0.000274437904676758,"Carlos Watkins","ARI","DL",2023
"589","00-0035910",1006,0.00301789277280974,0.0219161874670162,0.000274353888437249,"T.J. Smith","MIN","DL",2023
"590","00-0036993",1452,0.00299673393330089,0.0213629260621437,0.000272430357572808,"Ifeatu Melifonwu","DET","DB",2023
"591","00-0037193",1517,0.00299666775972495,0.0209434371022373,0.000272424341793177,"Bryan Cook","KC","DB",2023
"592","00-0038624",1941,0.00298975626861731,0.0224640123702515,0.000271796024419755,"Ameer Speed","IND","DB",2023
"593","00-0037330",1608,0.00298542467104061,0.0220041806667703,0.000271402242821874,"Jesse Luketa","ARI","LB",2023
"594","00-0034990",773,0.00296748267820553,0.0218219973548442,0.000269771152564139,"Ka'dar Hollman","HOU","DB",2023
"595","00-0034681",672,0.00296309487062132,0.0222486813351879,0.000269372260965575,"Chase Edmonds","TB","RB",2023
"596","00-0033319",396,0.00296087381275407,0.022773458837982,0.000269170346614006,"Nick Mullens","MIN","QB",2023
"597","00-0036788",1333,0.00296011290126872,0.0238163666090391,0.000269101172842611,"Jack Heflin","NO","DL",2023
"598","00-0036399",1200,0.00295565403386938,0.0232656549803671,0.000268695821260853,"Netane Muti","LV","OL",2023
"599","00-0035149",804,0.00295274685100391,0.0230685138204044,0.000268431531909447,"Nick Allegretti","KC","OL",2023
"600","00-0036941",1408,0.00294687257847633,0.0217159053605828,0.000267897507134212,"Andre Cisco","JAX","DB",2023
"601","00-0033787",458,0.00293292248854505,0.022998995544136,0.00026662931714046,"Jake Elliott","PHI","K",2023
"602","00-0036645",1302,0.00292414783741109,0.0216128269383342,0.000265831621582826,"Shemar Jean-Charles","NO","DB",2023
"603","00-0034278",567,0.00292345823683134,0.0228992472322488,0.000265768930621031,"Tremon Smith","DEN","DB",2023
"604","00-0034162",546,0.00292206042161543,0.0225974348315538,0.000265641856510493,"J.K. Scott","LAC","P",2023
"605","00-0034941",751,0.0029163775119549,0.0218325722343236,0.000265125228359536,"Mitch Wishnowsky","SF","P",2023
"606","00-0031054",132,0.00290970978129105,0.0218894582602858,0.000264519071026459,"DaQuan Jones","BUF","DL",2023
"607","00-0038475",1847,0.00290937586754517,0.0214493526541353,0.000264488715231379,"Alex Cook","CAR","DB",2023
"608","00-0032891",322,0.00290479874152227,0.022458752733264,0.000264072612865661,"Daryl Worley","BAL","DB",2023
"609","00-0033512",413,0.00290222729266998,0.0218841993477093,0.00026383884478818,"Damontae Kazee","PIT","DB",2023
"610","00-0035280",857,0.00288839457115712,0.0227083193500259,0.000262581324650647,"Jake Bailey","MIA","P",2023
"611","00-0037336",1610,0.00287445855372032,0.0222282892851604,0.000261314413974575,"Brock Hoffman","DAL","OL",2023
"612","00-0034847",738,0.00283539088650622,0.0212400400426338,0.000257762807864201,"Mike McGlinchey","DEN","OL",2023
"613","00-0036576",1265,0.00279466064942062,0.023372750462064,0.000254060059038238,"Phil Hoskins","ARI","DL",2023
"614","00-0038101",1774,0.00279284789826499,0.0219741683334322,0.000253895263478635,"Akayleb Evans","MIN","DB",2023
"615","00-0036011",1025,0.00279207019466887,0.0228306967781352,0.000253824563151716,"Bobby Price","ARI","DB",2023
"616","00-0038866",2024,0.00277931791600265,0.0225319402252814,0.00025266526509115,"A.J. Finley","LAC","DB",2023
"617","00-0036816",1337,0.0027697434504484,0.0221013262667198,0.000251794859131672,"Riley Patterson","CLE","K",2023
"618","00-0036330",1153,0.00276671241366806,0.0228685274862363,0.00025151931033346,"Cameron Dantzler","NO","DB",2023
"619","00-0030074",90,0.00276618541244125,0.0224614275754157,0.000251471401131023,"David Bakhtiari","GB","OL",2023
"620","00-0037842",1752,0.00274984549119034,0.0216528334855318,0.000249985953744577,"Derion Kendrick","LA","DB",2023
"621","00-0034831",726,0.00274792781913052,0.0219148929842567,0.000249811619920957,"Rasheem Green","CHI","DL",2023
"622","00-0036217",1077,0.00274479751375935,0.0229994112973418,0.000249527046705396,"Blake Ferguson","MIA","LS",2023
"623","00-0038684",1970,0.00273578030626795,0.0230308317502407,0.000248707300569814,"Ethan Bonner","MIA","DB",2023
"624","00-0034275",565,0.00272809727149628,0.0218049681460476,0.000248008842863298,"Folorunso Fatukasi","JAX","DL",2023
"625","00-0036427",1222,0.00272179161920544,0.0240345513571982,0.000247435601745949,"Tyler Johnson","LA","WR",2023
"626","00-0036367",1180,0.00271949321150219,0.0226899592220024,0.000247226655591108,"Lucas Niang","KC","OL",2023
"627","00-0032145",234,0.00271483358604442,0.0221484591442316,0.000246803053276765,"Cameron Erving","NO","OL",2023
"628","00-0037754",1713,0.00270490692753797,0.022824580535426,0.000245900629776179,"Nicholas Petit-Frere","TEN","OL",2023
"629","00-0031357",158,0.00270231807591328,0.021931774914639,0.00024566527962848,"C.J. Goodwin","DAL","DB",2023
"630","00-0037317",1602,0.00269549691509369,0.0223094383196187,0.000245045174099426,"Nick Muse","MIN","TE",2023
"631","00-0035562",909,0.00269325119862273,0.0219831990017597,0.000244841018056612,"Jesper Horsted","LV","TE",2023
"632","00-0035507",900,0.00269256553501361,0.0222784579948381,0.000244778685001237,"Kyle Phillips","NO","DL",2023
"633","00-0027557",17,0.0026753524315376,0.0227354127152175,0.000243213857412509,"Morgan Cox","TEN","LS",2023
"634","00-0036501",1242,0.00267497855832484,0.0208048976381175,0.000243179868938622,"Michael Carter","NYJ","DB",2023
"635","00-0035699",968,0.00267471423808757,0.0214225208307451,0.000243155839826143,"Jamel Dean","TB","DB",2023
"636","00-0029701",74,0.00266937070339978,0.0215700520130288,0.000242670063945435,"Ryan Tannehill","TEN","QB",2023
"637","00-0028118",38,0.00266371340743575,0.0221150625768919,0.000242155764312341,"Tyrod Taylor","NYG","QB",2023
"638","00-0037711",1701,0.0026284916580881,0.0221174062220548,0.000238953787098919,"Jeremiah Pharms","NE","DL",2023
"639","00-0035757",984,0.00261794022024069,0.0227705172441956,0.000237994565476426,"Jacob Bobenmoyer","LV","LS",2023
"640","00-0033783",456,0.00261280366424566,0.0215027797299959,0.000237527605840515,"Ahkello Witherspoon","LA","DB",2023
"641","00-0036274",1115,0.00261008031590367,0.0208562906794222,0.000237280028718515,"Jeff Okudah","ATL","DB",2023
"642","00-0037835",1746,0.00260528003989244,0.021254513107545,0.000236843639990222,"Luke Goedeke","TB","OL",2023
"643","00-0036090",1039,0.00259617975351412,0.022182118981653,0.000236016341228556,"De'Jon Harris","WAS","LB",2023
"644","00-0038995",2062,0.00259010040737077,0.0208234979826943,0.000235463673397343,"Bryan Bresee","NO","DL",2023
"645","00-0035669",949,0.00258986857884425,0.0211064658650608,0.00023544259807675,"Nick Scott","CIN","DB",2023
"646","00-0031372",162,0.00257601481388437,0.0218232617779099,0.000234183164898579,"Bradley Roby","PHI","DB",2023
"647","00-0032528",294,0.00256136521457396,0.0225955571102571,0.000232851383143087,"Justin Murray","CLE","OL",2023
"648","00-0038116",1786,0.00255082980058582,0.0216961295200835,0.000231893618235075,"Arnold Ebiketie","ATL","LB",2023
"649","00-0034490",642,0.00254648997850437,0.0220322871090523,0.000231499088954942,"Ezekiel Turner","ARI","LB",2023
"650","00-0038783",1994,0.00253434490146126,0.0229203384090044,0.000230394991041933,"Nate Adkins","DEN","TE",2023
"651","00-0037526",1657,0.00253428585727047,0.0233526526947856,0.000230389623388225,"Marcelino McCrary-Ball","NYJ","LB",2023
"652","00-0030097",93,0.00253028037338973,0.022928277418092,0.000230025488489976,"David Quessenberry","MIN","OL",2023
"653","00-0037412",1627,0.00252781943873092,0.022853344931562,0.000229801767157357,"Cal Adomitis","CIN","LS",2023
"654","00-0038711",1975,0.00249689436337822,0.022603126159015,0.000226990396670747,"Mohamoud Diabate","CLE","LB",2023
"655","00-0037239",1535,0.00248903531465095,0.0211495694444226,0.000226275937695541,"Chris Olave","NO","WR",2023
"656","00-0035150",805,0.0024847141530259,0.0219620679650496,0.000225883104820536,"Kris Boyd","HOU","DB",2023
"657","00-0036539",1249,0.00246558248611636,0.0218561863347202,0.000224143862374215,"Nolan Cooney","ARI","P",2023
"658","00-0038042",1759,0.00244035483064238,0.0225874924247427,0.000221850439149307,"Jake Camarda","TB","P",2023
"659","00-0032774",315,0.00243601404169162,0.0219505873220495,0.000221455821971965,"Deon Bush","KC","DB",2023
"660","00-0034573",655,0.00242927059938889,0.0223164238342139,0.000220842781762626,"Charvarius Ward","SF","DB",2023
"661","00-0039157",2139,0.00242643467835926,0.0218219916899934,0.000220584970759933,"Cody Mauch","TB","OL",2023
"662","00-0038937",2039,0.00241407244091483,0.0219724237373708,0.000219461130992258,"Zacch Pickens","CHI","DL",2023
"663","00-0037811",1725,0.00240641691109841,0.0207670624336247,0.000218765173736219,"Chad Muma","JAX","LB",2023
"664","00-0036254",1099,0.0024012135356505,0.023226644389555,0.000218292139604591,"Collin Johnson","CHI","WR",2023
"665","00-0038119",1789,0.00239765311826983,0.0224165765293599,0.000217968465297258,"Jalyn Armour-Davis","BAL","DB",2023
"666","00-0033297",391,0.00239115960321227,0.0212385025069143,0.00021737814574657,"D.J. Jones","DEN","DL",2023
"667","00-0035783",988,0.00237836913761332,0.0215691050356767,0.000216215376146665,"Tyler Hall","LV","DB",2023
"668","00-0038615",1933,0.00237187697368177,0.0220588328028774,0.000215625179425616,"Jarrett Patterson","HOU","OL",2023
"669","00-0034495",643,0.00236383469429566,0.0211264922696016,0.000214894063117788,"Evan Brown","SEA","OL",2023
"670","00-0033963",526,0.00233745423585924,0.0227036824891518,0.000212495839623567,"Tanzel Smart","NYJ","DL",2023
"671","00-0033503",410,0.00232616235603043,0.0207019802002345,0.000211469305093675,"Arthur Maulet","BAL","DB",2023
"672","00-0034360",594,0.00231246404618024,0.0211919818731817,0.000210224004198203,"Lorenzo Carter","ATL","LB",2023
"673","00-0036013",1026,0.00231236142706922,0.0225603327053094,0.000210214675188111,"Arryn Siposs","PHI","P",2023
"674","00-0037051",1473,0.00230847029338345,0.0234546711246847,0.000209860935762132,"Elijah Garcia","DEN","DL",2023
"675","00-0033303",393,0.00230652879980297,0.0233023562070946,0.000209684436345725,"Harrison Butker","KC","K",2023
"676","00-0035674",951,0.00230306614560821,0.0215703418108635,0.000209369649600746,"Jerry Tillery","LV","DL",2023
"677","00-0037692",1700,0.00230115336909903,0.0227308702959332,0.000209195760827185,"Brandon Aubrey","DAL","K",2023
"678","00-0036425",1221,0.00229827781305822,0.0218186893996014,0.000208934346641657,"DeeJay Dallas","SEA","RB",2023
"679","00-0036839",1339,0.00229194742424762,0.0225347762492307,0.000208358856749783,"Kion Smith","MIA","OL",2023
"680","00-0029421",60,0.00228773560920179,0.0223410139139967,0.00020797596447289,"Randy Bullock","NYG","K",2023
"681","00-0036919",1392,0.0022528907884774,0.0214356845586119,0.000204808253497946,"Kenneth Gainwell","PHI","RB",2023
"682","00-0036634",1293,0.00223673583569839,0.021712385820886,0.000203339621427127,"Tony Fields II","CLE","LB",2023
"683","00-0036967",1427,0.00222848443580216,0.0213440328008916,0.000202589494163833,"Joe Tryon-Shoyinka","TB","LB",2023
"684","00-0032104",224,0.00221810806000433,0.0210581523713564,0.000201646187273121,"Ameer Abdullah","LV","RB",2023
"685","00-0033196",372,0.00220620540809623,0.0225593274562006,0.000200564128008748,"Zach Triner","TB","LS",2023
"686","00-0038574",1895,0.00218238088015493,0.0217040149074396,0.000198398261832267,"Isaiah McGuire","CLE","DL",2023
"687","00-0023853",3,0.00218134545929356,0.0230158102051645,0.000198304132663051,"Matt Prater","ARI","K",2023
"688","00-0037295",1585,0.00217566855394389,0.021008184917659,0.000197788050358535,"Jamaree Salyer","LAC","OL",2023
"689","00-0035190",812,0.00217343829149471,0.0217435036459028,0.000197585299226792,"A.J. Cole","LV","P",2023
"690","00-0037197",1520,0.00216615140720825,0.0220115187739796,0.00019692285520075,"Isiah Pacheco","KC","RB",2023
"691","00-0033881",479,0.00216353203763713,0.0213556747206631,0.000196684730694285,"Evan Engram","JAX","TE",2023
"692","00-0036290",1126,0.00215516338662233,0.0218102603667982,0.000195923944238394,"Cole Kmet","CHI","TE",2023
"693","00-0038811",2002,0.00213950713921536,0.0214569332393761,0.000194500649019578,"NaJee Thompson","MIN","DB",2023
"694","00-0036428",1223,0.0021394401229996,0.0225335143909711,0.000194494556636327,"Justin Strnad","DEN","LB",2023
"695","00-0034728",677,0.00213552761323435,0.0213055352246883,0.000194138873930395,"Jaire Alexander","GB","DB",2023
"696","00-0035683",957,0.0021318889813078,0.0214138502283783,0.0001938080892098,"Dexter Lawrence","NYG","DL",2023
"697","00-0037469",1639,0.00213182340262727,0.021918024954219,0.00019380212751157,"Tyreek Maddox-Williams","ARI","LB",2023
"698","00-0036232",1086,0.00213054426138845,0.0211554714221219,0.000193685841944404,"Harrison Bryant","CLE","TE",2023
"699","00-0038568",1891,0.00211345949428838,0.0211261148397784,0.000192132681298944,"Clark Phillips","ATL","DB",2023
"700","00-0034797",708,0.00211096405049085,0.0223522385065464,0.000191905822771895,"Jerome Baker","MIA","LB",2023
"701","00-0036646",1303,0.0021106804887752,0.0237898303681837,0.000191880044434109,"Simi Fehoko","LAC","WR",2023
"702","00-0035289",860,0.00209289723736398,0.0214824796898583,0.000190263385214907,"Gardner Minshew","IND","QB",2023
"703","00-0033199",373,0.00207286527852647,0.0219770648198872,0.000188442298047861,"Taybor Pepper","SF","LS",2023
"704","00-0022531",1,0.00207170731023779,0.0220874802227024,0.000188337028203435,"Jason Peters","SEA","OL",2023
"705","00-0033546",421,0.00206314340443475,0.0203537004705987,0.00018755849131225,"Dalvin Tomlinson","CLE","DL",2023
"706","00-0032688",304,0.00202996647593554,0.0232029701444209,0.000184542406903231,"Robbie Chosen","MIA","WR",2023
"707","00-0036366",1179,0.00201440544740068,0.020950069679507,0.000183127767945517,"Neville Gallimore","DAL","DL",2023
"708","00-0039054",2093,0.00200440010008106,0.0221559779768006,0.00018221819091646,"Marte Mapu","NE","LB",2023
"709","00-0036564",1260,0.0020037360998306,0.0217822811790381,0.000182157827257328,"Talanoa Hufanga","SF","DB",2023
"710","00-0036388",1192,0.00200260519246495,0.0223853975654575,0.000182055017496814,"Xavier McKinney","NYG","DB",2023
"711","00-0036411",1209,0.00199044483812688,0.0222427604316385,0.000180949530738808,"Antoine Winfield Jr.","TB","DB",2023
"712","00-0035667",947,0.00198913662904869,0.0215798699144774,0.00018083060264079,"Greg Gaines","TB","DL",2023
"713","00-0036396",1198,0.00198121158273629,0.0223438166180833,0.000180110143885117,"Jack Driscoll","PHI","OL",2023
"714","00-0037375",1615,0.00197393108909886,0.0221341688065165,0.000179448280827169,"Christopher Hinton","LAC","DL",2023
"715","00-0032151",237,0.00196392574503404,0.0198264923425535,0.000178538704094004,"Jon Feliciano","SF","OL",2023
"716","00-0034759",686,0.00195474056993577,0.0224529951377971,0.000177703688175979,"Kolton Miller","LV","OL",2023
"717","00-0035346",875,0.00195228639107998,0.0225726826649249,0.000177480581007271,"Nik Needham","MIA","DB",2023
"718","00-0025580",6,0.00194288470148596,0.0230446568375892,0.000176625881953269,"Mason Crosby","NYG","K",2023
"719","00-0036303",1136,0.00194261143610936,0.0222988570211995,0.000176601039646305,"Josiah Scott","PHI","DB",2023
"720","00-0035617",917,0.00193546672023066,0.0217536590392005,0.000175951520020969,"Troy Reeder","LA","LB",2023
"721","00-0036285",1121,0.0019324295094509,0.0210039583473332,0.000175675409950082,"A.J. Terrell","ATL","DB",2023
"722","00-0035726",982,0.00192473702959789,0.0220145287203882,0.000174976093599808,"Jakob Johnson","LV","RB",2023
"723","00-0038559",1883,0.00191762234049447,0.0210951410721722,0.000174329303681316,"Michael Wilson","ARI","WR",2023
"724","00-0033702",447,0.00190602078686834,0.0226207134703247,0.000173274616988031,"Younghoe Koo","ATL","K",2023
"725","00-0035527",903,0.00189587252830903,0.0217261753885402,0.000172352048028094,"Andy Isabella","BUF","WR",2023
"726","00-0036859",1350,0.0018801851669948,0.0227852834251765,0.000170925924272255,"Jimmy Morrissey","HOU","OL",2023
"727","00-0035365",882,0.00187974544589341,0.022176628655954,0.000170885949626674,"Tae Hayes","NYJ","DB",2023
"728","00-0032496",291,0.00186983283171965,0.022099479818491,0.000169984802883604,"Matthias Farley","CAR","DB",2023
"729","00-0038585",1905,0.00184810345721344,0.0216815447442289,0.000168009405201222,"Cameron Mitchell","CLE","DB",2023
"730","00-0031280",149,0.00183206564464844,0.0213865414817924,0.000166551422240767,"Derek Carr","NO","QB",2023
"731","00-0037179",1512,0.00182488413679036,0.0213141311287712,0.000165898557890033,"Jeremiah Moon","BAL","LB",2023
"732","00-0038133",1802,0.00182384190263327,0.020717308078721,0.000165803809330298,"Boye Mafe","SEA","LB",2023
"733","00-0036802",1335,0.00182259661952457,0.021607629976678,0.000165690601774961,"Jon Rhattigan","SEA","LB",2023
"734","00-0039006",2071,0.00182140548189435,0.0219204732835953,0.00016558231653585,"Felix Anudike-Uzomah","KC","DL",2023
"735","00-0038795",1997,0.00181735551595862,0.0223904055947762,0.00016521413781442,"P.J. Mustipher","NO","DL",2023
"736","00-0035357",879,0.0018137345269539,0.0215114302630422,0.000164884956995809,"Cam Lewis","BUF","DB",2023
"737","00-0033292",388,0.00180761371619139,0.0228252337599269,0.000164328519653762,"Trent Taylor","CHI","WR",2023
"738","00-0036982",1441,0.00177378667251461,0.0217876848918282,0.000161253333864964,"Chauncey Golston","DAL","DL",2023
"739","00-0034959",756,0.00177340568998225,0.0214898186022551,0.000161218699089295,"Andrew Beck","HOU","RB",2023
"740","00-0038626",1943,0.00177300310828525,0.0222854919253281,0.000161182100753204,"Brad Robbins","CIN","P",2023
"741","00-0037138",1507,0.00177224851039713,0.0227377857119588,0.000161113500945194,"Josh Sills","IND","OL",2023
"742","00-0038645",1956,0.00176901351316831,0.0234667469692524,0.000160819410288028,"Spencer Anderson","PIT","OL",2023
"743","00-0034248",558,0.00176788476499481,0.0223394049084198,0.00016071679681771,"Elijah Campbell","MIA","DB",2023
"744","00-0038131",1801,0.00176682715459222,0.0213375264291825,0.000160620650417475,"Ed Ingram","MIN","OL",2023
"745","00-0036343",1164,0.0017534844144871,0.0212498070816941,0.000159407674044282,"Khaleke Hudson","WAS","LB",2023
"746","00-0037591",1674,0.0017509590586185,0.0228033691228072,0.000159178096238045,"Leroy Watson","CLE","OL",2023
"747","00-0029892",80,0.00174672485639395,0.0219873293488196,0.000158793168763086,"Kyle Juszczyk","SF","RB",2023
"748","00-0034810",717,0.00174251099338223,0.0213504362648554,0.000158410090307475,"Sebastian Joseph-Day","SF","DL",2023
"749","00-0037260",1556,0.0017295463208112,0.0214911540008351,0.000157231483710109,"D.J. Davidson","NYG","DL",2023
"750","00-0038976",2050,0.00171558139624824,0.0214177666821845,0.000155961945113476,"Marvin Mims","DEN","WR",2023
"751","00-0036298",1132,0.001713764749317,0.0214796137005156,0.000155796795392454,"Akeem Davis-Gaither","CIN","LB",2023
"752","00-0032450",286,0.00170469522545332,0.0221520269198039,0.000154972293223029,"Dwayne Washington","DEN","RB",2023
"753","00-0033889",485,0.00170195130814533,0.0220353544468721,0.00015472284619503,"Cam Robinson","JAX","OL",2023
"754","00-0038958",2047,0.00168925682898745,0.0222390902132283,0.000153568802635223,"Markees Watts","TB","LB",2023
"755","00-0039013",2075,0.00168430918497329,0.0214111167939185,0.000153119016815754,"Nolan Smith","PHI","LB",2023
"756","00-0037298",1588,0.00168172457884426,0.0232261167396021,0.000152884052622205,"Sam Roberts","NE","DL",2023
"757","00-0028872",45,0.00167917696821136,0.0224669768663959,0.000152652451655578,"Johnny Hekker","CAR","P",2023
"758","00-0035593",914,0.00167855372486971,0.0225699319017829,0.000152595793169974,"Juwann Winfree","IND","WR",2023
"759","00-0036974",1433,0.00166466646069631,0.021261746703413,0.000151333314608756,"Tyson Campbell","JAX","DB",2023
"760","00-0033897",492,0.00166227827324467,0.0219705076648518,0.000151116206658607,"Joe Mixon","CIN","RB",2023
"761","00-0038465",1844,0.00164419173173175,0.0219973841171992,0.000149471975611977,"Malik Heath","GB","WR",2023
"762","00-0024243",4,0.00163327894591708,0.0215127203559976,0.00014847990417428,"Marcedes Lewis","CHI","TE",2023
"763","00-0039147",2131,0.00162600816065498,0.0215153739882889,0.000147818923695908,"Christian Gonzalez","NE","DB",2023
"764","00-0032968",333,0.0016253397226892,0.0232826496107311,0.000147758156608109,"Myles Jack","PIT","LB",2023
"765","00-0037746",1708,0.00160723239326174,0.0219923344033504,0.000146112035751068,"Brian Robinson","WAS","RB",2023
"766","00-0036617",1277,0.00159773607028418,0.0217106745002086,0.000145248733662198,"Asante Samuel","LAC","DB",2023
"767","00-0038617",1935,0.00159097099218387,0.0217456124126845,0.00014463372656217,"Amari Burney","LV","LB",2023
"768","00-0036050",1034,0.00158389267255076,0.0223075471945038,0.00014399024295916,"Benning Potoa'e","WAS","DL",2023
"769","00-0039111",2115,0.00157711314429884,0.0211571907044973,0.000143373922208985,"Tuli Tuipulotu","LAC","DL",2023
"770","00-0036362",1176,0.00157708907917563,0.0214009247215923,0.000143371734470512,"Willie Gay Jr.","KC","LB",2023
"771","00-0032203",245,0.00156776877818952,0.0209571367180104,0.000142524434380866,"Andrus Peat","NO","OL",2023
"772","00-0037004",1462,0.00155192274169328,0.0231774808593472,0.00014108388560848,"Hunter Long","LA","TE",2023
"773","00-0038094",1768,0.00154624726498064,0.0217862701846956,0.000140567933180058,"Jordan Stout","BAL","P",2023
"774","00-0036241",1091,0.00154176512325201,0.0220299880851096,0.000140160465750182,"Bryce Hall","NYJ","DB",2023
"775","00-0036924",1395,0.00153220949366516,0.0224557534822853,0.000139291772151378,"Michael Carter","ARI","RB",2023
"776","00-0037310",1596,0.00153093364623774,0.0218937480119265,0.000139175786021613,"James Houston","DET","DL",2023
"777","00-0036767",1331,0.00152306791777401,0.0238781903745562,0.000138460719797637,"Austin Faoliu","SEA","DL",2023
"778","00-0031583",189,0.00152195062005157,0.022174380273616,0.000138359147277415,"Grady Jarrett","ATL","DL",2023
"779","00-0038865",2023,0.00151644627259506,0.0222259629482813,0.000137858752054096,"Andrew Farmer","LAC","LB",2023
"780","00-0034975",765,0.00151594860453982,0.0215272465129431,0.00013781350950362,"Justice Hill","BAL","RB",2023
"781","00-0038922",2033,0.00151093073398067,0.0231869346179495,0.000137357339452788,"Drake Thomas","SEA","LB",2023
"782","00-0036637",1296,0.00150569826464483,0.0204826154473552,0.000136881660422257,"Noah Gray","KC","TE",2023
"783","00-0037499",1646,0.00149378499072862,0.0227719374678329,0.000135798635520784,"Luiji Vilain","CAR","LB",2023
"784","00-0035900",1004,0.00147736053525148,0.0234139957344082,0.00013430550320468,"Cole Christiansen","KC","LB",2023
"785","00-0032971",334,0.00147477304782774,0.0218176128109009,0.000134070277075249,"Justin Simmons","DEN","DB",2023
"786","00-0029709",75,0.00147316480273096,0.0224888524851333,0.000133924072975542,"Ty Nsekhe","CLE","OL",2023
"787","00-0035383",885,0.00147076347198039,0.0230239503221811,0.000133705770180035,"Nate Herbig","PIT","OL",2023
"788","00-0039155",2137,0.00144474406155933,0.0205747201859623,0.000131340369232667,"B.J. Ojulari","ARI","LB",2023
"789","00-0034837",732,0.00144007082507661,0.0215982514270953,0.000130915529552419,"Calvin Ridley","JAX","WR",2023
"790","00-0032677",303,0.00143296869291912,0.0225860222170721,0.000130269881174466,"Cory Littleton","HOU","LB",2023
"791","00-0037801",1718,0.00141461009538807,0.0228011966813923,0.000128600917762552,"KaVontae Turpin","DAL","WR",2023
"792","00-0029562",63,0.00141049855767462,0.0218573304162626,0.000128227141606783,"Lavonte David","TB","LB",2023
"793","00-0033923",506,0.00140519345168448,0.0227044205925496,0.000127744859244043,"Kareem Hunt","CLE","RB",2023
"794","00-0037228",1529,0.00140407298108491,0.0223019824871699,0.000127642998280446,"Jaylen Warren","PIT","RB",2023
"795","00-0032892",323,0.0014006936387433,0.0222765273399271,0.0001273357853403,"Nick Vigil","MIN","LB",2023
"796","00-0037157",1511,0.00138905497126893,0.0234816935804149,0.000126277724660812,"Bam Knight","DET","RB",2023
"797","00-0034173",549,0.00138740166755172,0.0227937990243426,0.000126127424322884,"Eddy Pineiro","CAR","K",2023
"798","00-0034763",688,0.00138440627751138,0.0214268242323496,0.000125855116137398,"Brandon Parker","LV","OL",2023
"799","00-0036795",1334,0.00137658768218904,0.0223112375739994,0.000125144334744458,"Jake Curhan","SEA","OL",2023
"800","00-0038776",1992,0.00137533216339556,0.0216683389800359,0.000125030196672324,"Ricky Lee","CAR","OL",2023
"801","00-0035272",852,0.00136511768371535,0.0205964324380374,0.000124101607610487,"Andrew Van Ginkel","MIA","LB",2023
"802","00-0037269",1563,0.00136336126803963,0.0222200562873247,0.000123941933458148,"Eric Johnson","IND","DL",2023
"803","00-0034591",659,0.00135894221325442,0.0211039785250432,0.000123540201204947,"J.C. Jackson","NE","DB",2023
"804","00-0038579",1899,0.00134808754182009,0.0221572920322339,0.000122553412892736,"Aidan O'Connell","LV","QB",2023
"805","00-0033082",356,0.00134702706449149,0.0214409143646701,0.000122457005862862,"Lucas Patrick","CHI","OL",2023
"806","00-0039143",2127,0.00134627019193873,0.0217596201027179,0.000122388199267157,"Isaiah Foskey","NO","DL",2023
"807","00-0036855",1348,0.00134295816583401,0.022132390255494,0.00012208710598491,"Earnest Brown IV","LA","DL",2023
"808","00-0034161",545,0.00134120779235376,0.0229394170555246,0.000121927981123069,"Daniel Carlson","LV","K",2023
"809","00-0028063",37,0.00134065508417362,0.0231593940230609,0.000121877734924874,"Taiwan Jones","NYG","RB",2023
"810","00-0037286",1578,0.00133962554125546,0.0227753203152888,0.000121784140114133,"Kevin Harris","NE","RB",2023
"811","00-0036741",1326,0.00131723443618953,0.0214324150614611,0.000119748585108139,"Jack Stoll","PHI","TE",2023
"812","00-0032950",329,0.00131665747514217,0.0225131165615959,0.000119696134103834,"Carson Wentz","LA","QB",2023
"813","00-0030062",85,0.00131316963237358,0.0216381017056408,0.000119379057488507,"Darius Slay","PHI","DB",2023
"814","00-0037244",1540,0.00131227979999367,0.0221149895502241,0.000119298163635788,"Devin Lloyd","JAX","LB",2023
"815","00-0039058",2094,0.00131188432475396,0.0220322413330684,0.000119262211341269,"Steve Avila","LA","OL",2023
"816","00-0034928",748,0.00131160447291204,0.0224365144086453,0.000119236770264731,"Steven Sims","HOU","WR",2023
"817","00-0035531",904,0.00130741998058196,0.0224220684530694,0.000118856361871087,"Austin Bryant","SF","DL",2023
"818","00-0036614",1275,0.00128926110577426,0.0211042904355683,0.000117205555070388,"Jamin Davis","WAS","LB",2023
"819","00-0034274",564,0.00128688897675608,0.0228953990490648,0.000116989906977825,"Parry Nickerson","MIA","DB",2023
"820","00-0030757",121,0.00128602965323523,0.0230358154065549,0.000116911786657748,"Mike Pennel","KC","DL",2023
"821","00-0032765",313,0.00127793355822692,0.0206126465818428,0.000116175778020629,"Michael Thomas","NO","WR",2023
"822","00-0031299",153,0.00127691359320628,0.0224187990672437,0.000116083053927844,"Jordan Matthews","CAR","TE",2023
"823","00-0038914",2032,0.00126428986773234,0.0229166639341503,0.000114935442521122,"McClendon Curtis","SEA","OL",2023
"824","00-0036927",1397,0.00126379679948482,0.0214467924578606,0.000114890618134984,"Pete Werner","NO","LB",2023
"825","00-0033770",454,0.00126089544873508,0.0225010698587652,0.000114626858975916,"Justin Hardee","NYJ","DB",2023
"826","00-0034461",635,0.00123618974071189,0.0242261897244071,0.000112380885519262,"Bruce Hector","NYJ","DL",2023
"827","00-0033038",340,0.00123326842293663,0.0226548061091098,0.000112115311176057,"Eric Murray","HOU","DB",2023
"828","00-0036193",1067,0.00122646537233365,0.0217425260545755,0.000111496852030332,"Anfernee Jennings","NE","LB",2023
"829","00-0031763",201,0.00122093860750971,0.0220475227291677,0.000110994418864519,"DeAndre Carter","LV","WR",2023
"830","00-0037132",1504,0.00121349121736627,0.0224101787110583,0.000110317383396934,"Britain Covey","PHI","WR",2023
"831","00-0035924",1007,0.0011970895623165,0.0225250868740202,0.000108826323846954,"Jonathan Ward","TEN","RB",2023
"832","00-0029419",59,0.00119655830002171,0.0231425573872296,0.0001087780272747,"Dennis Kelly","NYJ","OL",2023
"833","00-0038753",1987,0.00119197716265549,0.0235814832450303,0.000108361560241409,"Lance Boykin","SEA","DB",2023
"834","00-0038765",1989,0.00117456391776469,0.0230282360771488,0.000106778537978608,"Ty Okada","SEA","DB",2023
"835","00-0038130",1800,0.00117122357204264,0.0222952274087756,0.000106474870185695,"Andrew Booth","MIN","DB",2023
"836","00-0027224",16,0.00115699191568596,0.0225892034465688,0.000105181083244178,"Jon Weeks","HOU","LS",2023
"837","00-0038488",1851,0.00115076276768178,0.0220245679817361,0.00010461479706198,"Brady Russell","SEA","TE",2023
"838","00-0039002",2067,0.00114723201403374,0.021170372422818,0.000104293819457613,"Sydney Brown","PHI","DB",2023
"839","00-0036252",1097,0.00114566981090714,0.0221028028918481,0.000104151800991558,"Michael Pittman","IND","WR",2023
"840","00-0030792",122,0.0011448655986751,0.02299864767399,0.000104078690788645,"Justin McCray","CAR","OL",2023
"841","00-0036568",1263,0.00114060364680273,0.0219587397304417,0.00010369124061843,"Roy Lopez","ARI","DL",2023
"842","00-0038073",1763,0.00113988119330137,0.0226497940612013,0.000103625563027397,"Alex Akingbulu","WAS","OL",2023
"843","00-0035026",781,0.0011365729757359,0.020131623315573,0.000103324815975991,"Kevin Givens","SF","DL",2023
"844","00-0036123",1042,0.00113504381871105,0.0237012894849282,0.000103185801701004,"Brandon Walton","TB","OL",2023
"845","00-0036441",1229,0.00113489525993918,0.0208808528852201,0.000103172296358108,"Kenneth Murray","LAC","LB",2023
"846","00-0037302",1591,0.00113012666765081,0.0228047909542915,0.000102738787968255,"Austin Deculus","NYJ","OL",2023
"847","00-0033290",387,0.00111744268854727,0.0204690055663388,0.000101585698958843,"Jermaine Eluemunor","LV","OL",2023
"848","00-0038653",1960,0.00110767469453068,0.0232186363784473,0.000100697699502789,"Cory Durden","LA","DL",2023
"849","00-0035702",970,0.00110690931235132,0.0219252122622533,0.000100628119304665,"Dalton Risner","MIN","OL",2023
"850","00-0038769",1990,0.00110271758641887,0.0230206384471431,0.000100247053310806,"Chris Stoll","SEA","LS",2023
"851","00-0034251",559,0.00110246108846249,0.0223510833592259,0.000100223735314772,"Daniel Ekuale","NE","DL",2023
"852","00-0031330",154,0.00108837083907857,0.0219533424462315,9.89428035525971e-05,"Morgan Moses","BAL","OL",2023
"853","00-0030827",123,0.00107947254031789,0.0216365829605638,9.81338673016263e-05,"Tyler Shatley","JAX","OL",2023
"854","00-0034054",529,0.00106739595591635,0.0214213302182441,9.70359959923958e-05,"River Cracraft","MIA","WR",2023
"855","00-0032637",299,0.00105201432779894,0.0227906275339685,9.56376661635398e-05,"Andrew Adams","BAL","DB",2023
"856","00-0032383",264,0.00104896550344269,0.0218867576263221,9.53605003129721e-05,"Ryan Kelly","IND","OL",2023
"857","00-0036423",1219,0.00104086966522849,0.0220858565470721,9.46245150207721e-05,"Albert Okwuegbunam","PHI","TE",2023
"858","00-0037468",1638,0.00103441150654047,0.0208867805406668,9.4037409685497e-05,"Raheem Layne","LAC","DB",2023
"859","00-0038969",2049,0.00101583405644847,0.0223676127588937,9.23485505862248e-05,"Kearis Jackson","TEN","WR",2023
"860","00-0037382",1617,0.00100753889238909,0.0220405233934895,9.15944447626449e-05,"Brandon Johnson","DEN","WR",2023
"861","00-0036603",1272,0.00100209496123699,0.0222666467988796,9.10995419306354e-05,"Alaric Jackson","LA","OL",2023
"862","00-0038468",1845,0.000990225749040917,0.0220301621608344,9.00205226400834e-05,"Henry Pearson","GB","TE",2023
"863","00-0039034",2084,0.000989111199340913,0.0204286036295126,8.9919199940083e-05,"Peter Skoronski","TEN","OL",2023
"864","00-0038039",1756,0.000970984319466296,0.0219730581017024,8.82713017696632e-05,"Jack Jones","LV","DB",2023
"865","00-0038482",1849,0.00096298692778054,0.0227477061909149,8.75442661618672e-05,"Mekhi Garner","PHI","DB",2023
"866","00-0036306",1138,0.000924722053804217,0.0216300068292635,8.40656412549288e-05,"Daniel Thomas","JAX","DB",2023
"867","00-0038463",1843,0.000924696066856424,0.0226862277192867,8.40632788051295e-05,"Brenton Cox Jr.","GB","LB",2023
"868","00-0036500",1241,0.000921690348318016,0.0219714257690907,8.37900316652742e-05,"Jamien Sherwood","NYJ","LB",2023
"869","00-0036841",1340,0.00091232903956693,0.0236557308794762,8.29390035969936e-05,"Austin Trammell","LA","WR",2023
"870","00-0038504",1857,0.000899363991226754,0.0221242751223773,8.17603628387958e-05,"Trenton Simpson","BAL","LB",2023
"871","00-0031177",139,0.000877269336227244,0.0233075847116431,7.97517578388404e-05,"Brent Urban","BAL","DL",2023
"872","00-0037460",1636,0.000867826809000257,0.0229469996361895,7.88933462727507e-05,"Johnny Johnson III","HOU","WR",2023
"873","00-0036249",1095,0.000859649092469182,0.0216114079105821,7.81499174971983e-05,"Julian Okwara","DET","LB",2023
"874","00-0037654",1692,0.000854023085683593,0.0216841193260305,7.76384623348721e-05,"Tucker Fisk","ATL","TE",2023
"875","00-0038720",1979,0.000852941347809882,0.0215338855945227,7.75401225281711e-05,"Julian Hill","MIA","TE",2023
"876","00-0036587",1268,0.000835871363917716,0.0231415426293929,7.59883058107015e-05,"Ar'Darius Washington","BAL","DB",2023
"877","00-0033729",450,0.000833634670686419,0.0212590061008152,7.57849700624017e-05,"Cameron Johnston","HOU","P",2023
"878","00-0035678",953,0.000831766466588071,0.021411166874859,7.56151333261883e-05,"Dre'Mont Jones","SEA","DL",2023
"879","00-0037256",1552,0.000829872181464707,0.0219344741661353,7.54429255877007e-05,"Rachaad White","TB","RB",2023
"880","00-0037122",1501,0.000822103263461856,0.0222391005575557,7.47366603147142e-05,"Caleb Jones","GB","OL",2023
"881","00-0036291",1127,0.000799060387248903,0.0218431698944357,7.26418533862639e-05,"Marlon Davidson","TEN","DL",2023
"882","00-0036870",1357,0.000785594368174978,0.0225844050423107,7.14176698340889e-05,"Buddy Johnson","DAL","LB",2023
"883","00-0038397",1822,0.000784570544684406,0.0233863950181865,7.13245949713097e-05,"Evan Hull","IND","RB",2023
"884","00-0029239",52,0.000783128348819878,0.0217756962146307,7.11934862563525e-05,"Brandon Bolden","LV","RB",2023
"885","00-0035120",795,0.000780190705496772,0.0225364497710612,7.09264277724338e-05,"Keelan Doss","LAC","WR",2023
"886","00-0037757",1715,0.000776312913007584,0.0217294903083644,7.05739011825077e-05,"Bernhard Raimann","IND","OL",2023
"887","00-0033955",524,0.000775172180175935,0.0214974191895142,7.04701981978123e-05,"Jeremy McNichols","SF","RB",2023
"888","00-0033946",519,0.000774300901088163,0.0234907212381381,7.03909910080148e-05,"David Sharpe","CAR","OL",2023
"889","00-0035934",1010,0.000773256131728337,0.0218420135609973,7.02960119753033e-05,"Trishton Jackson","MIN","WR",2023
"890","00-0038841",2013,0.000773165761533602,0.0229127836048964,7.02877965030547e-05,"Nick Whiteside","WAS","DB",2023
"891","00-0035743",983,0.000750185658898998,0.0217659477812883,6.81986962635452e-05,"Brett Toth","PHI","OL",2023
"892","00-0039061",2097,0.000748706965340226,0.0226865128875308,6.80642695763842e-05,"Desjuan Johnson","LA","DL",2023
"893","00-0033549",424,0.000747530068667754,0.0213123253571403,6.79572789697958e-05,"Duke Riley","MIA","LB",2023
"894","00-0031411",169,0.00074356814249111,0.0226644422995434,6.75971038628282e-05,"Demarcus Lawrence","DAL","DL",2023
"895","00-0036407",1205,0.000740252574124736,0.0213121033896882,6.72956885567942e-05,"Jerry Jeudy","DEN","WR",2023
"896","00-0035076",787,0.000734776260112488,0.0218630538530741,6.6797841828408e-05,"Curtis Bolton","LV","LB",2023
"897","00-0036902",1380,0.00073384304663461,0.0219831693728628,6.671300423951e-05,"Joseph Ossai","CIN","DL",2023
"898","00-0038606",1924,0.000731266071325983,0.0224119518701375,6.64787337569075e-05,"Parker Washington","JAX","WR",2023
"899","00-0038654",1961,0.000725218977372655,0.0234671181320254,6.59289979429686e-05,"Connor Galvin","DET","OL",2023
"900","00-0035222",819,0.000723165934998075,0.0219905160022865,6.57423577270977e-05,"Zach Gentry","LV","TE",2023
"901","00-0036728",1324,0.000716948743604164,0.0218489992569378,6.51771585094695e-05,"Curtis Robinson","SF","LB",2023
"902","00-0034505",646,0.000715560029712342,0.024175528785645,6.50509117920311e-05,"Ike Boettger","IND","OL",2023
"903","00-0035245",837,0.000711353238058445,0.0223601319420732,6.46684761871313e-05,"Max Scharping","CIN","OL",2023
"904","00-0037474",1640,0.000710505749000468,0.0231439028983057,6.45914317273153e-05,"Ty Shelby","LAC","DL",2023
"905","00-0038633",1948,0.000702907189591965,0.022953920588673,6.39006535992696e-05,"Nick Broeker","HOU","OL",2023
"906","00-0036105",1040,0.000693364531446758,0.0231314720394342,6.30331392224325e-05,"Nick Leverett","TB","OL",2023
"907","00-0036519",1247,0.000686850694868402,0.0218816036229698,6.24409722607638e-05,"Matt Bushman","KC","TE",2023
"908","00-0038518",1861,0.000685818969281902,0.0219038901160069,6.23471790256275e-05,"Deneric Prince","KC","RB",2023
"909","00-0034433",628,0.000682051998286978,0.0219651500551289,6.2004727116998e-05,"Nick Bawden","NYJ","RB",2023
"910","00-0037638",1691,0.000678858501284627,0.02406560922793,6.17144092076934e-05,"Benton Whitley","NYG","LB",2023
"911","00-0037394",1622,0.000678246382918257,0.0222191861749951,6.16587620834779e-05,"Ethan Fernea","IND","WR",2023
"912","00-0036202",1072,0.000659964155481969,0.0224831248140394,5.99967414074517e-05,"Dieter Eiselen","HOU","OL",2023
"913","00-0038656",1963,0.000656471177991364,0.0226222504901982,5.96791979992149e-05,"Mohamed Ibrahim","DET","RB",2023
"914","00-0034160",544,0.000654239959551739,0.0228407976408995,5.9476359959249e-05,"Michael Dickson","SEA","P",2023
"915","00-0037303",1592,0.000640357142720182,0.0216344048150515,5.82142857018348e-05,"Matt Henningsen","DEN","DL",2023
"916","00-0038613",1931,0.000634193565010794,0.0223733928128892,5.76539604555267e-05,"Jerrick Reed","SEA","DB",2023
"917","00-0035623",918,0.000633961718656123,0.0233783957942313,5.7632883514193e-05,"Chandler Brewer","JAX","OL",2023
"918","00-0033047",344,0.000612617550273351,0.0224349820015155,5.56925045703047e-05,"Anthony Brown","NYJ","DB",2023
"919","00-0037536",1659,0.000610660623148059,0.0218474936002692,5.5514602104369e-05,"Vincent Gray","CLE","DB",2023
"920","00-0036871",1358,0.000609167282227024,0.0210589122750774,5.53788438388203e-05,"Nate Hobbs","LV","DB",2023
"921","00-0032382",263,0.000603710999945594,0.0227147011784943,5.48828181768721e-05,"Keanu Neal","PIT","DB",2023
"922","00-0034835",730,0.000602981775390608,0.0224011366558242,5.48165250355098e-05,"Malik Jefferson","DAL","LB",2023
"923","00-0036990",1449,0.000598619820435474,0.0210227924415597,5.44199836759522e-05,"Divine Deablo","LV","LB",2023
"924","00-0035045",784,0.00059813962113929,0.0228063420828915,5.43763291944809e-05,"D.J. Montgomery","IND","WR",2023
"925","00-0029597",65,0.000586864004953078,0.0233816830249101,5.33512731775526e-05,"Justin Tucker","BAL","K",2023
"926","00-0038905",2028,0.000580631623914589,0.0215990185174436,5.27846930831444e-05,"Blake Grupe","NO","K",2023
"927","00-0036147",1049,0.000576052062650594,0.0230046943627329,5.23683693318722e-05,"Shyheim Carter","TEN","DB",2023
"928","00-0036627",1287,0.000574909158212065,0.0235455543500163,5.22644689283695e-05,"Dez Fitzpatrick","PIT","WR",2023
"929","00-0036287",1123,0.000573683985385528,0.0223545531189768,5.21530895805025e-05,"Noah Igbinoghene","DAL","DB",2023
"930","00-0037285",1577,0.000572518046812632,0.0223040373132115,5.20470951647847e-05,"Darrian Beavers","NYG","LB",2023
"931","00-0031554",181,0.00056901023356105,0.0216084534231862,5.17282030510045e-05,"Eric Kendricks","LAC","LB",2023
"932","00-0036380",1189,0.000568453542373599,0.0217677241268699,5.16775947612362e-05,"Alohi Gilman","LAC","DB",2023
"933","00-0035255",844,0.000555960357652262,0.0218555514515575,5.05418506956601e-05,"Kendall Sheffield","TEN","DB",2023
"934","00-0035359",881,0.000551925375328347,0.0215779501419832,5.01750341207589e-05,"David Sills","DEN","WR",2023
"935","00-0036310",1141,0.000541247974652564,0.0216287930769987,4.92043613320512e-05,"Hakeem Adeniji","MIN","OL",2023
"936","00-0037515",1650,0.000537932785629171,0.0223964398433773,4.89029805117428e-05,"Zach VanValkenburg","LA","LB",2023
"937","00-0034363",596,0.000536190103061767,0.0228976640547675,4.8744554823797e-05,"Deadrin Senat","TB","DL",2023
"938","00-0034446",633,0.000535128647111801,0.0222414623941043,4.86480588283455e-05,"Jalen Davis","CIN","DB",2023
"939","00-0038710",1974,0.000524255674356691,0.0228737209707923,4.76596067596992e-05,"Blake Whiteheart","ARI","TE",2023
"940","00-0031941",216,0.000523684314965686,0.0218308937232638,4.76076649968805e-05,"Jamison Crowder","WAS","WR",2023
"941","00-0036959",1421,0.000519235317534206,0.0230529614209172,4.72032106849278e-05,"Michael Bandy","DEN","WR",2023
"942","00-0039021",2080,0.000513318890655808,0.0205067919416558,4.66653536959826e-05,"Roschon Johnson","CHI","RB",2023
"943","00-0039158",2140,0.000506623512043971,0.0213458492088794,4.60566829130882e-05,"Blake Freeland","IND","OL",2023
"944","00-0035572",911,0.000505445447128659,0.0230782522329044,4.59495861026053e-05,"Parker Hesse","ATL","TE",2023
"945","00-0035997",1022,0.000495824680916473,0.0232267006092216,4.50749709924066e-05,"Julian Good-Jones","WAS","OL",2023
"946","00-0035687",960,0.000479360879543218,0.0215403570578256,4.35782617766561e-05,"Bobby Okereke","NYG","LB",2023
"947","00-0036463",1233,0.000471316341135591,0.0232656100801369,4.28469401032355e-05,"Chris Blair","ATL","WR",2023
"948","00-0038408",1831,0.00047038011195905,0.0204713867500304,4.27618283599137e-05,"Carrington Valentine","GB","DB",2023
"949","00-0034808",716,0.000460268223974697,0.0230703705443294,4.18425658158816e-05,"John Kelly","CLE","RB",2023
"950","00-0037447",1632,0.000459198668642682,0.0229202259809138,4.17453335129711e-05,"Tomon Fox","NYG","LB",2023
"951","00-0038113",1783,0.0004551570229487,0.0227670422420326,4.13779111771546e-05,"Brandon Smith","PHI","LB",2023
"952","00-0038727",1980,0.000452393699378044,0.0236736965770883,4.11266999434586e-05,"Xazavian Valladay","NYJ","RB",2023
"953","00-0031550",180,0.000447894582139959,0.021372134062373,4.07176892854508e-05,"Shaq Thompson","CAR","LB",2023
"954","00-0034084",533,0.000447651834881644,0.0219157397394155,4.06956213528768e-05,"Mike Badgley","DET","K",2023
"955","00-0036339",1161,0.000446250096956291,0.0218288980755795,4.05681906323901e-05,"Kevin Dotson","LA","OL",2023
"956","00-0037614",1685,0.000428551514646927,0.0217085928953346,3.89592286042661e-05,"John Metchie III","HOU","WR",2023
"957","00-0037348",1612,0.000422141895046101,0.022358501988678,3.83765359132819e-05,"Tanner Conner","MIA","WR",2023
"958","00-0036867",1355,0.000419062535189864,0.0226894553636243,3.80965941081694e-05,"Chris Rumph","LAC","DL",2023
"959","00-0035273",853,0.000416492243541459,0.022987475410287,3.78629312310417e-05,"Qadree Ollison","PIT","RB",2023
"960","00-0036877",1363,0.000415387574849651,0.0226225816639924,3.77625068045137e-05,"Jaelon Darden","CLE","WR",2023
"961","00-0038429",1838,0.000411618352420655,0.0235386314541162,3.74198502200596e-05,"Liam Anderson","IND","LB",2023
"962","00-0033300",392,0.000405043876882638,0.0221654874995691,3.68221706256943e-05,"Conor McDermott","NE","OL",2023
"963","00-0036704",1320,0.000396273724567795,0.0231199748347891,3.60248840516177e-05,"Caleb Johnson","JAX","LB",2023
"964","00-0037088",1488,0.000395751602110728,0.0224953993039716,3.59774183737025e-05,"Doug Kramer","CHI","OL",2023
"965","00-0033505",411,0.000387939214973745,0.0221496282702514,3.52672013612495e-05,"Cameron Tom","LAC","OL",2023
"966","00-0036641",1298,0.000376652074705529,0.0219639671621175,3.42410977005026e-05,"Richard LeCounte","TB","DB",2023
"967","00-0035334",872,0.000373751898782466,0.0214701218429268,3.39774453438606e-05,"Kevin Strong","ARI","DL",2023
"968","00-0034297",573,0.000372929536458632,0.0216283211022315,3.39026851326029e-05,"Byron Pringle","WAS","WR",2023
"969","00-0038566",1889,0.000371355163458514,0.0216996137630196,3.37595603144103e-05,"Nick Saldiveri","NO","OL",2023
"970","00-0032667",301,0.000358175075632418,0.0210535421274869,3.2561370512038e-05,"Roy Robertson-Harris","JAX","DL",2023
"971","00-0039008",2073,0.000356459460057933,0.0223841223466709,3.24054054598121e-05,"Ricky Stromberg","WAS","OL",2023
"972","00-0038417",1836,0.000350007888541426,0.0231558940377297,3.18188989583115e-05,"Micah Baskerville","CHI","LB",2023
"973","00-0037524",1655,0.000347588522059563,0.0238559483952905,3.15989565508694e-05,"Tay Martin","SF","WR",2023
"974","00-0036336",1159,0.000346368549074075,0.0240556764998519,3.1488049915825e-05,"Anthony McFarland","PIT","RB",2023
"975","00-0036779",1332,0.000345837623782081,0.0228655396773427,3.14397839801892e-05,"Hunter Kampmoyer","LAC","TE",2023
"976","00-0038860",2021,0.000340353693821545,0.0222999229637219,3.09412448928677e-05,"Terrell Bynum","LAC","WR",2023
"977","00-0036629",1289,0.000336261811723236,0.0214360755539389,3.05692556112032e-05,"Camryn Bynum","MIN","DB",2023
"978","00-0036080",1035,0.000335679005001406,0.0222230106285007,3.0516273181946e-05,"Easop Winston","SEA","WR",2023
"979","00-0036966",1426,0.00032624959588755,0.0226974711213879,2.96590541715954e-05,"Tyrone Wheatley","NE","OL",2023
"980","00-0038853",2019,0.00032208157083617,0.0228649002077839,2.92801428032882e-05,"Otis Reese","TEN","LB",2023
"981","00-0033936",514,0.000321199582551947,0.0236873906691732,2.9199962050177e-05,"C.J. Beathard","JAX","QB",2023
"982","00-0032398",272,0.000309857794132097,0.0209529176054369,2.81688903756452e-05,"Chris Moore","TEN","WR",2023
"983","00-0038413",1834,0.000308985774419178,0.0221724777225252,2.80896158562889e-05,"Gervarrius Owens","NYG","DB",2023
"984","00-0035295",863,0.000305848002152871,0.0221129497459114,2.78043638320791e-05,"Isaiah Prince","ATL","OL",2023
"985","00-0036511",1246,0.000304693746690054,0.022416428828256,2.76994315172776e-05,"Milo Eifler","ATL","LB",2023
"986","00-0039005",2070,0.000301266134010577,0.0236784409996329,2.73878303645979e-05,"Jaylon Thomas","HOU","OL",2023
"987","00-0029890",79,0.000290251682704184,0.0218062861388948,2.63865166094713e-05,"Mike Purcell","DEN","DL",2023
"988","00-0038401",1825,0.000285174155098001,0.0220272676656635,2.59249231907273e-05,"Jarrick Bernard-Converse","NYJ","DB",2023
"989","00-0037457",1634,0.000278258577166178,0.0221133851536818,2.52962342878343e-05,"Jake Hansen","HOU","LB",2023
"990","00-0036984",1443,0.000273096856443083,0.0222819862694746,2.48269869493712e-05,"Trey Sermon","IND","RB",2023
"991","00-0036246",1093,0.00027124265906336,0.0212026130051877,2.46584235512145e-05,"Jon Runyan","GB","OL",2023
"992","00-0033326",397,0.000270747410514722,0.0236671060397007,2.46134009558838e-05,"Aviante Collins","CHI","OL",2023
"993","00-0037073",1475,0.000266885802777862,0.0220031503286443,2.42623457070784e-05,"Jordan Davis","PHI","DL",2023
"994","00-0038655",1962,0.000262458991363125,0.0220210992380065,2.38599083057386e-05,"Steven Gilmore","DET","DB",2023
"995","00-0037252",1548,0.000254042521960311,0.022688357274254,2.30947747236647e-05,"Greg Dulcich","DEN","TE",2023
"996","00-0033952",523,0.000249098752623859,0.0218252027017127,2.26453411476235e-05,"Grover Stewart","IND","DL",2023
"997","00-0038412",1833,0.000241656303078795,0.0226010414866149,2.1968754825345e-05,"Moro Ojomo","PHI","DL",2023
"998","00-0036305",1137,0.00024139418448096,0.0219751654886735,2.19449258619055e-05,"Trevis Gipson","TEN","LB",2023
"999","00-0031381",164,0.000222825291610706,0.0223931656114888,2.02568446918824e-05,"Davante Adams","LV","WR",2023
"1000","00-0038839",2012,0.000220815539772971,0.0228168033038765,2.0074139979361e-05,"Mitchell Tinsley","WAS","WR",2023
"1001","00-0035145",803,0.000206071602669495,0.0217848928015161,1.87337820608632e-05,"Austin Seibert","NYJ","K",2023
"1002","00-0034096",535,0.000200877338599704,0.0228941821152621,1.82615762363367e-05,"Emmanuel Moseley","DET","DB",2023
"1003","00-0034778",697,0.000193648073850164,0.0209235197167939,1.76043703500149e-05,"Carlton Davis","TB","DB",2023
"1004","00-0039133",2117,0.00018681379674021,0.0222804478723257,1.69830724309281e-05,"Cam Smith","MIA","DB",2023
"1005","00-0036909",1385,0.000182463614061783,0.0217908261230374,1.65876012783439e-05,"Khyiris Tonga","MIN","DL",2023
"1006","00-0037383",1618,0.000177613273296931,0.0226137349639533,1.61466612088119e-05,"Kana'i Mauga","LV","LB",2023
"1007","00-0038674",1968,0.000176113123172708,0.0227148483741153,1.60102839247916e-05,"Divaad Wilson","ARI","DB",2023
"1008","00-0033400",404,0.000173199756732739,0.0234669883477452,1.5745432430249e-05,"Matt Haack","BUF","P",2023
"1009","00-0038411",1832,0.00017011301044851,0.0206862459996242,1.54648191316827e-05,"Anthony Johnson Jr.","GB","DB",2023
"1010","00-0037413",1628,0.000148301084299739,0.0224173651463198,1.34819167545217e-05,"Ben Brown","ARI","OL",2023
"1011","00-0033725",449,0.000143899369040154,0.0221531027364357,1.30817608218322e-05,"Corey Clement","ARI","RB",2023
"1012","00-0033258",378,0.000138207557034936,0.023271659413377,1.25643233668124e-05,"Darrell Daniels","DET","TE",2023
"1013","00-0031353",157,0.00012915727113982,0.0226940707333861,1.174157010362e-05,"Michael Schofield","DET","OL",2023
"1014","00-0036872",1359,0.000120611650122933,0.0238564825675467,1.09646954657212e-05,"Joshuah Bledsoe","NE","DB",2023
"1015","00-0036626",1286,0.000114290016136356,0.022669136373904,1.03900014669415e-05,"Dyami Brown","WAS","WR",2023
"1016","00-0038551",1876,0.000112615469064089,0.0224687542787446,1.02377699149172e-05,"Kendre Miller","NO","RB",2023
"1017","00-0038657",1964,0.00010818070145343,0.0233314236030975,9.83460922303912e-06,"Brandon Joseph","DET","DB",2023
"1018","00-0038939",2041,0.000107271798329628,0.0224190274261703,9.75198166632985e-06,"Brodric Martin","DET","DL",2023
"1019","00-0032132",230,0.000106068263277153,0.0217464469581109,9.64256938883208e-06,"Max Garcia","NO","OL",2023
"1020","00-0036005",1024,9.67374291262457e-05,0.0235629386490183,8.79431173874961e-06,"Noah Togiai","PHI","TE",2023
"1021","00-0036482",1237,7.86064250034176e-05,0.0221930531757738,7.14603863667433e-06,"Mike Strachan","CAR","WR",2023
"1022","00-0038126",1796,7.5429175072085e-05,0.0235347554775613,6.85719773382591e-06,"Perrion Winfrey","NYJ","DL",2023
"1023","00-0038660",1965,6.96341244382177e-05,0.0222827859782795,6.33037494892888e-06,"Trevor Nowaske","ARI","LB",2023
"1024","00-0035003",779,6.30020178107402e-05,0.0223915429886462,5.72745616461274e-06,"Jackson Barton","ARI","OL",2023
"1025","00-0037278",1571,6.29725031233037e-05,0.0217330782780777,5.72477301120943e-06,"Luke Wattenberg","DEN","OL",2023
"1026","00-0036897",1376,5.857017457533e-05,0.023775506908164,5.32456132503e-06,"Tay Gowan","TEN","DB",2023
"1027","00-0036151",1050,5.13560268439241e-05,0.0211744819844417,4.66872971308401e-06,"Bryce Huff","NYJ","DL",2023
"1028","00-0035831",993,4.04101736035983e-05,0.0225382109130318,3.67365214578167e-06,"James Robinson","NO","RB",2023
"1029","00-0034902",746,3.63226239952757e-05,0.0216881393854149,3.30205672684325e-06,"Sam Eguavoen","NYJ","LB",2023
"1030","00-0036952",1416,3.31305216690344e-05,0.0207107938795061,3.01186560627586e-06,"Jonathon Cooper","DEN","LB",2023
"1031","00-0033511",412,2.67491435364217e-05,0.0230092416934798,2.43174032149288e-06,"Sean Harlow","NYG","OL",2023
"1032","00-0036736",1325,2.36946233072923e-05,0.0212050557789452,2.1540566642993e-06,"Kayode Awosika","DET","OL",2023
"1033","00-0036299",1133,2.13485738972507e-05,0.0228378889348261,1.94077944520461e-06,"Troy Pride","HOU","DB",2023
"1034","00-0035156",806,1.84130578315323e-05,0.022674076922985,1.67391434832111e-06,"Jack Fox","DET","P",2023
"1035","00-0037312",1598,1.65934922180443e-05,0.0228911822212386,1.50849929254948e-06,"Chance Campbell","TEN","LB",2023
"1036","00-0036300",1134,-5.39460258264531e-07,0.0226761731072024,-4.90418416604119e-08,"Mykal Walker","PIT","LB",2023
"1037","00-0038611",1929,-2.34775324784202e-06,0.02283999570441,-2.13432113440184e-07,"Chris Rodriguez","WAS","RB",2023
"1038","00-0030142",97,-7.71282914085822e-06,0.0230201514678034,-7.01166285532566e-07,"Brad Wing","PIT","P",2023
"1039","00-0039051",2091,-9.60599784214904e-06,0.0217534547135859,-8.73272531104458e-07,"Josh Hayes","TB","DB",2023
"1040","00-0033598",441,-1.14729175919905e-05,0.0218393882228942,-1.04299250836277e-06,"Eli Ankou","BUF","DL",2023
"1041","00-0023459",2,-1.20518487333621e-05,0.0228010531290203,-1.09562261212383e-06,"Aaron Rodgers","NYJ","QB",2023
"1042","00-0036813",1336,-1.21094384825768e-05,0.0208601289576147,-1.10085804387062e-06,"Christian Elliss","NE","LB",2023
"1043","00-0034614",661,-1.38813789578191e-05,0.0220569247742514,-1.26194354161992e-06,"Godwin Igwebuike","PIT","RB",2023
"1044","00-0034357",592,-1.56445518591755e-05,0.0206152473974811,-1.42223198719777e-06,"Isaiah Oliver","SF","DB",2023
"1045","00-0035215",816,-2.30280492817218e-05,0.0221557181234349,-2.09345902561107e-06,"Deonte Harty","BUF","WR",2023
"1046","00-0036869",1356,-2.35068682180255e-05,0.0216006288443935,-2.1369880198205e-06,"Dan Moore","PIT","OL",2023
"1047","00-0036977",1436,-2.87157670135391e-05,0.0219293213535681,-2.6105242739581e-06,"Ben Cleveland","BAL","OL",2023
"1048","00-0038470",1846,-4.3105311748103e-05,0.0222682128761641,-3.918664704373e-06,"Benny Sapp III","GB","DB",2023
"1049","00-0038462",1842,-4.61390235473486e-05,0.0238794761750217,-4.1944566861226e-06,"Keshawn Banks","GB","DL",2023
"1050","00-0036682",1316,-4.68437212932133e-05,0.0218845269362726,-4.25852011756484e-06,"Malik Herring","KC","DL",2023
"1051","00-0037618",1688,-4.89575534744992e-05,0.0236966384649957,-4.45068667949993e-06,"Zach Thomas","LA","OL",2023
"1052","00-0037752",1711,-5.4111623198441e-05,0.0221475190334187,-4.91923847258554e-06,"Tycen Anderson","CIN","DB",2023
"1053","00-0035184",810,-5.96140625259189e-05,0.0228221607461127,-5.41946022962899e-06,"Devine Ozigbo","DET","RB",2023
"1054","00-0038879",2026,-6.31745744294657e-05,0.0225446022545569,-5.74314312995143e-06,"Corey Luciano","SF","OL",2023
"1055","00-0033336",398,-6.85135640513994e-05,0.0227663279657046,-6.2285058228545e-06,"Eric Wilson","GB","LB",2023
"1056","00-0035607",916,-7.23794504040501e-05,0.022211157389071,-6.57995003673183e-06,"Marquise Copeland","LA","DL",2023
"1057","00-0034346",584,-7.25003195913804e-05,0.0218920530654063,-6.59093814467095e-06,"Will Hernandez","ARI","OL",2023
"1058","00-0034978",767,-7.28145000314915e-05,0.0226186965649334,-6.61950000286286e-06,"Ben Powers","DEN","OL",2023
"1059","00-0034977",766,-8.94100755827555e-05,0.022739881668495,-8.12818868934141e-06,"Sheldrick Redwine","DAL","DB",2023
"1060","00-0037000",1458,-9.46262208297374e-05,0.0226141050582798,-8.60238371179431e-06,"Monty Rice","NO","LB",2023
"1061","00-0036314",1143,-0.000114721059184718,0.0217815607723402,-1.04291871986108e-05,"Markus Bailey","CIN","LB",2023
"1062","00-0037039",1471,-0.000115720076264924,0.0233529199791996,-1.05200069331749e-05,"Devon Allen","PHI","WR",2023
"1063","00-0038396",1821,-0.000120223388491753,0.0223731325216557,-1.09293989537957e-05,"Eric Gray","NYG","RB",2023
"1064","00-0038389",1815,-0.000120232310770392,0.0216112443363432,-1.09302100700356e-05,"Israel Abanikanda","NYJ","RB",2023
"1065","00-0035541",908,-0.000125522606143957,0.0227009871347815,-1.1411146013087e-05,"Michael Dogbe","MIN","DL",2023
"1066","00-0035356",878,-0.000126016987175176,0.0220005531887065,-1.14560897431978e-05,"Tyree Jackson","NYG","TE",2023
"1067","00-0036994",1453,-0.000126634076352574,0.0215047629898013,-1.15121887593249e-05,"Ernest Jones","LA","LB",2023
"1068","00-0034989",772,-0.000128639010063341,0.023133430805184,-1.16944554603037e-05,"Justin Skule","TB","OL",2023
"1069","00-0036167",1059,-0.000131482679612236,0.0229136533472601,-1.19529708738396e-05,"Tae Crowder","TEN","LB",2023
"1070","00-0036133",1046,-0.000136423043271511,0.0225802330328326,-1.24020948428647e-05,"James Proche","CLE","WR",2023
"1071","00-0027944",29,-0.000138219086788034,0.0221591600798025,-1.25653715261849e-05,"Julio Jones","PHI","WR",2023
"1072","00-0033588",437,-0.000140361843910233,0.0229180649104795,-1.2760167628203e-05,"Isaac Rochell","LV","DL",2023
"1073","00-0035269",851,-0.000147661628352663,0.0222079768292119,-1.34237843956967e-05,"Matt Gay","IND","K",2023
"1074","00-0037578",1670,-0.000165601985006335,0.0212553171343795,-1.50547259096669e-05,"Juanyeh Thomas","DAL","DB",2023
"1075","00-0036351",1169,-0.000166950039653703,0.0211221484724165,-1.51772763321548e-05,"James Smith-Williams","WAS","DL",2023
"1076","00-0036577",1266,-0.000168850384378905,0.0226542698513196,-1.53500349435368e-05,"Jack Anderson","IND","OL",2023
"1077","00-0036483",1238,-0.000172123281541279,0.0215011627403491,-1.56475710492071e-05,"Will Fries","IND","OL",2023
"1078","00-0032320",257,-0.000180814962142913,0.0236194154012662,-1.64377238311739e-05,"Erik Harris","SF","DB",2023
"1079","00-0034302",574,-0.000183880143418607,0.02205118798616,-1.67163766744188e-05,"Frankie Luvu","CAR","LB",2023
"1080","00-0034967",759,-0.000184232716399682,0.0221896758017754,-1.67484287636075e-05,"Rashan Gary","GB","LB",2023
"1081","00-0035688",961,-0.000197020607901525,0.0220929229688587,-1.79109643546841e-05,"Trey Pipkins","LAC","OL",2023
"1082","00-0035657",941,-0.000197137145585051,0.0232174603714483,-1.79215586895501e-05,"Damien Harris","BUF","RB",2023
"1083","00-0033697",445,-0.000205996702277452,0.0216180650066731,-1.87269729343138e-05,"Michael Davis","LAC","DB",2023
"1084","00-0028284",41,-0.00021853709586683,0.0226806736942147,-1.98670087151664e-05,"Patrick Scales","CHI","LS",2023
"1085","00-0036683",1317,-0.000224714925949139,0.0217675983342651,-2.042862963174e-05,"Devon Key","DEN","DB",2023
"1086","00-0031334",155,-0.000230713791179147,0.0225400787407132,-2.09739810162861e-05,"Jason Verrett","SF","DB",2023
"1087","00-0033958",525,-0.00023444120012385,0.023554074880707,-2.13128363748955e-05,"Nathan Peterman","CHI","QB",2023
"1088","00-0037009",1466,-0.00024561461259978,0.0217764989609649,-2.23286011454346e-05,"Rashawn Slater","LAC","OL",2023
"1089","00-0038593",1912,-0.000246423235870551,0.022334273762842,-2.24021123518683e-05,"Olusegun Oluwatimi","SEA","OL",2023
"1090","00-0032053",219,-0.000252398859662654,0.0215678969044642,-2.29453508784231e-05,"Brandon Scherff","JAX","OL",2023
"1091","00-0035976",1017,-0.000252842611322142,0.0229110752185468,-2.29856919383766e-05,"Dan Chisena","BAL","WR",2023
"1092","00-0036230",1084,-0.000258208251230277,0.0218871938928355,-2.34734773845707e-05,"Prince Tega Wanogho","KC","OL",2023
"1093","00-0030725",120,-0.000259289334701759,0.0225969226789005,-2.35717577001599e-05,"Cornelius Lucas","WAS","OL",2023
"1094","00-0036904",1382,-0.0002643868237645,0.0225719011591849,-2.40351657967728e-05,"Robert Rochell","GB","DB",2023
"1095","00-0038791",1995,-0.000266571483836453,0.0231981052375084,-2.42337712578594e-05,"Thomas Incoom","DEN","LB",2023
"1096","00-0031795",203,-0.000270199312049801,0.022462186380437,-2.45635738227092e-05,"DeShawn Williams","CAR","DL",2023
"1097","00-0034800",710,-0.000272159192068762,0.0225148000233408,-2.47417447335239e-05,"B.J. Hill","CIN","DL",2023
"1098","00-0035189",811,-0.000281148525055237,0.0238667864928006,-2.55589568232034e-05,"Matthew Wright","CAR","K",2023
"1099","00-0035444",896,-0.000281670415956727,0.0230165740181733,-2.56064014506116e-05,"Jordan Kunaszyk","CLE","LB",2023
"1100","00-0037318",1603,-0.000298888727753538,0.0219406901434537,-2.71717025230489e-05,"Baylon Spector","BUF","LB",2023
"1101","00-0037822",1735,-0.000299858912977725,0.0230366557256899,-2.72599011797931e-05,"Brian Asamoah","MIN","LB",2023
"1102","00-0037481",1642,-0.000303029979083527,0.0220214321329755,-2.75481799166843e-05,"Olakunle Fatukasi","LA","LB",2023
"1103","00-0038850",2016,-0.000308082627664728,0.0227569247545409,-2.80075116058843e-05,"T.K. McLendon","TEN","DL",2023
"1104","00-0031492",174,-0.000308512343088989,0.0227858116596517,-2.80465766444535e-05,"Jason Myers","SEA","K",2023
"1105","00-0034817",719,-0.000310498889559192,0.0213983954622743,-2.82271717781084e-05,"Geron Christian","CLE","OL",2023
"1106","00-0035654",938,-0.000312354118195855,0.0232621181196913,-2.83958289268959e-05,"Chase Winovich","MIA","DL",2023
"1107","00-0031734",199,-0.000325063989517159,0.0237757429297094,-2.95512717742871e-05,"Chris Reed","MIN","OL",2023
"1108","00-0033011",339,-0.00032945321675826,0.0215859520844613,-2.99502924325691e-05,"Connor McGovern","NYJ","OL",2023
"1109","00-0036281",1118,-0.000330239499467294,0.0215599601906247,-3.00217726788449e-05,"C.J. Henderson","CAR","DB",2023
"1110","00-0035437",895,-0.000336844496331974,0.0230595883449326,-3.06222269392704e-05,"Roderic Teamer","LV","DB",2023
"1111","00-0038523",1862,-0.000339824270901521,0.0211784671498061,-3.08931155365019e-05,"Kahlef Hailassie","CLE","DB",2023
"1112","00-0036152",1051,-0.000348392924558683,0.0232236540074832,-3.16720840507894e-05,"Lamar Jackson","CAR","DB",2023
"1113","00-0033269",380,-0.000357630103681762,0.0224827202589019,-3.25118276074329e-05,"Rigoberto Sanchez","IND","P",2023
"1114","00-0030114",95,-0.000364328230078349,0.0207060459611012,-3.31207481889408e-05,"Jordan Poyer","BUF","DB",2023
"1115","00-0033557",428,-0.000367201883441352,0.0218079101271883,-3.33819894037593e-05,"Jalen Reeves-Maybin","DET","LB",2023
"1116","00-0036415",1212,-0.00037315769299325,0.0214475274159362,-3.392342663575e-05,"Van Jefferson","ATL","WR",2023
"1117","00-0038092",1766,-0.000374510653595723,0.0223570529366436,-3.40464230541566e-05,"Erik Ezukanma","MIA","WR",2023
"1118","00-0037237",1533,-0.000374774060859083,0.0207474790703162,-3.40703691690075e-05,"Derek Stingley Jr.","HOU","DB",2023
"1119","00-0032387",266,-0.000385064729485735,0.0221066633426812,-3.50058844987032e-05,"Jarran Reed","SEA","DL",2023
"1120","00-0035588",912,-0.000389517097841804,0.0220038940469468,-3.54106452583458e-05,"Garrett Bradbury","MIN","OL",2023
"1121","00-0038827",2010,-0.000392739187467596,0.0226127567181761,-3.57035624970542e-05,"Derrek Pitts","TB","DB",2023
"1122","00-0037461",1637,-0.000392864212081517,0.0221754516113008,-3.5714928371047e-05,"Tristin McCollum","PHI","DB",2023
"1123","00-0036947",1413,-0.00039724061894539,0.022569342636518,-3.611278354049e-05,"Jalen Mayfield","NYG","OL",2023
"1124","00-0038941",2043,-0.000408822214713223,0.0217203573926078,-3.71656558830203e-05,"Tyler Scott","CHI","WR",2023
"1125","00-0038567",1890,-0.000409808079331718,0.0224875252299024,-3.72552799392471e-05,"Chad Ryland","NE","K",2023
"1126","00-0038605",1923,-0.000426850787148142,0.0226476741253207,-3.88046170134674e-05,"J.L. Skinner","DEN","DB",2023
"1127","00-0033930",512,-0.000427566379363031,0.0212668161951464,-3.88696708511846e-05,"Cameron Sutton","DET","DB",2023
"1128","00-0036906",1384,-0.000435196102703694,0.02182301754042,-3.95632820639721e-05,"Khalil Herbert","CHI","RB",2023
"1129","00-0037315",1600,-0.000436289590760172,0.0233156575161731,-3.96626900691065e-05,"Cameron Goode","MIA","LB",2023
"1130","00-0036082",1037,-0.000437284252292498,0.0230318930766593,-3.97531138447725e-05,"Liam McCullough","ATL","LS",2023
"1131","00-0038982",2056,-0.000440014972050562,0.0195745181884419,-4.00013610955057e-05,"Chamarri Conner","KC","DB",2023
"1132","00-0037512",1649,-0.000445846118949782,0.0213637987367896,-4.05314653590711e-05,"Isaiah Pola-Mao","LV","DB",2023
"1133","00-0038553",1878,-0.000450156827322629,0.0216147461932541,-4.09233479384208e-05,"Daiyan Henley","LAC","LB",2023
"1134","00-0031893",208,-0.000452298756820087,0.0223665120975616,-4.11180688018261e-05,"Jesse Davis","SF","OL",2023
"1135","00-0038678",1969,-0.000453092929681778,0.022914674321268,-4.11902663347071e-05,"Jordan Mims","NO","RB",2023
"1136","00-0037516",1651,-0.000453380385733929,0.0224662037720833,-4.12163987030844e-05,"Sam Webb","LV","DB",2023
"1137","00-0036884",1369,-0.000453446216063032,0.0217513268551266,-4.12223832784574e-05,"Marco Wilson","NE","DB",2023
"1138","00-0037084",1486,-0.000457017335266564,0.0222670877259972,-4.15470304787786e-05,"Kyron Johnson","PIT","LB",2023
"1139","00-0031367",161,-0.000465743432206841,0.0216614357050698,-4.23403120188037e-05,"Gabe Jackson","CAR","OL",2023
"1140","00-0038129",1799,-0.000469760465167846,0.0223791645024805,-4.27054968334406e-05,"Cade Otton","TB","TE",2023
"1141","00-0037207",1523,-0.000475695748497719,0.0217586402545713,-4.32450680452472e-05,"Mike Caliendo","KC","OL",2023
"1142","00-0035242",834,-0.000479400462069761,0.0213884326092513,-4.35818601881601e-05,"Erik McCoy","NO","OL",2023
"1143","00-0033217",374,-0.000492898514118209,0.0212940004454671,-4.48089558289281e-05,"Mo Alie-Cox","IND","TE",2023
"1144","00-0036176",1061,-0.000493929118088607,0.0225860710334403,-4.49026470989642e-05,"Mason Kinsey","TEN","WR",2023
"1145","00-0036479",1235,-0.000494367481123648,0.0225295510385402,-4.4942498283968e-05,"Kwity Paye","IND","DL",2023
"1146","00-0037420",1629,-0.000496864649383814,0.0232739968868894,-4.51695135803467e-05,"Kwamie Lassiter","CIN","WR",2023
"1147","00-0034067",530,-0.000502181481679972,0.0224350235665183,-4.56528619709066e-05,"Scott Daly","DET","LS",2023
"1148","00-0037517",1652,-0.000502655998705732,0.0214354385035777,-4.56959998823393e-05,"Luke Masterson","LV","LB",2023
"1149","00-0034903",747,-0.000509620205674966,0.0222416960361846,-4.63291096068151e-05,"Tevaughn Campbell","JAX","DB",2023
"1150","00-0038589",1909,-0.000518714975796899,0.0219736987439414,-4.71559068906272e-05,"Josh Whyle","TEN","TE",2023
"1151","00-0031935",213,-0.00052874508814897,0.0213638958340329,-4.806773528627e-05,"Preston Smith","GB","LB",2023
"1152","00-0036162",1055,-0.000529820175337473,0.022643101331248,-4.81654704852248e-05,"Tyler Bass","BUF","K",2023
"1153","00-0037320",1604,-0.00053155215573543,0.0228435827547192,-4.83229232486754e-05,"Deane Leonard","LAC","DB",2023
"1154","00-0036158",1053,-0.00053323003485147,0.0225725249482389,-4.847545771377e-05,"J.K. Dobbins","BAL","RB",2023
"1155","00-0035399",888,-0.000542328506546235,0.0230988565188713,-4.93025915042032e-05,"Stanley Morgan","CIN","WR",2023
"1156","00-0030533",109,-0.000544070877782894,0.0219738486603441,-4.9460988889354e-05,"Matt Barkley","JAX","QB",2023
"1157","00-0036321",1145,-0.000545287730338816,0.0212627913568974,-4.95716118489832e-05,"Chase Young","SF","DL",2023
"1158","00-0038956",2046,-0.000546421322953046,0.0231518001592342,-4.96746657230041e-05,"Ekow Boye-Doe","KC","DB",2023
"1159","00-0037603",1679,-0.000546748104630799,0.0226782833051633,-4.97043731482545e-05,"Jayden Peevy","CAR","DL",2023
"1160","00-0029285",56,-0.00055058729449262,0.0230072805294141,-5.005339040842e-05,"Josh Norman","BUF","DB",2023
"1161","00-0033782",455,-0.000563371262641839,0.0208767631930416,-5.12155693310763e-05,"DeMarcus Walker","CHI","DL",2023
"1162","00-0034765",690,-0.000565584312164824,0.0223846055822153,-5.14167556513477e-05,"Tre'Quan Smith","DEN","WR",2023
"1163","00-0038537",1865,-0.000569833044771603,0.0236924044903143,-5.18030040701458e-05,"J.D. DiRenzo","CAR","OL",2023
"1164","00-0036565",1261,-0.000574873593517592,0.0234033942830799,-5.22612357743265e-05,"Ben Mason","BAL","TE",2023
"1165","00-0034356",591,-0.00058339718301621,0.0208513056683934,-5.30361075469282e-05,"Donte Jackson","CAR","DB",2023
"1166","00-0036195",1068,-0.000587298413268762,0.0211195042143989,-5.33907648426147e-05,"Charlie Heck","HOU","OL",2023
"1167","00-0035247",838,-0.000588246338066956,0.0222721235397655,-5.34769398242687e-05,"Trysten Hill","NE","DL",2023
"1168","00-0036951",1415,-0.000592779314521695,0.0233165509902559,-5.38890285928814e-05,"Frank Darby","ATL","WR",2023
"1169","00-0034325",578,-0.000593758109860731,0.0230380290687892,-5.39780099873392e-05,"Taylor Stallworth","SF","DL",2023
"1170","00-0038602",1921,-0.00061749085901781,0.0232118828940266,-5.61355326379827e-05,"Christopher Smith","LV","DB",2023
"1171","00-0038405",1828,-0.000622096006309406,0.0222112658546085,-5.65541823917642e-05,"Travis Bell","CIN","DL",2023
"1172","00-0036338",1160,-0.000628998253102866,0.022545235699819,-5.71816593729878e-05,"Troy Dye","MIN","LB",2023
"1173","00-0032986",336,-0.000630753739491485,0.0229319180466646,-5.73412490446805e-05,"J.P. Holtz","NO","TE",2023
"1174","00-0032412",277,-0.000634930016595654,0.0222554866408398,-5.77209105996049e-05,"Dean Lowry","MIN","DL",2023
"1175","00-0039139",2123,-0.000636449835500099,0.0212526248686103,-5.78590759545545e-05,"Jahmyr Gibbs","DET","RB",2023
"1176","00-0036363",1177,-0.000643689135882409,0.0217282930804923,-5.85171941711281e-05,"Josh Jones","HOU","OL",2023
"1177","00-0027940",27,-0.000648012959560123,0.0209571418687362,-5.89102690509202e-05,"Von Miller","BUF","LB",2023
"1178","00-0037392",1620,-0.000684086780515364,0.021434776393639,-6.21897073195785e-05,"Trevor Denbow","IND","DB",2023
"1179","00-0030663",117,-0.000688125980935207,0.0227419476388923,-6.25569073577461e-05,"Willie Snead","SF","WR",2023
"1180","00-0030694",119,-0.000691396385702212,0.0223545549015107,-6.28542168820192e-05,"James Hurst","NO","OL",2023
"1181","00-0035264",849,-0.000692614293059439,0.0236137376042202,-6.29649357326763e-05,"Jarrett Stidham","DEN","QB",2023
"1182","00-0036957",1420,-0.000694041939637459,0.0220046043072879,-6.30947217852235e-05,"Drew Dalman","ATL","OL",2023
"1183","00-0036879",1365,-0.000697794723278591,0.0236375077694649,-6.34358839344173e-05,"Sam Ehlinger","IND","QB",2023
"1184","00-0031237",143,-0.000721295401441166,0.0227338338331779,-6.55723092219242e-05,"Teddy Bridgewater","DET","QB",2023
"1185","00-0035291",861,-0.000721721843046715,0.021448033350773,-6.56110766406105e-05,"Trayveon Williams","CIN","RB",2023
"1186","00-0038493",1855,-0.000724110828462607,0.0232961721473385,-6.58282571329643e-05,"Claudin Cherelus","CAR","LB",2023
"1187","00-0036322",1146,-0.000730761944614572,0.0217502709673333,-6.64329040558702e-05,"Justin Jefferson","MIN","WR",2023
"1188","00-0036688",1318,-0.000734284797839714,0.0228697217087341,-6.6753163439974e-05,"Kiondre Thomas","GB","DB",2023
"1189","00-0038458",1841,-0.000737405392119406,0.0222999750465853,-6.70368538290369e-05,"Owen Wright","BAL","RB",2023
"1190","00-0038181",1808,-0.00073867554861953,0.0226567662904754,-6.71523226017755e-05,"Lucky Jackson","MIN","WR",2023
"1191","00-0031426",170,-0.000744989920850612,0.0212147160804844,-6.77263564409647e-05,"Joel Bitonio","CLE","OL",2023
"1192","00-0034804",713,-0.00075690329590775,0.0225333587983839,-6.88093905370682e-05,"Brian Allen","LA","OL",2023
"1193","00-0036847",1344,-0.000758625210809089,0.0222505828677566,-6.89659282553718e-05,"Pressley Harvin","PIT","P",2023
"1194","00-0032065",221,-0.000762461027236975,0.0215329708914845,-6.9314638839725e-05,"Bradley Pinion","ATL","P",2023
"1195","00-0036876",1362,-0.000764079640757183,0.0212906191703974,-6.94617855233803e-05,"Kylen Granson","IND","TE",2023
"1196","00-0038891",2027,-0.000764393369411949,0.0228986472466791,-6.94903063101772e-05,"Shedrick Jackson","CIN","WR",2023
"1197","00-0037321",1605,-0.000764680337600695,0.0231439535073337,-6.95163943273359e-05,"Chase Lucas","DET","DB",2023
"1198","00-0035956",1014,-0.000776084144864274,0.0224942038588515,-7.05531040785704e-05,"Giovanni Ricci","CAR","TE",2023
"1199","00-0037522",1654,-0.000785008133376572,0.0237163034153986,-7.13643757615065e-05,"Qwuantrezz Knight","ARI","DB",2023
"1200","00-0039000",2065,-0.000785584200307128,0.0213795359969087,-7.14167454824662e-05,"Deonte Banks","NYG","DB",2023
"1201","00-0037296",1586,-0.000785943919104101,0.0213719670148616,-7.14494471912819e-05,"Gregory Junior","JAX","DB",2023
"1202","00-0034571",654,-0.000787902486889093,0.0225153076352321,-7.16274988080994e-05,"Trenton Scott","WAS","OL",2023
"1203","00-0032954",331,-0.000789165197151823,0.0211737613845115,-7.17422906501657e-05,"Isaac Seumalo","PIT","OL",2023
"1204","00-0036916",1390,-0.000799633889614867,0.0215879308762128,-7.26939899649879e-05,"Milton Williams","PHI","DL",2023
"1205","00-0034789",703,-0.000801265189296697,0.0213770406371144,-7.28422899360633e-05,"Minkah Fitzpatrick","PIT","DB",2023
"1206","00-0035876",1000,-0.000803794302468301,0.0231542681879028,-7.30722093153e-05,"Andre Baccellia","ARI","WR",2023
"1207","00-0036391",1194,-0.000804709760277353,0.0225159283623544,-7.31554327524867e-05,"Lloyd Cushenberry","DEN","OL",2023
"1208","00-0037222",1526,-0.00080567470380993,0.0230545569944571,-7.32431548918118e-05,"A.J. Thomas","CHI","DB",2023
"1209","00-0036040",1031,-0.000808857379133703,0.0210390804730149,-7.35324890121548e-05,"Juwan Johnson","NO","TE",2023
"1210","00-0034855",740,-0.000809212876872861,0.0213808913135544,-7.35648069884419e-05,"Baker Mayfield","TB","QB",2023
"1211","00-0031938",215,-0.000818925131919658,0.0232449168343433,-7.44477392654234e-05,"Carl Davis","DAL","DL",2023
"1212","00-0035039",782,-0.00082052057234278,0.0230670259558798,-7.45927793038891e-05,"Stephen Carlson","CHI","TE",2023
"1213","00-0038752",1986,-0.000830603239432773,0.0218779895823195,-7.55093854029794e-05,"Jake Bobo","SEA","WR",2023
"1214","00-0037276",1569,-0.000834259786091584,0.0218746169999161,-7.58417987355986e-05,"Ty Chandler","MIN","RB",2023
"1215","00-0037156",1510,-0.000840128292112546,0.0227181841174785,-7.63752992829588e-05,"Irvin Charles","NYJ","WR",2023
"1216","00-0038719",1978,-0.000861306278116628,0.0228301089898566,-7.83005707378752e-05,"Charlie Thomas","CLE","LB",2023
"1217","00-0035157",807,-0.000862433701655488,0.0220483575285634,-7.84030637868625e-05,"Darius Harris","KC","LB",2023
"1218","00-0036171",1060,-0.000862503819306732,0.0215370946988791,-7.84094381187938e-05,"Aaron Brewer","TEN","OL",2023
"1219","00-0038851",2017,-0.000863895539872403,0.0222328585111015,-7.85359581702184e-05,"Caleb Murphy","TEN","LB",2023
"1220","00-0034791",705,-0.000876303854633949,0.0238242786591408,-7.96639867849044e-05,"Nick Chubb","CLE","RB",2023
"1221","00-0036567",1262,-0.000877712053724366,0.0215467580421871,-7.97920048840333e-05,"Elijah Mitchell","SF","RB",2023
"1222","00-0032378",259,-0.000878201593138093,0.0223185501857723,-7.98365084670993e-05,"DeForest Buckner","IND","DL",2023
"1223","00-0037266",1560,-0.000885290082642506,0.0229612659352154,-8.04809166038642e-05,"Matt Waletzko","DAL","OL",2023
"1224","00-0038824",2008,-0.000894632651675704,0.0233937527135993,-8.13302410614277e-05,"Ryan Miller","TB","WR",2023
"1225","00-0035806",990,-0.000894841461004313,0.0228440875851317,-8.13492237276648e-05,"Jamycal Hasty","NE","RB",2023
"1226","00-0031101",135,-0.000899845230692422,0.0208988767491112,-8.18041118811293e-05,"Shaquil Barrett","TB","LB",2023
"1227","00-0033538",418,-0.00090265404168453,0.0215080183256332,-8.20594583349573e-05,"Garett Bolles","DEN","OL",2023
"1228","00-0034473",638,-0.000903872536310773,0.0209913485587393,-8.21702305737066e-05,"Dennis Gardeck","ARI","LB",2023
"1229","00-0035624",919,-0.000912133969593446,0.0228976969956242,-8.29212699630406e-05,"N'Keal Harry","MIN","WR",2023
"1230","00-0034960",757,-0.000912802967535977,0.021461265722599,-8.29820879578161e-05,"Jakobi Meyers","LV","WR",2023
"1231","00-0028394",43,-0.000912894035405561,0.0223127621126571,-8.2990366855051e-05,"Jake McQuaide","DET","LS",2023
"1232","00-0037001",1459,-0.000914143635059463,0.022108946706329,-8.31039668235875e-05,"Quinn Meinerz","DEN","OL",2023
"1233","00-0034424",624,-0.000917897412894771,0.0205303319833973,-8.34452193540701e-05,"Matthew Adams","CLE","LB",2023
"1234","00-0035436",894,-0.000925730864229476,0.0222919758901089,-8.41573512935887e-05,"Matt Sokol","NE","TE",2023
"1235","00-0038563",1887,-0.000926676905293769,0.0215558884908457,-8.42433550267063e-05,"Tre Tucker","LV","WR",2023
"1236","00-0038911",2031,-0.000926946166524477,0.0221281127399724,-8.4267833320407e-05,"Malik Cunningham","BAL","QB",2023
"1237","00-0032753",308,-0.000933794495408833,0.0220946527722232,-8.48904086735303e-05,"Luke Rhodes","IND","LS",2023
"1238","00-0033057",349,-0.000945040925869167,0.02263745505127,-8.59128114426515e-05,"Jack Conklin","CLE","OL",2023
"1239","00-0036893",1373,-0.00094605653803196,0.0224445710168119,-8.60051398210872e-05,"Najee Harris","PIT","RB",2023
"1240","00-0034827",722,-0.000957281880724711,0.0211108415499599,-8.70256255204283e-05,"D.J. Moore","CHI","WR",2023
"1241","00-0030564",111,-0.000959027896855775,0.0209465001904124,-8.71843542596159e-05,"DeAndre Hopkins","TEN","WR",2023
"1242","00-0038127",1797,-0.000961843007331566,0.0217892324153694,-8.74402733937787e-05,"Logan Hall","TB","DL",2023
"1243","00-0032265",255,-0.000974987494941129,0.0215323929192063,-8.86352268128299e-05,"Mario Edwards","SEA","DL",2023
"1244","00-0032569",296,-0.000977588433971094,0.0222306941287915,-8.8871675815554e-05,"Wil Lutz","DEN","K",2023
"1245","00-0035829",992,-0.000985293732303884,0.0229792064907476,-8.95721574821713e-05,"Austen Pleasants","LAC","OL",2023
"1246","00-0036237",1090,-0.00100556331138532,0.0216008437211542,-9.14148464895743e-05,"Larrell Murchison","LA","DL",2023
"1247","00-0035378",883,-0.00101042976971525,0.021201644432459,-9.18572517922957e-05,"Andrew Wingard","JAX","DB",2023
"1248","00-0039141",2125,-0.00101409974903132,0.0210536849966499,-9.21908862755744e-05,"Brian Branch","DET","DB",2023
"1249","00-0035984",1018,-0.00101790827115212,0.0223024795743627,-9.25371155592839e-05,"Blake Lynch","LAC","LB",2023
"1250","00-0036360",1174,-0.00101831506947324,0.0226260930340529,-9.25740972248403e-05,"Clyde Edwards-Helaire","KC","RB",2023
"1251","00-0038128",1798,-0.00101990684607786,0.0228755553334852,-9.27188041888968e-05,"Malik Willis","TEN","QB",2023
"1252","00-0034414",620,-0.0010205916282838,0.0213629235452455,-9.2781057116709e-05,"Boston Scott","PHI","RB",2023
"1253","00-0033874",473,-0.00103549540632569,0.0219170013976281,-9.41359460296083e-05,"Marshon Lattimore","NO","DB",2023
"1254","00-0039077",2111,-0.00103825703056013,0.0218901926777335,-9.43870027781936e-05,"Warren McClendon Jr.","LA","OL",2023
"1255","00-0038856",2020,-0.00104227183570191,0.0228539954739105,-9.47519850638096e-05,"Brevin Allen","LAC","DL",2023
"1256","00-0038554",1879,-0.00104248580317283,0.0207640122256265,-9.47714366520759e-05,"Ji'Ayir Brown","SF","DB",2023
"1257","00-0034779",698,-0.00105074242911501,0.0221361173578895,-9.55220390104557e-05,"Ronnie Harrison","IND","LB",2023
"1258","00-0036469",1234,-0.00105661115122063,0.0224375058480161,-9.6055559201875e-05,"Matt Ammendola","HOU","K",2023
"1259","00-0038490",1853,-0.00106179038137133,0.0232707101918338,-9.65263983064842e-05,"Ty Zentner","TEN","P",2023
"1260","00-0038629",1946,-0.00107548963445103,0.0221163771705566,-9.77717849500933e-05,"Jovaughn Gwyn","ATL","OL",2023
"1261","00-0035933",1009,-0.00107755242952536,0.020517677685991,-9.79593117750324e-05,"Michael Hoecht","LA","LB",2023
"1262","00-0038648",1959,-0.00110092586066692,0.0225778859690723,-0.000100084169151538,"Jalen Graham","SF","LB",2023
"1263","00-0036317",1144,-0.00110990066548791,0.0237108104317749,-0.000100900060498901,"Arlington Hambright","IND","OL",2023
"1264","00-0031142",137,-0.00112022536561705,0.0211081576959248,-0.00010183866960155,"Matt Feiler","TB","OL",2023
"1265","00-0034780",699,-0.00112108072930308,0.0213660323917092,-0.000101916429936644,"Isaac Yiadom","NO","DB",2023
"1266","00-0034355",590,-0.00112249367096737,0.0228398372254275,-0.000102044879178852,"M.J. Stewart","HOU","DB",2023
"1267","00-0037356",1614,-0.00112577688623374,0.0223317556622166,-0.000102343353293976,"Ben Stille","ARI","DL",2023
"1268","00-0036979",1438,-0.00112969374977377,0.0213665090274941,-0.000102699431797615,"Alijah Vera-Tucker","NYJ","OL",2023
"1269","00-0038823",2007,-0.00113052518732196,0.0218638910933249,-0.000102775017029269,"Kaevon Merriweather","TB","DB",2023
"1270","00-0031040",131,-0.00115870660364536,0.0212493982600016,-0.00010533696396776,"Khalil Mack","LAC","DL",2023
"1271","00-0037093",1493,-0.0011680952564796,0.0220753008441797,-0.000106190477861781,"Dareke Young","SEA","WR",2023
"1272","00-0037664",1695,-0.00117040573158613,0.0221109333177339,-0.000106400521053285,"Alec Pierce","IND","WR",2023
"1273","00-0031870",207,-0.00117043441680952,0.021439505431503,-0.000106403128800865,"Dean Marlowe","LAC","DB",2023
"1274","00-0035192",813,-0.00117256687588343,0.0227459552233465,-0.000106596988716676,"Joey Slye","WAS","K",2023
"1275","00-0039031",2082,-0.00117424282694245,0.022235909633443,-0.000106749347903859,"Adetomiwa Adebawore","IND","DL",2023
"1276","00-0038764",1988,-0.00118477327034084,0.0230213734100673,-0.000107706660940076,"Patrick O'Connell","SEA","LB",2023
"1277","00-0037431",1631,-0.00121032033047927,0.0223141027804674,-0.000110029120952661,"Kingsley Jonathan","BUF","DL",2023
"1278","00-0036225",1083,-0.00121440442004348,0.0233142557833805,-0.000110400401822134,"Dalton Keene","HOU","TE",2023
"1279","00-0038735",1982,-0.00122020367605972,0.0224168785063069,-0.00011092760691452,"Princeton Fant","DAL","TE",2023
"1280","00-0038406",1829,-0.00122126741194113,0.0229615980887692,-0.000111024310176466,"Zack Kuntz","NYJ","TE",2023
"1281","00-0036462",1232,-0.0012214825791732,0.0230774575725493,-0.000111043870833928,"Innis Gaines","GB","DB",2023
"1282","00-0036678",1315,-0.00122393066923608,0.0216407572223899,-0.000111266424476008,"Dicaprio Bootle","CAR","DB",2023
"1283","00-0037106",1498,-0.00124971752857295,0.0213062900201847,-0.000113610684415723,"Jaylon Jones","CHI","DB",2023
"1284","00-0037747",1709,-0.00125140936417756,0.0216172666567758,-0.000113764487652505,"Christian Matthew","BAL","DB",2023
"1285","00-0037280",1573,-0.00125435048879276,0.0230133909375235,-0.000114031862617524,"Matthew Butler","LV","DL",2023
"1286","00-0036659",1309,-0.00125623218774056,0.0230401345230989,-0.000114202926158232,"Camaron Cheeseman","WAS","LS",2023
"1287","00-0037291",1582,-0.00126942887053721,0.0224730432494621,-0.000115402624594292,"Jalen Nailor","MIN","WR",2023
"1288","00-0038694",1972,-0.00127290934344843,0.0235570515419111,-0.000115719031222585,"Brandon Pili","MIA","DL",2023
"1289","00-0034091",534,-0.00128147751748317,0.0232056399043105,-0.000116497956134834,"George Odum","SF","DB",2023
"1290","00-0038118",1788,-0.00129053230662407,0.021692722932059,-0.000117321118784006,"Daniel Faalele","BAL","OL",2023
"1291","00-0038549",1875,-0.00130203581481551,0.0204019829542044,-0.000118366892255955,"D.J. Turner","CIN","DB",2023
"1292","00-0038634",1949,-0.00131305967787911,0.0236384524954126,-0.000119369061625374,"Nesta Jade Silvera","LV","DL",2023
"1293","00-0037527",1658,-0.00131419044073783,0.0215832496805446,-0.000119471858248894,"Segun Olubi","IND","LB",2023
"1294","00-0035697",966,-0.00132148691306625,0.0213567459457342,-0.000120135173915114,"Germaine Pratt","CIN","LB",2023
"1295","00-0034296",572,-0.00132242188152809,0.0225984382576171,-0.000120220171048008,"Ben Niemann","DEN","LB",2023
"1296","00-0036620",1280,-0.00132304867256212,0.022937603753986,-0.000120277152051102,"D'Wayne Eskridge","SEA","WR",2023
"1297","00-0036655",1307,-0.0013239327463373,0.0221713497987811,-0.0001203575223943,"Cole Van Lanen","JAX","OL",2023
"1298","00-0036114",1041,-0.00132618467382145,0.0229051571092159,-0.000120562243074677,"A.J. Green","CLE","DB",2023
"1299","00-0037080",1482,-0.00133068552677889,0.0221191023621884,-0.000120971411525354,"Tyreke Smith","ARI","LB",2023
"1300","00-0034937",750,-0.00133645807465051,0.0216154789997529,-0.000121496188604592,"John Leglue","ATL","OL",2023
"1301","00-0037984",1754,-0.00133919666340777,0.0227274860466735,-0.000121745151218888,"Damarion Williams","BAL","DB",2023
"1302","00-0038797",1998,-0.00134979866099029,0.0228219750657919,-0.000122708969180935,"Emanuel Wilson","GB","RB",2023
"1303","00-0039060",2096,-0.00135135722934343,0.0218864281504779,-0.000122850657213039,"Jason Taylor II","LA","DB",2023
"1304","00-0037814",1728,-0.00135336020950043,0.0219287439548337,-0.000123032746318221,"Luke Fortner","JAX","OL",2023
"1305","00-0030068",88,-0.0013620116457027,0.0223258150171982,-0.000123819240518427,"Marquise Goodwin","CLE","WR",2023
"1306","00-0039136",2120,-0.00136534400546201,0.0230794938980293,-0.000124122182314728,"Zach Evans","LA","RB",2023
"1307","00-0038090",1764,-0.00137786866277897,0.021660004727574,-0.000125260787525361,"Skyy Moore","KC","WR",2023
"1308","00-0036045",1033,-0.00138069412492273,0.021436505125997,-0.000125517647720248,"Cam Gill","TB","LB",2023
"1309","00-0036422",1218,-0.00138207258290799,0.0210073497829657,-0.000125642962082545,"Adam Trautman","DEN","TE",2023
"1310","00-0033357",400,-0.00138962277926085,0.021545686055639,-0.000126329343569168,"Taysom Hill","NO","QB",2023
"1311","00-0034577",657,-0.00139037798583453,0.0220427953194072,-0.00012639799871223,"Kyle Allen","BUF","QB",2023
"1312","00-0033463",408,-0.00139162929014409,0.0222547755420032,-0.000126511753649462,"Carl Lawson","NYJ","DL",2023
"1313","00-0034185",552,-0.00140158716903228,0.0226365412655828,-0.000127417015366571,"Tyler Lancaster","DEN","DL",2023
"1314","00-0037590",1673,-0.00140792984970655,0.0225396016226019,-0.000127993622700595,"Tyler Vrabel","ATL","OL",2023
"1315","00-0032408",276,-0.00141506263151525,0.0231982414316502,-0.000128642057410477,"Blake Martinez","PIT","LB",2023
"1316","00-0035625",920,-0.00141918283068909,0.0216599017861231,-0.000129016620971735,"Juan Thornhill","CLE","DB",2023
"1317","00-0036497",1240,-0.00141944802247545,0.021594900392957,-0.00012904072931595,"Tim Jones","JAX","WR",2023
"1318","00-0037272",1566,-0.0014228468908999,0.0224168073826647,-0.000129349717354536,"Montrell Washington","KC","WR",2023
"1319","00-0039112",2116,-0.00142591602514364,0.0214015350994204,-0.000129628729558513,"Lukas Van Ness","GB","LB",2023
"1320","00-0038616",1934,-0.00144008296521251,0.0233481296293425,-0.000130916633201137,"Christian Braswell","JAX","DB",2023
"1321","00-0034846",737,-0.00144044565297805,0.0218793167184808,-0.000130949604816187,"Shaquille Leonard","PHI","LB",2023
"1322","00-0034377",605,-0.00144291004977144,0.0212620830594613,-0.000131173640888312,"Avonte Maddox","PHI","DB",2023
"1323","00-0038932",2034,-0.00144620582509775,0.0208470532884292,-0.000131473256827068,"Darnell Wright","CHI","OL",2023
"1324","00-0038636",1951,-0.00144786257391534,0.0224307670261126,-0.00013162387035594,"Kenny McIntosh","SEA","RB",2023
"1325","00-0038117",1787,-0.00144996386280556,0.0219175338497982,-0.000131814896618688,"Wan'Dale Robinson","NYG","WR",2023
"1326","00-0038819",2004,-0.00146198835102047,0.0219037538350688,-0.000132908031910952,"Keenan Isaac","TB","DB",2023
"1327","00-0032128",228,-0.00148341735404289,0.0221319429121757,-0.000134856123094809,"Chris Conley","SF","WR",2023
"1328","00-0035000",778,-0.00148483535901456,0.0230654819389145,-0.000134985032637687,"Quinton Bell","MIA","LB",2023
"1329","00-0035042",783,-0.00148589949268053,0.0217050649369847,-0.000135081772061866,"Jamie Gillan","NYG","P",2023
"1330","00-0038997",2064,-0.00149093543842491,0.0211506349467956,-0.000135539585311356,"Josh Downs","IND","WR",2023
"1331","00-0032208",246,-0.00150238435133772,0.0227288906561307,-0.000136580395576156,"Phillip Dorsett","DEN","WR",2023
"1332","00-0038782",1993,-0.00151257962561483,0.0213789021682553,-0.000137507238692257,"Eku Leota","CAR","LB",2023
"1333","00-0038368",1810,-0.00151281878198688,0.0225121697436431,-0.000137528980180626,"Quindell Johnson","CHI","DB",2023
"1334","00-0033856",463,-0.00151406181499801,0.0225156036331214,-0.000137641983181637,"Leonard Fournette","BUF","RB",2023
"1335","00-0037245",1541,-0.00151946643337892,0.0221777949376818,-0.000138133312125356,"Lewis Cine","MIN","DB",2023
"1336","00-0037833",1744,-0.00152741869119633,0.0214557287712309,-0.000138856244654212,"Tariq Castro-Fields","WAS","DB",2023
"1337","00-0037332",1609,-0.00153149432907017,0.0223488691196623,-0.000139226757188197,"D'Anthony Bell","CLE","DB",2023
"1338","00-0034286",571,-0.00153706518489895,0.0213426214422948,-0.000139733198627177,"Richie James","KC","WR",2023
"1339","00-0037377",1616,-0.00153899726586506,0.0220558826903067,-0.000139908842351369,"Trenton Thompson","PIT","DB",2023
"1340","00-0037661",1693,-0.00154300075264425,0.0227880885114852,-0.000140272795694932,"Ja'Marcus Ingram","BUF","DB",2023
"1341","00-0035537",907,-0.00154893228873052,0.0221466613155721,-0.000140812026248229,"Ty Johnson","BUF","RB",2023
"1342","00-0037429",1630,-0.00154948782259817,0.0222719146038753,-0.000140862529327107,"Raheem Blackshear","CAR","RB",2023
"1343","00-0039074",2108,-0.00155453501248396,0.0217188258976783,-0.000141321364771269,"Davis Allen","LA","TE",2023
"1344","00-0036928",1398,-0.00157528886070107,0.0244279340277388,-0.000143208078245551,"Kyle Trask","TB","QB",2023
"1345","00-0036887",1371,-0.00159024239302095,0.0214907164359798,-0.000144567490274632,"Luke Farrell","JAX","TE",2023
"1346","00-0038826",2009,-0.001592071435417,0.022638289748674,-0.00014473376685609,"Raiqwon O'Neal","SEA","OL",2023
"1347","00-0036898",1377,-0.00159454929568027,0.0221732980619901,-0.000144959026880024,"Davis Mills","HOU","QB",2023
"1348","00-0038985",2059,-0.00160431333272212,0.0224312517120557,-0.000145846666611102,"Keondre Coburn","TEN","DL",2023
"1349","00-0038644",1955,-0.00160780574846032,0.0224556073818965,-0.000146164158950939,"Brandon Hill","HOU","DB",2023
"1350","00-0038102",1775,-0.00161163297880529,0.0215662555007026,-0.000146512088982299,"Kenny Pickett","PIT","QB",2023
"1351","00-0037235",1531,-0.00162240240533991,0.021901669067727,-0.000147491127758174,"Travon Walker","JAX","LB",2023
"1352","00-0036918",1391,-0.00162266999481906,0.022672734765244,-0.00014751545407446,"Jacob Harris","JAX","WR",2023
"1353","00-0032268",256,-0.00162420413630179,0.0218210189314447,-0.000147654921481981,"Marcus Mariota","PHI","QB",2023
"1354","00-0036163",1056,-0.00166023669587594,0.0238329047494261,-0.000150930608715994,"Justin Herron","LV","OL",2023
"1355","00-0034264",561,-0.00166446172643966,0.0235026784581914,-0.000151314702403605,"Jalyn Holmes","NYJ","DL",2023
"1356","00-0035292",862,-0.00167227435506257,0.0211915099952718,-0.000152024941369325,"David Long","MIA","LB",2023
"1357","00-0030090",91,-0.00167845098582608,0.0218038772675293,-0.000152586453256916,"Micah Hyde","BUF","DB",2023
"1358","00-0038951",2044,-0.00168355581422867,0.0227186095078778,-0.000153050528566243,"Sean Tucker","TB","RB",2023
"1359","00-0035533",905,-0.00169684906057387,0.0239932391386338,-0.000154259005506716,"Ryan Connelly","NO","LB",2023
"1360","00-0034756",685,-0.0017008147286447,0.0219075303203468,-0.000154619520785882,"Tre Flowers","ATL","DB",2023
"1361","00-0038910",2030,-0.00170718188519629,0.0228822351127882,-0.000155198353199662,"SaRodorick Thompson Jr.","DAL","RB",2023
"1362","00-0036865",1353,-0.00173331910598392,0.022487493197212,-0.000157574464180356,"Jackson Carman","CIN","OL",2023
"1363","00-0036087",1038,-0.00174669461454607,0.022001534256348,-0.000158790419504188,"Myles Bryant","NE","DB",2023
"1364","00-0030063",86,-0.00174872680547298,0.0225705014226746,-0.000158975164133907,"Johnathan Hankins","DAL","DL",2023
"1365","00-0038112",1782,-0.00175163409165339,0.0215127323860494,-0.00015923946287758,"Cam Jurgens","PHI","OL",2023
"1366","00-0036881",1367,-0.00176483098996136,0.0237024488645377,-0.000160439180905578,"Jay Tufele","CIN","DL",2023
"1367","00-0038387",1813,-0.00176543841817774,0.0211570057015998,-0.000160494401652522,"Colby Wooden","GB","DL",2023
"1368","00-0038391",1817,-0.00176663423680409,0.022619008192123,-0.000160603112436735,"Sean Clifford","GB","QB",2023
"1369","00-0034994",776,-0.00178779649346948,0.0224602904220364,-0.000162526953951771,"Olisaemeka Udoh","MIN","OL",2023
"1370","00-0029714",76,-0.00178875179480112,0.022774897662324,-0.000162613799527374,"Andrew DePaola","MIN","LS",2023
"1371","00-0031868",206,-0.00179705500079643,0.0221745308225395,-0.000163368636436039,"Damiere Byrd","HOU","WR",2023
"1372","00-0037259",1555,-0.00180399516829387,0.0213258960248364,-0.000163999560753989,"Micah McFadden","NYG","LB",2023
"1373","00-0038619",1937,-0.00181510735749382,0.0220742928604887,-0.000165009759772166,"Andrei Iosivas","CIN","WR",2023
"1374","00-0035311",867,-0.00181552404521683,0.0233887532662565,-0.000165047640474258,"Myles Gaskin","MIN","RB",2023
"1375","00-0036219",1078,-0.00182175448490041,0.0222360568019319,-0.000165614044081855,"Marquez Callaway","NO","WR",2023
"1376","00-0035895",1003,-0.00182480373880915,0.0218695637853649,-0.00016589124898265,"Joe Bachie","CIN","LB",2023
"1377","00-0038142",1806,-0.00182492519656383,0.0220546522740459,-0.000165902290596712,"David Ojabo","BAL","LB",2023
"1378","00-0035480",898,-0.00182516500802098,0.0224941564252191,-0.000165924091638271,"Malik Taylor","NYJ","WR",2023
"1379","00-0037043",1472,-0.00183202222844567,0.0223260696900534,-0.000166547475313243,"Amare Barno","CAR","LB",2023
"1380","00-0038599",1918,-0.00183299235426246,0.0209950058642322,-0.000166635668569315,"Henry To'oTo'o","HOU","LB",2023
"1381","00-0036857",1349,-0.00184007174163637,0.0230877744964703,-0.00016727924923967,"Chris Evans","CIN","RB",2023
"1382","00-0038562",1886,-0.00184151882585148,0.0225428211195366,-0.000167410802350135,"Jake Moody","SF","K",2023
"1383","00-0037500",1647,-0.00184634172128554,0.0220831190883816,-0.000167849247389594,"Ryan Wright","MIN","P",2023
"1384","00-0037549",1664,-0.00184969389893215,0.0223745143346696,-0.000168153990812013,"Darrell Baker","IND","DB",2023
"1385","00-0037090",1490,-0.0018533906517586,0.0228312091746705,-0.000168490059250782,"Tariq Carpenter","PIT","DB",2023
"1386","00-0034344",582,-0.00187069162745678,0.0220439818013451,-0.000170062875223344,"Marcus Davenport","MIN","LB",2023
"1387","00-0027867",23,-0.00187645979429031,0.023078428688808,-0.000170587254026392,"Jason Pierre-Paul","MIA","DL",2023
"1388","00-0038125",1795,-0.00188253596381221,0.0218642849954176,-0.000171139633073838,"Roger McCreary","TEN","DB",2023
"1389","00-0038423",1837,-0.00188440162243108,0.0225266068315293,-0.000171309238402825,"Jalen Harris","WAS","DL",2023
"1390","00-0037396",1624,-0.00188586786779916,0.0226414144588903,-0.000171442533436287,"Wesley French","IND","OL",2023
"1391","00-0036628",1288,-0.00188942887208601,0.0205765686473183,-0.000171766261098728,"John Bates","WAS","TE",2023
"1392","00-0036368",1181,-0.00191644072066363,0.0220049483087807,-0.000174221883696694,"Tanner Muse","LAC","LB",2023
"1393","00-0026166",9,-0.00191926422144341,0.0224577366353032,-0.000174478565585764,"Duane Brown","NYJ","OL",2023
"1394","00-0035258",845,-0.00192332895267318,0.0210603210339341,-0.000174848086606653,"Hjalte Froholdt","ARI","OL",2023
"1395","00-0034389",613,-0.00192446748965211,0.0224403400186201,-0.000174951589968374,"Dane Cruikshank","TEN","DB",2023
"1396","00-0031561",184,-0.00193480535906309,0.0221467725447039,-0.000175891396278463,"Hroniss Grasu","LV","OL",2023
"1397","00-0036661",1311,-0.00194918156931551,0.0224387245992018,-0.000177198324483228,"Israel Mukuamu","DAL","DB",2023
"1398","00-0036224",1082,-0.00195340740592636,0.0217224137759236,-0.000177582491447851,"Jonathan Greenard","HOU","DL",2023
"1399","00-0036633",1292,-0.0019545797520765,0.0225876322654416,-0.000177689068370591,"Caden Sterns","DEN","DB",2023
"1400","00-0037521",1653,-0.00195600489589861,0.0221437008111221,-0.000177818626899874,"Tayler Hawkins","SF","DB",2023
"1401","00-0039144",2128,-0.00195896623101824,0.022439723974847,-0.000178087839183476,"Luke Musgrave","GB","TE",2023
"1402","00-0037608",1682,-0.00195966744544692,0.0239804407586088,-0.00017815158594972,"Tre Swilling","BAL","DB",2023
"1403","00-0034545",653,-0.001969856416016,0.0226027303837864,-0.000179077856001454,"Brandon Facyson","LV","DB",2023
"1404","00-0033895",491,-0.001978033246138,0.0212699836560532,-0.000179821204194363,"Gerald Everett","LAC","TE",2023
"1405","00-0028008",36,-0.00197830234790704,0.0212607734027338,-0.000179845667991549,"Justin Houston","MIA","LB",2023
"1406","00-0038394",1819,-0.00198073371184786,0.0225478766102948,-0.000180066701077078,"Will Mallory","IND","TE",2023
"1407","00-0035133",798,-0.00198249763377149,0.0206815679982923,-0.00018022705761559,"Keisean Nixon","GB","DB",2023
"1408","00-0030332",99,-0.00199100146346136,0.0223537949349888,-0.000181000133041942,"Brett Maher","LA","K",2023
"1409","00-0037831",1742,-0.00199614996813192,0.0221056101863473,-0.000181468178921084,"Nick Zakelj","SF","OL",2023
"1410","00-0034375",603,-0.00199842512911248,0.0213299898832503,-0.000181675011737498,"Kyzir White","ARI","LB",2023
"1411","00-0035265",850,-0.00201101422799108,0.0213464321859222,-0.000182819475271916,"John Cominsky","DET","DL",2023
"1412","00-0032725",306,-0.00201108625392577,0.0227411379271712,-0.000182826023084161,"Stephen Anderson","LAC","TE",2023
"1413","00-0037615",1686,-0.00201755590778143,0.0220865524078016,-0.000183414173434676,"Nakobe Dean","PHI","LB",2023
"1414","00-0029822",78,-0.00202433066777027,0.0216433446058787,-0.000184030060706389,"Brandon McManus","JAX","K",2023
"1415","00-0036332",1155,-0.00202575563174203,0.0217651752880911,-0.000184159602885639,"Josiah Deguara","GB","TE",2023
"1416","00-0036288",1124,-0.00203296485095513,0.0220199978600855,-0.000184814986450467,"Yetur Gross-Matos","CAR","LB",2023
"1417","00-0029685",72,-0.00203581775135463,0.0215615937634897,-0.000185074341032239,"Greg Van Roten","LV","OL",2023
"1418","00-0030957",127,-0.00203835243385914,0.0229576534281656,-0.000185304766714467,"Casey Kreiter","NYG","LS",2023
"1419","00-0036674",1313,-0.00204491343845902,0.0225001900346867,-0.000185901221678092,"Josh Pederson","JAX","TE",2023
"1420","00-0037404",1625,-0.0020558457052772,0.021991832746561,-0.000186895064116109,"Ryan Van Demark","BUF","OL",2023
"1421","00-0034957",755,-0.00205908174234795,0.0226738954887917,-0.000187189249304359,"Calvin Anderson","NE","OL",2023
"1422","00-0038513",1860,-0.00206180468941812,0.021777432220323,-0.000187436789947102,"Cam Jones","KC","LB",2023
"1423","00-0035328",869,-0.00206193547238636,0.0226653769403632,-0.000187448679307851,"Matt Nelson","DET","OL",2023
"1424","00-0038577",1897,-0.00207101055289445,0.0214466497560231,-0.000188273686626768,"Nick Herbig","PIT","LB",2023
"1425","00-0033926",508,-0.0020748795016381,0.0214655094621153,-0.000188625409239827,"Shaquill Griffin","CAR","DB",2023
"1426","00-0037225",1528,-0.0020804367688372,0.0228740076230499,-0.000189130615348836,"Chris Glaser","NYJ","OL",2023
"1427","00-0037293",1584,-0.00208153509019159,0.0216664091993016,-0.00018923046274469,"Devin Harper","CIN","LB",2023
"1428","00-0036420",1216,-0.00208567734448471,0.0226466492221246,-0.000189607031316791,"McTelvin Agim","HOU","DL",2023
"1429","00-0038096",1770,-0.0020893344280674,0.021362452516031,-0.000189939493460672,"Joshua Paschal","DET","DL",2023
"1430","00-0033591",439,-0.00210779598909603,0.0232095038110047,-0.000191617817190548,"Noah Brown","HOU","WR",2023
"1431","00-0034657",665,-0.00210792966969866,0.0223184690720268,-0.000191629969972605,"Matt Dickerson","KC","DL",2023
"1432","00-0039152",2136,-0.00210989427678803,0.0225054840774674,-0.000191808570617094,"Will Levis","TEN","QB",2023
"1433","00-0034794",706,-0.00211097348670728,0.0217251835748811,-0.000191906680609753,"Jason Sanders","MIA","K",2023
"1434","00-0032379",260,-0.00211215565721777,0.0214443892961795,-0.000192014150656161,"Eli Apple","MIA","DB",2023
"1435","00-0037253",1549,-0.00211404964276283,0.0227439989043274,-0.000192186331160257,"Marcus Jones","NE","DB",2023
"1436","00-0039164",2142,-0.0021319843216164,0.0219526613737748,-0.000193816756510582,"Anthony Richardson","IND","QB",2023
"1437","00-0029263",55,-0.00213525902449408,0.0210491626461904,-0.000194114456772189,"Russell Wilson","DEN","QB",2023
"1438","00-0034051",528,-0.00214037832985353,0.0214722483545614,-0.000194579848168503,"Christian Kuntz","PIT","LS",2023
"1439","00-0035890",1002,-0.00214272087314095,0.0208910820582838,-0.000194792806649178,"Tershawn Wharton","KC","DL",2023
"1440","00-0035704",972,-0.00215302882972157,0.0224698815107876,-0.000195729893611051,"Drew Lock","SEA","QB",2023
"1441","00-0037393",1621,-0.0021637367014722,0.0227429939328764,-0.000196703336497473,"JoJo Domann","TEN","LB",2023
"1442","00-0036392",1195,-0.00218308206562256,0.0218400160179872,-0.000198462005965687,"Matt Peart","NYG","OL",2023
"1443","00-0034277",566,-0.00218822215032813,0.0208817588150392,-0.000198929286393467,"DeShon Elliott","MIA","DB",2023
"1444","00-0035084",788,-0.00220664763086565,0.0209872577607795,-0.000200604330078695,"Yosh Nijman","GB","OL",2023
"1445","00-0038601",1920,-0.00221274781923941,0.0228130183135248,-0.000201158892658128,"Asim Richards","DAL","OL",2023
"1446","00-0038399",1824,-0.00221285564714634,0.0237210355504464,-0.000201168695195121,"Zaire Barnes","NYJ","LB",2023
"1447","00-0036403",1203,-0.00221380750953402,0.0213779647751946,-0.000201255228139456,"Casey Toohill","WAS","DL",2023
"1448","00-0036716",1322,-0.00222118390131438,0.021169167171355,-0.000201925809210398,"Amen Ogbongbemiga","LAC","LB",2023
"1449","00-0037686",1699,-0.0022394104951494,0.0238973657736743,-0.000203582772286309,"Tucker Addington","WAS","LS",2023
"1450","00-0038953",2045,-0.00224188530105009,0.0227277812429825,-0.000203807754640917,"Dylan Drummond","NYG","WR",2023
"1451","00-0036964",1425,-0.00224712314045661,0.0205971159632968,-0.000204283921859692,"Derrick Barnes","DET","LB",2023
"1452","00-0030869",124,-0.00224999475274159,0.0219546100175714,-0.000204544977521962,"Tyler Larsen","WAS","OL",2023
"1453","00-0038536",1864,-0.00225416400933514,0.0216200933466439,-0.00020492400084865,"Chandler Zavala","CAR","OL",2023
"1454","00-0035630",923,-0.00225481190955658,0.0212147836139957,-0.00020498290086878,"Chris Lindstrom","ATL","OL",2023
"1455","00-0035844",995,-0.00225897028107273,0.0232890085128199,-0.000205360934642975,"Kirk Merritt","NO","WR",2023
"1456","00-0037596",1677,-0.00226623183547198,0.0212883897391456,-0.000206021075951998,"Jack Gibbens","TEN","LB",2023
"1457","00-0037097",1496,-0.00226919110120006,0.022458525143676,-0.000206290100109097,"Trenton Gill","CHI","P",2023
"1458","00-0036903",1381,-0.00227055904594108,0.0222287818660247,-0.000206414458721917,"Bobby Brown III","LA","DL",2023
"1459","00-0033940",515,-0.00227484907219096,0.0221362248416315,-0.000206804461108269,"Jaleel Johnson","TEN","DL",2023
"1460","00-0039076",2110,-0.00227532297077878,0.0216251822114812,-0.000206847542798071,"Nick Hampton","LA","LB",2023
"1461","00-0032890",321,-0.00228272382462898,0.021326138909487,-0.000207520347693544,"James Bradberry","PHI","DB",2023
"1462","00-0035241",833,-0.00228358025426862,0.0229553356171422,-0.000207598204933511,"Joejuan Williams","MIN","DB",2023
"1463","00-0035944",1012,-0.00228815332750336,0.0216084202731463,-0.000208013938863942,"Jonah Williams","LA","DL",2023
"1464","00-0038402",1826,-0.00229522818165223,0.0221339880825527,-0.00020865710742293,"Anders Carlson","GB","K",2023
"1465","00-0036157",1052,-0.00230321599598344,0.0216313716807506,-0.000209383272362131,"Kristian Welch","GB","LB",2023
"1466","00-0033905",497,-0.00230491541079205,0.0212667731252652,-0.000209537764617459,"Larry Ogunjobi","PIT","DL",2023
"1467","00-0031298",152,-0.00230576157273222,0.021675728333688,-0.000209614688430202,"Jimmie Ward","HOU","DB",2023
"1468","00-0029963",82,-0.00230714934029883,0.0217207566063622,-0.000209740849118075,"Christopher Hubbard","TEN","OL",2023
"1469","00-0036183",1064,-0.00231298474729196,0.0231336712236813,-0.000210271340662905,"Kristian Wilkerson","LV","WR",2023
"1470","00-0036563",1259,-0.00231425810196131,0.021839580015209,-0.000210387100178301,"Deommodore Lenoir","SF","DB",2023
"1471","00-0033545",420,-0.00233080044179366,0.0216507087459343,-0.000211890949253969,"Teez Tabor","SEA","DB",2023
"1472","00-0037337",1611,-0.00233595919836919,0.0221228813743601,-0.000212359927124472,"Shaun Jolly","LA","DB",2023
"1473","00-0036204",1073,-0.00233923708070277,0.0218123294036488,-0.000212657916427525,"Lacale London","ATL","DL",2023
"1474","00-0036878",1364,-0.00235024146916314,0.0222551095555905,-0.000213658315378467,"Janarius Robinson","LV","DL",2023
"1475","00-0038862",2022,-0.00235512382648979,0.0225245738864852,-0.000214102166044527,"Elijah Dotson","LAC","RB",2023
"1476","00-0034171",548,-0.00235963411266864,0.0226254725791488,-0.000214512192060785,"Jason Cabinda","DET","RB",2023
"1477","00-0032402",275,-0.00236095350013133,0.0225812613031697,-0.000214632136375575,"Hassan Ridgeway","HOU","DL",2023
"1478","00-0033118",365,-0.00236843132290806,0.021943660037706,-0.000215311938446187,"Kenyan Drake","GB","RB",2023
"1479","00-0036988",1447,-0.00240012527438523,0.0217294158877426,-0.000218193206762294,"Josh Palmer","LAC","WR",2023
"1480","00-0036653",1306,-0.00240884893634377,0.0211753307220798,-0.000218986266940343,"Stone Forsythe","SEA","OL",2023
"1481","00-0037813",1727,-0.00240886999792607,0.0214826617150403,-0.000218988181629643,"Channing Tindall","MIA","LB",2023
"1482","00-0035286",859,-0.00241690997852026,0.0227074807124615,-0.000219719088956387,"Cole Holcomb","PIT","LB",2023
"1483","00-0037506",1648,-0.00242856973778694,0.0230476851421498,-0.00022077906707154,"Cole Fotheringham","LV","TE",2023
"1484","00-0038540",1866,-0.00244077940787651,0.0217234498718805,-0.000221889037079683,"Paris Johnson","ARI","OL",2023
"1485","00-0034726",676,-0.00244078202664757,0.0227730176803393,-0.000221889275149779,"Dallin Leavitt","DEN","DB",2023
"1486","00-0030383",100,-0.00244360244617662,0.0226982757522048,-0.000222145676925147,"Duron Harmon","CLE","DB",2023
"1487","00-0035633",926,-0.00244492930746805,0.0216100657709155,-0.000222266300678914,"Corey Ballentine","GB","DB",2023
"1488","00-0038717",1977,-0.00244771149564029,0.0243032216837826,-0.00022251922687639,"Tanner McCalister","CLE","DB",2023
"1489","00-0038608",1926,-0.00245377259472463,0.0222644794433695,-0.000223070235884057,"Kayshon Boutte","NE","WR",2023
"1490","00-0031256",145,-0.00245746235671099,0.0235811176500211,-0.000223405668791908,"Anthony Barr","MIN","LB",2023
"1491","00-0036643",1300,-0.00247499493009297,0.0221165573131341,-0.000224999539099361,"K.J. Britt","TB","LB",2023
"1492","00-0035500",899,-0.00249117341686782,0.021359793068511,-0.000226470310624347,"Greg Dortch","ARI","WR",2023
"1493","00-0032214",249,-0.00250741763733273,0.0227579465287646,-0.000227947057939339,"Tyler Kroft","MIA","TE",2023
"1494","00-0032951",330,-0.00250821437276017,0.0232443731152208,-0.000228019488432743,"Laquon Treadwell","BAL","WR",2023
"1495","00-0032129",229,-0.00251431005957681,0.0213304658702069,-0.00022857364177971,"Jordan Hicks","MIN","LB",2023
"1496","00-0038591",1910,-0.00252628098708894,0.0225093154254505,-0.000229661907917177,"Mike Morris","SEA","DL",2023
"1497","00-0026625",13,-0.00252639466142351,0.0220310150067615,-0.000229672241947592,"Brian Hoyer","LV","QB",2023
"1498","00-0031503",176,-0.00253570612867312,0.0212359028397339,-0.000230518738970284,"Jameis Winston","NO","QB",2023
"1499","00-0034983",770,-0.00254284798182553,0.0217214352966986,-0.000231167998347776,"Hunter Renfrow","LV","WR",2023
"1500","00-0036442",1230,-0.00254661304195012,0.0214213139678377,-0.00023151027654092,"Joe Burrow","CIN","QB",2023
"1501","00-0031576",186,-0.00255095754536674,0.0228855401696973,-0.000231905231396977,"Za'Darius Smith","CLE","DL",2023
"1502","00-0031039",130,-0.00255185670784797,0.0234727853141203,-0.000231986973440724,"James Ferentz","NE","OL",2023
"1503","00-0038940",2042,-0.00255506591949853,0.0222285014340957,-0.000232278719954412,"Tyler Lacy","JAX","DL",2023
"1504","00-0038596",1915,-0.00256524933526875,0.0215493813173164,-0.000233204485024432,"Antonio Johnson","JAX","DB",2023
"1505","00-0037301",1590,-0.00257496056394801,0.0217734329713227,-0.000234087323995274,"Theo Jackson","MIN","DB",2023
"1506","00-0035696",965,-0.00257628048589563,0.0224839654080054,-0.000234207316899603,"Duke Shelley","LA","DB",2023
"1507","00-0029764",77,-0.00258261214002563,0.0222422661612291,-0.000234782921820512,"Cody Davis","NE","DB",2023
"1508","00-0036860",1351,-0.00258535475859147,0.0226871906704036,-0.000235032250781043,"Jake Funk","DET","RB",2023
"1509","00-0032889",320,-0.00258765349817591,0.0224730017941752,-0.000235241227106901,"A'Shawn Robinson","NYG","DL",2023
"1510","00-0030092",92,-0.00259122402704232,0.0225234722433131,-0.000235565820640211,"Sam Martin","BUF","P",2023
"1511","00-0034818",720,-0.00259612024220249,0.0213044177175566,-0.000236010931109318,"Derrick Nnadi","KC","DL",2023
"1512","00-0036644",1301,-0.00259653378989073,0.0233069457282544,-0.000236048526353703,"Cameron McGrone","IND","LB",2023
"1513","00-0033050",345,-0.00261176225535047,0.0218174780184662,-0.000237432932304588,"Xavien Howard","MIA","DB",2023
"1514","00-0036450",1231,-0.00264131785212348,0.0231382733834602,-0.000240119804738498,"Ke'Shawn Vaughn","NE","RB",2023
"1515","00-0034743",678,-0.00265478767505771,0.0224160254952944,-0.000241344334096156,"Rashaan Evans","DAL","LB",2023
"1516","00-0038603",1922,-0.00266401248252258,0.0227800766334787,-0.000242182952956598,"Robert Beal Jr.","SF","DL",2023
"1517","00-0035330",871,-0.0026649598231361,0.0217624050934695,-0.000242269074830554,"Anthony Pittman","DET","LB",2023
"1518","00-0032975",335,-0.00267554017586476,0.0229023702030805,-0.000243230925078614,"Jonathan Williams","WAS","RB",2023
"1519","00-0036749",1328,-0.00267948136945446,0.0235942079971191,-0.000243589215404951,"Tommy Kraemer","NO","OL",2023
"1520","00-0034929",749,-0.00268089455314524,0.0224431963893283,-0.000243717686649568,"Quinn Bailey","DEN","OL",2023
"1521","00-0038618",1936,-0.00268577287282157,0.0210688428044172,-0.000244161170256506,"Xavier Hutchinson","HOU","WR",2023
"1522","00-0033894",490,-0.00269050198414078,0.0209135335129611,-0.000244591089467344,"Marcus Williams","BAL","DB",2023
"1523","00-0036991",1450,-0.00269258641314902,0.022896073496016,-0.000244780583013547,"Amari Rodgers","IND","WR",2023
"1524","00-0028292",42,-0.00269577738607803,0.0218177424810301,-0.000245070671461639,"Nick Bellore","SEA","LB",2023
"1525","00-0034450",634,-0.00269767944671688,0.023448938838408,-0.000245243586065171,"Greg Joseph","MIN","K",2023
"1526","00-0035632",925,-0.00270035495320908,0.0213288695648181,-0.000245486813928099,"Amani Hooker","TEN","DB",2023
"1527","00-0036935",1403,-0.00270992638487003,0.0221228437079267,-0.000246356944079094,"Kelvin Joseph","KC","DB",2023
"1528","00-0036985",1444,-0.00273661624747344,0.0207772637528938,-0.000248783295224858,"Robert Hainsey","TB","OL",2023
"1529","00-0032109",226,-0.00273993180725114,0.0212458749427788,-0.000249084709750104,"Kwon Alexander","PIT","LB",2023
"1530","00-0032942",327,-0.00275379567496646,0.0221243904570835,-0.000250345061360588,"Kevon Seymour","BAL","DB",2023
"1531","00-0036527",1248,-0.00275901412273738,0.0221192743317095,-0.000250819465703398,"D.J. Turner","LV","WR",2023
"1532","00-0033347",399,-0.00276010253078556,0.0237285508730342,-0.000250918411889596,"Josh Tupou","CIN","DL",2023
"1533","00-0037184",1513,-0.00277460140680476,0.0230303131839132,-0.000252236491527706,"Josh Ross","BAL","LB",2023
"1534","00-0037563",1668,-0.00277991351171822,0.022534790266238,-0.000252719410156202,"Malik Davis","DAL","RB",2023
"1535","00-0036968",1428,-0.00279463311733176,0.0224221496062808,-0.000254057556121069,"Brady Christensen","CAR","OL",2023
"1536","00-0037743",1705,-0.00279921920665142,0.0218917971395302,-0.000254474473331947,"Dax Hill","CIN","DB",2023
"1537","00-0037741",1703,-0.00280230542145068,0.0217269990750155,-0.000254755038313698,"Jahan Dotson","WAS","WR",2023
"1538","00-0036327",1150,-0.00281400851072305,0.0203140750817892,-0.000255818955520277,"Ezra Cleveland","JAX","OL",2023
"1539","00-0034750",681,-0.00281837172799536,0.0217505374727676,-0.000256215611635942,"Rashaad Penny","PHI","RB",2023
"1540","00-0038040",1757,-0.00284748048576554,0.0223562365039945,-0.000258861862342322,"Zamir White","LV","RB",2023
"1541","00-0036354",1170,-0.00285403216863028,0.022911338489461,-0.00025945746987548,"Kyle Hinton","ATL","OL",2023
"1542","00-0033892",488,-0.00285533556369296,0.0220690329601804,-0.000259575960335723,"Marcus Maye","NO","DB",2023
"1543","00-0037292",1583,-0.00286222934060084,0.021903298352356,-0.000260202667327349,"Andrew Ogletree","IND","TE",2023
"1544","00-0036945",1412,-0.00288014198178959,0.021676623004747,-0.000261831089253599,"Justin Fields","CHI","QB",2023
"1545","00-0036213",1075,-0.00288505317608487,0.0213741694265706,-0.000262277561462261,"Raekwon Davis","MIA","DL",2023
"1546","00-0038983",2057,-0.00289174526334679,0.023232414076536,-0.000262885933031526,"BJ Thompson","KC","DL",2023
"1547","00-0036510",1245,-0.00290088756777934,0.0227661431907136,-0.000263717051616304,"Kenny Yeboah","NYJ","TE",2023
"1548","00-0036752",1329,-0.00290224464920638,0.0219860413694007,-0.000263840422655126,"A.J. Parker","CAR","DB",2023
"1549","00-0036844",1343,-0.00292001888266767,0.0223511691961307,-0.000265456262060697,"Garret Wallow","TEN","LB",2023
"1550","00-0036970",1429,-0.00292595334955411,0.021486733271715,-0.000265995759050374,"Kyle Pitts","ATL","TE",2023
"1551","00-0036294",1130,-0.00292820562112085,0.0214799668796773,-0.000266200511010986,"Logan Wilson","CIN","LB",2023
"1552","00-0038091",1765,-0.00293846105935756,0.0226050985610563,-0.00026713282357796,"J.T. Woods","LAC","DB",2023
"1553","00-0038505",1858,-0.00294841494931537,0.0215411636680292,-0.000268037722665034,"Tavius Robinson","BAL","LB",2023
"1554","00-0038506",1859,-0.00295713746252973,0.0236312699979748,-0.000268830678411794,"Jordon Riley","NYG","DL",2023
"1555","00-0037827",1739,-0.00297101559871152,0.024484381329517,-0.000270092327155592,"Tyrion Davis-Price","SF","RB",2023
"1556","00-0038600",1919,-0.00297178716465508,0.0206976821951951,-0.000270162469514099,"Owen Pappoe","ARI","LB",2023
"1557","00-0030578",113,-0.00297941401148099,0.0214148564057743,-0.000270855819225544,"Cordarrelle Patterson","ATL","RB",2023
"1558","00-0035973",1016,-0.0029972716362701,0.0209843382877955,-0.000272479239660918,"Patrick Taylor","GB","RB",2023
"1559","00-0037247",1543,-0.00300090434387938,0.0217397370405007,-0.000272809485807216,"George Pickens","PIT","WR",2023
"1560","00-0038809",2001,-0.00300141127875143,0.0226718290310797,-0.000272855570795585,"Ben Sims","GB","TE",2023
"1561","00-0031587",192,-0.00300638863184665,0.0224987307823722,-0.000273308057440604,"Bobby McCain","NYG","DB",2023
"1562","00-0038487",1850,-0.00301474906361074,0.0217944931688922,-0.000274068096691885,"Eli Ricks","PHI","DB",2023
"1563","00-0035248",839,-0.00301899705722499,0.0219603797241604,-0.000274454277929544,"Zach Allen","DEN","DL",2023
"1564","00-0030874",125,-0.00302806088829098,0.0223578378361962,-0.000275278262571908,"Damien Williams","ARI","RB",2023
"1565","00-0033445",406,-0.00302903185625808,0.0206173676033999,-0.000275366532387098,"Nicholas Morrow","PHI","LB",2023
"1566","00-0033716",448,-0.00304656555720672,0.0226494495444089,-0.000276960505200611,"Calvin Munson","MIA","LB",2023
"1567","00-0034540",652,-0.0030602203727082,0.0204668588059652,-0.000278201852064382,"Tony Brown","IND","DB",2023
"1568","00-0037249",1545,-0.00308570746208927,0.0219276701961964,-0.000280518860189934,"Nik Bonitto","DEN","LB",2023
"1569","00-0034115",538,-0.00309930157122322,0.0210646560930033,-0.00028175468829302,"Jeff Wilson","MIA","RB",2023
"1570","00-0037491",1644,-0.00310906990315563,0.0230195978351032,-0.000282642718468694,"J.J. Russell","TB","LB",2023
"1571","00-0038609",1927,-0.00312788772927185,0.0222009060881943,-0.000284353429933804,"Luke Wypler","CLE","OL",2023
"1572","00-0038938",2040,-0.00313377069387007,0.021414530504192,-0.000284888244897279,"Jalin Hyatt","NYG","WR",2023
"1573","00-0033854",462,-0.00313595826576027,0.0220807617356559,-0.000285087115069115,"Dare Ogunbowale","HOU","RB",2023
"1574","00-0037826",1738,-0.00314398893227706,0.0225055226365833,-0.000285817175661551,"Drake Jackson","SF","DL",2023
"1575","00-0035643",932,-0.00314791970687929,0.0218851942378619,-0.000286174518807208,"Jeffery Simmons","TEN","DL",2023
"1576","00-0038647",1958,-0.00314899837366437,0.022195916317353,-0.000286272579424034,"Ronnie Bell","SF","WR",2023
"1577","00-0031288",150,-0.00315464143853965,0.0227783588489538,-0.000286785585321786,"AJ McCarron","CIN","QB",2023
"1578","00-0038403",1827,-0.00315480427977164,0.0212426008389082,-0.000286800389070149,"Tre Hawkins","NYG","DB",2023
"1579","00-0038801",1999,-0.0031553071045655,0.021733995424254,-0.000286846100415046,"Andre Carter","MIN","LB",2023
"1580","00-0035414",893,-0.00315893556357122,0.0226915301570089,-0.000287175960324656,"Jalen Guyton","LAC","WR",2023
"1581","00-0037557",1665,-0.00315957408452941,0.0219565706356388,-0.000287234007684492,"Ronnie Rivers","LA","RB",2023
"1582","00-0036888",1372,-0.0031662267895497,0.0224171707610992,-0.000287838799049972,"Damar Hamlin","BUF","DB",2023
"1583","00-0036328",1151,-0.00317791996051028,0.0225742560387812,-0.000288901814591844,"Antonio Gibson","WAS","RB",2023
"1584","00-0034445",632,-0.00319648595126111,0.0214749438975256,-0.000290589631932828,"Nick Gates","WAS","OL",2023
"1585","00-0031610",197,-0.0031985682993741,0.0215661722464429,-0.000290778936306736,"Darren Waller","NYG","TE",2023
"1586","00-0038934",2036,-0.00320791622969721,0.0206764423827894,-0.000291628748154292,"Anton Harrison","JAX","OL",2023
"1587","00-0030649",116,-0.00321296226809807,0.0225325227595563,-0.000292087478918006,"Jonotthan Harrison","MIA","OL",2023
"1588","00-0036502",1243,-0.00321655265984754,0.0219088421156339,-0.000292413878167959,"Jason Pinnock","NYG","DB",2023
"1589","00-0037208",1524,-0.00322029608552925,0.021112921442044,-0.000292754189593568,"Jack Cochrane","KC","LB",2023
"1590","00-0036648",1304,-0.00324804215536229,0.0219251387460637,-0.00029527655957839,"Nick Niemann","LAC","LB",2023
"1591","00-0026158",8,-0.00325489314294868,0.0229259457308367,-0.000295899376631698,"Joe Flacco","CLE","QB",2023
"1592","00-0034515",648,-0.00325517381836214,0.0208563156820053,-0.000295924892578377,"Dee Delaney","TB","DB",2023
"1593","00-0039134",2118,-0.00326491665793542,0.0224254910901397,-0.000296810605266856,"Tre Tomlinson","LA","DB",2023
"1594","00-0039071",2106,-0.003270230167232,0.0211234747708082,-0.000297293651566546,"Tyrique Stevenson","CHI","DB",2023
"1595","00-0035903",1005,-0.00327629939434295,0.0226695841601235,-0.000297845399485722,"Joe Gaziano","ATL","DL",2023
"1596","00-0039009",2074,-0.00328224421822219,0.0210407084269408,-0.000298385838020199,"Dylan Horton","HOU","DL",2023
"1597","00-0036922",1394,-0.00328260106271701,0.0223526541997337,-0.000298418278428819,"Patrick Johnson","PHI","LB",2023
"1598","00-0037823",1736,-0.00329395400765829,0.0217239811776544,-0.000299450364332572,"Christian Harris","HOU","LB",2023
"1599","00-0030140",96,-0.00330879323489879,0.0215237566060896,-0.000300799384990799,"Tress Way","WAS","P",2023
"1600","00-0032939",326,-0.00330991787777087,0.021009625569471,-0.000300901625251897,"Vonn Bell","CAR","DB",2023
"1601","00-0033523",414,-0.00331382657749254,0.0221954577492962,-0.000301256961590231,"Jonathan Allen","WAS","DL",2023
"1602","00-0037057",1474,-0.0033184800782307,0.0219460616669536,-0.000301680007111881,"Keir Thomas","LA","LB",2023
"1603","00-0036145",1048,-0.0033219241094901,0.0218402947512884,-0.000301993100862736,"Lawrence Cager","NYG","TE",2023
"1604","00-0038731",1981,-0.00332711585035073,0.0223817088246863,-0.000302465077304612,"TJ Bass","DAL","OL",2023
"1605","00-0039018",2077,-0.00334984577226098,0.020208091718928,-0.000304531433841907,"Jack Campbell","DET","LB",2023
"1606","00-0034500",645,-0.00335360681059308,0.0227878202642049,-0.000304873346417553,"Tae Davis","CAR","LB",2023
"1607","00-0031500",175,-0.00335401512385465,0.0231874493829744,-0.000304910465804968,"Efe Obada","WAS","DL",2023
"1608","00-0036273",1114,-0.00335655135745654,0.0228907183068648,-0.000305141032496049,"Jake Hanson","NYJ","OL",2023
"1609","00-0032436",282,-0.00335815428800854,0.0228179680581789,-0.000305286753455321,"Jeff Driskel","CLE","QB",2023
"1610","00-0034401",617,-0.00336401626358534,0.023420852198624,-0.00030581966032594,"Mike White","MIA","QB",2023
"1611","00-0038152",1807,-0.00338395396016696,0.0230504269714263,-0.000307632178196996,"Lucas Havrisik","LA","K",2023
"1612","00-0032497",292,-0.00338627200557428,0.0228287599308032,-0.000307842909597662,"Reid Ferguson","BUF","LS",2023
"1613","00-0036289",1125,-0.00339531660240683,0.0225376067980182,-0.000308665145673348,"Ross Blacklock","TEN","DL",2023
"1614","00-0029193",51,-0.00339741186288049,0.0223634623969549,-0.000308855623898226,"Bruce Irvin","MIA","LB",2023
"1615","00-0038742",1985,-0.00340884144133413,0.0216402324114022,-0.000309894676484921,"Tyrus Wheat","DAL","DL",2023
"1616","00-0038640",1952,-0.00341731075867687,0.0225427848098662,-0.00031066461442517,"Jalen Brooks","DAL","WR",2023
"1617","00-0036616",1276,-0.00342834101445017,0.0221104815585012,-0.000311667364950016,"Christian Darrisaw","MIN","OL",2023
"1618","00-0032134",231,-0.00343424341841718,0.0225284869189848,-0.000312203947128834,"C.J. Uzomah","NYJ","TE",2023
"1619","00-0035301",866,-0.00345012321770075,0.0225225562453541,-0.000313647565245522,"Donovan Wilson","DAL","DB",2023
"1620","00-0036233",1087,-0.00346337471518027,0.021126819034342,-0.00031485224683457,"Donovan Peoples-Jones","DET","WR",2023
"1621","00-0031898",209,-0.0034676064507229,0.02140047996945,-0.000315236950065718,"Alex Singleton","DEN","LB",2023
"1622","00-0036954",1418,-0.00347416715338898,0.0217834059597019,-0.000315833377580816,"Levi Onwuzurike","DET","DL",2023
"1623","00-0031095",134,-0.00348654215476376,0.0213877987396969,-0.000316958377705797,"Charles Leno","WAS","OL",2023
"1624","00-0032162",239,-0.00350266620574091,0.023129289367395,-0.000318424200521901,"T.Y. McGill","SF","DL",2023
"1625","00-0036842",1341,-0.00350479420285482,0.0221697214529635,-0.000318617654804984,"Kene Nwangwu","MIN","RB",2023
"1626","00-0033928",510,-0.00351386187700786,0.0222943601932115,-0.000319441988818896,"Jourdan Lewis","DAL","DB",2023
"1627","00-0034673",667,-0.00351942405820541,0.0214967613447257,-0.000319947641655037,"Tremaine Edmunds","CHI","LB",2023
"1628","00-0036972",1431,-0.00353388760532589,0.0219795364937994,-0.000321262509575081,"Mac Jones","NE","QB",2023
"1629","00-0034485",639,-0.00353706118058513,0.0206009770454838,-0.00032155101641683,"Jonathan Owens","GB","DB",2023
"1630","00-0034371",600,-0.0035458072431272,0.0225875959072721,-0.000322346113011563,"Da'Shawn Hand","MIA","DL",2023
"1631","00-0035164",808,-0.00355766464137659,0.0214710517394569,-0.000323424058306963,"Cody Thompson","SEA","WR",2023
"1632","00-0034830",725,-0.00355977938526403,0.0217428726447266,-0.000323616307751275,"Hayden Hurst","CAR","TE",2023
"1633","00-0035341",873,-0.00356632698742545,0.0223379684544773,-0.000324211544311405,"Trenton Irwin","CIN","WR",2023
"1634","00-0034193",553,-0.00357680083460788,0.0220804759085854,-0.00032516371223708,"Kevin Rader","TEN","TE",2023
"1635","00-0034438",631,-0.00359187409554738,0.0228288341407335,-0.000326534008686125,"Logan Woodside","ATL","QB",2023
"1636","00-0037844",1753,-0.00361111015278124,0.0214999730889934,-0.000328282741161931,"Russ Yeast","LA","DB",2023
"1637","00-0037120",1500,-0.00362503370688293,0.022441668123955,-0.000329548518807539,"Tyler Goodson","IND","RB",2023
"1638","00-0038407",1830,-0.00363029884678571,0.0212041413268285,-0.00033002716788961,"Jaylon Jones","IND","DB",2023
"1639","00-0035686",959,-0.00363847513456725,0.0220124560983906,-0.000330770466778841,"Michael Deiter","HOU","OL",2023
"1640","00-0035645",934,-0.00364743312572436,0.0236497801245362,-0.000331584829611305,"Gunner Olszewski","NYG","WR",2023
"1641","00-0035355",877,-0.00364842410504517,0.0226334028800219,-0.00033167491864047,"Blake Hance","JAX","OL",2023
"1642","00-0037832",1743,-0.0036579099573482,0.0231179907206496,-0.000332537268849836,"Kalia Davis","SF","DL",2023
"1643","00-0034844",736,-0.00366803090418225,0.0210329225507107,-0.000333457354925659,"Saquon Barkley","NYG","RB",2023
"1644","00-0037011",1468,-0.00368248167044443,0.0225760594069137,-0.000334771060949494,"Tre' McKitty","BUF","TE",2023
"1645","00-0033831",461,-0.00368629792137744,0.0215665153495656,-0.000335117992852495,"Andrew Wylie","WAS","OL",2023
"1646","00-0036677",1314,-0.00369238444532856,0.023287868461317,-0.000335671313211687,"Zayne Anderson","GB","DB",2023
"1647","00-0034465",636,-0.00369522432954911,0.0228271136291814,-0.000335929484504465,"Jeremy Reaves","WAS","DB",2023
"1648","00-0036345",1165,-0.00372301990690592,0.0207279453964851,-0.000338456355173265,"K.J. Osborn","MIN","WR",2023
"1649","00-0037756",1714,-0.00375659376150845,0.0220832464516773,-0.000341508523773496,"Travis Jones","BAL","DL",2023
"1650","00-0036297",1131,-0.0037660816082197,0.0223794349695947,-0.0003423710552927,"Darrynton Evans","MIA","RB",2023
"1651","00-0038099",1772,-0.00377052099941031,0.0223217632155027,-0.000342774636310028,"Phidarian Mathis","WAS","DL",2023
"1652","00-0034073",532,-0.00377364022547113,0.0212854196164607,-0.000343058202315558,"Ross Dwelley","SF","TE",2023
"1653","00-0035216",817,-0.00378345102118803,0.0229008431710171,-0.000343950092835276,"Diontae Johnson","PIT","WR",2023
"1654","00-0038100",1773,-0.00378492502410969,0.0209949015279346,-0.000344084093100881,"Percy Butler","WAS","DB",2023
"1655","00-0033051",346,-0.0037941418693325,0.0220451560620453,-0.000344921988121137,"David Onyemata","ATL","DL",2023
"1656","00-0037306",1594,-0.00381962259342953,0.0228703700305874,-0.000347238417584502,"John FitzPatrick","ATL","TE",2023
"1657","00-0033913",502,-0.0038253426398744,0.022500852301862,-0.000347758421806763,"Chris Wormley","CAR","DL",2023
"1658","00-0038578",1898,-0.00382955572094224,0.0228927906972433,-0.000348141429176567,"Jay Ward","MIN","DB",2023
"1659","00-0033659",442,-0.00383320150427196,0.0218457948826697,-0.000348472864024724,"Joseph Jones","TEN","LB",2023
"1660","00-0033876",475,-0.00384380592427606,0.0226403443178958,-0.000349436902206915,"Derek Barnett","HOU","DL",2023
"1661","00-0036569",1264,-0.00384631999266295,0.02228684226736,-0.00034966545387845,"Gary Brightwell","NYG","RB",2023
"1662","00-0037236",1532,-0.00384864901884969,0.0219138842709521,-0.00034987718353179,"Aidan Hutchinson","DET","DL",2023
"1663","00-0038542",1868,-0.00386867605212839,0.0209886435189649,-0.000351697822920763,"Bijan Robinson","ATL","RB",2023
"1664","00-0032165",241,-0.00388857605126116,0.0216496358100808,-0.000353506913751015,"Marcus Peters","LV","DB",2023
"1665","00-0026858",14,-0.00390256110179464,0.0231964722575421,-0.000354778281981331,"Graham Gano","NYG","K",2023
"1666","00-0036341",1162,-0.00390259351555068,0.0229308191366002,-0.000354781228686425,"Khalid Kareem","CHI","DL",2023
"1667","00-0038565",1888,-0.00391127510026479,0.0206138664292799,-0.000355570463660436,"Mekhi Blackmon","MIN","DB",2023
"1668","00-0037277",1570,-0.00391799570816516,0.0227637270724803,-0.000356181428015015,"Teagan Quitoriano","HOU","TE",2023
"1669","00-0037304",1593,-0.00392652647452405,0.0209861776573378,-0.000356956952229459,"Connor Heyward","PIT","TE",2023
"1670","00-0036638",1297,-0.00395813480292263,0.0214577631257767,-0.00035983043662933,"Darrick Forrest","WAS","DB",2023
"1671","00-0034842",734,-0.00396952716793094,0.0215499260875983,-0.00036086610617554,"Taven Bryan","IND","DL",2023
"1672","00-0035062",785,-0.00397210581732339,0.0218694298798555,-0.000361100528847581,"Sam Mustipher","BAL","OL",2023
"1673","00-0037323",1607,-0.00398682198525753,0.0205256355684635,-0.000362438362296139,"Rodney Thomas","IND","DB",2023
"1674","00-0035708",975,-0.00399629364054888,0.0226310163615382,-0.00036329942186808,"Oshane Ximines","NYG","LB",2023
"1675","00-0038583",1903,-0.00399700329777169,0.0219567982949361,-0.000363363936161062,"Dorian Thompson-Robinson","CLE","QB",2023
"1676","00-0035382",884,-0.00401490289782795,0.0217817733648777,-0.000364991172529814,"Ryan Bates","BUF","OL",2023
"1677","00-0033872",471,-0.00403448455200482,0.0216821440297149,-0.000366771322909529,"Jamal Adams","SEA","DB",2023
"1678","00-0038936",2038,-0.00403561517791233,0.0217820123415169,-0.000366874107082939,"Juice Scruggs","HOU","OL",2023
"1679","00-0031067",133,-0.00403651718355073,0.0220695702415467,-0.000366956107595521,"Cameron Fleming","DEN","OL",2023
"1680","00-0034575",656,-0.00403827187417945,0.0219925258219707,-0.000367115624925405,"David Wells","TB","TE",2023
"1681","00-0033945",518,-0.00403921691343515,0.0218527789079127,-0.000367201537585014,"Samson Ebukam","IND","DL",2023
"1682","00-0038807",2000,-0.00406111555652999,0.0213626571898002,-0.000369192323320908,"Ivan Pace","MIN","LB",2023
"1683","00-0033307",394,-0.00406423424636451,0.0221145586098478,-0.000369475840578592,"Kendrick Bourne","NE","WR",2023
"1684","00-0039140",2124,-0.00406925142431938,0.022289353633669,-0.000369931947665398,"Kelee Ringo","PHI","DB",2023
"1685","00-0037242",1538,-0.00407688875517373,0.021979756808829,-0.000370626250470339,"Kaiir Elam","BUF","DB",2023
"1686","00-0027881",25,-0.00409371199023587,0.0214077096836784,-0.000372155635475989,"Jerry Hughes","HOU","DL",2023
"1687","00-0037273",1567,-0.00410557665513349,0.0220685002598353,-0.000373234241375772,"Kyle Philips","TEN","WR",2023
"1688","00-0036705",1321,-0.00413953367389978,0.0227397446041167,-0.000376321243081798,"Sam Kamara","CLE","LB",2023
"1689","00-0034112",536,-0.00414925314128616,0.0222691861365351,-0.000377204831026014,"Austin Schlottmann","MIN","OL",2023
"1690","00-0035249",840,-0.0041614234242737,0.0209062432061876,-0.000378311220388518,"Josh Oliver","MIN","TE",2023
"1691","00-0033765",453,-0.00417472912574468,0.0221707548823983,-0.000379520829613153,"Dylan Cole","CHI","LB",2023
"1692","00-0033543",419,-0.0041849764767058,0.0219484161403036,-0.000380452406973255,"Sidney Jones","CIN","DB",2023
"1693","00-0037539",1660,-0.00418848305972866,0.0236346111025345,-0.00038077118724806,"Lucas Krull","DEN","TE",2023
"1694","00-0038821",2006,-0.00421078060104489,0.0221254082949178,-0.000382798236458627,"Rakim Jarrett","TB","WR",2023
"1695","00-0033063",350,-0.00421324046070002,0.0224137034993358,-0.000383021860063638,"Zach Wood","NO","LS",2023
"1696","00-0037205",1522,-0.00423579208311823,0.0229033559382717,-0.000385072007556203,"Brenden Schooler","NE","DB",2023
"1697","00-0034125",540,-0.00423952592941258,0.0223881798385324,-0.000385411448128417,"Kendal Vickers","ARI","DL",2023
"1698","00-0034431",627,-0.00428219434684591,0.021659020000543,-0.00038929039516781,"Zaire Franklin","IND","LB",2023
"1699","00-0038572",1893,-0.0042908732277581,0.0216046769739402,-0.000390079384341645,"Cameron Young","SEA","DL",2023
"1700","00-0038906",2029,-0.00430874019325834,0.0224053208799563,-0.000391703653932576,"Lou Hedley","NO","P",2023
"1701","00-0036618",1278,-0.00430885401179362,0.0202713261001638,-0.000391714001072147,"Samuel Cosmi","WAS","OL",2023
"1702","00-0035413",892,-0.00432000859323873,0.0223852383380282,-0.000392728053930794,"Luke Gifford","TEN","LB",2023
"1703","00-0036971",1430,-0.00432057454360692,0.0218127777105458,-0.000392779503964266,"Trevor Lawrence","JAX","QB",2023
"1704","00-0032144",233,-0.00432495521267613,0.0215429381399025,-0.000393177746606921,"Melvin Gordon","BAL","RB",2023
"1705","00-0036269",1111,-0.00433541680218954,0.0223753407706275,-0.000394128800199049,"La'Mical Perine","KC","RB",2023
"1706","00-0034418",622,-0.00433844463537693,0.0215074961028805,-0.000394404057761539,"Ced Wilson","MIA","WR",2023
"1707","00-0036596",1271,-0.00437587769412635,0.0214261943309969,-0.000397807063102395,"Robert Jones","MIA","OL",2023
"1708","00-0034145",541,-0.00437885166132313,0.0223938185215161,-0.000398077423756649,"Chris Lammons","IND","DB",2023
"1709","00-0036309",1140,-0.00438517790907565,0.0218239838463568,-0.000398652537188695,"Darnell Mooney","CHI","WR",2023
"1710","00-0030946",126,-0.00439181054329259,0.0229285396277689,-0.00039925550393569,"Kerry Hyder","HOU","DL",2023
"1711","00-0037633",1690,-0.00440418556233684,0.0219389289813554,-0.000400380505666986,"Jacob Hummel","LA","LB",2023
"1712","00-0035386",887,-0.00441660976864576,0.0215466858765484,-0.000401509978967796,"T.J. Edwards","CHI","LB",2023
"1713","00-0033878",477,-0.00442164490239239,0.0214615616876971,-0.000401967718399309,"Adoree' Jackson","NYG","DB",2023
"1714","00-0036975",1434,-0.00442207034847514,0.0214655411775793,-0.000402006395315922,"Walker Little","JAX","OL",2023
"1715","00-0035238",830,-0.00442501029297234,0.0216674581486091,-0.000402273662997486,"Cody Ford","CIN","OL",2023
"1716","00-0035700",969,-0.00442985109303406,0.0221161146303196,-0.000402713735730369,"Josh Jacobs","LV","RB",2023
"1717","00-0034347",585,-0.00443381262032272,0.0215178439804914,-0.000403073874574793,"James Daniels","PIT","OL",2023
"1718","00-0037255",1551,-0.00444142310821969,0.0217352255814062,-0.000403765737110881,"Dylan Parham","LV","OL",2023
"1719","00-0035117",793,-0.0044459591777738,0.0203480740279747,-0.000404178107070345,"Lester Cotton","MIA","OL",2023
"1720","00-0033888",484,-0.0044564796585537,0.0207289043210177,-0.000405134514413973,"Ryan Ramczyk","NO","OL",2023
"1721","00-0035942",1011,-0.00446864015231569,0.0214289020411876,-0.000406240013846881,"Christian Rozeboom","LA","LB",2023
"1722","00-0037830",1741,-0.00450633554327191,0.0223679312376114,-0.000409666867570174,"Samuel Womack","SF","DB",2023
"1723","00-0037086",1487,-0.00451961143299425,0.0227936782995852,-0.000410873766635841,"Grant Calcaterra","PHI","TE",2023
"1724","00-0038685",1971,-0.00452399113947495,0.0220584093246237,-0.00041127192177045,"Chris Brooks","MIA","RB",2023
"1725","00-0034801",711,-0.00454394914181166,0.0220733559062092,-0.000413086285619242,"Josh Woods","ARI","LB",2023
"1726","00-0032424",280,-0.00454919681991629,0.0210284132737465,-0.000413563347265117,"D.J. Reader","CIN","DL",2023
"1727","00-0039007",2072,-0.00455343400056562,0.0224568324973213,-0.000413948545505965,"Garrett Williams","ARI","DB",2023
"1728","00-0034364",597,-0.00456247181276147,0.0220909478562859,-0.000414770164796497,"Jordan Akins","CLE","TE",2023
"1729","00-0038820",2005,-0.00456465996420388,0.020728377161929,-0.000414969087654899,"Christian Izien","TB","DB",2023
"1730","00-0034368",599,-0.00456624285112407,0.0209964888173789,-0.000415112986465825,"Josey Jewell","DEN","LB",2023
"1731","00-0032432",281,-0.00458195520818111,0.0221442496208096,-0.000416541382561919,"Wes Schweitzer","NYJ","OL",2023
"1732","00-0037587",1672,-0.00458470251904433,0.021967127403269,-0.000416791138094939,"Nate Landman","ATL","LB",2023
"1733","00-0035993",1020,-0.00459046025791322,0.0215322332297955,-0.000417314568901202,"Tyler Huntley","BAL","QB",2023
"1734","00-0037547",1663,-0.00460509619637051,0.0217418786536438,-0.000418645108760955,"Daniel Whelan","GB","P",2023
"1735","00-0037601",1678,-0.00460775190238514,0.0216260865314462,-0.000418886536580467,"Xavier Newman-Johnson","NYJ","OL",2023
"1736","00-0029249",53,-0.00461533726736412,0.0229268265888943,-0.00041957611521492,"Melvin Ingram","MIA","LB",2023
"1737","00-0034407",618,-0.00463254880068921,0.0217795064501835,-0.000421140800062656,"Ray-Ray McCloud","SF","WR",2023
"1738","00-0034158",542,-0.00463304239929859,0.0219363723441381,-0.000421185672663508,"Brian O'Neill","MIN","OL",2023
"1739","00-0037459",1635,-0.00463780401710341,0.0203462367232645,-0.000421618547009401,"Kurt Hinish","HOU","DL",2023
"1740","00-0038852",2018,-0.00465264594473944,0.022702727383044,-0.000422967813158131,"John Ojukwu","TEN","OL",2023
"1741","00-0037809",1723,-0.00466007788949969,0.0210601143050602,-0.000423643444499972,"Chigoziem Okonkwo","TEN","TE",2023
"1742","00-0037136",1505,-0.00467458432120489,0.0227612573311453,-0.000424962211018626,"Mario Goodrich","PHI","DB",2023
"1743","00-0036480",1236,-0.00467467818407643,0.0208113476040924,-0.000424970744006948,"Dayo Odeyingbo","IND","DL",2023
"1744","00-0037267",1561,-0.00468026688221982,0.0210477696701041,-0.00042547880747453,"Jerome Ford","CLE","RB",2023
"1745","00-0035118",794,-0.00469893479814653,0.0223638283747484,-0.000427175890740593,"Matthew Orzech","GB","LS",2023
"1746","00-0038594",1913,-0.00470053609588847,0.022101813747592,-0.000427321463262588,"Darrell Luter Jr.","SF","DB",2023
"1747","00-0038981",2055,-0.00470469560329168,0.0215606611308617,-0.000427699600299244,"Wanya Morris","KC","OL",2023
"1748","00-0035253",842,-0.00470623801305648,0.0216801055948912,-0.000427839819368771,"C.J. Gardner-Johnson","DET","DB",2023
"1749","00-0035928",1008,-0.00470999130619953,0.0229492748670149,-0.000428181027836321,"Eric Banks","ARI","DL",2023
"1750","00-0036938",1406,-0.00471295974891142,0.0215765088950103,-0.000428450886264674,"Rashad Weaver","TEN","LB",2023
"1751","00-0036833",1338,-0.00471928696893442,0.0221663510307692,-0.000429026088084947,"Ryan Neuzil","ATL","OL",2023
"1752","00-0036986",1445,-0.00472745017073435,0.0219505819877834,-0.000429768197339486,"Nahshon Wright","DAL","DB",2023
"1753","00-0039050",2090,-0.00473705801186799,0.0220428415591431,-0.000430641637442545,"Payne Durham","TB","TE",2023
"1754","00-0031279",148,-0.00475813622397088,0.0210353626615286,-0.000432557838542808,"Jake Matthews","ATL","OL",2023
"1755","00-0036875",1361,-0.00476980529523909,0.0217821707633043,-0.000433618663203553,"Rhamondre Stevenson","NE","RB",2023
"1756","00-0036913",1387,-0.00478041090449714,0.0211865803547616,-0.00043458280949974,"Kadarius Toney","KC","WR",2023
"1757","00-0034869",744,-0.00480285076968558,0.0215643849491282,-0.000436622797244144,"Sam Darnold","SF","QB",2023
"1758","00-0026190",10,-0.00480321671804881,0.0209124504377256,-0.000436656065277165,"Calais Campbell","ATL","DL",2023
"1759","00-0039142",2126,-0.0048329102534244,0.0218077556581851,-0.000439355477584037,"Will McDonald","NYJ","LB",2023
"1760","00-0037299",1589,-0.00483998254824181,0.0216013268669057,-0.000439998413476528,"Keaontay Ingram","KC","RB",2023
"1761","00-0030463",105,-0.0048545618869234,0.0226990085436421,-0.000441323807902127,"A.J. Klein","BUF","LB",2023
"1762","00-0035715",978,-0.00485566831342457,0.0231863927656636,-0.000441424392129506,"Derrick Gore","WAS","RB",2023
"1763","00-0033914",503,-0.00490205634218479,0.0212732016940347,-0.000445641485653163,"Alex Anzalone","DET","LB",2023
"1764","00-0029530",61,-0.00490917682387287,0.0209816809298353,-0.00044628880217026,"Justin Bethel","MIA","DB",2023
"1765","00-0034777",696,-0.00491538196148825,0.022521921581886,-0.000446852905589841,"D.J. Chark","CAR","WR",2023
"1766","00-0038598",1917,-0.00492157220506066,0.0228032136965407,-0.000447415655005515,"Jaren Hall","MIN","QB",2023
"1767","00-0036493",1239,-0.00493702656468854,0.0227223308629624,-0.000448820596789867,"Deon Jackson","NYG","RB",2023
"1768","00-0038547",1873,-0.0049404607709013,0.0219960648974519,-0.000449132797354664,"Luke Schoonmaker","DAL","TE",2023
"1769","00-0037257",1553,-0.00494751159211819,0.0219869678139558,-0.000449773781101653,"David Bell","CLE","WR",2023
"1770","00-0036553",1253,-0.00495673479999884,0.0218128068103631,-0.000450612254545349,"Carlos Basham","NYG","LB",2023
"1771","00-0037561",1667,-0.00496298680359324,0.0215604670466369,-0.000451180618508476,"Markquese Bell","DAL","DB",2023
"1772","00-0034320",577,-0.00496673456083333,0.0226896813367674,-0.000451521323712121,"Kentavius Street","ATL","DL",2023
"1773","00-0039156",2138,-0.00496737376660247,0.0210748642556354,-0.000451579433327497,"Julius Brents","IND","DB",2023
"1774","00-0036997",1456,-0.00497635548796068,0.0215079157741133,-0.000452395953450971,"Javonte Williams","DEN","RB",2023
"1775","00-0035961",1015,-0.00498733149173739,0.0211286595819444,-0.000453393771976126,"Krys Barnes","ARI","LB",2023
"1776","00-0038395",1820,-0.00499035784404132,0.0219053032063913,-0.000453668894912847,"Terell Smith","CHI","DB",2023
"1777","00-0034587",658,-0.00502273627628688,0.0227948459847231,-0.000456612388753353,"Abdullah Anderson","WAS","DL",2023
"1778","00-0036397",1199,-0.00504512462385562,0.0225447187176459,-0.000458647693077783,"Shane Lemieux","NYG","OL",2023
"1779","00-0039067",2103,-0.00504615903194323,0.0213028834922707,-0.000458741730176657,"Rashee Rice","KC","WR",2023
"1780","00-0038544",1870,-0.00506012309197348,0.0211255759351797,-0.000460011190179407,"Quentin Johnston","LAC","WR",2023
"1781","00-0038557",1881,-0.00509655118164147,0.0211448232758398,-0.000463322834694679,"Dorian Williams","BUF","LB",2023
"1782","00-0037096",1495,-0.00510591870967012,0.0211195648777884,-0.000464174428151829,"Elijah Hicks","CHI","DB",2023
"1783","00-0039047",2087,-0.00511745950908144,0.0210972848090519,-0.000465223591734676,"Derick Hall","SEA","LB",2023
"1784","00-0037560",1666,-0.00515539295079584,0.0226625019789014,-0.000468672086435986,"Chandler Wooten","CAR","LB",2023
"1785","00-0036187",1065,-0.00517083707018532,0.0219411791890537,-0.000470076097289575,"Reggie Gilliam","BUF","RB",2023
"1786","00-0039048",2088,-0.00517650107500426,0.0222383375006792,-0.000470591006818569,"Matthew Bergeron","ATL","OL",2023
"1787","00-0034966",758,-0.00518094820537559,0.0224771686534889,-0.000470995291397781,"D'Angelo Ross","HOU","DB",2023
"1788","00-0036182",1063,-0.00519954727383966,0.0208398076635593,-0.000472686115803605,"Nick Westbrook-Ikhine","TEN","WR",2023
"1789","00-0036166",1058,-0.00520237824676915,0.0208699689424264,-0.000472943476979014,"Dane Jackson","BUF","DB",2023
"1790","00-0036635",1294,-0.00521390263799277,0.0215761672598768,-0.000473991148908433,"Ihmir Smith-Marsette","CAR","WR",2023
"1791","00-0031608",196,-0.00521582162018215,0.0220285225431661,-0.000474165601834741,"Quandre Diggs","SEA","DB",2023
"1792","00-0038360",1809,-0.00522164748741627,0.02232568210364,-0.000474695226128752,"Alex Ward","LA","LS",2023
"1793","00-0032210",247,-0.00522265586486011,0.0224019968882011,-0.000474786896805465,"Frank Clark","SEA","LB",2023
"1794","00-0034769",692,-0.00523397015395064,0.0222967028408213,-0.000475815468540967,"DeMarquis Gates","CHI","LB",2023
"1795","00-0037238",1534,-0.005251053561811,0.0212709589295974,-0.000477368505619182,"Drake London","ATL","WR",2023
"1796","00-0035166",809,-0.0052637352218972,0.0222127997776901,-0.000478521383808836,"Azeez Al-Shaair","TEN","LB",2023
"1797","00-0034787",702,-0.00527118379881685,0.0220337054259571,-0.000479198527165168,"Chris Board","NE","LB",2023
"1798","00-0034399",616,-0.00527172488114744,0.0213516996610628,-0.000479247716467949,"Wyatt Teller","CLE","OL",2023
"1799","00-0037098",1497,-0.00527837081092893,0.0229365797836782,-0.00047985189190263,"Samori Toure","GB","WR",2023
"1800","00-0033995",527,-0.00527918879305545,0.0223660987199235,-0.000479926253914132,"Michael Dunn","CLE","OL",2023
"1801","00-0032785",317,-0.00529117417045509,0.0219950408297385,-0.000481015833677735,"Halapoulivaati Vaitai","DET","OL",2023
"1802","00-0035125",796,-0.00529274998054732,0.0214876684498391,-0.000481159089140665,"Alec Ingold","MIA","RB",2023
"1803","00-0033925",507,-0.00530262985851662,0.0228891457079536,-0.000482057259865147,"D'Onta Foreman","CHI","RB",2023
"1804","00-0034496",644,-0.00532502592068918,0.0225403952215794,-0.000484093265517199,"Sean Chandler","WAS","DB",2023
"1805","00-0038093",1767,-0.005332446713067,0.0234692493817032,-0.000484767883006091,"Neil Farrell","KC","DL",2023
"1806","00-0036882",1368,-0.00533289068857385,0.0228120312097971,-0.000484808244415805,"Jabril Cox","WAS","LB",2023
"1807","00-0034234",557,-0.00534232963787397,0.0229047557425195,-0.000485666330715815,"Poona Ford","BUF","DL",2023
"1808","00-0036672",1312,-0.00540157796730187,0.0211321818184118,-0.000491052542481988,"Grant Stuard","IND","LB",2023
"1809","00-0038848",2015,-0.00541637296562491,0.021435417730783,-0.000492397542329538,"Anthony Kendall","TEN","DB",2023
"1810","00-0033393",403,-0.00541989763319368,0.0223429828011357,-0.000492717966653971,"Kenny Moore","IND","DB",2023
"1811","00-0033296",390,-0.00542991737066728,0.0225180205520462,-0.000493628851878844,"Alex Armah","WAS","RB",2023
"1812","00-0035567",910,-0.00545435112779221,0.0208463746235184,-0.000495850102526565,"Craig Reynolds","DET","RB",2023
"1813","00-0031585",191,-0.00545880416264385,0.0212635541906661,-0.000496254923876714,"MyCole Pruitt","ATL","TE",2023
"1814","00-0031957",217,-0.00548734515753316,0.0207856528982821,-0.000498849559775742,"Rakeem Nunez-Roches","NYG","DL",2023
"1815","00-0037605",1680,-0.00548787609785843,0.0220638436395391,-0.000498897827078039,"Andrew Rupcich","TEN","OL",2023
"1816","00-0036267",1109,-0.00548997106077183,0.0221363747048728,-0.000499088278251984,"Jedrick Wills","CLE","OL",2023
"1817","00-0038416",1835,-0.00549683313293757,0.0217781809103183,-0.000499712102994324,"Tyson Bagent","CHI","QB",2023
"1818","00-0038635",1950,-0.00550034851408742,0.0209906348895051,-0.000500031683098856,"Andre Jones","WAS","DL",2023
"1819","00-0033156",371,-0.00550254473049993,0.0215502902543622,-0.000500231339136357,"Joey Bosa","LAC","DL",2023
"1820","00-0030411",102,-0.0055071992123395,0.0218098169144725,-0.000500654473849046,"Logan Ryan","SF","DB",2023
"1821","00-0038961",2048,-0.00551255327068628,0.0211295397720241,-0.000501141206426026,"Eric Garror","TEN","DB",2023
"1822","00-0033890",486,-0.00552381945864877,0.0223927527144267,-0.000502165405331706,"Budda Baker","ARI","DB",2023
"1823","00-0036992",1451,-0.0055469250967766,0.0218463397058575,-0.000504265917888782,"Elijah Molden","TEN","DB",2023
"1824","00-0034803",712,-0.00557282624542926,0.020853270188785,-0.000506620567766297,"Joe Noteboom","LA","OL",2023
"1825","00-0036624",1284,-0.0055913637301858,0.0221692805720996,-0.000508305793653254,"Alim McNeill","DET","DL",2023
"1826","00-0034527",651,-0.00559580733861403,0.0215038904486488,-0.000508709758055821,"Ryan Neal","TB","DB",2023
"1827","00-0035713",977,-0.0056130383572308,0.0212761308527479,-0.000510276214293709,"Brian Burns","CAR","LB",2023
"1828","00-0036333",1156,-0.00561490634295092,0.0215597788378881,-0.000510446031177356,"Alex Highsmith","PIT","LB",2023
"1829","00-0031549",179,-0.00561836746167245,0.0211729556524303,-0.000510760678333859,"Nelson Agholor","BAL","WR",2023
"1830","00-0036347",1166,-0.00562328373845053,0.0220634532330222,-0.000511207612586412,"Blake Brandel","MIN","OL",2023
"1831","00-0033662",443,-0.0056468548664065,0.0219052694214691,-0.000513350442400591,"Cooper Rush","DAL","QB",2023
"1832","00-0037258",1554,-0.00568561339349837,0.0206638098134212,-0.000516873944863489,"Dameon Pierce","HOU","RB",2023
"1833","00-0036139",1047,-0.00573148750811246,0.0229338320113396,-0.000521044318919314,"Rico Dowdle","DAL","RB",2023
"1834","00-0036631",1291,-0.00580710618483449,0.0217508785127354,-0.000527918744075863,"Royce Newman","GB","OL",2023
"1835","00-0039032",2083,-0.00581848721463073,0.0217579301058636,-0.000528953383148248,"Tyjae Spears","TEN","RB",2023
"1836","00-0035628",921,-0.00581990399212781,0.0216886697429674,-0.000529082181102528,"D'Ernest Johnson","JAX","RB",2023
"1837","00-0038625",1942,-0.00582124911000289,0.0222907925758293,-0.000529204464545717,"Dee Winters","SF","LB",2023
"1838","00-0029959",81,-0.00582433282404345,0.0221912465483142,-0.000529484802185768,"Carson Tinker","LA","LS",2023
"1839","00-0038663",1966,-0.0058357356861641,0.0209932608796806,-0.000530521426014918,"Starling Thomas","ARI","DB",2023
"1840","00-0027969",33,-0.00584204595962999,0.0206146082243475,-0.00053109508723909,"Cameron Heyward","PIT","DL",2023
"1841","00-0038120",1790,-0.0058909680362262,0.0225692302599583,-0.000535542548747837,"Breece Hall","NYJ","RB",2023
"1842","00-0038489",1852,-0.00589202728007871,0.02242541971136,-0.000535638843643519,"Ben VanSumeren","PHI","LB",2023
"1843","00-0035841",994,-0.00594377548731656,0.0213329865403249,-0.000540343226119687,"Benito Jones","DET","DL",2023
"1844","00-0036754",1330,-0.00598397007566712,0.020885786169202,-0.000543997279606101,"Brock Wright","DET","TE",2023
"1845","00-0034790",704,-0.00598743804406614,0.0216115874684549,-0.000544312549460558,"Derwin James","LAC","DB",2023
"1846","00-0037742",1704,-0.00600125944757261,0.0215694809117064,-0.000545569040688419,"Treylon Burks","TEN","WR",2023
"1847","00-0031557",183,-0.00601315959493352,0.0225548290556648,-0.000546650872266684,"Jordan Phillips","BUF","DL",2023
"1848","00-0036885",1370,-0.00604281374595699,0.0219725675889309,-0.000549346704177908,"Tre Brown","SEA","DB",2023
"1849","00-0031345",156,-0.00605978306889418,0.0223241714914595,-0.000550889369899471,"Jimmy Garoppolo","LV","QB",2023
"1850","00-0032200",244,-0.00609751810456108,0.0212130288830981,-0.000554319827687371,"Ty Montgomery","NE","WR",2023
"1851","00-0035771",987,-0.00609887425833328,0.0211674542401208,-0.000554443114393935,"Mitchell Wilcox","CIN","TE",2023
"1852","00-0036936",1404,-0.00616313922306879,0.0224022888861304,-0.000560285383915344,"Rondale Moore","ARI","WR",2023
"1853","00-0034825",721,-0.00617241125194,0.0213128111171873,-0.000561128295630909,"Arden Key","TEN","LB",2023
"1854","00-0031584",190,-0.00617281721611996,0.0211208357259713,-0.000561165201465451,"Adrian Amos","HOU","DB",2023
"1855","00-0038794",1996,-0.00617845427166075,0.0213927956921399,-0.000561677661060068,"Jaleel McLaughlin","DEN","RB",2023
"1856","00-0034639",663,-0.00619014149991247,0.0214454271218286,-0.00056274013635568,"Mike Ford","CLE","DB",2023
"1857","00-0035099",790,-0.00620009925135758,0.0212593397269489,-0.000563645386487053,"Khari Blasingame","CHI","RB",2023
"1858","00-0032380",261,-0.0062088609225309,0.0213795069904239,-0.000564441902048264,"Laremy Tunsil","HOU","OL",2023
"1859","00-0037081",1483,-0.00622595277076761,0.0214080350658864,-0.000565995706433419,"Braxton Jones","CHI","OL",2023
"1860","00-0036221",1080,-0.00623777256654556,0.0212874181467179,-0.000567070233322324,"Brandon Jones","MIA","DB",2023
"1861","00-0037307",1595,-0.0062481621849036,0.0220463686772242,-0.000568014744082145,"Ja'Sir Taylor","LAC","DB",2023
"1862","00-0027948",31,-0.00625403581266572,0.023591815976622,-0.000568548710242338,"Blaine Gabbert","KC","QB",2023
"1863","00-0038114",1784,-0.00626131130406344,0.0212774441643599,-0.000569210118551222,"Max Mitchell","NYJ","OL",2023
"1864","00-0038492",1854,-0.00626502170698469,0.0216244894109788,-0.000569547427907699,"Jason Brownlee","NYJ","WR",2023
"1865","00-0034623",662,-0.00626777838110295,0.021121511094452,-0.000569798034645722,"Andre Chachere","ARI","DB",2023
"1866","00-0038543",1869,-0.00626971398838446,0.0220029416203463,-0.000569973998944042,"Jaxon Smith-Njigba","SEA","WR",2023
"1867","00-0028986",49,-0.00628555952507577,0.0232744858856355,-0.000571414502279615,"Case Keenum","HOU","QB",2023
"1868","00-0035455",897,-0.00628783783446043,0.0226329640352434,-0.000571621621314585,"Albert Huggins","ATL","DL",2023
"1869","00-0032437",283,-0.00628951044643592,0.0214624500583505,-0.00057177367694872,"Kamu Grugier-Hill","CAR","LB",2023
"1870","00-0035946",1013,-0.00630787461514789,0.0232360843048682,-0.000573443146831626,"Myles Adams","SEA","DL",2023
"1871","00-0036192",1066,-0.00633305210407767,0.0215179515909859,-0.000575732009461606,"A.J. Epenesa","BUF","DL",2023
"1872","00-0038595",1914,-0.00635438668296773,0.0222075562582933,-0.00057767151663343,"Jordan McFadden","LAC","OL",2023
"1873","00-0036260",1103,-0.00636252032314151,0.0223839761025173,-0.00057841093846741,"Javon Kinlaw","SF","DL",2023
"1874","00-0034391",614,-0.00637268479334439,0.0210352269502337,-0.000579334981213126,"Siran Neal","BUF","DB",2023
"1875","00-0026293",11,-0.0063768404717524,0.0224466378719963,-0.000579712770159309,"Matt Slater","NE","WR",2023
"1876","00-0038622",1939,-0.00638212542036971,0.0244459231864894,-0.00058019322003361,"Deuce Vaughn","DAL","RB",2023
"1877","00-0032103",223,-0.0063986327420615,0.0206854004859497,-0.000581693885641954,"Denzel Perryman","HOU","LB",2023
"1878","00-0036942",1409,-0.00640236661368145,0.0213216051585849,-0.000582033328516495,"Osa Odighizuwa","DAL","DL",2023
"1879","00-0037216",1525,-0.00640412582966252,0.022283359921519,-0.000582193257242047,"Justyn Ross","KC","WR",2023
"1880","00-0032790",318,-0.00653888920787684,0.0208008619125055,-0.000594444473443349,"DeAndre Houston-Carson","HOU","DB",2023
"1881","00-0036020",1027,-0.00655261319064039,0.0226961331654264,-0.000595692108240036,"Salvon Ahmed","MIA","RB",2023
"1882","00-0035594",915,-0.00655746705004733,0.0223796206122468,-0.00059613336818612,"Travis Homer","CHI","RB",2023
"1883","00-0032401",274,-0.00656417977491652,0.0206453621462216,-0.000596743615901502,"De'Vondre Campbell","GB","LB",2023
"1884","00-0036334",1157,-0.00658402633928507,0.0222221839893149,-0.000598547849025915,"Saahdiq Charles","WAS","OL",2023
"1885","00-0037451",1633,-0.0065875187197561,0.022788331090671,-0.000598865338159646,"Rod Williams","PIT","TE",2023
"1886","00-0035141",800,-0.00659123213393148,0.0213043984917564,-0.000599202921266498,"Phil Haynes","SEA","OL",2023
"1887","00-0036555",1255,-0.00659761074568261,0.0222187709057727,-0.000599782795062055,"Chuba Hubbard","CAR","RB",2023
"1888","00-0038124",1794,-0.00659824304639839,0.0222260900868324,-0.000599840276945308,"Christian Watson","GB","WR",2023
"1889","00-0032156",238,-0.00661678766369783,0.0220111543190152,-0.000601526151245257,"Trevor Siemian","NYJ","QB",2023
"1890","00-0036630",1290,-0.00662140712286913,0.0230494360349714,-0.000601946102079012,"Tylan Wallace","BAL","WR",2023
"1891","00-0036961",1422,-0.00662709311516943,0.0216247096574529,-0.000602463010469948,"Richie Grant","ATL","DB",2023
"1892","00-0037487",1643,-0.00664126131695412,0.0226286676469373,-0.000603751028814011,"Deven Thompkins","TB","WR",2023
"1893","00-0032768",314,-0.00676708330790419,0.0210178243622225,-0.000615189391627654,"Cody Whitehair","CHI","OL",2023
"1894","00-0034430",626,-0.00680696565396764,0.0217107223757592,-0.000618815059451604,"Andre Smith","ATL","LB",2023
"1895","00-0030968",128,-0.00680889407941058,0.0229709041514573,-0.000618990370855507,"Keith Smith","ATL","RB",2023
"1896","00-0034417",621,-0.00682550993985423,0.0225449045514988,-0.000620500903623112,"Matt Pryor","SF","OL",2023
"1897","00-0036214",1076,-0.00682676432292558,0.0211053351114927,-0.00062061493844778,"Tyre Phillips","NYG","OL",2023
"1898","00-0034365",598,-0.00683414362786169,0.0220996811102608,-0.000621285784351062,"Ian Thomas","CAR","TE",2023
"1899","00-0028171",40,-0.00684282303355283,0.0204635216648488,-0.000622074821232075,"Lawrence Guy","NE","DL",2023
"1900","00-0031595",194,-0.00693990838457147,0.0221420203458676,-0.00063090076223377,"Michael Burton","DEN","RB",2023
"1901","00-0034858",743,-0.00695424158664942,0.0208145291897966,-0.000632203780604493,"Terrell Edmunds","TEN","DB",2023
"1902","00-0036002",1023,-0.00695605673732229,0.0232116651829255,-0.000632368794302026,"Elijah Riley","PIT","DB",2023
"1903","00-0035244",836,-0.00697577772561059,0.0222800151533496,-0.000634161611419144,"Lonnie Johnson","NO","DB",2023
"1904","00-0038581",1901,-0.0069823687656038,0.0221045425489187,-0.000634760796873073,"K.J. Henry","WAS","DL",2023
"1905","00-0033857",464,-0.00700964187631211,0.0219953624562909,-0.000637240170573828,"JuJu Smith-Schuster","NE","WR",2023
"1906","00-0033084",357,-0.00703604192708572,0.0222925110646439,-0.00063964017518961,"Kendall Fuller","WAS","DB",2023
"1907","00-0038835",2011,-0.00705645261825126,0.0232461208680659,-0.000641495692568297,"Joshua Pryor","WAS","DL",2023
"1908","00-0037807",1721,-0.0070573069744348,0.0225688401177466,-0.000641573361312254,"Joshua Ezeudu","NYG","OL",2023
"1909","00-0039063",2099,-0.00707096654980928,0.0212243002647378,-0.000642815140891752,"Calijah Kancey","TB","DL",2023
"1910","00-0038560",1884,-0.00710481015567473,0.0216804068904815,-0.000645891832334067,"Jordan Battle","CIN","DB",2023
"1911","00-0033927",509,-0.00716554112787642,0.0205022872639472,-0.000651412829806947,"John Johnson","LA","DB",2023
"1912","00-0035664",945,-0.00718016294493477,0.0221309108575118,-0.000652742085903161,"Darrell Henderson","LA","RB",2023
"1913","00-0031581",188,-0.00719830575989987,0.0215189843930504,-0.00065439143271817,"Mark Glowinski","NYG","OL",2023
"1914","00-0035140",799,-0.00720586097200744,0.0220136298533972,-0.000655078270182494,"Mecole Hardman","KC","WR",2023
"1915","00-0037525",1656,-0.00721653321824704,0.0209097231870661,-0.000656048474386095,"Jordan Mason","SF","RB",2023
"1916","00-0035853",996,-0.00722163505173928,0.0218045857846601,-0.000656512277430844,"Carter O'Donnell","ARI","OL",2023
"1917","00-0036037",1030,-0.00726915619480269,0.021147481983435,-0.000660832381345699,"Sam Franklin","CAR","DB",2023
"1918","00-0035637",928,-0.00728034578733252,0.0212522294877117,-0.000661849617030229,"Rock Ya-Sin","BAL","DB",2023
"1919","00-0036395",1197,-0.00729853594193072,0.0211862959390552,-0.000663503267448247,"K'Von Wallace","TEN","DB",2023
"1920","00-0033072",353,-0.0073375040321395,0.0217430803102434,-0.000667045821103591,"Leonard Floyd","BUF","DL",2023
"1921","00-0034261",560,-0.00734199135891824,0.0224230389562672,-0.000667453759901658,"Austin Corbett","CAR","OL",2023
"1922","00-0035243",835,-0.00735419322456581,0.0203980774340108,-0.000668563020415073,"Miles Sanders","CAR","RB",2023
"1923","00-0033090",358,-0.00735448858752673,0.0216577506850969,-0.000668589871593339,"Hunter Henry","NE","TE",2023
"1924","00-0034723",675,-0.00737489741963754,0.0229312495738179,-0.000670445219967049,"Nick Thurman","CAR","DL",2023
"1925","00-0038623",1940,-0.0074268448504338,0.0213143097246905,-0.0006751677136758,"Dante Stills","ARI","DL",2023
"1926","00-0034785",701,-0.00745013600526426,0.0217567568548631,-0.00067728509138766,"Mason Cole","PIT","OL",2023
"1927","00-0037129",1502,-0.00746248401055585,0.0213272510006231,-0.000678407637323259,"Josh Blackwell","CHI","DB",2023
"1928","00-0036642",1299,-0.00748390790065831,0.0205777334203512,-0.00068035526369621,"Tedarrell Slaton","GB","DL",2023
"1929","00-0030035",83,-0.00749446055893551,0.0223800770844181,-0.000681314596266864,"Adam Thielen","CAR","WR",2023
"1930","00-0036874",1360,-0.0075043831701325,0.0213334653910878,-0.000682216651830227,"Patrick Surtain","DEN","DB",2023
"1931","00-0033582",436,-0.00752443449546614,0.0221522892236902,-0.000684039499587831,"Jeremiah Ledbetter","JAX","DL",2023
"1932","00-0031596",195,-0.00753917417711258,0.0218550581325625,-0.000685379470646598,"David Mayo","WAS","LB",2023
"1933","00-0029255",54,-0.00760266990728535,0.0212678709455605,-0.000691151809753214,"Bobby Wagner","SEA","LB",2023
"1934","00-0036331",1154,-0.0076406753800428,0.02186693015316,-0.000694606852731163,"Devin Duvernay","BAL","WR",2023
"1935","00-0037493",1645,-0.00764343761554567,0.0217703447229501,-0.000694857965049607,"Mike Brown","TEN","DB",2023
"1936","00-0036236",1089,-0.00766444438946902,0.0221912134435955,-0.000696767671769911,"Nick Harris","CLE","OL",2023
"1937","00-0035672",950,-0.00767756847461176,0.0223188913523894,-0.000697960770419251,"Cody Barton","WAS","LB",2023
"1938","00-0037808",1722,-0.00768204568532155,0.0228964717400209,-0.000698367789574686,"DeAngelo Malone","ATL","LB",2023
"1939","00-0037475",1641,-0.00772414031570797,0.0214439657176623,-0.00070219457415527,"Stone Smartt","LAC","TE",2023
"1940","00-0039135",2119,-0.00778885034180971,0.0228760309837585,-0.000708077303800882,"Ochaun Mathis","LA","LB",2023
"1941","00-0032399",273,-0.00782800940975409,0.0222942306979945,-0.000711637219068553,"Miles Killebrew","PIT","DB",2023
"1942","00-0036424",1220,-0.00783086411318027,0.022081794138849,-0.000711896737561843,"Brycen Hopkins","LA","TE",2023
"1943","00-0032366",258,-0.00783289324305845,0.0220340077406859,-0.000712081203914404,"Tyler Matakevich","BUF","LB",2023
"1944","00-0039030",2081,-0.00786826080122546,0.0216793211092469,-0.000715296436475042,"Jake Andrews","NE","OL",2023
"1945","00-0036418",1215,-0.00790247493105955,0.0211203684453066,-0.000718406811914505,"Zack Baun","NO","LB",2023
"1946","00-0037666",1697,-0.00793341502823636,0.0199174594629782,-0.000721219548021487,"Jalen Tolbert","DAL","WR",2023
"1947","00-0033947",520,-0.00794235561912245,0.0214896148830527,-0.000722032329011131,"Deatrich Wise","NE","DL",2023
"1948","00-0037593",1675,-0.00795670857463601,0.0217872304849397,-0.000723337143148728,"Tre Avery","TEN","DB",2023
"1949","00-0037815",1729,-0.00795838776073525,0.0211807093753717,-0.000723489796430477,"Cameron Thomas","ARI","LB",2023
"1950","00-0030061",84,-0.00798976815578678,0.0220058551981099,-0.00072634255961698,"Zach Ertz","DET","TE",2023
"1951","00-0036349",1168,-0.00800551464263815,0.0220757588147084,-0.00072777405842165,"Kamren Curl","WAS","DB",2023
"1952","00-0038496",1856,-0.00802505976790566,0.0214895374480261,-0.000729550887991423,"Xavier Gipson","NYJ","WR",2023
"1953","00-0037316",1601,-0.00806846226788778,0.0224662367158383,-0.00073349656980798,"Mark Robinson","PIT","LB",2023
"1954","00-0035073",786,-0.00807430619306933,0.0223265219069729,-0.000734027835733575,"Jonathan Harris","DEN","DL",2023
"1955","00-0034337",580,-0.00808253117943237,0.0223100426654223,-0.000734775561766579,"Greg Stroman","CHI","DB",2023
"1956","00-0029672",71,-0.00813171714390322,0.0240350944551509,-0.000739247013082111,"Riley Reiff","NE","OL",2023
"1957","00-0036124",1043,-0.00818494975518188,0.022009937565337,-0.000744086341380171,"Khalil Dorsey","DET","DB",2023
"1958","00-0030585",114,-0.00821166730875028,0.0207952880773718,-0.000746515209886389,"Justin Pugh","NYG","OL",2023
"1959","00-0038627",1944,-0.00823100160929111,0.0227139759426053,-0.000748272873571919,"Antoine Green","DET","WR",2023
"1960","00-0034177",550,-0.00823779963942915,0.0219763093803075,-0.000748890876311741,"Tim Boyle","HOU","QB",2023
"1961","00-0033282",384,-0.00824351469293816,0.021937243666528,-0.000749410426630742,"Curtis Samuel","WAS","WR",2023
"1962","00-0036421",1217,-0.00824361477468039,0.0215640171283364,-0.000749419524970945,"Terrell Burgess","WAS","DB",2023
"1963","00-0039149",2133,-0.00824674195256318,0.0215591318737678,-0.00074970381386938,"Quan Martin","WAS","DB",2023
"1964","00-0034838",733,-0.00830743775832575,0.021448882802138,-0.00075522161439325,"Royce Freeman","LA","RB",2023
"1965","00-0037082",1484,-0.00832822165782184,0.0216229637736285,-0.000757111059801986,"Dominique Robinson","CHI","DL",2023
"1966","00-0029653",70,-0.00832833977657721,0.0224199014243967,-0.000757121797870656,"Fletcher Cox","PHI","DL",2023
"1967","00-0033555",427,-0.00834811838483481,0.021689269972039,-0.000758919853166801,"Mack Hollins","ATL","WR",2023
"1968","00-0037616",1687,-0.00835845764553881,0.0220041498885642,-0.000759859785958074,"Nick Cross","IND","DB",2023
"1969","00-0032763",311,-0.00835991103993721,0.0214342737546745,-0.000759991912721564,"Austin Johnson","LAC","DL",2023
"1970","00-0039003",2068,-0.008373439863561,0.0223457337437674,-0.000761221805778272,"Drew Sanders","DEN","LB",2023
"1971","00-0035860",998,-0.00837830301396611,0.0232830209312807,-0.000761663910360555,"Tony Jones","ARI","RB",2023
"1972","00-0032228",252,-0.00839144891508138,0.0224874429069052,-0.000762858992280125,"Joe Cardona","NE","LS",2023
"1973","00-0033949",522,-0.00840151673470577,0.0201559864388765,-0.000763774248609616,"Joshua Dobbs","MIN","QB",2023
"1974","00-0035300",865,-0.00840479163692178,0.0224843837995701,-0.000764071966992889,"Dennis Daley","ARI","OL",2023
"1975","00-0037745",1707,-0.00840818496875099,0.0219813583017701,-0.000764380451704635,"Velus Jones","CHI","WR",2023
"1976","00-0032933",325,-0.00841846650245922,0.0209045992200336,-0.000765315136587202,"Antonio Hamilton","ARI","DB",2023
"1977","00-0035525",901,-0.00847520526922328,0.0216807524295652,-0.000770473206293026,"Devin Bush","SEA","LB",2023
"1978","00-0027872",24,-0.00852406858469775,0.0210810559129143,-0.000774915325881614,"Kareem Jackson","HOU","DB",2023
"1979","00-0039014",2076,-0.00853584998859129,0.0212059572270522,-0.000775986362599208,"Dawand Jones","CLE","OL",2023
"1980","00-0036862",1352,-0.00853751457420126,0.0217120046325121,-0.000776137688563751,"Ben Skowronek","LA","WR",2023
"1981","00-0033275",381,-0.00855846021991221,0.0229939591216524,-0.000778041838173837,"PJ Walker","CLE","QB",2023
"1982","00-0036416",1213,-0.00865561622966575,0.0209573598719641,-0.000786874202696886,"Kristian Fulton","TEN","DB",2023
"1983","00-0034829",724,-0.00866309120896542,0.0215655599009517,-0.000787553746269583,"Mike Gesicki","NE","TE",2023
"1984","00-0031433",172,-0.00866403762268761,0.023701442904901,-0.000787639783880692,"Billy Turner","NYJ","OL",2023
"1985","00-0035665",946,-0.00873517553620486,0.0223970856574952,-0.000794106866927715,"David Long","GB","DB",2023
"1986","00-0035659",942,-0.00873681979678067,0.0222791232355084,-0.000794256345161879,"Terry McLaurin","WAS","WR",2023
"1987","00-0037078",1480,-0.00874680055046393,0.0228402826410727,-0.000795163686405811,"Cole Turner","WAS","TE",2023
"1988","00-0038667",1967,-0.00876077551225842,0.0225393055961002,-0.000796434137478038,"Elijah Cooks","JAX","WR",2023
"1989","00-0035098",789,-0.00879576663869433,0.0226434505648232,-0.000799615148972212,"Micah Abernathy","ATL","DB",2023
"1990","00-0033073",354,-0.00880595170703628,0.0224368580956851,-0.000800541064276026,"Emmanuel Ogbah","MIA","DL",2023
"1991","00-0036438",1228,-0.00884789229000489,0.0207511883657077,-0.000804353844545899,"Stephen Sullivan","CAR","TE",2023
"1992","00-0038610",1928,-0.00885434342887836,0.0229881044381087,-0.000804940311716214,"Bryce Baringer","NE","P",2023
"1993","00-0037137",1506,-0.00886015206536494,0.0213290111175513,-0.000805468369578631,"Josh Jobe","PHI","DB",2023
"1994","00-0038582",1902,-0.00886741779488362,0.0237069821012064,-0.000806128890443965,"Clayton Tune","ARI","QB",2023
"1995","00-0035703",971,-0.00892106606541062,0.0223174654561915,-0.00081100600594642,"Miles Boykin","PIT","WR",2023
"1996","00-0037667",1698,-0.00893274770140767,0.0211996552111626,-0.000812067972855243,"Kerby Joseph","DET","DB",2023
"1997","00-0038632",1947,-0.00897601962367149,0.0222677245850698,-0.000816001783970135,"Colton Dowell","TEN","WR",2023
"1998","00-0036998",1457,-0.00898695939094312,0.0209441846340476,-0.000816996308267556,"Jevon Holland","MIA","DB",2023
"1999","00-0037241",1537,-0.00900421765229998,0.0216098335390211,-0.00081856524111818,"Trevor Penning","NO","OL",2023
"2000","00-0038984",2058,-0.00900992995012457,0.0211804539650457,-0.000819084540920416,"Kei'Trel Clark","ARI","DB",2023
"2001","00-0039072",2107,-0.009081465137414,0.0210359449952222,-0.000825587739764909,"Jakorian Bennett","LV","DB",2023
"2002","00-0031484",173,-0.00919030314126686,0.0218357335236138,-0.000835482103751533,"Chris Manhertz","DEN","TE",2023
"2003","00-0038592",1911,-0.00919165412998181,0.021666926685078,-0.000835604920907437,"Colby Sorsdal","DET","OL",2023
"2004","00-0034768",691,-0.00925392694065073,0.0221355059783557,-0.000841266085513703,"Chukwuma Okorafor","PIT","OL",2023
"2005","00-0037074",1476,-0.00925836219340214,0.0214158405235029,-0.000841669290309285,"Quay Walker","GB","LB",2023
"2006","00-0034436",629,-0.00926623417429316,0.0206900411674914,-0.000842384924935741,"Will Clapp","LAC","OL",2023
"2007","00-0037569",1669,-0.00934800366459161,0.0225784259615406,-0.000849818514962874,"Peyton Hendershot","DAL","TE",2023
"2008","00-0031428",171,-0.00943204779631974,0.0212653829984119,-0.000857458890574522,"Allen Robinson","PIT","WR",2023
"2009","00-0037841",1751,-0.00943921055491261,0.0217847845461162,-0.000858110050446601,"Quentin Lake","LA","DB",2023
"2010","00-0031933",212,-0.00953632825123957,0.0209088830434388,-0.00086693893193087,"Leonard Williams","SEA","DL",2023
"2011","00-0031404",167,-0.00956476174417192,0.020799028873704,-0.00086952379492472,"Adrian Phillips","NE","DB",2023
"2012","00-0035795",989,-0.00957746814185978,0.0214785042301513,-0.000870678921987253,"James Pierre","PIT","DB",2023
"2013","00-0032071",222,-0.00959158072309348,0.0214666704412939,-0.000871961883917589,"Trenton Brown","NE","OL",2023
"2014","00-0036557",1257,-0.00959494909984561,0.022060996500401,-0.000872268099985965,"Jaylon Moore","SF","OL",2023
"2015","00-0038136",1805,-0.00964653726788394,0.0233082599913846,-0.000876957933443994,"Coby Bryant","SEA","DB",2023
"2016","00-0038541",1867,-0.00966925013132746,0.0215047368181709,-0.000879022739211587,"Tyree Wilson","LV","DL",2023
"2017","00-0035127",797,-0.00969408337939393,0.0216489564554096,-0.00088128030721763,"Andre James","LV","OL",2023
"2018","00-0035020",780,-0.00971742591094109,0.0216488291103621,-0.000883402355540099,"Demetrius Flannigan-Fowles","SF","LB",2023
"2019","00-0036955",1419,-0.00971980358797125,0.0229370311572947,-0.000883618507997386,"Terrace Marshall","CAR","WR",2023
"2020","00-0036293",1129,-0.00975831614883844,0.0213631157167586,-0.000887119649894403,"Jeremy Chinn","CAR","DB",2023
"2021","00-0035668",948,-0.00977942121187846,0.0227754308324579,-0.00088903829198895,"David Edwards","BUF","OL",2023
"2022","00-0030431",103,-0.00981383741214438,0.0212144901364513,-0.000892167037467671,"Robert Woods","HOU","WR",2023
"2023","00-0035710",976,-0.00983917899152992,0.0225189978472224,-0.000894470817411811,"Daniel Jones","NYG","QB",2023
"2024","00-0033869",469,-0.00984164831474746,0.0227538967499616,-0.000894695301340678,"Mitchell Trubisky","PIT","QB",2023
"2025","00-0037279",1572,-0.00988626969062713,0.0220751123876629,-0.000898751790057012,"Marcus McKethan","NYG","OL",2023
"2026","00-0036850",1346,-0.00988983300637936,0.0210812307622262,-0.00089907572785267,"Cam Sample","CIN","DL",2023
"2027","00-0035235",827,-0.0099012643676709,0.0222376115747738,-0.000900114942515536,"Kaleb McGary","ATL","OL",2023
"2028","00-0034955",754,-0.00991277417052312,0.0220957803872476,-0.000901161288229374,"Brett Rypien","NYJ","QB",2023
"2029","00-0032394",270,-0.00991938595338862,0.0226290712772081,-0.000901762359398965,"Nick Vannett","LAC","TE",2023
"2030","00-0036901",1379,-0.00993436558600053,0.0222252830709958,-0.000903124144181866,"Eric Stokes","GB","DB",2023
"2031","00-0036504",1244,-0.00995743621786134,0.0212511901237838,-0.000905221474351031,"Brandin Echols","NYJ","DB",2023
"2032","00-0033439",405,-0.00996790263944813,0.0209269933291041,-0.000906172967222557,"Pharaoh Brown","NE","TE",2023
"2033","00-0035352",876,-0.0100082948750864,0.0211453401482213,-0.000909844988644219,"Tyrel Dodson","BUF","LB",2023
"2034","00-0037083",1485,-0.0100210992661764,0.0207018047941964,-0.000911009024197854,"Kingsley Enagbare","GB","LB",2023
"2035","00-0037007",1464,-0.0100265209495139,0.0212422937538379,-0.00091150190450126,"Patrick Jones","MIN","LB",2023
"2036","00-0033103",361,-0.0100537137371795,0.0219120385820318,-0.000913973976107223,"Artie Burns","SEA","DB",2023
"2037","00-0036262",1105,-0.010155981076142,0.0219653045058597,-0.000923271006921996,"Davon Hamilton","JAX","DL",2023
"2038","00-0038122",1792,-0.010159476826922,0.0219686304045264,-0.000923588802447451,"Desmond Ridder","ATL","QB",2023
"2039","00-0034381",606,-0.010191432578839,0.021624902121548,-0.000926493870803545,"Josh Sweat","PHI","DL",2023
"2040","00-0037804",1719,-0.0102254645344667,0.0215495057670724,-0.000929587684951516,"Zach Carter","CIN","DL",2023
"2041","00-0037089",1489,-0.01025237066767,0.0224138735895732,-0.000932033697060906,"Ja'Tyre Carter","CHI","OL",2023
"2042","00-0038978",2052,-0.0102547890484092,0.022805137633221,-0.00093225354985538,"Byron Young","LV","DL",2023
"2043","00-0034843",735,-0.0103523103280588,0.0220492757467981,-0.000941119120732617,"Mike Hughes","ATL","DB",2023
"2044","00-0033308",395,-0.0103830273855787,0.0223953230846469,-0.000943911580507153,"Matt Breida","NYG","RB",2023
"2045","00-0033699",446,-0.0104734670370427,0.0218867015360228,-0.000952133367003883,"Austin Ekeler","LAC","RB",2023
"2046","00-0038546",1872,-0.0105947441283134,0.0211902482297802,-0.000963158557119403,"Myles Murphy","CIN","DL",2023
"2047","00-0038476",1848,-0.0106170453968729,0.0215083452774888,-0.000965185945170266,"Tommy DeVito","NYG","QB",2023
"2048","00-0037263",1558,-0.0107451655713309,0.0205271810198332,-0.000976833233757356,"Tyler Allgeier","ATL","RB",2023
"2049","00-0037353",1613,-0.0107683247023515,0.0232718103946669,-0.000978938609304678,"Kader Kohou","MIA","DB",2023
"2050","00-0036437",1227,-0.0107766886354621,0.0221569799126205,-0.000979698966860195,"Tremayne Anchrum","LA","OL",2023
"2051","00-0033548",423,-0.0108131591702984,0.0217826049933255,-0.000983014470027125,"Chidobe Awuzie","CIN","DB",2023
"2052","00-0036272",1113,-0.0108159148184458,0.0222523969837431,-0.000983264983495076,"Ben Bartch","SF","OL",2023
"2053","00-0038705",1973,-0.0108857554522308,0.022028787832215,-0.000989614132020982,"Emari Demercado","ARI","RB",2023
"2054","00-0033284",385,-0.0109103454867757,0.0217113375325091,-0.000991849589706883,"Taylor Moton","CAR","OL",2023
"2055","00-0039004",2069,-0.0109258319587131,0.0213636635470483,-0.0009932574507921,"Carter Warren","NYJ","OL",2023
"2056","00-0037229",1530,-0.0109600569910999,0.0206765832804151,-0.000996368817372722,"Ikem Ekwonu","CAR","OL",2023
"2057","00-0035343",874,-0.0110001105842981,0.0214846843745884,-0.00100001005311801,"Jonathan Ledbetter","ARI","DL",2023
"2058","00-0036271",1112,-0.0110188643679889,0.0216448790872746,-0.00100171494254445,"Quez Watkins","PHI","WR",2023
"2059","00-0028002",35,-0.0110645680966153,0.0232761462803501,-0.00100586982696503,"Randall Cobb","NYJ","WR",2023
"2060","00-0035262",848,-0.0110743539072773,0.0215036054722867,-0.00100675944611612,"Drue Tranquill","KC","LB",2023
"2061","00-0034317",576,-0.0110905963521333,0.0217976081174846,-0.00100823603201212,"Keith Kirkwood","NO","WR",2023
"2062","00-0036590",1270,-0.0111391982753143,0.0215609260653641,-0.00101265438866494,"Quintin Morris","BUF","TE",2023
"2063","00-0032062",220,-0.0112648087193509,0.0207836837344871,-0.001024073519941,"Blake Bell","KC","TE",2023
"2064","00-0037819",1733,-0.0112906804042219,0.0211578725404778,-0.0010264254912929,"Leo Chenal","KC","LB",2023
"2065","00-0034397",615,-0.0114444021352983,0.0211694032492938,-0.00104040019411803,"Tim Settle","BUF","DL",2023
"2066","00-0038098",1771,-0.011591366790541,0.0223405973871521,-0.00105376061732191,"Pierre Strong","CLE","RB",2023
"2067","00-0032222",251,-0.011600594413397,0.0214235422593039,-0.001054599492127,"D.J. Humphries","ARI","OL",2023
"2068","00-0038108",1780,-0.0116406541204577,0.0218864752819309,-0.00105824128367798,"Bailey Zappe","NE","QB",2023
"2069","00-0038621",1938,-0.0116814520666792,0.0222442444787642,-0.00106195018787993,"Demario Douglas","NE","WR",2023
"2070","00-0033792",459,-0.0116921762263722,0.0218831926407703,-0.00106292511148838,"Rudy Ford","GB","DB",2023
"2071","00-0031544",177,-0.0116953359586228,0.0209918662156565,-0.0010632123598748,"Amari Cooper","CLE","WR",2023
"2072","00-0036413",1210,-0.0117337969900567,0.0219291770377296,-0.00106670881727788,"Darrell Taylor","SEA","LB",2023
"2073","00-0038643",1954,-0.0117471618380295,0.0233339962546593,-0.00106792380345723,"Brayden Willis","SF","TE",2023
"2074","00-0033246",376,-0.0117502096259671,0.0217005726216877,-0.00106820087508792,"Johnny Mundt","MIN","TE",2023
"2075","00-0037013",1469,-0.0118637060216918,0.0210027412108603,-0.00107851872924471,"Zach Wilson","NYJ","QB",2023
"2076","00-0036032",1028,-0.0120020672109595,0.0222601785959208,-0.00109109701917814,"Sean McKeon","DAL","TE",2023
"2077","00-0037322",1606,-0.0120854616393707,0.021570600766497,-0.00109867833085189,"Thayer Munford","LV","OL",2023
"2078","00-0038569",1892,-0.012102212506803,0.0220682871023916,-0.00110020113698209,"Sidy Sow","NE","OL",2023
"2079","00-0036386",1190,-0.0121393819782908,0.0228492132809664,-0.00110358017984461,"Andrew Thomas","NYG","OL",2023
"2080","00-0039019",2078,-0.0121583576918945,0.021514748767664,-0.00110530524471768,"John Michael Schmitz","NYG","OL",2023
"2081","00-0037311",1597,-0.0122605075469226,0.0220941713124427,-0.00111459159517478,"Ko Kieft","TB","TE",2023
"2082","00-0037095",1494,-0.0123650500000997,0.0218144740743871,-0.00112409545455452,"Christian Holmes","WAS","DB",2023
"2083","00-0035409",891,-0.0123675448126803,0.021988574418771,-0.00112432225569821,"Shy Tuttle","CAR","DL",2023
"2084","00-0035282",858,-0.0123719797048759,0.0214787932372294,-0.00112472542771599,"Easton Stick","LAC","QB",2023
"2085","00-0034488",641,-0.0123740269255843,0.0221202000095999,-0.00112491153868948,"Tavierre Thomas","HOU","DB",2023
"2086","00-0033875",474,-0.012381186749727,0.0208013304114092,-0.00112556243179336,"Haason Reddick","PHI","LB",2023
"2087","00-0034333",579,-0.0123851189736897,0.0217126468014903,-0.00112591990669906,"Daron Payne","WAS","DL",2023
"2088","00-0038738",1984,-0.01242116951067,0.0217572436470364,-0.00112919722824273,"Hunter Luepke","DAL","RB",2023
"2089","00-0035639",929,-0.0126065021850645,0.0222114606412641,-0.00114604565318768,"Parris Campbell","NYG","WR",2023
"2090","00-0039059",2095,-0.0126551966322115,0.021882636580768,-0.00115047242111014,"Ethan Evans","LA","P",2023
"2091","00-0037077",1479,-0.0126624058276487,0.0222405047216577,-0.00115112780251352,"Sam Howell","WAS","QB",2023
"2092","00-0037264",1559,-0.0127133894723433,0.0217140163948153,-0.00115576267930393,"Delarrin Turner-Yell","DEN","DB",2023
"2093","00-0032385",265,-0.0127207479531332,0.0215581728822942,-0.00115643163210302,"Sterling Shepard","NYG","WR",2023
"2094","00-0037079",1481,-0.0127468665033881,0.0207477229483257,-0.00115880604576255,"Tariq Woolen","SEA","DB",2023
"2095","00-0037612",1684,-0.0128645272983688,0.0223685356023374,-0.00116950248166989,"Evan Neal","NYG","OL",2023
"2096","00-0036284",1120,-0.0128815365949513,0.0220818081553109,-0.00117104878135921,"Mekhi Becton","NYJ","OL",2023
"2097","00-0033132",370,-0.0129828175021573,0.0209183386349246,-0.00118025613655975,"Kevin Byard","PHI","DB",2023
"2098","00-0035662",943,-0.0129981861113395,0.022593233749767,-0.00118165328284904,"Marquise Brown","ARI","WR",2023
"2099","00-0034281",569,-0.0130913447919201,0.0216232596512942,-0.00119012225381092,"Bradley Bozeman","CAR","OL",2023
"2100","00-0038979",2053,-0.0130969841621907,0.0216572294413936,-0.00119063492383552,"Cedric Tillman","CLE","WR",2023
"2101","00-0039062",2098,-0.0131382737482712,0.0223156841388476,-0.00119438852257011,"Jonathan Mingo","CAR","WR",2023
"2102","00-0033045",342,-0.0131463157669038,0.0213117493535827,-0.00119511961517307,"Ezekiel Elliott","NE","RB",2023
"2103","00-0037130",1503,-0.0132325311499646,0.021529249922431,-0.00120295737726951,"Reed Blankenship","PHI","DB",2023
"2104","00-0034972",762,-0.0132891427963222,0.0218402119177455,-0.00120810389057474,"Alexander Mattison","MIN","RB",2023
"2105","00-0038555",1880,-0.0132939300146469,0.0235559089429515,-0.00120853909224063,"Tank Bigsby","JAX","RB",2023
"2106","00-0036165",1057,-0.0133959560411732,0.0216236491672776,-0.0012178141855612,"Isaiah Hodgins","NYG","WR",2023
"2107","00-0036727",1323,-0.0134851398233205,0.0217071069540626,-0.00122592180212004,"Adam Prentice","NO","RB",2023
"2108","00-0038775",1991,-0.0137155858306406,0.0224995968565782,-0.00124687143914915,"Nash Jensen","CAR","OL",2023
"2109","00-0032416",279,-0.0137280287057581,0.0208887040201506,-0.00124800260961437,"Quinton Jefferson","NYJ","DL",2023
"2110","00-0038115",1785,-0.0138364986185747,0.0215133510236763,-0.00125786351077952,"Daniel Bellinger","NYG","TE",2023
"2111","00-0033123",368,-0.0138513336852882,0.0217131931005622,-0.00125921215320802,"Yannick Ngakoue","CHI","DL",2023
"2112","00-0039151",2135,-0.0141682512901215,0.0212060949557811,-0.0012880228445565,"Emmanuel Forbes","WAS","DB",2023
"2113","00-0033757",452,-0.0141752180465982,0.0211116351633021,-0.00128865618605438,"Robert Tonyan","CHI","TE",2023
"2114","00-0032543",295,-0.0142407294695345,0.022756613650085,-0.00129461176995768,"Alex Erickson","LAC","WR",2023
"2115","00-0033131",369,-0.0144450719949925,0.0221190562619155,-0.00131318836318114,"Maliek Collins","HOU","DL",2023
"2116","00-0036933",1401,-0.0145545540692694,0.0212340283850824,-0.00132314127902449,"Zaven Collins","ARI","LB",2023
"2117","00-0033885",482,-0.0146903481792912,0.0208655119959232,-0.00133548619811738,"David Njoku","CLE","TE",2023
"2118","00-0034071",531,-0.0147008616945713,0.0212788508612197,-0.00133644197223375,"Danny Johnson","WAS","DB",2023
"2119","00-0037203",1521,-0.0148233428175352,0.0230989271419373,-0.00134757661977593,"LaBryan Ray","CAR","DL",2023
"2120","00-0038586",1906,-0.0148482390493592,0.0204685953853064,-0.00134983991357811,"Atonio Mafi","NE","OL",2023
"2121","00-0038386",1812,-0.0151722180946263,0.0206547856723997,-0.00137929255405694,"Jalen Carter","PHI","DL",2023
"2122","00-0036625",1285,-0.0153233622887714,0.0220206720288223,-0.00139303293534285,"Benjamin St-Juste","WAS","DB",2023
"2123","00-0031852",205,-0.0153909961252191,0.0208507831424188,-0.00139918146592901,"David Andrews","NE","OL",2023
"2124","00-0035705",973,-0.0155982905921656,0.0210701227386426,-0.0014180264174696,"Jalen Thompson","ARI","DB",2023
"2125","00-0037287",1579,-0.0156508307979004,0.0224821374684542,-0.00142280279980912,"Vederian Lowe","NE","OL",2023
"2126","00-0039066",2102,-0.0156575132213457,0.0228294641012521,-0.00142341029284961,"Michael Mayer","LV","TE",2023
"2127","00-0033893",489,-0.0157235890664612,0.0228727163113527,-0.00142941718786011,"Dalvin Cook","BAL","RB",2023
"2128","00-0038935",2037,-0.0157402575865807,0.021607329070874,-0.00143093250787097,"Brenton Strange","JAX","TE",2023
"2129","00-0033948",521,-0.0159265884482369,0.0222148964516934,-0.00144787167711245,"Jamaal Williams","NO","RB",2023
"2130","00-0039145",2129,-0.0159310081180079,0.021072349045678,-0.00144827346527345,"Joe Tippmann","NYJ","OL",2023
"2131","00-0038105",1778,-0.0159933372640043,0.0215541324914923,-0.00145393975127312,"Damarri Mathis","DEN","DB",2023
"2132","00-0036326",1149,-0.016062276957993,0.0216527261459733,-0.00146020699618119,"Chase Claypool","MIA","WR",2023
"2133","00-0039150",2134,-0.0162606305645631,0.0208390148558925,-0.00147823914223301,"Bryce Young","CAR","QB",2023
"2134","00-0034270",562,-0.0163007091726201,0.0221237214791823,-0.00148188265205637,"Tyler Conklin","NYJ","TE",2023
"2135","00-0032197",243,-0.0165335842720097,0.0217097059344932,-0.00150305311563725,"Randy Gregory","SF","LB",2023
"2136","00-0036198",1070,-0.0166739730296726,0.0217223730008223,-0.00151581572997024,"Michael Onwenu","NE","OL",2023
"2137","00-0036980",1439,-0.0171387803203826,0.0221331205650273,-0.0015580709382166,"Elijah Moore","CLE","WR",2023
"2138","00-0038398",1823,-0.0180467342662247,0.0212529752107317,-0.00164061220602043,"Karl Brooks","GB","DL",2023
"2139","00-0031254",144,-0.018497604029463,0.0213271936770193,-0.00168160036631481,"Denico Autry","TEN","DL",2023
"2140","00-0032234",253,-0.019074778052406,0.020109688760968,-0.00173407073203691,"Laken Tomlinson","NYJ","OL",2023
"2141","00-0035862",999,-0.0209919595882699,0.0220842741201902,-0.00190835996256999,"Essang Bassey","LAC","DB",2023
"2142","00-0034521",650,-0.022231845729809,0.0222014444416732,-0.00202107688452809,"Allen Lazard","NYJ","WR",2023
"2143","00-0031547",178,-0.0237422317189304,0.021875220197559,-0.00215838470172094,"DeVante Parker","NE","WR",2023
"2144","00-0037740",1702,-0.0238770859969544,0.0220009234072985,-0.00217064418154131,"Garrett Wilson","NYJ","WR",2023
"2145","00-0036132",1045,-0.0260585891711218,0.0226430693576731,-0.00236896265192016,"Ben Bredeson","NYG","OL",2023
