"","nfl_id","player_idx","apm","apm_sd","apm_per_play","full_name","team","position","season"
"1","00-0033040",1897,0.0276838140757755,0.021434667133622,0.00251671037052504,"Tyreek Hill","KC","WR",2016
"2","00-0031279",1212,0.0231470356634666,0.0195778157124327,0.00210427596940605,"Jake Matthews","ATL","OL",2016
"3","00-0031062",1133,0.022162382329515,0.0199507633265342,0.00201476202995591,"James White","NE","RB",2016
"4","00-0027150",310,0.0216277426088092,0.0201771984790917,0.00196615841898266,"Julian Edelman","NE","WR",2016
"5","00-0028002",478,0.0205177217762724,0.0206740285899431,0.00186524743420659,"Randall Cobb","GB","WR",2016
"6","00-0026997",270,0.0199936988796044,0.0201203976096493,0.00181760898905494,"Alex Mack","ATL","OL",2016
"7","00-0030074",841,0.0196213649743485,0.0194102219230001,0.0017837604522135,"David Bakhtiari","GB","OL",2016
"8","00-0031782",1411,0.0195748072446928,0.020201563179329,0.00177952793133571,"Eli Rogers","PIT","WR",2016
"9","00-0024271",93,0.0193632501395492,0.0199075728019087,0.00176029546723174,"Chris Chester","ATL","OL",2016
"10","00-0027940",436,0.0191663661217037,0.019762230219626,0.00174239692015488,"Von Miller","DEN","LB",2016
"11","00-0026143",169,0.0191286938254055,0.0198501757556579,0.00173897216594595,"Matt Ryan","ATL","QB",2016
"12","00-0029786",783,0.0190994849876973,0.0199874790671484,0.00173631681706339,"Ryan Schraeder","ATL","OL",2016
"13","00-0026194",189,0.01851810666235,0.0207988114960346,0.00168346424203182,"Jason Jones","MIA","DL",2016
"14","00-0031372",1271,0.0184141461875089,0.0211863004092462,0.00167401328977353,"Bradley Roby","DEN","DB",2016
"15","00-0027027",285,0.0175156258642611,0.0195137903894211,0.00159232962402373,"Andy Levitre","ATL","OL",2016
"16","00-0032412",1655,0.0174910964368258,0.0220562724851478,0.00159009967607508,"Dean Lowry","GB","DL",2016
"17","00-0027061",297,0.0171622742588007,0.0196220048411047,0.00156020675080006,"Jared Cook","GB","TE",2016
"18","00-0027944",440,0.0167574716637104,0.0195021777960728,0.00152340651488277,"Julio Jones","ATL","WR",2016
"19","00-0028237",543,0.0165770039268279,0.0188643843304922,0.00150700035698435,"Chris Hogan","NE","WR",2016
"20","00-0031381",1275,0.0164762911674147,0.0204692997466689,0.00149784465158315,"Davante Adams","GB","WR",2016
"21","00-0019596",4,0.01639253619886,0.0195924758904414,0.00149023056353272,"Tom Brady","NE","QB",2016
"22","00-0030443",938,0.0161234480162252,0.0198449683541055,0.00146576800147502,"Levine Toilolo","ATL","TE",2016
"23","00-0023459",54,0.0155780300711791,0.0199710432039445,0.00141618455192537,"Aaron Rodgers","GB","QB",2016
"24","00-0030127",867,0.0154274489469772,0.0201411287432532,0.00140249535881611,"Marcus Cooper","ARI","DB",2016
"25","00-0026345",220,0.0152928215473964,0.0203682769336005,0.00139025650430876,"Pierre Garcon","WAS","WR",2016
"26","00-0032803",1813,0.0150071646144515,0.0204971909336941,0.00136428769222287,"Jalen Mills","PHI","DB",2016
"27","00-0026232",198,0.014910666356809,0.0197999746607282,0.00135551512334628,"Cliff Avril","SEA","DL",2016
"28","00-0031280",1213,0.0147935752685576,0.0210502418829653,0.00134487047895978,"Derek Carr","OAK","QB",2016
"29","00-0027891",428,0.0146634123272555,0.0195550605353911,0.00133303748429596,"Golden Tate","DET","WR",2016
"30","00-0033025",1893,0.0145347692304453,0.0208450143358758,0.00132134265731321,"Jalen Richard","OAK","RB",2016
"31","00-0030663",1032,0.014405077829339,0.0201850705739126,0.00130955252993991,"Willie Snead","NO","WR",2016
"32","00-0022999",40,0.0143640200170354,0.0202883202678506,0.00130582000154867,"John Kuhn","NO","RB",2016
"33","00-0030542",991,0.0139964887006809,0.0199126292312657,0.00127240806369827,"Terrance Williams","DAL","WR",2016
"34","00-0031019",1104,0.0139269929345561,0.0197805125105115,0.00126609026677783,"Corey Linsley","GB","OL",2016
"35","00-0027965",455,0.0138395468944258,0.0196500222228857,0.00125814062676598,"Jimmy Smith","BAL","DB",2016
"36","00-0029000",601,0.0137444184177515,0.0196492656771838,0.00124949258343196,"Cole Beasley","DAL","WR",2016
"37","00-0028224",542,0.0135085446481038,0.0203183578200441,0.00122804951346398,"Chris Harris","DEN","DB",2016
"38","00-0029709",772,0.0132252159528693,0.0206695478321394,0.00120229235935176,"Ty Nsekhe","WAS","OL",2016
"39","00-0030228",884,0.0131789327949324,0.0203105144330866,0.00119808479953931,"A.J. Bouye","HOU","DB",2016
"40","00-0028118",529,0.0131430795622624,0.020200649330309,0.00119482541475113,"Tyrod Taylor","BUF","QB",2016
"41","00-0027653",344,0.0131096938235671,0.0192050661465271,0.00119179034759701,"T.J. Ward","DEN","DB",2016
"42","00-0032392",1636,0.0129631306046108,0.0198467256563789,0.00117846641860098,"Austin Hooper","ATL","TE",2016
"43","00-0026189",187,0.0128974550594468,0.0196404129016845,0.00117249591449516,"DeSean Jackson","WAS","WR",2016
"44","00-0031555",1329,0.0128532872876028,0.020397996108246,0.00116848066250935,"Eric Rowe","NE","DB",2016
"45","00-0031193",1186,0.0127864180299281,0.0213354596869485,0.00116240163908438,"Dan McCullers","PIT","DL",2016
"46","00-0032150",1541,0.0126918447921838,0.0199841959779471,0.00115380407201671,"Steven Nelson","KC","DB",2016
"47","00-0026035",164,0.0125292683551413,0.0195377966055109,0.00113902439592194,"Danny Amendola","NE","WR",2016
"48","00-0027942",438,0.0124807015298187,0.020035507883945,0.00113460922998352,"A.J. Green","CIN","WR",2016
"49","00-0032425",1668,0.012390672376747,0.0204655384594685,0.00112642476152245,"Antwione Williams","DET","LB",2016
"50","00-0031360",1261,0.0123530823980677,0.0198168219273049,0.00112300749073343,"Kyle Van Noy","NE","LB",2016
"51","00-0032400",1644,0.0123298271380835,0.0197510469750944,0.00112089337618941,"Malcolm Mitchell","NE","WR",2016
"52","00-0027902",430,0.0122512254003481,0.0193696033903811,0.00111374776366801,"Dez Bryant","DAL","WR",2016
"53","00-0030431",932,0.0122361913257863,0.0206208983612708,0.00111238102961694,"Robert Woods","BUF","WR",2016
"54","00-0027872",418,0.0121918144449019,0.0209382460926226,0.00110834676771835,"Kareem Jackson","HOU","DB",2016
"55","00-0032958",1866,0.0121803073471207,0.0202112387520569,0.00110730066792007,"Will Parks","DEN","DB",2016
"56","00-0022127",23,0.0121696407160003,0.0198005209198,0.00110633097418185,"Jason Witten","DAL","TE",2016
"57","00-0027875",421,0.0121294250183999,0.020883840142857,0.00110267500167272,"Bryan Bulaga","GB","OL",2016
"58","00-0031731",1400,0.0121155072274144,0.0204289562894737,0.00110140974794676,"Corey Grant","JAX","RB",2016
"59","00-0032117",1519,0.0120976847131439,0.0185783727557269,0.00109978951937672,"Nick O'Leary","BUF","TE",2016
"60","00-0026672",237,0.0119907287743014,0.0207256821202423,0.00109006625220922,"Ramon Humber","BUF","LB",2016
"61","00-0032221",1575,0.0119444509281652,0.0197886378776123,0.00108585917528774,"Shane Ray","DEN","LB",2016
"62","00-0027025",284,0.0119387864436066,0.0198930079975368,0.00108534422214605,"Max Unger","NO","OL",2016
"63","00-0029668",750,0.0117707651922763,0.0205130861476749,0.00107006956293421,"Andrew Luck","IND","QB",2016
"64","00-0027955",448,0.011739264976209,0.0196212570914232,0.00106720590692809,"Nate Solder","NE","OL",2016
"65","00-0027256",322,0.0117299596001062,0.019660134059799,0.00106635996364602,"Darian Stewart","DEN","DB",2016
"66","00-0033077",1919,0.0117161757054838,0.0204313915407355,0.00106510688231671,"Dak Prescott","DAL","QB",2016
"67","00-0032391",1635,0.0116777135085168,0.0194931258303568,0.00106161031895607,"Joe Thuney","NE","OL",2016
"68","00-0027972",459,0.0116761100993252,0.020493165883881,0.00106146455448411,"Aaron Williams","BUF","DB",2016
"69","00-0032262",1598,0.0116692941623323,0.0212861456273381,0.00106084492384839,"Landon Collins","NYG","DB",2016
"70","00-0029606",728,0.011606891179222,0.020493018876454,0.00105517192538382,"Harrison Smith","MIN","DB",2016
"71","00-0031566",1339,0.0114495324281543,0.0203160809864277,0.00104086658437766,"Trey Flowers","NE","DL",2016
"72","00-0028076",510,0.0114240579013831,0.0198717789551956,0.00103855071830755,"Marcus Cannon","NE","OL",2016
"73","00-0028029",490,0.0113819159153156,0.0198345145663147,0.00103471962866506,"Akeem Dent","HOU","LB",2016
"74","00-0031550",1324,0.0113685514891434,0.0206468610209354,0.00103350468083122,"Shaq Thompson","CAR","LB",2016
"75","00-0027696",365,0.0112342649258483,0.0203343716020013,0.00102129681144075,"Jimmy Graham","SEA","TE",2016
"76","00-0029890",801,0.0112194638179761,0.0202942964907539,0.00101995125617964,"Mike Purcell","SF","DL",2016
"77","00-0032053",1488,0.0111232474175979,0.0198989216960006,0.00101120431069072,"Brandon Scherff","WAS","OL",2016
"78","00-0032379",1623,0.0111164614063176,0.0202016868279737,0.00101058740057433,"Eli Apple","NYG","DB",2016
"79","00-0026156",176,0.0111155773973603,0.019987459638355,0.00101050703612366,"Dominique Rodgers-Cromartie","NYG","DB",2016
"80","00-0031852",1427,0.0110586347692753,0.0212577385453967,0.00100533043357049,"David Andrews","NE","OL",2016
"81","00-0026176",183,0.0109650177837288,0.0201798258010725,0.000996819798520799,"Jordy Nelson","GB","WR",2016
"82","00-0031941",1455,0.0109371757096923,0.0204665823259366,0.000994288700881117,"Jamison Crowder","WAS","WR",2016
"83","00-0030382",906,0.0107892436763304,0.0201851814610464,0.000980840334211854,"Kevin Minter","ARI","LB",2016
"84","00-0030147",871,0.0106460437804975,0.0202026945695567,0.000967822161863411,"Russell Shepard","TB","WR",2016
"85","00-0031177",1179,0.0106439907757038,0.020585987526307,0.000967635525063984,"Brent Urban","BAL","DL",2016
"86","00-0029608",730,0.0105555022135054,0.0194688351474135,0.000959591110318675,"T.Y. Hilton","IND","WR",2016
"87","00-0027947",441,0.0105074183000303,0.020509988809326,0.000955219845457303,"Tyron Smith","DAL","OL",2016
"88","00-0027667",351,0.010409009130514,0.0199277625572386,0.000946273557319452,"Vladimir Ducasse","BAL","OL",2016
"89","00-0021547",17,0.0103872110218499,0.0205014875335793,0.00094429191107726,"Antonio Gates","SD","TE",2016
"90","00-0029604",727,0.0103519315337279,0.0200182684574328,0.000941084684884357,"Kirk Cousins","WAS","QB",2016
"91","00-0030511",968,0.0101866267910138,0.0205220951123509,0.000926056981001256,"Brandon Williams","BAL","DL",2016
"92","00-0026330",219,0.0101341529193969,0.0195290902435078,0.000921286629036081,"Ahtyba Rubin","SEA","DL",2016
"93","00-0031544",1318,0.0100730026820614,0.0191143076734198,0.000915727516551039,"Amari Cooper","OAK","WR",2016
"94","00-0032435",1674,0.0100251510788425,0.0196038964830317,0.00091137737080386,"Anthony Zettel","DET","DL",2016
"95","00-0026257",204,0.0100241474588148,0.0208610090286655,0.000911286132619529,"Quintin Demps","HOU","DB",2016
"96","00-0030864",1074,0.00994465343023684,0.0214080988085556,0.000904059402748804,"Anthony Johnson","NYJ","DL",2016
"97","00-0030448",939,0.00988356332445513,0.0204881873418053,0.000898505756768648,"Kawann Short","CAR","DL",2016
"98","00-0029799",788,0.00986708597742883,0.0215032706298183,0.000897007816129893,"Lerentee McCray","BUF","LB",2016
"99","00-0031402",1287,0.0098452906745439,0.0204242627846033,0.000895026424958537,"Zack Martin","DAL","OL",2016
"100","00-0030273",887,0.00967566082229276,0.0196738543882916,0.000879605529299342,"Lane Taylor","GB","OL",2016
"101","00-0033120",1943,0.00962470373390626,0.0193270738771986,0.00087497306671875,"Kenny Clark","GB","DL",2016
"102","00-0031412",1294,0.00955871585736222,0.0203728125745041,0.000868974168851111,"Stephon Tuitt","PIT","DL",2016
"103","00-0031236",1194,0.0095496536581386,0.0210589029746206,0.000868150332558054,"Brandin Cooks","NO","WR",2016
"104","00-0020531",8,0.00952401083122438,0.0207332286219646,0.000865819166474943,"Drew Brees","NO","QB",2016
"105","00-0024323",98,0.00950896973347374,0.0197819213451027,0.000864451793952158,"Jahri Evans","NO","OL",2016
"106","00-0031364",1265,0.00941675763932424,0.0200401002538849,0.000856068876302203,"Jadeveon Clowney","HOU","DL",2016
"107","00-0031022",1107,0.00941559190898686,0.0200620207030191,0.000855962900816987,"Laurent Duvernay-Tardif","KC","OL",2016
"108","00-0022924",37,0.00940486324822376,0.0196113556099606,0.000854987568020342,"Ben Roethlisberger","PIT","QB",2016
"109","00-0031553",1327,0.00930665637645483,0.0199395759739477,0.000846059670586803,"Benardrick McKinney","HOU","LB",2016
"110","00-0029546",704,0.00930267024327616,0.0204997643887756,0.000845697294843287,"Senio Kelemete","NO","OL",2016
"111","00-0027560",336,0.00927741457167365,0.0196298089491911,0.000843401324697605,"Albert McClellan","BAL","LB",2016
"112","00-0032778",1792,0.00924364839465474,0.020066098813705,0.00084033167224134,"Tajae Sharpe","TEN","WR",2016
"113","00-0031403",1288,0.00918433292744991,0.0207129107900973,0.000834939357040901,"Jay Bromley","NYG","DL",2016
"114","00-0030546",995,0.00916833990359388,0.0197303154219138,0.000833485445781262,"Travis Frederick","DAL","OL",2016
"115","00-0024424",111,0.00915155406199357,0.0202575732052238,0.000831959460181233,"Zach Strief","NO","OL",2016
"116","00-0031956",1464,0.00911917541957705,0.0193885310801024,0.000829015947234277,"Anthony Chickillo","PIT","LB",2016
"117","00-0032765",1779,0.00910414391179952,0.0204368005249729,0.000827649446527229,"Michael Thomas","NO","WR",2016
"118","00-0031554",1328,0.00903785930714318,0.0199472705621132,0.000821623573376653,"Eric Kendricks","MIN","LB",2016
"119","00-0029280",658,0.00900446146056493,0.0211399766690212,0.000818587405505903,"Ron Brooks","PHI","DB",2016
"120","00-0030023",820,0.00898397323873364,0.0206488218411262,0.000816724839884876,"Jordan Dangerfield","PIT","DB",2016
"121","00-0029632",739,0.00897416913896674,0.0196599089482821,0.000815833558087885,"Mohamed Sanu","ATL","WR",2016
"122","00-0027686",361,0.00895601486532855,0.0199488647429213,0.000814183169575323,"Corey Peters","ARI","DL",2016
"123","00-0027681",357,0.00894158289592893,0.0203876936218915,0.000812871172357176,"Brandon LaFell","CIN","WR",2016
"124","00-0032187",1555,0.00894050938560419,0.01986669799921,0.000812773580509472,"David Johnson","ARI","RB",2016
"125","00-0029795",787,0.00892466980354661,0.0212568543786453,0.000811333618504238,"Benny Cunningham","LA","RB",2016
"126","00-0030107",858,0.00884422703802405,0.0206528662311642,0.000804020639820368,"Theo Riddick","DET","RB",2016
"127","00-0029568",711,0.00879189448724104,0.019946375226188,0.000799263135203731,"Malik Jackson","JAX","DL",2016
"128","00-0025420",124,0.00877807094367088,0.0197057712068601,0.000798006449424625,"Alan Branch","NE","DL",2016
"129","00-0025509",138,0.00875319375382738,0.0190194937080922,0.00079574488671158,"Doug Free","DAL","OL",2016
"130","00-0030050",827,0.00874146950337973,0.0215852291758333,0.000794679045761794,"Ray-Ray Armstrong","SF","LB",2016
"131","00-0029040",606,0.008733618206189,0.0192202560939087,0.000793965291471727,"Damon Harrison","NYG","DL",2016
"132","00-0030251",885,0.00866638699554381,0.019856501253151,0.000787853363231255,"Wes Horton","CAR","DL",2016
"133","00-0029669",751,0.00863526664367503,0.0202970439514997,0.000785024240334093,"Dont'a Hightower","NE","LB",2016
"134","00-0026069",165,0.00859448754640363,0.0208446277079441,0.000781317049673057,"Mike Tolbert","CAR","RB",2016
"135","00-0025446",130,0.00859186240930124,0.0199042786230565,0.000781078400845568,"Ryan Kalil","CAR","OL",2016
"136","00-0032895",1839,0.00858875610998482,0.0201642393338791,0.00078079600999862,"Jatavis Brown","SD","LB",2016
"137","00-0031273",1211,0.00855941472786039,0.0201173931904987,0.000778128611623672,"Cameron Brate","TB","TE",2016
"138","00-0027793",390,0.00850085657390113,0.0205255978098237,0.000772805143081921,"Antonio Brown","PIT","WR",2016
"139","00-0030486",955,0.00849959772056603,0.019980473017916,0.000772690701869639,"Brian Schwenke","TEN","OL",2016
"140","00-0029287",661,0.00846816862713777,0.0206024102237022,0.000769833511557979,"Tank Carder","CLE","LB",2016
"141","00-0033038",1895,0.00844085650402879,0.0204022384650908,0.000767350591275345,"Eric Murray","KC","DB",2016
"142","00-0029272",653,0.00843181951000806,0.0204313933496125,0.000766529046364369,"Nigel Bradham","PHI","LB",2016
"143","00-0028394",555,0.00843145656259024,0.021152693141522,0.000766496051144568,"Jake McQuaide","LA","LS",2016
"144","00-0032208",1566,0.00842469835088391,0.0204305926532966,0.000765881668262174,"Phillip Dorsett","IND","WR",2016
"145","00-0024389",107,0.00842390330938906,0.0194518089070256,0.000765809391762641,"Delanie Walker","TEN","TE",2016
"146","00-0024417",109,0.00827094660937405,0.0209555011717619,0.000751904237215823,"Sam Koch","BAL","P",2016
"147","00-0026160",179,0.00823761999440638,0.0201175078215396,0.000748874544946035,"Aqib Talib","DEN","DB",2016
"148","00-0023894",72,0.00821909660774242,0.0201648236232054,0.000747190600703857,"Donald Penn","OAK","OL",2016
"149","00-0030496",959,0.00813358883498329,0.0200567092320752,0.000739417166816663,"Le'Veon Bell","PIT","RB",2016
"150","00-0032798",1810,0.00813252239632565,0.0206912570951024,0.000739320217847786,"Harlan Miller","ARI","DB",2016
"151","00-0028942",593,0.00811541426172634,0.0189150722533863,0.000737764932884212,"Duke Ihenacho","WAS","DB",2016
"152","00-0027701",366,0.0079639012200166,0.0200238175703598,0.000723991020001509,"Everson Griffen","MIN","DL",2016
"153","00-0028872",586,0.00795060962144332,0.021455822395482,0.000722782692858484,"Johnny Hekker","LA","P",2016
"154","00-0029010",604,0.00794526392659289,0.020556738524208,0.000722296720599353,"Ronald Leary","DAL","OL",2016
"155","00-0029764",782,0.00794273080622845,0.0201387814456166,0.000722066436929859,"Cody Davis","LA","DB",2016
"156","00-0031281",1214,0.00794205232486705,0.0204061862533945,0.000722004756806096,"Ra'Shede Hageman","ATL","DL",2016
"157","00-0029643",743,0.0079241031334838,0.0195857488666375,0.000720373012134891,"Whitney Mercilus","HOU","LB",2016
"158","00-0027057",295,0.00790022426945606,0.0204704995044138,0.000718202206314187,"Brandon Tate","BUF","WR",2016
"159","00-0026289",212,0.00784010056710362,0.0202468361474033,0.000712736415191238,"Tim Hightower","NO","RB",2016
"160","00-0029693",766,0.00783605606694641,0.0207390895654385,0.000712368733358764,"Olivier Vernon","NYG","DL",2016
"161","00-0027835",398,0.00778684115428763,0.0201628313066593,0.000707894650389785,"Kurt Coleman","CAR","DB",2016
"162","00-0031565",1338,0.00776078791555924,0.0198294809089681,0.000705526174141749,"Danielle Hunter","MIN","DL",2016
"163","00-0031284",1216,0.00775664000877545,0.0199843757840825,0.000705149091706859,"Travis Swanson","DET","OL",2016
"164","00-0029678",755,0.00775384492465668,0.0208051901569343,0.000704894993150607,"David DeCastro","PIT","OL",2016
"165","00-0029388",677,0.00765750203918331,0.0205169025639106,0.000696136549016665,"Deonte Thompson","CHI","WR",2016
"166","00-0031228",1191,0.00760062531129795,0.0205456588362869,0.000690965937390723,"Taylor Gabriel","ATL","WR",2016
"167","00-0031285",1217,0.00758831104758766,0.0201677996013697,0.000689846458871606,"Devonta Freeman","ATL","RB",2016
"168","00-0027557",335,0.00755780166372126,0.0204846953947412,0.000687072878520115,"Morgan Cox","BAL","LS",2016
"169","00-0027078",300,0.00755592405857705,0.019688826990628,0.000686902187143368,"T.J. Lang","GB","OL",2016
"170","00-0029422",691,0.00754836612002516,0.01941844373537,0.000686215101820469,"Keith Tandy","TB","DB",2016
"171","00-0031089",1151,0.00754225484263577,0.0203316192313521,0.000685659531148706,"Beau Allen","PHI","DL",2016
"172","00-0032203",1564,0.00751560940720189,0.0191976834699155,0.000683237218836536,"Andrus Peat","NO","OL",2016
"173","00-0031546",1320,0.00750521007504597,0.0202428219212994,0.000682291825004179,"Trae Waynes","MIN","DB",2016
"174","00-0029303",667,0.00748105880038457,0.0206007118131884,0.000680096254580415,"Billy Winn","DEN","DL",2016
"175","00-0029946",809,0.00747362528331613,0.0197325042196283,0.000679420480301466,"Abry Jones","JAX","DL",2016
"176","00-0030648",1027,0.00747324178590789,0.020334749792458,0.000679385616900717,"Alejandro Villanueva","PIT","OL",2016
"177","00-0029492",693,0.00746205448340114,0.0199755960352097,0.000678368589400104,"Jamize Olawale","OAK","RB",2016
"178","00-0030561",1005,0.00743249763393401,0.020918691425325,0.00067568160308491,"Lane Johnson","PHI","OL",2016
"179","00-0029087",613,0.00739792573821303,0.0215502021085169,0.000672538703473912,"Leonard Johnson","CAR","DB",2016
"180","00-0027973",460,0.00739010334715604,0.0205861503999592,0.000671827577014186,"Andy Dalton","CIN","QB",2016
"181","00-0032200",1562,0.0073674939957974,0.0189298552949143,0.000669772181436128,"Ty Montgomery","GB","RB",2016
"182","00-0027656",346,0.0073603201851915,0.0206596621808432,0.000669120016835591,"Rob Gronkowski","NE","TE",2016
"183","00-0032780",1794,0.00731840379369737,0.0196059490165974,0.00066530943579067,"Jordan Howard","CHI","RB",2016
"184","00-0027694",364,0.00731514572820407,0.0201668053481065,0.000665013248018552,"Shawn Lauvao","WAS","OL",2016
"185","00-0030566",1009,0.00731341112083293,0.0194315335834109,0.000664855556439357,"D.J. Swearinger","ARI","DB",2016
"186","00-0031580",1351,0.00728352209846172,0.0209675234579091,0.000662138372587429,"Shaq Mason","NE","OL",2016
"187","00-0027870",416,0.00725356849657389,0.0197957906335201,0.000659415317870354,"Maurkice Pouncey","PIT","OL",2016
"188","00-0030404",920,0.00721221567667651,0.0203830778864021,0.000655655970606955,"Chris Thompson","WAS","RB",2016
"189","00-0030578",1016,0.00720118008201871,0.0199429258281325,0.000654652734728974,"Cordarrelle Patterson","MIN","WR",2016
"190","00-0024270",92,0.00720034638523298,0.0203338260273018,0.000654576944112089,"Andrew Whitworth","CIN","OL",2016
"191","00-0032268",1601,0.00719946254762391,0.0202581982484859,0.000654496595238538,"Marcus Mariota","TEN","QB",2016
"192","00-0027873",419,0.00717722779070302,0.0198801031314508,0.000652475253700275,"Jermaine Gresham","ARI","TE",2016
"193","00-0027029",286,0.00717040254089686,0.0202644627529143,0.000651854776445169,"LeSean McCoy","BUF","RB",2016
"194","00-0030010",817,0.00709878058739225,0.0202699347534554,0.000645343689762932,"Brandon Copeland","DET","LB",2016
"195","00-0025828",153,0.00709854061522663,0.0199646075058265,0.000645321874111512,"Wesley Woodyard","TEN","LB",2016
"196","00-0031330",1240,0.00709682605469495,0.0201146031206767,0.000645166004972268,"Morgan Moses","WAS","OL",2016
"197","00-0029412",683,0.00708533952171511,0.0202180355524877,0.000644121774701373,"Vinny Curry","PHI","DL",2016
"198","00-0029597",724,0.00707248499865914,0.0213818995239791,0.000642953181696285,"Justin Tucker","BAL","K",2016
"199","00-0031105",1158,0.00705316250002214,0.0196781793491843,0.000641196590911104,"Zach Kerr","IND","DL",2016
"200","00-0026832",244,0.00705053307576245,0.0206982781727539,0.000640957552342041,"Jonathan Casillas","NYG","LB",2016
"201","00-0027914",432,0.00699778803288828,0.0201252255910273,0.000636162548444389,"Andrew Sendejo","MIN","DB",2016
"202","00-0028443",561,0.00699417626908622,0.0196375425036993,0.000635834206280565,"Mike Morgan","SEA","LB",2016
"203","00-0031350",1257,0.00696974121258348,0.0193264324565903,0.000633612837507589,"Corey Nelson","DEN","LB",2016
"204","00-0026561",232,0.00693040190104335,0.0203078655347205,0.000630036536458486,"Ramon Foster","PIT","OL",2016
"205","00-0030507",967,0.00692859115646753,0.0201135480209616,0.00062987192331523,"Bennie Logan","PHI","DL",2016
"206","00-0027953",446,0.00685661401494687,0.0201977286764831,0.000623328546813352,"Mike Pouncey","MIA","OL",2016
"207","00-0024221",78,0.00685228779913692,0.0200705693259614,0.000622935254466993,"Vernon Davis","WAS","TE",2016
"208","00-0028039",495,0.0068173352395936,0.0207818324067351,0.000619757749053963,"Clint Boling","CIN","OL",2016
"209","00-0027004",275,0.00680851957389666,0.0206101468296704,0.000618956324899696,"Eric Wood","BUF","OL",2016
"210","00-0032404",1648,0.00678435164826273,0.0204734286155136,0.000616759240751157,"Tyler Ervin","HOU","RB",2016
"211","00-0033065",1912,0.00675509717487891,0.0201191807770549,0.00061409974317081,"Le'Raven Clark","IND","OL",2016
"212","00-0028001",477,0.00674450571944015,0.0197400780249069,0.000613136883585468,"Marcus Gilbert","PIT","OL",2016
"213","00-0027064",298,0.00672884165754893,0.0203594375809508,0.000611712877958994,"Jerraud Powers","BAL","DB",2016
"214","00-0028009",482,0.00671674501170723,0.020500338061435,0.000610613182882476,"DeMarco Murray","TEN","RB",2016
"215","00-0027232",318,0.00670592503224223,0.0206742333219787,0.000609629548385657,"Sergio Brown","BUF","DB",2016
"216","00-0030290",898,0.00667388755856352,0.0193709254663769,0.000606717050778502,"Cobi Hamilton","PIT","WR",2016
"217","00-0032058",1492,0.00665229460144205,0.0203993629046714,0.00060475405467655,"Tevin Coleman","ATL","RB",2016
"218","00-0030499",960,0.00664638708217951,0.0196740489138865,0.000604217007470865,"Jarvis Jones","PIT","LB",2016
"219","00-0032415",1658,0.00663931995313271,0.0202278284114604,0.000603574541193883,"Matt Judon","BAL","LB",2016
"220","00-0031814",1420,0.00661664161825158,0.0204069962141468,0.000601512874386507,"Matt Longacre","LA","DL",2016
"221","00-0029585",719,0.00660465774146739,0.0195419240165766,0.00060042343104249,"Chandler Jones","ARI","LB",2016
"222","00-0029794",786,0.00659184491200056,0.0201264512434015,0.000599258628363687,"Daren Bates","OAK","LB",2016
"223","00-0032771",1785,0.00658869827917633,0.0198306343427709,0.000598972570834212,"Parker Ehinger","KC","OL",2016
"224","00-0029293",663,0.00651741229138002,0.0199275403486435,0.000592492026489093,"Marvin Jones","DET","WR",2016
"225","00-0029417",687,0.0065057879301502,0.0195896680264854,0.000591435266377291,"Jared Crick","DEN","DL",2016
"226","00-0029545",703,0.00649485551976627,0.019455112054319,0.000590441410887842,"Keenan Robinson","NYG","LB",2016
"227","00-0031048",1122,0.00645714649427131,0.0210151150171307,0.000587013317661028,"Will Sutton","CHI","DL",2016
"228","00-0029688",761,0.00644411120763629,0.019819256093588,0.000585828291603299,"Dontari Poe","KC","DL",2016
"229","00-0029409",681,0.00643831899772399,0.0204113350012247,0.000585301727065818,"Mychal Kendricks","PHI","LB",2016
"230","00-0027187",312,0.00642324585545178,0.0204881113001656,0.000583931441404707,"Matt Overton","IND","LS",2016
"231","00-0031551",1325,0.00641882176805412,0.0201204044073137,0.000583529251641283,"Eddie Goldman","CHI","DL",2016
"232","00-0031166",1171,0.00641668533564204,0.0204694464399134,0.000583335030512913,"Seth Roberts","OAK","WR",2016
"233","00-0027960",452,0.00638948911384945,0.0202082063051882,0.000580862646713587,"Anthony Castonzo","IND","OL",2016
"234","00-0021429",15,0.00637108196410414,0.0204392985276988,0.000579189269464013,"Carson Palmer","ARI","QB",2016
"235","00-0033112",1938,0.0063563139024582,0.0199361076701029,0.000577846718405291,"Temarrick Hemingway","LA","TE",2016
"236","00-0029697",768,0.00634400147965985,0.0200062322644007,0.000576727407241805,"Coby Fleener","NO","TE",2016
"237","00-0032626",1734,0.0063220158980048,0.0203790405208265,0.000574728718000436,"Geronimo Allison","GB","WR",2016
"238","00-0032455",1687,0.00631952267743259,0.021212400678326,0.000574502061584781,"Austin Blythe","IND","OL",2016
"239","00-0027014",279,0.00629075302602642,0.0210560514884312,0.000571886638729675,"Rey Maualuga","CIN","LB",2016
"240","00-0032655",1742,0.00627486057256043,0.0196722420355077,0.000570441870232767,"Romeo Okwara","NYG","DL",2016
"241","00-0027652",343,0.00626447426619512,0.0200896303830876,0.000569497660563193,"Nate Allen","OAK","DB",2016
"242","00-0030665",1033,0.00624874668828636,0.01959761771629,0.000568067880753305,"Daniel Sorensen","KC","DB",2016
"243","00-0032007",1476,0.00624591656905405,0.0200343994248489,0.000567810597186731,"Quinton Dunbar","WAS","DB",2016
"244","00-0025435",129,0.00623423230405276,0.0205303478268591,0.000566748391277524,"Justin Durant","DAL","LB",2016
"245","00-0032103",1510,0.00622712986059699,0.020780370734878,0.000566102714599726,"Denzel Perryman","SD","LB",2016
"246","00-0029708",771,0.00620219426658888,0.0200354849410214,0.000563835842417171,"Kendall Wright","TEN","WR",2016
"247","00-0027647",340,0.0061833420152587,0.0197068708717427,0.000562122001387155,"Devin McCourty","NE","DB",2016
"248","00-0024232",82,0.00616921151342752,0.0187905672239805,0.000560837410311592,"Chad Greenway","MIN","LB",2016
"249","00-0029314",671,0.00616078371842355,0.0192076507537883,0.000560071247129413,"Trevin Wade","NYG","DB",2016
"250","00-0029259",647,0.00615161208280362,0.0203727015787723,0.000559237462073057,"Kelechi Osemele","OAK","OL",2016
"251","00-0026964",259,0.00612659110562683,0.0206284190326604,0.000556962827784257,"Clinton McDonald","TB","DL",2016
"252","00-0030615",1022,0.0061215942221538,0.0212130983658743,0.000556508565650345,"James Winchester","KC","LS",2016
"253","00-0026152",173,0.00608211781861667,0.0195776534674769,0.000552919801692425,"Ryan Clady","NYJ","OL",2016
"254","00-0029261",648,0.00604326283484585,0.0188018054989003,0.000549387530440532,"Casey Hayward","SD","DB",2016
"255","00-0029273",654,0.00598355103621182,0.020002252857797,0.000543959185110165,"Robert Turbin","IND","RB",2016
"256","00-0030521",977,0.00596653806001928,0.020154892379936,0.000542412550910844,"Justin Hunter","BUF","WR",2016
"257","00-0033045",1898,0.00596512031872314,0.0204556963243645,0.000542283665338467,"Ezekiel Elliott","DAL","RB",2016
"258","00-0031256",1200,0.00587368017651016,0.0208465617387816,0.000533970925137288,"Anthony Barr","MIN","LB",2016
"259","00-0030104",856,0.00582154765498831,0.0203931129355654,0.000529231604998937,"Nate Palmer","TEN","LB",2016
"260","00-0032419",1662,0.00578575468849866,0.019923860202509,0.000525977698954424,"Joe Haeg","IND","OL",2016
"261","00-0027547",334,0.00577023578980798,0.021045535922156,0.000524566889982544,"Marcus Sherels","MIN","DB",2016
"262","00-0033069",1913,0.00576843724737,0.020031337999164,0.000524403386124546,"Braxton Miller","HOU","WR",2016
"263","00-0028006",480,0.00576243127645682,0.0194354798787122,0.000523857388768802,"Kelvin Sheppard","NYG","LB",2016
"264","00-0030084",846,0.0057579343935519,0.0202057666064303,0.000523448581231991,"Jonathan Meeks","BUF","DB",2016
"265","00-0030694",1042,0.00574837974027159,0.0199109306708443,0.000522579976388326,"James Hurst","BAL","OL",2016
"266","00-0031097",1153,0.00574373237174381,0.0208710366984285,0.000522157488340347,"Terrance Mitchell","KC","DB",2016
"267","00-0031408",1291,0.00573066187505064,0.0195132490824411,0.00052096926136824,"Mike Evans","TB","WR",2016
"268","00-0032677",1750,0.00572224222283859,0.0199931172018857,0.000520203838439872,"Cory Littleton","LA","LB",2016
"269","00-0031729",1399,0.00570732790440747,0.0201096798069561,0.00051884799130977,"Thurston Armbrister","DET","LB",2016
"270","00-0029165",628,0.00570583541443291,0.0210612060179047,0.000518712310402991,"Tony Jerod-Eddie","SF","DL",2016
"271","00-0030986",1091,0.00566166157285646,0.0198715386582045,0.000514696506623315,"Ethan Westbrooks","LA","DL",2016
"272","00-0029762",781,0.00564030951680671,0.0197969693722351,0.000512755410618792,"John Wetzel","ARI","OL",2016
"273","00-0030046",824,0.00563699634579263,0.0195226401332174,0.000512454213253876,"Jordan Mills","BUF","OL",2016
"274","00-0031696",1389,0.00561947289245148,0.020504862732499,0.000510861172041044,"Zaire Anderson","DEN","LB",2016
"275","00-0031254",1198,0.00561732497068213,0.0202308988898641,0.000510665906425649,"Denico Autry","OAK","DL",2016
"276","00-0029249",639,0.00559780442781458,0.0197351071257282,0.000508891311619507,"Melvin Ingram","SD","LB",2016
"277","00-0031306",1230,0.0055823468011978,0.0190316080856196,0.000507486072836164,"Russell Bodine","CIN","OL",2016
"278","00-0023534",61,0.00558006031548491,0.0202691117576224,0.000507278210498628,"Dustin Colquitt","KC","P",2016
"279","00-0029992",815,0.00557033442419705,0.0193796451345132,0.000506394038563368,"Josh Kline","TEN","OL",2016
"280","00-0022712",29,0.00555619840388672,0.0200766405182327,0.000505108945807884,"Vince Wilfork","HOU","DL",2016
"281","00-0033070",1914,0.00551408284877329,0.0198757161951384,0.00050128025897939,"Javien Elliott","TB","DB",2016
"282","00-0026190",188,0.00550090701259363,0.020271665220985,0.00050008245569033,"Calais Campbell","ARI","DL",2016
"283","00-0032109",1514,0.00549513037348284,0.0202829354325298,0.000499557306680258,"Kwon Alexander","TB","LB",2016
"284","00-0028022",486,0.00549087946040437,0.0195095551382781,0.000499170860036761,"Mason Foster","WAS","LB",2016
"285","00-0031382",1276,0.00548900161301139,0.0204648175725257,0.000499000146637399,"Jarvis Landry","MIA","WR",2016
"286","00-0031057",1128,0.00548651876793091,0.0203417305855612,0.000498774433448265,"Ka'Deem Carey","CHI","RB",2016
"287","00-0029691",764,0.00546464087834844,0.0205649079267376,0.000496785534395313,"Josh Robinson","TB","DB",2016
"288","00-0026994",268,0.00545162011777119,0.0196851515614484,0.00049560182888829,"Robert Ayers","TB","DL",2016
"289","00-0030883",1079,0.00544372190502275,0.0205726879141211,0.000494883809547523,"Josh Mauro","ARI","DL",2016
"290","00-0027033",287,0.00544285510281821,0.0199085704303694,0.00049480500934711,"Paul Kruger","NO","DL",2016
"291","00-0031296",1222,0.00543594259505749,0.0198381203173054,0.000494176599550681,"C.J. Mosley","BAL","LB",2016
"292","00-0024278",95,0.0054276115451087,0.0205435013949739,0.000493419231373518,"Darryl Tapp","NO","DL",2016
"293","00-0030506",966,0.00541968957422631,0.020133526044408,0.000492699052202392,"Travis Kelce","KC","TE",2016
"294","00-0027725",374,0.00537186056390313,0.0204973577104751,0.00048835096035483,"Clay Harbor","DET","TE",2016
"295","00-0031534",1317,0.00534742944186156,0.0206323749554406,0.000486129949260142,"La'el Collins","DAL","OL",2016
"296","00-0027744",379,0.00533010132504678,0.0208304533019727,0.000484554665913344,"Nolan Carroll","PHI","DB",2016
"297","00-0032674",1748,0.00531915405912406,0.0204442398954037,0.000483559459920369,"Nicholas Grigsby","LA","LB",2016
"298","00-0029255",643,0.00531840801518119,0.0202411638252247,0.000483491637743744,"Bobby Wagner","SEA","LB",2016
"299","00-0027684",359,0.00531594117621189,0.0195838023829295,0.000483267379655626,"Earl Mitchell","MIA","DL",2016
"300","00-0027691",363,0.00528561082922425,0.0198966888807215,0.000480510075384022,"Andre Roberts","DET","WR",2016
"301","00-0030472",952,0.0052636064032918,0.0194944621813697,0.000478509673026528,"Jordan Reed","WAS","TE",2016
"302","00-0032129",1524,0.00524225485137394,0.0204341172273966,0.000476568622852176,"Jordan Hicks","PHI","LB",2016
"303","00-0031607",1367,0.00524135919885162,0.019878949047912,0.000476487199895602,"L.T. Walton","PIT","DL",2016
"304","00-0032694",1754,0.00521868430447035,0.0199199087665869,0.000474425845860941,"Jalin Marshall","NYJ","WR",2016
"305","00-0031102",1156,0.00521766634888884,0.0207183777255391,0.00047433330444444,"Kapri Bibbs","DEN","RB",2016
"306","00-0022839",34,0.00516724035088389,0.020895707019169,0.000469749122807626,"Daryl Smith","TB","LB",2016
"307","00-0027816",394,0.00516296876236279,0.0221409737780402,0.000469360796578435,"Marc Mariani","TEN","WR",2016
"308","00-0032383",1627,0.00516263709936562,0.0206144481189811,0.000469330645396875,"Ryan Kelly","IND","OL",2016
"309","00-0030181",878,0.00515988713324726,0.0196056937928532,0.000469080648477024,"Jack Doyle","IND","TE",2016
"310","00-0028825",580,0.00510854702631653,0.0209817228720413,0.000464413366028775,"Terrelle Pryor","CLE","WR",2016
"311","00-0032211",1569,0.00510784550059956,0.020306142204886,0.000464349590963597,"Tyler Lockett","SEA","WR",2016
"312","00-0031815",1421,0.00507501944667606,0.0204358121697633,0.000461365404243279,"Cameron Lynch","TB","LB",2016
"313","00-0031598",1365,0.00505886225796559,0.0204366803373233,0.000459896568905963,"Nick Boyle","BAL","TE",2016
"314","00-0028097",519,0.00504888674439063,0.0204609502622596,0.000458989704035512,"Lee Smith","OAK","TE",2016
"315","00-0032120",1520,0.00503842243076025,0.0203796787724722,0.000458038402796387,"Neal Sterling","JAX","TE",2016
"316","00-0027943",439,0.00498026041603247,0.0198588018181511,0.000452750946912043,"Patrick Peterson","ARI","DB",2016
"317","00-0031583",1353,0.00495764806926051,0.0192836567262631,0.000450695279023683,"Grady Jarrett","ATL","DL",2016
"318","00-0031232",1192,0.00495744244836563,0.0207095962376404,0.000450676586215057,"Robert Nelson","HOU","DB",2016
"319","00-0032228",1578,0.00494445841845412,0.0214864652116811,0.000449496219859465,"Joe Cardona","NE","LS",2016
"320","00-0031492",1309,0.00491734499326248,0.0211905165036926,0.000447031363023862,"Jason Myers","JAX","K",2016
"321","00-0031514",1314,0.00490366314681997,0.0205476149790756,0.000445787558801815,"Quan Bray","IND","WR",2016
"322","00-0022084",22,0.00489168760577005,0.0198764922138736,0.000444698873251823,"Anquan Boldin","DET","WR",2016
"323","00-0030380",905,0.00488939810904404,0.019674780558244,0.000444490737185822,"Benson Mayowa","DAL","DL",2016
"324","00-0029123",619,0.00488467874750317,0.0210314345660561,0.00044406170431847,"Marquette King","OAK","P",2016
"325","00-0028142",535,0.00487765608131766,0.020899911765064,0.000443423280119787,"Virgil Green","DEN","TE",2016
"326","00-0032734",1763,0.00486531966915567,0.0202914502519349,0.000442301788105061,"Brennan Scarlett","HOU","LB",2016
"327","00-0029561",707,0.00484645430610863,0.02042763554478,0.000440586755100785,"Cordy Glenn","BUF","OL",2016
"328","00-0032970",1874,0.00484281998065477,0.021525401472729,0.000440256361877707,"Jordan Jenkins","NYJ","LB",2016
"329","00-0016919",3,0.00483732349883869,0.0211381913607908,0.000439756681712608,"Adam Vinatieri","IND","K",2016
"330","00-0026968",260,0.00482074018436497,0.0209356219431411,0.000438249107669543,"Ryan Succop","TEN","K",2016
"331","00-0032763",1777,0.00481438216052274,0.0198141745041098,0.000437671105502067,"Austin Johnson","TEN","DL",2016
"332","00-0030067",835,0.00480839689833171,0.0202654087999902,0.000437126990757428,"Terron Armstead","NO","OL",2016
"333","00-0024349",106,0.00469987809227486,0.0210054608728528,0.00042726164475226,"Rob Ninkovich","NE","LB",2016
"334","00-0026986",264,0.00468643671182599,0.0200214497622901,0.00042603970107509,"Michael Crabtree","OAK","WR",2016
"335","00-0033057",1907,0.00468517640856556,0.0196248112288537,0.000425925128051415,"Jack Conklin","TEN","OL",2016
"336","00-0027723",373,0.0046828702198596,0.0208010064577416,0.000425715474532691,"Al Woods","TEN","DL",2016
"337","00-0032384",1628,0.0046788830057055,0.0198862062382904,0.000425353000518682,"Germain Ifedi","SEA","OL",2016
"338","00-0033074",1917,0.00466086734348531,0.0214109065773629,0.000423715213044119,"Kevin Dodd","TEN","LB",2016
"339","00-0027957",450,0.00464881588943216,0.0194717016922681,0.000422619626312015,"Prince Amukamara","JAX","DB",2016
"340","00-0032387",1631,0.00463769673045028,0.0198601300898236,0.000421608793677298,"Jarran Reed","SEA","DL",2016
"341","00-0029295",665,0.00463016547720892,0.0198886053036136,0.00042092413429172,"Jeremy Lane","SEA","DB",2016
"342","00-0030020",819,0.00462821510800588,0.0204051163519843,0.000420746828000534,"Brynden Trawick","OAK","DB",2016
"343","00-0032543",1714,0.00462028410411144,0.0206566367440593,0.000420025827646495,"Alex Erickson","CIN","WR",2016
"344","00-0029269",652,0.00461997522122348,0.0201838648675509,0.000419997747383953,"Travis Benjamin","SD","WR",2016
"345","00-0023177",44,0.00461131455531526,0.0200066190413812,0.000419210414119569,"Jon Condo","OAK","LS",2016
"346","00-0022921",35,0.00461070408404831,0.0205051591763559,0.000419154916731665,"Larry Fitzgerald","ARI","WR",2016
"347","00-0028958",597,0.00460829770068244,0.0193947015459566,0.000418936154607494,"Cory Harkey","LA","TE",2016
"348","00-0031158",1169,0.00460793687098842,0.0199591087995976,0.000418903351908039,"George Atkinson","CLE","RB",2016
"349","00-0029878",796,0.00460712714050989,0.0204289900955996,0.000418829740046354,"MarQueis Gray","MIA","TE",2016
"350","00-0025402",118,0.00454607634113523,0.0192945582840494,0.00041327966737593,"Lawrence Timmons","PIT","LB",2016
"351","00-0032772",1786,0.00454179183318535,0.0202845003635647,0.000412890166653213,"Ryan Smith","TB","DB",2016
"352","00-0032775",1789,0.00453924969174102,0.0206988264906498,0.000412659062885547,"Demarcus Robinson","KC","WR",2016
"353","00-0029984",814,0.0045317217931696,0.0199980486754719,0.000411974708469964,"Ryan Allen","NE","P",2016
"354","00-0026253",203,0.00447660576972395,0.0206834230649826,0.000406964160883995,"Dwight Lowery","SD","DB",2016
"355","00-0029889",800,0.00445982452570324,0.0200655776587697,0.000405438593245749,"Patrick Omameh","JAX","OL",2016
"356","00-0029681",757,0.00440329498938692,0.0200986237201215,0.00040029954448972,"Janoris Jenkins","NYG","DB",2016
"357","00-0032777",1791,0.00440309421962643,0.0208010320381167,0.000400281292693312,"Evan Boehm","ARI","OL",2016
"358","00-0027949",443,0.00439409737322799,0.0220860788410253,0.000399463397566181,"J.J. Watt","HOU","DL",2016
"359","00-0031577",1349,0.0043428726823767,0.0202996262489078,0.000394806607488791,"Javorius Allen","BAL","RB",2016
"360","00-0032745",1767,0.00431598196047483,0.020893174752819,0.000392361996406803,"Alan Cross","TB","RB",2016
"361","00-0031059",1130,0.00431422293250988,0.0206767818224157,0.000392202084773626,"Marqueston Huff","BAL","DB",2016
"362","00-0032395",1639,0.00431209887888754,0.0199507773529835,0.000392008988989777,"Graham Glasgow","DET","OL",2016
"363","00-0031047",1121,0.00430917174782391,0.018954796628793,0.00039174288616581,"Spencer Long","WAS","OL",2016
"364","00-0031399",1286,0.00430301899499505,0.0217576015406131,0.00039118354499955,"Demetrius Rhaney","LA","OL",2016
"365","00-0025489",134,0.00429790495337534,0.0204831802099259,0.000390718632125031,"Brian Robison","MIN","DL",2016
"366","00-0032891",1835,0.00428218590697464,0.0192860765782565,0.000389289627906786,"Daryl Worley","CAR","DB",2016
"367","00-0027531",332,0.00426786460538805,0.0199799317197412,0.000387987691398914,"Chris Ivory","JAX","RB",2016
"368","00-0030575",1013,0.00425662523447341,0.0202597650598902,0.000386965930406673,"Xavier Rhodes","MIN","DB",2016
"369","00-0032741",1766,0.00424301636383227,0.0203494960816395,0.000385728760348389,"Peyton Barber","TB","RB",2016
"370","00-0029414",685,0.00424185520741533,0.0216721256920877,0.000385623200674121,"Orson Charles","DET","TE",2016
"371","00-0024217",77,0.00422297591076679,0.0204602156615872,0.000383906900978799,"Reggie Bush","BUF","RB",2016
"372","00-0032181",1554,0.00418585312801894,0.0200209697860225,0.000380532102547176,"Houston Bates","WAS","LB",2016
"373","00-0032890",1834,0.00418286409256171,0.0192089691092613,0.000380260372051065,"James Bradberry","CAR","DB",2016
"374","00-0028080",511,0.00416491210338435,0.0193461842541644,0.000378628373034941,"Karl Klug","TEN","DL",2016
"375","00-0030470",950,0.00413936549841375,0.0210064546415155,0.00037630595440125,"Vance McDonald","SF","TE",2016
"376","00-0032144",1536,0.0041275289087079,0.020374916758037,0.000375229900791627,"Melvin Gordon","SD","RB",2016
"377","00-0030279",890,0.00411625815315093,0.0216073853719596,0.000374205286650084,"Keenan Allen","SD","WR",2016
"378","00-0032381",1625,0.00411458928220037,0.0196602354758921,0.000374053571109125,"Taylor Decker","DET","OL",2016
"379","00-0030923",1084,0.0041126299663324,0.020232992951507,0.000373875451484764,"Jeremiah Sirles","MIN","OL",2016
"380","00-0033072",1915,0.0041123158721637,0.020013153726011,0.000373846897469427,"Leonard Floyd","CHI","LB",2016
"381","00-0032098",1508,0.00409876171154971,0.0197313520708058,0.000372614701049974,"Daniel Brown","CHI","TE",2016
"382","00-0027720",372,0.00409054522575127,0.0205902885418335,0.00037186774779557,"Geno Atkins","CIN","DL",2016
"383","00-0032724",1759,0.0040862506603081,0.0217876488098896,0.000371477332755282,"Bryce Treggs","PHI","WR",2016
"384","00-0032466",1693,0.00408247223448708,0.0202262804628367,0.000371133839498826,"George Fant","SEA","OL",2016
"385","00-0031313",1236,0.00407495653913547,0.0196537602045366,0.000370450594466861,"Jordan Tripp","GB","LB",2016
"386","00-0031175",1177,0.00406922743868005,0.0191927117740985,0.000369929767152731,"Cassius Marsh","SEA","LB",2016
"387","00-0028986",598,0.00405761522480902,0.0195237152308675,0.000368874111346274,"Case Keenum","LA","QB",2016
"388","00-0031620",1375,0.00404482226884763,0.0193492426513916,0.000367711115349784,"Deon Simon","NYJ","DL",2016
"389","00-0032149",1540,0.00402130566896817,0.0200339136562752,0.00036557324263347,"John Miller","BUF","OL",2016
"390","00-0031136",1165,0.00401938691224334,0.0203842986378839,0.00036539881020394,"Chris Boswell","PIT","K",2016
"391","00-0031103",1157,0.0040185806077188,0.02156791519072,0.000365325509792618,"Deandre Coleman","BUF","DL",2016
"392","00-0030148",872,0.00398988715976315,0.0212177056749744,0.000362717014523922,"Damion Square","SD","DL",2016
"393","00-0031299",1225,0.00398264921635731,0.0199128664177236,0.000362059019668846,"Jordan Matthews","PHI","WR",2016
"394","00-0027145",309,0.00397486517307326,0.0205793866653824,0.000361351379370296,"Pat McAfee","IND","P",2016
"395","00-0032215",1572,0.00397256598053615,0.0198247914129769,0.000361142361866923,"Damien Wilson","DAL","LB",2016
"396","00-0031948",1460,0.00395624024735635,0.02014277900922,0.000359658204305123,"Ryan Russell","TB","DL",2016
"397","00-0027124",304,0.00395402951643559,0.0201915373080187,0.000359457228766871,"Don Carey","DET","DB",2016
"398","00-0031257",1201,0.00395203305875209,0.0202884862215149,0.000359275732613826,"Paul Richardson","SEA","WR",2016
"399","00-0031576",1348,0.0039486633296339,0.0195625702255479,0.000358969393603082,"Za'Darius Smith","BAL","LB",2016
"400","00-0024235",83,0.00393829016157722,0.0193991836055019,0.000358026378325201,"Tamba Hali","KC","LB",2016
"401","00-0032779",1793,0.00393662333818306,0.0211106953256728,0.000357874848925732,"Caleb Benenoch","TB","OL",2016
"402","00-0032136",1530,0.00392539114773479,0.0201751040625643,0.000356853740703162,"Lorenzo Doss","DEN","DB",2016
"403","00-0030414",925,0.00390396667581625,0.0203711558738902,0.000354906061437841,"Spencer Ware","KC","RB",2016
"404","00-0032127",1522,0.00389531209819145,0.0200498603019567,0.000354119281653769,"Markus Golden","ARI","LB",2016
"405","00-0026500",227,0.00388529716423802,0.0197642641517625,0.000353208833112547,"Matt Slauson","SD","OL",2016
"406","00-0027984",468,0.00383110206801758,0.0197252751064258,0.000348282006183416,"Orlando Franklin","SD","OL",2016
"407","00-0024268",91,0.00382638848369491,0.0185221559051985,0.000347853498517719,"Anthony Fasano","TEN","TE",2016
"408","00-0030391",913,0.00382208728916599,0.0212727390477713,0.000347462480833272,"Mike James","DET","RB",2016
"409","00-0027125",305,0.00381686765528096,0.0203434134860895,0.000346987968661906,"Zach Miller","CHI","TE",2016
"410","00-0032424",1667,0.00379279111212419,0.0194290666206444,0.00034479919201129,"D.J. Reader","HOU","DL",2016
"411","00-0031282",1215,0.00375395466793586,0.0193495884712738,0.000341268606175988,"Justin Britt","SEA","OL",2016
"412","00-0028845",584,0.00375066647876572,0.0209810383717665,0.000340969679887793,"Josh Harris","ATL","LS",2016
"413","00-0023436",49,0.00373022513833369,0.0199097084655806,0.000339111376212154,"Alex Smith","KC","QB",2016
"414","00-0031549",1323,0.00371567478491146,0.0206924131807271,0.000337788616810132,"Nelson Agholor","PHI","WR",2016
"415","00-0031268",1209,0.00370714958847499,0.0199184313093593,0.000337013598952272,"Walt Powell","BUF","WR",2016
"416","00-0028795",579,0.00370196375465974,0.0208115723209616,0.000336542159514522,"Chase Reynolds","LA","RB",2016
"417","00-0031066",1136,0.00369054058648424,0.0210621708676683,0.000335503689680386,"Lorenzo Taliaferro","BAL","RB",2016
"418","00-0030549",998,0.00366123983056966,0.0210646990483835,0.000332839984597242,"Tyler Eifert","CIN","TE",2016
"419","00-0027991",473,0.00363377705437767,0.0204663978914314,0.000330343368579788,"Stephen Paea","CLE","DL",2016
"420","00-0023500",58,0.00361010912367135,0.0204419020117985,0.000328191738515577,"Frank Gore","IND","RB",2016
"421","00-0030921",1083,0.00359734738643062,0.0200928279453224,0.000327031580584602,"Tenny Palepoi","SD","DL",2016
"422","00-0030455",941,0.00359380254605241,0.0201231022628014,0.000326709322368401,"Star Lotulelei","CAR","DL",2016
"423","00-0031795",1416,0.00358964705014655,0.0215374005963608,0.000326331550013323,"DeShawn Williams","CIN","DL",2016
"424","00-0029575",714,0.0035833264239528,0.0205625553708957,0.000325756947632073,"Robert Blanton","BUF","DB",2016
"425","00-0030457",943,0.00355781035412632,0.019803873049841,0.000323437304920575,"Tank Carradine","SF","LB",2016
"426","00-0029384",676,0.00355452014640273,0.0204646884479316,0.000323138195127521,"Bobby Rainey","NYG","RB",2016
"427","00-0029275",655,0.00354856885176375,0.0201812759944145,0.000322597168342159,"Ladarius Green","PIT","TE",2016
"428","00-0032212",1570,0.0035399551913265,0.0198361893021829,0.000321814108302409,"Dexter McDonald","OAK","DB",2016
"429","00-0022942",39,0.00353850144969986,0.0198488980553237,0.000321681949972714,"Philip Rivers","SD","QB",2016
"430","00-0033114",1940,0.00353769230502132,0.0194832722589541,0.000321608391365575,"Mike Thomas","LA","WR",2016
"431","00-0031624",1377,0.00353381789298323,0.0211395115780306,0.000321256172089384,"Edmond Robinson","MIN","LB",2016
"432","00-0025580",145,0.00352350464810352,0.0201394320966564,0.000320318604373048,"Mason Crosby","GB","K",2016
"433","00-0026155",175,0.00351603761888748,0.0204263709181248,0.000319639783535225,"Branden Albert","MIA","OL",2016
"434","00-0027733",375,0.00350224242295763,0.0190738574816195,0.00031838567481433,"Kam Chancellor","SEA","DB",2016
"435","00-0029205",633,0.00348932304830741,0.0195911186219292,0.000317211186209765,"Travaris Cadet","NO","RB",2016
"436","00-0032052",1487,0.0034743926738251,0.0195958808268446,0.000315853879438646,"Dante Fowler","JAX","DL",2016
"437","00-0029586",720,0.00347069737470511,0.0202686517784729,0.00031551794315501,"Derek Wolfe","DEN","DL",2016
"438","00-0022045",20,0.00346973766507029,0.0205256490195516,0.000315430696824571,"Terence Newman","MIN","DB",2016
"439","00-0031265",1208,0.00345479774101346,0.0207043361743608,0.000314072521910314,"Ed Stinson","ARI","DL",2016
"440","00-0030573",1011,0.00340607421240681,0.0202483115225832,0.000309643110218801,"Sheldon Richardson","NYJ","DL",2016
"441","00-0029572",713,0.00340165960869569,0.0207445414833658,0.000309241782608699,"Jarius Wright","MIN","WR",2016
"442","00-0032322",1609,0.00340160405792878,0.0197227385323124,0.00030923673253898,"Dexter McCoil","SD","DB",2016
"443","00-0031241",1196,0.00339288986861938,0.019755255923424,0.000308444533510852,"Devon Kennard","NYG","LB",2016
"444","00-0032445",1681,0.00339120480474191,0.0210222732599819,0.000308291345885628,"Ted Karras","NE","OL",2016
"445","00-0023449",53,0.00336770007204308,0.0201978829332091,0.000306154552003916,"Derrick Johnson","KC","LB",2016
"446","00-0031868",1431,0.0033505156521679,0.0212155963870245,0.000304592332015264,"Damiere Byrd","CAR","WR",2016
"447","00-0030982",1090,0.00334123144415589,0.0213275783811436,0.000303748313105081,"Marcus Roberson","BUF","DB",2016
"448","00-0027282",324,0.003333486205443,0.0205197322401372,0.000303044200494818,"Ben Garland","ATL","OL",2016
"449","00-0023448",52,0.0033195040815952,0.0189263414682601,0.000301773098326837,"Thomas Davis","CAR","LB",2016
"450","00-0032165",1548,0.00331652831325645,0.0200738266835956,0.000301502573932405,"Marcus Peters","KC","DB",2016
"451","00-0031743",1405,0.00329052012752419,0.0203496733243778,0.00029913819341129,"Akeem Hunt","HOU","RB",2016
"452","00-0032426",1669,0.00328239508398098,0.0208554397478239,0.00029839955308918,"Alex Collins","SEA","RB",2016
"453","00-0031031",1113,0.00326929483997053,0.0194966575152042,0.000297208621815502,"Brent Qvale","NYJ","OL",2016
"454","00-0030396",916,0.00326229877228522,0.0202543135788018,0.000296572615662292,"Freddie Bishop","NYJ","LB",2016
"455","00-0031366",1267,0.00325827004617469,0.0201228708429881,0.000296206367834063,"Deone Bucannon","ARI","LB",2016
"456","00-0031632",1380,0.00324019447224673,0.0198595513751255,0.000294563133840612,"Denzelle Good","IND","OL",2016
"457","00-0031757",1406,0.00323799132231745,0.020563025899378,0.000294362847483405,"Lucky Whitehead","DAL","WR",2016
"458","00-0029647",744,0.00323433704087259,0.0206285604937374,0.000294030640079327,"Kyle Wilber","DAL","LB",2016
"459","00-0032371",1619,0.00323003541510778,0.0208073426135543,0.000293639583191616,"Rob Kelley","WAS","RB",2016
"460","00-0027416",329,0.0032168612096461,0.0191745524953679,0.000292441928149645,"Barry Church","DAL","DB",2016
"461","00-0030432",933,0.00321399478444756,0.0213341311476784,0.000292181344040687,"Christine Michael","GB","RB",2016
"462","00-0031152",1167,0.0032127236240288,0.0206054143137799,0.000292065784002618,"Bryan Witzmann","KC","OL",2016
"463","00-0030322",903,0.00321115289641265,0.0214716554043602,0.000291922990582968,"Josh Johnson","JAX","DB",2016
"464","00-0032421",1664,0.00320039374781974,0.0212514585894477,0.000290944886165431,"K.J. Dillon","HOU","DB",2016
"465","00-0032983",1884,0.00319914423660521,0.0204905943281818,0.000290831294236837,"Dominique Alexander","CLE","LB",2016
"466","00-0030505",965,0.00319769957059482,0.0207215583322497,0.000290699960963166,"D.J. Fluker","SD","OL",2016
"467","00-0032965",1870,0.00318910506487818,0.0192246381496764,0.000289918642261653,"Ronnie Stanley","BAL","OL",2016
"468","00-0031521",1315,0.00316741675839847,0.0207235300593498,0.000287946978036224,"Al-Hajj Shabazz","PIT","DB",2016
"469","00-0030992",1093,0.00315507874746166,0.0212783729328311,0.000286825340678332,"Crockett Gillmore","BAL","TE",2016
"470","00-0028060",503,0.00315101155409053,0.0203839839172836,0.000286455595826412,"Chris Hairston","SD","OL",2016
"471","00-0031950",1461,0.00313967020648246,0.0204514160607649,0.000285424564225678,"D.J. Alexander","KC","LB",2016
"472","00-0031170",1173,0.0031331457873162,0.0202785542052657,0.000284831435210564,"Timmy Jernigan","BAL","DL",2016
"473","00-0031120",1160,0.00312333450829248,0.0205039405947524,0.000283939500753861,"Adarius Taylor","TB","LB",2016
"474","00-0028092",517,0.00311453197371469,0.0202913007486118,0.000283139270337699,"Richard Sherman","SEA","DB",2016
"475","00-0029530",700,0.00311323717826368,0.0202728996809746,0.000283021561660335,"Justin Bethel","ARI","DB",2016
"476","00-0032739",1764,0.00310775042457304,0.020754388802825,0.000282522765870277,"Wendall Williams","HOU","WR",2016
"477","00-0033104",1932,0.00309810075417256,0.0214023893185249,0.000281645523106596,"Cody Kessler","CLE","QB",2016
"478","00-0033096",1927,0.00305588058001339,0.0207421063851203,0.000277807325455763,"Shaq Lawson","BUF","DL",2016
"479","00-0029854",794,0.00303211998915446,0.0207757729868598,0.000275647271741315,"C.J. Anderson","DEN","RB",2016
"480","00-0027883",426,0.00302863532765433,0.0204072006161584,0.000275330484332212,"Koa Misi","MIA","LB",2016
"481","00-0030821",1065,0.00302302133583565,0.0200678512405163,0.000274820121439605,"Allen Hurns","JAX","WR",2016
"482","00-0031101",1155,0.00302185438783259,0.0195982170091982,0.000274714035257509,"Shaquil Barrett","DEN","LB",2016
"483","00-0030433",934,0.00301007548739061,0.0197505898723515,0.000273643226126419,"Mike Gillislee","BUF","RB",2016
"484","00-0028083",513,0.00299766366593542,0.0207815026587862,0.000272514878721402,"Jacquizz Rodgers","TB","RB",2016
"485","00-0029580",718,0.00299345879740953,0.0204263392453247,0.000272132617946321,"Rishard Matthews","TEN","WR",2016
"486","00-0029738",776,0.00298452706845911,0.0198348395816942,0.000271320642587192,"Darren Fells","ARI","TE",2016
"487","00-0032879",1830,0.00294562003168035,0.0213732533966534,0.000267783639243669,"Landon Turner","NO","OL",2016
"488","00-0032580",1724,0.00294539774205174,0.0198381114781154,0.000267763431095612,"Jonathan Jones","NE","DB",2016
"489","00-0029672",753,0.00293464008490282,0.0200488406790827,0.000266785462263893,"Riley Reiff","DET","OL",2016
"490","00-0026989",265,0.0029314613748998,0.0195516044382513,0.000266496488627255,"Brian Orakpo","TEN","LB",2016
"491","00-0028339",552,0.00290954556839349,0.0198175869709098,0.000264504142581226,"Mario Addison","CAR","DL",2016
"492","00-0032248",1590,0.00290060798028651,0.019956249313618,0.000263691634571501,"Bryce Hager","LA","LB",2016
"493","00-0026990",266,0.00288998424803476,0.0201998880469125,0.000262725840730432,"Malcolm Jenkins","PHI","DB",2016
"494","00-0026182",185,0.00288888612470667,0.0200312860852618,0.00026262601133697,"Eddie Royal","CHI","WR",2016
"495","00-0023252",45,0.00288649381646038,0.0212694073963183,0.000262408528769125,"Robbie Gould","NYG","K",2016
"496","00-0033132",1952,0.00287465945432074,0.0199005894603712,0.000261332677665522,"Kevin Byard","TEN","DB",2016
"497","00-0026618",235,0.00285928033748853,0.0202842422051309,0.000259934576135321,"Michael Bennett","SEA","DL",2016
"498","00-0031442",1304,0.00285903467228761,0.0196046839374803,0.000259912242935238,"Taylor Lewan","TEN","OL",2016
"499","00-0032452",1685,0.00285615453394335,0.0210794487174634,0.000259650412176668,"Trevor Bates","NE","LB",2016
"500","00-0029304",668,0.00283002844263842,0.0215128694943338,0.000257275312967129,"Brad Nortman","JAX","P",2016
"501","00-0030069",837,0.00282536076038134,0.0206899998245781,0.000256850978216486,"Damontre Moore","SEA","DL",2016
"502","00-0027010",278,0.00282352781933082,0.0195890139810196,0.000256684347211892,"Patrick Chung","NE","DB",2016
"503","00-0029562",708,0.00281848496897994,0.0203256783567521,0.000256225906270904,"Lavonte David","TB","LB",2016
"504","00-0031552",1326,0.00281310123200802,0.0200543021462152,0.000255736475637093,"Jalen Collins","ATL","DB",2016
"505","00-0027853",400,0.0028052087338748,0.0212946234503082,0.0002550189758068,"Teddy Williams","CAR","DB",2016
"506","00-0031989",1471,0.00278376367236588,0.0196905913289673,0.000253069424760535,"Harold Jones-Quartey","CHI","DB",2016
"507","00-0030656",1031,0.00278201215232242,0.0205523826913243,0.000252910195665675,"Isaiah Crowell","CLE","RB",2016
"508","00-0031935",1450,0.00277359138793883,0.0198503196722481,0.000252144671630803,"Preston Smith","WAS","LB",2016
"509","00-0031512",1313,0.00276986832219214,0.0215548588006855,0.000251806211108376,"Jermaine Whitehead","GB","DB",2016
"510","00-0030650",1029,0.00275846976218596,0.019835442814129,0.000250769978380541,"Dewey McDonald","SEA","LB",2016
"511","00-0026184",186,0.00275029929465047,0.0201946381286857,0.000250027208604588,"Matt Forte","NYJ","RB",2016
"512","00-0030572",1010,0.00274756172125262,0.0208980502978378,0.000249778338295692,"D.J. Hayden","OAK","DB",2016
"513","00-0031069",1139,0.00273423704079838,0.0202742620645953,0.000248567003708943,"David Yankey","CAR","OL",2016
"514","00-0026725",239,0.00272464012263463,0.0201829948467485,0.000247694556603148,"Dan Skuta","JAX","LB",2016
"515","00-0020578",9,0.0027233361843781,0.021221983654388,0.000247576016761646,"Matt Bryant","ATL","K",2016
"516","00-0026910",252,0.00270276076557147,0.0199656138345345,0.000245705524142861,"Greg Toler","WAS","DB",2016
"517","00-0032758",1772,0.00270072752245702,0.0204692222260378,0.000245520683859729,"Vernon Hargreaves","TB","DB",2016
"518","00-0027856",403,0.00270064145847653,0.0198881154169238,0.000245512859861502,"Gerald McCoy","TB","DL",2016
"519","00-0032602",1730,0.00270054551199625,0.0207426757583207,0.000245504137454205,"J.D. McKissic","SEA","RB",2016
"520","00-0030088",848,0.0026927421951844,0.0199635268589212,0.000244794745016764,"Quinton Dial","SF","DL",2016
"521","00-0022455",26,0.00269003231461627,0.0210247361893995,0.000244548392237843,"Don Muhlbach","DET","LS",2016
"522","00-0032102",1509,0.00268431150805645,0.0202439108060631,0.000244028318914223,"Stephone Anthony","NO","LB",2016
"523","00-0028171",537,0.00268352491480458,0.01951247945393,0.00024395681043678,"Lawrence Guy","BAL","DL",2016
"524","00-0026298",216,0.00264621473339783,0.02063308833083,0.000240564975763439,"Kellen Davis","NYJ","TE",2016
"525","00-0031953",1463,0.00262473321847198,0.0213086022982547,0.00023861211077018,"Geremy Davis","SD","WR",2016
"526","00-0024272",94,0.00260475638137563,0.020670351724084,0.000236796034670511,"Devin Hester","SEA","WR",2016
"527","00-0030518",974,0.00260220752872812,0.0210474858684973,0.000236564320793466,"Corey Lemonier","NYJ","LB",2016
"528","00-0030559",1004,0.002601748853471,0.0211954955140816,0.000236522623042818,"Matt Elam","BAL","DB",2016
"529","00-0029959",812,0.00259488101106837,0.022003692713035,0.000235898273733488,"Carson Tinker","JAX","LS",2016
"530","00-0023441",50,0.00258139448034688,0.0199543194771388,0.00023467222548608,"Adam Jones","CIN","DB",2016
"531","00-0022927",38,0.00257450314177047,0.0210205491565123,0.000234045740160952,"Karlos Dansby","CIN","LB",2016
"532","00-0029592",722,0.00257360832305957,0.0197009073284998,0.000233964393005416,"Kevin Zeitler","CIN","OL",2016
"533","00-0028899",587,0.0025636166593341,0.0207681973449903,0.000233056059939464,"Rodney McLeod","PHI","DB",2016
"534","00-0026105",166,0.0025513760102348,0.0195126060015193,0.000231943273657709,"Wallace Gilberry","CIN","DL",2016
"535","00-0031907",1440,0.0025494608754648,0.0207311214618128,0.0002317691704968,"Jacoby Glenn","CHI","DB",2016
"536","00-0023682",67,0.00254384634597811,0.0196066772337261,0.000231258758725283,"Ryan Fitzpatrick","NYJ","QB",2016
"537","00-0027539",333,0.00253621173740566,0.0196873148403206,0.000230564703400515,"Anthony Levine","BAL","DB",2016
"538","00-0031035",1114,0.00253378564342822,0.0202554197341694,0.000230344149402565,"Xavier Grimble","PIT","TE",2016
"539","00-0033083",1922,0.002530668384356,0.0204045968450269,0.000230060762214182,"Darian Thompson","NYG","DB",2016
"540","00-0031788",1413,0.00251662475402099,0.02056043588863,0.000228784068547362,"Matt Lengel","NE","TE",2016
"541","00-0027651",342,0.00251434816773771,0.0211933074199251,0.000228577106157974,"Dexter McCluster","SD","RB",2016
"542","00-0028100",520,0.00250933132250204,0.0207598735656068,0.000228121029318368,"Chris Carter","IND","LB",2016
"543","00-0032251",1592,0.00250905590902074,0.0195333646561977,0.000228095991729158,"Damarious Randall","GB","DB",2016
"544","00-0026142",168,0.00250544766927285,0.0197387680599682,0.000227767969933896,"Chris Long","NE","DL",2016
"545","00-0030737",1050,0.00250230542277722,0.0197782480261487,0.000227482311161565,"Freddie Martino","TB","WR",2016
"546","00-0029413",684,0.00248649959444492,0.0205531915090069,0.000226045417676811,"Ben Jones","TEN","OL",2016
"547","00-0030649",1028,0.00248231534364806,0.0203154763018984,0.000225665031240733,"Jonotthan Harrison","IND","OL",2016
"548","00-0032068",1500,0.00248156918618442,0.0206391694102956,0.000225597198744038,"Malcolm Johnson","SEA","RB",2016
"549","00-0027956",449,0.00247900152623146,0.019727778882989,0.000225363775111951,"Corey Liuget","SD","DL",2016
"550","00-0023096",42,0.00246223413374383,0.0213161992483505,0.000223839466703985,"Nick Novak","HOU","K",2016
"551","00-0028087",514,0.0024574478657799,0.0209664537086398,0.000223404351434536,"Dion Lewis","NE","RB",2016
"552","00-0027975",462,0.0024482322588702,0.0204855922613325,0.0002225665689882,"Jabaal Sheard","NE","DL",2016
"553","00-0032399",1643,0.00244483485247521,0.0196934205358988,0.000222257713861383,"Miles Killebrew","DET","DB",2016
"554","00-0030063",832,0.00243742705068767,0.0194349594870709,0.000221584277335243,"Johnathan Hankins","NYG","DL",2016
"555","00-0029620",734,0.00243691933793338,0.0203618243946406,0.000221538121630308,"Brandon Marshall","DEN","LB",2016
"556","00-0032573",1720,0.00243129427252664,0.0204844407759386,0.000221026752047876,"Patrick Onwuasor","BAL","LB",2016
"557","00-0031001",1099,0.00243025836925465,0.0196619843968753,0.00022093257902315,"Jeff Janis","GB","WR",2016
"558","00-0030805",1064,0.00242154010316491,0.0207509934015318,0.000220140009378629,"Je'Ron Hamm","SF","TE",2016
"559","00-0030520",976,0.00240859118065017,0.0208028424311189,0.000218962834604561,"Mike Glennon","TB","QB",2016
"560","00-0028037",493,0.00238673820257853,0.0211574443103948,0.000216976200234411,"K.J. Wright","SEA","LB",2016
"561","00-0032050",1486,0.00236594964874739,0.0198164600088394,0.000215086331704308,"Corey Moore","HOU","DB",2016
"562","00-0032369",1618,0.00236086322776573,0.020608474541512,0.000214623929796885,"Anthony Lanier","WAS","DL",2016
"563","00-0031189",1184,0.0023546036669896,0.0213666972765808,0.000214054878817236,"T.J. Jones","DET","WR",2016
"564","00-0033009",1889,0.00235155127007314,0.0202164135494629,0.000213777388188467,"Tyler Boyd","CIN","WR",2016
"565","00-0030117",863,0.00235128020726323,0.0194826373934765,0.000213752746114839,"Kerwynn Williams","ARI","RB",2016
"566","00-0027791",389,0.0023483205091524,0.021986162714814,0.000213483682650218,"James Starks","GB","RB",2016
"567","00-0026498",226,0.00234715529512994,0.0195226237166147,0.000213377754102722,"Matthew Stafford","DET","QB",2016
"568","00-0031334",1244,0.00234643497160488,0.0204774583532819,0.000213312270145898,"Jason Verrett","SD","DB",2016
"569","00-0030001",816,0.0023376895416758,0.0206341823114272,0.000212517231061437,"Joe Vellano","ATL","DL",2016
"570","00-0031594",1362,0.00233568700069491,0.0195632127964234,0.000212335181881355,"Tony Lippett","MIA","DB",2016
"571","00-0026175",182,0.00232510247756701,0.0202396172552271,0.000211372952506092,"Brandon Flowers","SD","DB",2016
"572","00-0030459",945,0.00230868457512305,0.0202014434064861,0.000209880415920277,"Tyrann Mathieu","ARI","DB",2016
"573","00-0031312",1235,0.00230736448245685,0.0197373985751921,0.000209760407496078,"Ed Reynolds","CLE","DB",2016
"574","00-0027866",412,0.00230700835162601,0.0196143805731511,0.000209728031966001,"Earl Thomas","SEA","DB",2016
"575","00-0032408",1652,0.00228436619881917,0.0193141704324766,0.000207669654438106,"Blake Martinez","GB","LB",2016
"576","00-0029268",651,0.00228164657242268,0.0205305193107333,0.000207422415674789,"Gino Gradkowski","CAR","OL",2016
"577","00-0031302",1228,0.00227652817407264,0.0200395497377179,0.000206957106733876,"C.J. Fiedorowicz","HOU","TE",2016
"578","00-0027060",296,0.00226300273285619,0.0203109909693169,0.000205727521168745,"Lardarius Webb","BAL","DB",2016
"579","00-0030574",1012,0.00225055400110253,0.0206665862747254,0.000204595818282048,"Sharrif Floyd","MIN","DL",2016
"580","00-0030442",937,0.00223427689078582,0.0197013323915396,0.000203116080980529,"John Simon","HOU","LB",2016
"581","00-0032234",1580,0.00223291862049066,0.0205762992238085,0.000202992601862787,"Laken Tomlinson","DET","OL",2016
"582","00-0028030",491,0.00223019926070931,0.0198119063461696,0.00020274538733721,"Joe Barksdale","SD","OL",2016
"583","00-0031942",1456,0.00220831182029074,0.0206777232039556,0.000200755620026431,"Arie Kouandjio","WAS","OL",2016
"584","00-0030142",870,0.00219578434084712,0.0207677265773318,0.000199616758258829,"Brad Wing","NYG","P",2016
"585","00-0030073",840,0.00218440754290722,0.0202679263785311,0.000198582503900656,"Duke Williams","IND","DB",2016
"586","00-0030590",1020,0.00217999916878079,0.0201088059157696,0.000198181742616435,"Jonathan Cooper","DAL","OL",2016
"587","00-0029607",729,0.00217621992184408,0.0189444401396674,0.000197838174713098,"Demario Davis","CLE","LB",2016
"588","00-0032508",1707,0.00217579632362789,0.0204450930257443,0.000197799665784353,"Hakeem Valles","ARI","TE",2016
"589","00-0032964",1869,0.00215862228219933,0.0210965898603144,0.000196238389290848,"Byron Marshall","PHI","WR",2016
"590","00-0031936",1451,0.00215503188223626,0.0202668152018257,0.000195911989294205,"Mitch Morse","KC","OL",2016
"591","00-0030752",1052,0.00215092395502196,0.0196731455333742,0.000195538541365632,"Jay Elliott","GB","LB",2016
"592","00-0027855",402,0.00214275507784585,0.0199661053471311,0.000194795916167804,"Ndamukong Suh","MIA","DL",2016
"593","00-0026950",257,0.00213893715448061,0.0205553103593373,0.00019444883222551,"A.Q. Shipley","ARI","OL",2016
"594","00-0031262",1205,0.00213143327601586,0.0210165955274179,0.000193766661455987,"Bene' Benwikere","GB","DB",2016
"595","00-0029310",670,0.00210246107400663,0.0194386379210961,0.000191132824909694,"Cam Johnson","CLE","LB",2016
"596","00-0032104",1511,0.0020955932064804,0.0210370525207347,0.0001905084733164,"Ameer Abdullah","DET","RB",2016
"597","00-0032138",1532,0.00207426295631721,0.0209119424784754,0.000188569359665201,"Darius Kilgo","NE","DL",2016
"598","00-0031258",1202,0.00207006784529374,0.0197245638270474,0.000188187985935794,"Jeremiah Attaochu","SD","LB",2016
"599","00-0032042",1483,0.00206835031760547,0.0215875954562932,0.000188031847055042,"Curtis Riley","TEN","DB",2016
"600","00-0031345",1252,0.00205764833934637,0.0202244448919224,0.000187058939940579,"Jimmy Garoppolo","NE","QB",2016
"601","00-0028411",557,0.00204326346498837,0.0198382578818211,0.000185751224089852,"Dontrelle Inman","SD","WR",2016
"602","00-0028434",559,0.00203296787463428,0.0212654416639438,0.000184815261330389,"Doug Baldwin","SEA","WR",2016
"603","00-0030899",1082,0.00203014205941596,0.0196269856548667,0.000184558369037815,"Garry Gilliam","SEA","OL",2016
"604","00-0032637",1738,0.00202977248244403,0.0205123958837808,0.000184524771131276,"Andrew Adams","NYG","DB",2016
"605","00-0031902",1438,0.00202836837121395,0.0207046132456662,0.000184397124655813,"Jonathan Anderson","CHI","LB",2016
"606","00-0029415",686,0.00202833405841544,0.0213371238625571,0.000184394005310495,"Keshawn Martin","SF","WR",2016
"607","00-0030060",829,0.00202129642682747,0.0191766260232211,0.00018375422062068,"Kenny Vaccaro","NO","DB",2016
"608","00-0027993",474,0.00201832440823043,0.0197809336973083,0.000183484037111857,"Rodney Hudson","OAK","OL",2016
"609","00-0027858",405,0.00200975034217068,0.0198213827779848,0.000182704576560971,"Eric Berry","KC","DB",2016
"610","00-0029289",662,0.00200748075969427,0.0200723467687571,0.000182498250881297,"Korey Toomer","SD","LB",2016
"611","00-0024239",84,0.00200646503710861,0.0205118163374978,0.000182405912464419,"Johnathan Joseph","HOU","DB",2016
"612","00-0029129",620,0.00200613178886125,0.0204706892926976,0.000182375617169204,"Rod Streater","SF","WR",2016
"613","00-0027067",299,0.00199179470762015,0.0203702642019459,0.000181072246147286,"Rashad Johnson","TEN","DB",2016
"614","00-0025394",115,0.00198707686181344,0.0211739189295261,0.000180643351073949,"Adrian Peterson","MIN","RB",2016
"615","00-0031878",1434,0.00198222266085551,0.0217406906856804,0.000180202060077774,"Robertson Daniel","BAL","DB",2016
"616","00-0027885",427,0.00196720878407681,0.0201612995579592,0.000178837162188801,"Linval Joseph","MIN","DL",2016
"617","00-0030682",1039,0.00195445706309428,0.0208628636322059,0.000177677914826753,"Shamiel Gary","BUF","DB",2016
"618","00-0032781",1795,0.00194599537997443,0.0207850212622865,0.000176908670906767,"Matthew Ioannidis","WAS","DL",2016
"619","00-0030092",852,0.00194553127249762,0.0202806686513488,0.000176866479317966,"Sam Martin","DET","P",2016
"620","00-0032796",1808,0.00193918097828888,0.0212913150767672,0.000176289179844443,"Dadi Nicolas","KC","LB",2016
"621","00-0030584",1018,0.00193358992065718,0.0206475234532748,0.000175780901877925,"Eric Fisher","KC","OL",2016
"622","00-0030585",1019,0.00192029090480972,0.0195366497684317,0.000174571900437247,"Justin Pugh","NYG","OL",2016
"623","00-0021678",18,0.00191828171784263,0.0202340583520682,0.000174389247076603,"Tony Romo","DAL","QB",2016
"624","00-0026286",211,0.00191193424948255,0.0200608057435641,0.000173812204498414,"Jerome Felton","BUF","RB",2016
"625","00-0032617",1731,0.00188599350617413,0.0203154023255999,0.000171453955106739,"Lafayette Pitts","MIA","DB",2016
"626","00-0031367",1268,0.0018782496908683,0.0199037670052285,0.000170749971897118,"Gabe Jackson","OAK","OL",2016
"627","00-0032146",1538,0.00187760770533534,0.0199005612530364,0.00017069160957594,"Bud Dupree","PIT","LB",2016
"628","00-0028052",501,0.00187704660755048,0.020591729279744,0.000170640600686408,"Cecil Shorts","TB","WR",2016
"629","00-0026625",236,0.00187429263517862,0.0207635339427445,0.000170390239561693,"Brian Hoyer","CHI","QB",2016
"630","00-0030041",823,0.0018715461169657,0.01961835022503,0.000170140556087791,"Nickell Robey-Coleman","BUF","DB",2016
"631","00-0029263",649,0.00187051145029602,0.0206423642260156,0.000170046495481457,"Russell Wilson","SEA","QB",2016
"632","00-0032753",1770,0.0018525886425161,0.0210128484749347,0.000168417149319646,"Luke Rhodes","IND","LB",2016
"633","00-0023445",51,0.00185193052857036,0.020601790470715,0.000168357320779123,"DeMarcus Ware","DEN","LB",2016
"634","00-0030538",988,0.00183362134865984,0.0196221074758411,0.000166692849878167,"Johnathan Cyprien","JAX","DB",2016
"635","00-0027829",397,0.00183341591592433,0.0200470452771161,0.000166674174174939,"Ricardo Mathews","PIT","DL",2016
"636","00-0026999",272,0.00182103767357743,0.0205545498843728,0.00016554887941613,"Michael Oher","CAR","OL",2016
"637","00-0032567",1717,0.00181327135497366,0.0217281488369718,0.000164842850452151,"Anthony Fabiano","CLE","OL",2016
"638","00-0033064",1911,0.00178975493653078,0.0208527338303582,0.000162704994230071,"Adam Gotsis","DEN","DL",2016
"639","00-0030456",942,0.00177832266863964,0.0201941743876941,0.000161665697149058,"Giovani Bernard","CIN","RB",2016
"640","00-0025503",136,0.0017775673455407,0.0216071476450563,0.000161597031412791,"Zak DeOssie","NYG","LS",2016
"641","00-0031061",1132,0.00177336357056063,0.0200425850180046,0.000161214870050967,"Dontae Johnson","SF","DB",2016
"642","00-0026983",263,0.00177044713486099,0.0207302962727786,0.000160949739532817,"Darrius Heyward-Bey","PIT","WR",2016
"643","00-0028112",526,0.00176700878931464,0.0207247745272396,0.000160637162664968,"Charles Clay","BUF","TE",2016
"644","00-0031218",1189,0.00176646423051071,0.0202109339336273,0.000160587657319155,"Malcolm Butler","NE","DB",2016
"645","00-0027865",411,0.00176044997320769,0.021046561975843,0.000160040906655244,"Brandon Graham","PHI","DL",2016
"646","00-0030515",971,0.00175330631378738,0.0198524608063705,0.00015939148307158,"Stacy McGee","OAK","DL",2016
"647","00-0030705",1045,0.00174597880639886,0.0216680512064186,0.00015872534603626,"Juwan Thompson","DEN","RB",2016
"648","00-0032659",1743,0.00174340399317584,0.0202550394142506,0.000158491272106894,"Roger Lewis","NYG","WR",2016
"649","00-0031046",1120,0.0017401577436863,0.0198635883906615,0.000158196158516937,"Jack Mewhort","IND","OL",2016
"650","00-0031619",1374,0.00173862258299083,0.0203956627485956,0.000158056598453712,"Christian Covington","HOU","DL",2016
"651","00-0031172",1175,0.00173431891340598,0.0200032216228841,0.00015766535576418,"Khyri Thornton","DET","DL",2016
"652","00-0023516",60,0.00172720344359348,0.0198882024963483,0.000157018494872135,"Richie Incognito","BUF","OL",2016
"653","00-0031958",1466,0.00172280712903544,0.0209626243634346,0.000156618829912313,"Austin Reiter","CLE","OL",2016
"654","00-0031665",1382,0.00170684972369217,0.0210195099526259,0.000155168156699288,"Zach Zenner","DET","RB",2016
"655","00-0025424",126,0.00169481247805821,0.0206734941153888,0.000154073861641655,"Eric Weddle","BAL","DB",2016
"656","00-0029594",723,0.00169175806677985,0.0204867015830193,0.000153796187889077,"Sean Spence","TEN","LB",2016
"657","00-0032759",1773,0.00166863459563984,0.0212638716727855,0.000151694054149076,"Sheldon Rankins","NO","DL",2016
"658","00-0020337",7,0.00166449461601331,0.0192539927991799,0.000151317692364846,"Steve Smith","BAL","WR",2016
"659","00-0032859",1825,0.00166220613363686,0.0205835789444704,0.000151109648512442,"Destiny Vaeao","PHI","DL",2016
"660","00-0031080",1146,0.00165426951773139,0.0204920115590443,0.000150388137975581,"Demetri Goodson","GB","DB",2016
"661","00-0023853",71,0.00165267626704143,0.0214602888190491,0.000150243297003767,"Matt Prater","DET","K",2016
"662","00-0032204",1565,0.00164703496563735,0.0204356526583713,0.000149730451421578,"Chaz Green","DAL","OL",2016
"663","00-0031687",1386,0.0016416726559749,0.0209660407527497,0.000149242968724991,"Raheem Mostert","SF","RB",2016
"664","00-0032396",1640,0.00163752994224371,0.0214470488865008,0.000148866358385792,"Vincent Valentine","NE","DL",2016
"665","00-0031502",1310,0.00162082031662769,0.0208445933712103,0.000147347301511608,"Jordan Berry","PIT","P",2016
"666","00-0032820",1817,0.00161052079897857,0.0199049758853789,0.000146410981725324,"Terrance Smith","KC","LB",2016
"667","00-0029641",742,0.00160694711961678,0.0209769696701606,0.000146086101783343,"Tyrone Crawford","DAL","DL",2016
"668","00-0028063",504,0.00159032272927676,0.0204928549066188,0.000144574793570615,"Taiwan Jones","OAK","RB",2016
"669","00-0032922",1848,0.00158384472227201,0.0197092950244831,0.00014398588384291,"Marwin Evans","GB","DB",2016
"670","00-0027941",437,0.00157378919862732,0.0189269328326042,0.000143071745329757,"Marcell Dareus","BUF","DL",2016
"671","00-0032135",1529,0.00156408880427169,0.0204759590615399,0.000142189891297427,"Jesse James","PIT","TE",2016
"672","00-0032233",1579,0.00156340249045258,0.0195888492254709,0.000142127499132053,"Cedric Ogbuehi","CIN","OL",2016
"673","00-0024030",73,0.00156015319886383,0.0202553127063647,0.00014183210898762,"Tom Johnson","MIN","DL",2016
"674","00-0022824",33,0.00155424589614053,0.0206221366511881,0.000141295081467321,"Andy Lee","CAR","P",2016
"675","00-0031533",1316,0.0015459111704482,0.0199404873990662,0.000140537379131655,"Randall Telfer","CLE","TE",2016
"676","00-0029329",674,0.00153751181151551,0.0199152977730758,0.000139773801046864,"Neiko Thorpe","SEA","DB",2016
"677","00-0033091",1925,0.0015286463864745,0.0213065676731345,0.000138967853315864,"KeiVarae Russell","CIN","DB",2016
"678","00-0033097",1928,0.00152800992567648,0.0213182060015436,0.000138909993243317,"Shon Coleman","CLE","OL",2016
"679","00-0026240",200,0.00152442713738582,0.0195263103933125,0.000138584285216893,"Tyvon Branch","ARI","DB",2016
"680","00-0031297",1223,0.00152408799537718,0.0205931875745277,0.000138553454125198,"Dee Ford","KC","LB",2016
"681","00-0032137",1531,0.00152395705952045,0.0206404819438021,0.000138541550865495,"JaCorey Shepherd","SF","DB",2016
"682","00-0027894",429,0.00150950000538713,0.0202914479368028,0.000137227273217011,"NaVorro Bowman","SF","LB",2016
"683","00-0024243",86,0.00150837223458108,0.0191979377482977,0.00013712474859828,"Marcedes Lewis","JAX","TE",2016
"684","00-0032147",1539,0.00150639046291918,0.0203220558968309,0.000136944587538107,"Ty Sambrailo","DEN","OL",2016
"685","00-0027756",382,0.0014992749420623,0.020146773201432,0.000136297722005663,"Arthur Jones","IND","DL",2016
"686","00-0032218",1574,0.00149038339625529,0.0201784656735296,0.000135489399659571,"Dorial Green-Beckham","PHI","WR",2016
"687","00-0026901",251,0.00148752948412634,0.0200679750780689,0.000135229953102394,"Mike Wallace","BAL","WR",2016
"688","00-0030706",1046,0.00148443781060597,0.0203689753490232,0.00013494889187327,"Josh Andrews","PHI","OL",2016
"689","00-0032592",1726,0.00147699780191868,0.0206829617447681,0.000134272527447153,"Sharrod Neasman","ATL","DB",2016
"690","00-0029613",732,0.00146801256578576,0.020027206102018,0.000133455687798705,"Doug Martin","TB","RB",2016
"691","00-0029308",669,0.00146285913322279,0.0218535242466467,0.000132987193929345,"Greg Scruggs","NE","TE",2016
"692","00-0026502",228,0.00144368597457804,0.0206694360024927,0.000131244179507094,"Ricky Jean Francois","WAS","DL",2016
"693","00-0030395",915,0.00144307180209304,0.0199163375719403,0.000131188345644822,"Don Jones","HOU","DB",2016
"694","00-0031325",1239,0.00144131742010201,0.0207952777666371,0.00013102885637291,"Sammy Watkins","BUF","WR",2016
"695","00-0032070",1502,0.00142639945064441,0.0215010412180762,0.00012967267733131,"Dezmin Lewis","BUF","WR",2016
"696","00-0025470",131,0.00141499965790428,0.0201406766275285,0.000128636332536753,"Charles Johnson","CAR","DL",2016
"697","00-0032484",1698,0.00141330268293244,0.020928317988926,0.000128482062084767,"Vontarrius Dora","DEN","LB",2016
"698","00-0031548",1322,0.00140463926684214,0.020395359909294,0.000127694478803831,"Kevin Johnson","HOU","DB",2016
"699","00-0031484",1306,0.00139753681789445,0.0216076548279105,0.000127048801626768,"Chris Manhertz","CAR","TE",2016
"700","00-0026327",218,0.00137202514760848,0.0200528374108172,0.000124729558873498,"John Sullivan","WAS","OL",2016
"701","00-0030348",904,0.00136217877051672,0.0204778791701906,0.000123834433683338,"Khiry Robinson","NYJ","RB",2016
"702","00-0030937",1085,0.00134191118556451,0.021051312220983,0.00012199192596041,"Zac Kerin","MIN","OL",2016
"703","00-0028564",567,0.0013390578223302,0.0184868490294848,0.000121732529302745,"Isa Abdul-Quddus","MIA","DB",2016
"704","00-0027864",410,0.00132622849568178,0.0209343379561661,0.000120566226880162,"Ryan Mathews","PHI","RB",2016
"705","00-0030770",1056,0.00132121890193471,0.0202132083703795,0.000120110809266792,"Brock Coyle","SEA","LB",2016
"706","00-0031682",1384,0.00131462904224872,0.0214056872833388,0.00011951173111352,"Terron Ward","ATL","RB",2016
"707","00-0029253",642,0.00130652717954549,0.0202659796267674,0.000118775198140499,"Mitchell Schwartz","KC","OL",2016
"708","00-0030801",1062,0.00130591129934343,0.0197206181208528,0.000118719209031221,"Brandon Coleman","NO","WR",2016
"709","00-0031574",1346,0.00130511700128578,0.0208654471210506,0.000118647000116889,"Gabe Wright","CLE","DL",2016
"710","00-0027996",476,0.00130030623474056,0.0196907127135503,0.000118209657703687,"Torrey Smith","SF","WR",2016
"711","00-0031570",1343,0.00128316241138835,0.019797810242172,0.000116651128308032,"Justin Hardy","ATL","WR",2016
"712","00-0030789",1060,0.00127073792890284,0.0206967813034227,0.000115521629900258,"Antonio Andrews","TEN","RB",2016
"713","00-0030085",847,0.00126604914197749,0.0198810844836232,0.000115095376543408,"Kenny Stills","MIA","WR",2016
"714","00-0031058",1129,0.00126203060876125,0.0197611562870805,0.000114730055341932,"Carl Bradford","SF","LB",2016
"715","00-0032701",1756,0.00125884198363181,0.0211674697211103,0.000114440180330165,"Jake Brendel","MIA","OL",2016
"716","00-0031208",1188,0.00125715894922341,0.0210337821033779,0.000114287177202128,"Chris McCain","NO","LB",2016
"717","00-0031006",1100,0.00125569190768446,0.0209636324440225,0.000114153809789497,"Robert Thomas","NYG","DL",2016
"718","00-0029627",736,0.0012410445005387,0.0211494716126477,0.0001128222273217,"Jack Crawford","DAL","DL",2016
"719","00-0031055",1127,0.00124059549542972,0.0211589987418717,0.000112781408675429,"Andre Williams","SD","RB",2016
"720","00-0029193",631,0.00123331509914827,0.0194630389124748,0.000112119554468024,"Bruce Irvin","OAK","LB",2016
"721","00-0031713",1394,0.00122589106107423,0.0203351901810033,0.000111444641915839,"Xavier Williams","ARI","DL",2016
"722","00-0028570",568,0.00121799420867113,0.0225958406151884,0.00011072674624283,"Taylor Boggs","ARI","OL",2016
"723","00-0028581",569,0.00121523273921299,0.0207760138017913,0.000110475703564818,"Patrick DiMarco","ATL","RB",2016
"724","00-0032388",1632,0.0011969386203555,0.0200268101961635,0.0001088126018505,"Deion Jones","ATL","LB",2016
"725","00-0031045",1119,0.00117429714800033,0.0202163514149256,0.000106754286181848,"Carlos Hyde","SF","RB",2016
"726","00-0032620",1732,0.00117130776911515,0.020737219549375,0.000106482524465013,"A.J. Hendy","MIA","DB",2016
"727","00-0032804",1814,0.00116997151934788,0.0218963829842358,0.000106361047213444,"Daniel Lasco","NO","RB",2016
"728","00-0032463",1690,0.00115007961315334,0.0209588540634481,0.000104552692104849,"Kyle Peko","DEN","DL",2016
"729","00-0032943",1858,0.0011260779716689,0.0212653512502044,0.000102370724697173,"Riley Dixon","DEN","P",2016
"730","00-0033127",1948,0.00111204749561381,0.0196291967580891,0.000101095226873983,"Will Fuller","HOU","WR",2016
"731","00-0032929",1849,0.00111056088848071,0.020584519813041,0.000100960080770974,"James Cowser","OAK","DL",2016
"732","00-0023298",47,0.0011099543400803,0.0202761310435451,0.0001009049400073,"L.P. LaDouceur","DAL","LS",2016
"733","00-0029699",769,0.00110646539317934,0.0207428010510762,0.000100587763016304,"Tony Bergstrom","HOU","OL",2016
"734","00-0032897",1841,0.00110126295583455,0.0197739425891014,0.000100114814166777,"Derek Watt","SD","RB",2016
"735","00-0030629",1025,0.00109910767052958,0.0221210435314605,9.99188791390525e-05,"Jeremy Vujnovich","IND","OL",2016
"736","00-0032894",1838,0.00109676086739004,0.0199281805155563,9.97055333990944e-05,"Joshua Perry","SD","LB",2016
"737","00-0029394",679,0.00109643919356836,0.0206506429909963,9.96762903243963e-05,"Brenton Bersin","CAR","WR",2016
"738","00-0031225",1190,0.00109236212400157,0.0212213907401802,9.93056476365063e-05,"Julius Warmsley","MIA","DL",2016
"739","00-0030829",1068,0.00108536973441414,0.0212568854214241,9.86699758558305e-05,"Josh Wells","JAX","OL",2016
"740","00-0026019",162,0.0010779324458526,0.0206567850945497,9.79938587138731e-05,"Danny Woodhead","SD","RB",2016
"741","00-0031793",1415,0.00105711070974439,0.0203317292701007,9.61009736131262e-05,"Terrell Watson","PHI","RB",2016
"742","00-0032009",1478,0.00105588190626202,0.0194181188865785,9.59892642056384e-05,"Adam Humphries","TB","WR",2016
"743","00-0031732",1401,0.00105566298507182,0.0206112511378524,9.59693622792562e-05,"Connor Hamlett","CLE","TE",2016
"744","00-0030500",961,0.00105355670041987,0.0217023122712564,9.5777881856352e-05,"Nick Williams","MIA","DL",2016
"745","00-0026944",256,0.00105238543800438,0.0203269923095878,9.56714034549435e-05,"Captain Munnerlyn","MIN","DB",2016
"746","00-0031397",1285,0.00104554019096708,0.0208814379012346,9.50491082697345e-05,"Christian Bryant","ARI","DB",2016
"747","00-0032423",1666,0.00103362435937368,0.0195976310426456,9.39658508521523e-05,"Trevor Davis","GB","WR",2016
"748","00-0027195",313,0.00102391690275962,0.0194656389919862,9.30833547963291e-05,"Rafael Bush","DET","DB",2016
"749","00-0028024",488,0.00102213532402637,0.019939661063856,9.29213930933062e-05,"Allen Bailey","KC","DL",2016
"750","00-0030091",851,0.00102133033164544,0.0214073858232617,9.28482119677676e-05,"Tavarres King","NYG","WR",2016
"751","00-0029665",749,0.000993660224120038,0.021031128933469,9.03327476472762e-05,"Robert Griffin III","CLE","QB",2016
"752","00-0032479",1696,0.000986383822488664,0.0209459497757813,8.96712565898786e-05,"Tyvis Powell","SEA","DB",2016
"753","00-0022161",24,0.000976318864522238,0.0204337517383025,8.87562604111126e-05,"Terrell Suggs","BAL","LB",2016
"754","00-0029621",735,0.000945936345199037,0.020872470459364,8.59942131999125e-05,"Greg Zuerlein","LA","K",2016
"755","00-0031733",1402,0.000945279908488808,0.0213411912394299,8.59345371353462e-05,"Nick Marshall","NYJ","DB",2016
"756","00-0032418",1661,0.000942277920128654,0.0204240087308078,8.56616291026049e-05,"Joe Dahl","DET","OL",2016
"757","00-0028943",594,0.000939049832312823,0.0201507574903906,8.5368166573893e-05,"Steven Johnson","PIT","LB",2016
"758","00-0030565",1008,0.000929469366425182,0.0212907543042036,8.4497215129562e-05,"Geno Smith","NYJ","QB",2016
"759","00-0032631",1736,0.000925289369747756,0.0217473310405478,8.41172154316142e-05,"Makinton Dorleant","GB","DB",2016
"760","00-0032905",1844,0.000924449827288806,0.0212222415798714,8.40408933898914e-05,"Chris Landrum","SD","LB",2016
"761","00-0030781",1059,0.000916596662697973,0.0212806629841582,8.33269693361794e-05,"Trey Hopkins","CIN","OL",2016
"762","00-0032860",1826,0.000903463846901731,0.0205289913109886,8.21330769910664e-05,"Mehdi Abdesmad","TEN","DL",2016
"763","00-0032856",1823,0.000902823655373619,0.0206314518858124,8.20748777612381e-05,"C.J. Smith","PHI","DB",2016
"764","00-0028660",572,0.00090059282016712,0.0204001601063278,8.18720745606473e-05,"Dan Bailey","DAL","K",2016
"765","00-0031895",1435,0.000882223327339356,0.0203955850883516,8.02021206672142e-05,"Ronald Martin","NYJ","DB",2016
"766","00-0028249",545,0.000875386841404775,0.0212433462138071,7.95806219458887e-05,"Jeremy Ross","ARI","WR",2016
"767","00-0028787",578,0.000873597679377301,0.0214968443727847,7.94179708524819e-05,"Kai Forbath","MIN","K",2016
"768","00-0022684",28,0.00086113742054028,0.0208681333117955,7.82852200491164e-05,"Donnie Jones","PHI","P",2016
"769","00-0025401",117,0.000857863336061333,0.0196894154274733,7.79875760055758e-05,"Darrelle Revis","NYJ","DB",2016
"770","00-0029107",615,0.000851479691988426,0.0199600333463805,7.74072447262206e-05,"Kelcie McCray","SEA","DB",2016
"771","00-0026144",170,0.000840990113822108,0.0216220584309359,7.64536467111008e-05,"Darren McFadden","DAL","RB",2016
"772","00-0032889",1833,0.000829707736903869,0.0200718001070987,7.54279760821699e-05,"A'Shawn Robinson","DET","DL",2016
"773","00-0032393",1637,0.000828273885440863,0.0209627939691072,7.52976259491694e-05,"C.J. Prosise","SEA","RB",2016
"774","00-0031861",1430,0.000828084257316159,0.0211258980322653,7.52803870287417e-05,"Julian Howsare","SEA","RB",2016
"775","00-0032438",1677,0.000826152398406974,0.0212943060362366,7.51047634915431e-05,"Maurice Canady","BAL","DB",2016
"776","00-0031084",1148,0.000824086828235542,0.0211787964864135,7.49169843850493e-05,"Eric Pinkins","NYG","DB",2016
"777","00-0030529",984,0.000795326772723563,0.0202709036835894,7.23024338839602e-05,"Sio Moore","ARI","LB",2016
"778","00-0027977",463,0.000790249340124027,0.0191751384016864,7.18408491021843e-05,"Akeem Ayers","IND","LB",2016
"779","00-0032261",1597,0.000788893936596507,0.0187018722216911,7.17176305996824e-05,"Malcom Brown","NE","DL",2016
"780","00-0029065",611,0.000787533896981046,0.020337379986707,7.15939906346405e-05,"Johnson Bademosi","DET","DB",2016
"781","00-0030281",892,0.000785697037272246,0.0209692217601958,7.1427003388386e-05,"Sean Porter","JAX","LB",2016
"782","00-0023003",41,0.000780575218828982,0.0208939336009833,7.09613835299074e-05,"Greg Warren","PIT","LS",2016
"783","00-0032107",1513,0.000778932595331399,0.0206908051635177,7.08120541210363e-05,"Angelo Blackson","TEN","DL",2016
"784","00-0032520",1710,0.000763010157265549,0.0215298714451121,6.93645597514136e-05,"Rashod Hill","MIN","OL",2016
"785","00-0027763",384,0.000761748296276006,0.0203438369182258,6.92498451160005e-05,"Crezdon Butler","DET","DB",2016
"786","00-0032065",1499,0.000751889750814711,0.0209824768117594,6.83536137104283e-05,"Bradley Pinion","SF","P",2016
"787","00-0027745",380,0.000746031344782219,0.0203751153788813,6.78210313438381e-05,"Cam Thomas","LA","DL",2016
"788","00-0032569",1718,0.000740732957999208,0.0220547024345169,6.73393598181098e-05,"Wil Lutz","NO","K",2016
"789","00-0030541",990,0.000736061418608823,0.0212023615263577,6.69146744189839e-05,"Blidi Wreh-Wilson","ATL","DB",2016
"790","00-0031186",1183,0.000735750643022002,0.0213440910123838,6.68864220929093e-05,"Kenneth Acker","KC","DB",2016
"791","00-0031567",1340,0.000733923013672359,0.0196635638470217,6.67202739702144e-05,"Daryl Williams","CAR","OL",2016
"792","00-0032652",1741,0.000728111722477145,0.0213599679556144,6.61919747706496e-05,"Herb Waters","GB","WR",2016
"793","00-0031876",1433,0.000721923460612263,0.0206218922935993,6.56294055102058e-05,"Matt Wile","ARI","P",2016
"794","00-0029690",763,0.000711829656086927,0.0202228011800129,6.47117869169934e-05,"Trumaine Johnson","LA","DB",2016
"795","00-0032160",1545,0.000709735792637383,0.0203475785808451,6.45214356943075e-05,"Tyrell Williams","SD","WR",2016
"796","00-0032491",1701,0.000696015244816321,0.020916659976136,6.32741131651201e-05,"Bryson Albright","BUF","LB",2016
"797","00-0031365",1266,0.000690845256138131,0.0197754629322035,6.28041141943756e-05,"Ryan Shazier","PIT","LB",2016
"798","00-0032960",1868,0.00068991660544076,0.0213524100187238,6.27196914037054e-05,"Wynton McManis","SF","LB",2016
"799","00-0032319",1607,0.000680797982518203,0.0204566808785685,6.1890725683473e-05,"Ross Travis","KC","TE",2016
"800","00-0032950",1860,0.000673532188814557,0.0205244805870722,6.12301989831416e-05,"Carson Wentz","PHI","QB",2016
"801","00-0030652",1030,0.000670188268838199,0.0217028033596499,6.09262062580181e-05,"Josh Walker","HOU","OL",2016
"802","00-0032529",1713,0.000665227388541753,0.0222232644194134,6.04752171401593e-05,"Johnny Maxey","PIT","DL",2016
"803","00-0032358",1614,0.000661121860329968,0.0197578465522802,6.01019873027244e-05,"Tevaun Smith","IND","WR",2016
"804","00-0031503",1311,0.000659558012402591,0.0195247528348339,5.99598193093265e-05,"Jameis Winston","TB","QB",2016
"805","",1,0.000650739479317299,0.02135876600054,5.91581344833908e-05,NA,NA,NA,NA
"806","00-0030557",1002,0.000650133990266612,0.0212130975206258,5.91030900242374e-05,"Josh Evans","WAS","DB",2016
"807","00-0032725",1760,0.000639251094305232,0.0209446650615589,5.81137358459302e-05,"Stephen Anderson","HOU","TE",2016
"808","00-0032841",1820,0.000635638921162968,0.0217559229419077,5.77853564693607e-05,"Paul Turner","PHI","WR",2016
"809","00-0032353",1612,0.000615925748473732,0.0201095106890825,5.59932498612484e-05,"Chris Milton","IND","DB",2016
"810","00-0029729",774,0.000610024876066448,0.0218592615967159,5.54568069151316e-05,"Austin Johnson","TB","RB",2016
"811","00-0032320",1608,0.000608559052231847,0.0210708269428323,5.53235502028952e-05,"Erik Harris","NO","DB",2016
"812","00-0031959",1467,0.000601349809677744,0.0212671248073342,5.46681645161585e-05,"Marcus Murphy","NO","RB",2016
"813","00-0029421",690,0.000596744195700316,0.0206534021923899,5.42494723363924e-05,"Randy Bullock","CIN","K",2016
"814","00-0028924",591,0.000595953614469543,0.0203475978554009,5.4177601315413e-05,"Tashaun Gipson","JAX","DB",2016
"815","00-0026290",213,0.000590052989312277,0.0202627701091383,5.36411808465707e-05,"Breno Giacomini","NYJ","OL",2016
"816","00-0026145",171,0.000587894066477621,0.0196073468425428,5.34449151343291e-05,"Glenn Dorsey","SF","DL",2016
"817","00-0031947",1459,0.000563878214108145,0.020372065790038,5.12616558280132e-05,"Tyeler Davison","NO","DL",2016
"818","00-0032578",1723,0.000563568695629263,0.0214069666785187,5.12335177844784e-05,"Woodrow Hamilton","NE","DL",2016
"819","00-0024331",100,0.000563333725013289,0.0206994313306761,5.12121568193899e-05,"Stephen Tulloch","PHI","LB",2016
"820","00-0026283",210,0.000560804728285154,0.0203334959281104,5.09822480259231e-05,"Orlando Scandrick","DAL","DB",2016
"821","00-0032217",1573,0.000560120765170569,0.0196830926473997,5.09200695609609e-05,"Donovan Smith","TB","OL",2016
"822","00-0027690",362,0.000558284410626768,0.0208760998120385,5.07531282387971e-05,"Eric Decker","NYJ","WR",2016
"823","00-0028130",533,0.000555968262434337,0.0209196453769379,5.05425693122124e-05,"Matt Bosher","ATL","P",2016
"824","00-0032787",1801,0.000554062466474597,0.0205162915136658,5.03693151340543e-05,"Cole Toner","ARI","OL",2016
"825","00-0032994",1886,0.00055252322765972,0.0197251552880603,5.02293843327018e-05,"Jeremy Cash","CAR","LB",2016
"826","00-0031870",1432,0.000545545043991904,0.0199698862437431,4.9595003999264e-05,"Dean Marlowe","CAR","DB",2016
"827","00-0031288",1218,0.000540345759301465,0.0210272390708819,4.91223417546786e-05,"AJ McCarron","CIN","QB",2016
"828","00-0031991",1472,0.00053648358081333,0.0207229083975096,4.87712346193936e-05,"DeVante Bausby","CHI","DB",2016
"829","00-0032795",1807,0.000531291020981296,0.0206614514194987,4.82991837255724e-05,"Cody Core","CIN","WR",2016
"830","00-0031930",1447,0.000529674648560703,0.020855123670118,4.81522407782457e-05,"Lynden Trail","WAS","LB",2016
"831","00-0004091",2,0.000518686880483775,0.0206580959086562,4.71533527712523e-05,"Phil Dawson","SF","K",2016
"832","00-0026714",238,0.000518502983724193,0.0204233063529719,4.71366348840176e-05,"Nick Sundberg","WAS","LS",2016
"833","00-0025513",140,0.000514168117332984,0.0213283123083152,4.67425561211804e-05,"Dashon Goldson","ATL","DB",2016
"834","00-0031353",1258,0.000490081790542185,0.0204054576802152,4.45528900492895e-05,"Michael Schofield","DEN","OL",2016
"835","00-0031359",1260,0.000487086544368512,0.020183308747645,4.4280594942592e-05,"Kelvin Benjamin","CAR","WR",2016
"836","00-0032110",1515,0.000483169653430466,0.0197266100037229,4.39245139482242e-05,"Kyle Emanuel","SD","LB",2016
"837","00-0032680",1752,0.000476929845502128,0.0212539347419732,4.33572586820116e-05,"Pace Murphy","LA","OL",2016
"838","00-0031657",1381,0.000455960565748324,0.0212678782688562,4.14509605225749e-05,"Isaiah Johnson","LA","DB",2016
"839","00-0027685",360,0.000450218165141377,0.0199366192725405,4.09289241037615e-05,"Emmanuel Sanders","DEN","WR",2016
"840","00-0032048",1485,0.00045005934062445,0.0204558419247272,4.09144855113137e-05,"Mack Brown","WAS","RB",2016
"841","00-0032389",1633,0.000445823928274162,0.0211212929056704,4.05294480249238e-05,"Mackensie Alexander","MIN","DB",2016
"842","00-0031071",1141,0.000439632735854769,0.020326155555578,3.99666123504335e-05,"Caraun Reid","SD","DL",2016
"843","00-0032562",1716,0.000438672416047317,0.0207090796879981,3.98793105497561e-05,"Cole Wick","DET","TE",2016
"844","00-0032740",1765,0.000432666061955005,0.0207957563468272,3.93332783595459e-05,"Lawrence Thomas","NYJ","DL",2016
"845","00-0030387",911,0.000428570358595778,0.0205568395401757,3.89609416905253e-05,"Steven Means","PHI","DL",2016
"846","00-0032034",1481,0.000427344845017762,0.0213026848037115,3.88495313652511e-05,"Toby Johnson","MIN","DL",2016
"847","00-0026564",233,0.000426505513195637,0.019282054368896,3.87732284723306e-05,"Steve McLendon","NYJ","DL",2016
"848","00-0030170",877,0.00041472172903595,0.0201039277012808,3.77019753669045e-05,"Rontez Miles","NYJ","DB",2016
"849","00-0031560",1334,0.000397949402386828,0.0201529312669666,3.61772183988025e-05,"Jaelen Strong","HOU","WR",2016
"850","00-0022793",31,0.000397108344608882,0.0212382583354561,3.61007586008074e-05,"Antonio Smith","HOU","DL",2016
"851","00-0032394",1638,0.000393872429170867,0.0210919904362303,3.58065844700788e-05,"Nick Vannett","SEA","TE",2016
"852","00-0027139",308,0.000393764536988196,0.0195344515171426,3.5796776089836e-05,"John Phillips","NO","TE",2016
"853","00-0031380",1274,0.00039060857712091,0.0194697998971606,3.55098706473554e-05,"Darqueze Dennard","CIN","DB",2016
"854","00-0032663",1745,0.000382988694450474,0.0209224858013721,3.48171540409522e-05,"Taveze Calhoun","NO","DB",2016
"855","00-0032061",1495,0.000380467891404611,0.021387136126299,3.45879901276919e-05,"Xavier Cooper","CLE","DL",2016
"856","00-0030854",1071,0.000378750275157518,0.019145817606358,3.4431843196138e-05,"Erik Swoope","IND","TE",2016
"857","00-0030768",1055,0.000376432608247816,0.0213026215770991,3.42211462043469e-05,"Shayne Skov","SF","LB",2016
"858","00-0032041",1482,0.000369830095277216,0.0214234216000591,3.36209177524742e-05,"Cody Riggs","TEN","DB",2016
"859","00-0033113",1939,0.000367837958614662,0.0205259980880642,3.34398144195147e-05,"Josh Forrest","LA","LB",2016
"860","00-0028374",554,0.000366380211080339,0.0205606617047194,3.33072919163944e-05,"Kyle Nelson","SF","LS",2016
"861","00-0031768",1409,0.000363631348438454,0.0217699247584042,3.30573953125867e-05,"Terrence Magee","SEA","RB",2016
"862","00-0028664",573,0.000359408719419003,0.0206162287659278,3.26735199471821e-05,"Chris Jones","DAL","P",2016
"863","00-0032784",1798,0.000356819685770746,0.0205152639992727,3.2438153251886e-05,"Kevin Hogan","CLE","QB",2016
"864","00-0029893",803,0.000328312807737949,0.0206957810319514,2.9846618885268e-05,"Rick Wagner","BAL","OL",2016
"865","00-0031179",1180,0.000323604873849403,0.0215527335711139,2.94186248954003e-05,"Taylor Hart","PHI","DL",2016
"866","00-0031025",1109,0.000320667101030078,0.020656281572309,2.9151554639098e-05,"Michael Campanaro","BAL","WR",2016
"867","00-0032094",1507,0.000317686716689891,0.0212238699441223,2.88806106081719e-05,"Tyrell Adams","OAK","LB",2016
"868","00-0032714",1758,0.000314277159378425,0.0213018040801079,2.85706508525841e-05,"Alex Balducci","SF","OL",2016
"869","00-0032881",1831,0.000312680320842987,0.0204286656162641,2.84254837129989e-05,"Tommylee Lewis","NO","WR",2016
"870","00-0031762",1407,0.000306560351814034,0.020425128677504,2.78691228921849e-05,"Brennen Beyer","BAL","LB",2016
"871","00-0031962",1469,0.000304361986112876,0.021500297207664,2.76692714648069e-05,"Mario Alford","CLE","WR",2016
"872","00-0031363",1264,0.000298129655621594,0.0209008847546157,2.71026959655994e-05,"Michael Palardy","CAR","P",2016
"873","00-0032416",1659,0.000291290433698103,0.0210676718661767,2.64809485180094e-05,"Quinton Jefferson","SEA","DL",2016
"874","00-0027958",451,0.000285898950694207,0.0201142930801823,2.59908136994734e-05,"Adrian Clayborn","ATL","DL",2016
"875","00-0033024",1892,0.000276594060808974,0.0212812770527769,2.51449146189976e-05,"Branden Jackson","OAK","DL",2016
"876","00-0028932",592,0.000266525815256887,0.020971988452367,2.42296195688079e-05,"L.J. Fort","PIT","LB",2016
"877","00-0031161",1170,0.000266348535795251,0.0211433793395668,2.42135032541137e-05,"Carlos Fields","SD","LB",2016
"878","00-0030187",879,0.000258489232157811,0.0206535852720428,2.34990211052555e-05,"Rashad Ross","DET","WR",2016
"879","00-0028133",534,0.000256552759296849,0.0212951402632878,2.33229781178953e-05,"J.T. Thomas","NYG","LB",2016
"880","00-0029612",731,0.000254241694252053,0.0215849035167637,2.31128812956412e-05,"Daryl Richardson","JAX","RB",2016
"881","00-0031575",1347,0.000251980373431559,0.0215941771772461,2.29073066755963e-05,"Jamil Douglas","NE","OL",2016
"882","00-0026280",208,0.000236219621763307,0.021067761623134,2.14745110693915e-05,"Brandon Carr","DAL","DB",2016
"883","00-0027980",466,0.000235925113021778,0.0189411121961855,2.14477375474343e-05,"Brooks Reed","ATL","DL",2016
"884","00-0032362",1615,0.000235190340697149,0.0205661067992466,2.13809400633771e-05,"Maurice Harris","WAS","WR",2016
"885","00-0027573",337,0.000226456842232217,0.0193134838520575,2.05869856574743e-05,"Mitch Unrein","CHI","DL",2016
"886","00-0032888",1832,0.000207631106859656,0.0202232319512833,1.88755551690596e-05,"Karl Joseph","OAK","DB",2016
"887","00-0030957",1087,0.000207104826310415,0.0214751158778284,1.8827711482765e-05,"Casey Kreiter","DEN","LS",2016
"888","00-0030791",1061,0.000204047997457529,0.0212370497342206,1.85498179506845e-05,"Gabe Ikard","CLE","OL",2016
"889","00-0027197",314,0.000192361905499257,0.019959770911785,1.74874459544779e-05,"Justin Drescher","NO","LS",2016
"890","00-0030065",833,0.00018716833108982,0.0207167377356576,1.70153028263472e-05,"Larry Warford","DET","OL",2016
"891","00-0026197",190,0.00018444171546906,0.0210707828564553,1.67674286790055e-05,"Chad Henne","JAX","QB",2016
"892","00-0030207",881,0.000174185527374105,0.0203073433648957,1.58350479431005e-05,"Alvin Bailey","CLE","OL",2016
"893","00-0032968",1873,0.000173937629158422,0.0194982662010774,1.58125117416747e-05,"Myles Jack","JAX","LB",2016
"894","00-0025866",154,0.000162162140150947,0.0206364987190161,1.47420127409952e-05,"Ryan Wendell","CAR","OL",2016
"895","00-0032271",1603,0.000154022174682573,0.0214085252761345,1.40020158802339e-05,"D'Joun Smith","TEN","DB",2016
"896","00-0032151",1542,0.000153068537548769,0.0209587619001796,1.39153215953426e-05,"Jon Feliciano","OAK","OL",2016
"897","00-0032649",1740,0.000146061802812677,0.0205542111120877,1.32783457102433e-05,"Brian Price","GB","DL",2016
"898","00-0027986",470,0.000145222943677317,0.0204991961928434,1.3202085788847e-05,"Stefen Wisniewski","PHI","OL",2016
"899","00-0032436",1675,0.00013741731164643,0.0202912870375956,1.24924828769482e-05,"Jeff Driskel","CIN","QB",2016
"900","00-0029844",792,0.000132661915172988,0.0221049672961477,1.20601741066353e-05,"Justin Staples","TEN","LB",2016
"901","00-0030094",853,0.000129511933876878,0.0210632871700291,1.17738121706253e-05,"Eric Kush","CHI","OL",2016
"902","00-0032114",1517,0.000126625451762211,0.0211078466196525,1.15114047056556e-05,"Deiontrez Mount","IND","LB",2016
"903","00-0024183",76,0.000123595270074474,0.0199706217307063,1.1235933643134e-05,"Brent Grimes","TB","DB",2016
"904","00-0033118",1941,0.000123019223183897,0.0213865744561865,1.11835657439907e-05,"Kenyan Drake","MIA","RB",2016
"905","00-0031684",1385,0.000112694760590147,0.0212937525728613,1.02449782354679e-05,"Shane Wynn","JAX","WR",2016
"906","00-0029119",618,0.000102567593519936,0.0209776605637563,9.32432668363055e-06,"Derek Carrier","WAS","TE",2016
"907","00-0028015",485,0.000100635622832162,0.0198931543146225,9.14869298474204e-06,"Jurrell Casey","TEN","DL",2016
"908","00-0031065",1135,0.000100377883366624,0.020603729679474,9.12526212423853e-06,"Larry Webster","CAR","DL",2016
"909","00-0026213",194,0.000100154256453475,0.0218745400798667,9.10493240486134e-06,"Jamaal Charles","KC","RB",2016
"910","00-0031847",1426,9.77350618695035e-05,0.0204873792090261,8.88500562450032e-06,"Josh Keyes","ATL","LB",2016
"911","00-0032456",1688,9.61688568006474e-05,0.0212391486587361,8.7426233455134e-06,"Prince Charles Iworah","SF","DB",2016
"912","00-0028698",574,9.60420092142181e-05,0.0217520848525999,8.7310917467471e-06,"Ben Jacobs","CAR","LB",2016
"913","00-0032470",1694,9.09107713008546e-05,0.0208249007296146,8.26461557280496e-06,"Steve Longa","DET","LB",2016
"914","00-0032008",1477,8.86234686427586e-05,0.0209304143509514,8.05667896752351e-06,"Donteea Dye","TB","WR",2016
"915","00-0029822",790,8.79708159797409e-05,0.0214981060229941,7.99734690724917e-06,"Brandon McManus","DEN","K",2016
"916","00-0032760",1774,7.47100479237673e-05,0.0204472954096939,6.7918225385243e-06,"Josh Doctson","WAS","WR",2016
"917","00-0027114",303,6.8022135855035e-05,0.0201296732544771,6.18383053227591e-06,"Thomas Morstead","NO","P",2016
"918","00-0031039",1115,6.08958934373768e-05,0.0215839896874625,5.5359903124888e-06,"James Ferentz","DEN","OL",2016
"919","00-0031563",1336,6.07661477054007e-05,0.0202343072253028,5.52419524594552e-06,"Alex Carter","DET","DB",2016
"920","00-0032515",1708,5.90022428435417e-05,0.0206087784967361,5.36384025850379e-06,"Braedon Bowman","NYJ","TE",2016
"921","00-0033164",1956,5.35961520752214e-05,0.0199023815796979,4.87237746138377e-06,"Troymaine Pope","SEA","RB",2016
"922","00-0024227",81,5.32244564934538e-05,0.0206490621560786,4.83858695395035e-06,"Haloti Ngata","DET","DL",2016
"923","00-0033005",1888,4.13473121269468e-05,0.0205991880035584,3.75884655699516e-06,"Denver Kirkland","OAK","OL",2016
"924","00-0032697",1755,4.13215459078018e-05,0.0206268807047632,3.75650417343652e-06,"Doug Middleton","NYJ","DB",2016
"925","00-0032801",1812,3.85814283763646e-05,0.0207897661846281,3.50740257966951e-06,"Daniel Braverman","CHI","WR",2016
"926","00-0032672",1747,3.16550736012522e-05,0.0209066502656208,2.8777339637502e-06,"Aaron Green","LA","RB",2016
"927","00-0030714",1048,2.82136631121378e-05,0.0209592435037616,2.5648784647398e-06,"Donald Hawkins","NYJ","OL",2016
"928","00-0032747",1768,2.76206078894675e-05,0.0209407122127018,2.51096435358795e-06,"Russell Hansbrough","TB","RB",2016
"929","00-0030881",1078,2.25058702120028e-05,0.020546775602406,2.04598820109116e-06,"Howard Jones","TB","DL",2016
"930","00-0027044",291,2.07037747721131e-05,0.0201354039288538,1.88216134291938e-06,"Michael Johnson","CIN","DL",2016
"931","00-0026153",174,1.8631759492396e-05,0.0202536828736247,1.69379631749055e-06,"Jonathan Stewart","CAR","RB",2016
"932","00-0029159",626,1.60399570750134e-05,0.021226793528208,1.4581779159103e-06,"Jermaine Kearse","SEA","WR",2016
"933","00-0031387",1279,1.18402690309262e-05,0.0206149406623661,1.07638809372056e-06,"Eric Ebron","DET","TE",2016
"934","00-0031075",1143,-4.52578957114618e-06,0.0204516891932227,-4.11435415558744e-07,"Alfred Blue","HOU","RB",2016
"935","00-0028409",556,-1.46865865618553e-05,0.0211632475642323,-1.33514423289593e-06,"DuJuan Harris","SF","RB",2016
"936","00-0032448",1682,-1.88289129742567e-05,0.0212860230232398,-1.71171936129607e-06,"Stephen Weatherly","MIN","DL",2016
"937","00-0029848",793,-2.07056405535362e-05,0.0206055909300023,-1.88233095941238e-06,"Nick Williams","ATL","WR",2016
"938","00-0031026",1110,-2.11565793585405e-05,0.0209122479884356,-1.92332539623095e-06,"Randell Johnson","NYJ","LB",2016
"939","00-0025708",149,-2.52054051143594e-05,0.0192875131018282,-2.29140046494176e-06,"Matt Moore","MIA","QB",2016
"940","00-0030556",1001,-2.95930972548261e-05,0.0212331722368046,-2.69028156862055e-06,"Leon McFadden","DAL","DB",2016
"941","00-0031339",1249,-4.25293705900682e-05,0.019580879298223,-3.86630641727892e-06,"Donte Moncrief","IND","WR",2016
"942","00-0031943",1457,-4.29857680025758e-05,0.0200047816777459,-3.90779709114326e-06,"Ramik Wilson","KC","LB",2016
"943","00-0026027",163,-6.07500050119043e-05,0.0203793552406588,-5.52272772835494e-06,"J.J. Jansen","CAR","LS",2016
"944","00-0030033",821,-6.70640874956892e-05,0.0208104724700063,-6.09673522688084e-06,"Terence Garvin","WAS","LB",2016
"945","00-0028011",483,-6.82590391344846e-05,0.0219786995094711,-6.20536719404405e-06,"Stevan Ridley","ATL","RB",2016
"946","00-0029886",798,-7.85145435816801e-05,0.0203285938492164,-7.13768578015273e-06,"LaAdrian Waddle","NE","OL",2016
"947","00-0031489",1307,-7.86041612530542e-05,0.0207842093427928,-7.14583284118675e-06,"Brett Jones","NYG","OL",2016
"948","00-0032162",1546,-9.50267430570173e-05,0.0199730377380763,-8.63879482336521e-06,"T.Y. McGill","IND","DL",2016
"949","00-0032793",1805,-0.00012109091859385,0.0210947695160066,-1.10082653267136e-05,"Blake Countess","LA","DB",2016
"950","00-0031509",1312,-0.000122453789774958,0.0209114895639802,-1.11321627068143e-05,"Marcus Rush","JAX","LB",2016
"951","00-0029134",621,-0.000138375955949737,0.0215227704895807,-1.2579632359067e-05,"Beau Brinkley","TEN","LS",2016
"952","00-0027750",381,-0.0001397688899875,0.0206398294148362,-1.27062627261364e-05,"Chris Scott","CAR","OL",2016
"953","00-0027236",319,-0.000149980504369619,0.0207708098263027,-1.3634591306329e-05,"Kyle Love","CAR","DL",2016
"954","00-0032263",1599,-0.000151658144705575,0.0211665713877012,-1.37871040641432e-05,"Jeremiah Poutasi","JAX","OL",2016
"955","00-0030757",1053,-0.000166951997530705,0.0202567848275491,-1.51774543209732e-05,"Mike Pennel","GB","DL",2016
"956","00-0032978",1882,-0.000168828243076642,0.0216222515688189,-1.53480220978765e-05,"Trey Caldwell","CLE","DB",2016
"957","00-0032571",1719,-0.000174053609144985,0.0214082854621039,-1.58230553768168e-05,"Victor Ochi","KC","LB",2016
"958","00-0029202",632,-0.000179081196181129,0.0212069935595744,-1.6280108743739e-05,"Mike Adams","CHI","OL",2016
"959","00-0030066",834,-0.000191866890581849,0.0203239477302756,-1.74424445983499e-05,"Brian Winters","NYJ","OL",2016
"960","00-0028702",575,-0.000199826861246597,0.0210562040787684,-1.81660782951452e-05,"Chris Matthews","BAL","WR",2016
"961","00-0030410",922,-0.000199904991932372,0.021389615541375,-1.81731810847611e-05,"Jordan Gay","BUF","K",2016
"962","00-0028090",515,-0.000202632111164367,0.0225935889163588,-1.84211010149425e-05,"T.J. Yates","MIA","QB",2016
"963","00-0032766",1780,-0.000203947789331608,0.0205577853103439,-1.85407081210553e-05,"Jason Spriggs","GB","OL",2016
"964","00-0028102",522,-0.000209448725728791,0.0203293048116909,-1.90407932480719e-05,"Chykie Brown","CIN","DB",2016
"965","00-0032502",1705,-0.000212112794173926,0.0204799942490653,-1.92829812885388e-05,"Lamar Louis","BAL","LB",2016
"966","00-0030543",992,-0.000214120063120512,0.0200347212585135,-1.94654602836829e-05,"J.J. Wilcox","DAL","DB",2016
"967","00-0032365",1616,-0.000216056553599295,0.0207860944620972,-1.96415048726631e-05,"DeMarcus Ayers","PIT","WR",2016
"968","00-0032858",1824,-0.000216351359876449,0.0207878977302459,-1.96683054433136e-05,"Quentin Gause","DEN","LB",2016
"969","00-0031614",1372,-0.000217998957656984,0.0208237524288412,-1.98180870597259e-05,"Obum Gwacham","NO","DL",2016
"970","00-0031338",1248,-0.000221184304130585,0.0212680978448594,-2.01076640118713e-05,"Terrence Brooks","PHI","DB",2016
"971","00-0029302",666,-0.000231221707346371,0.0214830809056857,-2.10201552133065e-05,"Matt McCants","CHI","OL",2016
"972","00-0028003",479,-0.000235739561231221,0.0206122193061901,-2.14308692028383e-05,"Terrell McClain","DAL","DL",2016
"973","00-0032401",1645,-0.000246089435939321,0.0194087480856063,-2.23717669035746e-05,"De'Vondre Campbell","ATL","LB",2016
"974","00-0028129",532,-0.000251531632694584,0.0207252923497396,-2.2866512063144e-05,"Jason Kelce","PHI","OL",2016
"975","00-0032485",1699,-0.000255938617360039,0.0204683775979657,-2.32671470327308e-05,"Elie Bouka","ARI","DB",2016
"976","00-0030405",921,-0.000265103970725042,0.0196444706981798,-2.41003609750038e-05,"Jeff Locke","MIN","P",2016
"977","00-0029630",738,-0.000269263023393185,0.0193344448287887,-2.44784566721077e-05,"Michael Brockers","LA","DL",2016
"978","00-0025697",148,-0.00027524614332481,0.0215890944957473,-2.50223766658919e-05,"Jason Trusnik","NO","LB",2016
"979","00-0029553",705,-0.000279634542989486,0.020550821569514,-2.54213220899533e-05,"Antonio Allen","NYJ","DB",2016
"980","00-0023514",59,-0.00028172468279641,0.0206636167558722,-2.56113347996736e-05,"Evan Mathis","ARI","OL",2016
"981","00-0031414",1295,-0.00028815330894687,0.0208986452604156,-2.61957553588063e-05,"Dexter McDougle","NYJ","DB",2016
"982","00-0032465",1692,-0.000290348814095863,0.0213419598148698,-2.63953467359876e-05,"DeAndre Elliott","SEA","DB",2016
"983","00-0031021",1106,-0.000300936188484714,0.0221300793551279,-2.73578353167922e-05,"Jared Abbrederis","GB","WR",2016
"984","00-0030424",930,-0.000305723241496836,0.0209017422440261,-2.77930219542578e-05,"Malliciah Goodman","ATL","DL",2016
"985","00-0031081",1147,-0.000309606746687136,0.0208711665200407,-2.81460678806488e-05,"Zach Moore","SF","DL",2016
"986","00-0030278",889,-0.000312216670979169,0.0215893161337801,-2.8383333725379e-05,"Manti Te'o","SD","LB",2016
"987","00-0027857",404,-0.000322377605874145,0.0206720944486496,-2.93070550794677e-05,"Trent Williams","WAS","OL",2016
"988","00-0021451",16,-0.000322511719447038,0.0209742886220925,-2.9319247222458e-05,"Jon Dorenbos","PHI","LS",2016
"989","00-0032428",1670,-0.000328419171243134,0.0201720678254267,-2.98562882948304e-05,"Tyrone Holmes","CLE","DL",2016
"990","00-0031719",1397,-0.0003349532002128,0.0207657473269221,-3.04502909284363e-05,"Mike Hull","MIA","LB",2016
"991","00-0030412",924,-0.000338359379415849,0.0214428612586379,-3.0759943583259e-05,"Shamarko Thomas","PIT","DB",2016
"992","00-0031680",1383,-0.000339259467462247,0.0210885660786616,-3.08417697692952e-05,"Robenson Therezie","NO","DB",2016
"993","00-0031191",1185,-0.000340433766106505,0.0212711179611493,-3.09485241915005e-05,"Luke Bowanko","JAX","OL",2016
"994","00-0033060",1909,-0.000350879278412153,0.020296542181118,-3.18981162192866e-05,"Leonte Carroo","MIA","WR",2016
"995","00-0030434",935,-0.000359655899226069,0.0201977341132358,-3.26959908387335e-05,"Vince Williams","PIT","LB",2016
"996","00-0025753",150,-0.000359934380757765,0.0208502338322602,-3.2721307341615e-05,"James Ihedigbo","BUF","DB",2016
"997","00-0030516",972,-0.000360416395273163,0.020026383380102,-3.27651268430148e-05,"Brice Butler","DAL","WR",2016
"998","00-0032783",1797,-0.000364067068371351,0.0205061331635268,-3.30970062155774e-05,"LeShaun Sims","TEN","DB",2016
"999","00-0029144",625,-0.000364236806621477,0.0215083597351519,-3.31124369655888e-05,"Tom Compton","ATL","OL",2016
"1000","00-0024244",87,-0.000365799607905576,0.0212441060491939,-3.32545098095978e-05,"Nick Mangold","NYJ","OL",2016
"1001","00-0029601",726,-0.000367162114706807,0.0195757503899659,-3.33783740642552e-05,"Brandon Bostick","NYJ","TE",2016
"1002","00-0033021",1891,-0.000375416196954716,0.020724996342687,-3.41287451777015e-05,"Jake Lampman","NO","WR",2016
"1003","00-0026578",234,-0.000377920164637813,0.0222076891002656,-3.43563786034376e-05,"Colt Anderson","BUF","DB",2016
"1004","00-0031940",1454,-0.000383249502228899,0.0202099260368244,-3.48408638389908e-05,"Geneo Grissom","NE","LB",2016
"1005","00-0025825",152,-0.000384975399738628,0.021764311664395,-3.49977636126025e-05,"Brett Kern","TEN","P",2016
"1006","00-0032951",1861,-0.000395110290379536,0.0204360493289031,-3.59191173072306e-05,"Laquon Treadwell","MIN","WR",2016
"1007","00-0031939",1453,-0.000402716508030768,0.0197740318828241,-3.66105916391607e-05,"Matt Jones","WAS","RB",2016
"1008","00-0028445",562,-0.000413841547867537,0.020206495447546,-3.76219588970489e-05,"Ron Parker","KC","DB",2016
"1009","00-0024330",99,-0.000418114508321267,0.0202850476802904,-3.80104098473879e-05,"Will Blackmon","WAS","DB",2016
"1010","00-0025506",137,-0.000421032216768781,0.0203532889175003,-3.82756560698892e-05,"Allen Barbre","PHI","OL",2016
"1011","00-0032380",1624,-0.000440273575679441,0.0197154351019937,-4.00248705163128e-05,"Laremy Tunsil","MIA","OL",2016
"1012","00-0025944",158,-0.00044958227268931,0.0200221081663917,-4.08711156990282e-05,"Stephen Hauschka","SEA","K",2016
"1013","00-0032676",1749,-0.000449898054728291,0.0197840900345256,-4.08998231571174e-05,"Mike Jordan","LA","DB",2016
"1014","00-0028454",563,-0.000462265715226113,0.0214679043210217,-4.20241559296466e-05,"Jonathan Freeny","NE","LB",2016
"1015","00-0027053",293,-0.00046827418325427,0.020895864524382,-4.25703802958427e-05,"Kraig Urbik","MIA","OL",2016
"1016","00-0029520",696,-0.000469711244427904,0.0203203551200127,-4.27010222207185e-05,"Eddie Pleasant","HOU","DB",2016
"1017","00-0032188",1556,-0.000482167155730145,0.0210625931505269,-4.38333777936496e-05,"Vince Mayle","BAL","WR",2016
"1018","00-0029248",638,-0.000490454754629114,0.0205729125695806,-4.4586795875374e-05,"Luke Kuechly","CAR","LB",2016
"1019","00-0031156",1168,-0.00049241438403422,0.0203605361607212,-4.47649440031109e-05,"Tyler Ott","SEA","LS",2016
"1020","00-0032475",1695,-0.000495543690003794,0.0205135521111207,-4.50494263639812e-05,"Tanner McEvoy","SEA","WR",2016
"1021","00-0030161",876,-0.000504915756895186,0.0200787725808073,-4.59014324450169e-05,"Bradley McDougald","TB","DB",2016
"1022","00-0031945",1458,-0.000512222572035542,0.02052943059815,-4.65656883668675e-05,"Martrell Spaight","WAS","LB",2016
"1023","00-0030669",1035,-0.000512779063588185,0.0191128035390959,-4.66162785080168e-05,"Albert Wilson","KC","WR",2016
"1024","00-0032190",1557,-0.000514586187528616,0.0210973965643846,-4.67805625026014e-05,"Gerald Christian","BUF","TE",2016
"1025","00-0032464",1691,-0.000517832749294681,0.0202807404338841,-4.70757044813347e-05,"Kalif Raymond","DEN","WR",2016
"1026","00-0030527",982,-0.000518794724821739,0.0202353990410848,-4.71631568019763e-05,"Alec Ogletree","LA","LB",2016
"1027","00-0027657",347,-0.000521860710991149,0.0210569992359451,-4.74418828173772e-05,"Lamarr Houston","CHI","LB",2016
"1028","00-0032123",1521,-0.000529028160083934,0.0202657958130057,-4.80934690985395e-05,"Tre McBride","TEN","WR",2016
"1029","00-0032727",1761,-0.000536754529791339,0.019900584738141,-4.87958663446672e-05,"Joel Heath","HOU","DL",2016
"1030","00-0028082",512,-0.000541034773416892,0.0206439099447938,-4.91849794015356e-05,"Shiloh Keo","NO","DB",2016
"1031","00-0032952",1862,-0.000555716162098665,0.0196230962092455,-5.05196510998786e-05,"Noah Spence","TB","DL",2016
"1032","00-0027918",433,-0.000558736242884083,0.0206019808062713,-5.0794203898553e-05,"Andrew Hawkins","CLE","WR",2016
"1033","00-0030076",842,-0.000567798747072915,0.0204920886201789,-5.16180679157195e-05,"JC Tretter","GB","OL",2016
"1034","00-0032621",1733,-0.000573807224401996,0.0206330323831794,-5.21642931274542e-05,"Rashawn Scott","MIA","WR",2016
"1035","00-0025565",144,-0.000579063969103812,0.0205846602749848,-5.26421790094375e-05,"Nick Folk","NYJ","K",2016
"1036","00-0033109",1935,-0.000582414522862678,0.0205017272511623,-5.2946774805698e-05,"Javon Hargrave","PIT","DL",2016
"1037","00-0024410",108,-0.000587123768378715,0.0201957103747918,-5.33748880344286e-05,"Kedric Golston","WAS","DL",2016
"1038","00-0030098",855,-0.000594319029933691,0.0212937590021158,-5.40290027212446e-05,"Dustin Hopkins","WAS","K",2016
"1039","00-0032941",1856,-0.000596245990550797,0.0219859461429345,-5.42041809591634e-05,"Sebastian Tretola","TEN","OL",2016
"1040","00-0022531",27,-0.000603358910022791,0.0196555309346799,-5.48508100020719e-05,"Jason Peters","PHI","OL",2016
"1041","00-0029658",747,-0.0006061600258645,0.0189954420882977,-5.51054568967727e-05,"Corey White","BUF","DB",2016
"1042","00-0032810",1816,-0.000617435896730392,0.020440516619516,-5.61305360663993e-05,"Kalan Reed","TEN","DB",2016
"1043","00-0026991",267,-0.000617868788880682,0.0195885138082356,-5.61698898982438e-05,"Brian Cushing","HOU","LB",2016
"1044","00-0026855",247,-0.000629585675917762,0.020989599356352,-5.72350614470692e-05,"Antone Smith","TB","RB",2016
"1045","00-0031394",1284,-0.000636204708902673,0.019842217687401,-5.78367917184248e-05,"E.J. Gaines","LA","DB",2016
"1046","00-0033090",1924,-0.000636463808262249,0.0192030849190049,-5.7860346205659e-05,"Hunter Henry","SD","TE",2016
"1047","00-0031294",1221,-0.000640341667902794,0.0222475361377392,-5.8212878900254e-05,"Craig Watts","NYJ","OL",2016
"1048","00-0028441",560,-0.00064139627660328,0.0195854765236602,-5.830875241848e-05,"Jeron Johnson","SEA","DB",2016
"1049","00-0028240",544,-0.000645178138741962,0.0206514509203495,-5.86525580674511e-05,"Kenny Wiggins","SD","OL",2016
"1050","00-0026932",254,-0.000648002432768448,0.0207317945327354,-5.89093120698589e-05,"Cedric Peerman","CIN","RB",2016
"1051","00-0032130",1525,-0.000650459926555915,0.0207123211003492,-5.91327205959922e-05,"Jalston Fowler","TEN","RB",2016
"1052","00-0032909",1845,-0.000651895139486269,0.0213127371975502,-5.92631944987517e-05,"Dillon Gordon","PHI","OL",2016
"1053","00-0032087",1506,-0.000654176720775564,0.0195953156551649,-5.94706109795967e-05,"Josh Lambo","SD","K",2016
"1054","00-0031957",1465,-0.000657867471678699,0.0207076842269031,-5.98061337889726e-05,"Rakeem Nunez-Roches","KC","DL",2016
"1055","00-0032332",1611,-0.000661950743268936,0.0222824969176976,-6.0177340297176e-05,"Aaron Grymes","PHI","DB",2016
"1056","00-0031586",1356,-0.000663345281415843,0.0214223938451497,-6.03041164923494e-05,"Mykkele Thompson","NYG","DB",2016
"1057","00-0031098",1154,-0.000683833914548578,0.0208920948292866,-6.21667195044162e-05,"Lonnie Ballentine","HOU","DB",2016
"1058","00-0023740",68,-0.000685420033177507,0.0197031370799537,-6.23109121070461e-05,"Thomas Gafford","DEN","LS",2016
"1059","00-0023564",62,-0.000686474671571583,0.0199329849841891,-6.24067883246894e-05,"Darren Sproles","PHI","RB",2016
"1060","00-0032014",1480,-0.000696057614502433,0.0211908595903353,-6.32779649547667e-05,"Travell Dixon","CAR","DB",2016
"1061","00-0027668",352,-0.00069901934736296,0.0211157368282784,-6.35472133966327e-05,"Brandon Spikes","BUF","LB",2016
"1062","00-0023742",69,-0.000699916948520698,0.0207471364517858,-6.36288135018816e-05,"Jon Ryan","SEA","P",2016
"1063","00-0030487",956,-0.000701493253316077,0.0206995091653709,-6.37721139378252e-05,"Tharold Simon","ARI","DB",2016
"1064","00-0032844",1821,-0.000703189225392386,0.0213747476574326,-6.39262932174897e-05,"Brandon Burks","NYJ","RB",2016
"1065","00-0027862",409,-0.000706997155787914,0.0197404684209171,-6.42724687079922e-05,"Tyson Alualu","JAX","DL",2016
"1066","00-0032134",1528,-0.000714890508468304,0.021446350930091,-6.49900462243913e-05,"C.J. Uzomah","CIN","TE",2016
"1067","00-0026408",224,-0.000719867816800412,0.0196727701161789,-6.54425288000375e-05,"Joe Reitz","IND","OL",2016
"1068","00-0033039",1896,-0.000726472402475803,0.0208502608218081,-6.60429456796184e-05,"Christian Westerman","CIN","OL",2016
"1069","00-0030386",910,-0.000733718814363475,0.0209318619367226,-6.67017103966796e-05,"William Gholston","TB","DL",2016
"1070","00-0032499",1704,-0.000736350060907193,0.0210463627304431,-6.69409146279266e-05,"Glenn Gronkowski","NE","RB",2016
"1071","00-0030856",1072,-0.000745163757298972,0.0203512275950642,-6.7742159754452e-05,"Tony Washington","JAX","WR",2016
"1072","00-0029701",770,-0.000762735441875649,0.0188911541225706,-6.9339585625059e-05,"Ryan Tannehill","MIA","QB",2016
"1073","00-0032932",1850,-0.0007629603548732,0.0208633314188492,-6.93600322612e-05,"Ryan O'Malley","OAK","TE",2016
"1074","00-0031264",1207,-0.000802348778887591,0.0204316574093231,-7.29407980806901e-05,"Chris Smith","JAX","DL",2016
"1075","00-0030288",896,-0.000804090634453182,0.0203818094568801,-7.30991485866529e-05,"Rex Burkhead","CIN","RB",2016
"1076","00-0032782",1796,-0.000809087653746233,0.0207266571434852,-7.35534230678393e-05,"Wendell Smallwood","PHI","RB",2016
"1077","00-0030196",880,-0.000814136997987732,0.0205431872557466,-7.40124543625211e-05,"Jeff Heath","DAL","DB",2016
"1078","00-0029879",797,-0.000818149157340402,0.021007403651896,-7.43771961218548e-05,"Kevin McDermott","MIN","LS",2016
"1079","00-0030996",1096,-0.000820593675958322,0.0214050592011247,-7.45994250871202e-05,"John Urschel","BAL","OL",2016
"1080","00-0033053",1904,-0.00082304191135811,0.0194820880387726,-7.48219919416464e-05,"Sean Davis","PIT","DB",2016
"1081","00-0026248",202,-0.000824593149674405,0.0210759110431891,-7.49630136067641e-05,"Kory Lichtensteiger","WAS","OL",2016
"1082","00-0029653",745,-0.000841457831942824,0.0203335527999549,-7.64961665402567e-05,"Fletcher Cox","PHI","DL",2016
"1083","00-0031428",1301,-0.000857750112292044,0.0193974187090854,-7.79772829356404e-05,"Allen Robinson","JAX","WR",2016
"1084","00-0026814",243,-0.000858741729941899,0.0196890021930219,-7.80674299947181e-05,"Demar Dotson","TB","OL",2016
"1085","00-0032012",1479,-0.000860226631564856,0.0211120081842877,-7.82024210513506e-05,"Isaac Fruechte","MIN","WR",2016
"1086","00-0028838",583,-0.000862515135544935,0.0204996244942835,-7.84104668677214e-05,"Larry Donnell","NYG","TE",2016
"1087","00-0030114",862,-0.000864234794477451,0.0200727402224688,-7.85667994979501e-05,"Jordan Poyer","CLE","DB",2016
"1088","00-0029112",617,-0.000864687315457367,0.0222864035861483,-7.86079377688516e-05,"Jacquies Smith","TB","DL",2016
"1089","00-0030155",874,-0.000872939793959264,0.0203797392926848,-7.93581630872058e-05,"Demetrius Harris","KC","TE",2016
"1090","00-0031167",1172,-0.00087819953320296,0.0205902956537241,-7.98363212002691e-05,"Scott Simonson","CAR","TE",2016
"1091","00-0028994",600,-0.000881147695134681,0.0207487689516553,-8.01043359213346e-05,"Dominique Jones","MIA","TE",2016
"1092","00-0031332",1242,-0.000895749211277911,0.0201844969835392,-8.14317464798101e-05,"Fitzgerald Toussaint","PIT","RB",2016
"1093","00-0029657",746,-0.000898196521554121,0.0194856008497206,-8.16542292321928e-05,"Akiem Hicks","CHI","DL",2016
"1094","00-0029033",605,-0.000900120409619316,0.0203857838809379,-8.18291281472105e-05,"Griff Whalen","NE","WR",2016
"1095","00-0032756",1771,-0.000901439283930414,0.0213127847679871,-8.19490258118558e-05,"Channing Ward","TB","DL",2016
"1096","00-0032959",1867,-0.000917056272091989,0.0211118389088384,-8.33687520083626e-05,"Charone Peake","NYJ","WR",2016
"1097","00-0025406",120,-0.000918400714183698,0.0193987087149743,-8.34909740166999e-05,"Michael Griffin","CAR","DB",2016
"1098","00-0023368",48,-0.000919286417260432,0.0200165192391823,-8.35714924782211e-05,"Cameron Wake","MIA","DL",2016
"1099","00-0029566",709,-0.000921617161400907,0.0197333418119846,-8.37833783091734e-05,"Zach Brown","BUF","LB",2016
"1100","00-0026217",195,-0.000921696992049561,0.0193922885471652,-8.37906356408692e-05,"Pat Sims","CIN","DL",2016
"1101","00-0028263",547,-0.000923810156848011,0.0197017228995722,-8.39827415316373e-05,"Andre Holmes","OAK","WR",2016
"1102","00-0030119",864,-0.000932044155786486,0.0221351157820645,-8.47312868896805e-05,"Sam Barrington","NO","LB",2016
"1103","00-0029683",759,-0.000934193413089637,0.0213816435594881,-8.49266739172397e-05,"Ronnie Hillman","SD","RB",2016
"1104","00-0031317",1238,-0.000935457891267299,0.0206860727108421,-8.50416264788454e-05,"Terrence Fede","MIA","DL",2016
"1105","00-0032498",1703,-0.000940012426528942,0.0206717689213415,-8.54556751389948e-05,"Trevon Hartfield","ARI","DB",2016
"1106","00-0029825",791,-0.000946483668036464,0.0209953015553969,-8.60439698214967e-05,"Sheldon Price","BAL","DB",2016
"1107","00-0030317",902,-0.000947499165524822,0.0203039766506854,-8.61362877749838e-05,"Marcus Cromartie","SF","DB",2016
"1108","00-0027245",320,-0.000948776294764414,0.0206557319585084,-8.62523904331285e-05,"Vincent Rey","CIN","LB",2016
"1109","00-0031242",1197,-0.000958858713261478,0.0199481032723404,-8.71689739328617e-05,"Shamar Stephen","MIN","DL",2016
"1110","00-0032942",1857,-0.000961404185439575,0.0209249684030517,-8.74003804945068e-05,"Kevon Seymour","BUF","DB",2016
"1111","00-0032250",1591,-0.000963296500799026,0.0214926632702514,-8.75724091635478e-05,"Kasen Williams","SEA","WR",2016
"1112","00-0031588",1358,-0.000964816474130587,0.0197325319320134,-8.7710588557326e-05,"Stefon Diggs","MIN","WR",2016
"1113","00-0030047",825,-0.000965379261421077,0.0211131655020738,-8.77617510382797e-05,"Marquess Wilson","CHI","WR",2016
"1114","00-0031072",1142,-0.000973110496627899,0.0212683985822118,-8.84645906025363e-05,"Vinnie Sunseri","SF","DB",2016
"1115","00-0026370",221,-0.000977639512104062,0.0197579708316295,-8.88763192821875e-05,"King Dunlap","SD","OL",2016
"1116","00-0031961",1468,-0.000990628293995016,0.0212694642789552,-9.00571176359105e-05,"Mark Nzeocha","DAL","LB",2016
"1117","00-0032496",1702,-0.000995235700484716,0.0200329263149927,-9.04759727713379e-05,"Matthias Farley","IND","DB",2016
"1118","00-0032593",1727,-0.000995746287874236,0.020926840474992,-9.05223898067487e-05,"Brandon Wilds","NYJ","RB",2016
"1119","00-0032128",1523,-0.000996858903984073,0.0197328836259313,-9.06235367258249e-05,"Chris Conley","KC","WR",2016
"1120","00-0025421",125,-0.0010302456312044,0.0210407655412794,-9.36586937458542e-05,"Paul Posluszny","JAX","LB",2016
"1121","00-0030411",923,-0.00103474953969856,0.0212969030176142,-9.4068139972596e-05,"Logan Ryan","NE","DB",2016
"1122","00-0023494",56,-0.0010381595622094,0.0193904253688007,-9.43781420190366e-05,"Jonathan Babineaux","ATL","DL",2016
"1123","00-0031314",1237,-0.00104278675452032,0.0201938434460928,-9.47987958654838e-05,"Wesley Johnson","NYJ","OL",2016
"1124","00-0032167",1550,-0.00105151336148906,0.0210546341250555,-9.55921237717325e-05,"P.J. Dawson","CIN","LB",2016
"1125","00-0031130",1164,-0.00105559772671681,0.0211712363443703,-9.59634297015278e-05,"Christian Jones","CHI","LB",2016
"1126","00-0031393",1283,-0.00106077467684778,0.0206293970929007,-9.64340615316161e-05,"Maurice Alexander","LA","DB",2016
"1127","00-0029578",717,-0.00106294909513157,0.0203056795723313,-9.66317359210519e-05,"Audie Cole","MIN","LB",2016
"1128","00-0027867",413,-0.00106927852682771,0.0196520845132431,-9.72071388025192e-05,"Jason Pierre-Paul","NYG","DL",2016
"1129","00-0029942",808,-0.00107767592977002,0.0210766695528219,-9.79705390700018e-05,"Marcus Burley","CLE","DB",2016
"1130","00-0031596",1364,-0.00108478347636748,0.0199752740377365,-9.86166796697712e-05,"David Mayo","CAR","LB",2016
"1131","00-0025472",132,-0.00109106514373601,0.0206255006601583,-9.91877403396374e-05,"Brandon Mebane","SD","DL",2016
"1132","00-0031997",1473,-0.00109608653509761,0.0204066201364641,-9.96442304634191e-05,"David Irving","DAL","DL",2016
"1133","00-0031331",1241,-0.0011005686581961,0.0208278970134977,-0.000100051696199645,"Pierre Desir","SEA","DB",2016
"1134","00-0027136",307,-0.00110226992096202,0.0201470004543806,-0.000100206356451093,"Jason McCourty","TEN","DB",2016
"1135","00-0032671",1746,-0.00111942577663973,0.0210521749833381,-0.000101765979694521,"Morgan Fox","LA","DL",2016
"1136","00-0032503",1706,-0.00112262394252806,0.0214166109783103,-0.000102056722048005,"Givens Price","ARI","DL",2016
"1137","00-0026544",231,-0.00113314625577069,0.0210349725698742,-0.000103013295979153,"Chase Daniel","PHI","QB",2016
"1138","00-0029747",780,-0.00113391912091023,0.0200814170585139,-0.000103083556446385,"Chris Banjo","NO","DB",2016
"1139","00-0027762",383,-0.00113541810729403,0.0204081452836292,-0.000103219827935821,"Reshad Jones","MIA","DB",2016
"1140","00-0026929",253,-0.00113640229418022,0.0206199590306522,-0.000103309299470929,"Andrew Gardner","SF","OL",2016
"1141","00-0020679",10,-0.00114658203061722,0.020896746213651,-0.000104234730056111,"Shaun Hill","MIN","QB",2016
"1142","00-0027055",294,-0.00115575218783856,0.0213317562846537,-0.000105068380712596,"Roy Miller","JAX","DL",2016
"1143","00-0030392",914,-0.00117726049930404,0.0212380407016235,-0.000107023681754912,"Michael Mauti","NO","LB",2016
"1144","00-0026164",180,-0.00117807535833997,0.0217520721960992,-0.000107097759849088,"Chris Johnson","ARI","RB",2016
"1145","00-0030828",1067,-0.00118431755630382,0.0211302471790991,-0.000107665232391256,"D.J. Tialavea","ATL","TE",2016
"1146","00-0032836",1819,-0.00118920400901545,0.0211778656884839,-0.000108109455365041,"Bryson Keeton","NYJ","DB",2016
"1147","00-0033059",1908,-0.0012059263567305,0.0200375618437008,-0.000109629668793682,"T.J. Green","IND","DB",2016
"1148","00-0030827",1066,-0.00121775825184382,0.0202691432308551,-0.000110705295622165,"Tyler Shatley","JAX","OL",2016
"1149","00-0023645",65,-0.00122251212323017,0.0212736023244826,-0.000111137465748197,"Derek Anderson","CAR","QB",2016
"1150","00-0024341",104,-0.00122672639060887,0.0212449587624731,-0.000111520580964443,"Elvis Dumervil","BAL","LB",2016
"1151","00-0030035",822,-0.00123154458854895,0.0199102091164328,-0.000111958598958995,"Adam Thielen","MIN","WR",2016
"1152","00-0032729",1762,-0.00124138217096064,0.020717108405505,-0.000112852924632785,"Ufomba Kamalu","HOU","DL",2016
"1153","00-0029689",762,-0.00125193114348596,0.0190592215187414,-0.000113811922135087,"Dwayne Allen","IND","TE",2016
"1154","00-0027978",464,-0.00125530008480128,0.0207473090093992,-0.000114118189527389,"Bruce Carter","NYJ","LB",2016
"1155","00-0031118",1159,-0.00125880954932379,0.0209739242143733,-0.000114437231756708,"Corey Brown","CAR","WR",2016
"1156","00-0028278",549,-0.00125908224806761,0.0202191441259842,-0.000114462022551601,"Josh Bynes","DET","LB",2016
"1157","00-0024306",97,-0.00126039517254307,0.0203219824480146,-0.000114581379322098,"Frostee Rucker","ARI","DL",2016
"1158","00-0030832",1069,-0.00127305542668509,0.0212579328148636,-0.000115732311516826,"Asante Cleveland","SD","TE",2016
"1159","00-0026858",249,-0.0012731565061116,0.0202475071300368,-0.0001157415005556,"Graham Gano","CAR","K",2016
"1160","00-0030217",883,-0.00127664826169666,0.0195103466951348,-0.000116058932881514,"Tim Lelito","NO","OL",2016
"1161","00-0029638",740,-0.00128628611312492,0.0187126479296255,-0.000116935101193174,"Michael Floyd","NE","WR",2016
"1162","00-0026784",242,-0.00128842880695812,0.0207627537547846,-0.000117129891541647,"Evan Smith","TB","OL",2016
"1163","00-0030687",1040,-0.00129048545505217,0.0208086770452427,-0.000117316859550198,"Deontae Skinner","NYG","LB",2016
"1164","00-0031060",1131,-0.00129300552558763,0.0204011308334575,-0.000117545956871603,"De'Anthony Thomas","KC","WR",2016
"1165","00-0027952",445,-0.0012993725822061,0.0212454389028623,-0.000118124780200554,"Robert Quinn","LA","DL",2016
"1166","00-0031301",1227,-0.0013029395218569,0.0198546339308679,-0.000118449047441536,"Jeremy Hill","CIN","RB",2016
"1167","00-0032198",1561,-0.00130363162099694,0.0200029241494938,-0.000118511965545176,"Ibraheim Campbell","CLE","DB",2016
"1168","00-0027023",283,-0.00130531946844362,0.0194847290351372,-0.000118665406222147,"Mike Mitchell","PIT","DB",2016
"1169","00-0027663",350,-0.00130563205814956,0.0203037930407846,-0.000118693823468142,"Sean Lee","DAL","LB",2016
"1170","00-0030691",1041,-0.00130798472747091,0.0204439695983791,-0.000118907702497355,"Jeremy Butler","SD","WR",2016
"1171","00-0022787",30,-0.00131482335823538,0.0213823037809334,-0.000119529396203216,"Matt Schaub","ATL","QB",2016
"1172","00-0032454",1686,-0.00132425562937797,0.0204612647194599,-0.000120386875397997,"Jayron Kearse","MIN","DB",2016
"1173","00-0032517",1709,-0.00132796791133995,0.0194830544771391,-0.000120724355576359,"Briean Boddy-Calhoun","CLE","DB",2016
"1174","00-0031627",1378,-0.00133697312110283,0.0210633221709903,-0.000121543011009348,"Corey Robinson","DET","OL",2016
"1175","00-0032933",1851,-0.00135241151138629,0.0209402505571983,-0.000122946501035117,"Antonio Hamilton","OAK","DB",2016
"1176","00-0028912",590,-0.0013535594339939,0.0200780247675358,-0.000123050857635809,"Vontaze Burfict","CIN","LB",2016
"1177","00-0029215",636,-0.00135583529146768,0.0199314778249394,-0.000123257753769789,"George Iloka","CIN","DB",2016
"1178","00-0031343",1250,-0.00135607769004728,0.0203284435730458,-0.000123279790004298,"Calvin Pryor","NYJ","DB",2016
"1179","00-0024242",85,-0.00135707085975636,0.0201480126954554,-0.000123370078159669,"DeAngelo Williams","PIT","RB",2016
"1180","00-0030725",1049,-0.00136607753081567,0.0211711350361072,-0.000124188866437788,"Cornelius Lucas","DET","OL",2016
"1181","00-0026995",269,-0.00138195560444484,0.0205907935455262,-0.000125632327676803,"Jeremy Maclin","KC","WR",2016
"1182","00-0026998",271,-0.00139022986629452,0.0218508670155507,-0.000126384533299502,"Percy Harvin","BUF","WR",2016
"1183","00-0031028",1111,-0.00140685910394765,0.0207780004003953,-0.000127896282177059,"Ulrick John","ARI","OL",2016
"1184","00-0030675",1038,-0.00141076670348262,0.0207155371322076,-0.00012825151849842,"Lou Young","CAR","DB",2016
"1185","00-0032794",1806,-0.00144330147238284,0.0209046319958138,-0.000131209224762076,"Danny Vitale","CLE","RB",2016
"1186","00-0032896",1840,-0.00144452244076717,0.0213919720779343,-0.000131320221887924,"Drew Kaser","SD","P",2016
"1187","00-0032366",1617,-0.00145813917284096,0.0200464604075522,-0.000132558106621905,"Tyler Matakevich","PIT","LB",2016
"1188","00-0024102",75,-0.00146965484905905,0.0200578164436195,-0.000133604986278095,"Tony McDaniel","SEA","DL",2016
"1189","00-0031425",1298,-0.00147814168780319,0.0196837279600049,-0.000134376517073017,"Dominique Easley","LA","DL",2016
"1190","00-0032797",1809,-0.00147922401365259,0.0202105617747632,-0.000134474910332054,"Jordan Lucas","MIA","DB",2016
"1191","00-0033061",1910,-0.00149004558008254,0.0208268080953798,-0.000135458689098413,"Thomas Duarte","MIA","TE",2016
"1192","00-0031076",1144,-0.00149172735736857,0.0204167691479008,-0.000135611577942598,"David Fales","CHI","QB",2016
"1193","00-0032324",1610,-0.00149803315250134,0.0213693472708045,-0.000136184832045577,"Cornelius Edison","CHI","OL",2016
"1194","00-0030993",1094,-0.00149814257290274,0.0207967489496474,-0.000136194779354795,"Aaron Lynch","SF","LB",2016
"1195","00-0029576",715,-0.00151440773394964,0.0211542346199122,-0.000137673430359058,"Blair Walsh","MIN","K",2016
"1196","00-0030761",1054,-0.00151855374980101,0.0191154797085299,-0.000138050340891001,"Joe Thomas","GB","LB",2016
"1197","00-0031491",1308,-0.0015266421660145,0.0207091599326759,-0.000138785651455863,"Brian Peters","HOU","LB",2016
"1198","00-0032679",1751,-0.00153498957658412,0.0215557716301765,-0.000139544506962192,"Paul McRoberts","LA","WR",2016
"1199","00-0033123",1946,-0.00154883864508238,0.02012608047943,-0.000140803513189307,"Yannick Ngakoue","JAX","DL",2016
"1200","00-0032386",1630,-0.00155604064795588,0.0207134441052636,-0.000141458240723262,"Kamalei Correa","BAL","LB",2016
"1201","00-0031255",1199,-0.00156161693879234,0.0201356872817019,-0.000141965176253849,"Kasim Edebali","NO","DL",2016
"1202","00-0032430",1672,-0.00156438060236675,0.0208094488101416,-0.000142216418396977,"David Morgan","MIN","TE",2016
"1203","00-0031581",1352,-0.00157351439822361,0.0198775454042264,-0.000143046763474873,"Mark Glowinski","SEA","OL",2016
"1204","00-0031564",1337,-0.00157378460379819,0.020878428462974,-0.000143071327618017,"Lorenzo Mauldin","NYJ","LB",2016
"1205","00-0032382",1626,-0.00157683238917349,0.0191180950520659,-0.000143348399015771,"Keanu Neal","ATL","DB",2016
"1206","00-0031087",1150,-0.00157768092374977,0.0199121606226336,-0.000143425538522706,"Andre Hal","HOU","DB",2016
"1207","00-0032827",1818,-0.00158410117903735,0.0219627713543839,-0.000144009198094304,"Leonard Wester","TB","OL",2016
"1208","00-0025405",119,-0.00158994519158199,0.0210473312717128,-0.000144540471961999,"Leon Hall","NYG","DB",2016
"1209","00-0031000",1098,-0.00159298935840105,0.0208371789216586,-0.000144817214400095,"Trevor Reilly","MIA","LB",2016
"1210","00-0032402",1646,-0.0015979675226417,0.0197308262210732,-0.000145269774785609,"Hassan Ridgeway","IND","DL",2016
"1211","00-0031934",1449,-0.00159801894080358,0.0203166567224909,-0.000145274449163962,"Devin Smith","NYJ","WR",2016
"1212","00-0029258",646,-0.00160154803782773,0.0207641955256275,-0.000145595276166157,"Devon Still","HOU","DL",2016
"1213","00-0027442",331,-0.00160391542271301,0.020380980835053,-0.00014581049297391,"Frank Zombo","KC","LB",2016
"1214","00-0031418",1297,-0.00160547959683056,0.0203820608057952,-0.00014595269062096,"Austin Seferian-Jenkins","NYJ","TE",2016
"1215","00-0032081",1505,-0.00160609585208489,0.0214654638450134,-0.000146008713825899,"Nick Dzubnar","SD","LB",2016
"1216","00-0031900",1437,-0.00160729870073771,0.0211552678009454,-0.000146118063703428,"Rod Smith","DAL","RB",2016
"1217","00-0030485",954,-0.0016190681509722,0.0205959265597858,-0.000147188013724745,"Eddie Lacy","GB","RB",2016
"1218","00-0031044",1118,-0.00162136452470168,0.0209933393327825,-0.00014739677497288,"Troy Niklas","ARI","TE",2016
"1219","00-0031912",1442,-0.00162431122320199,0.0203246729311188,-0.000147664656654726,"Cameron Meredith","CHI","WR",2016
"1220","00-0024223",79,-0.00162826401999921,0.019577471116915,-0.00014802400181811,"Donte Whitner","WAS","DB",2016
"1221","00-0028424",558,-0.00163140241108406,0.0210300647809121,-0.000148309310098551,"Cedric Thornton","DAL","DL",2016
"1222","00-0027218",316,-0.00163337393822738,0.0221158325738522,-0.000148488539838853,"Joique Bell","DET","RB",2016
"1223","00-0029687",760,-0.0016391809567892,0.0202489584571096,-0.0001490164506172,"Matt Kalil","MIN","OL",2016
"1224","00-0032157",1544,-0.00163937951812749,0.0212160143163524,-0.000149034501647954,"Taurean Nixon","DEN","DB",2016
"1225","00-0030385",909,-0.00165071821471665,0.0200105612609014,-0.000150065292246968,"Gerald Hodges","SF","LB",2016
"1226","00-0028048",499,-0.00165474384663284,0.0225204489224102,-0.000150431258784803,"David Arkin","LA","OL",2016
"1227","00-0029419",689,-0.00166476134743432,0.0202308178759559,-0.000151341940675847,"Dennis Kelly","TEN","OL",2016
"1228","00-0030802",1063,-0.00166552956172724,0.0199001281171329,-0.00015141177833884,"Brian Dixon","ARI","DB",2016
"1229","00-0027966",456,-0.00166558960830301,0.0204010063238376,-0.000151417237118455,"Mark Ingram","NO","RB",2016
"1230","00-0033050",1902,-0.00166608820039292,0.0204851927031498,-0.000151462563672084,"Xavien Howard","MIA","DB",2016
"1231","00-0027736",376,-0.00167563692005899,0.0211470479652207,-0.000152330629096272,"Kendrick Lewis","BAL","DB",2016
"1232","00-0031911",1441,-0.00167736561460106,0.0207944676440891,-0.000152487783145551,"Rick Lovato","PHI","LS",2016
"1233","00-0028031",492,-0.00168400845494754,0.0199407171436713,-0.000153091677722504,"Chris Conte","TB","DB",2016
"1234","00-0027036",288,-0.0017121083057838,0.0215272907756613,-0.00015564620961671,"Will Beatty","NYG","OL",2016
"1235","00-0030626",1024,-0.00171765392900723,0.0216373954762993,-0.000156150357182476,"Patrick Murray","CLE","K",2016
"1236","00-0033047",1900,-0.00172537735900859,0.0190029965925263,-0.000156852487182599,"Anthony Brown","DAL","DB",2016
"1237","00-0030871",1076,-0.00172560351525369,0.0203489018850205,-0.000156873046841244,"Garrison Smith","SEA","DL",2016
"1238","00-0032750",1769,-0.0017374972642275,0.019786240634638,-0.000157954296747955,"DaVonte Lambert","TB","DL",2016
"1239","00-0028074",508,-0.00174198863350262,0.0197479899439551,-0.000158362603045693,"Anthony Sherman","KC","RB",2016
"1240","00-0032776",1790,-0.001752942945827,0.0209127251110462,-0.000159358449620636,"Deiondre' Hall","CHI","DB",2016
"1241","00-0032156",1543,-0.00176270228353394,0.0203970811783693,-0.000160245662139449,"Trevor Siemian","DEN","QB",2016
"1242","00-0027704",367,-0.00176800001778868,0.0198058928775015,-0.000160727274344426,"Perry Riley","OAK","LB",2016
"1243","00-0026516",230,-0.00176945234256026,0.0204014294929924,-0.000160859303869114,"Britton Colquitt","CLE","P",2016
"1244","00-0029191",630,-0.00177245100311017,0.0198884225878802,-0.000161131909373652,"DeShawn Shead","SEA","DB",2016
"1245","00-0028846",585,-0.00177629756180023,0.0196855373934917,-0.000161481596527294,"Peyton Thompson","JAX","DB",2016
"1246","00-0032979",1883,-0.00177835883023053,0.0209830739864393,-0.000161668984566412,"Scooby Wright","ARI","LB",2016
"1247","00-0032442",1679,-0.00177896783749373,0.0214943625824986,-0.000161724348863066,"Elandon Roberts","NE","LB",2016
"1248","00-0031310",1234,-0.00178014062187917,0.0209127506575622,-0.000161830965625379,"Devin Street","IND","WR",2016
"1249","00-0031203",1187,-0.00178186226503571,0.0206945535405656,-0.00016198747863961,"Cairo Santos","KC","K",2016
"1250","00-0029277",656,-0.0017839882919718,0.0198547697541175,-0.000162180753815618,"Jaye Howard","KC","DL",2016
"1251","00-0031016",1102,-0.00178953413767476,0.0200409825238294,-0.000162684921606797,"Ross Cockrell","PIT","DB",2016
"1252","00-0029692",765,-0.0017907486721634,0.0213793019983484,-0.000162795333833036,"Bryan Anger","TB","P",2016
"1253","00-0027948",442,-0.00180943601601534,0.0197428905395701,-0.000164494183274121,"Blaine Gabbert","SF","QB",2016
"1254","00-0032166",1549,-0.0018122461084626,0.019711385650111,-0.000164749646223873,"Sammie Coates","PIT","WR",2016
"1255","00-0031029",1112,-0.00183095694285479,0.0214267625202796,-0.000166450631168618,"Seantrel Henderson","BUF","OL",2016
"1256","00-0029257",645,-0.00183266513902927,0.0215057839575474,-0.000166605921729934,"Jerel Worthy","BUF","DL",2016
"1257","00-0032523",1711,-0.00185333703344299,0.0218579189564075,-0.000168485184858454,"Henry Krieger-Coble","DEN","TE",2016
"1258","00-0031404",1289,-0.00185798368638478,0.02006960447951,-0.000168907607853162,"Adrian Phillips","SD","DB",2016
"1259","00-0027607",338,-0.00185823071077192,0.020993086299529,-0.000168930064615629,"Ted Larsen","CHI","OL",2016
"1260","00-0033010",1890,-0.00186262992185641,0.0205642934879916,-0.000169329992896038,"Sheldon Day","JAX","DL",2016
"1261","00-0029958",811,-0.00186585553240419,0.0193604127936489,-0.000169623230218563,"Steven Terrell","SEA","DB",2016
"1262","00-0028707",576,-0.00186599806599337,0.0204727440450116,-0.00016963618781758,"Corbin Bryant","BUF","DL",2016
"1263","00-0029316",672,-0.0018695174372652,0.0194870874776187,-0.000169956130660473,"Kelvin Beachum","JAX","OL",2016
"1264","00-0029821",789,-0.00187034192080548,0.020430239428322,-0.000170031083709589,"Emmett Cleary","DAL","OL",2016
"1265","00-0029570",712,-0.00187139166911497,0.0195896350472884,-0.000170126515374088,"Nate Ebner","NE","DB",2016
"1266","00-0031042",1117,-0.00187139685911484,0.0204607422171273,-0.000170126987192259,"Jace Amaro","TEN","TE",2016
"1267","00-0031951",1462,-0.00187414630463662,0.0211438659199963,-0.000170376936785147,"James O'Shaughnessy","KC","TE",2016
"1268","00-0032164",1547,-0.00187783937314261,0.0202652355476426,-0.000170712670285692,"Arik Armstead","SF","DL",2016
"1269","00-0029164",627,-0.00191316321149809,0.0194105405045741,-0.000173923928318008,"Mike Remmers","CAR","OL",2016
"1270","00-0030621",1023,-0.00192452724695459,0.0215713822482485,-0.000174957022450418,"Michael Ola","BUF","OL",2016
"1271","00-0031688",1387,-0.00194117615564021,0.0207205910886322,-0.000176470559603655,"Denzel Rice","HOU","DB",2016
"1272","00-0030083",845,-0.00195545248290532,0.0201872479406303,-0.000177768407536848,"Oday Aboushi","HOU","OL",2016
"1273","00-0027022",282,-0.00195549052137059,0.0203352556811977,-0.000177771865579145,"Connor Barwin","PHI","DL",2016
"1274","00-0028012",484,-0.00195694743604314,0.0215195572574629,-0.000177904312367558,"Ryan Mallett","BAL","QB",2016
"1275","00-0032414",1657,-0.00196019423482698,0.0205741007720011,-0.000178199475893361,"John Theus","SF","OL",2016
"1276","00-0026980",261,-0.00196350992255322,0.0197875562335266,-0.000178500902050292,"Tyson Jackson","ATL","DL",2016
"1277","00-0027981",467,-0.00196628350145222,0.0197336325399974,-0.000178753045586565,"Kyle Rudolph","MIN","TE",2016
"1278","00-0032708",1757,-0.0019782532802915,0.021032135526469,-0.000179841207299227,"Deon King","IND","LB",2016
"1279","00-0032078",1504,-0.00198862076247022,0.0203367816124687,-0.000180783705679111,"Tyreek Burwell","SD","OL",2016
"1280","00-0029050",608,-0.00199239042924328,0.0197248971093766,-0.00018112640265848,"Valentino Blake","TEN","DB",2016
"1281","00-0032786",1800,-0.00199464786816979,0.0208871957780473,-0.000181331624379071,"Marqui Christian","LA","DB",2016
"1282","00-0032141",1534,-0.00201142080454133,0.0200446739223868,-0.000182856436776484,"Geoff Swaim","DAL","TE",2016
"1283","00-0028093",518,-0.00202072172446365,0.0204009867718255,-0.000183701974951241,"Niles Paul","WAS","TE",2016
"1284","00-0030776",1057,-0.00203027839092529,0.0209448950689881,-0.00018457076281139,"Kerry Wynn","NYG","DL",2016
"1285","00-0027717",371,-0.0020357887954149,0.0205619128858318,-0.000185071708674082,"Joe Hawley","TB","OL",2016
"1286","00-0032390",1634,-0.00203720741001583,0.0207367005840667,-0.000185200673637803,"Cyrus Jones","NE","DB",2016
"1287","00-0030640",1026,-0.00204001722580504,0.0218571941138795,-0.000185456111436822,"Marcus Ball","SF","DB",2016
"1288","00-0028767",577,-0.00204047312244466,0.0192995759956795,-0.000185497556585878,"Sterling Moore","NO","DB",2016
"1289","00-0031933",1448,-0.00204212563166266,0.0205760684811178,-0.000185647784696606,"Leonard Williams","NYJ","DL",2016
"1290","00-0032062",1496,-0.00204243746146433,0.0207292023127173,-0.000185676132860394,"Blake Bell","SF","TE",2016
"1291","00-0030068",836,-0.00204554535237982,0.0198368824523598,-0.000185958668398165,"Marquise Goodwin","BUF","WR",2016
"1292","00-0029714",773,-0.00205794109820218,0.0200354494117639,-0.000187085554382017,"Andrew DePaola","TB","LS",2016
"1293","00-0030294",899,-0.00205802037234948,0.0196615394241713,-0.00018709276112268,"Tony Jefferson","ARI","DB",2016
"1294","00-0032577",1722,-0.00205935343452762,0.0214548173961944,-0.00018721394859342,"D.J. Foster","NE","RB",2016
"1295","00-0031587",1357,-0.00206613767999183,0.019351956561924,-0.000187830698181075,"Bobby McCain","MIA","DB",2016
"1296","00-0027001",273,-0.00207238726722332,0.0188395090933416,-0.000188398842474847,"Vontae Davis","IND","DB",2016
"1297","00-0031307",1231,-0.00208796099498629,0.0191107937106674,-0.000189814635907845,"Walt Aikens","MIA","DB",2016
"1298","00-0030514",970,-0.00208845457359179,0.0203212010193214,-0.000189859506690163,"Mychal Rivera","OAK","TE",2016
"1299","00-0030850",1070,-0.00208986930788529,0.021570675295075,-0.000189988118898663,"Cody Parkey","CLE","K",2016
"1300","00-0033046",1899,-0.00209098517822861,0.0202928878202173,-0.000190089561657147,"Jihad Ward","OAK","DL",2016
"1301","00-0033098",1929,-0.00209408785801913,0.0219198765283562,-0.000190371623456285,"Cardale Jones","BUF","QB",2016
"1302","00-0031999",1474,-0.00209913596702814,0.01985133029177,-0.000190830542457104,"Justin March-Lillard","KC","LB",2016
"1303","00-0032974",1878,-0.00210754923936929,0.0210410285889249,-0.000191595385397208,"Jordan Payton","CLE","WR",2016
"1304","00-0031309",1233,-0.00211171642784893,0.0196422595938562,-0.00019197422071354,"Telvin Smith","JAX","LB",2016
"1305","00-0031347",1254,-0.00211331438678502,0.0201487981396635,-0.000192119489707729,"Keith McGill","OAK","DB",2016
"1306","00-0031122",1161,-0.0021164283186928,0.0197949438154863,-0.000192402574426618,"Andrew Norwell","CAR","OL",2016
"1307","00-0033103",1931,-0.00213643361438313,0.0193105561021178,-0.000194221237671193,"Artie Burns","PIT","DB",2016
"1308","00-0027017",280,-0.0021499173856933,0.0195368030412021,-0.000195447035063027,"Darius Butler","IND","DB",2016
"1309","00-0031592",1361,-0.00216319799130239,0.0200262853274961,-0.000196654362845672,"David Parry","IND","DL",2016
"1310","00-0031571",1344,-0.00216979979250886,0.0202217196197348,-0.000197254526591715,"Clayton Geathers","IND","DB",2016
"1311","00-0031615",1373,-0.00217961320971113,0.021416272757279,-0.000198146655428284,"Christian Ringo","GB","DL",2016
"1312","00-0029008",603,-0.00220397119879562,0.0199620535460694,-0.000200361018072329,"Charley Hughlett","CLE","LS",2016
"1313","00-0030460",946,-0.00221584421133136,0.0216817484216323,-0.000201440382848305,"Markus Wheaton","PIT","WR",2016
"1314","00-0032525",1712,-0.00221925350455258,0.0210837789548173,-0.000201750318595689,"Jarrod Wilson","JAX","DB",2016
"1315","00-0030121",865,-0.00222794152590797,0.0213587845554171,-0.000202540138718907,"David King","KC","DL",2016
"1316","00-0028954",596,-0.00223832335434477,0.0197406198179107,-0.00020348394130407,"Robert Golden","PIT","DB",2016
"1317","00-0030994",1095,-0.00226321670298823,0.0210234515903579,-0.00020574697299893,"Ryan Carrethers","SD","DL",2016
"1318","00-0029187",629,-0.00226514885679833,0.0209226997386215,-0.000205922623345303,"Don Barclay","GB","OL",2016
"1319","00-0032852",1822,-0.00226555222815163,0.0211863616100796,-0.00020595929346833,"Tani Tupou","SEA","RB",2016
"1320","00-0031981",1470,-0.00226658003976995,0.0199866094660981,-0.000206052730888178,"Richard Ash","DAL","DL",2016
"1321","00-0031791",1414,-0.00226839669412096,0.0205195438663653,-0.000206217881283724,"Trevor Roach","CIN","LB",2016
"1322","00-0029670",752,-0.00227030146389146,0.0191537963555364,-0.000206391042171951,"Mark Barron","LA","LB",2016
"1323","00-0031333",1243,-0.00228262968633372,0.0195809907786488,-0.000207511789666702,"Ha Ha Clinton-Dix","GB","DB",2016
"1324","00-0031054",1126,-0.00228279905849769,0.0203757658409748,-0.000207527187136154,"DaQuan Jones","TEN","DL",2016
"1325","00-0029266",650,-0.00230100604474618,0.0214899054557498,-0.000209182367704198,"John Hughes","TB","DL",2016
"1326","00-0027297",325,-0.00233311160593659,0.0193775406139748,-0.000212101055085145,"Austin Howard","OAK","OL",2016
"1327","00-0031854",1428,-0.00233928208239632,0.0213715718025589,-0.000212662007490575,"Chris Harper","SF","WR",2016
"1328","00-0029892",802,-0.00233970256926376,0.0194951755960681,-0.000212700233569433,"Kyle Juszczyk","BAL","RB",2016
"1329","00-0031376",1273,-0.00234080691250586,0.019549923750028,-0.000212800628409624,"Jerick McKinnon","MIN","RB",2016
"1330","00-0032939",1854,-0.00234087755954157,0.019058458473859,-0.000212807050867415,"Vonn Bell","NO","DB",2016
"1331","00-0031040",1116,-0.00235129465445316,0.0192409083849459,-0.000213754059495742,"Khalil Mack","OAK","DL",2016
"1332","00-0033131",1951,-0.00237094003021999,0.0206061931852659,-0.000215540002747271,"Maliek Collins","DAL","DL",2016
"1333","00-0031411",1293,-0.0023758767660485,0.0196595220914376,-0.0002159887969135,"Demarcus Lawrence","DAL","DL",2016
"1334","00-0027675",354,-0.00237823502582329,0.0201070311906687,-0.000216203184165754,"Ed Dickson","CAR","TE",2016
"1335","00-0026233",199,-0.00239172440099891,0.0194263109555869,-0.000217429490999901,"Philip Wheeler","ATL","LB",2016
"1336","00-0028051",500,-0.00240106721082622,0.0215891895313195,-0.000218278837347838,"Chimdi Chekwa","MIA","DB",2016
"1337","00-0030990",1092,-0.00241248200330305,0.0210549262135523,-0.000219316545754823,"Josh Huff","TB","WR",2016
"1338","00-0032055",1490,-0.00241366270584809,0.0202377903568548,-0.000219423882349827,"Devin Funchess","CAR","WR",2016
"1339","00-0032975",1879,-0.00241845540264732,0.0201334735359597,-0.000219859582058847,"Jonathan Williams","BUF","RB",2016
"1340","00-0025418",123,-0.00242955141556512,0.0190422174783067,-0.00022086831050592,"Greg Olsen","CAR","TE",2016
"1341","00-0033151",1954,-0.00244377883118351,0.0199047711686656,-0.000222161711925773,"Joshua Garnett","SF","OL",2016
"1342","00-0033128",1949,-0.00244699798436537,0.0209775114203678,-0.000222454362215033,"Nolan Frese","SEA","LS",2016
"1343","00-0029479",692,-0.0024478551791886,0.0206607574729174,-0.000222532289017146,"Emmanuel Lamur","MIN","LB",2016
"1344","00-0027135",306,-0.0024482817827271,0.0195867288980905,-0.000222571071157009,"Brandon Myers","TB","TE",2016
"1345","00-0030011",818,-0.00245246551767233,0.0203231147908579,-0.000222951410697485,"Jordan Devey","KC","OL",2016
"1346","00-0032938",1853,-0.00245798170731924,0.0205239328768729,-0.000223452882483567,"Darius Latham","OAK","DL",2016
"1347","00-0030140",869,-0.00246500002928329,0.021660527286939,-0.000224090911753027,"Tress Way","WAS","P",2016
"1348","00-0028040",496,-0.00246816507072238,0.0207509862855761,-0.000224378642792944,"Jordan Cameron","MIA","TE",2016
"1349","00-0031904",1439,-0.00247467093159601,0.0203883579463032,-0.000224970084690546,"Bryce Callahan","CHI","DB",2016
"1350","00-0031127",1162,-0.00247947270774376,0.0214674466232896,-0.000225406609794887,"Brandon Dunn","HOU","DL",2016
"1351","00-0031590",1360,-0.00248006277386209,0.0204822920705138,-0.000225460252169281,"Jay Ajayi","MIA","RB",2016
"1352","00-0030671",1037,-0.00249496782350774,0.0208744685729427,-0.000226815256682522,"Isaiah Burse","SD","WR",2016
"1353","00-0029963",813,-0.00249681345011809,0.0209815866101817,-0.000226983040919827,"Chris Hubbard","PIT","OL",2016
"1354","00-0027037",289,-0.00250326734388653,0.0198435292297654,-0.000227569758535139,"Sean Smith","OAK","DB",2016
"1355","00-0032935",1852,-0.00252100411361858,0.0193860652121815,-0.000229182192147144,"Johnny Holton","OAK","WR",2016
"1356","00-0028620",571,-0.00252168837691432,0.0205787625891784,-0.000229244397901302,"Mark Herzlich","NYG","LB",2016
"1357","00-0032411",1654,-0.00252433328615638,0.0202402927424032,-0.000229484844196035,"Kenneth Dixon","BAL","RB",2016
"1358","00-0032245",1587,-0.00253050003843725,0.0211127534284336,-0.00023004545803975,"Sean Mannion","LA","QB",2016
"1359","00-0028111",525,-0.0025306414063605,0.0194961544744209,-0.000230058309669137,"Byron Maxwell","MIA","DB",2016
"1360","00-0031308",1232,-0.00253683769428519,0.0205942023515431,-0.000230621608571381,"Kevin Pierre-Louis","SEA","LB",2016
"1361","00-0029661",748,-0.00253941091869334,0.0202416335423369,-0.000230855538063031,"Andrew Tiller","SF","OL",2016
"1362","00-0031064",1134,-0.00254012021687591,0.0212955299275762,-0.000230920019715991,"Tom Savage","HOU","QB",2016
"1363","00-0033093",1926,-0.00254083669108184,0.0200670655316142,-0.000230985153734712,"Jonathan Bullard","CHI","DL",2016
"1364","00-0027939",435,-0.00255369362511319,0.0202330538821306,-0.000232153965919381,"Cam Newton","CAR","QB",2016
"1365","00-0033037",1894,-0.00255724493705773,0.0206716619112498,-0.000232476812459794,"Adolphus Washington","BUF","DL",2016
"1366","00-0029679",756,-0.00256909199282349,0.0195750108560908,-0.000233553817529408,"Brandon Brooks","PHI","OL",2016
"1367","00-0028256",546,-0.00259028180117601,0.0209081941273187,-0.000235480163743274,"Sealver Siliga","TB","DL",2016
"1368","00-0031369",1269,-0.00259324959307728,0.0194274077156425,-0.000235749963007026,"Brandon Linder","JAX","OL",2016
"1369","00-0031806",1419,-0.00259803752339908,0.0207264387610745,-0.000236185229399916,"Malcolm Brown","LA","RB",2016
"1370","00-0031718",1396,-0.00260100944625117,0.020201167035512,-0.000236455404204652,"Andrew Franks","MIA","K",2016
"1371","00-0028116",528,-0.00260361480777317,0.0204567871439282,-0.000236692255252106,"Aldrick Robinson","ATL","WR",2016
"1372","00-0031337",1247,-0.00260669826561273,0.0214460300151253,-0.000236972569601157,"Marcus Martin","SF","OL",2016
"1373","00-0025549",141,-0.00261120687194906,0.0198014629470007,-0.00023738244290446,"Brent Celek","PHI","TE",2016
"1374","00-0027874",420,-0.00262664319472505,0.0204203224543012,-0.000238785744975005,"Demaryius Thomas","DEN","WR",2016
"1375","00-0031068",1138,-0.0026284561291238,0.0201401284995651,-0.000238950557193072,"Ryan Grant","WAS","WR",2016
"1376","00-0030533",987,-0.00263667706107418,0.0205795984516294,-0.000239697914643108,"Matt Barkley","CHI","QB",2016
"1377","00-0027676",355,-0.0026497710442473,0.019440591552973,-0.000240888276749755,"Morgan Burnett","GB","DB",2016
"1378","00-0030390",912,-0.00265491488977352,0.0211077570461007,-0.00024135589907032,"Caleb Sturgis","PHI","K",2016
"1379","00-0032422",1665,-0.00266285404342955,0.0204821093916212,-0.000242077640311777,"Kentrell Brothers","MIN","LB",2016
"1380","00-0031765",1408,-0.00266447488206961,0.0194387531020685,-0.000242224989279055,"Nick Easton","MIN","OL",2016
"1381","00-0030384",908,-0.00266690018550292,0.02010039143652,-0.000242445471409357,"Jelani Jenkins","MIA","LB",2016
"1382","00-0032955",1864,-0.00266974816466186,0.0198965960736645,-0.000242704378605624,"Kyler Fackrell","GB","LB",2016
"1383","00-0030531",986,-0.00267519696813491,0.0218681778657055,-0.000243199724375901,"Dallas Thomas","MIA","OL",2016
"1384","00-0032437",1676,-0.00268154650426674,0.0210171318103687,-0.00024377695493334,"Kamu Grugier-Hill","PHI","LB",2016
"1385","00-0031375",1272,-0.00268346741735093,0.0209926350689191,-0.000243951583395539,"Terrance West","BAL","RB",2016
"1386","00-0032790",1803,-0.00268362493635646,0.0211815103933016,-0.000243965903305132,"DeAndre Houston-Carson","CHI","DB",2016
"1387","00-0031390",1282,-0.00269211968060143,0.0210018644390469,-0.000244738152781948,"Charles Sims","TB","RB",2016
"1388","00-0031702",1391,-0.00269401321806644,0.0209988762335105,-0.000244910292551494,"Alani Fua","ARI","LB",2016
"1389","00-0028041",497,-0.00269444473824933,0.0203087786482099,-0.00024494952165903,"Sam Acho","CHI","LB",2016
"1390","00-0024226",80,-0.00269710599146052,0.0202448906750349,-0.000245191453769138,"Jay Cutler","CHI","QB",2016
"1391","00-0027654",345,-0.00271250659750552,0.021055784828298,-0.000246591508864138,"Arrelious Benn","JAX","WR",2016
"1392","00-0029940",807,-0.00272239642079113,0.0213459291205039,-0.000247490583708284,"T.J. Barnes","KC","DL",2016
"1393","00-0029577",716,-0.00272259598105303,0.0194753239231675,-0.000247508725550275,"Danny Trevathan","CHI","LB",2016
"1394","00-0030403",919,-0.00272478610225481,0.0202874664962697,-0.00024770782747771,"B.W. Webb","NO","DB",2016
"1395","00-0030048",826,-0.00272511123915035,0.0203193256181451,-0.000247737385377304,"Cornelius Washington","CHI","DL",2016
"1396","00-0026982",262,-0.00272598895673562,0.0197186557469266,-0.000247817177885056,"Andre Smith","MIN","OL",2016
"1397","00-0032298",1606,-0.00273609847355593,0.0206676527573375,-0.000248736224868721,"Bronson Hill","JAX","RB",2016
"1398","00-0030530",985,-0.00274639197661736,0.0204319342580574,-0.000249671997874305,"T.J. McDonald","LA","DB",2016
"1399","00-0025495",135,-0.00276205378194573,0.019905812013731,-0.000251095798358702,"Paul Soliai","CAR","DL",2016
"1400","00-0027705",368,-0.00277932613477845,0.0197300147540839,-0.000252666012252586,"Alterraun Verner","TB","DB",2016
"1401","00-0032946",1859,-0.00277989089284838,0.0213192414463432,-0.000252717353895307,"De'Vante Harris","NO","DB",2016
"1402","00-0027994",475,-0.00279217837113246,0.0202824803854787,-0.000253834397375678,"Shane Vereen","NYG","RB",2016
"1403","00-0030082",844,-0.00279925329091096,0.0203841542945291,-0.000254477571900996,"Montori Hughes","NYG","DL",2016
"1404","00-0029493",694,-0.00281624979883354,0.0210538638927961,-0.000256022708984867,"Ryan Quigley","ARI","P",2016
"1405","00-0027825",396,-0.0028360579931,0.0217920679535138,-0.000257823453918181,"Jim Dray","SF","TE",2016
"1406","00-0031740",1404,-0.00283985459937748,0.0192608864647913,-0.000258168599943408,"Neville Hewitt","MIA","LB",2016
"1407","00-0028101",521,-0.00284120473471767,0.0205276110914463,-0.000258291339519788,"Daniel Kilgore","SF","OL",2016
"1408","00-0027969",458,-0.00285162768441512,0.0215465792332992,-0.000259238880401375,"Cameron Heyward","PIT","DL",2016
"1409","00-0026839",245,-0.00287079810755891,0.0197668835003806,-0.000260981646141719,"Jermey Parnell","JAX","OL",2016
"1410","00-0030576",1014,-0.00287764563362852,0.0192633510362441,-0.000261604148511684,"Datone Jones","GB","LB",2016
"1411","00-0031785",1412,-0.00287790628265198,0.019911520079114,-0.000261627843877453,"Troy Hill","LA","DB",2016
"1412","00-0027662",349,-0.00287937511578677,0.0197470497922187,-0.000261761374162433,"Carlos Dunlap","CIN","DL",2016
"1413","00-0027743",378,-0.00289169455974159,0.0205753404201497,-0.000262881323612872,"Sherrick McManis","CHI","DB",2016
"1414","00-0032892",1836,-0.00290681372838951,0.0201855810648485,-0.000264255793489955,"Nick Vigil","CIN","LB",2016
"1415","00-0029139",623,-0.00290795113137777,0.0199988520103473,-0.000264359193761616,"Adam Gettis","NYG","OL",2016
"1416","00-0021146",13,-0.00291400563167041,0.0201076495617557,-0.000264909602879128,"Dwight Freeney","ATL","DL",2016
"1417","00-0032482",1697,-0.00292244104815162,0.0213660518568134,-0.000265676458922875,"Bralon Addison","CHI","WR",2016
"1418","00-0027796",391,-0.00292864463920191,0.0201809386339579,-0.000266240421745628,"Joe Webb","CAR","QB",2016
"1419","00-0030504",964,-0.00293023546403167,0.0208575245827491,-0.000266385042184697,"Earl Watford","ARI","OL",2016
"1420","00-0032210",1568,-0.00293191739093169,0.020105846896507,-0.000266537944630153,"Frank Clark","SEA","DL",2016
"1421","00-0032255",1593,-0.0029592962864436,0.0191638153072212,-0.000269026935131237,"A.J. Cann","JAX","OL",2016
"1422","00-0030126",866,-0.00297136495572338,0.0207235908894067,-0.000270124086883944,"T.J. Johnson","CIN","OL",2016
"1423","00-0029284",659,-0.00298486906946693,0.0205594470953369,-0.000271351733587903,"Mike Daniels","GB","DL",2016
"1424","00-0032871",1828,-0.00299392562788279,0.0202468878465166,-0.000272175057080253,"Antwaun Woods","TEN","DL",2016
"1425","00-0032773",1787,-0.00299487827733255,0.0195775256525232,-0.000272261661575686,"Nick Kwiatkoski","CHI","LB",2016
"1426","00-0030072",839,-0.00299553591135657,0.0210963918390442,-0.000272321446486961,"Jordan Hill","JAX","DL",2016
"1427","00-0025415",122,-0.00299685658533733,0.0195551704076257,-0.000272441507757939,"Joe Staley","SF","OL",2016
"1428","00-0027881",424,-0.00300334484997776,0.0193182807627848,-0.000273031349997978,"Jerry Hughes","BUF","LB",2016
"1429","00-0030132",868,-0.00300347821244992,0.0208404843076022,-0.000273043473859084,"Stefan Charles","DET","DL",2016
"1430","00-0032265",1600,-0.00300435186527255,0.0208782427607692,-0.000273122896842959,"Mario Edwards","OAK","DL",2016
"1431","00-0031558",1332,-0.00300624082820743,0.020987664750556,-0.00027329462074613,"Maxx Williams","BAL","TE",2016
"1432","00-0029076",612,-0.00300914070228277,0.0205232614249608,-0.00027355824566207,"Austin Pasztor","CLE","OL",2016
"1433","00-0032462",1689,-0.00301136589123073,0.0218750185134148,-0.00027376053556643,"Trevone Boykin","SEA","QB",2016
"1434","00-0026393",223,-0.00302343793698466,0.0203789083503751,-0.000274857994271332,"Marcel Reece","SEA","RB",2016
"1435","00-0029510",695,-0.0030314711511059,0.0195502254840589,-0.000275588286464173,"Jonathan Grimes","HOU","RB",2016
"1436","00-0024264",90,-0.00303895986400645,0.0207468271809848,-0.000276269078546041,"Kellen Clemens","SD","QB",2016
"1437","00-0032247",1589,-0.00305741453707525,0.0193060886049143,-0.00027794677609775,"Cody Wichmann","LA","OL",2016
"1438","00-0026281",209,-0.0030585463670265,0.0196739654434061,-0.000278049669729682,"Gary Barnidge","CLE","TE",2016
"1439","00-0032171",1553,-0.0030629135042964,0.0214933611672012,-0.000278446682208764,"Hayes Pullard","JAX","LB",2016
"1440","00-0025473",133,-0.00306954543254941,0.0203787503420133,-0.000279049584777219,"Marshal Yanda","BAL","OL",2016
"1441","00-0033108",1934,-0.00307021131692788,0.020362455107349,-0.000279110119720717,"Paxton Lynch","DEN","QB",2016
"1442","00-0031474",1305,-0.00307132945408152,0.020731096610878,-0.000279211768552865,"Delvin Breaux","NO","DB",2016
"1443","00-0031818",1422,-0.00307297242599947,0.0205802872352048,-0.000279361129636315,"Bradley Marquez","LA","WR",2016
"1444","00-0026138",167,-0.00307745831474235,0.020832515685134,-0.00027976893770385,"Connor Barth","CHI","K",2016
"1445","00-0028180",539,-0.00307860978864981,0.0204509522205139,-0.000279873617149982,"Malcolm Smith","OAK","LB",2016
"1446","00-0027822",395,-0.00308253715353657,0.0197524643889591,-0.000280230650321506,"C.J. Wilson","CHI","DL",2016
"1447","00-0032768",1782,-0.00308569163354889,0.01910610493336,-0.000280517421231717,"Cody Whitehair","CHI","OL",2016
"1448","00-0026307",217,-0.00309118485408801,0.0201036668709229,-0.000281016804917092,"Erik Walden","IND","LB",2016
"1449","00-0032069",1501,-0.00309650309826132,0.019970123218013,-0.00028150028166012,"Derron Smith","CIN","DB",2016
"1450","00-0030160",875,-0.00309802486584162,0.0197130485597512,-0.00028163862416742,"Josh Martin","NYJ","LB",2016
"1451","00-0027778",387,-0.00309960994852406,0.0219163443878612,-0.000281782722593096,"Sam Young","MIA","OL",2016
"1452","00-0031128",1163,-0.00310231347346648,0.0191915875264791,-0.000282028497587862,"Ryan Groy","BUF","OL",2016
"1453","00-0029739",777,-0.00312008072842035,0.020596617171137,-0.000283643702583668,"Jacob Schum","GB","P",2016
"1454","00-0031578",1350,-0.00312142881163906,0.0197635653101681,-0.000283766255603551,"Jake Ryan","GB","LB",2016
"1455","00-0030860",1073,-0.00312259391201472,0.0197365374470088,-0.00028387217381952,"Orleans Darkwa","NYG","RB",2016
"1456","00-0030089",849,-0.00313728475171972,0.0194297121796576,-0.000285207704701793,"Luke Willson","SEA","TE",2016
"1457","00-0025512",139,-0.00314086981087668,0.0200512324026412,-0.000285533619170607,"Jermon Bushrod","MIA","OL",2016
"1458","00-0032967",1872,-0.00314166510262591,0.0208193365433877,-0.000285605918420537,"Vernon Butler","CAR","DL",2016
"1459","00-0030539",989,-0.00315063624435123,0.0207206601548723,-0.000286421476759203,"Dwayne Gratz","PHI","DB",2016
"1460","00-0032433",1673,-0.00317224680287588,0.0211834277202531,-0.000288386072988717,"Kyle Murphy","GB","OL",2016
"1461","00-0027440",330,-0.00317799359223597,0.0211499631920193,-0.000288908508385088,"Sam Shields","GB","DB",2016
"1462","00-0029004",602,-0.00318051868050115,0.0206657414600965,-0.000289138061863741,"Lance Dunbar","DAL","RB",2016
"1463","00-0032628",1735,-0.00318181566192009,0.019870413450007,-0.000289255969265463,"Kentrell Brice","GB","DB",2016
"1464","00-0030106",857,-0.00319998548714326,0.0203513388701882,-0.000290907771558479,"Chris Jones","SF","DL",2016
"1465","00-0027247",321,-0.00320007888738096,0.0213822944986196,-0.000290916262489178,"Mike Windt","SD","LS",2016
"1466","00-0031349",1256,-0.0032304881344497,0.020463251820566,-0.000293680739495427,"Matt Paradis","DEN","OL",2016
"1467","00-0033121",1944,-0.00324935060494345,0.0200441166515566,-0.000295395509540314,"B.J. Goodson","NYG","LB",2016
"1468","00-0028128",531,-0.00327052168273279,0.0199231043234423,-0.000297320152975708,"Colin Jones","CAR","DB",2016
"1469","00-0032227",1577,-0.00327064421185876,0.0207421359233874,-0.00029733129198716,"Jeff Heuerman","DEN","TE",2016
"1470","00-0027674",353,-0.00328658603764071,0.0199038064118909,-0.000298780548876428,"Jared Veldheer","ARI","OL",2016
"1471","00-0032375",1620,-0.00328862925151782,0.0206272699117764,-0.000298966295592529,"Joe Kerridge","GB","RB",2016
"1472","00-0031261",1204,-0.00329838097039486,0.0197201372736654,-0.000299852815490442,"Tre Boston","CAR","DB",2016
"1473","00-0032762",1776,-0.00329924096722269,0.0206449355130745,-0.000299930997020245,"Chris Jones","KC","DL",2016
"1474","00-0029278",657,-0.00330512206841211,0.0202684582859347,-0.000300465642582919,"Joe Looney","DAL","OL",2016
"1475","00-0027737",377,-0.00331409286746769,0.0198501745250025,-0.00030128116976979,"Perrish Cox","TEN","DB",2016
"1476","00-0026270",206,-0.00332197165012693,0.0212613008646998,-0.000301997422738811,"Tony Hills","NO","OL",2016
"1477","00-0032788",1802,-0.00332714165055192,0.019683240621097,-0.000302467422777448,"D.J. White","KC","DB",2016
"1478","00-0026003",160,-0.00333671038348216,0.0200667236472236,-0.000303337307589287,"Dan Carpenter","BUF","K",2016
"1479","00-0032643",1739,-0.0033624353514738,0.0206236576688621,-0.000305675941043073,"Michael Hunter","NYG","DB",2016
"1480","00-0031426",1299,-0.00336319660450277,0.0204744878509933,-0.000305745145863888,"Joel Bitonio","CLE","OL",2016
"1481","00-0029895",804,-0.00336901214794346,0.0215630491998268,-0.000306273831631223,"Ryan Jensen","BAL","OL",2016
"1482","00-0032197",1560,-0.00338371269536044,0.0202645903061183,-0.000307610245032767,"Randy Gregory","DAL","DL",2016
"1483","00-0028110",524,-0.00339827893085023,0.0199082500468413,-0.000308934448259111,"Brandon Fusco","MIN","OL",2016
"1484","00-0025390",114,-0.0034004794718626,0.0198043293094025,-0.000309134497442055,"Joe Thomas","CLE","OL",2016
"1485","00-0030263",886,-0.00342321014912002,0.0207745856224178,-0.000311200922647274,"Charles James","IND","DB",2016
"1486","00-0026206",193,-0.00342978898026,0.0215286988500981,-0.000311798998205454,"Kendall Langford","IND","DL",2016
"1487","00-0031556",1330,-0.00344107489076778,0.0208405895629824,-0.000312824990069798,"Nate Orchard","CLE","LB",2016
"1488","00-0031716",1395,-0.00344540340715351,0.0204595614507588,-0.00031321849155941,"Matt Darr","MIA","P",2016
"1489","00-0029048",607,-0.0034454285817886,0.020892837202562,-0.0003132207801626,"Joe Banyard","JAX","RB",2016
"1490","00-0032214",1571,-0.00344746954787638,0.0192602856960307,-0.000313406322534217,"Tyler Kroft","CIN","TE",2016
"1491","00-0032916",1847,-0.0034558523736025,0.0200188194021391,-0.000314168397600228,"Trevor Williams","SD","DB",2016
"1492","00-0031269",1210,-0.00346165575646911,0.0198255779638505,-0.000314695977860828,"T.J. Carrie","OAK","DB",2016
"1493","00-0028495",564,-0.0034633408592915,0.0199417447766734,-0.0003148491690265,"Justin Trattou","MIN","DL",2016
"1494","00-0031335",1245,-0.00347031954465291,0.0205830408375454,-0.000315483594968446,"Cyrus Kouandjio","BUF","OL",2016
"1495","00-0028172",538,-0.00348241026340616,0.0201069712415647,-0.000316582751218742,"Andrew Gachkar","DAL","LB",2016
"1496","00-0031622",1376,-0.0034878652307691,0.0195359803969438,-0.000317078657342646,"Bobby Hart","NYG","OL",2016
"1497","00-0027609",339,-0.00349223586603372,0.0209689331817275,-0.000317475987821247,"J'Marcus Webb","SEA","OL",2016
"1498","00-0032112",1516,-0.00349325857687886,0.0192909327687072,-0.000317568961534442,"J.J. Nelson","ARI","WR",2016
"1499","00-0032257",1595,-0.00349657740121005,0.0197462752410367,-0.000317870672837277,"Duke Johnson","CLE","RB",2016
"1500","00-0030545",994,-0.00352092145866767,0.020040237156805,-0.000320083768969788,"Luke Joeckel","JAX","OL",2016
"1501","00-0033056",1906,-0.0035490522323432,0.0202345974077756,-0.0003226411120312,"Cory James","OAK","LB",2016
"1502","00-0031362",1263,-0.00354988227667221,0.020215695307525,-0.000322716570606565,"Trai Turner","CAR","OL",2016
"1503","00-0025630",146,-0.00355380877462126,0.0207753850080628,-0.000323073524965569,"Clark Harris","CIN","LS",2016
"1504","00-0025945",159,-0.00360125331354462,0.0209072718020129,-0.000327386664867693,"Erin Henderson","NYJ","LB",2016
"1505","00-0029793",785,-0.00360808562855425,0.0203540309743152,-0.000328007784414023,"Brandon Williams","SEA","TE",2016
"1506","00-0030502",962,-0.00360947577514956,0.0200119402661959,-0.000328134161377232,"Zaviar Gooden","ARI","LB",2016
"1507","00-0030491",958,-0.00361092476767662,0.0198443302143718,-0.000328265887970602,"Daimion Stafford","TEN","DB",2016
"1508","00-0032240",1582,-0.00361485746013926,0.0190650265499262,-0.000328623405467205,"Vic Beasley","ATL","LB",2016
"1509","00-0029792",784,-0.00363310784431849,0.0199239322559575,-0.000330282531301681,"Paul Worrilow","ATL","LB",2016
"1510","00-0032977",1881,-0.00363787915256515,0.0212634224703432,-0.000330716286596831,"Rashard Higgins","CLE","WR",2016
"1511","00-0032770",1784,-0.00363928088662009,0.0196458089417574,-0.000330843716965463,"Tavon Young","BAL","DB",2016
"1512","00-0030553",1000,-0.00364057546540711,0.0221891276828094,-0.000330961405946101,"Armonty Bryant","DET","LB",2016
"1513","00-0025660",147,-0.0036594712979582,0.0198732410066742,-0.000332679208905291,"Brett Goode","GB","LS",2016
"1514","00-0031690",1388,-0.00366049513434306,0.0201973359125018,-0.000332772284940278,"Eric Tomlinson","NYJ","TE",2016
"1515","00-0031779",1410,-0.00366397166366526,0.0205743166875292,-0.000333088333060478,"B.J. Finney","PIT","OL",2016
"1516","00-0031589",1359,-0.00367986162856303,0.020555778409198,-0.000334532875323912,"Brett Hundley","GB","QB",2016
"1517","00-0031728",1398,-0.00369341675103382,0.0210433729400407,-0.000335765159184893,"Zach Vigil","WAS","LB",2016
"1518","00-0032403",1647,-0.00369869678593169,0.0204412647729108,-0.000336245162357426,"Juston Burris","NYJ","DB",2016
"1519","00-0029696",767,-0.00371105493730033,0.0200477274927276,-0.000337368630663666,"Chris Lewis-Harris","BAL","DB",2016
"1520","00-0031304",1229,-0.00372974112970024,0.0199761954956405,-0.000339067375427294,"Will Clarke","CIN","DL",2016
"1521","00-0032043",1484,-0.00373596925381596,0.020083702749493,-0.000339633568528723,"Quinton Spain","TEN","OL",2016
"1522","00-0028008",481,-0.0037402546529056,0.0204538436225182,-0.000340023150264146,"Justin Houston","KC","LB",2016
"1523","00-0031915",1443,-0.00374328962164559,0.0208614273440184,-0.000340299056513235,"John Timu","CHI","LB",2016
"1524","00-0032954",1863,-0.00376041412541806,0.0212514248031588,-0.00034185582958346,"Isaac Seumalo","PHI","OL",2016
"1525","00-0031067",1137,-0.00376238231020459,0.0198513034963539,-0.000342034755473145,"Cameron Fleming","NE","OL",2016
"1526","00-0032243",1585,-0.00377295121377971,0.020245568547829,-0.000342995564889064,"Ali Marpet","TB","OL",2016
"1527","00-0019646",5,-0.00379206500615214,0.0203772737884819,-0.000344733182377467,"Sebastian Janikowski","OAK","K",2016
"1528","00-0030699",1044,-0.00379420069177236,0.0203589731987574,-0.000344927335615669,"Deji Olatoye","ATL","DB",2016
"1529","00-0032574",1721,-0.00379668459795294,0.0199118350435605,-0.000345153145268449,"Michael Pierce","BAL","DL",2016
"1530","00-0031921",1444,-0.00380128751697233,0.021065062548948,-0.00034557159245203,"Kendall Lamm","HOU","OL",2016
"1531","00-0031388",1280,-0.00380800889050683,0.0201653839402635,-0.000346182626409711,"Aaron Donald","LA","DL",2016
"1532","00-0026243",201,-0.00380838713419771,0.0202541389005007,-0.000346217012199792,"William Hayes","LA","DL",2016
"1533","00-0027155",311,-0.00381686218285903,0.0209128276801221,-0.000346987471169002,"Rashad Jennings","NYG","RB",2016
"1534","00-0028121",530,-0.00382276821412874,0.0200060906110141,-0.000347524383102613,"Jordan Todman","IND","RB",2016
"1535","00-0028075",509,-0.0038267487295962,0.0207140957392522,-0.000347886248145109,"Buster Skrine","NYJ","DB",2016
"1536","00-0029629",737,-0.00384920841033988,0.0200430470122454,-0.000349928037303626,"Nate Stupar","NO","LB",2016
"1537","00-0033080",1921,-0.00385825856065508,0.0200672476440776,-0.000350750778241371,"Seth DeValve","CLE","TE",2016
"1538","00-0031070",1140,-0.00390639418487602,0.0201310309426769,-0.000355126744079638,"Nat Berhe","NYG","DB",2016
"1539","00-0030874",1077,-0.00390979882087102,0.0199101306101861,-0.00035543625644282,"Damien Williams","MIA","RB",2016
"1540","00-0031344",1251,-0.00391464283376079,0.0205533297613524,-0.000355876621250981,"Cody Latimer","DEN","WR",2016
"1541","00-0026267",205,-0.003916631759543,0.0200136158889143,-0.000356057432685727,"Jacob Tamme","ATL","TE",2016
"1542","00-0031856",1429,-0.00395777097416995,0.0203729323097023,-0.000359797361288177,"Brandon King","NE","DB",2016
"1543","00-0031407",1290,-0.00397735853314129,0.019472573182133,-0.00036157804846739,"Blake Bortles","JAX","QB",2016
"1544","00-0031015",1101,-0.00399689383512949,0.0197217723598261,-0.000363353985011772,"Phillip Gaines","KC","DB",2016
"1545","00-0031572",1345,-0.0040088892711529,0.0207915170326331,-0.000364444479195718,"T.J. Clemmings","MIN","OL",2016
"1546","00-0029529",699,-0.00401340488159272,0.0205558463695957,-0.000364854989235702,"Coty Sensabaugh","NYG","DB",2016
"1547","00-0027905",431,-0.00402309696880939,0.0215499498930848,-0.000365736088073581,"Will Tukuafu","SEA","RB",2016
"1548","00-0029600",725,-0.00402460366588342,0.0198829629188947,-0.000365873060534857,"Andre Branch","MIA","DL",2016
"1549","00-0032063",1497,-0.00402764192646944,0.0203681919598709,-0.000366149266042677,"Mike Davis","SF","RB",2016
"1550","00-0030503",963,-0.004028411924771,0.0201481712552698,-0.000366219265888273,"Alex Okafor","ARI","LB",2016
"1551","00-0033084",1923,-0.00403357810271768,0.0194266590020276,-0.00036668891842888,"Kendall Fuller","WAS","DB",2016
"1552","00-0026205",192,-0.00403772607358603,0.0201149613293646,-0.000367066006689639,"John Greco","CLE","OL",2016
"1553","00-0031079",1145,-0.00405767351028664,0.0211318947519738,-0.000368879410026058,"Pat O'Donnell","CHI","P",2016
"1554","00-0029053",609,-0.00406595249648141,0.0218265514715028,-0.000369632045134673,"Ryan Davis","DAL","LB",2016
"1555","00-0030419",926,-0.00407680060750078,0.0207968530925757,-0.000370618237045526,"Matt McGloin","OAK","QB",2016
"1556","00-0025430",127,-0.00408658771954104,0.0211589794026975,-0.000371507974503731,"Drew Stanton","ARI","QB",2016
"1557","00-0026857",248,-0.00409512714656693,0.0207310486405688,-0.000372284286051539,"Dannell Ellerbe","NO","LB",2016
"1558","00-0029294",664,-0.00411863505313259,0.0205202115812702,-0.000374421368466599,"Asa Jackson","DET","DB",2016
"1559","00-0032998",1887,-0.00412461094306434,0.0201862427658965,-0.000374964631187667,"Jared Norris","CAR","LB",2016
"1560","00-0023482",55,-0.00412906093315858,0.0212067782532723,-0.000375369175741689,"Mike Nugent","CIN","K",2016
"1561","00-0030289",897,-0.00414511455798539,0.0208077990489273,-0.00037682859618049,"Bacarri Rambo","MIA","DB",2016
"1562","00-0032059",1493,-0.00414691718738607,0.0215283526272856,-0.000376992471580552,"P.J. Williams","NO","DB",2016
"1563","00-0033125",1947,-0.00415200161722209,0.0199462555965484,-0.000377454692474735,"Joe Schobert","CLE","LB",2016
"1564","00-0032635",1737,-0.00415970490436655,0.0216317353848024,-0.00037815499130605,"Josh Hawkins","GB","DB",2016
"1565","00-0030300",900,-0.00416148143105324,0.0196392574308196,-0.000378316493732113,"Jaron Brown","ARI","WR",2016
"1566","00-0032397",1641,-0.00417758551423206,0.0218491753980984,-0.000379780501293824,"Rees Odhiambo","SEA","OL",2016
"1567","00-0030526",981,-0.00418500859283721,0.0214029697297641,-0.000380455326621565,"EJ Manuel","BUF","QB",2016
"1568","00-0031547",1321,-0.00419418671145118,0.0207587790592916,-0.000381289701041016,"DeVante Parker","MIA","WR",2016
"1569","00-0030312",901,-0.00419748378910163,0.0201946851912246,-0.000381589435372876,"Jahleel Addae","SD","DB",2016
"1570","00-0032774",1788,-0.00420398413905634,0.0201850931822849,-0.000382180376277849,"Deon Bush","CHI","DB",2016
"1571","00-0026275",207,-0.00425411859377543,0.0194396402085307,-0.000386738053979585,"Josh Sitton","CHI","OL",2016
"1572","00-0031922",1445,-0.00425593715239492,0.0200351591323178,-0.000386903377490447,"Khari Lee","DET","TE",2016
"1573","00-0033122",1945,-0.00425764355804372,0.0210197652851319,-0.000387058505276702,"Shilique Calhoun","OAK","LB",2016
"1574","00-0027877",422,-0.00426830462651188,0.0206918794829788,-0.000388027693319262,"Dan Williams","OAK","DL",2016
"1575","00-0031336",1246,-0.00426864518554653,0.0198286788466726,-0.000388058653231503,"Kony Ealy","CAR","DL",2016
"1576","00-0032791",1804,-0.00428405406830074,0.0205303599825079,-0.000389459460754613,"Jakeem Grant","MIA","WR",2016
"1577","00-0029615",733,-0.00428920105259055,0.0195332166932384,-0.000389927368417323,"Lamar Miller","HOU","RB",2016
"1578","00-0026008",161,-0.00429783026284571,0.0210982681955997,-0.000390711842076883,"Matthew Mulligan","DET","TE",2016
"1579","00-0032902",1843,-0.00430393640452895,0.0217810312280237,-0.000391266945866268,"Kenneth Farrow","SD","RB",2016
"1580","00-0028284",550,-0.00430779265137619,0.0207296103646247,-0.000391617513761472,"Patrick Scales","CHI","LS",2016
"1581","00-0030593",1021,-0.00434568946440273,0.0212075197152903,-0.000395062678582066,"Chance Warmack","TEN","OL",2016
"1582","00-0031599",1366,-0.00434765328358392,0.0207601665427867,-0.000395241207598539,"Cameron Artis-Payne","CAR","RB",2016
"1583","00-0030551",999,-0.00435244658303746,0.020540830507221,-0.000395676962094315,"Colton Schmidt","BUF","P",2016
"1584","00-0030517",973,-0.00439867863890827,0.0209040755077065,-0.000399879876264388,"David Bass","TEN","LB",2016
"1585","00-0030896",1081,-0.0044020333967447,0.0213856363345412,-0.000400184854249518,"Chandler Catanzaro","ARI","K",2016
"1586","00-0032956",1865,-0.00441123859306994,0.0205576573390245,-0.000401021690279086,"Andy Janovich","DEN","RB",2016
"1587","00-0028368",553,-0.00442830062312455,0.0202319624969447,-0.000402572783920413,"Spencer Paysinger","MIA","LB",2016
"1588","00-0023173",43,-0.00443179608559422,0.0205878691157772,-0.000402890553235838,"John Denney","MIA","LS",2016
"1589","00-0030420",927,-0.00443708085100529,0.0207265982495636,-0.000403370986455026,"David Amerson","OAK","DB",2016
"1590","00-0031085",1149,-0.00444571354462567,0.0204319430590347,-0.000404155776784151,"Jay Prosch","HOU","RB",2016
"1591","00-0032385",1629,-0.00445913659922534,0.0206276328684939,-0.000405376054475031,"Sterling Shepard","NYG","WR",2016
"1592","00-0026739",240,-0.00446751931026315,0.0201500861985645,-0.000406138119114832,"Jordan Norwood","DEN","WR",2016
"1593","00-0032195",1558,-0.00447530592998547,0.0200922062566006,-0.000406845993635043,"Ronald Darby","BUF","DB",2016
"1594","00-0024333",101,-0.00447567723061648,0.0195316491064638,-0.000406879748237861,"Stephen Gostkowski","NE","K",2016
"1595","00-0023750",70,-0.00448021854408505,0.0203951148794527,-0.000407292594916823,"Mario Williams","MIA","DL",2016
"1596","00-0033048",1901,-0.00449072889062406,0.0210404256844007,-0.000408248080965824,"Kavon Frazier","DAL","DB",2016
"1597","00-0027868",414,-0.0044984700533282,0.0205857114692264,-0.000408951823029837,"Derrick Morgan","TEN","LB",2016
"1598","00-0029141",624,-0.0045197270234154,0.0210935561710245,-0.000410884274855946,"Alfred Morris","DAL","RB",2016
"1599","00-0029676",754,-0.00452564250402129,0.020519540710383,-0.000411422045820118,"Morris Claiborne","DAL","DB",2016
"1600","00-0030096",854,-0.00454174000172346,0.0209637561983972,-0.000412885454702133,"Vinston Painter","WAS","OL",2016
"1601","00-0028064",505,-0.00454184649715844,0.0198087314089596,-0.000412895136105313,"Bilal Powell","NYJ","RB",2016
"1602","00-0032761",1775,-0.00455317264939388,0.0204819826371748,-0.000413924786308534,"Robert Nkemdiche","ARI","DL",2016
"1603","00-0029239",637,-0.00457932771686261,0.0211854622516655,-0.000416302519714783,"Brandon Bolden","NE","RB",2016
"1604","00-0032405",1649,-0.00458673194515405,0.0204731406738164,-0.000416975631377641,"Willie Beavers","MIN","OL",2016
"1605","00-0032971",1875,-0.00459582221473321,0.0195011772304417,-0.000417802019521201,"Justin Simmons","DEN","DB",2016
"1606","00-0031704",1392,-0.00460366420093594,0.0191068848271894,-0.000418514927357813,"Edwin Jackson","IND","LB",2016
"1607","00-0032064",1498,-0.00460618942270282,0.0217077827288908,-0.000418744492972983,"DeAndre Smelter","SF","WR",2016
"1608","00-0032256",1594,-0.00460857449619132,0.0204448025038042,-0.000418961317835574,"Clive Walford","OAK","TE",2016
"1609","00-0032170",1552,-0.00461155067366967,0.0204889108691454,-0.000419231879424515,"Rashad Greene","JAX","WR",2016
"1610","00-0029418",688,-0.00461723359777789,0.020981161741797,-0.000419748508888899,"Najee Goode","PHI","LB",2016
"1611","00-0029587",721,-0.00461796003722396,0.0198815873454219,-0.000419814548838542,"Rhett Ellison","MIN","TE",2016
"1612","00-0029567",710,-0.00463359798022729,0.0211584772434891,-0.000421236180020663,"Nick Foles","KC","QB",2016
"1613","00-0031595",1363,-0.00465871123703882,0.0205398052441991,-0.000423519203367165,"Michael Burton","DET","RB",2016
"1614","00-0025396",116,-0.00466950479922839,0.0204706389219065,-0.00042450043629349,"Ted Ginn","CAR","WR",2016
"1615","00-0032864",1827,-0.0046957910863956,0.0211999954437042,-0.000426890098763237,"Alex Ellis","JAX","TE",2016
"1616","00-0030558",1003,-0.00470671436771651,0.0199138138785649,-0.000427883124337865,"Barkevious Mingo","NE","LB",2016
"1617","00-0025942",157,-0.00475774902657258,0.0204332191350848,-0.000432522638779325,"Leger Douzable","BUF","DL",2016
"1618","00-0031843",1424,-0.00476111531369914,0.020626207408924,-0.00043282866488174,"Ryan Delaire","CAR","DL",2016
"1619","00-0028536",566,-0.00477283429076611,0.0203991139481177,-0.000433894026433283,"Bryan Braman","PHI","DL",2016
"1620","00-0032116",1518,-0.00479009266567474,0.0190910341277937,-0.000435462969606794,"Darius Philon","SD","DL",2016
"1621","00-0032054",1489,-0.00479146299969006,0.0196679214179675,-0.000435587545426369,"Breshad Perriman","BAL","WR",2016
"1622","00-0028103",523,-0.00479729382370039,0.02040031305601,-0.000436117620336399,"Pernell McPhee","CHI","LB",2016
"1623","00-0027861",408,-0.00480723988248583,0.0206251622114104,-0.000437021807498712,"C.J. Spiller","NYJ","RB",2016
"1624","00-0029744",779,-0.00481273603938076,0.0209767069018652,-0.000437521458125524,"Josh McNary","IND","LB",2016
"1625","00-0032973",1877,-0.00483812408075362,0.0217997343344305,-0.000439829461886693,"Zack Sanchez","CAR","DB",2016
"1626","00-0032132",1527,-0.00484804499050536,0.0201986537611349,-0.000440731362773214,"Max Garcia","DEN","OL",2016
"1627","00-0032196",1559,-0.00485946622747743,0.0205282802801339,-0.000441769657043403,"Jake Fisher","CIN","OL",2016
"1628","00-0023662",66,-0.00487016242299879,0.0202331310346091,-0.000442742038454435,"Matt Cassel","TEN","QB",2016
"1629","00-0021206",14,-0.00487802224565086,0.0212517827314915,-0.000443456567786442,"Josh McCown","CLE","QB",2016
"1630","00-0030524",979,-0.00488189231485879,0.0206299668121014,-0.00044380839225989,"Landry Jones","PIT","QB",2016
"1631","00-0029528",698,-0.00488478804441542,0.0202129142130425,-0.000444071640401402,"Bobby Massie","CHI","OL",2016
"1632","00-0024495",112,-0.00489915618120261,0.0207194686609607,-0.000445377834654783,"Ahmad Brooks","SF","LB",2016
"1633","00-0027854",401,-0.00491810870084214,0.0201896741573817,-0.000447100790985649,"Sam Bradford","MIN","QB",2016
"1634","00-0032443",1680,-0.00492352919588408,0.0211623011206226,-0.000447593563262189,"Joey Hunt","SEA","OL",2016
"1635","00-0027710",369,-0.0049407397261498,0.0209891969884816,-0.000449158156922709,"Darrell Stuckey","SD","DB",2016
"1636","00-0030280",891,-0.0049651613496703,0.0206339890326075,-0.000451378304515482,"Knile Davis","KC","RB",2016
"1637","00-0033156",1955,-0.00498720010826013,0.0210260885573626,-0.000453381828023648,"Joey Bosa","SD","DL",2016
"1638","00-0026201",191,-0.0049928616724212,0.0192104868960359,-0.000453896515674655,"Martellus Bennett","NE","TE",2016
"1639","00-0027038",290,-0.00499834341850166,0.0200935485057988,-0.000454394856227423,"Sen'Derrick Marks","JAX","DL",2016
"1640","00-0027378",328,-0.00500404456953456,0.0213333077884557,-0.00045491314268496,"Chris Maragos","PHI","DB",2016
"1641","00-0031545",1319,-0.00502668023543908,0.0208129079168528,-0.000456970930494462,"Kevin White","CHI","WR",2016
"1642","00-0031937",1452,-0.00502745970183879,0.0203904375814097,-0.000457041791076254,"Quinten Rollins","GB","DB",2016
"1643","00-0027859",406,-0.00502807832922637,0.0201925614086723,-0.00045709802992967,"Russell Okung","DEN","OL",2016
"1644","00-0032355",1613,-0.00503411407980562,0.0200767225042947,-0.000457646734527784,"Chester Rogers","IND","WR",2016
"1645","00-0027968",457,-0.00503488352236542,0.0196671042676227,-0.000457716683851402,"Muhammad Wilkerson","NYJ","DL",2016
"1646","00-0027871",417,-0.00505362881803249,0.0207307778949187,-0.000459420801639317,"Sean Weatherspoon","ATL","LB",2016
"1647","00-0030519",975,-0.00506236510862643,0.0216266310377641,-0.00046021500987513,"Will Davis","BAL","DB",2016
"1648","00-0027878",423,-0.00506699579759495,0.0201233690829366,-0.000460635981599541,"Jared Odrick","JAX","DL",2016
"1649","00-0030441",936,-0.00508973820435164,0.0200658160427695,-0.000462703473122877,"Kyle Long","CHI","OL",2016
"1650","00-0032429",1671,-0.00509138994273049,0.0204235122200417,-0.000462853631157317,"Jerell Adams","NYG","TE",2016
"1651","00-0032410",1653,-0.00511037453088152,0.019205770024973,-0.000464579502807411,"Rashard Robinson","SF","DB",2016
"1652","00-0032269",1602,-0.00514083052086375,0.0206818204958154,-0.000467348229169432,"Henry Anderson","IND","DL",2016
"1653","00-0032769",1783,-0.00515126496993887,0.0197015463343299,-0.000468296815448988,"Brandon Williams","ARI","DB",2016
"1654","00-0031417",1296,-0.00516154309935557,0.0206640612272641,-0.000469231190850506,"Ja'Wuan James","MIA","OL",2016
"1655","00-0030471",951,-0.0051665063832366,0.0205937979223365,-0.000469682398476054,"Shawn Williams","CIN","DB",2016
"1656","00-0033051",1903,-0.00518108235605691,0.0192703811312835,-0.000471007486914265,"David Onyemata","NO","DL",2016
"1657","00-0033076",1918,-0.00519227908738087,0.0193207323562932,-0.000472025371580079,"Derrick Kindred","CLE","DB",2016
"1658","00-0027224",317,-0.00520206765942428,0.0200813381545222,-0.000472915241765844,"Jon Weeks","HOU","LS",2016
"1659","00-0032201",1563,-0.00520651078260151,0.0217775139168639,-0.000473319162054683,"Ben Heeney","OAK","LB",2016
"1660","00-0025820",151,-0.00522059252718067,0.0207670465562468,-0.000474599320652788,"Jake Long","MIN","OL",2016
"1661","00-0029336",675,-0.0052238903528035,0.0203638690518253,-0.000474899122982137,"Brittan Golden","ARI","WR",2016
"1662","00-0029391",678,-0.00522649699261623,0.0194512957883149,-0.000475136090237839,"Sean McGrath","SD","TE",2016
"1663","00-0027682",358,-0.00523135469970465,0.0202060502542426,-0.00047557769997315,"Donald Butler","MIA","LB",2016
"1664","00-0024281",96,-0.00523365490711598,0.0208037974685887,-0.000475786809737816,"Eric Winston","CIN","OL",2016
"1665","00-0032378",1622,-0.00523383684506243,0.020203578537129,-0.00047580334955113,"DeForest Buckner","SF","DL",2016
"1666","00-0028497",565,-0.00523620777298082,0.019881476255173,-0.000476018888452802,"Kamar Aiken","BAL","WR",2016
"1667","00-0026293",215,-0.00524874145489675,0.0210044032970035,-0.000477158314081523,"Matthew Slater","NE","WR",2016
"1668","00-0028908",589,-0.00527026311591068,0.0203616400461182,-0.000479114828719152,"Michael Thomas","MIA","DB",2016
"1669","00-0024334",102,-0.00527564269991086,0.0197734502114159,-0.000479603881810078,"Brandon Marshall","NYJ","WR",2016
"1670","00-0029560",706,-0.00529527755388695,0.0201294065226206,-0.000481388868535177,"Dre Kirkpatrick","CIN","DB",2016
"1671","00-0032145",1537,-0.00531023592442149,0.0195874535122013,-0.000482748720401953,"Cameron Erving","CLE","OL",2016
"1672","00-0032406",1650,-0.00533800585485973,0.0196255625383796,-0.000485273259532703,"Antonio Morrison","IND","LB",2016
"1673","00-0030422",929,-0.00533823455466421,0.0198873813604315,-0.000485294050424019,"Dion Sims","MIA","TE",2016
"1674","00-0031427",1300,-0.00534113865188964,0.0196403370381946,-0.000485558059262694,"Todd Davis","DEN","LB",2016
"1675","00-0029137",622,-0.00535625388174379,0.0204069026069301,-0.000486932171067617,"Alshon Jeffery","CHI","WR",2016
"1676","00-0031371",1270,-0.00536501763827774,0.0209643013369435,-0.000487728876207067,"Marcus Smith","PHI","DL",2016
"1677","00-0030668",1034,-0.00537026586401671,0.0201368370334886,-0.000488205987637883,"Charcandrick West","KC","RB",2016
"1678","00-0032057",1491,-0.00537227031615778,0.0199572527841056,-0.000488388210559799,"Jaquiski Tartt","SF","DB",2016
"1679","00-0028091",516,-0.00538638997913148,0.0198400910346652,-0.00048967181628468,"Jeremy Kerley","SF","WR",2016
"1680","00-0030090",850,-0.00539730579951041,0.0195886161558448,-0.000490664163591856,"Micah Hyde","GB","DB",2016
"1681","00-0032486",1700,-0.00539874152803569,0.0207284434581916,-0.000490794684366881,"Kameron Canaday","ARI","LS",2016
"1682","00-0027658",348,-0.00540133798803055,0.0207807495658748,-0.000491030726184596,"Zane Beadles","SF","OL",2016
"1683","00-0030968",1089,-0.00542438810554623,0.02019858778489,-0.000493126191413293,"Keith Smith","DAL","RB",2016
"1684","00-0031897",1436,-0.00543093473497127,0.0209610449673243,-0.000493721339542842,"Thomas Rawls","SEA","RB",2016
"1685","00-0025434",128,-0.00543379870045732,0.0205693258082131,-0.000493981700041575,"David Harris","NYJ","LB",2016
"1686","00-0030286",894,-0.00544788756809837,0.0196381169905217,-0.000495262506190761,"Tourek Williams","SD","LB",2016
"1687","00-0028946",595,-0.00545082155131677,0.0209590419058514,-0.000495529231937888,"Aaron Brewer","ARI","LS",2016
"1688","00-0027006",276,-0.00545194054277161,0.0188741847631876,-0.000495630958433782,"Kenny Britt","LA","WR",2016
"1689","00-0032807",1815,-0.00545588451484467,0.0212190215520005,-0.000495989501349516,"Clayton Fejedelem","CIN","DB",2016
"1690","00-0027265",323,-0.00546235195748826,0.0201277646286268,-0.000496577450680751,"Victor Cruz","NYG","WR",2016
"1691","00-0031095",1152,-0.00546728371330625,0.0194387807949134,-0.00049702579211875,"Charles Leno Jr.","CHI","OL",2016
"1692","00-0025920",156,-0.00547908060350224,0.0200596191990427,-0.000498098236682022,"Jerrell Freeman","CHI","LB",2016
"1693","00-0029061",610,-0.0054918084893248,0.0204394399041102,-0.000499255317211346,"Julian Stanford","NYJ","LB",2016
"1694","00-0022059",21,-0.00549475604236681,0.0197595374243827,-0.000499523276578801,"Robert Mathis","IND","LB",2016
"1695","00-0032398",1642,-0.00553416986977131,0.0214753396053566,-0.000503106351797392,"Chris Moore","BAL","WR",2016
"1696","00-0027103",302,-0.00553455022866765,0.0218084187208152,-0.000503140929878877,"Kevin Huber","CIN","P",2016
"1697","00-0030710",1047,-0.00554159912968727,0.0203138819782396,-0.000503781739062479,"Trey Burton","PHI","TE",2016
"1698","00-0027812",393,-0.00555189840513985,0.0205489648865662,-0.000504718036830895,"Dekoda Watson","DEN","LB",2016
"1699","00-0031181",1181,-0.00556019447261429,0.0196247565668984,-0.000505472224783118,"Ricardo Allen","ATL","DB",2016
"1700","00-0029111",616,-0.0055603037850572,0.0208763033811245,-0.000505482162277927,"Derrick Shelby","ATL","DL",2016
"1701","00-0031389",1281,-0.00556556024383404,0.0195408800518175,-0.000505960022166731,"Lamarcus Joyner","LA","DB",2016
"1702","00-0032875",1829,-0.00557531973815399,0.0193851805551967,-0.00050684724892309,"Ken Crawley","NO","DB",2016
"1703","00-0026223",196,-0.00558651672062033,0.0196904523640693,-0.00050786515642003,"Jeremy Zuttah","BAL","OL",2016
"1704","00-0029319",673,-0.00561802844111237,0.0203908363821882,-0.000510729858282943,"Josh Bellamy","CHI","WR",2016
"1705","00-0023579",63,-0.00561955473248518,0.0209416069063621,-0.000510868612044107,"Trent Cole","IND","LB",2016
"1706","00-0026844",246,-0.00564231646784835,0.0205018922815919,-0.000512937860713487,"Garrison Sanborn","BUF","LS",2016
"1707","00-0031290",1219,-0.00565269788552307,0.0201192712031827,-0.000513881625956643,"Marquis Flowers","CIN","LB",2016
"1708","00-0031585",1355,-0.00566854842607785,0.0210045624333914,-0.000515322584188895,"MyCole Pruitt","CHI","TE",2016
"1709","00-0033110",1936,-0.00569618325500419,0.0200353136478714,-0.000517834841364017,"Tyler Higbee","LA","TE",2016
"1710","00-0025900",155,-0.00571771559377151,0.0198855398119372,-0.000519792326706501,"Chris Clark","HOU","OL",2016
"1711","00-0030149",873,-0.00572600459693708,0.0207247516051643,-0.000520545872448825,"Matt Tobin","PHI","OL",2016
"1712","00-0032071",1503,-0.00573356653115264,0.0206602509551776,-0.000521233321013876,"Trent Brown","SF","OL",2016
"1713","00-0030488",957,-0.00573850482338856,0.0210597698580153,-0.000521682256671688,"Lavar Edwards","IND","DL",2016
"1714","00-0031612",1371,-0.00574253818738218,0.0199612631292981,-0.000522048926125652,"Aaron Ripkowski","GB","RB",2016
"1715","00-0032764",1778,-0.00578102028234038,0.0213771758020024,-0.00052554729839458,"Derrick Henry","TEN","RB",2016
"1716","00-0032239",1581,-0.00581160709951472,0.0196220013689124,-0.000528327918137701,"Byron Jones","DAL","DB",2016
"1717","00-0028198",540,-0.00587096369991594,0.0196395728427229,-0.000533723972719631,"Matt Asiata","MIN","RB",2016
"1718","00-0027974",461,-0.00587864694247816,0.0202912405533718,-0.000534422449316196,"Colin Kaepernick","SF","QB",2016
"1719","00-0031844",1425,-0.00588245831015059,0.0206475768361629,-0.000534768937286417,"Deshazor Everett","WAS","DB",2016
"1720","00-0028152",536,-0.00588405726591632,0.0209428337888021,-0.000534914296901483,"Derek Newton","HOU","OL",2016
"1721","00-0030458",944,-0.0058847397401382,0.0208934712883313,-0.000534976340012564,"Arthur Brown","NYJ","LB",2016
"1722","00-0031017",1103,-0.00589187271648628,0.0202789507548396,-0.000535624792407844,"Dakota Dozier","NYJ","OL",2016
"1723","00-0032168",1551,-0.00589302398668101,0.0213853179954375,-0.000535729453334637,"Josh Shaw","CIN","DB",2016
"1724","00-0031431",1302,-0.00592486854182852,0.0196772164185994,-0.000538624412893502,"Marqise Lee","JAX","WR",2016
"1725","00-0030741",1051,-0.00593745640279945,0.0209016103275108,-0.000539768763890859,"Roosevelt Nix","PIT","RB",2016
"1726","00-0030061",830,-0.00593871258935222,0.0204705827544018,-0.000539882962668383,"Zach Ertz","PHI","TE",2016
"1727","00-0031259",1203,-0.00596675058852377,0.019987492261622,-0.000542431871683979,"Aaron Colvin","JAX","DB",2016
"1728","00-0033079",1920,-0.00599242097530679,0.0195855649787285,-0.000544765543209708,"Ricardo Louis","CLE","WR",2016
"1729","00-0032596",1728,-0.00600621588518787,0.0198213107429783,-0.00054601962592617,"Brian Poole","ATL","DB",2016
"1730","00-0027678",356,-0.00601038623697966,0.0201411494838402,-0.000546398748816333,"John Jerry","NYG","OL",2016
"1731","00-0032552",1715,-0.00604019072525363,0.0203596552230162,-0.00054910824775033,"Adairius Barnes","DET","DB",2016
"1732","00-0033055",1905,-0.00604081454771706,0.0198938263113031,-0.000549164958883369,"Jalen Ramsey","JAX","DB",2016
"1733","00-0031357",1259,-0.00605582341249923,0.0194362671469709,-0.000550529401136293,"C.J. Goodwin","ATL","DB",2016
"1734","00-0030402",918,-0.00609992058939475,0.0202046117453205,-0.000554538235399522,"Akeem Spence","TB","DL",2016
"1735","00-0026898",250,-0.0060999926342659,0.0207837007844013,-0.000554544784933263,"Mark Sanchez","DAL","QB",2016
"1736","00-0019714",6,-0.00610052029574374,0.0201299962279617,-0.000554592754158522,"Shane Lechler","HOU","P",2016
"1737","00-0029682",758,-0.00611191145640238,0.0199212486722578,-0.000555628314218398,"Brock Osweiler","HOU","QB",2016
"1738","00-0031346",1253,-0.0061410776212548,0.0204710773344039,-0.000558279783750437,"Justin Ellis","OAK","DL",2016
"1739","00-0029740",778,-0.0061804378381353,0.0207540280890743,-0.000561857985285027,"Ifeanyi Momah","ARI","TE",2016
"1740","00-0031235",1193,-0.00619847463180966,0.0202881087625632,-0.000563497693800878,"Odell Beckham","NYG","WR",2016
"1741","00-0029252",641,-0.0062043472239152,0.0204758093525645,-0.000564031565810472,"Courtney Upshaw","ATL","DL",2016
"1742","00-0023496",57,-0.00620662039533788,0.0200643818002021,-0.000564238217757989,"Vincent Jackson","TB","WR",2016
"1743","00-0029542",701,-0.00623076056547821,0.0197770565188926,-0.000566432778679837,"Stephon Gilmore","BUF","DB",2016
"1744","00-0027787",388,-0.0062313902746402,0.0199367410706141,-0.000566490024967291,"Eugene Sims","LA","DL",2016
"1745","00-0031734",1403,-0.00625906072511601,0.0200724448803857,-0.000569005520465092,"Chris Reed","JAX","OL",2016
"1746","00-0026224",197,-0.00626487694052762,0.0206373099149554,-0.000569534267320692,"Harry Douglas","TEN","WR",2016
"1747","00-0033102",1930,-0.00626814921178143,0.0205697859060256,-0.000569831746525585,"Roberto Aguayo","TB","K",2016
"1748","00-0024338",103,-0.00628585928434283,0.01958664343219,-0.000571441753122075,"Domata Peko Sr.","CIN","DL",2016
"1749","00-0029285",660,-0.00630985500742476,0.019710643679988,-0.00057362318249316,"Josh Norman","WAS","DB",2016
"1750","00-0030887",1080,-0.00637051076131802,0.019342224240574,-0.000579137341938002,"Anthony Steen","MIA","OL",2016
"1751","00-0031238",1195,-0.00637825152864178,0.0194535837364651,-0.000579841048058344,"Weston Richburg","NYG","OL",2016
"1752","00-0027869",415,-0.0063978472004325,0.0201849198400653,-0.000581622472766591,"Mike Iupati","ARI","OL",2016
"1753","00-0029410",682,-0.0064631387657955,0.0200830438626067,-0.000587558069617773,"Tavon Wilson","DET","DB",2016
"1754","00-0030059",828,-0.00648869352210013,0.0199080395120178,-0.00058988122928183,"Ezekiel Ansah","DET","DL",2016
"1755","00-0030421",928,-0.00649513649873344,0.0201149216722947,-0.000590466954430312,"Jamie Collins","CLE","LB",2016
"1756","00-0029869",795,-0.00649655183264783,0.0192661212806894,-0.000590595621149803,"Will Compton","WAS","LB",2016
"1757","00-0027951",444,-0.00652105117602432,0.0196929162533468,-0.000592822834184029,"Nick Fairley","NO","DL",2016
"1758","00-0032106",1512,-0.00652818005158654,0.0200527702343104,-0.000593470913780595,"Craig Mager","SD","DB",2016
"1759","00-0031384",1277,-0.00653610848810976,0.0203106532451265,-0.000594191680737251,"Richard Rodgers","GB","TE",2016
"1760","00-0032966",1871,-0.00653715794461192,0.0198743481732174,-0.000594287085873811,"Corey Coleman","CLE","WR",2016
"1761","00-0031609",1369,-0.00656835804222567,0.0205640839317946,-0.000597123458384152,"A.J. Derby","DEN","TE",2016
"1762","00-0027988",472,-0.00657178723670954,0.0200775535421493,-0.000597435203337231,"Marcus Gilchrist","NYJ","DB",2016
"1763","00-0031559",1333,-0.00658713227984385,0.0207759886334167,-0.000598830207258532,"Jordan Richards","NE","DB",2016
"1764","00-0029901",805,-0.00659558039876618,0.0193596297246699,-0.000599598218069653,"Rashaan Melvin","IND","DB",2016
"1765","00-0028023",487,-0.00661128764839287,0.0207302638841437,-0.000601026149853897,"Jah Reid","KC","OL",2016
"1766","00-0032420",1663,-0.00663526141300322,0.020865571393401,-0.000603205583000293,"Brandon Shell","NYJ","OL",2016
"1767","00-0024061",74,-0.00665679684135493,0.0203510020291931,-0.000605163349214085,"Tramon Williams","CLE","DB",2016
"1768","00-0031291",1220,-0.00667602748226825,0.0206319980122787,-0.000606911589297114,"James Wright","CIN","WR",2016
"1769","00-0032413",1656,-0.00670140641057487,0.0196502495799536,-0.000609218764597716,"Ronald Blair","SF","DL",2016
"1770","00-0024348",105,-0.00675306401525176,0.0201193955259985,-0.000613914910477432,"Kyle Williams","BUF","DL",2016
"1771","00-0030963",1088,-0.00675719764793493,0.0219734785125626,-0.000614290695266812,"Dashaun Phillips","WAS","DB",2016
"1772","00-0032259",1596,-0.00676239042458426,0.0201485292745666,-0.000614762765871296,"Ereck Flowers","NYG","OL",2016
"1773","00-0030997",1097,-0.00677661155001699,0.0186432772054469,-0.00061605559545609,"Zach Fulton","KC","OL",2016
"1774","00-0031697",1390,-0.00682134608340901,0.0199346106869896,-0.000620122371219001,"Jordan Taylor","DEN","WR",2016
"1775","00-0031799",1418,-0.00687287622031877,0.020103563942792,-0.000624806929119889,"Anthony Harris","MIN","DB",2016
"1776","00-0030577",1015,-0.0069038195654719,0.019515133110212,-0.000627619960497446,"Sylvester Williams","DEN","DL",2016
"1777","00-0030869",1075,-0.00696270620175162,0.020865262043546,-0.000632973291068329,"Tyler Larsen","CAR","OL",2016
"1778","00-0030548",997,-0.00699172735809587,0.0195800669507034,-0.000635611578008716,"Eric Reid","SF","DB",2016
"1779","00-0023259",46,-0.007010302296886,0.019511100239552,-0.000637300208807818,"Lorenzo Alexander","BUF","LB",2016
"1780","00-0028114",527,-0.00701381425923636,0.0201046579755799,-0.000637619478112396,"Dwayne Harris","NYG","WR",2016
"1781","00-0030465",948,-0.00701766916098014,0.0205662227989106,-0.000637969923725467,"Kenjon Barner","PHI","RB",2016
"1782","00-0032143",1535,-0.00701913461249368,0.0204247149752399,-0.000638103146590335,"Danny Shelton","CLE","DL",2016
"1783","00-0030287",895,-0.00712326217036911,0.0196678092609114,-0.000647569288215373,"Andre Ellington","ARI","RB",2016
"1784","00-0030401",917,-0.00712890491537929,0.0197389770913392,-0.000648082265034481,"Kiko Alonso","MIA","LB",2016
"1785","00-0030109",860,-0.00714020021512091,0.019884738365177,-0.000649109110465537,"Mike Catapano","NYJ","LB",2016
"1786","00-0027008",277,-0.00718082969603089,0.0191362349645503,-0.000652802699639172,"Ziggy Hood","WAS","DL",2016
"1787","00-0033119",1942,-0.00720584447176734,0.0207025682201112,-0.000655076770160667,"Jacoby Brissett","NE","QB",2016
"1788","00-0032209",1567,-0.00721569612613366,0.0196353537674039,-0.00065597237510306,"T.J. Yeldon","JAX","RB",2016
"1789","00-0031182",1182,-0.00722979322124196,0.0201004416169952,-0.000657253929203815,"Kevin Pamphile","TB","OL",2016
"1790","00-0027979",465,-0.00724867841456411,0.0212497649938744,-0.000658970764960374,"Jarvis Jenkins","KC","DL",2016
"1791","00-0031348",1255,-0.00731737175317887,0.0199606850889808,-0.000665215613925351,"Anthony Hitchens","DAL","LB",2016
"1792","00-0030275",888,-0.00733589755331953,0.0205902369113984,-0.000666899777574503,"Demontre Hurst","CHI","DB",2016
"1793","00-0030670",1036,-0.00735675552215497,0.0203180097746868,-0.000668795956559543,"Bennie Fowler","DEN","WR",2016
"1794","00-0032581",1725,-0.00738807447129062,0.0197925678470135,-0.000671643133753693,"Cre'von LeBlanc","CHI","DB",2016
"1795","00-0032290",1605,-0.00739176368848213,0.0205310199650523,-0.000671978517134739,"Trovon Reed","SD","DB",2016
"1796","00-0033111",1937,-0.00741403658700295,0.0199658912248412,-0.000674003326091178,"Pharoh Cooper","LA","WR",2016
"1797","00-0031410",1292,-0.00742987216700962,0.0205356090391905,-0.000675442924273601,"Xavier Su'a-Filo","HOU","OL",2016
"1798","00-0028042",498,-0.00743123100322251,0.0197500814688099,-0.00067556645483841,"Luke Stocker","TB","TE",2016
"1799","00-0026180",184,-0.00744344404371713,0.0204904859760576,-0.000676676731247012,"Tracy Porter","CHI","DB",2016
"1800","00-0029731",775,-0.00744529117570432,0.0192045428549161,-0.000676844652336756,"Fozzy Whittaker","CAR","RB",2016
"1801","00-0032799",1811,-0.00748451174642725,0.0203985835673203,-0.000680410158766114,"Aaron Wallace","TEN","LB",2016
"1802","00-0030427",931,-0.00750104581495067,0.0205331971936788,-0.000681913255904607,"Kemal Ishmael","ATL","DB",2016
"1803","00-0029091",614,-0.00750527829072375,0.0200536132828501,-0.000682298026429432,"Bradley Sowell","SEA","OL",2016
"1804","00-0028903",588,-0.00750997944705364,0.0200954557354455,-0.000682725404277603,"Garrett Celek","SF","TE",2016
"1805","00-0023639",64,-0.00754887142553666,0.019589881218159,-0.000686261038685151,"Joe Berger","MIN","OL",2016
"1806","00-0027768",385,-0.00755716146370054,0.0203654479606543,-0.00068701467851823,"Marshall Newhouse","NYG","OL",2016
"1807","00-0030463",947,-0.00756811318474621,0.0194491451334484,-0.000688010289522383,"A.J. Klein","CAR","LB",2016
"1808","00-0032131",1526,-0.00757715923326657,0.0208166610111743,-0.000688832657569688,"Rodney Gunter","ARI","DL",2016
"1809","00-0029524",697,-0.00763180641481476,0.0201289794996112,-0.000693800583164978,"Jeff Allen","HOU","OL",2016
"1810","00-0028987",599,-0.00763180781766159,0.0204225396501929,-0.000693800710696508,"Phillip Supernaw","TEN","TE",2016
"1811","00-0032785",1799,-0.00764066369402085,0.0205000804152971,-0.000694605790365532,"Halapoulivaati Vaitai","PHI","OL",2016
"1812","00-0027987",471,-0.00764585746274122,0.0209080102209118,-0.000695077951158293,"Ben Ijalana","NYJ","OL",2016
"1813","00-0029888",799,-0.0076594151705596,0.0203597276236976,-0.000696310470050873,"Darryl Morris","IND","DB",2016
"1814","00-0031562",1335,-0.00766199536711716,0.0207770214755095,-0.000696545033374287,"Owa Odighizuwa","NYG","DL",2016
"1815","00-0031610",1370,-0.00767326242068182,0.0203466867623166,-0.000697569310971074,"Darren Waller","BAL","TE",2016
"1816","00-0029955",810,-0.00769049097969533,0.0199046126291435,-0.000699135543608666,"LaRoy Reynolds","ATL","LB",2016
"1817","00-0025408",121,-0.00772463634552299,0.0205574065427286,-0.000702239667774817,"Reggie Nelson","OAK","DB",2016
"1818","00-0026158",178,-0.00773285858034478,0.0194670901587761,-0.000702987143667707,"Joe Flacco","BAL","QB",2016
"1819","00-0031707",1393,-0.00774462819530989,0.0212922577343361,-0.000704057108664535,"Gabe Martin","ARI","LB",2016
"1820","00-0028038",494,-0.00775784284969728,0.0199012526846857,-0.000705258440881571,"Da'Norris Searcy","TEN","DB",2016
"1821","00-0028595",570,-0.00779733777461551,0.020633010962971,-0.00070884888860141,"Scott Tolzien","IND","QB",2016
"1822","00-0027215",315,-0.00784325230181228,0.0196616086299176,-0.000713022936528389,"Logan Paulsen","CHI","TE",2016
"1823","00-0030282",893,-0.00789672923819887,0.0213552131186864,-0.000717884476199897,"Stepfan Taylor","ARI","RB",2016
"1824","00-0022923",36,-0.00792235587844845,0.0204064184523819,-0.000720214170768041,"DeAngelo Hall","WAS","DB",2016
"1825","00-0026512",229,-0.0079546202450606,0.020351035461456,-0.000723147295005509,"Chris Baker","WAS","DL",2016
"1826","00-0032449",1683,-0.00800271028850636,0.0209976164198888,-0.000727519117136942,"Lac Edwards","NYJ","P",2016
"1827","00-0021706",19,-0.00800524653590527,0.0203600681137789,-0.000727749685082297,"Cullen Jenkins","WAS","DL",2016
"1828","00-0026292",214,-0.00802198530822569,0.019919173170689,-0.000729271391656881,"Letroy Guion","GB","DL",2016
"1829","00-0031628",1379,-0.00804138145442319,0.0202863644957566,-0.000731034677674836,"Darryl Roberts","NYJ","DB",2016
"1830","00-0032242",1584,-0.00804674971732214,0.0196271578102244,-0.00073152270157474,"Rob Havenstein","LA","OL",2016
"1831","00-0026493",225,-0.00806007294214685,0.0202432966424347,-0.000732733903831532,"Tanner Purdum","NYJ","LS",2016
"1832","00-0027963",454,-0.00809458316423674,0.0197639309595363,-0.000735871196748795,"James Carpenter","NYJ","OL",2016
"1833","00-0030562",1006,-0.00812529689101252,0.0194141837929977,-0.000738663353728411,"Desmond Trufant","ATL","DB",2016
"1834","00-0031023",1108,-0.00819177411510183,0.0207153427721491,-0.00074470673773653,"Quincy Enunwa","NYJ","WR",2016
"1835","00-0028059",502,-0.0081934623382203,0.0196666463647593,-0.000744860212565482,"Chris Prosinski","CHI","DB",2016
"1836","00-0032987",1885,-0.00826362390298739,0.0202040246243755,-0.000751238536635217,"Tracy Howard","CLE","DB",2016
"1837","00-0030523",978,-0.00828695321677962,0.0202127064280063,-0.000753359383343602,"Kayvon Webster","DEN","DB",2016
"1838","00-0031923",1446,-0.00830259426725722,0.0208414146050929,-0.000754781297023384,"Greg Mancz","HOU","OL",2016
"1839","00-0032407",1651,-0.00832840055379796,0.0204921801910506,-0.000757127323072541,"Alex Lewis","BAL","OL",2016
"1840","00-0032273",1604,-0.00836819736920081,0.0198992968682047,-0.000760745215381891,"Jude Adjei-Barimah","TB","DB",2016
"1841","00-0030544",993,-0.00843232905019096,0.0203466201539396,-0.000766575368199178,"Gavin Escobar","DAL","TE",2016
"1842","00-0020712",11,-0.00844784355119039,0.0206861061327828,-0.000767985777380944,"James Harrison","PIT","LB",2016
"1843","00-0026166",181,-0.00845648116399681,0.0196602721143768,-0.000768771014908801,"Duane Brown","HOU","OL",2016
"1844","00-0029250",640,-0.00849902574632083,0.0201539621848157,-0.000772638704210985,"Shea McClellin","NE","LB",2016
"1845","00-0030528",983,-0.00856828342960365,0.0194578461013548,-0.000778934857236696,"Robert Alford","ATL","DB",2016
"1846","00-0031608",1368,-0.00857990271906559,0.0200492464594341,-0.00077999115627869,"Quandre Diggs","DET","DB",2016
"1847","00-0028027",489,-0.00858461868695015,0.0202311463596749,-0.000780419880631832,"Shareece Wright","BAL","DB",2016
"1848","00-0031569",1342,-0.00865464700861521,0.0194466578513435,-0.000786786091692292,"Jeremy Langford","CHI","RB",2016
"1849","00-0032004",1475,-0.00865744026613624,0.0210960170913637,-0.000787040024194203,"Will Tye","NYG","TE",2016
"1850","00-0031568",1341,-0.00876782017335997,0.0214821822227909,-0.000797074561214543,"Bryce Petty","NYJ","QB",2016
"1851","00-0031176",1178,-0.00877594131546793,0.0211653230065695,-0.000797812846860721,"Nevin Lawson","DET","DB",2016
"1852","00-0027050",292,-0.00882235865568773,0.020642892388733,-0.000802032605062521,"DeAndre Levy","DET","LB",2016
"1853","00-0022247",25,-0.00887207153771911,0.0196928067722921,-0.000806551957974465,"Mike Adams","IND","DB",2016
"1854","00-0022803",32,-0.00899930961632352,0.0197089234512391,-0.000818119056029411,"Eli Manning","NYG","QB",2016
"1855","00-0031020",1105,-0.00902364846120962,0.0198292136854827,-0.000820331678291784,"Keith Reaser","SF","DB",2016
"1856","00-0030579",1017,-0.00903869192801143,0.0199657037087291,-0.000821699266182858,"Menelik Watson","OAK","OL",2016
"1857","00-0027002",274,-0.00904041657021531,0.0206019255335422,-0.000821856051837756,"Clay Matthews","GB","LB",2016
"1858","00-0031361",1262,-0.00905628045222522,0.0195749400240064,-0.000823298222929566,"Christian Kirksey","CLE","LB",2016
"1859","00-0029256",644,-0.00917275871822935,0.0207232881421764,-0.000833887156202669,"Kendall Reyes","KC","DL",2016
"1860","00-0030513",969,-0.00926419420200057,0.0202119025484097,-0.000842199472909143,"Latavius Murray","OAK","RB",2016
"1861","00-0032222",1576,-0.00933449036379575,0.0201368512828723,-0.000848590033072341,"D.J. Humphries","ARI","OL",2016
"1862","00-0030449",940,-0.00934386569911099,0.0204195057280102,-0.000849442336282817,"Margus Hunt","CIN","DL",2016
"1863","00-0032940",1855,-0.00935550789955229,0.0203804586558631,-0.000850500718141118,"DeAndre Washington","OAK","RB",2016
"1864","00-0027777",386,-0.00941837346481633,0.021525883918292,-0.000856215769528758,"Arthur Moats","PIT","LB",2016
"1865","00-0031298",1224,-0.00942179547182674,0.0191949588651005,-0.000856526861075158,"Jimmie Ward","SF","DB",2016
"1866","00-0027325",326,-0.0094459076918505,0.0207790455840893,-0.000858718881077318,"LeGarrette Blount","NE","RB",2016
"1867","00-0031263",1206,-0.00947444877662778,0.0202355817161115,-0.00086131352514798,"Avery Williamson","TEN","LB",2016
"1868","00-0030946",1086,-0.00950374768301286,0.019868232753199,-0.000863977062092078,"Kerry Hyder","DET","DL",2016
"1869","00-0027375",327,-0.00959053390316161,0.0197215671097409,-0.000871866718469237,"Tramaine Brock","SF","DB",2016
"1870","00-0030383",907,-0.00961323204320209,0.0198981929790555,-0.000873930185745645,"Duron Harmon","NE","DB",2016
"1871","00-0030697",1043,-0.00963142227383692,0.0197868000166902,-0.000875583843076083,"Jamie Meder","CLE","DL",2016
"1872","00-0032450",1684,-0.00964597322249589,0.0207811654765404,-0.000876906656590536,"Dwayne Washington","DET","RB",2016
"1873","00-0032060",1494,-0.00968766327174541,0.0194215669927104,-0.000880696661067764,"Eli Harold","SF","LB",2016
"1874","00-0026762",241,-0.00985688923836432,0.0208561003563442,-0.000896080839851302,"Alex Boone","MIN","OL",2016
"1875","00-0029543",702,-0.00988869044303959,0.0200171481342818,-0.000898971858458144,"Donald Stephenson","DEN","OL",2016
"1876","00-0030484",953,-0.00990791905406534,0.0196067238484984,-0.00090071991400594,"Jamar Taylor","CLE","DB",2016
"1877","00-0030469",949,-0.00996970161592849,0.0205593201028461,-0.000906336510538954,"Johnthan Banks","CHI","DB",2016
"1878","00-0028834",581,-0.0099869775720589,0.0197626013669576,-0.000907907052005355,"Craig Robertson","NO","LB",2016
"1879","00-0027954",447,-0.01001091599097,0.0195957221852149,-0.000910083271906366,"Ryan Kerrigan","WAS","LB",2016
"1880","00-0028067",506,-0.0100926984922547,0.0202987961565936,-0.000917518044750426,"Julius Thomas","JAX","TE",2016
"1881","00-0032911",1846,-0.0101051007164473,0.0208337892256621,-0.000918645519677031,"Spencer Pulley","SD","OL",2016
"1882","00-0031171",1174,-0.0102190348828155,0.0195805950029813,-0.000929003171165049,"Preston Brown","BUF","LB",2016
"1883","00-0027808",392,-0.0103075364530477,0.0198534081788277,-0.000937048768458883,"Willie Young","CHI","LB",2016
"1884","00-0031557",1331,-0.0103636095076176,0.0210102934125942,-0.000942146318874329,"Jordan Phillips","MIA","DL",2016
"1885","00-0032893",1837,-0.0104481316452055,0.0203443967155033,-0.00094983014956414,"Connor Cook","OAK","QB",2016
"1886","00-0030564",1007,-0.0104685762360452,0.0201794222476984,-0.000951688748731385,"DeAndre Hopkins","HOU","WR",2016
"1887","00-0028292",551,-0.0104794375415588,0.0208688617629333,-0.000952676140141713,"Nick Bellore","SF","LB",2016
"1888","00-0026373",222,-0.010534335450081,0.0206448536863195,-0.000957666859098276,"Justin Forsett","DEN","RB",2016
"1889","00-0032139",1533,-0.0106584613546584,0.0197350316834132,-0.000968951032241668,"Ben Koyack","JAX","TE",2016
"1890","00-0033147",1953,-0.0106960007217959,0.0211247154387685,-0.000972363701981446,"Darron Lee","NYJ","LB",2016
"1891","00-0030062",831,-0.0107033148158866,0.019584852200819,-0.000973028619626053,"Darius Slay","DET","DB",2016
"1892","00-0032441",1678,-0.0107189878395062,0.0202277912099182,-0.00097445343995511,"Aaron Burbridge","SF","WR",2016
"1893","00-0028202",541,-0.010721789456489,0.0192730780264856,-0.00097470813240809,"Shaun Draughn","SF","RB",2016
"1894","00-0026157",177,-0.0107748291607715,0.0201999417142338,-0.000979529923706502,"Gosder Cherilus","TB","OL",2016
"1895","00-0031051",1124,-0.0107807862945128,0.0207609256501746,-0.000980071481319349,"John Brown","ARI","WR",2016
"1896","00-0032688",1753,-0.0107858938718582,0.0206559122790608,-0.000980535806532563,"Robby Anderson","NYJ","WR",2016
"1897","00-0032599",1729,-0.0107912776621085,0.0211761849062321,-0.00098102524200986,"Josh Perkins","ATL","TE",2016
"1898","00-0030216",882,-0.010852559292741,0.020138995794274,-0.000986596299340095,"Josh Hill","NO","TE",2016
"1899","00-0032972",1876,-0.0108564564049271,0.0203201612111479,-0.000986950582266097,"Devontae Booker","DEN","RB",2016
"1900","00-0027081",301,-0.0108917821982274,0.0199678870690945,-0.000990162018020675,"Glover Quin","DET","DB",2016
"1901","00-0031433",1303,-0.0109251370262877,0.0220918886160083,-0.000993194275117061,"Billy Turner","DEN","OL",2016
"1902","00-0030547",996,-0.0109490976500294,0.019895073382995,-0.000995372513639036,"Denard Robinson","JAX","RB",2016
"1903","00-0032417",1660,-0.0109591986410449,0.0204280885429399,-0.00099629078554954,"Paul Perkins","NYG","RB",2016
"1904","00-0024421",110,-0.0109685084732547,0.0206285650459943,-0.000997137133932245,"Antoine Bethea","SF","DB",2016
"1905","00-0030070",838,-0.0109750455410029,0.0195844762432479,-0.000997731412818449,"John Jenkins","SEA","DL",2016
"1906","00-0027714",370,-0.0109797516400718,0.0200117536407074,-0.000998159240006531,"Dennis Pitta","BAL","TE",2016
"1907","00-0032899",1842,-0.011071527892891,0.0200817584119563,-0.00100650253571736,"Vadal Alexander","OAK","OL",2016
"1908","00-0027648",341,-0.0111244144041809,0.0211204744997684,-0.00101131040038008,"Rodger Saffold","LA","OL",2016
"1909","00-0026935",255,-0.0112722186480798,0.0194547796461547,-0.00102474714982544,"Brice McCain","TEN","DB",2016
"1910","00-0031386",1278,-0.0113961989834429,0.0200211386281134,-0.0010360180894039,"Greg Robinson","LA","OL",2016
"1911","00-0031151",1166,-0.0114926686439068,0.01955145423237,-0.00104478805853698,"Marcus Williams","NYJ","DB",2016
"1912","00-0027882",425,-0.0115289926327644,0.0198699792149887,-0.00104809023934222,"Patrick Robinson","IND","DB",2016
"1913","00-0031050",1123,-0.0116071921416264,0.0206827065728748,-0.0010551992856024,"Kareem Martin","ARI","LB",2016
"1914","00-0025555",142,-0.0117766576157917,0.0205654490069345,-0.00107060523779925,"Corey Graham","BUF","DB",2016
"1915","00-0030113",861,-0.0119025824868387,0.0198492275303535,-0.00108205295334897,"Charles D. Johnson","MIN","WR",2016
"1916","00-0029408",680,-0.0120167196295102,0.019968178669991,-0.0010924290572282,"Nick Perry","GB","LB",2016
"1917","00-0027018",281,-0.0120310287694024,0.0199187264816788,-0.00109372988812749,"Jairus Byrd","NO","DB",2016
"1918","00-0032661",1744,-0.012032463722016,0.0204967675950409,-0.00109386033836509,"Ben Braunecker","CHI","TE",2016
"1919","00-0031829",1423,-0.0120680352620384,0.0196740797971004,-0.00109709411473076,"LaDarius Gunter","GB","DB",2016
"1920","00-0025557",143,-0.0120783903120387,0.0196412933585296,-0.00109803548291261,"William Gay","PIT","DB",2016
"1921","00-0024535",113,-0.0122306258873428,0.0210985314140329,-0.00111187508066753,"Eric Weems","ATL","WR",2016
"1922","00-0027925",434,-0.0122798719182356,0.0202561147442508,-0.00111635199256688,"James Develin","NE","RB",2016
"1923","00-0030780",1058,-0.0123420973634315,0.0204831053763645,-0.00112200885122104,"Ryan Hewitt","CIN","TE",2016
"1924","00-0032244",1586,-0.012466683546082,0.0201918413873561,-0.00113333486782564,"Jamon Brown","LA","OL",2016
"1925","00-0028069",507,-0.0124825327721104,0.0206872767530066,-0.00113477570655549,"Davon House","JAX","DB",2016
"1926","00-0024249",88,-0.0125893476881188,0.0202488227494717,-0.00114448615346535,"D'Qwell Jackson","IND","LB",2016
"1927","00-0029931",806,-0.012597445533426,0.0206246108510029,-0.00114522232122055,"Zach Line","MIN","RB",2016
"1928","00-0030108",859,-0.0126620989107135,0.0205362349644825,-0.00115109990097395,"Ryan Griffin","HOU","TE",2016
"1929","00-0029212",635,-0.012674317621102,0.0202957624402895,-0.00115221069282745,"Tahir Whitehead","DET","LB",2016
"1930","00-0031173",1176,-0.0128309586285673,0.0201050417736292,-0.00116645078441521,"Jaylen Watkins","PHI","DB",2016
"1931","00-0032767",1781,-0.0129348858465626,0.0200140797786261,-0.00117589871332387,"Su'a Cravens","WAS","LB",2016
"1932","00-0026957",258,-0.0129492814904232,0.0205507439575624,-0.00117720740822029,"David Johnson","PIT","TE",2016
"1933","00-0027985",469,-0.0130085353887044,0.019762140327394,-0.00118259412624586,"Lance Kendricks","LA","TE",2016
"1934","00-0031796",1417,-0.0131328134074183,0.0205839675463133,-0.00119389212794712,"Justin Coleman","NE","DB",2016
"1935","00-0031052",1125,-0.013148493985862,0.0200437304743095,-0.00119531763507837,"Bashaud Breeland","WAS","DB",2016
"1936","00-0028836",582,-0.0131632134595463,0.0197032566250736,-0.00119665576904967,"Michael Wilhoite","SF","LB",2016
"1937","00-0031584",1354,-0.0132288972677511,0.0192299550327618,-0.00120262702434101,"Adrian Amos","CHI","DB",2016
"1938","00-0029208",634,-0.0133413914378519,0.020760810899108,-0.00121285376707745,"Tyrunn Walker","DET","DL",2016
"1939","00-0030079",843,-0.0134272481716811,0.0195166268778381,-0.00122065892469828,"Devin Taylor","DET","DL",2016
"1940","00-0032976",1880,-0.01343815662447,0.0202591413538521,-0.00122165060222454,"Spencer Drango","CLE","OL",2016
"1941","00-0027962",453,-0.013553278124985,0.0198169985170249,-0.00123211619318046,"Cameron Jordan","NO","DL",2016
"1942","00-0032377",1621,-0.0139915007745766,0.0213250047670861,-0.0012719546158706,"Josh Ferguson","IND","RB",2016
"1943","00-0026151",172,-0.0142573836994324,0.0202442183816489,-0.00129612579085749,"Leodis McKelvin","PHI","DB",2016
"1944","00-0032246",1588,-0.0144486726512945,0.0201676701058359,-0.00131351569557223,"Andrew Donnal","LA","OL",2016
"1945","00-0027860",407,-0.0148184434656195,0.0197636483079049,-0.00134713122414723,"Joe Haden","CLE","DB",2016
"1946","00-0030525",980,-0.0150377196039553,0.019840434783006,-0.00136706541854139,"Tavon Austin","LA","WR",2016
"1947","00-0033129",1950,-0.0153621537222231,0.0202248518160428,-0.00139655942929301,"Carl Nassib","CLE","DL",2016
"1948","00-0021140",12,-0.0157905176955687,0.0203532283372116,-0.00143550160868807,"Julius Peppers","GB","LB",2016
"1949","00-0024258",89,-0.0160748162536131,0.0199462889369741,-0.00146134693214665,"Roman Harper","NO","DB",2016
"1950","00-0027840",399,-0.0164134980879065,0.0204762916640578,-0.00149213618980968,"Robert McClain","SD","DB",2016
"1951","00-0031300",1226,-0.0166485195792404,0.0204048977293057,-0.00151350177993095,"Trent Murphy","WAS","DL",2016
"1952","00-0032241",1583,-0.0169518651356721,0.0207475517403963,-0.00154107864869746,"Todd Gurley","LA","RB",2016
"1953","00-0028274",548,-0.0175936719346272,0.0197409975125233,-0.00159942472132974,"Tim Barnes","LA","OL",2016
"1954","00-0033073",1916,-0.0188662442204653,0.0195612780552445,-0.00171511311095139,"Emmanuel Ogbah","CLE","DL",2016
"1955","00-0029640",741,-0.0190732515369179,0.0199012954867144,-0.00173393195790163,"Brian Quick","LA","WR",2016
"1956","00-0033106",1933,-0.0198002076702489,0.0199085838192109,-0.00180001887911354,"Jared Goff","LA","QB",2016
