"","nfl_id","player_idx","apm","apm_sd","apm_per_play","full_name","team","position","season"
"1","00-0039740",1718,0.0293807491360458,0.0256324413898566,0.00267097719418598,"Jalyx Hunt","PHI","LB",2025
"2","00-0034960",457,0.029321999942752,0.0251403342458261,0.002665636358432,"Jakobi Meyers","JAX","WR",2025
"3","00-0035237",505,0.0288399647631926,0.0267500060689108,0.00262181497847206,"Jawaan Taylor","KC","OL",2025
"4","00-0036711",863,0.0288257806835483,0.0269598710091473,0.00262052551668621,"Charles Snowden","LV","DL",2025
"5","00-0035763",620,0.0273570358802768,0.0262840168579688,0.00248700326184335,"Malcolm Roach","DEN","DL",2025
"6","00-0031933",102,0.0271139556499728,0.0258206768280423,0.00246490505908843,"Leonard Williams","SEA","DL",2025
"7","00-0033336",210,0.0271125304999586,0.0261532366482611,0.00246477549999624,"Eric Wilson","MIN","LB",2025
"8","00-0038041",1218,0.0262536832311876,0.0261191557185765,0.00238669847556251,"Jake Ferguson","DAL","TE",2025
"9","00-0035942",637,0.0261436840817088,0.025631871190555,0.00237669855288262,"Christian Rozeboom","CAR","LB",2025
"10","00-0031588",92,0.0259837928884229,0.0242050435887328,0.00236216298985663,"Stefon Diggs","NE","WR",2025
"11","00-0033217",192,0.0256830137681372,0.0262452259158028,0.00233481943346702,"Mo Alie-Cox","IND","TE",2025
"12","00-0031270",71,0.0247973380402096,0.0251361558461147,0.00225430345820088,"Shelby Harris","CLE","DL",2025
"13","00-0036883",900,0.0245798578890664,0.0259329944204337,0.00223453253536967,"Tommy Togiai","HOU","DL",2025
"14","00-0039421",1645,0.0243946617980097,0.0263766975069323,0.00221769652709179,"Levi Drake Rodriguez","MIN","DL",2025
"15","00-0038765",1413,0.024375755748782,0.0260952091259653,0.00221597779534382,"Ty Okada","SEA","DB",2025
"16","00-0039169",1541,0.0242243255431935,0.0265967917000181,0.00220221141301759,"Devon Witherspoon","SEA","DB",2025
"17","00-0039147",1529,0.0240199564336082,0.0258264217124459,0.00218363240305529,"Christian Gonzalez","NE","DB",2025
"18","00-0038412",1278,0.0239316537938408,0.0262591071176419,0.00217560489034916,"Moro Ojomo","PHI","DL",2025
"19","00-0033884",272,0.0236636135221535,0.0265125318272794,0.00215123759292305,"Tre'Davious White","BUF","DB",2025
"20","00-0038936",1453,0.0236045102677313,0.0259359036409789,0.00214586456979375,"Juice Scruggs","HOU","OL",2025
"21","00-0035166",493,0.0234256883811855,0.0256706909452372,0.00212960803465322,"Azeez Al-Shaair","HOU","LB",2025
"22","00-0038124",1242,0.0227224418047389,0.0268497678293916,0.00206567652770354,"Christian Watson","GB","WR",2025
"23","00-0037840",1211,0.0225969381473914,0.0253704241705618,0.00205426710430831,"Kyren Williams","LA","RB",2025
"24","00-0037253",1051,0.0225342342757813,0.0251222292579308,0.00204856675234375,"Marcus Jones","NE","DB",2025
"25","00-0039343",1584,0.0223793081171718,0.0267402818080965,0.00203448255610652,"Kamari Lassiter","HOU","DB",2025
"26","00-0036625",835,0.0223130665905704,0.0257003399130633,0.00202846059914277,"Benjamin St-Juste","LAC","DB",2025
"27","00-0032164",111,0.021936901566255,0.0263878293132351,0.00199426377875045,"Arik Armstead","JAX","DL",2025
"28","00-0039065",1503,0.0219342800847368,0.0268006641384023,0.0019940254622488,"Sam LaPorta","DET","TE",2025
"29","00-0040183",1949,0.0212625118276964,0.0262532203423766,0.00193295562069968,"Elijah Roberts","TB","DL",2025
"30","00-0032442",138,0.0209795802131125,0.0264100570636711,0.00190723456482841,"Elandon Roberts","LV","LB",2025
"31","00-0036380",762,0.0206065047005145,0.02513590764013,0.00187331860913768,"Alohi Gilman","BAL","DB",2025
"32","00-0036244",688,0.0205289423893227,0.0259061113192177,0.00186626748993843,"Colby Parkinson","LA","TE",2025
"33","00-0038731",1405,0.0203702350876269,0.0260654457716852,0.00185183955342063,"TJ Bass","DAL","OL",2025
"34","00-0039734",1712,0.0201886639230048,0.0256534465968154,0.00183533308390952,"Braden Fiske","LA","DL",2025
"35","00-0033873",264,0.0201363286010938,0.0253205949897965,0.00183057532737216,"Patrick Mahomes","KC","QB",2025
"36","00-0037130",1010,0.0200233763594946,0.0264865431375883,0.00182030694177223,"Reed Blankenship","PHI","DB",2025
"37","00-0035272",524,0.0199128668569548,0.0252390957337148,0.00181026062335952,"Andrew Van Ginkel","MIN","LB",2025
"38","00-0034473",380,0.0198233956192078,0.0253374706832922,0.00180212687447343,"Dennis Gardeck","JAX","LB",2025
"39","00-0040204",1968,0.0197746215244525,0.0272853895384109,0.00179769286585932,"Jaylen Reed","HOU","DB",2025
"40","00-0029607",36,0.0197498572273797,0.0269244052317909,0.00179544156612543,"Demario Davis","NO","LB",2025
"41","00-0039838",1773,0.0197124541328279,0.0259967878350828,0.00179204128480253,"Calen Bullock","HOU","DB",2025
"42","00-0031565",89,0.0194507924386266,0.0259409493314069,0.00176825385805696,"Danielle Hunter","HOU","DL",2025
"43","00-0039137",1519,0.0194396587432501,0.0246785451827196,0.00176724170393183,"Byron Young","LA","LB",2025
"44","00-0038922",1446,0.0193952329997962,0.0246988889628425,0.00176320299998148,"Drake Thomas","SEA","LB",2025
"45","00-0033918",290,0.0193591971549272,0.0265841134975562,0.00175992701408429,"Fabian Moreau","MIN","DB",2025
"46","00-0031898",99,0.0193478597976586,0.0257211092672251,0.00175889634524169,"Alex Singleton","DEN","LB",2025
"47","00-0039075",1511,0.0191978994962686,0.0259239366243978,0.00174526359056987,"Puka Nacua","LA","WR",2025
"48","00-0036371",757,0.0191833358975452,0.0262649441073095,0.00174393962704956,"Leki Fotu","HOU","DL",2025
"49","00-0038121",1240,0.0187806607198493,0.0260368267960148,0.00170733279271357,"Alontae Taylor","NO","DB",2025
"50","00-0037075",990,0.018669493141911,0.0267457526747588,0.00169722664926464,"Devonte Wyatt","GB","DL",2025
"51","00-0038543",1307,0.018642950180967,0.0256443560424922,0.00169481365281518,"Jaxon Smith-Njigba","SEA","WR",2025
"52","00-0035795",623,0.018640363362905,0.0265141661739748,0.00169457848753682,"James Pierre","PIT","DB",2025
"53","00-0037815",1192,0.0185997934872225,0.026230077344435,0.00169089031702023,"Cameron Thomas","CLE","DL",2025
"54","00-0038715",1401,0.0185657305825176,0.0256077809557469,0.00168779368931978,"Ronnie Hickman Jr.","CLE","DB",2025
"55","00-0038976",1462,0.0181817911674094,0.0258639094424064,0.00165289010612813,"Marvin Mims Jr.","DEN","WR",2025
"56","00-0038577",1336,0.0180714218350923,0.0252916228434029,0.00164285653046294,"Nick Herbig","PIT","LB",2025
"57","00-0036222",682,0.018000499403713,0.0255312714989269,0.00163640903670118,"Isaiah Rodgers","MIN","DB",2025
"58","00-0037246",1045,0.0179386741133969,0.0260623321920832,0.00163078855576336,"Jalen Pitre","HOU","DB",2025
"59","00-0036349",745,0.0175524249768396,0.0256006076891448,0.00159567499789451,"Kam Curl","LA","DB",2025
"60","00-0038552",1315,0.0175521130144729,0.0265798294074704,0.00159564663767935,"Riley Moss","DEN","DB",2025
"61","00-0036418",781,0.017513054048649,0.0262613264542697,0.00159209582260445,"Zack Baun","PHI","LB",2025
"62","00-0037801",1183,0.0175036535247486,0.0259094014406367,0.0015912412295226,"KaVontae Turpin","DAL","WR",2025
"63","00-0038778",1416,0.0173695343710195,0.0251581313409524,0.00157904857918359,"Jalen Redmond","MIN","DL",2025
"64","00-0039924",1838,0.0173167627282417,0.0254714671445502,0.00157425115711288,"Dallas Turner","MIN","LB",2025
"65","00-0038386",1261,0.0173107679091579,0.0265511118121663,0.00157370617355981,"Jalen Carter","PHI","DL",2025
"66","00-0037237",1037,0.0173097666381176,0.0270764598286744,0.00157361514891978,"Derek Stingley Jr.","HOU","DB",2025
"67","00-0033090",181,0.0172051321384663,0.0247378372789227,0.00156410292167876,"Hunter Henry","NE","TE",2025
"68","00-0038596",1352,0.0170795034110463,0.025989787964818,0.00155268212827693,"Antonio Johnson","JAX","DB",2025
"69","00-0035710",612,0.017074112659574,0.0272060718617239,0.00155219205996127,"Daniel Jones","IND","QB",2025
"70","00-0039108",1514,0.0170539518931498,0.0260182573023778,0.00155035926301362,"Will Anderson Jr.","HOU","DL",2025
"71","00-0032395",131,0.0169983507802282,0.0255003089171303,0.00154530461638438,"Graham Glasgow","DET","OL",2025
"72","00-0039888",1808,0.0169410591671528,0.0262060022709378,0.00154009628792299,"Quinyon Mitchell","PHI","DB",2025
"73","00-0036551",806,0.0168994310685199,0.0257565224678902,0.00153631191531999,"Aaron Banks","GB","OL",2025
"74","00-0034836",436,0.0168613546033484,0.0261627565414117,0.00153285041848622,"Braden Smith","IND","OL",2025
"75","00-0034355",348,0.0167366950285289,0.0267623657201728,0.00152151772986627,"M.J. Stewart","HOU","DB",2025
"76","00-0035236",504,0.0166581621648745,0.0262964354503263,0.00151437837862495,"Byron Murphy","MIN","DB",2025
"77","00-0037247",1046,0.0165741446377393,0.0264038624751444,0.00150674042161267,"George Pickens","DAL","WR",2025
"78","00-0040737",2173,0.0165469158971606,0.0262708502307381,0.00150426508156006,"Terrance Ferguson","LA","TE",2025
"79","00-0039840",1775,0.0164632321360899,0.024707708353701,0.00149665746691727,"Austin Booker","CHI","DL",2025
"80","00-0038606",1360,0.0164305389788023,0.0246493621069391,0.0014936853617093,"Parker Washington","JAX","WR",2025
"81","00-0036937",928,0.0163851008876233,0.0261910955665314,0.00148955462614757,"Paulson Adebo","NYG","DB",2025
"82","00-0036335",738,0.0162763590287303,0.0252921293549988,0.00147966900261185,"D.J. Wonnum","CAR","LB",2025
"83","00-0033110",185,0.0162707473045634,0.026254125977874,0.0014791588458694,"Tyler Higbee","LA","TE",2025
"84","00-0039309",1569,0.0162275832515927,0.0235711247936157,0.00147523484105388,"Byron Murphy II","SEA","DL",2025
"85","00-0038090",1221,0.0161622068012009,0.0268993377838339,0.0014692915273819,"Skyy Moore","SF","WR",2025
"86","00-0037235",1035,0.0160691106009879,0.0254928250166587,0.00146082823645345,"Travon Walker","JAX","DL",2025
"87","00-0040733",2169,0.016023957211754,0.0260167346628326,0.00145672338288672,"Nick Emmanwori","SEA","DB",2025
"88","00-0039289",1564,0.0159015529751553,0.0270395832376877,0.00144559572501412,"Leonard Taylor III","NE","DL",2025
"89","00-0039894",1812,0.0158133877243571,0.0250207725330139,0.00143758070221428,"Xavier Worthy","KC","WR",2025
"90","00-0033526",224,0.0157555252158237,0.0263548329618187,0.00143232047416579,"Samaje Perine","CIN","RB",2025
"91","00-0038933",1450,0.0156389994955374,0.0262490146397231,0.00142172722686704,"Dalton Kincaid","BUF","TE",2025
"92","00-0036994",969,0.0155947423114284,0.0256680202785084,0.00141770384649349,"Ernest Jones","SEA","LB",2025
"93","00-0040138",1907,0.0155929865884732,0.0257580196732322,0.00141754423531575,"Jaylin Noel","HOU","WR",2025
"94","00-0033376",214,0.0155884767526202,0.0268714466975497,0.0014171342502382,"Patrick Ricard","BAL","RB",2025
"95","00-0031381",78,0.0155665133947,0.0271843356323951,0.00141513758133636,"Davante Adams","LA","WR",2025
"96","00-0040185",1951,0.0155641894062685,0.0249346105390348,0.00141492630966077,"Marques Sigle","SF","DB",2025
"97","00-0035697",604,0.0155027804121056,0.0250733353557672,0.00140934367382778,"Germaine Pratt","IND","LB",2025
"98","00-0036275",703,0.0153554246257492,0.0264114075787661,0.00139594769324993,"D'Andre Swift","CHI","RB",2025
"99","00-0036901",910,0.0153439676715422,0.0249537171243141,0.00139490615195838,"Eric Stokes","LV","DB",2025
"100","00-0033868",260,0.0153397920944026,0.0254730414567358,0.0013945265540366,"Myles Garrett","CLE","DL",2025
"101","00-0033878",269,0.0153090427441304,0.0251920924784382,0.00139173115855731,"Adoree' Jackson","PHI","DB",2025
"102","00-0039860",1790,0.0152600729983335,0.0247825174737627,0.00138727936348486,"Kool-Aid McKinstry","NO","DB",2025
"103","00-0035668",588,0.0152219134469973,0.0268568382935675,0.00138381031336339,"David Edwards","BUF","OL",2025
"104","00-0037271",1066,0.0152078032628181,0.0239257466407067,0.0013825275693471,"D'Marco Jackson","CHI","LB",2025
"105","00-0040667",2128,0.0151727086643976,0.0261322872449042,0.00137933715130887,"Matthew Golden","GB","WR",2025
"106","00-0036875",896,0.0151406532005306,0.026004574088645,0.00137642301823005,"Rhamondre Stevenson","NE","RB",2025
"107","00-0035279",527,0.0150061885723194,0.0251231322897395,0.00136419896111994,"Charles Omenihu","KC","DL",2025
"108","00-0032965",165,0.0149608328008009,0.0265044917212734,0.00136007570916372,"Ronnie Stanley","BAL","OL",2025
"109","00-0036974",952,0.0149042252943214,0.0243275839925136,0.00135492957221104,"Tyson Campbell","CLE","DB",2025
"110","00-0039897",1815,0.0148892481552465,0.0268949211789296,0.00135356801411332,"Joe Alt","LAC","OL",2025
"111","00-0033904",282,0.014865336081358,0.0264781438174809,0.00135139418921436,"Dion Dawkins","BUF","OL",2025
"112","00-0039047",1491,0.0147520781344713,0.0263721594141346,0.00134109801222466,"Derick Hall","SEA","LB",2025
"113","00-0033280",197,0.0147494968909782,0.0247048991621441,0.00134086335372529,"Christian McCaffrey","SF","RB",2025
"114","00-0036286",709,0.0147321314637717,0.0252689751527825,0.0013392846785247,"K'Lavon Chaisson","NE","LB",2025
"115","00-0036193",672,0.0147017268976425,0.0247790505335738,0.00133652062705841,"Anfernee Jennings","NE","LB",2025
"116","00-0038620",1371,0.0146664841874506,0.0267046844741269,0.00133331674431369,"Erick Hallett","TEN","DB",2025
"117","00-0038557",1320,0.0146614486482959,0.0256567170768631,0.0013328589680269,"Dorian Williams","BUF","LB",2025
"118","00-0038818",1431,0.0146290507198152,0.0269129477930834,0.00132991370180139,"Luke Haggard","TB","OL",2025
"119","00-0039772",1735,0.0145990183846449,0.025225061808445,0.00132718348951317,"Josh Wallace","LA","DB",2025
"120","00-0036995",970,0.0145896365654345,0.0273290398482814,0.00132633059685768,"Baron Browning","ARI","LB",2025
"121","00-0039901",1819,0.0145359158447398,0.0258540418902535,0.00132144689497634,"Keon Coleman","BUF","WR",2025
"122","00-0033576",237,0.0145063096892494,0.0256977421679866,0.0013187554262954,"Eric Saubert","SEA","TE",2025
"123","00-0037251",1049,0.0144691330897295,0.0261758137200761,0.00131537573542996,"Alex Wright","CLE","DL",2025
"124","00-0034573",387,0.0144077295730911,0.026225071329346,0.00130979359755373,"Charvarius Ward","IND","DB",2025
"125","00-0039792",1743,0.0143905408423393,0.0264284386342447,0.00130823098566721,"Devontez Walker","BAL","WR",2025
"126","00-0036204",677,0.0143816871758773,0.0267121033721377,0.00130742610689794,"LaCale London","ATL","DL",2025
"127","00-0037076",991,0.0143570678305474,0.0254810903469039,0.00130518798459522,"Sean Rhyan","GB","OL",2025
"128","00-0036087",650,0.0143445509602948,0.0255563843872207,0.00130405008729953,"Myles Bryant","HOU","DB",2025
"129","00-0035378",544,0.0143227454161788,0.0254557101938702,0.00130206776510716,"Andrew Wingard","JAX","DB",2025
"130","00-0034371",355,0.0142400954916026,0.0259139690953712,0.00129455413560023,"Da'Shawn Hand","LAC","DL",2025
"131","00-0036300",719,0.0141674821278251,0.0267412889683293,0.00128795292071138,"Mykal Walker","NYJ","LB",2025
"132","00-0034114",312,0.0141303174141837,0.0271818670804938,0.00128457431038034,"Coleman Shelton","LA","OL",2025
"133","00-0035645",578,0.0140696822201912,0.0273604408388666,0.00127906202001738,"Gunner Olszewski","NYG","WR",2025
"134","00-0032764",155,0.0139150411622252,0.0275498232271427,0.00126500374202048,"Derrick Henry","BAL","RB",2025
"135","00-0040752",2187,0.0138923863684683,0.0272101929643738,0.0012629442153153,"Oluwafemi Oladejo","TEN","LB",2025
"136","00-0034413",370,0.0138674537164,0.0255064918221163,0.00126067761058182,"Foye Oluokun","JAX","LB",2025
"137","00-0039058",1497,0.0138674026543702,0.0261463105854923,0.00126067296857911,"Steve Avila","LA","OL",2025
"138","00-0036339",741,0.0138065972048719,0.0244691813815594,0.0012551452004429,"Kevin Dotson","LA","OL",2025
"139","00-0038548",1312,0.0137853216325383,0.0258779807683374,0.00125321105750348,"O'Cyrus Torrence","BUF","OL",2025
"140","00-0039807",1750,0.0137536523443689,0.0262922182627939,0.00125033203130626,"Max Melton","ARI","DB",2025
"141","00-0038038",1215,0.0137229955868148,0.0254228372946513,0.0012475450533468,"Kyle Hamilton","BAL","DB",2025
"142","00-0039372",1610,0.0137034231017775,0.026252191462578,0.00124576573652522,"Jarvis Brownlee Jr.","NYJ","DB",2025
"143","00-0039846",1779,0.0136931605750041,0.0253404457205852,0.00124483277954583,"Tykee Smith","TB","DB",2025
"144","00-0040672",2132,0.0136928150595045,0.0257035712039169,0.00124480136904586,"Tyleik Williams","DET","DL",2025
"145","00-0035642",575,0.0136813847660688,0.0257944741320315,0.0012437622514608,"Josh Hines-Allen","JAX","DL",2025
"146","00-0034203",324,0.0134823729812313,0.0257775560711551,0.00122567027102103,"Darious Williams","LA","DB",2025
"147","00-0037596",1147,0.0134592234815214,0.0259158079381434,0.0012235657710474,"Jack Gibbens","NE","LB",2025
"148","00-0034856",444,0.0134188213047664,0.026009659138554,0.00121989284588785,"Denzel Ward","CLE","DB",2025
"149","00-0032387",126,0.0134029688978262,0.0256068760739234,0.0012184517179842,"Jarran Reed","SEA","DL",2025
"150","00-0033964",304,0.0133612291653721,0.0257028076276967,0.00121465719685201,"Al-Quadin Muhammad","DET","DL",2025
"151","00-0031040",61,0.0133368561570706,0.0262114925128538,0.0012124414688246,"Khalil Mack","LAC","LB",2025
"152","00-0038591",1348,0.0133300791322057,0.0260055020370302,0.00121182537565507,"Mike Morris","SEA","DL",2025
"153","00-0036504",801,0.0133285814354628,0.0264195338522302,0.00121168922140571,"Brandin Echols","PIT","DB",2025
"154","00-0033156",190,0.0133040018823543,0.0266535487520871,0.00120945471657766,"Joey Bosa","BUF","DL",2025
"155","00-0033928",294,0.0132567648138636,0.0251154580208118,0.00120516043762396,"Jourdan Lewis","JAX","DB",2025
"156","00-0034778",411,0.0132021978487358,0.0263960452051647,0.00120019980443052,"Carlton Davis III","NE","DB",2025
"157","00-0036231",685,0.0131995811739701,0.0259247312173447,0.00119996192490637,"Kyle Dugger","PIT","DB",2025
"158","00-0036302",720,0.0131876250259339,0.026442632857626,0.00119887500235763,"Jaylinn Hawkins","NE","DB",2025
"159","00-0034857",445,0.0131689275503489,0.0255273990115876,0.0011971752318499,"Josh Allen","BUF","QB",2025
"160","00-0037137",1012,0.01314476777376,0.0262634198770802,0.00119497888852364,"Josh Jobe","SEA","DB",2025
"161","00-0031411",80,0.0131289750194189,0.0255082261929795,0.00119354318358354,"DeMarcus Lawrence","SEA","LB",2025
"162","00-0035679",594,0.013087629056609,0.027011238240006,0.00118978445969172,"Connor McGovern","BUF","OL",2025
"163","00-0038488",1288,0.0130698399637022,0.0262522555673698,0.00118816726942748,"Brady Russell","SEA","RB",2025
"164","00-0037821",1197,0.0129527976137673,0.0269574807941001,0.00117752705579703,"Charles Cross","SEA","OL",2025
"165","00-0029606",35,0.0129159335256972,0.025048899790802,0.00117417577506338,"Harrison Smith","MIN","DB",2025
"166","00-0036940",929,0.0127840251855228,0.025862244243322,0.0011621841077748,"Odafe Oweh","LAC","LB",2025
"167","00-0026498",10,0.0127250206866562,0.0268051622357766,0.00115682006242329,"Matthew Stafford","LA","QB",2025
"168","00-0036603",822,0.0127156125377343,0.0251401160025776,0.00115596477615766,"Alaric Jackson","LA","OL",2025
"169","00-0034993",470,0.0127114720485677,0.0262314882419867,0.00115558836805161,"Marcus Epps","PHI","DB",2025
"170","00-0036842",882,0.0126830063513125,0.0268851373911641,0.00115300057739205,"Kene Nwangwu","NYJ","RB",2025
"171","00-0036932",925,0.0126766132975772,0.0245755780827354,0.00115241939068884,"Micah Parsons","GB","LB",2025
"172","00-0037817",1194,0.0126741854241019,0.026544457011941,0.00115219867491836,"Zach Tom","GB","OL",2025
"173","00-0034465",379,0.0125939294447068,0.0255754811705979,0.00114490267679153,"Jeremy Reaves","WAS","DB",2025
"174","00-0040740",2176,0.01257330912482,0.0260413649682253,0.00114302810225636,"Ozzy Trapilo","CHI","OL",2025
"175","00-0033297",206,0.012567592681815,0.024951497213214,0.00114250842561955,"D.J. Jones","DEN","DL",2025
"176","00-0040131",1900,0.0124509200677046,0.0264043451071797,0.00113190182433678,"Kyle Williams","NE","WR",2025
"177","00-0035689",602,0.0124494978137666,0.0252357810874834,0.00113177252852424,"Dawson Knox","BUF","TE",2025
"178","00-0035413",551,0.0123040427158711,0.0264174140270366,0.00111854933780646,"Luke Gifford","SF","LB",2025
"179","00-0036281",705,0.012196486670723,0.0272624449876315,0.00110877151552027,"C.J. Henderson","ATL","DB",2025
"180","00-0036982",958,0.0120639904378885,0.0259367293028193,0.00109672640344441,"Chauncey Golston","NYG","DL",2025
"181","00-0037112",1007,0.0120571497776056,0.0241447434306934,0.00109610452523687,"Jake Tonges","SF","TE",2025
"182","00-0040199",1964,0.0120391774061551,0.0276567306704813,0.00109447067328683,"JJ Pegues","LV","DL",2025
"183","00-0039736",1714,0.0120381712804633,0.0272607879014382,0.00109437920731485,"Matt Goncalves","IND","OL",2025
"184","00-0039893",1811,0.012003944891193,0.0251883015091909,0.00109126771738118,"Brian Thomas Jr.","JAX","WR",2025
"185","00-0038589",1346,0.0119505245703226,0.0273521377649519,0.00108641132457478,"Josh Whyle","GB","TE",2025
"186","00-0034613",389,0.0119355912636903,0.0270568074636298,0.00108505375124457,"Tanner Hudson","CIN","TE",2025
"187","00-0031550",85,0.0118663959659893,0.0261315318710053,0.00107876326963539,"Shaq Thompson","BUF","LB",2025
"188","00-0038764",1412,0.0118208102407501,0.0269672184067708,0.00107461911279546,"Patrick O'Connell","SEA","LB",2025
"189","00-0036990",966,0.0118028075828913,0.0261139017893457,0.00107298250753558,"Divine Deablo","ATL","LB",2025
"190","00-0035993",643,0.0117326913646711,0.0266387452456906,0.00106660830587919,"Tyler Huntley","BAL","QB",2025
"191","00-0031610",94,0.0117006837822832,0.026846554525489,0.00106369852566211,"Darren Waller","MIA","TE",2025
"192","00-0040155",1922,0.0116102030010929,0.0261723396305355,0.00105547300009936,"Danny Stutsman","NO","LB",2025
"193","00-0037228",1032,0.0115970897009306,0.0262018283321421,0.00105428088190278,"Jaylen Warren","PIT","RB",2025
"194","00-0033260",195,0.0115640662320026,0.0267299366891028,0.00105127874836388,"Thomas Hennessy","NYJ","LS",2025
"195","00-0036264",698,0.0115497854670874,0.0258703033874988,0.00104998049700794,"Jordan Love","GB","QB",2025
"196","00-0034790",417,0.0114069286160411,0.0256601504337476,0.00103699351054919,"Derwin James","LAC","DB",2025
"197","00-0036196",674,0.0113704359279419,0.0267862348779794,0.00103367599344927,"Gabe Davis","BUF","WR",2025
"198","00-0036916",919,0.0113277735456137,0.0254786711326551,0.00102979759505579,"Milton Williams","NE","DL",2025
"199","00-0033455",219,0.011308333851699,0.0254256010175507,0.00102803035015445,"Anthony Firkser","DET","TE",2025
"200","00-0039146",1528,0.0112869139049333,0.0268735889391263,0.00102608308226666,"Jayden Reed","GB","WR",2025
"201","00-0035829",626,0.0112720751555863,0.0277550805266961,0.0010247341050533,"Austen Pleasants","SF","OL",2025
"202","00-0038588",1345,0.011260053001376,0.0265865671178414,0.00102364118194327,"Jordan Howden","NO","DB",2025
"203","00-0039841",1776,0.0112331575927209,0.024995564624556,0.00102119614479281,"Cooper DeJean","PHI","DB",2025
"204","00-0039921",1836,0.0112284862305117,0.0278636972007065,0.00102077147550106,"Trey Benson","ARI","RB",2025
"205","00-0036555",810,0.0112184168312657,0.0266958256223017,0.00101985607556961,"Chuba Hubbard","CAR","RB",2025
"206","00-0036358",749,0.0112155124679743,0.0258253873694562,0.00101959204254312,"CeeDee Lamb","DAL","WR",2025
"207","00-0035402",547,0.0111626197487819,0.0258091986729297,0.00101478361352563,"Carl Granderson","NO","LB",2025
"208","00-0038576",1335,0.0111089189257207,0.0271274603678733,0.00100990172052006,"Charlie Jones","CIN","WR",2025
"209","00-0032381",123,0.0110883078925621,0.0269802905523043,0.00100802799023292,"Taylor Decker","DET","OL",2025
"210","00-0039368",1606,0.0110237291649805,0.0257972554248147,0.00100215719681641,"Jordan Magee","WAS","LB",2025
"211","00-0036428",787,0.0109940743354138,0.024831881219185,0.000999461303219438,"Justin Strnad","DEN","LB",2025
"212","00-0034278",335,0.0109294350914039,0.0245537759486156,0.000993585008309449,"Tremon Smith","HOU","DB",2025
"213","00-0032464",140,0.0109286786514681,0.0257027117828127,0.000993516241042559,"Kalif Raymond","DET","WR",2025
"214","00-0038809",1429,0.0109244403498357,0.0276624475069138,0.000993130940894151,"Ben Sims","MIN","TE",2025
"215","00-0038603",1358,0.0109120673536351,0.0266346346573014,0.000992006123057741,"Robert Beal Jr.","SF","DL",2025
"216","00-0037079",993,0.010910254586925,0.0258297179173238,0.000991841326084088,"Riq Woolen","SEA","DB",2025
"217","00-0032762",153,0.010908698286728,0.0269380275409938,0.000991699844248001,"Chris Jones","KC","DL",2025
"218","00-0034815",429,0.0109082192006832,0.0269509963367979,0.000991656290971201,"Fred Warner","SF","LB",2025
"219","00-0039353",1592,0.0108799402602558,0.0254060086210218,0.000989085478205072,"Jarrian Jones","JAX","DB",2025
"220","00-0040180",1946,0.0108638998676183,0.0247510339262915,0.000987627260692577,"Jalen Rivers","CIN","OL",2025
"221","00-0037413",1116,0.0108189487495706,0.0269136878759189,0.000983540795415511,"Ben Brown","NE","OL",2025
"222","00-0036934",927,0.0107572687486056,0.0249419947916381,0.000977933522600513,"Jaelan Phillips","PHI","LB",2025
"223","00-0039926",1840,0.0107321800157969,0.0254171261937999,0.000975652728708805,"Jalen Sundell","SEA","OL",2025
"224","00-0036998",973,0.0107286068788652,0.0252342470342744,0.000975327898078658,"Jevon Holland","NYG","DB",2025
"225","00-0033288",201,0.0106826008649233,0.0262431333578488,0.000971145533174844,"George Kittle","SF","TE",2025
"226","00-0039851",1783,0.0106824758068744,0.026666675336418,0.000971134164261309,"Drake Maye","NE","QB",2025
"227","00-0033066",176,0.010682295178048,0.0250680985915589,0.00097111774345891,"Andrew Billings","CHI","DL",2025
"228","00-0036256",693,0.0106460149996358,0.0255336089126614,0.00096781954542144,"Colton McKivitz","SF","OL",2025
"229","00-0036036",645,0.0105860683021212,0.0259845347638654,0.000962369845647379,"Terence Steele","DAL","OL",2025
"230","00-0039816",1756,0.0104187290695274,0.0272673841301966,0.000947157188138852,"Anthony Gould","IND","WR",2025
"231","00-0034264",329,0.0104003527710588,0.0274586954608796,0.000945486615550804,"Jalyn Holmes","WAS","DL",2025
"232","00-0036192",671,0.0103590859629462,0.0254651935853692,0.000941735087540567,"A.J. Epenesa","BUF","DL",2025
"233","00-0033050",170,0.0103438692370613,0.0272763024887648,0.000940351748823759,"Xavien Howard","IND","DB",2025
"234","00-0037756",1178,0.0103125999592554,0.0250767421597512,0.000937509087205033,"Travis Jones","BAL","DL",2025
"235","00-0035700",607,0.0102955415620046,0.0268466826370679,0.000935958323818604,"Josh Jacobs","GB","RB",2025
"236","00-0038104",1228,0.0102281939724728,0.0249610523646193,0.000929835815679342,"Tyquan Thornton","KC","WR",2025
"237","00-0040708",2148,0.0101869612046775,0.0253917190237905,0.000926087382243412,"Jihaad Campbell","PHI","LB",2025
"238","00-0039744",1721,0.0101499565093239,0.0264421043288951,0.000922723319029448,"Tanor Bortolini","IND","OL",2025
"239","00-0034446",378,0.0101498971677266,0.027317400022208,0.000922717924338786,"Jalen Davis","CIN","DB",2025
"240","00-0038839",1435,0.0101302772041506,0.0262213701581095,0.000920934291286417,"Mitchell Tinsley","CIN","WR",2025
"241","00-0040186",1952,0.010068510724832,0.025687469274659,0.00091531915680291,"Francisco Mauigoa","NYJ","LB",2025
"242","00-0039834",1770,0.0100534193985259,0.0254944484880444,0.000913947218047805,"Kamren Kinchens","LA","DB",2025
"243","00-0035637",572,0.0100125985469839,0.0240811739769416,0.00091023623154399,"Rock Ya-Sin","DET","DB",2025
"244","00-0040730",2167,0.00995641113276204,0.0249612221861466,0.000905128284796549,"RJ Harvey","DEN","RB",2025
"245","00-0040678",2136,0.0099536776174993,0.0245228757877075,0.000904879783409028,"Derrick Harmon","PIT","DL",2025
"246","00-0040719",2156,0.00993691856232577,0.025999291202085,0.000903356232938706,"Bhayshul Tuten","JAX","RB",2025
"247","00-0037288",1078,0.00992399691383873,0.0256616660398613,0.000902181537621703,"Christian Benford","BUF","DB",2025
"248","00-0037196",1024,0.0098654714379989,0.025149942826876,0.000896861039818082,"Rasheed Walker","GB","OL",2025
"249","00-0036223",683,0.00985728037766157,0.0255896928727631,0.000896116397969233,"Jonathan Taylor","IND","RB",2025
"250","00-0040182",1948,0.00982670679347909,0.0249703805825648,0.000893336981225372,"Dante Trader Jr.","MIA","DB",2025
"251","00-0036992",967,0.00981918433963329,0.0263643226856969,0.000892653121784844,"Elijah Molden","LAC","DB",2025
"252","00-0035316",535,0.00980872011511086,0.0268488247107875,0.000891701828646441,"Kaden Elliss","ATL","LB",2025
"253","00-0040721",2158,0.00979767753512426,0.0253460490835606,0.000890697957738569,"Alfred Collins","SF","DL",2025
"254","00-0036695",860,0.00975167686906527,0.0257567979702012,0.000886516079005933,"Naquan Jones","HOU","DL",2025
"255","00-0037475",1123,0.00974265911629546,0.0265231304577176,0.000885696283299587,"Stone Smartt","NYJ","TE",2025
"256","00-0039422",1646,0.00973445381869709,0.0266369798611295,0.000884950347154281,"Nathan Thomas","DAL","OL",2025
"257","00-0037487",1125,0.00972875199728486,0.0269967284117306,0.000884431999753169,"Deven Thompkins","ATL","WR",2025
"258","00-0032775",156,0.00969475315697042,0.0265115733010504,0.00088134119608822,"Demarcus Robinson","SF","WR",2025
"259","00-0032954",164,0.00959305099813704,0.0258792331949442,0.000872095545285185,"Isaac Seumalo","PIT","OL",2025
"260","00-0035588",560,0.00955656776956488,0.0250861055572312,0.000868778888142262,"Garrett Bradbury","NE","OL",2025
"261","00-0039752",1727,0.00955649027041523,0.0268158398841147,0.000868771842765021,"Cedric Johnson","CIN","DL",2025
"262","00-0037003",977,0.00953068579312813,0.0263523623434005,0.000866425981193467,"Chazz Surratt","SEA","LB",2025
"263","00-0040188",1954,0.00950449836064798,0.0252168263377079,0.000864045305513452,"Yahya Black","PIT","DL",2025
"264","00-0034994",471,0.00949006072626711,0.0262270958297787,0.00086273279329701,"Olisaemeka Udoh","TEN","OL",2025
"265","00-0033913",288,0.00946162206941148,0.0267497698722266,0.000860147460855589,"Chris Wormley","IND","DL",2025
"266","00-0035525",553,0.00945979609012883,0.0271680021739757,0.000859981462738985,"Devin Bush","CLE","LB",2025
"267","00-0034397",366,0.0094496324065451,0.0254893276427129,0.0008590574915041,"Tim Settle","HOU","DL",2025
"268","00-0040722",2159,0.00943591496383294,0.0255989198881035,0.00085781045125754,"Mike Green","BAL","LB",2025
"269","00-0035891",633,0.00943434509999889,0.0246621651324858,0.000857667736363536,"Cody White","SEA","WR",2025
"270","00-0034112",311,0.00939557270187776,0.0266835886321386,0.000854142972897978,"Austin Schlottmann","NYG","OL",2025
"271","00-0039355",1594,0.00938304284221406,0.0264255845946125,0.000853003894746733,"Luke McCaffrey","WAS","WR",2025
"272","00-0034974",462,0.00928246204838766,0.0254683480370342,0.00084386018621706,"Julian Love","SEA","DB",2025
"273","00-0035827",625,0.00928191378057809,0.0267773097655539,0.000843810343688918,"Ross Matiscik","JAX","LS",2025
"274","00-0035719",616,0.00925892973390552,0.0250731740860282,0.000841720884900502,"Deebo Samuel Sr.","WAS","WR",2025
"275","00-0037811",1188,0.00925822636078388,0.0269549754802137,0.000841656941889443,"Chad Muma","NE","LB",2025
"276","00-0039049",1493,0.00922408989864879,0.0246527431847602,0.00083855362714989,"SirVocea Dennis","TB","LB",2025
"277","00-0034791",418,0.00922358249994469,0.0270222212963842,0.000838507499994972,"Nick Chubb","HOU","RB",2025
"278","00-0040116",1888,0.00921603645325952,0.0265986598285808,0.000837821495750866,"Josh Simmons","KC","OL",2025
"279","00-0037516",1129,0.00920158736092519,0.0272112878727105,0.00083650794190229,"Sam Webb","CLE","DB",2025
"280","00-0035084",480,0.00919212387570473,0.0254434670236675,0.000835647625064067,"Yosh Nijman","CAR","OL",2025
"281","00-0040255",2003,0.00918797523656931,0.0248396619878769,0.000835270476051755,"Adin Huntington","CLE","DL",2025
"282","00-0027969",20,0.00917391299896856,0.0251764566748295,0.000833992090815324,"Cameron Heyward","PIT","DL",2025
"283","00-0039692",1702,0.00915685542816271,0.0252662178018073,0.000832441402560247,"Dell Pettus","NE","DB",2025
"284","00-0036259",695,0.00914693201390984,0.0246651106988387,0.000831539273991804,"Jauan Jennings","SF","WR",2025
"285","00-0030070",46,0.00907653874973879,0.0254805814773391,0.00082513988633989,"John Jenkins","BAL","DL",2025
"286","00-0037447",1119,0.00903881452660364,0.0265197659644998,0.000821710411509422,"Tomon Fox","NYG","LB",2025
"287","00-0035208",498,0.00901845700575506,0.0262442608905256,0.000819859727795914,"Olamide Zaccheaus","CHI","WR",2025
"288","00-0032759",152,0.0089972721128247,0.0263034549813743,0.000817933828438609,"Sheldon Rankins","HOU","DL",2025
"289","00-0039902",1820,0.00890135577428357,0.0254988579320219,0.000809214161298507,"Chris Braswell","TB","LB",2025
"290","00-0027865",16,0.0088724639225042,0.0276679164666022,0.000806587629318563,"Brandon Graham","PHI","DL",2025
"291","00-0035632",569,0.00885716303968564,0.0256123890514789,0.000805196639971422,"Amani Hooker","TEN","DB",2025
"292","00-0040527",2074,0.00882269691811467,0.026982491742939,0.000802063356192242,"Sebastian Castro","PIT","DB",2025
"293","00-0040166",1932,0.00876157721266809,0.026039301441349,0.000796507019333462,"Quincy Riley","NO","DB",2025
"294","00-0036502",800,0.00874457323326204,0.0259439176190066,0.000794961203023822,"Jason Pinnock","SF","DB",2025
"295","00-0036410",774,0.00874355832628848,0.027182364060061,0.000794868938753499,"Tee Higgins","CIN","WR",2025
"296","00-0036963",944,0.0087219386785902,0.0250768627448941,0.000792903516235472,"Amon-Ra St. Brown","DET","WR",2025
"297","00-0038553",1316,0.00871041173338397,0.026360776713955,0.000791855612125816,"Daiyan Henley","LAC","LB",2025
"298","00-0037332",1105,0.00865289987652416,0.0267461077689177,0.000786627261502196,"D'Anthony Bell","CAR","DB",2025
"299","00-0036252",691,0.00863272845792763,0.0254781197509169,0.000784793496175239,"Michael Pittman","IND","WR",2025
"300","00-0034768",407,0.00863153161214647,0.02761522168516,0.000784684692013315,"Chukwuma Okorafor","NYJ","OL",2025
"301","00-0039660",1698,0.00858822514998695,0.0269868876998072,0.000780747740907905,"Thomas Harper","DET","DB",2025
"302","00-0039373",1611,0.00856488482249822,0.0286352451131433,0.000778625892954384,"Audric Estimé","NO","RB",2025
"303","00-0030561",54,0.00853680486977737,0.0269384126256084,0.000776073169979761,"Lane Johnson","PHI","OL",2025
"304","00-0035647",580,0.00850777425891007,0.025863236765397,0.000773434023537279,"Montez Sweat","CHI","DL",2025
"305","00-0036660",852,0.00849067213719391,0.0254010390228804,0.000771879285199446,"Trey Smith","KC","OL",2025
"306","00-0034874",450,0.00848066603626809,0.0266380850607042,0.000770969639660735,"Roquan Smith","BAL","LB",2025
"307","00-0038611",1364,0.00846370820146959,0.0264424850388526,0.000769428018315417,"Chris Rodriguez Jr.","WAS","RB",2025
"308","00-0035707",611,0.00846083635963934,0.0256694442709446,0.000769166941785394,"Devin White","LV","LB",2025
"309","00-0039352",1591,0.00845941353976407,0.0273472743440585,0.000769037594524007,"Marist Liufau","DAL","LB",2025
"310","00-0036952",937,0.00844943094457432,0.0257251488692848,0.000768130085870392,"Jonathon Cooper","DEN","LB",2025
"311","00-0040691",2141,0.0084377502981872,0.0255048293812111,0.000767068208926109,"Jaxson Dart","NYG","QB",2025
"312","00-0039793",1744,0.0084304257888547,0.02589423557105,0.000766402344441337,"AJ Barner","SEA","TE",2025
"313","00-0034437",377,0.00839149092136731,0.0263860010642427,0.000762862811033391,"Logan Cooke","JAX","P",2025
"314","00-0038932",1449,0.0083476785746102,0.0264321245443253,0.000758879870419109,"Darnell Wright","CHI","OL",2025
"315","00-0032398",132,0.00832483486397755,0.02594721353597,0.000756803169452505,"Chris Moore","WAS","WR",2025
"316","00-0037428",1117,0.00830686257564265,0.0281185087152222,0.000755169325058423,"Alec Anderson","BUF","OL",2025
"317","00-0036970",948,0.00825978332142605,0.0256716687734495,0.000750889392856913,"Kyle Pitts","ATL","TE",2025
"318","00-0034320",339,0.00824840308810098,0.026944791729943,0.000749854826190998,"Kentavius Street","ATL","DL",2025
"319","00-0034162",320,0.00822448495221035,0.0275441972080106,0.000747680450200941,"J.K. Scott","LAC","P",2025
"320","00-0031687",96,0.00820790024647593,0.0263833296568487,0.00074617274967963,"Raheem Mostert","LV","RB",2025
"321","00-0035227",499,0.00819294109551662,0.0260606073725426,0.000744812826865147,"P.J. Locke","DEN","DB",2025
"322","00-0039417",1643,0.00817329325249856,0.0251787702534949,0.000743026659318051,"Myles Harden","CLE","DB",2025
"323","00-0040061",1869,0.00817213935088261,0.0259138982995609,0.000742921759171146,"Connor O'Toole","SEA","LB",2025
"324","00-0037832",1205,0.00816936762425301,0.0259133840589404,0.000742669784023001,"Kalia Davis","SF","DL",2025
"325","00-0033246",194,0.00816363621726473,0.0262757418090312,0.000742148747024066,"Johnny Mundt","JAX","TE",2025
"326","00-0035276",525,0.00812574268194001,0.0261929225796147,0.000738703880176365,"Blake Cashman","MIN","LB",2025
"327","00-0036310",725,0.00811350749463929,0.028536695229385,0.000737591590421754,"Hakeem Adeniji","DAL","OL",2025
"328","00-0039774",1736,0.00811002982803982,0.0243051292011232,0.000737275438912711,"Omar Speights","LA","LB",2025
"329","00-0040471",2058,0.00803961155891515,0.0282586604132776,0.000730873778083195,"Nikko Reed","LAC","DB",2025
"330","00-0036307",723,0.00801979341346819,0.0269930094873749,0.000729072128497108,"Kindle Vildor","TB","DB",2025
"331","00-0036442",791,0.00801625445980404,0.0264350107800011,0.000728750405436731,"Joe Burrow","CIN","QB",2025
"332","00-0037841",1212,0.00801446630816365,0.0260066904258422,0.000728587846196695,"Quentin Lake","LA","DB",2025
"333","00-0033891",277,0.00799174516427693,0.027504927850363,0.000726522287661539,"Zay Jones","ARI","WR",2025
"334","00-0033890",276,0.00798506721979435,0.0263577217982544,0.000725915201799487,"Budda Baker","ARI","DB",2025
"335","00-0039895",1813,0.00798381790177437,0.02645206950099,0.000725801627434033,"Mike Hall Jr.","CLE","DL",2025
"336","00-0040069",1873,0.00798163702536143,0.0246179876978879,0.000725603365941949,"Teddye Buchanan","BAL","LB",2025
"337","00-0033876",267,0.00790173569251213,0.0262363238192249,0.000718339608410194,"Derek Barnett","HOU","DL",2025
"338","00-0032753",151,0.00789146830027755,0.0285786889594548,0.000717406209116141,"Luke Rhodes","IND","LS",2025
"339","00-0040363",2029,0.00788610204075946,0.0278069637323969,0.000716918367341769,"Keleki Latu","BUF","TE",2025
"340","00-0039521",1676,0.00788192105745196,0.0265589604257332,0.000716538277950178,"Xavier Weaver","ARI","WR",2025
"341","00-0032950",162,0.00787806725654895,0.0272257899690811,0.000716187932413541,"Carson Wentz","MIN","QB",2025
"342","00-0034975",463,0.00787237734518238,0.0264872531742993,0.000715670667743852,"Justice Hill","BAL","RB",2025
"343","00-0035144",489,0.00787232826245014,0.0262482776219461,0.000715666205677285,"Mack Wilson","ARI","LB",2025
"344","00-0034419",373,0.00786479033843798,0.0280567641414062,0.000714980939857998,"Braxton Berrios","HOU","WR",2025
"345","00-0036988",964,0.00784517861424735,0.0263826950524167,0.000713198055840669,"Josh Palmer","BUF","WR",2025
"346","00-0031054",62,0.00782618607219046,0.0253818966819777,0.000711471461108223,"DaQuan Jones","BUF","DL",2025
"347","00-0028292",23,0.00779233715846263,0.025672161920843,0.000708394287132967,"Nick Bellore","WAS","LB",2025
"348","00-0038106",1229,0.00775572397565777,0.0261099309354853,0.000705065815968888,"Eyioma Uwazurike","DEN","DL",2025
"349","00-0034959",456,0.00775393190050779,0.0268662288997355,0.000704902900046162,"Andrew Beck","NYJ","RB",2025
"350","00-0035125",484,0.00773008643037607,0.025905475548185,0.000702735130034189,"Alec Ingold","MIA","RB",2025
"351","00-0040579",2088,0.00772157003657718,0.0260366328611801,0.000701960912416107,"Carson Schwesinger","CLE","LB",2025
"352","00-0033831",253,0.00771863809902298,0.0259844591655451,0.000701694372638452,"Andrew Wylie","WAS","OL",2025
"353","00-0036331",734,0.0077112934421779,0.0263389902950333,0.000701026676561627,"Devin Duvernay","CHI","WR",2025
"354","00-0034350",346,0.00770203879544172,0.0250222800498859,0.000700185345040157,"Uchenna Nwosu","SEA","LB",2025
"355","00-0036221",681,0.007690933164259,0.0258629278432104,0.000699175742205363,"Brandon Jones","DEN","DB",2025
"356","00-0039634",1694,0.00768411985121579,0.02719638636056,0.000698556350110526,"Austin McNamara","NYJ","P",2025
"357","00-0037270",1065,0.00768191505582139,0.0267170432265332,0.000698355914165581,"Otito Ogbonnia","LAC","DL",2025
"358","00-0037587",1144,0.00764505475456041,0.0261877830600335,0.00069500497768731,"Nate Landman","LA","LB",2025
"359","00-0037093",1001,0.00761551133713604,0.0273388311649197,0.000692319212466912,"Dareke Young","SEA","WR",2025
"360","00-0040141",1909,0.00761258089822252,0.02580796247635,0.00069205280892932,"Kevin Winston Jr.","TEN","DB",2025
"361","00-0034657",391,0.00761067855245352,0.0277706301561377,0.000691879868404865,"Matt Dickerson","JAX","DL",2025
"362","00-0036386",763,0.00758736080851885,0.0250949344545452,0.000689760073501714,"Andrew Thomas","NYG","OL",2025
"363","00-0029714",39,0.00758288067071749,0.0274066166382178,0.000689352788247045,"Andrew DePaola","MIN","LS",2025
"364","00-0036844",884,0.00758155867655819,0.0255227811928205,0.000689232606959836,"Garret Wallow","SF","LB",2025
"365","00-0037545",1137,0.00754527703334736,0.0240227694971869,0.000685934275758851,"Rashid Shaheed","SEA","WR",2025
"366","00-0038504",1294,0.00754404051626999,0.0240650711133811,0.000685821865115453,"Trenton Simpson","BAL","LB",2025
"367","00-0038578",1337,0.00754223666013779,0.0260963716034869,0.000685657878194344,"Jay Ward","MIN","DB",2025
"368","00-0039451",1658,0.007514062570346,0.0252793960579442,0.000683096597304182,"Isaiah Williams","NYJ","WR",2025
"369","00-0040214",1975,0.00750659316609519,0.0272361526800524,0.000682417560554108,"Kobe King","NYJ","LB",2025
"370","00-0040705",2146,0.00749888569530891,0.0241492483915359,0.000681716881391719,"Chimere Dike","TEN","WR",2025
"371","00-0034342",341,0.00746892930544655,0.0267211867736475,0.000678993573222414,"Quenton Nelson","IND","OL",2025
"372","00-0039868",1795,0.00744754260224609,0.0257403924551737,0.000677049327476917,"Troy Franklin","DEN","WR",2025
"373","00-0036981",957,0.00743515711863343,0.025834273817161,0.000675923374421221,"Christian Barmore","NE","DL",2025
"374","00-0033055",172,0.0074150994801529,0.0257587302333526,0.000674099952741173,"Jalen Ramsey","PIT","DB",2025
"375","00-0033908",286,0.00741076367825333,0.0252438608546539,0.000673705788932121,"Cooper Kupp","SEA","WR",2025
"376","00-0039852",1784,0.0074074813574979,0.0264065114895034,0.000673407396136172,"Jared Verse","LA","LB",2025
"377","00-0039489",1669,0.00739692226621648,0.0267113760922889,0.000672447478746953,"Hayden Rucci","SF","TE",2025
"378","00-0039157",1536,0.00736700219218469,0.0269700533332687,0.00066972747201679,"Cody Mauch","TB","OL",2025
"379","00-0036295",717,0.00731696317646069,0.0273054250928329,0.000665178470587335,"Matt Hennessy","SF","OL",2025
"380","00-0034810",428,0.00728833687722855,0.0252870855764176,0.00066257607974805,"Sebastian Joseph-Day","TEN","DL",2025
"381","00-0036564",814,0.00723282059567606,0.0266754375580534,0.00065752914506146,"Talanoa Hufanga","DEN","DB",2025
"382","00-0040318",2019,0.00721821093765369,0.0277181389955041,0.000656200994332154,"Ale Kaho","WAS","LB",2025
"383","00-0037500",1127,0.00721186903811835,0.0277885840475302,0.000655624458010759,"Ryan Wright","MIN","P",2025
"384","00-0039686",1701,0.00717279401309959,0.0268010137149642,0.000652072183009054,"Colson Yankoff","WAS","TE",2025
"385","00-0036871",894,0.00715306203941131,0.0262341863514725,0.00065027836721921,"Nate Hobbs","GB","DB",2025
"386","00-0038046",1220,0.00713954492875057,0.0262084410044991,0.000649049538977325,"Charlie Kolar","BAL","TE",2025
"387","00-0038851",1438,0.00713637696503984,0.0256331935657984,0.000648761542276349,"Caleb Murphy","NYG","LB",2025
"388","00-0034411",369,0.00713432095605834,0.0276131556698317,0.00064857463236894,"Russell Gage","SF","WR",2025
"389","00-0036362",753,0.00711878495558468,0.0255736737333015,0.000647162268689517,"Willie Gay Jr.","MIA","LB",2025
"390","00-0037336",1106,0.00711550396076104,0.0252999948500264,0.000646863996432821,"Brock Hoffman","DAL","OL",2025
"391","00-0034391",365,0.00710780348823613,0.0270353648874635,0.000646163953476012,"Siran Neal","SF","DB",2025
"392","00-0039394",1625,0.00709066362124355,0.0266605561822673,0.000644605783749413,"Casey Washington","ATL","WR",2025
"393","00-0040640",2108,0.00707134640888101,0.0259500002764818,0.000642849673534637,"Ashton Gillotte","KC","DL",2025
"394","00-0038616",1368,0.00707024425609978,0.0272287100356519,0.000642749477827253,"Christian Braswell","JAX","DB",2025
"395","00-0037193",1021,0.00706792535744176,0.0259010195219628,0.000642538668858342,"Bryan Cook","KC","DB",2025
"396","00-0040706",2147,0.00705742456578414,0.0277091531254011,0.000641584051434922,"Walter Nolen","ARI","DL",2025
"397","00-0040500",2065,0.00701757431904382,0.0267794254772271,0.000637961301731256,"Joe Huber","MIN","OL",2025
"398","00-0036850",886,0.00697053832561984,0.0267856601850741,0.000633685302329076,"Cameron Sample","CIN","DL",2025
"399","00-0039491",1670,0.006969340991442,0.0270737511211177,0.000633576453767455,"Jalen Coker","CAR","WR",2025
"400","00-0040174",1940,0.00693030696938067,0.0280975928421361,0.000630027906307334,"Cam Jackson","CAR","DL",2025
"401","00-0032103",108,0.00692848746722411,0.0264430069700877,0.000629862497020373,"Denzel Perryman","LAC","LB",2025
"402","00-0039366",1604,0.00688135937437958,0.025733027824983,0.000625578124943599,"Tarheeb Still","LAC","DB",2025
"403","00-0031551",86,0.00687280514823693,0.0254456335473766,0.000624800468021539,"Eddie Goldman","WAS","DL",2025
"404","00-0039367",1605,0.0068674804679367,0.0288901004693455,0.000624316406176064,"Xavier Thomas","HOU","LB",2025
"405","00-0036964",945,0.00686627160992078,0.0239496000776759,0.000624206509992798,"Derrick Barnes","DET","LB",2025
"406","00-0039831",1767,0.00685802332134811,0.0269428073673987,0.0006234566655771,"Kamal Hadden","GB","DB",2025
"407","00-0038618",1369,0.0068547476381193,0.0255020750641334,0.000623158876192664,"Xavier Hutchinson","HOU","WR",2025
"408","00-0039395",1626,0.00685380482425635,0.025731565979747,0.000623073165841486,"Jamal Hill","HOU","LB",2025
"409","00-0037287",1077,0.00684477115881684,0.0261492200759688,0.000622251923528804,"Vederian Lowe","NE","OL",2025
"410","00-0040563",2083,0.00681538273593495,0.0268396735303422,0.000619580248721359,"Efton Chism III","NE","WR",2025
"411","00-0034251",327,0.00681136660304871,0.0269584011970877,0.000619215145731701,"Daniel Ekuale","PIT","DL",2025
"412","00-0033557",232,0.00678206303248632,0.0284496643745152,0.000616551184771484,"Jalen Reeves-Maybin","CHI","LB",2025
"413","00-0037321",1100,0.00677582785121918,0.0273218175320427,0.000615984350110834,"Chase Lucas","SF","DB",2025
"414","00-0030114",49,0.00674042979918963,0.0252372791531038,0.000612766345380875,"Jordan Poyer","BUF","DB",2025
"415","00-0035537",556,0.00672028573302097,0.0260700594120085,0.00061093506663827,"Ty Johnson","BUF","RB",2025
"416","00-0030294",52,0.00671653954197034,0.0255048057279798,0.000610594503815485,"Tony Jefferson","LAC","DB",2025
"417","00-0037262",1059,0.00662176893565724,0.0247950473430895,0.000601978994150658,"Thomas Booker","LV","DL",2025
"418","00-0037616",1153,0.0066153533410149,0.0264319618141522,0.000601395758274082,"Nick Cross","IND","DB",2025
"419","00-0036220",680,0.00660390247679101,0.0259513302259252,0.000600354770617364,"Derrick Brown","CAR","DL",2025
"420","00-0036479",794,0.00659280477231966,0.0256361568902038,0.000599345888392697,"Kwity Paye","IND","DL",2025
"421","00-0039859",1789,0.00657955125240503,0.0254066131057004,0.000598141022945911,"Brandon Dorlus","ATL","DL",2025
"422","00-0031503",84,0.0065759175935388,0.0275544236443448,0.000597810690321709,"Jameis Winston","NYG","QB",2025
"423","00-0040249",2000,0.00656389683018037,0.0267229210267386,0.000596717893652761,"Fadil Diggs","NO","LB",2025
"424","00-0040135",1904,0.00654795312512555,0.0280779606260603,0.000595268465920505,"Nick Martin","SF","LB",2025
"425","00-0039351",1590,0.00654639254531847,0.0260980196866625,0.000595126595028952,"Dominick Puni","SF","OL",2025
"426","00-0037268",1063,0.00654500054602953,0.0264599563898403,0.000595000049639048,"Zyon McCollum","TB","DB",2025
"427","00-0033038",167,0.00652780206295726,0.0259673214395654,0.000593436551177933,"Eric Murray","JAX","DB",2025
"428","00-0035669",589,0.00645849517990592,0.0263805478707984,0.000587135925445992,"Nick Scott","CAR","DB",2025
"429","00-0037602",1149,0.00644281790154663,0.0257526263261816,0.000585710718322421,"Sam Okuayinonu","SF","DL",2025
"430","00-0038621",1372,0.00642359491870295,0.0270115163152682,0.000583963174427541,"DeMario Douglas","NE","WR",2025
"431","00-0037096",1003,0.00641697150979411,0.0273943808278107,0.000583361046344919,"Elijah Hicks","CHI","DB",2025
"432","00-0035544",558,0.00639122534288962,0.0267054116588852,0.000581020485717238,"Tom Kennedy","DET","WR",2025
"433","00-0040644",2112,0.00635422706862655,0.0267325780421525,0.000577657006238777,"Trevor Etienne","CAR","RB",2025
"434","00-0036411",775,0.00635019176204637,0.0271681315170074,0.000577290160186034,"Antoine Winfield Jr.","TB","DB",2025
"435","00-0035944",638,0.00634518528761573,0.0259275857977466,0.000576835026146885,"Jonah Williams","NO","DL",2025
"436","00-0039018",1481,0.00630265264058659,0.0256148868970925,0.000572968421871508,"Jack Campbell","DET","LB",2025
"437","00-0039459",1661,0.00629357806368109,0.0266750044571901,0.000572143460334644,"Theo Benedet","CHI","OL",2025
"438","00-0037742",1170,0.00626898284375212,0.0261338406024023,0.000569907531250192,"Treylon Burks","WAS","WR",2025
"439","00-0038551",1314,0.0062485282101353,0.0265783936581096,0.000568048019103209,"Kendre Miller","NO","RB",2025
"440","00-0037805",1185,0.00622563168745087,0.025617298727833,0.000565966517040988,"Jeremy Ruckert","NYJ","TE",2025
"441","00-0036423",784,0.00620392944570352,0.0292401229501561,0.000563993585973047,"Albert Okwuegbunam","LV","TE",2025
"442","00-0031330",73,0.00616399995945609,0.0257100713176468,0.000560363632677826,"Morgan Moses","NE","OL",2025
"443","00-0036716",864,0.00616086782619001,0.0261832399492689,0.000560078893290001,"Amen Ogbongbemiga","CHI","LB",2025
"444","00-0040371",2032,0.00614127220898772,0.02740735559649,0.000558297473544338,"Eric Gregory","NE","DL",2025
"445","00-0036728",866,0.00609797029102212,0.0256381731966726,0.000554360935547466,"Curtis Robinson","SF","LB",2025
"446","00-0034760",406,0.00609214185020679,0.0263442634787367,0.000553831077291526,"Nathan Shepherd","NO","DL",2025
"447","00-0038896",1443,0.00606192254785815,0.0266457122187776,0.000551083867987104,"Jacob Saylors","DET","RB",2025
"448","00-0038100",1224,0.00603215125845138,0.0258642585835241,0.000548377387131943,"Percy Butler","WAS","DB",2025
"449","00-0036132",656,0.00601152890555352,0.0267298221445752,0.000546502627777593,"Ben Bredeson","TB","OL",2025
"450","00-0031408",79,0.00599334815429278,0.0275595326395012,0.000544849832208434,"Mike Evans","TB","WR",2025
"451","00-0036414",777,0.00598562794562456,0.0279671241018347,0.000544147995056778,"Cam Akers","SEA","RB",2025
"452","00-0032071",107,0.00593739597439167,0.0253673432119008,0.000539763270399242,"Trent Brown","HOU","OL",2025
"453","00-0038407",1275,0.00593133071074285,0.0260886843596095,0.000539211882794805,"Jaylon Jones","IND","DB",2025
"454","00-0033282",199,0.00592272113489602,0.0284246084055019,0.000538429194081456,"Curtis Samuel","BUF","WR",2025
"455","00-0034373",356,0.00591424778164617,0.0265560200421971,0.000537658889240561,"Dorance Armstrong","WAS","DL",2025
"456","00-0037834",1206,0.00591387136445688,0.0253488379559013,0.00053762466949608,"Brock Purdy","SF","QB",2025
"457","00-0040670",2131,0.00590142125286364,0.0247139446384429,0.000536492841169422,"Nohl Williams","KC","DB",2025
"458","00-0039431",1651,0.00589636740909887,0.026234787935847,0.00053603340082717,"Jowon Briggs","NYJ","DL",2025
"459","00-0036557",811,0.00586186909196537,0.0253260656658823,0.00053289719017867,"Jaylon Moore","KC","OL",2025
"460","00-0039241",1554,0.00585948698233986,0.0283041263822795,0.000532680634758169,"Beau Brade","NYG","DB",2025
"461","00-0040238",1992,0.00585609685782503,0.026864166808985,0.000532372441620457,"LeQuint Allen Jr.","JAX","RB",2025
"462","00-0036321",727,0.00585551636249485,0.026404151441978,0.000532319669317714,"Chase Young","NO","LB",2025
"463","00-0037306",1090,0.00585297542942944,0.0263132151247548,0.000532088675402677,"John FitzPatrick","GB","TE",2025
"464","00-0036616",826,0.00584985223533136,0.0256247843814762,0.000531804748666488,"Christian Darrisaw","MIN","OL",2025
"465","00-0040685",2137,0.00582684839111179,0.0263382181015689,0.000529713490101072,"Mason Graham","CLE","DL",2025
"466","00-0039299",1567,0.00582429085532349,0.0276750514937671,0.00052948098684759,"George Holani","SEA","RB",2025
"467","00-0039361",1600,0.00582397014750173,0.0256697949365787,0.000529451831591067,"Bucky Irving","TB","RB",2025
"468","00-0033589",239,0.00579169848468461,0.0278621611973789,0.000526518044062238,"David Moore","CAR","WR",2025
"469","00-0040489",2061,0.00578380893391714,0.028951201902265,0.000525800812174285,"Greedy Vance","LV","DB",2025
"470","00-0035250",513,0.00575776982236806,0.0264381378269658,0.000523433620215278,"Devin Singletary","NYG","RB",2025
"471","00-0040741",2177,0.0057576214356823,0.0272959661174069,0.000523420130516572,"Shemar Turner","CHI","DL",2025
"472","00-0038390",1264,0.00575460584231528,0.0260257155629098,0.000523145985665026,"Noah Sewell","CHI","LB",2025
"473","00-0036366",755,0.00574703321346731,0.025866222110165,0.000522457564860664,"Neville Gallimore","IND","DL",2025
"474","00-0035821",624,0.00569651012134587,0.0268253907721253,0.000517864556485988,"Corliss Waitman","PIT","P",2025
"475","00-0040009",1846,0.00564925298600662,0.0271969429643379,0.000513568453273329,"Savion Williams","GB","WR",2025
"476","00-0034198",323,0.00562646691628147,0.0278170445629717,0.000511496992389224,"Trent Sieg","DAL","LS",2025
"477","00-0035699",606,0.00561351984807318,0.0258610525999012,0.000510319986188471,"Jamel Dean","TB","DB",2025
"478","00-0040205",1969,0.00561281499128026,0.0277258216616649,0.000510255908298205,"Kalel Mullings","TEN","RB",2025
"479","00-0032379",121,0.00559763457036448,0.0275147098428035,0.000508875870033134,"Eli Apple","SF","DB",2025
"480","00-0031554",87,0.00555584582907321,0.0262213828702081,0.00050507689355211,"Eric Kendricks","SF","LB",2025
"481","00-0040168",1934,0.00554785561199557,0.0262934994788347,0.000504350510181415,"Que Robinson","DEN","LB",2025
"482","00-0034051",305,0.00554536909601705,0.0276422371027007,0.000504124463274277,"Christian Kuntz","PIT","LS",2025
"483","00-0038996",1472,0.00553768528162907,0.0256134292742951,0.000503425934693552,"Tucker Kraft","GB","TE",2025
"484","00-0033952",302,0.00551440909250532,0.0244166461776647,0.000501309917500483,"Grover Stewart","IND","DL",2025
"485","00-0038119",1238,0.00551194121397614,0.0248299672020274,0.000501085564906922,"Jalyn Armour-Davis","TEN","DB",2025
"486","00-0036927",924,0.00550827544214008,0.0275122058152522,0.000500752312921826,"Pete Werner","NO","LB",2025
"487","00-0039900",1818,0.0054985535006571,0.0281043232927091,0.000499868500059737,"Marshawn Kneeland","DAL","DL",2025
"488","00-0040161",1927,0.00549039140576084,0.0266074681565926,0.000499126491432804,"Kyle Kennard","LAC","LB",2025
"489","00-0032228",115,0.00547182272497495,0.0275203621986705,0.000497438429543177,"Joe Cardona","MIA","LS",2025
"490","00-0040669",2130,0.00545987937937048,0.0263527821187351,0.000496352670851862,"Isaac TeSlaa","DET","WR",2025
"491","00-0040329",2022,0.00544175968901763,0.0273809349083746,0.00049470542627433,"BJ Green II","JAX","DL",2025
"492","00-0037231",1034,0.00543974144354935,0.0275619955056721,0.000494521949413577,"Kevin Austin Jr.","NO","WR",2025
"493","00-0040011",1848,0.00543219186176233,0.0242009169955153,0.000493835623796576,"Shemar James","DAL","LB",2025
"494","00-0040193",1958,0.00541058150790604,0.0274811492481298,0.000491871046173276,"Miles Frazier","DET","OL",2025
"495","00-0036642",843,0.00537163534047405,0.0254886027378434,0.000488330485497641,"Tedarrell Slaton","CIN","DL",2025
"496","00-0039007",1477,0.00533634868304863,0.0257222072155602,0.000485122607549876,"Garrett Williams","ARI","DB",2025
"497","00-0028845",25,0.005332005442075,0.0281671980379819,0.000484727767461364,"Josh Harris","LAC","LS",2025
"498","00-0040242",1994,0.00532961557347205,0.0270123340054247,0.000484510506679277,"Jacory Croskey-Merritt","WAS","RB",2025
"499","00-0035705",610,0.00532873570524966,0.0265431279406012,0.00048443051865906,"Jalen Thompson","ARI","DB",2025
"500","00-0034860",447,0.00532854787201862,0.0277993843648947,0.000484413442910784,"Dante Pettis","NO","WR",2025
"501","00-0035889",631,0.00531200615322499,0.0257722374710726,0.000482909650293181,"Tommy Townsend","HOU","P",2025
"502","00-0038558",1321,0.00531136552207421,0.0265668173519107,0.000482851411097656,"Darnell Washington","PIT","TE",2025
"503","00-0040747",2183,0.00528397161893512,0.0263526284265606,0.000480361056266829,"Benjamin Morrison","TB","DB",2025
"504","00-0039829",1766,0.00527822389431074,0.0257100133806653,0.000479838535846431,"Darius Muasau","NYG","LB",2025
"505","00-0040711",2151,0.00524675366181162,0.0268096530022291,0.000476977605619239,"CJ West","SF","DL",2025
"506","00-0038951",1458,0.00523488520098932,0.0266235470544417,0.000475898654635393,"Sean Tucker","TB","RB",2025
"507","00-0039632",1693,0.00523112214169397,0.0271705533887363,0.000475556558335815,"PJ Jules","CIN","DB",2025
"508","00-0036874",895,0.00521691168315646,0.0257910313713425,0.000474264698468769,"Pat Surtain II","DEN","DB",2025
"509","00-0036282",706,0.00521361442082713,0.025703046061414,0.000473964947347921,"Grant Delpit","CLE","DB",2025
"510","00-0037249",1048,0.00520879979043202,0.0257492272121238,0.000473527253675638,"Nik Bonitto","DEN","LB",2025
"511","00-0037085",997,0.00515543492081719,0.024957988525282,0.000468675901892472,"Tyler Badie","DEN","RB",2025
"512","00-0037195",1023,0.00510649080252105,0.0260707731787956,0.000464226436592823,"Jaylen Watson","KC","DB",2025
"513","00-0032933",160,0.00510604137160445,0.0265243261399664,0.000464185579236768,"Antonio Hamilton","WAS","DB",2025
"514","00-0040660",2123,0.00506056782225879,0.0267356243613206,0.000460051620205344,"Mykel Williams","SF","DL",2025
"515","00-0039882",1805,0.00505122691740684,0.0282288151514515,0.000459202447036985,"Tylan Grable","BUF","OL",2025
"516","00-0038613",1365,0.00504905143742166,0.0289521334457597,0.000459004676129242,"Jerrick Reed II","TEN","DB",2025
"517","00-0035933",636,0.00504258529754476,0.0277610839830064,0.000458416845231342,"Michael Hoecht","BUF","LB",2025
"518","00-0040075",1878,0.00501880098236377,0.0261995847037508,0.000456254634760343,"LaJohntay Wester","BAL","WR",2025
"519","00-0040409",2047,0.00501865987162257,0.0285464970746349,0.000456241806511143,"Austin Brinkman","HOU","LS",2025
"520","00-0040578",2087,0.00501719882329817,0.0254556525171623,0.000456108983936197,"James Pearce Jr.","ATL","LB",2025
"521","00-0033546",226,0.00500347399200573,0.0254035567798355,0.000454861272000521,"Dalvin Tomlinson","ARI","DL",2025
"522","00-0032951",163,0.00497705267764031,0.0276002061673283,0.000452459334330937,"Laquon Treadwell","IND","WR",2025
"523","00-0039396",1627,0.00494273189394006,0.0265350527434322,0.00044933926308546,"Mekhi Wingo","DET","DL",2025
"524","00-0037274",1067,0.00494183743877845,0.0259845948005957,0.00044925794897986,"Esezi Otomewo","PIT","DL",2025
"525","00-0033935",295,0.00493317637525796,0.0263318880079499,0.000448470579568906,"Trey Hendrickson","CIN","DL",2025
"526","00-0040342",2024,0.00493001469615771,0.0261869860772241,0.000448183154196155,"Danny Striggow","JAX","DL",2025
"527","00-0040100",1884,0.0049152969493912,0.0278590180063356,0.000446845177217381,"Jay Higgins","BAL","LB",2025
"528","00-0036621",831,0.00489828921726731,0.0264509109260643,0.000445299019751574,"Nick Bolton","KC","LB",2025
"529","00-0037822",1198,0.00485377681807776,0.0279611444093984,0.000441252438007069,"Brian Asamoah II","CIN","LB",2025
"530","00-0039917",1832,0.00483569145609888,0.0258833595756734,0.000439608314190808,"Michael Penix Jr.","ATL","QB",2025
"531","00-0038383",1260,0.00483084819193332,0.0272262706352957,0.000439168017448484,"Andrew Vorhees","BAL","OL",2025
"532","00-0035961",640,0.00481546864786459,0.0271814642997678,0.000437769877078599,"Krys Barnes","CAR","LB",2025
"533","00-0038594",1350,0.00480049264347197,0.0255974328851394,0.000436408422133815,"Darrell Luter Jr.","SF","DB",2025
"534","00-0038128",1246,0.00478776072761062,0.028151887001836,0.00043525097523733,"Malik Willis","GB","QB",2025
"535","00-0038934",1451,0.00476486968590264,0.024787019844743,0.000433169971445694,"Anton Harrison","JAX","OL",2025
"536","00-0035280",528,0.00475829069725824,0.0281707339819464,0.000432571881568931,"Jake Bailey","MIA","P",2025
"537","00-0033077",179,0.00475510284942505,0.0267034671496071,0.000432282077220459,"Dak Prescott","DAL","QB",2025
"538","00-0034381",360,0.00474936904043206,0.0256663002066878,0.00043176082185746,"Josh Sweat","ARI","LB",2025
"539","00-0036909",916,0.00474884203207812,0.0251224560041033,0.000431712912007102,"Khyiris Tonga","NE","DL",2025
"540","00-0039077",1513,0.00473979067930041,0.025142372789026,0.000430890061754582,"Warren McClendon Jr.","LA","OL",2025
"541","00-0040624",2101,0.00473882507075589,0.0276172640744486,0.000430802279159627,"Elijah Williams","MIN","DL",2025
"542","00-0037468",1122,0.00472229478156385,0.0277143561834847,0.000429299525596714,"Raheem Layne","NYG","DB",2025
"543","00-0038978",1463,0.00469865663372838,0.0259397345934658,0.000427150603066216,"Byron Young","PHI","DL",2025
"544","00-0038136",1252,0.00469815655775443,0.0256538797135737,0.000427105141614039,"Coby Bryant","SEA","DB",2025
"545","00-0034384",362,0.0046966553718993,0.0255370688444502,0.000426968670172664,"D.J. Reed","DET","DB",2025
"546","00-0037315",1096,0.004695636515292,0.0262721513512229,0.000426876046844727,"Cameron Goode","MIA","LB",2025
"547","00-0037340",1107,0.00467070875860587,0.0276047270555667,0.000424609887145989,"Zaire Mitchell-Paden","NO","TE",2025
"548","00-0040219",1979,0.00466771145498383,0.0280550663276956,0.00042433740499853,"Hayden Conner","ARI","OL",2025
"549","00-0038788",1421,0.00466673245873353,0.0261007039930922,0.000424248405339412,"Art Green","NYG","DB",2025
"550","00-0029692",38,0.00465920244809544,0.0281129140718592,0.000423563858917767,"Bryan Anger","DAL","P",2025
"551","00-0033914",289,0.00465518733519421,0.0261037530739848,0.000423198848654019,"Alex Anzalone","DET","LB",2025
"552","00-0037757",1179,0.00464240609881716,0.0261741163575261,0.000422036918074288,"Bernhard Raimann","IND","OL",2025
"553","00-0029562",32,0.00463458412856876,0.0266509634885954,0.000421325829869887,"Lavonte David","TB","LB",2025
"554","00-0033894",279,0.00462384022554047,0.0270596006947323,0.00042034911141277,"Marcus Williams","LAC","DB",2025
"555","00-0039648",1696,0.00461521686353862,0.0242607262942211,0.000419565169412602,"David Martin-Robinson","TEN","TE",2025
"556","00-0038841",1437,0.00461505645573751,0.0278768632158014,0.000419550586885229,"Nick Whiteside","DET","DB",2025
"557","00-0030279",51,0.00461374706932055,0.0257032767711018,0.000419431551756413,"Keenan Allen","LAC","WR",2025
"558","00-0033381",215,0.00461117328846897,0.0255880925434293,0.000419197571678998,"Adam Butler","LV","DL",2025
"559","00-0038937",1454,0.0046025605434996,0.0280217489963154,0.0004184145948636,"Zacch Pickens","KC","DL",2025
"560","00-0039681",1700,0.00458760356818725,0.0254080767303346,0.000417054869835205,"Tyler Owens","WAS","DB",2025
"561","00-0033921",291,0.00458313251171885,0.0270846457762276,0.000416648410156259,"Chris Godwin Jr.","TB","WR",2025
"562","00-0031557",88,0.00457353265607213,0.027801422952851,0.000415775696006557,"Jordan Phillips","BUF","DL",2025
"563","00-0034753",402,0.00455761949471686,0.0256153800340251,0.00041432904497426,"Mark Andrews","BAL","TE",2025
"564","00-0033945",298,0.00454912466948483,0.026051988859772,0.000413556788134985,"Samson Ebukam","IND","DL",2025
"565","00-0035631",568,0.00453710367226619,0.0250813482837682,0.000412463970206017,"Drew Sample","CIN","TE",2025
"566","00-0040634",2105,0.00453283034207955,0.0277064055605198,0.000412075485643595,"Jordan Turner","DEN","LB",2025
"567","00-0038117",1236,0.00449572721351856,0.0272879325248384,0.000408702473956232,"Wan'Dale Robinson","NYG","WR",2025
"568","00-0036849",885,0.00448532115086253,0.0278367395149693,0.00040775646826023,"Tutu Atwell","LA","WR",2025
"569","00-0038493",1291,0.00446089272653147,0.0260367343632607,0.000405535702411952,"Claudin Cherelus","CAR","LB",2025
"570","00-0036896",907,0.0044597377513709,0.0287882524331255,0.000405430704670082,"Victor Dimukeje","NYG","LB",2025
"571","00-0036646",846,0.00445248907747792,0.0275187081727207,0.000404771734316175,"Simi Fehoko","ARI","WR",2025
"572","00-0035406",548,0.0044164627681805,0.0257091805651609,0.000401496615289136,"Lil'Jordan Humphrey","DEN","WR",2025
"573","00-0040734",2170,0.00439549725590023,0.0261602176250742,0.000399590659627293,"TreVeyon Henderson","NE","RB",2025
"574","00-0038619",1370,0.00439194515151497,0.0269473712734696,0.000399267741046816,"Andrei Iosivas","CIN","WR",2025
"575","00-0039410",1638,0.0043821263109881,0.0258228983398561,0.000398375119180737,"Ryan Flournoy","DAL","WR",2025
"576","00-0039356",1595,0.00438205605804527,0.0256503385204435,0.00039836873254957,"Ja'Tavion Sanders","CAR","TE",2025
"577","00-0039916",1831,0.00437608356911735,0.0264315065812153,0.000397825779010668,"Ricky Pearsall","SF","WR",2025
"578","00-0036032",644,0.00435388447657702,0.0278915243178921,0.00039580767968882,"Sean McKeon","IND","TE",2025
"579","00-0035255",516,0.00433898641623965,0.0278715396981249,0.000394453310567241,"Kendall Sheffield","MIA","DB",2025
"580","00-0031136",64,0.00433791587922884,0.0269838434308018,0.000394355989020804,"Chris Boswell","PIT","K",2025
"581","00-0031921",101,0.00433273335829356,0.0276002790205185,0.00039388485075396,"Kendall Lamm","MIA","OL",2025
"582","00-0035000",473,0.00433119400662254,0.0261983698402359,0.000393744909692958,"Quinton Bell","MIA","LB",2025
"583","00-0036130",655,0.00432148804179691,0.0265145151371628,0.000392862549254265,"Nnamdi Madubuike","BAL","DL",2025
"584","00-0037304",1088,0.0042845746754054,0.0253613949199072,0.000389506788673218,"Connor Heyward","PIT","TE",2025
"585","00-0037252",1050,0.00428311608151907,0.0274147558389386,0.000389374189229007,"Greg Dulcich","MIA","TE",2025
"586","00-0034829",434,0.00426940225879256,0.0275953853712765,0.000388127478072051,"Mike Gesicki","CIN","TE",2025
"587","00-0034351",347,0.00426836823960279,0.0269574143347262,0.000388033476327526,"Dallas Goedert","PHI","TE",2025
"588","00-0036655",850,0.00426666835489695,0.0266610449872804,0.000387878941354268,"Cole Van Lanen","JAX","OL",2025
"589","00-0039631",1692,0.0042347935446922,0.02724949301772,0.000384981231335655,"Cam Grandy","CIN","TE",2025
"590","00-0032104",109,0.0042314518770136,0.0268962904682318,0.000384677443364873,"Ameer Abdullah","IND","RB",2025
"591","00-0039738",1716,0.00423125672055198,0.0254134621633216,0.000384659701868362,"Blake Corum","LA","RB",2025
"592","00-0037457",1120,0.00422933671731183,0.026712947076239,0.000384485156119257,"Jake Hansen","HOU","LB",2025
"593","00-0035900",635,0.00422065331579931,0.0284372957792514,0.000383695755981755,"Cole Christiansen","KC","LB",2025
"594","00-0040557",2081,0.00420303609485708,0.0281985655069057,0.000382094190441553,"Drew Moss","TEN","OL",2025
"595","00-0034160",318,0.00417332679258388,0.0263507658651456,0.000379393344780353,"Michael Dickson","SEA","P",2025
"596","00-0038536",1303,0.00416082138410584,0.026544372736623,0.000378256489464167,"Chandler Zavala","CAR","OL",2025
"597","00-0035662",584,0.00414686262360802,0.0263259798917168,0.000376987511237093,"Marquise Brown","KC","WR",2025
"598","00-0035636",571,0.0041315342260306,0.0259691257815707,0.000375594020548237,"L.J. Collier","ARI","DL",2025
"599","00-0037280",1072,0.00407897083135373,0.0270510300568811,0.000370815530123066,"Matthew Butler","MIA","DL",2025
"600","00-0040411",2048,0.00406184470782933,0.0276486895360462,0.000369258609802667,"Alijah Huzzie","HOU","DB",2025
"601","00-0040643",2111,0.00406141915032224,0.0262923222789252,0.000369219922756567,"Jonas Sanker","NO","DB",2025
"602","00-0039739",1717,0.00405340060153915,0.0271473009049792,0.000368490963776286,"Roman Wilson","PIT","WR",2025
"603","00-0033269",196,0.0040530554036608,0.027263522222561,0.000368459582150982,"Rigoberto Sanchez","IND","P",2025
"604","00-0039813",1754,0.00403286005809911,0.0252467167854362,0.000366623641645374,"Evan Williams","GB","DB",2025
"605","00-0039770",1734,0.00402571336982391,0.0260439486573283,0.000365973942711264,"Charles Woods","NE","DB",2025
"606","00-0039749",1724,0.00399362810563651,0.0249270722901544,0.00036305710051241,"Tyler Davis","LA","DL",2025
"607","00-0040648",2116,0.00399312829240032,0.0269420119685523,0.000363011662945484,"Tory Horton","SEA","WR",2025
"608","00-0039850",1782,0.00397960016911216,0.0263803982034888,0.000361781833555651,"Edgerrin Cooper","GB","LB",2025
"609","00-0039156",1535,0.00396148650744354,0.0271047002778482,0.000360135137040322,"Julius Brents","MIA","DB",2025
"610","00-0036644",845,0.00396053243580136,0.0267940235613289,0.000360048403254669,"Cameron McGrone","CLE","LB",2025
"611","00-0040677",2135,0.00395389340692659,0.0251926314566629,0.000359444855175144,"Abdul Carter","NYG","LB",2025
"612","00-0036323",729,0.00394740370327137,0.0253595622871922,0.000358854882115579,"Patrick Queen","PIT","LB",2025
"613","00-0037320",1099,0.0038951269962847,0.0278478150345488,0.0003541024542077,"Deane Leonard","LAC","DB",2025
"614","00-0034855",443,0.00385235986262527,0.0261796271326796,0.000350214532965934,"Baker Mayfield","TB","QB",2025
"615","00-0038980",1465,0.00381311530762614,0.0265390541239517,0.000346646846147831,"Zach Harrison","ATL","DL",2025
"616","00-0032265",118,0.00381084089353091,0.0264165441622838,0.000346440081230083,"Mario Edwards","HOU","DL",2025
"617","00-0037236",1036,0.00380301156871387,0.0257873846712267,0.000345728324428534,"Aidan Hutchinson","DET","DL",2025
"618","00-0035382",545,0.00379822209806997,0.0279507457533685,0.000345292918006361,"Ryan Bates","CHI","OL",2025
"619","00-0036920",921,0.00379104520469568,0.0271266815502727,0.000344640473154153,"Marlon Tuipulotu","KC","DL",2025
"620","00-0040716",2154,0.00379052907380693,0.0252553366287817,0.000344593552164266,"Craig Woodson","NE","DB",2025
"621","00-0037755",1177,0.00378690066499482,0.0274249416346202,0.000344263696817711,"Jelani Woods","NYJ","TE",2025
"622","00-0037051",987,0.00376656460726698,0.0280462133297785,0.000342414964296998,"Elijah Garcia","ATL","DL",2025
"623","00-0040210",1972,0.00376469650283739,0.0266792772269042,0.000342245136621581,"Luke Newman","CHI","OL",2025
"624","00-0037829",1202,0.00375011176508396,0.0258189176346501,0.000340919251371269,"Spencer Burford","SF","OL",2025
"625","00-0037191",1019,0.00374997636718547,0.0254763755211834,0.000340906942471406,"Trent McDuffie","KC","DB",2025
"626","00-0033571",235,0.0037422903203074,0.0262797485974842,0.000340208210937037,"Matt Milano","BUF","LB",2025
"627","00-0036360",751,0.00373254088907055,0.0284077060020864,0.000339321899006414,"Clyde Edwards-Helaire","KC","RB",2025
"628","00-0038465",1287,0.00373188687220954,0.0260990948936895,0.00033926244292814,"Malik Heath","ATL","WR",2025
"629","00-0040408",2046,0.00372874574321122,0.0270056248421676,0.000338976885746475,"Ja'Markis Weston","SEA","LB",2025
"630","00-0040072",1876,0.003728576628604,0.0264047758798805,0.000338961511691273,"Jeffrey Bassa","KC","LB",2025
"631","00-0035895",634,0.00372680280110873,0.0260759366848675,0.000338800254646248,"Joe Bachie","TEN","LB",2025
"632","00-0031236",68,0.00371775762525615,0.0255016286066159,0.000337977965932377,"Brandin Cooks","BUF","WR",2025
"633","00-0033523",223,0.00370775199483663,0.0253896390762739,0.000337068363166967,"Jonathan Allen","MIN","DL",2025
"634","00-0036266",700,0.0036961193859709,0.0258376148290665,0.000336010853270082,"Jordan Elliott","SF","DL",2025
"635","00-0039855",1786,0.00367556110422631,0.0265960597478216,0.000334141918566028,"Jalen McMillan","TB","WR",2025
"636","00-0039148",1530,0.00366565833148706,0.0252868619615887,0.000333241666498823,"Keion White","SF","DL",2025
"637","00-0038115",1234,0.00365308145289335,0.0264788470707778,0.000332098313899395,"Daniel Bellinger","NYG","TE",2025
"638","00-0038720",1402,0.00364296119202336,0.0256574881896491,0.000331178290183942,"Julian Hill","MIA","TE",2025
"639","00-0037842",1213,0.00362572457303413,0.0274175315431826,0.000329611324821285,"Derion Kendrick","LA","DB",2025
"640","00-0030061",44,0.00361961137842177,0.0256810587958801,0.000329055579856525,"Zach Ertz","WAS","TE",2025
"641","00-0035357",540,0.00361499791045138,0.0240422988314278,0.000328636173677398,"Cam Lewis","BUF","DB",2025
"642","00-0036906",915,0.00361027136414806,0.0265379581174869,0.000328206487649823,"Khalil Herbert","NYJ","RB",2025
"643","00-0036195",673,0.00360442364127302,0.0254505834304694,0.000327674876479366,"Charlie Heck","TB","OL",2025
"644","00-0038824",1434,0.0035999068987226,0.0258132703353035,0.000327264263520236,"Ryan Miller","NYG","WR",2025
"645","00-0036900",909,0.00359783506417957,0.0255240217788482,0.000327075914925416,"Ja'Marr Chase","CIN","WR",2025
"646","00-0039498",1672,0.00359605951259383,0.0276093419711001,0.000326914501144894,"Harrison Mevis","LA","K",2025
"647","00-0036584",818,0.0035685512315923,0.0260880911166146,0.000324413748326573,"Foster Sarell","LAC","OL",2025
"648","00-0038408",1276,0.00356335403883261,0.0261864825706026,0.00032394127625751,"Carrington Valentine","GB","DB",2025
"649","00-0034675",394,0.00353404487621745,0.0269897196583001,0.000321276806928859,"Jessie Bates","ATL","DB",2025
"650","00-0038359",1256,0.00352317264040703,0.0254734598637826,0.000320288421855185,"Xavier Smith","LA","WR",2025
"651","00-0037002",976,0.00351563490471892,0.0245739333387996,0.000319603173156266,"Landon Dickerson","PHI","OL",2025
"652","00-0037563",1142,0.00350773824620582,0.0261177089786519,0.00031888529510962,"Malik Davis","DAL","RB",2025
"653","00-0037746",1174,0.00350423667633221,0.0260208611772747,0.000318566970575656,"Brian Robinson","SF","RB",2025
"654","00-0036976",954,0.00349929572273921,0.0248562735813158,0.000318117792976292,"Spencer Brown","BUF","OL",2025
"655","00-0037238",1038,0.00349672539821613,0.0263284473562966,0.000317884127110557,"Drake London","ATL","WR",2025
"656","00-0036333",736,0.00347661531970025,0.0261795083887629,0.000316055938154568,"Alex Highsmith","PIT","LB",2025
"657","00-0036993",968,0.00347431074850793,0.0250314066321281,0.000315846431682539,"Ifeatu Melifonwu","MIA","DB",2025
"658","00-0040396",2041,0.00346465715099083,0.025828703245977,0.000314968831908257,"Dean Clark","NYJ","DB",2025
"659","00-0036959",941,0.00344493420967808,0.027527372489819,0.000313175837243462,"Michael Bandy","DEN","WR",2025
"660","00-0036985",961,0.00343652188310811,0.0256201557870383,0.000312411080282555,"Robert Hainsey","JAX","OL",2025
"661","00-0036903",912,0.0034200270758958,0.0253154849110125,0.000310911552354164,"Bobby Brown III","CAR","DL",2025
"662","00-0039324",1575,0.00341514756163896,0.026406125743123,0.000310467960148997,"Christian Roland-Wallace","KC","DB",2025
"663","00-0034346",343,0.00341368726286041,0.0263496835665578,0.000310335205714583,"Will Hernandez","ARI","OL",2025
"664","00-0034957",455,0.00340723899025009,0.0269557520220173,0.000309748999113645,"Calvin Anderson","PIT","OL",2025
"665","00-0025565",5,0.00337940825450349,0.0283087579018869,0.00030721893222759,"Nick Folk","NYJ","K",2025
"666","00-0039237",1552,0.00337351575011167,0.0278846632562854,0.000306683250010152,"Nick Samac","CAR","OL",2025
"667","00-0034275",333,0.0033731820003449,0.0263071964291474,0.000306652909122263,"Foley Fatukasi","HOU","DL",2025
"668","00-0037594",1146,0.00336319924363746,0.0247941156507124,0.000305745385785223,"Julius Chestnut","TEN","RB",2025
"669","00-0039424",1648,0.00335982563942081,0.0251794510882649,0.000305438694492801,"Devaughn Vele","NO","WR",2025
"670","00-0039794",1745,0.00335837885870439,0.028119191389517,0.000305307168973127,"Braelon Allen","NYJ","RB",2025
"671","00-0039832",1768,0.00335101261028671,0.028049325715988,0.000304637510026065,"Jarrett Kingston","HOU","OL",2025
"672","00-0039448",1657,0.00334544252404638,0.0276674465439949,0.000304131138549671,"Loren Strickland","DET","DB",2025
"673","00-0036795",874,0.00330349776585713,0.027788053825439,0.000300317978714285,"Jake Curhan","CAR","OL",2025
"674","00-0034383",361,0.0033002074930442,0.0246930006561252,0.000300018863004019,"Dalton Schultz","HOU","TE",2025
"675","00-0035192",496,0.00329083127421705,0.0269550257206415,0.000299166479474277,"Joey Slye","TEN","K",2025
"676","00-0038135",1251,0.00327586875416895,0.0261149630591963,0.000297806250378995,"Jaquan Brisker","CHI","DB",2025
"677","00-0037816",1193,0.00327258218721338,0.0254784079921243,0.000297507471564853,"Romeo Doubs","GB","WR",2025
"678","00-0036298",718,0.00326349858459041,0.0253621557431263,0.000296681689508219,"Akeem Davis-Gaither","ARI","LB",2025
"679","00-0036941",930,0.0032539953373684,0.026110314412121,0.000295817757942581,"Andre Cisco","NYJ","DB",2025
"680","00-0038602",1357,0.00324354316249757,0.0280419347732814,0.000294867560227051,"Chris Smith II","NYJ","DB",2025
"681","00-0035242",508,0.00323497473227426,0.026393903908367,0.000294088612024933,"Erik McCoy","NO","OL",2025
"682","00-0034782",414,0.00322808382460294,0.0256207795608791,0.000293462165872994,"Harrison Phillips","NYJ","DL",2025
"683","00-0038796",1426,0.00321830035650116,0.0266163948583919,0.000292572759681924,"Alex Palczewski","DEN","OL",2025
"684","00-0031911",100,0.00321464781543197,0.0275370963498405,0.000292240710493816,"Rick Lovato","LAC","LS",2025
"685","00-0039364",1603,0.00321064224527776,0.0287380118954896,0.000291876567752524,"Sione Vaki","DET","RB",2025
"686","00-0037831",1204,0.00318126709681039,0.0293870971205544,0.000289206099710035,"Nick Zakelj","SF","OL",2025
"687","00-0040216",1976,0.00317578902293453,0.0290724810238248,0.000288708092994048,"Kain Medrano","WAS","LB",2025
"688","00-0033109",184,0.00317223632871954,0.0259444049508061,0.000288385120792686,"Javon Hargrave","MIN","DL",2025
"689","00-0037818",1195,0.00316593077208653,0.025723345867885,0.000287811888371503,"Zion Johnson","LAC","OL",2025
"690","00-0040509",2070,0.00316110247286156,0.0268982197301852,0.000287372952078324,"Ben Yurosek","MIN","TE",2025
"691","00-0036395",769,0.0031431055582005,0.0271830190065643,0.000285736868927318,"K'Von Wallace","HOU","DB",2025
"692","00-0034827",432,0.00312986774997773,0.0254322155949261,0.000284533431816157,"DJ Moore","CHI","WR",2025
"693","00-0035692",603,0.00312903652559453,0.025994611098414,0.000284457865963139,"Clelin Ferrell","SF","DL",2025
"694","00-0036378",761,0.00312606036869308,0.0267264478233914,0.000284187306244826,"Michael Danna","KC","DL",2025
"695","00-0039402",1632,0.00312502529591485,0.0278958362727336,0.000284093208719532,"Jaden Crumedy","CAR","DL",2025
"696","00-0036629",838,0.00310913437962217,0.0256039942225268,0.000282648579965652,"Camryn Bynum","IND","DB",2025
"697","00-0037666",1163,0.00309836765124879,0.0252080769084741,0.000281669786477163,"Jalen Tolbert","DAL","WR",2025
"698","00-0039412",1640,0.00308628125719663,0.0282448739093237,0.000280571023381512,"Javontae Jean-Baptiste","WAS","DL",2025
"699","00-0036413",776,0.00307733208224892,0.0281633812442269,0.000279757462022629,"Darrell Taylor","NE","DL",2025
"700","00-0037001",975,0.00306440992935435,0.0270371729114925,0.000278582720850395,"Quinn Meinerz","DEN","OL",2025
"701","00-0034145",315,0.00305606718654942,0.0264684061918704,0.000277824289686311,"Chris Lammons","IND","DB",2025
"702","00-0039142",1524,0.00304310096416809,0.0261115081090305,0.000276645542197099,"Will McDonald IV","NYJ","DL",2025
"703","00-0034272",331,0.00303198609192053,0.0260889312363605,0.000275635099265503,"Marquez Valdes-Scantling","PIT","WR",2025
"704","00-0032726",150,0.00302437656297836,0.0274698961516091,0.000274943323907124,"Ka'imi Fairbairn","HOU","K",2025
"705","00-0039905",1823,0.00299653140680006,0.0268407249378025,0.000272411946072732,"Graham Barton","TB","OL",2025
"706","00-0034754",403,0.00297874162171935,0.025081016352575,0.000270794692883577,"Oren Burks","CIN","LB",2025
"707","00-0034843",439,0.00297272539909899,0.0268266076235341,0.000270247763554453,"Mike Hughes","ATL","DB",2025
"708","00-0037662",1159,0.00296745894455733,0.0278852941331752,0.000269768994959757,"C.J. Brewer","TB","DL",2025
"709","00-0038599",1354,0.0029526702952475,0.0248325434623147,0.000268424572295227,"Henry To'oTo'o","HOU","LB",2025
"710","00-0036613",824,0.00294774894117527,0.0247680375074299,0.000267977176470479,"Jaylen Waddle","MIA","WR",2025
"711","00-0039109",1515,0.00293033941625215,0.0263585534533814,0.000266394492386559,"Broderick Jones","PIT","OL",2025
"712","00-0036881",899,0.00291043474674569,0.027023653737353,0.000264584976976881,"Jay Tufele","NYJ","DL",2025
"713","00-0032688",148,0.0028956716450409,0.0270189032654727,0.0002632428768219,"Robbie Chosen","WAS","WR",2025
"714","00-0037615",1152,0.00288573305667321,0.0253644380784614,0.000262339368788473,"Nakobe Dean","PHI","LB",2025
"715","00-0036198",675,0.00288122722753686,0.0263935286848529,0.000261929747957897,"Mike Onwenu","NE","OL",2025
"716","00-0035243",509,0.00288106972533834,0.0268797921310315,0.000261915429576213,"Miles Sanders","DAL","RB",2025
"717","00-0036429",788,0.00288065307514771,0.0251267230096903,0.000261877552286155,"Charlie Woerner","ATL","TE",2025
"718","00-0040149",1916,0.00285837441150682,0.026977915229226,0.000259852219227892,"Jaylin Smith","HOU","DB",2025
"719","00-0040134",1903,0.00285614759757003,0.0257809134209136,0.000259649781597275,"Pat Bryant","DEN","WR",2025
"720","00-0037298",1085,0.0028543504480389,0.0272026297137358,0.000259486404367173,"Sam Roberts","ATL","DL",2025
"721","00-0038792",1423,0.002853869494539,0.0267939493128111,0.000259442681321727,"Demontrey Jacobs","ARI","OL",2025
"722","00-0036775",871,0.00284698515388853,0.0265592183730751,0.000258816832171684,"Brandon Smith","NE","WR",2025
"723","00-0038392",1265,0.00283974228354564,0.0274127425073326,0.00025815838941324,"Daniel Scott","IND","DB",2025
"724","00-0036354",746,0.00283347079213551,0.0264351731891494,0.0002575882538305,"Kyle Hinton","ATL","OL",2025
"725","00-0031763",98,0.00283288113294215,0.0264746917415478,0.000257534648449287,"DeAndre Carter","CLE","WR",2025
"726","00-0035717",614,0.00282898229712717,0.0272676709456345,0.000257180208829743,"Nick Bosa","SF","DL",2025
"727","00-0031740",97,0.00282542471642246,0.0259957826224912,0.000256856792402042,"Neville Hewitt","NYG","LB",2025
"728","00-0038769",1414,0.00281212489951289,0.02746011299353,0.000255647718137536,"Chris Stoll","SEA","LS",2025
"729","00-0036535",804,0.0027983136152156,0.0259550328042509,0.000254392146837782,"Will Sherman","NO","OL",2025
"730","00-0039735",1713,0.0027671038009604,0.0259991216934799,0.0002515548909964,"Jackson Powers-Johnson","LV","OL",2025
"731","00-0036997",972,0.00275658348874642,0.0268042953780439,0.000250598498976948,"Javonte Williams","DAL","RB",2025
"732","00-0039342",1583,0.0027418791427897,0.0260899083091511,0.00024926174025361,"Xavier Legette","CAR","WR",2025
"733","00-0036165",664,0.00273895276969754,0.0270853067079836,0.00024899570633614,"Isaiah Hodgins","NYG","WR",2025
"734","00-0038587",1344,0.00273722387712648,0.0277696382193309,0.000248838534284225,"Jammie Robinson","ATL","DB",2025
"735","00-0040650",2118,0.00272033583563646,0.02782503462293,0.000247303257785133,"Bryce Cabeldue","SEA","OL",2025
"736","00-0034818",430,0.0027186055982226,0.0266736539903491,0.000247145963474782,"Derrick Nnadi","KC","DL",2025
"737","00-0039880",1804,0.00270505224259705,0.0261933935435779,0.000245913840236095,"Malik Washington","MIA","WR",2025
"738","00-0034825",431,0.00268101138956712,0.0263064185341126,0.000243728308142465,"Arden Key","TEN","LB",2025
"739","00-0040248",1999,0.00267071516008768,0.0268063884048318,0.000242792287280698,"Zeek Biggers","MIA","DL",2025
"740","00-0040296",2013,0.00265340249593593,0.0268505109531579,0.000241218408721448,"Corey Thornton","CAR","DB",2025
"741","00-0039404",1633,0.0026451399124516,0.0273884584195587,0.000240467264768327,"Will Reichard","MIN","K",2025
"742","00-0036986",962,0.00263537998692657,0.0262990895928272,0.000239579998811506,"Nahshon Wright","CHI","DB",2025
"743","00-0040466",2057,0.00263201416538209,0.0282059065495744,0.000239274015034735,"Raheim Sanders","CLE","RB",2025
"744","00-0036550",805,0.00262494204578484,0.0255005321855319,0.000238631095071349,"Rashod Bateman","BAL","WR",2025
"745","00-0037197",1025,0.0026234301979951,0.0265350009378141,0.000238493654363191,"Isiah Pacheco","KC","RB",2025
"746","00-0040379",2034,0.00261643571592579,0.0278406704156743,0.00023785779235689,"William Wagner","CIN","LS",2025
"747","00-0037207",1029,0.0025952720964128,0.0263571461307843,0.000235933826946618,"Mike Caliendo","KC","OL",2025
"748","00-0039875",1799,0.00257958053601965,0.0271244052926291,0.000234507321456332,"Ray Davis","BUF","RB",2025
"749","00-0039358",1597,0.00256107397337873,0.0268418087788795,0.000232824906670794,"Mason McCormick","PIT","OL",2025
"750","00-0036661",853,0.00253899157461769,0.028723324518143,0.000230817415874335,"Israel Mukuamu","CAR","DB",2025
"751","00-0040357",2027,0.00251263558732659,0.0275260755092928,0.00022842141702969,"Trey Washington","IND","DB",2025
"752","00-0038043",1219,0.0025103758290052,0.0267446014028311,0.000228215984455018,"Joshua Williams","KC","DB",2025
"753","00-0037031",984,0.00249916406826176,0.0276392159139276,0.000227196733478342,"Nikola Kalinic","CHI","TE",2025
"754","00-0037601",1148,0.00249036665690149,0.0275112489737267,0.000226396968809226,"Xavier Newman-Johnson","NYJ","OL",2025
"755","00-0031492",83,0.0024766922068628,0.0271853955998247,0.000225153836987528,"Jason Myers","SEA","K",2025
"756","00-0035602",562,0.00247547226669709,0.026296171800739,0.000225042933336099,"Alex Bachman","LV","WR",2025
"757","00-0037380",1110,0.00246202269450649,0.0287750394385961,0.000223820244955136,"Kaden Davis","CLE","WR",2025
"758","00-0037526",1132,0.00244557462764841,0.0265484060575001,0.000222324966149856,"Marcelino McCrary-Ball","NYJ","LB",2025
"759","00-0037198",1026,0.00242955462800028,0.0275078965686339,0.00022086860254548,"Nazeeh Johnson","KC","DB",2025
"760","00-0033106",183,0.00242541834158094,0.0249850610369161,0.000220492576507358,"Jared Goff","DET","QB",2025
"761","00-0036561",812,0.00242292548260571,0.0272962687557794,0.000220265952964156,"Keith Taylor","JAX","DB",2025
"762","00-0040157",1924,0.00242093551700372,0.0249693771460279,0.000220085047000338,"Barrett Carter","CIN","LB",2025
"763","00-0036839",880,0.00240388540105522,0.0270069107557964,0.000218535036459566,"Kion Smith","MIA","OL",2025
"764","00-0039823",1760,0.00239813225543167,0.0274455579471116,0.000218012023221061,"Elijah Jones","ARI","DB",2025
"765","00-0036272",701,0.00238242737326854,0.0258946183619603,0.000216584306660777,"Ben Bartch","SF","OL",2025
"766","00-0040289",2011,0.00236601103832006,0.0265884296329102,0.000215091912574551,"Bam Martin-Scott","CAR","LB",2025
"767","00-0038521",1301,0.00235346497928788,0.0278776782154801,0.000213951361753444,"Reese Taylor","DEN","DB",2025
"768","00-0037275",1068,0.00233960855989421,0.0263353948314457,0.00021269168726311,"DaRon Bland","DAL","DB",2025
"769","00-0039925",1839,0.00233935837856794,0.0258514447550646,0.000212668943506177,"Amarius Mims","CIN","OL",2025
"770","00-0040390",2039,0.00233512348554769,0.0273516376932785,0.000212283953231608,"Jackson Meeks","DET","WR",2025
"771","00-0037289",1079,0.00233478631581423,0.0272649139085824,0.000212253301437657,"Malcolm Rodriguez","DET","LB",2025
"772","00-0039071",1508,0.00233300583654125,0.0259159485597725,0.000212091439685568,"Tyrique Stevenson","CHI","DB",2025
"773","00-0037276",1069,0.00232051372297849,0.0270056679376366,0.000210955792998045,"Ty Chandler","MIN","RB",2025
"774","00-0037224",1031,0.00229606961227788,0.0280032546675152,0.000208733601116171,"Cameron Dicker","LAC","K",2025
"775","00-0035140",487,0.00228301557379527,0.027333439993833,0.000207546870345025,"Mecole Hardman","BUF","WR",2025
"776","00-0036284",707,0.00228173348194909,0.0251125693494809,0.000207430316540826,"Mekhi Becton","LAC","OL",2025
"777","00-0037244",1044,0.00227945185058378,0.024807853649171,0.000207222895507616,"Devin Lloyd","JAX","LB",2025
"778","00-0037329",1104,0.00227413792972863,0.0283179592079867,0.000206739811793512,"Brittain Brown","CHI","RB",2025
"779","00-0038648",1386,0.00227161000786389,0.0269993976510337,0.000206510000714899,"Jalen Graham","SF","LB",2025
"780","00-0033051",171,0.00226733186500661,0.0259278217525832,0.000206121078636965,"David Onyemata","ATL","DL",2025
"781","00-0040226",1984,0.00225950231532332,0.0268045537257892,0.000205409301393029,"Marcus Bryant","NE","OL",2025
"782","00-0032394",130,0.00225819364763566,0.02760103170664,0.000205290331603242,"Nick Vannett","LA","TE",2025
"783","00-0034775",410,0.00225690609848309,0.0258365123262989,0.000205173281680281,"Christian Kirk","HOU","WR",2025
"784","00-0036341",742,0.00224179495421527,0.0268380818380042,0.000203799541292298,"Khalid Kareem","ATL","DL",2025
"785","00-0037203",1027,0.00223184545190267,0.0277645330537295,0.000202895041082061,"LaBryan Ray","CAR","DL",2025
"786","00-0040252",2002,0.00220739640738657,0.0272066783418441,0.000200672400671507,"Kobee Minor","NE","DB",2025
"787","00-0037809",1187,0.00220247646012842,0.0257647114423067,0.000200225132738947,"Chig Okonkwo","TEN","TE",2025
"788","00-0034973",461,0.00218587397102384,0.0263185293022616,0.000198715815547621,"Maxx Crosby","LV","DL",2025
"789","00-0038679",1392,0.00217883941189685,0.0245796816680713,0.000198076310172441,"Tyrell Shavers","BUF","WR",2025
"790","00-0039732",1710,0.00215295929175669,0.0265524492590178,0.000195723571977881,"Bo Nix","DEN","QB",2025
"791","00-0036948",935,0.00210567620404493,0.027153485721293,0.00019142510945863,"Ta'Quon Graham","PHI","DL",2025
"792","00-0039070",1507,0.00209828302267893,0.0250387462270931,0.000190753002061721,"Gervon Dexter Sr.","CHI","DL",2025
"793","00-0038546",1310,0.00208362507330491,0.0264770637807738,0.000189420461209537,"Myles Murphy","CIN","DL",2025
"794","00-0040189",1955,0.00208298668536307,0.0264183037100152,0.000189362425942098,"Oronde Gadsden II","LAC","TE",2025
"795","00-0038544",1308,0.00208099165775655,0.0262107466926946,0.00018918105979605,"Quentin Johnston","LAC","WR",2025
"796","00-0038995",1471,0.00205204982570801,0.0255581625341351,0.000186549984155274,"Bryan Bresee","NO","DL",2025
"797","00-0037839",1210,0.00204929595614112,0.025239266623023,0.000186299632376465,"Cobie Durant","LA","DB",2025
"798","00-0035976",641,0.00204814486263956,0.0265617680745756,0.000186194987512687,"Dan Chisena","CAR","WR",2025
"799","00-0038939",1456,0.00204633391346118,0.0267522585579745,0.000186030355769198,"Brodric Martin","LV","DL",2025
"800","00-0034832",435,0.00203909649805298,0.0261174341125903,0.000185372408913907,"Bradley Chubb","MIA","LB",2025
"801","00-0040169",1935,0.0020316749053543,0.0273168339701256,0.000184697718668573,"Tonka Hemingway","LV","DL",2025
"802","00-0029963",42,0.00202700628667789,0.0279173275941261,0.000184273298788899,"Chris Hubbard","DET","OL",2025
"803","00-0039915",1830,0.00201501265844999,0.0255472469536716,0.000183182968949999,"Ladd McConkey","LAC","WR",2025
"804","00-0040173",1939,0.00200397677533055,0.0269258481125685,0.000182179706848232,"Tyrion Ingram-Dawkins","MIN","DL",2025
"805","00-0039076",1512,0.00199406995160112,0.0270942364470538,0.000181279086509193,"Nick Hampton","LA","LB",2025
"806","00-0040534",2076,0.00196992938888277,0.0276491683392638,0.000179084489898434,"Ke'Shawn Williams","CIN","WR",2025
"807","00-0039589",1685,0.00196692788049888,0.0271581568876537,0.000178811625499898,"Kameron Johnson","TB","WR",2025
"808","00-0040279",2010,0.00195589325999213,0.027185323686676,0.000177808478181103,"Ryan Fitzgerald","CAR","K",2025
"809","00-0039312",1571,0.0019542875652234,0.0265993805426138,0.0001776625059294,"Miles Battle","NE","DB",2025
"810","00-0037639",1156,0.00194862861622763,0.0279707914468894,0.000177148056020694,"William Kwenkeu","BAL","LB",2025
"811","00-0033082",180,0.00194604738640585,0.0276289381034808,0.000176913398764168,"Lucas Patrick","CIN","OL",2025
"812","00-0035230",502,0.00193759858455007,0.0285939905234929,0.000176145325868188,"Ed Oliver","BUF","DL",2025
"813","00-0036157",661,0.00190852950413686,0.0267784834820073,0.00017350268219426,"Kristian Welch","GB","LB",2025
"814","00-0035189",494,0.00189792730362851,0.0285561304241699,0.00017253884578441,"Matthew Wright","BUF","K",2025
"815","00-0038685",1394,0.00184512457554218,0.0256018474828528,0.000167738597776562,"Chris Brooks","GB","RB",2025
"816","00-0040144",1912,0.00184039105018775,0.0249165368163073,0.000167308277289795,"Jamaree Caldwell","LAC","DL",2025
"817","00-0034801",424,0.0018335975727683,0.0267579224212991,0.000166690688433481,"Josh Woods","ATL","LB",2025
"818","00-0037741",1169,0.00183343584518548,0.0251939913625619,0.000166675985925952,"Jahan Dotson","PHI","WR",2025
"819","00-0036246",689,0.00182617366433169,0.0264285472459186,0.000166015787666517,"Jon Runyan","NYG","OL",2025
"820","00-0036912",917,0.00181720644703419,0.0265993282942301,0.000165200586094018,"DeVonta Smith","PHI","WR",2025
"821","00-0032803",157,0.00181027376551993,0.0264814446078757,0.000164570342319994,"Jalen Mills","DET","DB",2025
"822","00-0039176",1544,0.00180037978481473,0.0268974541407526,0.000163670889528612,"Basil Okoye","BAL","DL",2025
"823","00-0037711",1167,0.00178830655608993,0.0281833443480383,0.000162573323280903,"Jeremiah Pharms Jr.","NE","DL",2025
"824","00-0039596",1686,0.00178567787050501,0.029340104167634,0.000162334351864092,"Rashad Wisdom","TB","DB",2025
"825","00-0036589",820,0.00174959458833371,0.0247914550769756,0.000159054053484883,"Nick McCloud","CHI","DB",2025
"826","00-0035409",550,0.00174592369592338,0.0261763854415718,0.000158720335993035,"Shy Tuttle","WAS","DL",2025
"827","00-0036212",678,0.00174368610757252,0.0259900770469413,0.000158516918870229,"Tua Tagovailoa","MIA","QB",2025
"828","00-0039903",1821,0.00173735293974974,0.0271893136130093,0.000157941176340886,"Terrion Arnold","DET","DB",2025
"829","00-0027557",14,0.00173508637242284,0.0279392947060769,0.000157735124765713,"Morgan Cox","TEN","LS",2025
"830","00-0033905",283,0.00172312064782459,0.0260319076830447,0.000156647331620417,"Larry Ogunjobi","BUF","DL",2025
"831","00-0038625",1375,0.00171697753350691,0.0254980683044885,0.000156088866682447,"Dee Winters","SF","LB",2025
"832","00-0040176",1942,0.00171387828505132,0.0274115058522999,0.000155807116822847,"Bradyn Swinson","NE","LB",2025
"833","00-0036463",793,0.00169797625498942,0.0289604321466666,0.000154361477726311,"Chris Blair","ATL","WR",2025
"834","00-0034720",397,0.00168225807508336,0.0256044880940368,0.000152932552280305,"Robert Spillane","NE","LB",2025
"835","00-0039896",1814,0.00167909866721855,0.0264211959709435,0.000152645333383505,"Zach Frazier","PIT","OL",2025
"836","00-0040056",1866,0.00167684819910381,0.0278722704902446,0.000152440745373073,"Jared Ivey","SEA","LB",2025
"837","00-0036975",953,0.00167542830564327,0.0249106507067741,0.000152311664149388,"Walker Little","JAX","OL",2025
"838","00-0039912",1828,0.00165898818444933,0.0250236821875658,0.000150817107677212,"Ben Sinnott","WAS","TE",2025
"839","00-0040190",1956,0.00165609112224926,0.0286907952418394,0.000150553738386297,"Jackson Slater","TEN","OL",2025
"840","00-0034386",363,0.00164457411344303,0.0267918771521047,0.00014950673758573,"Justin Watson","HOU","WR",2025
"841","00-0039601",1687,0.00164141727999625,0.0262092491155555,0.000149219752726932,"Demani Richardson","CAR","DB",2025
"842","00-0036497",797,0.00163792866466394,0.0277132044246161,0.00014890260587854,"Tim Jones","JAX","WR",2025
"843","00-0039267",1558,0.00163417003191694,0.0275873918380519,0.000148560911992449,"Andre' Sam","PHI","DB",2025
"844","00-0033040",168,0.00162149519051133,0.0279399419282437,0.000147408653682848,"Tyreek Hill","MIA","WR",2025
"845","00-0038387",1262,0.00159276807447223,0.0259963281372376,0.000144797097679294,"Colby Wooden","GB","DL",2025
"846","00-0039483",1667,0.00158915646863053,0.0275167710052897,0.000144468769875503,"Isaiah Johnson","MIA","DB",2025
"847","00-0035783",622,0.00158729066264125,0.0289506314954996,0.000144299151149204,"Tyler Hall","SEA","DB",2025
"848","00-0040744",2180,0.00158210002381141,0.0270747892029602,0.000143827274891947,"JT Tuimoloau","IND","DL",2025
"849","00-0037240",1040,0.00158191463189109,0.026662673680597,0.000143810421081008,"Jameson Williams","DET","WR",2025
"850","00-0036569",817,0.00157911554940309,0.0279932788032115,0.000143555959036645,"Gary Brightwell","CIN","RB",2025
"851","00-0039074",1510,0.00157255784880715,0.0261750949282704,0.000142959804437014,"Davis Allen","LA","TE",2025
"852","00-0040175",1941,0.00156900022459893,0.0253890480115327,0.000142636384054448,"Jordan Phillips","MIA","DL",2025
"853","00-0036280",704,0.00156645542548565,0.0253417280083653,0.000142405038680513,"Malik Harrison","PIT","LB",2025
"854","00-0032391",128,0.00156422295409591,0.027002828804275,0.000142202086735992,"Joe Thuney","CHI","OL",2025
"855","00-0036181",668,0.00152516817939733,0.0255627544387132,0.000138651652672484,"Teair Tart","LAC","DL",2025
"856","00-0036338",740,0.00152180132328179,0.024818973030993,0.000138345574843799,"Troy Dye","LAC","LB",2025
"857","00-0039824",1761,0.00151178291927484,0.027122691374656,0.000137434810843168,"Jared Wiley","KC","TE",2025
"858","00-0040574",2085,0.0015085527153704,0.0256071645896606,0.000137141155942763,"Elijah Ponder","NE","LB",2025
"859","00-0040067",1871,0.00150053407902723,0.0286427226414885,0.000136412189002475,"Jacardia Wright","SEA","RB",2025
"860","00-0040259",2005,0.00149791278701249,0.0264447932257157,0.000136173889728408,"Gage Larvadain","CLE","WR",2025
"861","00-0036431",789,0.00149558300058785,0.0280016110565501,0.000135962090962532,"Jordan Fuller","ATL","DB",2025
"862","00-0036950",936,0.00149425192001971,0.0290240569957283,0.000135841083638155,"Avery Williams","NYJ","RB",2025
"863","00-0036677",856,0.00149312671677737,0.0274643729696938,0.000135738792434307,"Zayne Anderson","GB","DB",2025
"864","00-0039510",1673,0.00148757377753573,0.0275777551435385,0.000135233979775976,"Casey Rogers","NYG","DL",2025
"865","00-0040715",2153,0.00148282694403782,0.0265259376045112,0.000134802449457983,"Cam Skattebo","NYG","RB",2025
"866","00-0037109",1006,0.00147504246468482,0.0263718790089615,0.000134094769516801,"Jack Sanborn","DAL","LB",2025
"867","00-0038938",1455,0.0014715053488811,0.0270661952415213,0.000133773213534645,"Jalin Hyatt","NYG","WR",2025
"868","00-0036328",732,0.00144403108935448,0.0274824509912044,0.00013127555357768,"Antonio Gibson","NE","RB",2025
"869","00-0040642",2110,0.00144113813328965,0.0275927255435891,0.000131012557571786,"Vernon Broughton","NO","DL",2025
"870","00-0036870",893,0.00142043999950925,0.0279406197432106,0.000129130909046296,"Buddy Johnson","IND","LB",2025
"871","00-0039340",1581,0.00140329606526114,0.0256385530458588,0.000127572369569194,"Laiatu Latu","IND","DL",2025
"872","00-0034966",458,0.00140219415739798,0.028398957344077,0.000127472196127089,"D'Angelo Ross","CLE","DB",2025
"873","00-0036334",737,0.00140086846041858,0.0276561868336235,0.000127351678219871,"Saahdiq Charles","CAR","OL",2025
"874","00-0033946",299,0.0014007089909552,0.0281522084762034,0.000127337180995927,"David Sharpe","PIT","OL",2025
"875","00-0032521",143,0.0013837001926565,0.0269864795466629,0.000125790926605136,"Mike Hilton","IND","DB",2025
"876","00-0036421",782,0.00137841733096545,0.0269168671723456,0.000125310666451405,"Terrell Burgess","NO","DB",2025
"877","00-0035628",565,0.00137167722837948,0.027120510131447,0.00012469792985268,"D'Ernest Johnson","NE","RB",2025
"878","00-0038542",1306,0.00134021656161944,0.0252434330197753,0.000121837869238131,"Bijan Robinson","ATL","RB",2025
"879","00-0037269",1064,0.00132653562704736,0.027752499534636,0.000120594147913396,"Eric Johnson","IND","DL",2025
"880","00-0037667",1164,0.00132461783583257,0.0264566620344938,0.000120419803257506,"Kerby Joseph","DET","DB",2025
"881","00-0038116",1235,0.00131883592539559,0.0257803715926467,0.000119894175035963,"Arnold Ebiketie","ATL","LB",2025
"882","00-0036957",940,0.00130806664950338,0.0261601018113814,0.000118915149954853,"Drew Dalman","CHI","OL",2025
"883","00-0039232",1548,0.00129785779287769,0.0248262644789206,0.00011798707207979,"Nate Wiggins","BAL","DB",2025
"884","00-0034356",349,0.00128566313722913,0.0261326526163096,0.00011687846702083,"Donte Jackson","LAC","DB",2025
"885","00-0040597",2098,0.00126778787812704,0.0280490963483497,0.000115253443466095,"Brennan Presley","LA","WR",2025
"886","00-0039918",1833,0.00123738361572546,0.0259481921138429,0.000112489419611405,"Caleb Williams","CHI","QB",2025
"887","00-0038624",1374,0.00121818912337287,0.0253628285588903,0.00011074446576117,"Ameer Speed","HOU","DB",2025
"888","00-0040652",2119,0.00121567263720854,0.0263883576741893,0.000110515694291686,"Mason Richman","SEA","OL",2025
"889","00-0039323",1574,0.0012122170225864,0.028350403150667,0.000110201547507854,"Ryan Rehkow","CIN","P",2025
"890","00-0039906",1824,0.00119397555688992,0.0264515474078719,0.000108543232444538,"Jer'Zhan Newton","WAS","DL",2025
"891","00-0035841",627,0.00118286665442314,0.0259680001834791,0.000107533332220285,"Benito Jones","MIA","DL",2025
"892","00-0033290",202,0.00117100233390001,0.025952752502279,0.000106454757627274,"Jermaine Eluemunor","NYG","OL",2025
"893","00-0033923",292,0.00116705754842742,0.0259659920928092,0.000106096140766129,"Kareem Hunt","KC","RB",2025
"894","00-0038647",1385,0.00115966706999204,0.0286564884746359,0.000105424279090186,"Ronnie Bell","NO","WR",2025
"895","00-0037493",1126,0.00115601556113101,0.0268320188558933,0.000105092323739183,"Mike Brown","TEN","DB",2025
"896","00-0039637",1695,0.0011549404141324,0.0279941121592953,0.000104994583102945,"Maema Njongmeta","CAR","LB",2025
"897","00-0039423",1647,0.00115243015434644,0.026099368014509,0.000104766377667858,"Jonah Laulu","LV","DL",2025
"898","00-0039757",1731,0.00114518555429962,0.0272832752066101,0.000104107777663602,"Terrell Jennings","NE","RB",2025
"899","00-0040213",1974,0.00113591927420717,0.0269770649882314,0.000103265388564288,"Rayuan Lane III","JAX","DB",2025
"900","00-0035112",482,0.0011350831350046,0.0258835878686495,0.000103189375909509,"Patrick Mekari","JAX","OL",2025
"901","00-0035655",581,0.00108773744726122,0.0264045869471184,9.88852224782932e-05,"Will Harris","WAS","DB",2025
"902","00-0036885",902,0.00108437844466236,0.0259445756262494,9.85798586056691e-05,"Tre Brown","NYJ","DB",2025
"903","00-0034867",448,0.00106458038493891,0.0282909626886432,9.67800349944466e-05,"Malik Turner","SF","WR",2025
"904","00-0038877",1440,0.00106244412751316,0.0269770683625904,9.6585829773924e-05,"D'Shawn Jamison","PIT","DB",2025
"905","00-0038394",1267,0.00104220467518809,0.0261389157526977,9.47458795625534e-05,"Will Mallory","IND","TE",2025
"906","00-0037524",1130,0.00103882643023868,0.0270421842819852,9.44387663853342e-05,"Tay Martin","WAS","WR",2025
"907","00-0039277",1560,0.00103707703588446,0.0283736579773118,9.42797305349506e-05,"Jimmy Ciarlo","MIA","LB",2025
"908","00-0037322",1101,0.00102825067076367,0.0268274569903388,9.34773337057883e-05,"Thayer Munford Jr.","NE","OL",2025
"909","00-0039313",1572,0.00102399961320671,0.0273344856549137,9.30908739278826e-05,"Swayze Bozeman","NYG","LB",2025
"910","00-0039112",1518,0.00102357321011317,0.0262960260382685,9.30521100102886e-05,"Lukas Van Ness","GB","DL",2025
"911","00-0040241",1993,0.00101474536971185,0.0272183736711845,9.22495790647135e-05,"Dominic Lovett","DET","WR",2025
"912","00-0033874",265,0.00101223030699302,0.0265323299998922,9.20209369993656e-05,"Marshon Lattimore","WAS","DB",2025
"913","00-0035228",500,0.00101067732770089,0.0263235438687391,9.18797570637168e-05,"Kyler Murray","ARI","QB",2025
"914","00-0033439",218,0.00099175648592131,0.0262211987831591,9.01596805383009e-05,"Pharaoh Brown","ARI","TE",2025
"915","00-0032380",122,0.000984132548681721,0.0270773514728647,8.94665953347019e-05,"Laremy Tunsil","WAS","OL",2025
"916","00-0036258",694,0.000963059617040764,0.0279592648582072,8.75508742764331e-05,"Jonah Jackson","CHI","OL",2025
"917","00-0038595",1351,0.000962264661417756,0.0278415143207863,8.74786055834323e-05,"Jordan McFadden","CHI","OL",2025
"918","00-0039377",1615,0.000958666280766383,0.0275103845170866,8.71514800696711e-05,"Jaylon Carlies","IND","LB",2025
"919","00-0039387",1621,0.000955130592065521,0.0271725547878191,8.68300538241383e-05,"Caelen Carson","DAL","DB",2025
"920","00-0036133",657,0.000951526649012201,0.0273427027414602,8.65024226374728e-05,"James Proche","TEN","WR",2025
"921","00-0037404",1114,0.000950456289645938,0.026195335726338,8.64051172405398e-05,"Ryan Van Demark","BUF","OL",2025
"922","00-0036984",960,0.00094618715861894,0.0288274787451796,8.60170144199037e-05,"Trey Sermon","PIT","RB",2025
"923","00-0032701",149,0.000942978617295162,0.0259070891803951,8.57253288450147e-05,"Jake Brendel","SF","OL",2025
"924","00-0035683",597,0.000935976744150688,0.0254737885478639,8.50887949227898e-05,"Dexter Lawrence","NYG","DL",2025
"925","00-0033892",278,0.000930401572998712,0.0281814308193553,8.45819611817011e-05,"Marcus Maye","LAC","DB",2025
"926","00-0040694",2143,0.0009299059274078,0.025991520910656,8.45369024916182e-05,"Darius Alexander","NYG","DL",2025
"927","00-0039375",1613,0.000922011275268108,0.0259184444062905,8.38192068425553e-05,"Josh Newton","CIN","DB",2025
"928","00-0038456",1284,0.000903095738995551,0.027132878654685,8.20996126359592e-05,"Travis Vokolek","ARI","TE",2025
"929","00-0035672",590,0.000885511936270472,0.0261772854569269,8.05010851154974e-05,"Cody Barton","TEN","LB",2025
"930","00-0040558",2082,0.000883714863612615,0.0290015501765281,8.03377148738741e-05,"Isaiah Neyor","GB","WR",2025
"931","00-0036649",848,0.00087780329634016,0.0263002575397641,7.98002996672873e-05,"Quinton Bohanna","GB","DL",2025
"932","00-0039266",1557,0.000856281373382599,0.0293413737914044,7.78437612165999e-05,"Kendall Milton","CIN","RB",2025
"933","00-0034771",408,0.000853729810261255,0.0266359003110557,7.76118009328413e-05,"Mason Rudolph","PIT","QB",2025
"934","00-0039138",1520,0.000829319652842509,0.0262813499006351,7.53926957129554e-05,"Kobie Turner","LA","DL",2025
"935","00-0040728",2165,0.000824708037555105,0.0257485147407612,7.4973457959555e-05,"Tate Ratledge","DET","OL",2025
"936","00-0036614",825,0.000821495608285069,0.0279104668544664,7.46814189350063e-05,"Jamin Davis","LV","LB",2025
"937","00-0038458",1285,0.000821017901429962,0.0279013478126665,7.46379910390875e-05,"Owen Wright","TB","RB",2025
"938","00-0032268",119,0.000818335319193237,0.0266663271255562,7.43941199266579e-05,"Marcus Mariota","WAS","QB",2025
"939","00-0037305",1089,0.000816008360959966,0.0286374495326385,7.41825782690878e-05,"Luke Tenuta","IND","OL",2025
"940","00-0038399",1271,0.000815377623154976,0.026306582367986,7.41252384686341e-05,"Zaire Barnes","NYG","LB",2025
"941","00-0039800",1749,0.00080979680753691,0.0265398162873655,7.36178915942645e-05,"DJ James","NE","DB",2025
"942","00-0039703",1703,0.000802567605367227,0.0283629343947232,7.29606913970207e-05,"Cody Schrader","DEN","RB",2025
"943","00-0034928",451,0.000792632801273181,0.0267242429564543,7.2057527388471e-05,"Steven Sims","ARI","WR",2025
"944","00-0040317",2018,0.000763713403920894,0.0280352671534221,6.94284912655358e-05,"Jacoby Jones","WAS","WR",2025
"945","00-0040503",2067,0.000760987944466148,0.0264290028501879,6.91807222241952e-05,"Dorian Mausi","TEN","LB",2025
"946","00-0033926",293,0.00076083203167947,0.0295764963544951,6.91665483344973e-05,"Shaquill Griffin","SEA","DB",2025
"947","00-0039839",1774,0.000754306677925724,0.0263812904349466,6.8573334356884e-05,"Christian Haynes","SEA","OL",2025
"948","00-0039141",1523,0.000753933138742812,0.0255538935899062,6.85393762493466e-05,"Brian Branch","DET","DB",2025
"949","00-0031254",70,0.00075221985799004,0.0253716924871497,6.838362345364e-05,"Denico Autry","HOU","DL",2025
"950","00-0040041",1862,0.00074216696300611,0.0271154771271362,6.74697239096463e-05,"Nazir Stackhouse","GB","DL",2025
"951","00-0040224",1982,0.000730547761808129,0.028412204296328,6.64134328916481e-05,"Jack Nelson","ATL","OL",2025
"952","00-0039833",1769,0.000725657753791392,0.0276258674680359,6.59688867083084e-05,"C.J. Hanson","KC","OL",2025
"953","00-0038094",1222,0.000723574621151873,0.0268562991928824,6.57795110138067e-05,"Jordan Stout","BAL","P",2025
"954","00-0038643",1382,0.000722113167962721,0.0265222085208089,6.56466516329746e-05,"Brayden Willis","SF","TE",2025
"955","00-0036285",708,0.000721692506330425,0.0261053245985016,6.56084096664022e-05,"A.J. Terrell","ATL","DB",2025
"956","00-0033196",191,0.000703763840997164,0.026942645681922,6.39785309997421e-05,"Zach Triner","WAS","LS",2025
"957","00-0032466",141,0.000695067266546309,0.028111938914459,6.31879333223917e-05,"George Fant","WAS","OL",2025
"958","00-0033572",236,0.00069121191905487,0.0277473383757231,6.28374471868064e-05,"Jamal Agnew","WAS","WR",2025
"959","00-0034759",405,0.000688928743742329,0.0268288996637872,6.26298857947572e-05,"Kolton Miller","LV","OL",2025
"960","00-0040314",2016,0.000686482204745193,0.0290360599357609,6.24074731586539e-05,"Ricky Barber","WAS","DL",2025
"961","00-0040308",2014,0.000679182231240834,0.0289788934304984,6.17438392037122e-05,"Ethan Robinson","MIA","DB",2025
"962","00-0035859",629,0.000651111163953034,0.0271909302883046,5.91919239957304e-05,"Blake Gillikin","ARI","P",2025
"963","00-0039151",1533,0.000641717196378236,0.0235844323407117,5.8337926943476e-05,"Emmanuel Forbes","LA","DB",2025
"964","00-0040655",2122,0.00063121047002551,0.0275507521277347,5.73827700023191e-05,"Keith Cooper Jr.","CLE","DL",2025
"965","00-0039446",1656,0.000616910335028213,0.0264818851633854,5.60827577298376e-05,"Bryan Hudson","NYG","OL",2025
"966","00-0037082",995,0.000616173719329665,0.0259683804873997,5.60157926663332e-05,"Dominique Robinson","CHI","DL",2025
"967","00-0040275",2008,0.000612355701247604,0.0273229101938339,5.56687001134185e-05,"JP Richardson","CHI","WR",2025
"968","00-0038509",1297,0.000601908128752458,0.0279743669189224,5.4718920795678e-05,"Jerome Carvin","JAX","OL",2025
"969","00-0038381",1259,0.000598553245114102,0.0257199281954772,5.44139313740093e-05,"Kyu Blu Kelly","LV","DB",2025
"970","00-0033563",233,0.000582564509149185,0.0289673331557587,5.29604099226531e-05,"Carlos Watkins","TEN","DL",2025
"971","00-0037132",1011,0.000576031383530555,0.0277430514343925,5.23664894118686e-05,"Britain Covey","PHI","WR",2025
"972","00-0040639",2107,0.000574514916195537,0.0267928946451489,5.22286287450488e-05,"Grey Zabel","SEA","OL",2025
"973","00-0038127",1245,0.000561257951534731,0.0257617002619834,5.1023450139521e-05,"Logan Hall","TB","DL",2025
"974","00-0039783",1739,0.000559238151263664,0.0268047635520764,5.08398319330603e-05,"Anthony Goodlow","PIT","DL",2025
"975","00-0040277",2009,0.000550316509745923,0.0272106341635003,5.00287736132657e-05,"Jahdae Walker","CHI","WR",2025
"976","00-0039481",1666,0.0005493237374201,0.027868846499131,4.99385215836454e-05,"Storm Duck","MIA","DB",2025
"977","00-0038953",1459,0.000543418196509587,0.0259154165763906,4.94016542281443e-05,"Dylan Drummond","ATL","WR",2025
"978","00-0026858",11,0.000527477821226569,0.0275524669821784,4.79525292024153e-05,"Graham Gano","NYG","K",2025
"979","00-0035567",559,0.000525572241207192,0.0276004075415575,4.77792946551993e-05,"Craig Reynolds","NE","RB",2025
"980","00-0035238",506,0.000515313183490242,0.0271629746194704,4.68466530445675e-05,"Cody Ford","CIN","OL",2025
"981","00-0039400",1630,0.000497644662805411,0.0278494077204319,4.5240423891401e-05,"Zion Logue","BUF","DL",2025
"982","00-0040225",1983,0.000496021638740609,0.0274316967330473,4.50928762491463e-05,"Thomas Fidone II","NYG","TE",2025
"983","00-0038142",1253,0.00049104502361575,0.0262013281000411,4.46404566923409e-05,"David Ojabo","BAL","LB",2025
"984","00-0033947",300,0.00049001755387813,0.0276872318307544,4.45470503525573e-05,"Deatrich Wise","WAS","DL",2025
"985","00-0033872",263,0.000489070053519363,0.0258513746424051,4.44609139563058e-05,"Jamal Adams","LV","LB",2025
"986","00-0036862",889,0.000486493412618228,0.0260123064395211,4.42266738743843e-05,"Ben Skowronek","PIT","WR",2025
"987","00-0034054",306,0.000484101209052542,0.0280620850517281,4.40092008229584e-05,"River Cracraft","WAS","WR",2025
"988","00-0035665",586,0.000481942469256656,0.027465624814023,4.38129517506051e-05,"David Long","CAR","DB",2025
"989","00-0040647",2115,0.000476965065820328,0.0275225678207714,4.33604605291207e-05,"Rylie Mills","SEA","DL",2025
"990","00-0037758",1180,0.000474458122156294,0.0254862612944101,4.31325565596631e-05,"Cordale Flott","NYG","DB",2025
"991","00-0037261",1058,0.000469202642307999,0.0258912674459583,4.26547856643636e-05,"Khalil Shakir","BUF","WR",2025
"992","00-0036977",955,0.000465652328394213,0.0269119458241875,4.23320298540194e-05,"Ben Cleveland","LAC","OL",2025
"993","00-0036375",759,0.00045944233221492,0.0267309831236269,4.17674847468109e-05,"Amik Robertson","DET","DB",2025
"994","00-0034347",344,0.000455324319571528,0.0275680602715154,4.1393119961048e-05,"James Daniels","MIA","OL",2025
"995","00-0035408",549,0.000454830747474801,0.0277162234679486,4.13482497704364e-05,"Nick Moore","BAL","LS",2025
"996","00-0038416",1280,0.00044288234610072,0.0270962176608835,4.02620314637019e-05,"Tyson Bagent","CHI","QB",2025
"997","00-0040476",2059,0.000436772297534685,0.0282016617803864,3.97065725031532e-05,"Ulysses Bentley IV","IND","RB",2025
"998","00-0038397",1269,0.00042932312683043,0.0270647294768734,3.90293751664027e-05,"Evan Hull","NO","RB",2025
"999","00-0038923",1447,0.000425511733414344,0.0272435657311302,3.86828848558495e-05,"Dalton Wagner","LV","OL",2025
"1000","00-0038791",1422,0.000410063067807107,0.0268874085301699,3.7278460709737e-05,"Thomas Incoom","CAR","LB",2025
"1001","00-0033881",270,0.000409466815818821,0.0255661681700151,3.72242559835292e-05,"Evan Engram","DEN","TE",2025
"1002","00-0039009",1478,0.000409335966840669,0.0245111904851406,3.7212360621879e-05,"Dylan Horton","HOU","DL",2025
"1003","00-0036672",855,0.000395667987384837,0.0271693472721451,3.59698170349852e-05,"Grant Stuard","DET","LB",2025
"1004","00-0034982",466,0.000390543658648401,0.0250427379020645,3.55039689680365e-05,"Dre Greenlaw","DEN","LB",2025
"1005","00-0039710",1704,0.000383270368103783,0.0278194347455267,3.48427607367076e-05,"Jeshaun Jones","MIN","WR",2025
"1006","00-0037041",986,0.000376597106818572,0.0266655381068392,3.42361006198701e-05,"Haggai Ndubuisi","HOU","DL",2025
"1007","00-0040432",2053,0.000368057925182253,0.0272922649879513,3.34598113802048e-05,"Beaux Collins","NYG","WR",2025
"1008","00-0036944",933,0.000360671552744018,0.0245728681039466,3.27883229767289e-05,"Jaycee Horn","CAR","DB",2025
"1009","00-0037248",1047,0.000358514170944117,0.0252406583701115,3.25921973585561e-05,"James Cook","BUF","RB",2025
"1010","00-0036623",833,0.000358261649509675,0.0261464659100897,3.25692408645159e-05,"Creed Humphrey","KC","OL",2025
"1011","00-0036658",851,0.00035634068123296,0.0247547393903782,3.23946073848145e-05,"Isaiah McDuffie","GB","LB",2025
"1012","00-0037395",1113,0.000349693758083695,0.0264504787813884,3.17903416439723e-05,"Dallis Flowers","CHI","DB",2025
"1013","00-0035676",592,0.000349029107198499,0.026300643706457,3.17299188362271e-05,"A.J. Brown","PHI","WR",2025
"1014","00-0033046",169,0.000339442285485067,0.0261234207539646,3.08583895895516e-05,"Jihad Ward","TEN","LB",2025
"1015","00-0034987",468,0.000336514921393135,0.024835899783332,3.05922655811941e-05,"E.J. Speed","HOU","LB",2025
"1016","00-0035633",570,0.000331701422511505,0.0262457025802689,3.01546747737732e-05,"Corey Ballentine","DAL","DB",2025
"1017","00-0040044",1864,0.000328905243967688,0.0277062615608039,2.99004767243353e-05,"Zion Childress","DAL","DB",2025
"1018","00-0039426",1649,0.000323060459276226,0.0283891352134281,2.93691326614751e-05,"Matt Lee","CIN","OL",2025
"1019","00-0034869",449,0.000320293784781251,0.0265949895348801,2.91176167982955e-05,"Sam Darnold","SEA","QB",2025
"1020","00-0036293",715,0.000318928469887702,0.0264474426660403,2.89934972625184e-05,"Jeremy Chinn","LV","DB",2025
"1021","00-0036736",867,0.000316478832150908,0.0272322426721375,2.87708029228098e-05,"Kayode Awosika","DET","OL",2025
"1022","00-0037835",1207,0.000312566989925018,0.0266628668837078,2.84151809022744e-05,"Luke Goedeke","TB","OL",2025
"1023","00-0039020",1483,0.000309135617302697,0.0269312566130928,2.81032379366088e-05,"Anthony Bradford","SEA","OL",2025
"1024","00-0039265",1556,0.000304996836635214,0.0288045671143609,2.77269851486558e-05,"Gabe Hall","PHI","DL",2025
"1025","00-0040039",1861,0.000285856499447341,0.0294483420978063,2.59869544952129e-05,"Amar Johnson","LAC","RB",2025
"1026","00-0031622",95,0.000282902944264423,0.0253938795585283,2.57184494785839e-05,"Bobby Hart","LAC","OL",2025
"1027","00-0038840",1436,0.000281444073961802,0.0268645353329895,2.55858249056183e-05,"Brycen Tremayne","CAR","WR",2025
"1028","00-0040522",2073,0.000256922052971249,0.0291245751633324,2.33565502701136e-05,"Xavier Restrepo","TEN","WR",2025
"1029","00-0039318",1573,0.000245588834505231,0.0270801192041021,2.23262576822937e-05,"Curtis Jacobs","TEN","LB",2025
"1030","00-0039720",1708,0.000245220356144125,0.0264108850703416,2.22927596494659e-05,"Taki Taimani","MIN","DL",2025
"1031","00-0036176",667,0.000243532666723501,0.0254830860870413,2.21393333385001e-05,"Mason Kinsey","TEN","WR",2025
"1032","00-0034571",386,0.000242085311327612,0.0286401050503141,2.20077555752375e-05,"Trent Scott","WAS","OL",2025
"1033","00-0034274",332,0.00023944276692731,0.0279468769061729,2.17675242661191e-05,"Parry Nickerson","PHI","DB",2025
"1034","00-0036983",959,0.000223211710899431,0.0285212963665201,2.02919737181301e-05,"Kendrick Green","CLE","OL",2025
"1035","00-0035346",537,0.000221602838358012,0.0280465411829314,2.01457125780011e-05,"Nik Needham","NYJ","DB",2025
"1036","00-0039835",1771,0.000213942823078669,0.0250206417396833,1.94493475526063e-05,"Justin Eboigbe","LAC","DL",2025
"1037","00-0027224",13,0.000205344687325558,0.0268821937185278,1.8667698847778e-05,"Jon Weeks","SF","LS",2025
"1038","00-0038111",1231,0.000197977985809444,0.0260748112624302,1.79979987099495e-05,"Kyler Gordon","CHI","DB",2025
"1039","00-0035157",492,0.000194025402621232,0.0279874329424821,1.76386729655666e-05,"Darius Harris","NE","LB",2025
"1040","00-0039430",1650,0.000189108893122596,0.0264034193611222,1.71917175565996e-05,"James Williams","TEN","LB",2025
"1041","00-0036527",802,0.000172355476317577,0.0276744567448209,1.56686796652342e-05,"DJ Turner","LV","WR",2025
"1042","00-0039623",1691,0.000164684335804321,0.0266822261845408,1.49713032549383e-05,"Mason Tipton","NO","WR",2025
"1043","00-0036754",869,0.000163460403807024,0.0257472478253737,1.48600367097295e-05,"Brock Wright","DET","TE",2025
"1044","00-0039397",1628,0.000152365981116976,0.0276431763794099,1.3851452828816e-05,"Tejhaun Palmer","ARI","WR",2025
"1045","00-0040663",2126,0.000151004302761998,0.0249631933937936,1.37276638874543e-05,"Harold Fannin Jr.","CLE","TE",2025
"1046","00-0039285",1562,0.000134439832293937,0.0277164766627824,1.22218029358125e-05,"Jarius Monroe","NYJ","DB",2025
"1047","00-0027867",17,0.000128608505998166,0.0279663957557364,1.16916823634696e-05,"Jason Pierre-Paul","TB","DL",2025
"1048","00-0034375",357,0.000117319967952419,0.0293907958560762,1.06654516320381e-05,"Kyzir White","SF","LB",2025
"1049","00-0038776",1415,0.000116436135900075,0.0275426648944807,1.05851032636432e-05,"Ricky Lee","JAX","OL",2025
"1050","00-0039485",1668,0.000101197677017708,0.0294357765992515,9.19978881979168e-06,"Andrew Meyer","MIA","OL",2025
"1051","00-0040033",1858,9.80386629515085e-05,0.0276573085410245,8.91260572286441e-06,"Johnathan Baldwin","GB","DB",2025
"1052","00-0035311",534,9.51567377381502e-05,0.0286769072145315,8.65061252165001e-06,"Myles Gaskin","SEA","RB",2025
"1053","00-0038590",1347,9.01041138974472e-05,0.0279057207603684,8.19128308158611e-06,"Justin Shorter","LV","WR",2025
"1054","00-0036643",844,7.00900963139874e-05,0.0266335870309801,6.37182693763521e-06,"K.J. Britt","MIA","LB",2025
"1055","00-0039812",1753,6.90890907424251e-05,0.0270170383791572,6.28082643112955e-06,"Ty'Ron Hopper","GB","LB",2025
"1056","00-0040043",1863,6.36902015602146e-05,0.0285124547105977,5.79001832365587e-06,"Justin Barron","DAL","LB",2025
"1057","00-0035363",543,5.85899251279618e-05,0.0255123145558096,5.32635682981471e-06,"Joe Giles-Harris","CIN","LB",2025
"1058","00-0040666",2127,5.32502872863565e-05,0.0261183147830763,4.84093520785059e-06,"Omarion Hampton","LAC","RB",2025
"1059","00-0035659",583,4.48498493716791e-05,0.0256836985371611,4.07725903378901e-06,"Terry McLaurin","WAS","WR",2025
"1060","00-0036327",731,3.71107384002783e-05,0.0269866596388093,3.37370349093439e-06,"Ezra Cleveland","JAX","OL",2025
"1061","00-0036292",714,2.36739596288322e-05,0.0273576817637496,2.15217814807566e-06,"Jaylon Johnson","CHI","DB",2025
"1062","00-0034798",422,1.89613038737787e-05,0.0264052867592533,1.72375489761625e-06,"Durham Smythe","CHI","TE",2025
"1063","00-0040546",2078,1.62817587307909e-05,0.0271013364596803,1.48015988461735e-06,"Cobee Bryant","ATL","DB",2025
"1064","00-0039480",1665,1.24390978672211e-05,0.028158370289555,1.13082707883828e-06,"Jordan Colbert","MIA","DB",2025
"1065","00-0039139",1521,1.03553892059163e-05,0.0259601738313014,9.41399018719664e-07,"Jahmyr Gibbs","DET","RB",2025
"1066","00-0038562",1324,4.43237305842035e-07,0.0273542738493679,4.02943005310941e-08,"Jake Moody","WAS","K",2025
"1067","00-0040429",2051,-4.76350172188843e-06,0.028250716729375,-4.33045611080766e-07,"Josh Williams","TB","RB",2025
"1068","00-0037078",992,-1.49332237679352e-05,0.0265517795076086,-1.35756579708502e-06,"Cole Turner","TEN","TE",2025
"1069","00-0033570",234,-2.43818839776236e-05,0.02774287902204,-2.21653490705669e-06,"Anthony Walker","TB","LB",2025
"1070","00-0036145",659,-3.15167323596516e-05,0.0284094896652831,-2.86515748724105e-06,"Lawrence Cager","WAS","TE",2025
"1071","00-0035062",479,-3.1622963744094e-05,0.0275457912149993,-2.87481488582673e-06,"Sam Mustipher","DEN","OL",2025
"1072","00-0032146",110,-3.27339976007174e-05,0.0259673278976461,-2.97581796370158e-06,"Bud Dupree","LAC","LB",2025
"1073","00-0033503",221,-3.28023016197298e-05,0.0271240185218688,-2.98202741997543e-06,"Arthur Maulet","DET","DB",2025
"1074","00-0040431",2052,-3.62775068150206e-05,0.0271812925757554,-3.29795516500187e-06,"Dalen Cambre","NYG","WR",2025
"1075","00-0031360",76,-3.82004273170421e-05,0.0256743978198024,-3.4727661197311e-06,"Kyle Van Noy","BAL","LB",2025
"1076","00-0038401",1273,-3.90267407903261e-05,0.0275493805381357,-3.54788552639328e-06,"Jarrick Bernard-Converse","NYG","DB",2025
"1077","00-0036568",816,-5.02329907482277e-05,0.024809766003928,-4.56663552256615e-06,"Roy Lopez","DET","DL",2025
"1078","00-0038574",1334,-5.49157012480315e-05,0.0258587042175418,-4.99233647709378e-06,"Isaiah McGuire","CLE","DL",2025
"1079","00-0036893",905,-5.53935440201712e-05,0.028058928679269,-5.03577672910648e-06,"Najee Harris","LAC","RB",2025
"1080","00-0038930",1448,-6.07184014989622e-05,0.0270333708787729,-5.51985468172383e-06,"Carlos Washington","ATL","RB",2025
"1081","00-0035640",574,-6.84488795923046e-05,0.0258629612156705,-6.22262541748224e-06,"DK Metcalf","PIT","WR",2025
"1082","00-0037083",996,-8.23797774415817e-05,0.0242679939073289,-7.48907067650743e-06,"Kingsley Enagbare","GB","DL",2025
"1083","00-0036962",943,-8.2800543884472e-05,0.0260482397476672,-7.52732217131563e-06,"Tre'von Moehrig","CAR","DB",2025
"1084","00-0037120",1008,-8.68644757758542e-05,0.0276320754969169,-7.89677052507766e-06,"Tyler Goodson","IND","RB",2025
"1085","00-0039457",1659,-9.03366523650575e-05,0.0286582207598079,-8.21242294227796e-06,"Jacoby Windmon","CAR","LB",2025
"1086","00-0037544",1136,-9.09564260163611e-05,0.0269438874067468,-8.26876600148737e-06,"Nephi Sewell","CHI","LB",2025
"1087","00-0034999",472,-9.16739142752608e-05,0.0270647822030534,-8.33399220684189e-06,"Ty Summers","CHI","LB",2025
"1088","00-0040339",2023,-0.000111277673621526,0.0294748747243503,-1.01161521474115e-05,"Cam'Ron Silmon-Craig","JAX","DB",2025
"1089","00-0040126",1895,-0.00011169576127211,0.0254991768614779,-1.01541601156463e-05,"Colston Loveland","CHI","TE",2025
"1090","00-0038388",1263,-0.000123251445725156,0.0278922233773247,-1.12046768841051e-05,"Darius Rush","WAS","DB",2025
"1091","00-0038982",1467,-0.000125329432778302,0.0266209455560754,-1.13935847980274e-05,"Chamarri Conner","KC","DB",2025
"1092","00-0035639",573,-0.000128428995180159,0.026780402913451,-1.16753631981963e-05,"Parris Campbell","DAL","WR",2025
"1093","00-0032671",147,-0.000138623957788346,0.0271381756904187,-1.26021779807587e-05,"Morgan Fox","BUF","DL",2025
"1094","00-0038118",1237,-0.000146716795802199,0.0264856176335721,-1.33378905274727e-05,"Daniel Faalele","BAL","OL",2025
"1095","00-0040556",2080,-0.000148302656728776,0.0290782255365541,-1.3482059702616e-05,"Corey Kiner","ARI","RB",2025
"1096","00-0039389",1623,-0.00015496110762729,0.0287963855877256,-1.40873734206627e-05,"Logan Lee","PIT","DL",2025
"1097","00-0032445",139,-0.000161617169456063,0.0262908253455392,-1.46924699505511e-05,"Ted Karras","CIN","OL",2025
"1098","00-0037141",1014,-0.000161905688784694,0.0279780637925275,-1.47186989804268e-05,"Joey Blount","ARI","DB",2025
"1099","00-0036637",841,-0.000178413636269867,0.0243129095368411,-1.62194214790788e-05,"Noah Gray","KC","TE",2025
"1100","00-0040004",1843,-0.000180843834364487,0.0272653040826032,-1.64403485785897e-05,"T.J. Maguranyanga","WAS","DL",2025
"1101","00-0033132",189,-0.000196710718367248,0.0260183753293087,-1.78827925788407e-05,"Kevin Byard","CHI","DB",2025
"1102","00-0036945",934,-0.000199526520113037,0.0262008153593879,-1.81387745557307e-05,"Justin Fields","NYJ","QB",2025
"1103","00-0038626",1376,-0.000216041142266114,0.027491589517607,-1.9640103842374e-05,"Brad Robbins","LV","P",2025
"1104","00-0038555",1318,-0.000219827224810401,0.0267284743674325,-1.99842931645819e-05,"Tank Bigsby","PHI","RB",2025
"1105","00-0039911",1827,-0.000224996427023542,0.0252498270523953,-2.04542206385038e-05,"Chop Robinson","MIA","LB",2025
"1106","00-0040692",2142,-0.00022510564736374,0.0280116285225981,-2.046414976034e-05,"Jarquez Hunter","LA","RB",2025
"1107","00-0038740",1409,-0.000232701552945112,0.0271087820770002,-2.11546866313738e-05,"Jalen Cropper","DAL","WR",2025
"1108","00-0028872",26,-0.000233158658378442,0.0261994489191371,-2.11962416707675e-05,"Johnny Hekker","TEN","P",2025
"1109","00-0039333",1577,-0.000245592873029263,0.0276842584342037,-2.23266248208421e-05,"Brandon Codrington","BUF","DB",2025
"1110","00-0039808",1751,-0.000246302631756715,0.0260590456963423,-2.23911483415195e-05,"Isaiah Adams","ARI","OL",2025
"1111","00-0037190",1018,-0.000249698221537602,0.0254023477511355,-2.26998383216002e-05,"Sauce Gardner","IND","DB",2025
"1112","00-0039650",1697,-0.000251237508730301,0.0284830502874345,-2.28397735209364e-05,"Bryce Oliver","TEN","WR",2025
"1113","00-0040585",2094,-0.000252009550805285,0.0267332159631148,-2.29099591641168e-05,"Ty Hamilton","LA","DL",2025
"1114","00-0038099",1223,-0.000258477639523438,0.0267532398753228,-2.34979672294035e-05,"Phidarian Mathis","BUF","DL",2025
"1115","00-0040492",2062,-0.00026020107927776,0.0265187630582662,-2.36546435707055e-05,"Tyler Batty","MIN","LB",2025
"1116","00-0033869",261,-0.000296032036696454,0.0268220000497067,-2.69120033360413e-05,"Mitchell Trubisky","BUF","QB",2025
"1117","00-0040384",2036,-0.000298289760469015,0.0280829808792985,-2.71172509517286e-05,"Elijah Simmons","TB","DL",2025
"1118","00-0037384",1111,-0.000299431415187244,0.024752459944492,-2.72210377442949e-05,"Ja'Quan McMillian","DEN","DB",2025
"1119","00-0030140",50,-0.000299770668835449,0.0270991589302552,-2.72518789850409e-05,"Tress Way","WAS","P",2025
"1120","00-0039384",1620,-0.000302488356402474,0.0259318108562049,-2.7498941491134e-05,"Tyrone Tracy Jr.","NYG","RB",2025
"1121","00-0037015",983,-0.000305756117759636,0.0283799597750079,-2.77960107054214e-05,"Sal Cannella","CLE","TE",2025
"1122","00-0035681",596,-0.000305980639336324,0.0262233604779929,-2.78164217578476e-05,"Mike Edwards","KC","DB",2025
"1123","00-0035262",519,-0.000308152115184848,0.0267580042967215,-2.8013828653168e-05,"Drue Tranquill","KC","LB",2025
"1124","00-0040034",1859,-0.000311557188786735,0.0274464712407189,-2.83233807987941e-05,"Brant Banks","GB","OL",2025
"1125","00-0036859",888,-0.000336648432475857,0.0275613437492906,-3.06044029523506e-05,"Jimmy Morrissey","IND","OL",2025
"1126","00-0037129",1009,-0.000341444173349286,0.0258274336899026,-3.10403793953896e-05,"Josh Blackwell","CHI","DB",2025
"1127","00-0037243",1043,-0.000342354152394002,0.026372785210967,-3.11231047630911e-05,"Tyler Smith","DAL","OL",2025
"1128","00-0038724",1403,-0.000345812974993525,0.0264823446419876,-3.14375431812296e-05,"Ali Gaye","TEN","LB",2025
"1129","00-0038635",1379,-0.000347359898530202,0.0255845666848684,-3.15781725936547e-05,"Andre Jones Jr.","BUF","DL",2025
"1130","00-0040071",1875,-0.000353127582144812,0.0270660467302808,-3.21025074677101e-05,"Mac McWilliams","PHI","DB",2025
"1131","00-0037708",1166,-0.00036198577473046,0.0285148768451951,-3.29077977027691e-05,"Maurice Alexander","CHI","WR",2025
"1132","00-0036961",942,-0.000385005428717865,0.0284643093932386,-3.50004935198059e-05,"Richie Grant","NE","DB",2025
"1133","00-0038409",1277,-0.000392245056569798,0.0272534014589447,-3.56586415063453e-05,"Lew Nichols III","PIT","RB",2025
"1134","00-0040369",2031,-0.000397556058157235,0.0273097196115317,-3.61414598324759e-05,"Howard Cross III","CIN","DL",2025
"1135","00-0034435",376,-0.000399768073057745,0.0272217318603608,-3.63425520961586e-05,"Keion Crossen","CAR","DB",2025
"1136","00-0040712",2152,-0.000400417401792461,0.0267570062314914,-3.64015819811329e-05,"Vershon Lee","MIN","OL",2025
"1137","00-0038735",1406,-0.000410146495046356,0.0275067558765209,-3.72860450042142e-05,"Princeton Fant","DAL","TE",2025
"1138","00-0038569",1330,-0.000411979879592866,0.0278452015473318,-3.74527163266242e-05,"Sidy Sow","HOU","OL",2025
"1139","00-0040124",1893,-0.000424117616483662,0.027411293667925,-3.85561469530602e-05,"Tetairoa McMillan","CAR","WR",2025
"1140","00-0038694",1395,-0.000446853011216888,0.0266013467994855,-4.06230010197171e-05,"Brandon Pili","SEA","DL",2025
"1141","00-0038101",1225,-0.000447295320927851,0.0266179010449443,-4.0663210993441e-05,"Akayleb Evans","CAR","DB",2025
"1142","00-0039284",1561,-0.000454618165395161,0.0251333207941159,-4.13289241268329e-05,"Braiden McGregor","NYJ","DL",2025
"1143","00-0034248",326,-0.00045810385109406,0.0271269631055489,-4.16458046449145e-05,"Elijah Campbell","MIA","DB",2025
"1144","00-0036406",770,-0.000458400889869098,0.0265820306196666,-4.1672808169918e-05,"Tristan Wirfs","TB","OL",2025
"1145","00-0038783",1419,-0.000463935177881936,0.0265213556496679,-4.21759252619942e-05,"Nate Adkins","DEN","TE",2025
"1146","00-0037313",1095,-0.000485783193461797,0.0256442428492968,-4.4162108496527e-05,"Montaric Brown","JAX","DB",2025
"1147","00-0039849",1781,-0.000504295090251829,0.0258139056163113,-4.58450082047117e-05,"Marvin Harrison Jr.","ARI","WR",2025
"1148","00-0033512",222,-0.000506392144645153,0.0269300558208213,-4.60356495131957e-05,"Damontae Kazee","DET","DB",2025
"1149","00-0035702",608,-0.000510232565758128,0.0252455904227802,-4.63847787052844e-05,"Dalton Risner","CIN","OL",2025
"1150","00-0040037",1860,-0.000510239778668248,0.028646481083816,-4.63854344243861e-05,"Jamon Johnson","GB","LB",2025
"1151","00-0033221",193,-0.000519928188992824,0.0270918884136231,-4.72661989993477e-05,"Daniel Brunskill","MIA","OL",2025
"1152","00-0034797",421,-0.000529744071935263,0.0263722416296745,-4.81585519941148e-05,"Jerome Baker","CLE","LB",2025
"1153","00-0038126",1244,-0.000542550341878885,0.0279137900532995,-4.93227583526259e-05,"Perrion Winfrey","DAL","DL",2025
"1154","00-0029008",28,-0.000557451792538825,0.0288584416583203,-5.06774356853477e-05,"Charley Hughlett","PHI","LS",2025
"1155","00-0036683",859,-0.000558504759987399,0.0257633147152563,-5.07731599988544e-05,"Devon Key","DEN","DB",2025
"1156","00-0034773",409,-0.000565309379105471,0.0262583888789744,-5.1391761736861e-05,"Vita Vea","TB","DL",2025
"1157","00-0040020",1854,-0.000567622020841516,0.0260076433934329,-5.16020018946833e-05,"Micah Robinson","TEN","DB",2025
"1158","00-0038911",1445,-0.000569146371739998,0.0262386803939323,-5.17405792490907e-05,"Malik Cunningham","DET","WR",2025
"1159","00-0034807",427,-0.000569880257577127,0.0289393661609257,-5.18072961433752e-05,"Ogbo Okoronkwo","PHI","LB",2025
"1160","00-0034842",438,-0.000587312139813757,0.0289261389439139,-5.33920127103416e-05,"Taven Bryan","BAL","DL",2025
"1161","00-0037138",1013,-0.000597682239069665,0.0278329414706872,-5.43347490063331e-05,"Josh Sills","IND","OL",2025
"1162","00-0040365",2030,-0.00059855982600799,0.0269356574883545,-5.441452963709e-05,"Daryl Porter","BUF","DB",2025
"1163","00-0038615",1367,-0.000601157171320936,0.0268100894202894,-5.46506519382669e-05,"Jarrett Patterson","HOU","OL",2025
"1164","00-0039582",1684,-0.000606223302741636,0.0264865491378734,-5.51112093401487e-05,"Marcus Banks","TB","DB",2025
"1165","00-0029685",37,-0.000607269934556123,0.0253485168490637,-5.52063576869202e-05,"Greg Van Roten","NYG","OL",2025
"1166","00-0034091",310,-0.00061663991969427,0.0273419912480432,-5.60581745176609e-05,"George Odum","IND","DB",2025
"1167","00-0037431",1118,-0.000618701058518621,0.027869461539429,-5.62455507744201e-05,"Kingsley Jonathan","NYJ","DL",2025
"1168","00-0040315",2017,-0.000631132245989253,0.0273741126104676,-5.73756587262957e-05,"Ja'Corey Brooks","WAS","WR",2025
"1169","00-0038678",1391,-0.000644465188197784,0.0276664509210835,-5.85877443816167e-05,"Jordan Mims","TEN","RB",2025
"1170","00-0040530",2075,-0.000652665869819727,0.0275840579891624,-5.93332608927025e-05,"Ben Sauls","NYG","K",2025
"1171","00-0034746",400,-0.000670414396267139,0.0288693272380563,-6.09467632970127e-05,"Maurice Hurst","CLE","DL",2025
"1172","00-0036306",722,-0.000686449506581881,0.0257537509741887,-6.24045005983528e-05,"Daniel Thomas","DET","DB",2025
"1173","00-0037830",1203,-0.00068813860721645,0.0273095807800087,-6.25580552014954e-05,"Samuel Womack","NYJ","DB",2025
"1174","00-0039878",1802,-0.000695619986239489,0.0288908529945915,-6.32381805672263e-05,"Edefuan Ulofoshio","CLE","LB",2025
"1175","00-0035526",554,-0.000698470529636214,0.0251419889632372,-6.34973208760195e-05,"Elgton Jenkins","GB","OL",2025
"1176","00-0039235",1551,-0.000703515691555505,0.026793137576544,-6.39559719595914e-05,"Sanoussi Kane","TEN","DB",2025
"1177","00-0036552",807,-0.000712933556068257,0.0262171358846826,-6.48121414607506e-05,"Azeez Ojulari","PHI","LB",2025
"1178","00-0040731",2168,-0.000720907383120989,0.0265016429180704,-6.55370348291809e-05,"Trey Amos","WAS","DB",2025
"1179","00-0040328",2021,-0.000721507246687374,0.0281023721522782,-6.55915678806704e-05,"Ethan Downs","KC","LB",2025
"1180","00-0038782",1418,-0.000722220424698669,0.0273529658296501,-6.56564022453336e-05,"Eku Leota","ARI","LB",2025
"1181","00-0039063",1501,-0.000733715237286704,0.0283047188208347,-6.67013852078822e-05,"Calijah Kancey","TB","DL",2025
"1182","00-0027857",15,-0.000738416873462614,0.0253867804024818,-6.71288066784195e-05,"Trent Williams","SF","OL",2025
"1183","00-0040237",1991,-0.000739204740343668,0.0257978380036285,-6.72004309403335e-05,"Tez Johnson","TB","WR",2025
"1184","00-0039332",1576,-0.000742727178929091,0.0272423792113793,-6.75206526299174e-05,"C.J. Ravenell","TEN","DL",2025
"1185","00-0036425",785,-0.000753391021031796,0.0268762481077759,-6.84900928210724e-05,"DeeJay Dallas","JAX","RB",2025
"1186","00-0038040",1217,-0.000760308531005311,0.0270110962142061,-6.91189573641191e-05,"Zamir White","LV","RB",2025
"1187","00-0035857",628,-0.000771918717427152,0.0262848394677468,-7.01744288570138e-05,"Chris Williams","CHI","DL",2025
"1188","00-0034359",351,-0.000790332859334089,0.0255768914018856,-7.18484417576444e-05,"Tyquan Lewis","IND","DL",2025
"1189","00-0034431",375,-0.00079602535329317,0.0261874856275828,-7.236594120847e-05,"Zaire Franklin","IND","LB",2025
"1190","00-0038785",1420,-0.000796900050925503,0.0283466374223826,-7.24454591750457e-05,"Henry Byrd","MIN","OL",2025
"1191","00-0039409",1637,-0.000823207791746396,0.0254561160519454,-7.4837071976945e-05,"Cam Little","JAX","K",2025
"1192","00-0036640",842,-0.000831922401199934,0.0286896156416536,-7.5629309199994e-05,"Zach Davidson","NYG","TE",2025
"1193","00-0036105",651,-0.000837980586876133,0.0276380096052323,-7.61800533523758e-05,"Nick Leverett","DAL","OL",2025
"1194","00-0026300",9,-0.000839437770120395,0.0274165110307924,-7.63125245563995e-05,"Josh Johnson","WAS","QB",2025
"1195","00-0039733",1711,-0.000847012987555246,0.025423375898987,-7.70011806868405e-05,"Ruke Orhorhoro","ATL","DL",2025
"1196","00-0038737",1407,-0.00084837747902734,0.0265478826933205,-7.71252253661218e-05,"Isaiah Land","DAL","DL",2025
"1197","00-0035021",475,-0.00085038122443557,0.0262523953597294,-7.73073840395973e-05,"Ashton Dulin","IND","WR",2025
"1198","00-0030615",57,-0.00085379594632237,0.028695366610623,-7.76178133020337e-05,"James Winchester","KC","LS",2025
"1199","00-0039207",1546,-0.000865316903950385,0.0285053847455667,-7.86651730863987e-05,"Durell Nchami","IND","DL",2025
"1200","00-0037825",1200,-0.000886750082396892,0.0260501067781638,-8.06136438542629e-05,"Tyler Linderbaum","BAL","OL",2025
"1201","00-0038348",1255,-0.000890989570613915,0.026475154181991,-8.09990518739923e-05,"Josh Butler","DAL","DB",2025
"1202","00-0040017",1852,-0.000903241730530939,0.0277606834504689,-8.21128845937217e-05,"Ajani Cornelius","DAL","OL",2025
"1203","00-0036630",839,-0.000904906697475211,0.0256434462340744,-8.22642452250192e-05,"Tylan Wallace","BAL","WR",2025
"1204","00-0037264",1061,-0.000906605410003826,0.0283788850404243,-8.24186736367114e-05,"Delarrin Turner-Yell","DEN","DB",2025
"1205","00-0033307",208,-0.000914487688500726,0.0249896583166271,-8.31352444091569e-05,"Kendrick Bourne","SF","WR",2025
"1206","00-0039737",1715,-0.000920909603588568,0.0261586417833024,-8.3719054871688e-05,"Tip Reiman","ARI","TE",2025
"1207","00-0034796",420,-0.000921147805564025,0.0268055078326812,-8.37407095967295e-05,"Lamar Jackson","BAL","QB",2025
"1208","00-0036040",647,-0.000922181854728881,0.0258810403815969,-8.38347140662619e-05,"Juwan Johnson","NO","TE",2025
"1209","00-0031177",66,-0.000923502899919374,0.0250781373413218,-8.39548090835794e-05,"Brent Urban","BAL","DL",2025
"1210","00-0037808",1186,-0.00092985206991707,0.028094574477914,-8.45320063560973e-05,"DeAngelo Malone","ATL","LB",2025
"1211","00-0035142",488,-0.00093251395580659,0.0280164470956163,-8.47739959824172e-05,"Ugo Amadi","NO","DB",2025
"1212","00-0033782",249,-0.000940131698327614,0.0271055788282879,-8.54665180297831e-05,"DeMarcus Walker","WAS","DL",2025
"1213","00-0039165",1539,-0.000947700311981339,0.0257335686040933,-8.61545738164854e-05,"Zach Charbonnet","SEA","RB",2025
"1214","00-0040326",2020,-0.000952018700918581,0.0261202503592006,-8.65471546289619e-05,"Branson Combs","JAX","LB",2025
"1215","00-0033064",175,-0.000961937586792575,0.0268824310278302,-8.74488715265978e-05,"Adam Gotsis","TB","DL",2025
"1216","00-0038649",1387,-0.000965793559581279,0.0268650028035377,-8.7799414507389e-05,"Alex Forsyth","DEN","OL",2025
"1217","00-0038581",1340,-0.000983731124603738,0.0272042902918886,-8.94301022367035e-05,"KJ Henry","CLE","DL",2025
"1218","00-0037812",1189,-0.000987019832296971,0.0262052023236156,-8.9729075663361e-05,"Abraham Lucas","SEA","OL",2025
"1219","00-0039715",1706,-0.000988830220753937,0.0279772738734017,-8.98936564321761e-05,"Gabriel Murphy","MIN","LB",2025
"1220","00-0039380",1617,-0.000998571272953983,0.0246778149627534,-9.07792066321803e-05,"Chau Smith-Wade","CAR","DB",2025
"1221","00-0037284",1076,-0.00100450297545544,0.0277478403708501,-9.1318452314131e-05,"Matt Araiza","KC","P",2025
"1222","00-0036124",654,-0.00100565212638754,0.0267035089272399,-9.14229205806851e-05,"Khalil Dorsey","DET","DB",2025
"1223","00-0040718",2155,-0.00100678750721412,0.0253866102008792,-9.1526137019465e-05,"Travis Hunter","JAX","WR",2025
"1224","00-0039229",1547,-0.00101110516473595,0.026874675470011,-9.19186513396315e-05,"Charlie Smyth","NO","K",2025
"1225","00-0038489",1289,-0.00101235504707017,0.028015213944495,-9.20322770063793e-05,"Ben VanSumeren","PHI","RB",2025
"1226","00-0035718",615,-0.00101325683923714,0.025224913377546,-9.21142581124676e-05,"Quinnen Williams","DAL","DL",2025
"1227","00-0032497",142,-0.00102448427316036,0.0264962889551915,-9.31349339236694e-05,"Reid Ferguson","BUF","LS",2025
"1228","00-0039369",1607,-0.00103605062267863,0.02598617581536,-9.4186420243512e-05,"Cam Hart","LAC","DB",2025
"1229","00-0037000",974,-0.00104775916254205,0.028097849209847,-9.52508329583685e-05,"Monty Rice","DET","LB",2025
"1230","00-0034367",354,-0.00105308463394133,0.0277029677820994,-9.57349667219388e-05,"Nyheim Hines","NO","RB",2025
"1231","00-0039825",1762,-0.00106018446102879,0.0250397625269778,-9.63804055480719e-05,"Jaden Hicks","KC","DB",2025
"1232","00-0034800",423,-0.00106362295787182,0.025432302687773,-9.66929961701652e-05,"B.J. Hill","CIN","DL",2025
"1233","00-0036114",652,-0.00107648738239414,0.0280111067807577,-9.78624893085584e-05,"A.J. Green","MIA","DB",2025
"1234","00-0036783",872,-0.00108822141324438,0.0284355280758567,-9.89292193858523e-05,"Ryan McCollum","PIT","OL",2025
"1235","00-0035355",539,-0.00109737004818181,0.0285289185342029,-9.97609134710734e-05,"Blake Hance","TEN","OL",2025
"1236","00-0038568",1329,-0.00109799478965054,0.0272979428246042,-9.98177081500493e-05,"Clark Phillips III","ATL","DB",2025
"1237","00-0034955",454,-0.00109930985166278,0.0286401423476857,-9.99372592420709e-05,"Brett Rypien","MIN","QB",2025
"1238","00-0033863",259,-0.00110450747638553,0.0265343119590271,-0.000100409770580503,"Dan Skipper","DET","OL",2025
"1239","00-0040024",1856,-0.00110477089075062,0.0255310178486374,-0.000100433717340966,"Darius Cooper","PHI","WR",2025
"1240","00-0034361",352,-0.00110997080181415,0.0262298733354062,-0.000100906436528559,"Justin Reid","NO","DB",2025
"1241","00-0040153",1920,-0.00111334981676388,0.0276591425494935,-0.000101213619705807,"Sai'vion Jones","DEN","DL",2025
"1242","00-0037192",1020,-0.00111474783105612,0.0258906645591412,-0.000101340711914193,"George Karlaftis","KC","DL",2025
"1243","00-0039577",1682,-0.00113723998846821,0.0283670957999485,-0.00010338545349711,"Kedon Slovis","ARI","QB",2025
"1244","00-0034234",325,-0.00113911601970473,0.0250871895073455,-0.000103556001791339,"Poona Ford","LA","DL",2025
"1245","00-0040507",2069,-0.0011456518448962,0.027671574351085,-0.000104150167717836,"Zemaiah Vaughn","MIN","DB",2025
"1246","00-0038940",1457,-0.001160739797775,0.0259577191871961,-0.000105521799797727,"Tyler Lacy","DET","DL",2025
"1247","00-0036253",692,-0.00117516617191749,0.027241822695848,-0.000106833288356135,"Julian Blackmon","NO","DB",2025
"1248","00-0040251",2001,-0.00117517122895223,0.0268190840775614,-0.000106833748086566,"Trikweze Bridges","DAL","DB",2025
"1249","00-0038984",1468,-0.00118558520929342,0.0257419386197451,-0.000107780473572129,"Kei'Trel Clark","ARI","DB",2025
"1250","00-0040295",2012,-0.00118590191298279,0.0278193043140834,-0.000107809264816617,"Trevian Thomas","JAX","DB",2025
"1251","00-0039357",1596,-0.00118851989639511,0.0275796959431076,-0.000108047263308647,"Decamerion Richardson","LV","DB",2025
"1252","00-0036417",780,-0.00119524256509969,0.0256720927733872,-0.000108658415009063,"Damien Lewis","CAR","OL",2025
"1253","00-0035234",503,-0.00120415266677859,0.0258583442944046,-0.000109468424252599,"Tytus Howard","HOU","OL",2025
"1254","00-0033400",217,-0.0012069988111568,0.0274083200203361,-0.000109727164650618,"Matt Haack","ARI","P",2025
"1255","00-0039714",1705,-0.00120741218819908,0.0269584795585466,-0.000109764744381735,"Dwight McGlothern","MIN","DB",2025
"1256","00-0031156",65,-0.00121438856000484,0.0265767654182987,-0.00011039896000044,"Tyler Ott","WAS","LS",2025
"1257","00-0034752",401,-0.00122672677788784,0.0263218538519289,-0.000111520616171622,"Orlando Brown","CIN","OL",2025
"1258","00-0038396",1268,-0.00122959747458193,0.0286446040742997,-0.000111781588598357,"Eric Gray","NYG","RB",2025
"1259","00-0038935",1452,-0.00124564155366626,0.0267968631377985,-0.000113240141242387,"Brenton Strange","JAX","TE",2025
"1260","00-0039341",1582,-0.00124741287205681,0.0254773667443103,-0.000113401170186983,"Tyler Guyton","DAL","OL",2025
"1261","00-0037664",1161,-0.00124755329528649,0.0266558641047083,-0.000113413935935136,"Alec Pierce","IND","WR",2025
"1262","00-0031345",74,-0.00126438733123649,0.0275460433046783,-0.000114944302839681,"Jimmy Garoppolo","LA","QB",2025
"1263","00-0036265",699,-0.00126821432355439,0.0295291478611424,-0.000115292211232217,"AJ Dillon","PHI","RB",2025
"1264","00-0037412",1115,-0.00128118162722873,0.0268499518400336,-0.000116471057020794,"Cal Adomitis","PIT","LS",2025
"1265","00-0039565",1679,-0.00128477812275878,0.0286773510927369,-0.000116798011159889,"Levelle Bailey","DEN","LB",2025
"1266","00-0026190",8,-0.00132731070915222,0.0251864628001023,-0.000120664609922929,"Calais Campbell","ARI","DL",2025
"1267","00-0035686",599,-0.00132764678850994,0.027349990715774,-0.000120695162591813,"Michael Deiter","DEN","OL",2025
"1268","00-0038807",1428,-0.00132809544834798,0.0249543468669057,-0.000120735949849816,"Ivan Pace Jr.","MIN","LB",2025
"1269","00-0040347",2025,-0.00133256617097907,0.0259751522416213,-0.000121142379179915,"Johnathan Edwards","IND","DB",2025
"1270","00-0037759",1181,-0.00135857747941093,0.0263676122999611,-0.000123507043582812,"DeMarvin Leal","PIT","LB",2025
"1271","00-0039676",1699,-0.00135925822305649,0.0275072188510679,-0.000123568929368772,"Chigozie Anusiem","LV","DB",2025
"1272","00-0030092",47,-0.00137879438754228,0.027639973923034,-0.000125344944322026,"Sam Martin","CAR","P",2025
"1273","00-0035330",536,-0.00138126888323283,0.0287003481472808,-0.000125569898475712,"Anthony Pittman","DET","LB",2025
"1274","00-0037318",1098,-0.0013915962041905,0.0279781324813195,-0.0001265087458355,"Baylon Spector","BUF","LB",2025
"1275","00-0038514",1299,-0.00139388719469976,0.026706610648931,-0.000126717017699978,"Truman Jones","TEN","LB",2025
"1276","00-0039576",1681,-0.00139455737311598,0.0271544528571171,-0.000126777943010543,"Spencer Shrader","IND","K",2025
"1277","00-0035685",598,-0.00140440967247213,0.025991069247007,-0.000127673606588375,"David Montgomery","DET","RB",2025
"1278","00-0035629",566,-0.00140595900125063,0.0266399384287514,-0.000127814454659148,"Jonah Williams","ARI","OL",2025
"1279","00-0027114",12,-0.00141346412493658,0.0280352288119001,-0.000128496738630599,"Thomas Morstead","SF","P",2025
"1280","00-0035258",517,-0.00143698649034944,0.0250591767619786,-0.000130635135486313,"Hjalte Froholdt","ARI","OL",2025
"1281","00-0033547",227,-0.0014428730408179,0.0270986752235836,-0.000131170276437991,"Zach Cunningham","DET","LB",2025
"1282","00-0037527",1133,-0.00144924346186633,0.0265561588861515,-0.000131749405624211,"Segun Olubi","IND","LB",2025
"1283","00-0040120",1890,-0.00145339800379092,0.0274409127720401,-0.00013212709125372,"Jimmy Holiday","KC","WR",2025
"1284","00-0033292",203,-0.00145973833257111,0.0264358484444766,-0.000132703484779192,"Trent Taylor","SF","WR",2025
"1285","00-0035698",605,-0.00146235309940892,0.027170047251876,-0.000132941190855357,"Chuma Edoga","JAX","OL",2025
"1286","00-0038981",1466,-0.00146712518078145,0.0267804683015126,-0.000133375016434677,"Wanya Morris","KC","OL",2025
"1287","00-0038738",1408,-0.00147921110965653,0.0266115457574776,-0.000134473737241503,"Hunter Luepke","DAL","RB",2025
"1288","00-0040704",2145,-0.00148240397501938,0.0262143496919868,-0.000134763997729035,"Dillon Gabriel","CLE","QB",2025
"1289","00-0039876",1800,-0.00148813334030736,0.0266895293810789,-0.000135284849118851,"Sedrick Van Pran-Granger","BUF","OL",2025
"1290","00-0039754",1729,-0.00150961477063418,0.0277304246400792,-0.000137237706421289,"Devin Culp","TB","TE",2025
"1291","00-0038728",1404,-0.00151056726695232,0.0278285348471509,-0.000137324296995665,"Jared Wayne","HOU","WR",2025
"1292","00-0040181",1947,-0.00152148040693918,0.0264561644445989,-0.000138316400630834,"Marcus Mbow","NYG","OL",2025
"1293","00-0039383",1619,-0.00152910396032419,0.027288444988889,-0.000139009450938563,"Jaylin Simpson","GB","DB",2025
"1294","00-0039350",1589,-0.00153274087799087,0.0275663406425073,-0.000139340079817352,"Zak Zinter","CLE","OL",2025
"1295","00-0036953",938,-0.00153489806307166,0.0266665864455425,-0.000139536187551969,"Teven Jenkins","CLE","OL",2025
"1296","00-0036884",901,-0.00154140384714257,0.0279008402907366,-0.000140127622467506,"Marco Wilson","CIN","DB",2025
"1297","00-0033793",252,-0.00154301387649906,0.0274618529146541,-0.000140273988772642,"Corey Levin","TEN","OL",2025
"1298","00-0034485",381,-0.00155244311235658,0.0265037029894045,-0.000141131192032416,"Jonathan Owens","CHI","DB",2025
"1299","00-0040167",1933,-0.00156398350491757,0.0264319394656901,-0.00014218031862887,"Ruben Hyppolite II","CHI","LB",2025
"1300","00-0040387",2037,-0.00157424012623066,0.027167601141135,-0.000143112738748242,"Zach Horton","DET","TE",2025
"1301","00-0035270",523,-0.00158544185947409,0.0271032904757435,-0.000144131078134008,"Amani Oruwariye","BAL","DB",2025
"1302","00-0035291",531,-0.00158831400478991,0.0273623513476959,-0.000144392182253628,"Trayveon Williams","CLE","RB",2025
"1303","00-0039934",1841,-0.00161197045413171,0.0287608100185501,-0.000146542768557428,"Jude McAtamney","NYG","K",2025
"1304","00-0036237",687,-0.00161766968485258,0.0265338545713854,-0.000147060880441144,"Larrell Murchison","LA","DL",2025
"1305","00-0034792",419,-0.0016355371885556,0.0272923337911835,-0.0001486851989596,"Cornell Armstrong","MIA","DB",2025
"1306","00-0040451",2055,-0.00164112733802678,0.0274043741919594,-0.000149193394366071,"Xavier Truss","NO","OL",2025
"1307","00-0040723",2160,-0.00164194798562419,0.0267765954586772,-0.000149267998693108,"Jack Kiser","JAX","LB",2025
"1308","00-0036919",920,-0.00164766456140915,0.0245514596442797,-0.000149787687400832,"Kenneth Gainwell","PIT","RB",2025
"1309","00-0040580",2089,-0.00165259226334218,0.0247233706859959,-0.000150235660303834,"Josaiah Stewart","LA","LB",2025
"1310","00-0034858",446,-0.00165607538190236,0.0274371404597381,-0.000150552307445669,"Terrell Edmunds","LV","DB",2025
"1311","00-0036971",949,-0.00165801767110053,0.0262781224249935,-0.000150728879190957,"Trevor Lawrence","JAX","QB",2025
"1312","00-0034967",459,-0.00166818025663465,0.0262965649564571,-0.00015165275060315,"Rashan Gary","GB","DL",2025
"1313","00-0038580",1339,-0.00166860490317396,0.0279513940736351,-0.000151691354833996,"Yasir Abdullah","JAX","LB",2025
"1314","00-0037005",979,-0.00167573509317161,0.0266009906822502,-0.000152339553924692,"Tommy Tremble","CAR","TE",2025
"1315","00-0038129",1247,-0.00168522208474125,0.0260136803898824,-0.00015320200770375,"Cade Otton","TB","TE",2025
"1316","00-0035039",477,-0.00168975278252324,0.0286808270211096,-0.000153613889320294,"Stephen Carlson","CHI","TE",2025
"1317","00-0036291",713,-0.0016955074686356,0.0281286035854852,-0.000154137042603237,"Marlon Davidson","HOU","DL",2025
"1318","00-0040221",1980,-0.00170610259528543,0.0253580038599854,-0.000155100235935039,"R.J. Mickens","LAC","DB",2025
"1319","00-0035656",582,-0.00170777971217897,0.0265263182826759,-0.000155252701107179,"Khalen Saunders","NYJ","DL",2025
"1320","00-0036290",712,-0.00171283298554884,0.0252472298667386,-0.000155712089595349,"Cole Kmet","CHI","TE",2025
"1321","00-0039497",1671,-0.00172521292212561,0.0272443289961089,-0.000156837538375056,"Derrick McLendon","MIA","DL",2025
"1322","00-0039746",1723,-0.00172806305483868,0.0268616744568708,-0.000157096641348971,"Will Shipley","PHI","RB",2025
"1323","00-0040729",2166,-0.00173323676355527,0.0256899688348172,-0.000157566978505024,"Jack Bech","LV","WR",2025
"1324","00-0036670",854,-0.00173533335181386,0.0286417997565268,-0.000157757577437624,"Jermar Jefferson","ARI","RB",2025
"1325","00-0036816",877,-0.00174250503500981,0.0275211440032337,-0.000158409548637256,"Riley Patterson","MIA","K",2025
"1326","00-0038559",1322,-0.00174337658396433,0.0263810379329003,-0.000158488780360393,"Michael Wilson","ARI","WR",2025
"1327","00-0038454",1283,-0.00174440977208688,0.027350815339555,-0.000158582706553353,"Keaton Mitchell","BAL","RB",2025
"1328","00-0040362",2028,-0.00174466715249877,0.0279564664532692,-0.000158606104772616,"Keonta Jenkins","BUF","LB",2025
"1329","00-0038658",1389,-0.00174877314293321,0.0272166069898409,-0.000158979376630292,"Adrian Martinez","SF","QB",2025
"1330","00-0039178",1545,-0.00175823402123403,0.0269549901496161,-0.000159839456475821,"Austin Ajiake","IND","LB",2025
"1331","00-0038556",1319,-0.00178162990634246,0.0263956585410399,-0.000161966355122042,"DeMarvion Overshown","DAL","LB",2025
"1332","00-0039359",1598,-0.00178270264282431,0.0252184738622001,-0.000162063876620392,"Cade Stover","HOU","TE",2025
"1333","00-0033595",241,-0.00180950546161804,0.0255227530303966,-0.000164500496510731,"Pat O'Connor","DET","DL",2025
"1334","00-0040604",2099,-0.00182240277562352,0.0283179130607063,-0.000165672979602139,"Jahfari Harvey","LV","DL",2025
"1335","00-0033463",220,-0.00182463826186075,0.0265413897983031,-0.000165876205623704,"Carl Lawson","BAL","DL",2025
"1336","00-0034495",384,-0.00184910437499194,0.0248539005900589,-0.00016810039772654,"Evan Brown","ARI","OL",2025
"1337","00-0039944",1842,-0.00184958106378849,0.0276249826438012,-0.000168143733071681,"Jamie Sheriff","SEA","LB",2025
"1338","00-0038653",1388,-0.00185097366594749,0.0257938522399462,-0.000168270333267954,"Cory Durden","NE","DL",2025
"1339","00-0036682",858,-0.00186113575239735,0.0281678026940359,-0.00016919415930885,"Malik Herring","KC","DL",2025
"1340","00-0037283",1075,-0.00186221410531846,0.0279323532703453,-0.000169292191392587,"John Ridgeway","NO","DL",2025
"1341","00-0034387",364,-0.00186522591513233,0.0265472137267493,-0.000169565992284757,"Bilal Nichols","ARI","DL",2025
"1342","00-0039471",1664,-0.00187415602316338,0.0279297640374917,-0.00017037782028758,"Frank Gore Jr.","BUF","RB",2025
"1343","00-0040231",1988,-0.00187987118404184,0.0266215038420149,-0.00017089738036744,"Carson Bruener","PIT","LB",2025
"1344","00-0034115",313,-0.00188346830921968,0.0271891242670886,-0.000171224391747244,"Jeff Wilson","MIA","RB",2025
"1345","00-0037007",980,-0.00189116661487519,0.0270955169396089,-0.000171924237715927,"Patrick Jones II","CAR","LB",2025
"1346","00-0039889",1809,-0.00189934918352321,0.0255638280826164,-0.000172668107593019,"Maason Smith","JAX","DL",2025
"1347","00-0039288",1563,-0.00191152335292707,0.0263528371619848,-0.000173774850266097,"Jackson Sirmon","NYJ","LB",2025
"1348","00-0038570",1331,-0.00192069169648265,0.0253883693951941,-0.000174608336043877,"Ventrell Miller","JAX","LB",2025
"1349","00-0030506",53,-0.00192771927326201,0.0259621527888405,-0.000175247206660182,"Travis Kelce","KC","TE",2025
"1350","00-0040517",2072,-0.00193671554464162,0.0281812324646737,-0.000176065049512875,"Cam Horsley","TEN","DL",2025
"1351","00-0039239",1553,-0.00193820215623918,0.0270498747477522,-0.000176200196021743,"Kalen King","ARI","DB",2025
"1352","00-0034787",415,-0.00194187792842037,0.0271533839534906,-0.000176534357129125,"Chris Board","NYG","LB",2025
"1353","00-0033538",225,-0.00194508565238712,0.0259680839395941,-0.000176825968398829,"Garett Bolles","DEN","OL",2025
"1354","00-0035298",532,-0.00194975666105436,0.0271083569273852,-0.000177250605550396,"Scott Miller","PIT","WR",2025
"1355","00-0034073",308,-0.00195539935661173,0.0268734434445277,-0.000177763577873793,"Ross Dwelley","CAR","TE",2025
"1356","00-0040406",2045,-0.00196518400047432,0.0266533874352416,-0.000178653090952211,"Quentin Skinner","NYJ","WR",2025
"1357","00-0031957",104,-0.0019658630081186,0.0268751293951059,-0.000178714818919873,"Rakeem Nunez-Roches","NYG","DL",2025
"1358","00-0037259",1056,-0.00197167938463013,0.0274236567712755,-0.000179243580420921,"Micah McFadden","NYG","LB",2025
"1359","00-0039877",1801,-0.00198300328442437,0.0283027143692261,-0.000180273025856761,"Mohamed Kamara","TB","LB",2025
"1360","00-0038403",1274,-0.00199726891821421,0.027768133830909,-0.000181569901655837,"Tre Hawkins III","WAS","DB",2025
"1361","00-0039054",1496,-0.00199773250018565,0.0263824743654588,-0.000181612045471423,"Marte Mapu","NE","LB",2025
"1362","00-0039272",1559,-0.00200786265192765,0.0269707141706702,-0.000182532968357059,"Donovan Jennings","GB","OL",2025
"1363","00-0040172",1938,-0.0020238038493531,0.0275724267153828,-0.000183982168123009,"Jordan Watkins","SF","WR",2025
"1364","00-0026027",6,-0.00203055654229408,0.0280123860313633,-0.000184596049299462,"J.J. Jansen","CAR","LS",2025
"1365","00-0039518",1675,-0.00204155596829355,0.0288048602624161,-0.000185595997117596,"Treyton Welch","NO","TE",2025
"1366","00-0036394",768,-0.00204917637222651,0.0277740122029547,-0.0001862887611115,"Darnay Holmes","LV","DB",2025
"1367","00-0040217",1977,-0.00206163753301017,0.0280807453123299,-0.000187421593910015,"Chase Lundt","BUF","OL",2025
"1368","00-0037385",1112,-0.00207130894767871,0.0275006941818653,-0.000188300813425338,"Michael Niese","DET","OL",2025
"1369","00-0033072",177,-0.00208767426584625,0.0270645509106089,-0.000189788569622386,"Leonard Floyd","ATL","DL",2025
"1370","00-0031364",77,-0.00210844724907699,0.0266521702796013,-0.000191677022643363,"Jadeveon Clowney","DAL","DL",2025
"1371","00-0035646",579,-0.00211953309371508,0.0269379281633574,-0.000192684826701371,"Sione Takitaki","MIN","LB",2025
"1372","00-0039436",1653,-0.00213698445205523,0.0250935148410475,-0.000194271313823203,"Jaylen Harrell","TEN","LB",2025
"1373","00-0036854",887,-0.0021433221209448,0.0274271624084941,-0.000194847465540436,"Evan McPherson","CIN","K",2025
"1374","00-0037157",1016,-0.0021464517595873,0.0257482880576884,-0.0001951319781443,"Bam Knight","ARI","RB",2025
"1375","00-0036704",861,-0.00215839386869072,0.0276274644487554,-0.000196217624426429,"Caleb Johnson","MIA","LB",2025
"1376","00-0040748",2184,-0.00216079802030193,0.0275103508633104,-0.000196436183663812,"Omarr Norman-Lott","KC","DL",2025
"1377","00-0040501",2066,-0.0021670563661981,0.0271613477607952,-0.000197005124199827,"Austin Keys","ARI","LB",2025
"1378","00-0040749",2185,-0.00216785982151621,0.0271750808513357,-0.000197078165592383,"Andrew Mukuba","PHI","DB",2025
"1379","00-0039072",1509,-0.00217201185839658,0.0261533455919005,-0.000197455623490598,"Jakorian Bennett","PHI","DB",2025
"1380","00-0036843",883,-0.00217593875193366,0.0275497799125758,-0.000197812613812151,"Isaiahh Loudermilk","PIT","DL",2025
"1381","00-0038366",1258,-0.00218177686193318,0.0267928000956209,-0.000198343351084834,"Tanner Ingle","LA","DB",2025
"1382","00-0038152",1254,-0.0021819440163375,0.0287140601320526,-0.000198358546939772,"Lucas Havrisik","GB","K",2025
"1383","00-0036567",815,-0.00221996062257555,0.0300537637464001,-0.000201814602052322,"Elijah Mitchell","NE","RB",2025
"1384","00-0036389",765,-0.00222693454338442,0.0263051516097313,-0.000202448594853129,"Jalen Hurts","PHI","QB",2025
"1385","00-0037542",1135,-0.00224419912795033,0.0271247423394501,-0.000204018102540939,"John Parker Romo","ATL","K",2025
"1386","00-0033902",281,-0.00224684084217915,0.029010255239659,-0.000204258258379923,"Tanoh Kpassagnon","IND","DL",2025
"1387","00-0040118",1889,-0.00225140764213409,0.0263864847045704,-0.00020467342201219,"Cooper McDonald","KC","LB",2025
"1388","00-0035743",618,-0.00227265141885316,0.0253382891878541,-0.000206604674441196,"Brett Toth","PHI","OL",2025
"1389","00-0040164",1930,-0.00228896095886899,0.0257929545191468,-0.000208087359897181,"Jaylin Lane","WAS","WR",2025
"1390","00-0040079",1881,-0.00229283346015961,0.0273942129033164,-0.000208439405469055,"Garrett Dellinger","TEN","OL",2025
"1391","00-0036332",735,-0.00229411608977364,0.0272853012142132,-0.00020855600816124,"Josiah Deguara","ARI","TE",2025
"1392","00-0035127",485,-0.00229782951145695,0.027029604324046,-0.000208893591950631,"Andre James","LAC","OL",2025
"1393","00-0036123",653,-0.00230372951614839,0.0275975136062729,-0.00020942995601349,"Brandon Walton","CAR","OL",2025
"1394","00-0039164",1538,-0.00230885581566071,0.0282410427553593,-0.000209895983241883,"Anthony Richardson","IND","QB",2025
"1395","00-0031079",63,-0.00233207956417959,0.0277456549896783,-0.000212007233107236,"Pat O'Donnell","ARI","P",2025
"1396","00-0035277",526,-0.00233726516910804,0.0262162026820208,-0.000212478651737095,"Mike Jackson","CAR","DB",2025
"1397","00-0038781",1417,-0.00234234810901942,0.0279589496604339,-0.000212940737183584,"Rejzohn Wright","NO","DB",2025
"1398","00-0038513",1298,-0.00234520437821349,0.0267470464030584,-0.000213200398019408,"Cam Jones","NYJ","LB",2025
"1399","00-0040021",1855,-0.00237425052376426,0.028121084541636,-0.000215840956705842,"Phil Mafah","DAL","RB",2025
"1400","00-0036894",906,-0.00237633254278709,0.0258159143810791,-0.000216030231162463,"Pat Freiermuth","PIT","TE",2025
"1401","00-0034983",467,-0.0023886386908734,0.0268727515725886,-0.000217148971897581,"Hunter Renfrow","CAR","WR",2025
"1402","00-0032399",133,-0.00239334724503664,0.0269010503324963,-0.000217577022276058,"Miles Killebrew","PIT","DB",2025
"1403","00-0039021",1484,-0.00239652460633193,0.0275070158961977,-0.000217865873302903,"Roschon Johnson","CHI","RB",2025
"1404","00-0039743",1720,-0.00239805170804273,0.0285926729722393,-0.000218004700731158,"Jordan Jefferson","CIN","DL",2025
"1405","00-0035617",563,-0.00240451083223508,0.0260348577599959,-0.000218591893839553,"Troy Reeder","LA","LB",2025
"1406","00-0036967",946,-0.00241089950901031,0.0267969790685781,-0.000219172682637301,"Joe Tryon-Shoyinka","CHI","DL",2025
"1407","00-0040653",2120,-0.00242910448140885,0.0269083797426018,-0.000220827680128077,"Ricky White III","SEA","WR",2025
"1408","00-0031576",90,-0.00244613026226799,0.0271358497282275,-0.000222375478387999,"Za'Darius Smith","PHI","LB",2025
"1409","00-0040382",2035,-0.00249700825070545,0.0252686488088574,-0.000227000750064132,"Josh Fryar","ARI","OL",2025
"1410","00-0039809",1752,-0.00249974034637469,0.0264081969996739,-0.000227249122397699,"Jonah Elliss","DEN","LB",2025
"1411","00-0035149",490,-0.00252177182446834,0.0267050967666388,-0.000229251984042577,"Nick Allegretti","WAS","OL",2025
"1412","00-0031357",75,-0.00253487149087815,0.0270299439959386,-0.000230442862807105,"C.J. Goodwin","DAL","DB",2025
"1413","00-0037316",1097,-0.00254554556169072,0.0275737930953549,-0.000231413232880975,"Mark Robinson","CLE","LB",2025
"1414","00-0033787",251,-0.00255481545638431,0.027646468945575,-0.000232255950580392,"Jake Elliott","PHI","K",2025
"1415","00-0040201",1966,-0.00257012805055812,0.025606367311949,-0.000233648004596193,"Marcus Harris","TEN","DB",2025
"1416","00-0040352",2026,-0.00257604085792559,0.0284228203759207,-0.00023418553253869,"Coleman Owen","IND","WR",2025
"1417","00-0039233",1549,-0.00259113528799937,0.026234728970493,-0.000235557753454489,"Roger Rosengarten","BAL","OL",2025
"1418","00-0035240",507,-0.00259794059504222,0.0246304181867549,-0.000236176417731111,"Jahlani Tavai","NE","LB",2025
"1419","00-0040512",2071,-0.00260305069262028,0.0270494531793804,-0.000236640972056389,"Brandon Crenshaw-Dickson","TEN","OL",2025
"1420","00-0033303",207,-0.00260749189400271,0.0269789847876063,-0.00023704471763661,"Harrison Butker","KC","K",2025
"1421","00-0036554",809,-0.00261436323470156,0.0252422947808337,-0.000237669384972869,"Nico Collins","HOU","WR",2025
"1422","00-0037098",1004,-0.00262384707241981,0.0268144305970333,-0.000238531552038164,"Samori Toure","NO","WR",2025
"1423","00-0039041",1490,-0.00263429501081826,0.0249084998865065,-0.000239481364619842,"Elijah Higgins","ARI","TE",2025
"1424","00-0037282",1074,-0.00266836330414852,0.0267385596811595,-0.00024257848219532,"James Mitchell","CAR","TE",2025
"1425","00-0039292",1566,-0.00266996978685114,0.027623416255059,-0.000242724526077377,"Shemar Bartholomew","GB","DB",2025
"1426","00-0035643",576,-0.00270271947638812,0.0256463300136317,-0.000245701770580738,"Jeffery Simmons","TEN","DL",2025
"1427","00-0030062",45,-0.00270416509263301,0.0264346365538742,-0.000245833190239364,"Darius Slay","BUF","DB",2025
"1428","00-0037034",985,-0.00270593282745241,0.0251007455201351,-0.000245993893404765,"Dee Alford","ATL","DB",2025
"1429","00-0035500",552,-0.00270993687852828,0.0268443524552009,-0.000246357898048026,"Greg Dortch","ARI","WR",2025
"1430","00-0040156",1923,-0.00271403006013069,0.028294261699617,-0.000246730005466426,"Billy Bowman Jr.","ATL","DB",2025
"1431","00-0038852",1439,-0.00271549383191618,0.0271871154836211,-0.000246863075628744,"John Ojukwu","TEN","OL",2025
"1432","00-0036313",726,-0.0027684808202597,0.0276025457469077,-0.000251680074569064,"Braden Mann","PHI","P",2025
"1433","00-0033294",205,-0.00277754974115471,0.0248694789699742,-0.000252504521923156,"Chuck Clark","PIT","DB",2025
"1434","00-0032416",135,-0.0027813836533296,0.0266943107962359,-0.0002528530593936,"Quinton Jefferson","DET","DL",2025
"1435","00-0033119",186,-0.00283237200379958,0.0256023804286133,-0.00025748836398178,"Jacoby Brissett","ARI","QB",2025
"1436","00-0034681",396,-0.00283508298425385,0.0273943361701249,-0.00025773481675035,"Chase Edmonds","WAS","RB",2025
"1437","00-0039150",1532,-0.00286340792362364,0.0273166438437309,-0.000260309811238513,"Bryce Young","CAR","QB",2025
"1438","00-0040673",2133,-0.00289917747929645,0.0282492188931312,-0.00026356158902695,"Jalen Milroe","SEA","QB",2025
"1439","00-0036788",873,-0.00290008035359275,0.0270393816581825,-0.000263643668508432,"Jack Heflin","LA","DL",2025
"1440","00-0040506",2068,-0.00291178947270152,0.0265338216778367,-0.000264708133881956,"Myles Price","MIN","WR",2025
"1441","00-0037633",1155,-0.00292607892407971,0.0263388142770535,-0.000266007174916337,"Jacob Hummel","BAL","LB",2025
"1442","00-0040649",2117,-0.00293040383375547,0.0264053475227944,-0.000266400348523224,"Robbie Ouzts","SEA","RB",2025
"1443","00-0040770",2189,-0.00294212559877369,0.0270369232417936,-0.00026746596352488,"Ajani Carter","HOU","DB",2025
"1444","00-0037593",1145,-0.0029426461239562,0.0276272740000754,-0.000267513283996018,"Tre Avery","CLE","DB",2025
"1445","00-0039731",1709,-0.00294526511212765,0.0250272207615773,-0.000267751373829787,"JC Latham","TEN","OL",2025
"1446","00-0039032",1487,-0.0029615110119725,0.0274593616520135,-0.000269228273815682,"Tyjae Spears","TEN","RB",2025
"1447","00-0038564",1326,-0.00297098609512899,0.0259673237953349,-0.000270089645011727,"Cameron Latu","PHI","TE",2025
"1448","00-0040735",2171,-0.00297994660045168,0.0255746552388233,-0.000270904236404698,"Luther Burden III","CHI","WR",2025
"1449","00-0040227",1985,-0.00298069075622258,0.0272091523936177,-0.000270971886929325,"Jonah Monheim","JAX","OL",2025
"1450","00-0028946",27,-0.00299372149899107,0.0274614560851508,-0.000272156499908279,"Aaron Brewer","ARI","LS",2025
"1451","00-0040128",1897,-0.00300580755597482,0.026187746113042,-0.000273255232361347,"Tyler Warren","IND","TE",2025
"1452","00-0038629",1378,-0.00302895335600664,0.0280565654681911,-0.000275359396000604,"Jovaughn Gwyn","ATL","OL",2025
"1453","00-0037799",1182,-0.00303976465762389,0.0252326969006244,-0.000276342241602171,"Dondrea Tillman","DEN","LB",2025
"1454","00-0040577",2086,-0.00304711685860775,0.0272280980093493,-0.000277010623509795,"Jalon Walker","ATL","LB",2025
"1455","00-0037086",998,-0.00305748027687111,0.0258321027346548,-0.000277952752442828,"Grant Calcaterra","PHI","TE",2025
"1456","00-0036553",808,-0.00306770174567306,0.027674714511699,-0.000278881976879369,"Carlos Basham","LV","LB",2025
"1457","00-0034941",452,-0.00307597306720283,0.0275385997303442,-0.000279633915200258,"Mitch Wishnowsky","BUF","P",2025
"1458","00-0039002",1476,-0.00308702680652424,0.0247824854826534,-0.000280638800593113,"Sydney Brown","PHI","DB",2025
"1459","00-0036082",649,-0.00309750640016717,0.0279075677306602,-0.000281591490924289,"Liam McCullough","ATL","LS",2025
"1460","00-0038133",1249,-0.00312287189201267,0.0257729238967698,-0.000283897444728425,"Boye Mafe","SEA","LB",2025
"1461","00-0036905",914,-0.00314966133184171,0.025865045006391,-0.000286332848349246,"Larry Borom","MIA","OL",2025
"1462","00-0033093",182,-0.00315512717989561,0.0258958528987977,-0.000286829743626874,"Jonathan Bullard","NO","DL",2025
"1463","00-0040613",2100,-0.00316126932596386,0.0276323860007235,-0.000287388120542169,"Shaun Dolac","LA","LB",2025
"1464","00-0039458",1660,-0.00316560701353098,0.026453085800189,-0.000287782455775543,"Brenden Bates","CLE","TE",2025
"1465","00-0035663",585,-0.00316617849811465,0.0253692843643783,-0.000287834408919514,"Taylor Rapp","BUF","DB",2025
"1466","00-0039910",1826,-0.00317548927606234,0.0258151279802416,-0.000288680843278394,"Jayden Daniels","WAS","QB",2025
"1467","00-0039847",1780,-0.00317574361041402,0.0250715818321385,-0.000288703964583093,"Theo Johnson","NYG","TE",2025
"1468","00-0033783",250,-0.00318001752531666,0.0266606211272866,-0.000289092502301514,"Ahkello Witherspoon","LA","DB",2025
"1469","00-0040625",2102,-0.00319017874335774,0.0288018359509274,-0.000290016249396158,"Nick Jackson","TB","LB",2025
"1470","00-0039382",1618,-0.00319143966948416,0.0283991884356538,-0.000290130879044014,"Christian Jones","ARI","OL",2025
"1471","00-0038891",1442,-0.00320162583584675,0.0278853515303673,-0.000291056894167887,"Shedrick Jackson","LV","WR",2025
"1472","00-0038131",1248,-0.00320731187083921,0.0256960718182249,-0.000291573806439928,"Ed Ingram","HOU","OL",2025
"1473","00-0040132",1901,-0.00325081489730527,0.0271093418009607,-0.000295528627027751,"Landon Jackson","BUF","DL",2025
"1474","00-0040245",1997,-0.00325147067031518,0.0242448171279703,-0.000295588242755926,"Connor Colby","SF","OL",2025
"1475","00-0037752",1175,-0.00325527080638926,0.0260999723979171,-0.000295933709671751,"Tycen Anderson","CIN","DB",2025
"1476","00-0032242",117,-0.00325532433928194,0.0252003382017816,-0.000295938576298359,"Rob Havenstein","LA","OL",2025
"1477","00-0033131",188,-0.00325723623537081,0.0270168978676472,-0.00029611238503371,"Maliek Collins","CLE","DL",2025
"1478","00-0038579",1338,-0.00326784069518326,0.0271920617971265,-0.000297076426834841,"Aidan O'Connell","LV","QB",2025
"1479","00-0036363",754,-0.00329814594864828,0.0257539357525296,-0.000299831449877116,"Josh Jones","SEA","OL",2025
"1480","00-0037823",1199,-0.00330236755972241,0.0259413004331629,-0.000300215232702037,"Christian Harris","HOU","LB",2025
"1481","00-0039310",1570,-0.0033155838784972,0.027529694246973,-0.000301416716227018,"Trevor Keegan","DAL","OL",2025
"1482","00-0038817",1430,-0.00332180016155381,0.0270277849958792,-0.000301981832868528,"Evan Deckers","TB","LS",2025
"1483","00-0039068",1506,-0.00332545420796384,0.0257692561324092,-0.000302314018905804,"Yaya Diaby","TB","LB",2025
"1484","00-0036376",760,-0.00333438071889734,0.0261885950872149,-0.000303125519899759,"Tyler Biadasz","WAS","OL",2025
"1485","00-0036833",879,-0.00333483475310052,0.0269809423540936,-0.000303166795736411,"Ryan Neuzil","ATL","OL",2025
"1486","00-0040709",2149,-0.00333619016826229,0.0270416551436078,-0.000303290015296572,"Maxwell Hairston","BUF","DB",2025
"1487","00-0036480",795,-0.00333699969959176,0.026613510640172,-0.000303363609053797,"Dayo Odeyingbo","CHI","DL",2025
"1488","00-0040148",1915,-0.00334193628909256,0.0271339058237385,-0.000303812389917505,"Xavier Watts","ATL","DB",2025
"1489","00-0039836",1772,-0.0033451107694079,0.027512350593369,-0.000304100979037082,"Brennan Jackson","LV","LB",2025
"1490","00-0034418",372,-0.00335306064716668,0.0265456883571762,-0.000304823695196971,"Cedrick Wilson Jr.","MIA","WR",2025
"1491","00-0034429",374,-0.00337270812606076,0.0260323864792263,-0.000306609829641887,"Jordan Mailata","PHI","OL",2025
"1492","00-0035254",515,-0.00337777858787371,0.0244662875928946,-0.000307070780715792,"Anthony Nelson","TB","LB",2025
"1493","00-0036679",857,-0.00338263627761059,0.0285659922342218,-0.00030751238887369,"Shane Buechele","BUF","QB",2025
"1494","00-0034789",416,-0.0034111069058566,0.0261520852814383,-0.000310100627805146,"Minkah Fitzpatrick","MIA","DB",2025
"1495","00-0035594",561,-0.00341252080166306,0.0272576070855616,-0.000310229163787551,"Travis Homer","CHI","RB",2025
"1496","00-0039031",1486,-0.00341667236043235,0.025659841979029,-0.000310606578221123,"Adetomiwa Adebawore","IND","DL",2025
"1497","00-0034577",388,-0.00342024968164203,0.0275119842746802,-0.000310931789240184,"Kyle Allen","DET","QB",2025
"1498","00-0040258",2004,-0.00342466345146408,0.0270331917526192,-0.000311333041042189,"Dom Jones","CLE","DB",2025
"1499","00-0036620",830,-0.00342554581650219,0.0272641470691178,-0.000311413256045654,"Dee Eskridge","MIA","WR",2025
"1500","00-0039405",1634,-0.00344500406939024,0.026796592477027,-0.000313182188126386,"Jawhar Jordan","HOU","RB",2025
"1501","00-0028118",22,-0.00345061588043829,0.0263869325762971,-0.000313692352767117,"Tyrod Taylor","NYJ","QB",2025
"1502","00-0035352",538,-0.0034582393111568,0.0254430323364712,-0.000314385391923345,"Tyrel Dodson","MIA","LB",2025
"1503","00-0039842",1777,-0.00346134580199114,0.0280394075138618,-0.000314667800181013,"Michael Jerrell","ATL","OL",2025
"1504","00-0036922",922,-0.00349134106625763,0.0263539389819262,-0.000317394642387058,"Patrick Johnson","NE","LB",2025
"1505","00-0040151",1918,-0.00349974737188697,0.0263982244572566,-0.000318158851989725,"Charles Grant","LV","OL",2025
"1506","00-0036309",724,-0.00350453455788157,0.0266314269708418,-0.000318594050716507,"Darnell Mooney","ATL","WR",2025
"1507","00-0034357",350,-0.00351053224834879,0.0251296340942273,-0.000319139295304435,"Isaiah Oliver","NYJ","DB",2025
"1508","00-0034161",319,-0.0035271032217187,0.0273008593670153,-0.000320645747428973,"Daniel Carlson","LV","K",2025
"1509","00-0040027",1857,-0.00353741013167143,0.028482163165352,-0.000321582739242857,"Brandon Johnson","PHI","DB",2025
"1510","00-0040104",1885,-0.00354080980374323,0.0281110379022234,-0.000321891800340293,"Keondre Jackson","BAL","DB",2025
"1511","00-0036705",862,-0.0035473241127564,0.0282725518808626,-0.000322484010250582,"Sam Kamara","CLE","DL",2025
"1512","00-0035248",511,-0.00354944712173398,0.0260443755088973,-0.000322677011066726,"Zach Allen","DEN","DL",2025
"1513","00-0035688",601,-0.00356691629895997,0.0259006464778642,-0.00032426511808727,"Trey Pipkins","LAC","OL",2025
"1514","00-0035992",642,-0.00358007029994659,0.0281239765940019,-0.000325460936358781,"Trystan Colon","DET","OL",2025
"1515","00-0036904",913,-0.00358805263632877,0.0280420567785926,-0.000326186603302615,"Robert Rochell","CAR","DB",2025
"1516","00-0037813",1190,-0.00359194545693039,0.026216682504149,-0.000326540496084581,"Channing Tindall","ARI","LB",2025
"1517","00-0033907",285,-0.00359487329458578,0.0252280810029578,-0.000326806663144162,"Dawuane Smoot","JAX","DL",2025
"1518","00-0031583",91,-0.0035974632925257,0.0252216914720315,-0.000327042117502336,"Grady Jarrett","CHI","DL",2025
"1519","00-0040628",2103,-0.00361437339031115,0.0277955040568079,-0.000328579399119195,"Drake Dabney","GB","TE",2025
"1520","00-0038114",1233,-0.00363274017918442,0.0280752059823175,-0.000330249107198584,"Max Mitchell","NYJ","OL",2025
"1521","00-0037194",1022,-0.00364880307192737,0.0258448555783123,-0.000331709370175215,"Darian Kinnard","GB","OL",2025
"1522","00-0033697",244,-0.00364935545423221,0.0270247287069111,-0.000331759586748383,"Michael Davis","NO","DB",2025
"1523","00-0038797",1427,-0.00366622620426045,0.0260112239690079,-0.000333293291296405,"Emanuel Wilson","GB","RB",2025
"1524","00-0032424",136,-0.00368716081286733,0.0249973095973378,-0.000335196437533394,"DJ Reader","DET","DL",2025
"1525","00-0038519",1300,-0.00369678563874207,0.0259422952111087,-0.000336071421703824,"Nikko Remigio","KC","WR",2025
"1526","00-0031935",103,-0.00370386504408189,0.0257385230634795,-0.000336715004007444,"Preston Smith","WAS","DL",2025
"1527","00-0039143",1525,-0.00370947292286266,0.0284183650617702,-0.000337224811169333,"Isaiah Foskey","CIN","DL",2025
"1528","00-0039110",1516,-0.00371893669505957,0.0259479035152153,-0.000338085154096324,"Keeanu Benton","PIT","DL",2025
"1529","00-0040012",1849,-0.00373101408374233,0.0289174839121218,-0.00033918309852203,"Collin Oliver","GB","LB",2025
"1530","00-0034488",383,-0.00374197683269678,0.0262011533637796,-0.000340179712063343,"Tavierre Thomas","MIN","DB",2025
"1531","00-0034487",382,-0.00374486196055398,0.0265372214963102,-0.000340441996413998,"Trent Sherfield","NE","WR",2025
"1532","00-0033857",255,-0.00374659179292217,0.0261321236663174,-0.000340599253902016,"JuJu Smith-Schuster","KC","WR",2025
"1533","00-0035726",617,-0.00374669939960616,0.0259374650410005,-0.000340609036327833,"Jakob Johnson","HOU","RB",2025
"1534","00-0036880",898,-0.00377259647392705,0.0267925172331201,-0.00034296331581155,"Penei Sewell","DET","OL",2025
"1535","00-0040541",2077,-0.00378698413560956,0.0268775399154344,-0.000344271285055414,"Torricelli Simpkins III","NO","OL",2025
"1536","00-0039919",1834,-0.00384453541725273,0.0248290511269099,-0.000349503219750248,"Rome Odunze","CHI","WR",2025
"1537","00-0039354",1593,-0.00385565959069418,0.026161175467727,-0.000350514508244926,"McKinnley Jackson","CIN","DL",2025
"1538","00-0038640",1380,-0.00386447515469375,0.0266742817732268,-0.000351315923153977,"Jalen Brooks","ARI","WR",2025
"1539","00-0033699",245,-0.00386536299113907,0.0274149380832786,-0.000351396635558097,"Austin Ekeler","WAS","RB",2025
"1540","00-0037260",1057,-0.00387621988318705,0.0251196310011999,-0.000352383625744277,"DJ Davidson","NYG","DL",2025
"1541","00-0036624",834,-0.00387887232080894,0.0253410000741863,-0.000352624756437176,"Alim McNeill","DET","DL",2025
"1542","00-0036348",744,-0.00391425230993235,0.0266852147275094,-0.000355841119084759,"Josh Metellus","MIN","DB",2025
"1543","00-0036943",932,-0.00392052802384012,0.0264110601363549,-0.00035641163853092,"Mitchell Fraboni","DEN","LS",2025
"1544","00-0036841",881,-0.00394921956160955,0.0269379536277427,-0.000359019960146323,"Austin Trammell","JAX","WR",2025
"1545","00-0037692",1165,-0.00395235035975332,0.025951504431091,-0.000359304578159393,"Brandon Aubrey","DAL","K",2025
"1546","00-0033393",216,-0.00395438238548339,0.0259317601835496,-0.000359489307771217,"Kenny Moore II","IND","DB",2025
"1547","00-0036996",971,-0.0039657828840747,0.0246739240029497,-0.000360525716734063,"Greg Newsome II","JAX","DB",2025
"1548","00-0040395",2040,-0.00396847790242965,0.0282969788112944,-0.000360770718402695,"Jared Bartlett","ARI","LB",2025
"1549","00-0035020",474,-0.00397552882570487,0.0250821410863032,-0.000361411711427716,"Demetrius Flannigan-Fowles","NYG","LB",2025
"1550","00-0039401",1631,-0.00398983495446275,0.0268448854824006,-0.000362712268587522,"Khristian Boyd","NO","DL",2025
"1551","00-0039817",1757,-0.0039917745386704,0.0279615495809212,-0.000362888594424582,"Jacob Monk","GB","OL",2025
"1552","00-0039815",1755,-0.00399904126724886,0.0256629842795237,-0.000363549206113532,"Tyrice Knight","SEA","LB",2025
"1553","00-0035687",600,-0.00400163612428389,0.0270435123602,-0.000363785102207626,"Bobby Okereke","NYG","LB",2025
"1554","00-0036563",813,-0.00401547056030118,0.0269470635639795,-0.000365042778209198,"Deommodore Lenoir","SF","DB",2025
"1555","00-0040372",2033,-0.00401941988966793,0.0273836035534576,-0.00036540180815163,"Bralyn Lux","CIN","DB",2025
"1556","00-0039884",1806,-0.0040231312572698,0.0269275785491903,-0.000365739205206346,"Tahj Washington","MIA","WR",2025
"1557","00-0037549",1139,-0.00406393794118754,0.0259894853246531,-0.000369448903744321,"Darrell Baker Jr.","TEN","DB",2025
"1558","00-0040388",2038,-0.00406929233649391,0.0278755318314802,-0.000369935666953992,"Jakobie Keeney-James","GB","WR",2025
"1559","00-0039362",1601,-0.0040860093062704,0.0286291120244137,-0.000371455391479127,"Giovanni Manu","DET","OL",2025
"1560","00-0032943",161,-0.0040887482013406,0.0275123906957102,-0.000371704381940055,"Riley Dixon","TB","P",2025
"1561","00-0040196",1961,-0.00408892707764373,0.0281987194409503,-0.000371720643422157,"Tyler Baron","NYJ","DL",2025
"1562","00-0038545",1309,-0.00409601288837337,0.0274141723428117,-0.000372364808033942,"Mazi Smith","NYJ","DL",2025
"1563","00-0039040",1489,-0.00411438987284274,0.0265215342386803,-0.000374035442985703,"De'Von Achane","MIA","RB",2025
"1564","00-0039371",1609,-0.00412025142986171,0.0258310372951213,-0.00037456831180561,"Kris Abrams-Draine","DEN","DB",2025
"1565","00-0039001",1475,-0.0041317268363127,0.0272842440869828,-0.000375611530573881,"Tyler Steen","PHI","OL",2025
"1566","00-0039242",1555,-0.004157986440744,0.0278443006958825,-0.000377998767340364,"Corey Bullock","BAL","OL",2025
"1567","00-0034084",309,-0.00417951734474999,0.0270680964991056,-0.000379956122249999,"Mike Badgley","BUF","K",2025
"1568","00-0034067",307,-0.00419669280785665,0.0270964498317241,-0.000381517527986968,"Scott Daly","CHI","LS",2025
"1569","00-0040202",1967,-0.00420203383717357,0.0251904379908816,-0.000382003076106688,"Devin Neal","NO","RB",2025
"1570","00-0035266",521,-0.00421217589620979,0.0264595142118475,-0.000382925081473618,"Mike Jordan","TB","OL",2025
"1571","00-0031203",67,-0.00422531468365114,0.0265071401985836,-0.000384119516695558,"Cairo Santos","CHI","K",2025
"1572","00-0039291",1565,-0.00422966711180986,0.0272449380084798,-0.000384515191982714,"Eric Watts","NYJ","DL",2025
"1573","00-0037480",1124,-0.00423837654781529,0.0255858480561861,-0.000385306958892299,"Dylan Cook","PIT","OL",2025
"1574","00-0039155",1534,-0.00424056316973163,0.0259664131410291,-0.000385505742702875,"BJ Ojulari","ARI","LB",2025
"1575","00-0040058",1867,-0.00424147330528697,0.0263415628137604,-0.000385588482298815,"Nick Kallerup","SEA","TE",2025
"1576","00-0039874",1798,-0.00424206018542914,0.0265140414764186,-0.000385641835039013,"Jaylen Wright","MIA","RB",2025
"1577","00-0040059",1868,-0.00424880910843831,0.0273523054839057,-0.000386255373494392,"Amari Kight","SEA","OL",2025
"1578","00-0040218",1978,-0.00425038439131033,0.0263024051802901,-0.000386398581028211,"Jimmy Horn Jr.","CAR","WR",2025
"1579","00-0036755",870,-0.00425181363094152,0.0276173741500054,-0.000386528511903775,"Jaret Patterson","LAC","RB",2025
"1580","00-0028394",24,-0.00426649080614861,0.0285567817834328,-0.000387862800558965,"Jake McQuaide","LA","LS",2025
"1581","00-0039345",1585,-0.0042916113977014,0.0237069393815658,-0.000390146490700127,"Renardo Green","SF","DB",2025
"1582","00-0039863",1792,-0.00429974107517918,0.0276469831518089,-0.000390885552289016,"Caedan Wallace","NE","OL",2025
"1583","00-0037106",1005,-0.00433122373820462,0.0272757829742896,-0.000393747612564057,"Jaylon Jones","CHI","DB",2025
"1584","00-0040223",1981,-0.00433881137532393,0.0276243116497355,-0.000394437397756721,"Jeremy Crawshaw","DEN","P",2025
"1585","00-0040070",1874,-0.00434755873810885,0.0275307381216389,-0.00039523261255535,"Carson Vinson","BAL","OL",2025
"1586","00-0040010",1847,-0.00434804320064563,0.0265292781078046,-0.000395276654604148,"Barryn Sorrell","GB","DL",2025
"1587","00-0037092",1000,-0.00435381591055304,0.0269407881548636,-0.000395801446413912,"Chris Paul","WAS","OL",2025
"1588","00-0036166",665,-0.00439099272155148,0.0268347679536676,-0.00039918115650468,"Dane Jackson","BUF","DB",2025
"1589","00-0036262",697,-0.00440427253747344,0.0258875789040605,-0.000400388412497586,"DaVon Hamilton","JAX","DL",2025
"1590","00-0039854",1785,-0.00443092854458717,0.0248633731864333,-0.000402811685871561,"Darius Robinson","ARI","DL",2025
"1591","00-0039061",1499,-0.00443940810417885,0.0260736893903935,-0.00040358255492535,"Desjuan Johnson","LA","DL",2025
"1592","00-0037094",1002,-0.00445721932972781,0.0273199305148578,-0.000405201757247983,"Jonathan Ford","GB","DL",2025
"1593","00-0038614",1366,-0.00446251839356781,0.0258531149874111,-0.000405683490324347,"Scott Matlock","LAC","RB",2025
"1594","00-0040244",1996,-0.00446285043708675,0.0274978491275312,-0.000405713676098795,"Moliki Matavao","NO","TE",2025
"1595","00-0032667",146,-0.00448057560264675,0.025711362923685,-0.000407325054786068,"Roy Robertson-Harris","NYG","DL",2025
"1596","00-0038428",1281,-0.00448668652467634,0.0262613518814462,-0.000407880593152394,"Andre Szmyt","CLE","K",2025
"1597","00-0037179",1017,-0.0045085978714284,0.0267143565225511,-0.000409872533766218,"Jeremiah Moon","PIT","LB",2025
"1598","00-0034377",359,-0.00454877859497989,0.0256609236814526,-0.000413525326816353,"Avonte Maddox","DET","DB",2025
"1599","00-0040007",1844,-0.00455074108406702,0.0256777043778742,-0.000413703734915183,"Tyler Booker","DAL","OL",2025
"1600","00-0037654",1157,-0.00455900965880281,0.0267682247061058,-0.000414455423527528,"Tucker Fisk","LAC","TE",2025
"1601","00-0036337",739,-0.00457461333169804,0.0256389932032571,-0.000415873939245276,"James Lynch","TEN","DL",2025
"1602","00-0033553",230,-0.00457920946085333,0.0263429644580337,-0.000416291769168485,"James Conner","ARI","RB",2025
"1603","00-0037074",989,-0.00458021417516062,0.0253843587573358,-0.000416383106832784,"Quay Walker","GB","LB",2025
"1604","00-0033281",198,-0.00458130799365431,0.0261929618120461,-0.000416482544877665,"Marlon Humphrey","BAL","DB",2025
"1605","00-0040177",1943,-0.0045868036155856,0.0266302819156017,-0.000416982146871418,"Jordan James","SF","RB",2025
"1606","00-0037278",1071,-0.00459806950047514,0.0255615313907033,-0.000418006318225013,"Luke Wattenberg","DEN","OL",2025
"1607","00-0039398",1629,-0.00461545142335095,0.0279232594849045,-0.000419586493031904,"Joe Milton III","DAL","QB",2025
"1608","00-0035757",619,-0.00464331574845452,0.0263570791582959,-0.000422119613495865,"Jacob Bobenmoyer","LV","LS",2025
"1609","00-0035542",557,-0.00464466033160209,0.0272104242991642,-0.000422241848327463,"Kemon Hall","TEN","DB",2025
"1610","00-0037578",1143,-0.00465055171749845,0.0263741345223105,-0.000422777428863495,"Juanyeh Thomas","DAL","DB",2025
"1611","00-0034639",390,-0.00465828272152427,0.0260476159212502,-0.000423480247411297,"Mike Ford","ATL","DB",2025
"1612","00-0040662",2125,-0.00465857699715758,0.0287114889391675,-0.000423506999741598,"Ty Robinson","PHI","DL",2025
"1613","00-0036648",847,-0.00467330118602854,0.0278919401152987,-0.000424845562366231,"Nick Niemann","GB","LB",2025
"1614","00-0034756",404,-0.00467635007844509,0.0281832163933251,-0.000425122734404099,"Tre Flowers","PIT","DB",2025
"1615","00-0040745",2181,-0.00467999745318742,0.0257267594387533,-0.000425454313926129,"Aireontae Ersery","HOU","OL",2025
"1616","00-0040449",2054,-0.00468060548302511,0.0281863669671369,-0.000425509589365919,"Karene Reid","DEN","LB",2025
"1617","00-0039513",1674,-0.00469644274653298,0.0265567423849154,-0.000426949340593907,"Chris Edmonds","CLE","DB",2025
"1618","00-0040686",2138,-0.00470481620719936,0.0260355299725626,-0.000427710564290851,"Josh Conerly Jr.","WAS","OL",2025
"1619","00-0036924",923,-0.00472120834281656,0.0266017506703506,-0.000429200758437869,"Michael Carter","ARI","RB",2025
"1620","00-0037013",982,-0.00473742824450456,0.0281046574568493,-0.00043067529495496,"Zach Wilson","MIA","QB",2025
"1621","00-0039014",1480,-0.00475999676552291,0.0278736159727136,-0.000432726978683901,"Dawand Jones","CLE","OL",2025
"1622","00-0031279",72,-0.00476171546612286,0.0266548504778859,-0.000432883224192988,"Jake Matthews","ATL","OL",2025
"1623","00-0034376",358,-0.00479750900425963,0.0262554877224617,-0.000436137182205421,"Taron Johnson","BUF","DB",2025
"1624","00-0036392",767,-0.00480058389993452,0.0275195712990786,-0.000436416718175865,"Matt Peart","DEN","OL",2025
"1625","00-0033875",266,-0.00480848515245542,0.0255646420896249,-0.000437135013859583,"Haason Reddick","TB","LB",2025
"1626","00-0033057",173,-0.00481907656851061,0.0261627007177693,-0.000438097869864601,"Jack Conklin","CLE","OL",2025
"1627","00-0036409",773,-0.00482320254817634,0.026858055152947,-0.000438472958925122,"Jordyn Brooks","MIA","LB",2025
"1628","00-0036422",783,-0.00482685925770733,0.0253149569332014,-0.000438805387064303,"Adam Trautman","DEN","TE",2025
"1629","00-0034728",399,-0.00483423218419939,0.0282313597304535,-0.000439475653109035,"Jaire Alexander","PHI","DB",2025
"1630","00-0037804",1184,-0.00483495972959126,0.0273317255080346,-0.000439541793599206,"Zachary Carter","ARI","DL",2025
"1631","00-0037311",1094,-0.00484118943814014,0.0276192092793902,-0.000440108130740013,"Ko Kieft","TB","TE",2025
"1632","00-0032052",105,-0.00485388518079705,0.0275655072017006,-0.000441262289163368,"Dante Fowler Jr.","DAL","DL",2025
"1633","00-0036224",684,-0.00489672556854698,0.0251557830982257,-0.000445156869867907,"Jonathan Greenard","MIN","LB",2025
"1634","00-0034828",433,-0.00493976158426961,0.0257148205142272,-0.000449069234933601,"Harold Landry III","NE","LB",2025
"1635","00-0039363",1602,-0.00494484240048603,0.0266688448646624,-0.000449531127316912,"Isaac Guerendo","SF","RB",2025
"1636","00-0036355",747,-0.00494611158321171,0.0252951751500875,-0.000449646507564701,"Justin Herbert","LAC","QB",2025
"1637","00-0033555",231,-0.00495099294726967,0.0251594208684392,-0.000450090267933606,"Mack Hollins","NE","WR",2025
"1638","00-0040066",1870,-0.00495873610909765,0.027458132559346,-0.00045079419173615,"Jackson Woodard","MIA","LB",2025
"1639","00-0038642",1381,-0.00499307621597163,0.0263707238355453,-0.000453916019633785,"D.J. Ivey","CIN","DB",2025
"1640","00-0026158",7,-0.00500061416629781,0.0241008400430523,-0.000454601287845255,"Joe Flacco","CIN","QB",2025
"1641","00-0038586",1343,-0.00501932841394782,0.027428096416073,-0.000456302583086165,"Atonio Mafi","LV","OL",2025
"1642","00-0036972",950,-0.00502642049594847,0.0266659794444538,-0.000456947317813497,"Mac Jones","SF","QB",2025
"1643","00-0039050",1494,-0.00503058246026889,0.0262699836324839,-0.000457325678206262,"Payne Durham","TB","TE",2025
"1644","00-0040127",1896,-0.00503497366287632,0.0245847744134728,-0.000457724878443302,"Kenneth Grant","MIA","DL",2025
"1645","00-0039745",1722,-0.00504433225423714,0.0266439286090051,-0.000458575659476104,"Tory Taylor","CHI","P",2025
"1646","00-0037661",1158,-0.00504777901800359,0.025638087830318,-0.00045888900163669,"Ja'Marcus Ingram","HOU","DB",2025
"1647","00-0039568",1680,-0.0050672765806911,0.0269820448789606,-0.000460661507335555,"Frank Crum","DEN","OL",2025
"1648","00-0036867",891,-0.00506892312289132,0.0252274367940377,-0.00046081119299012,"Chris Rumph II","NO","LB",2025
"1649","00-0034407",368,-0.00508889985013004,0.0278042395367278,-0.000462627259102731,"Ray-Ray McCloud","NYG","WR",2025
"1650","00-0038684",1393,-0.00508975426560416,0.0269209218704527,-0.000462704933236741,"Ethan Bonner","MIA","DB",2025
"1651","00-0036388",764,-0.00510353676719174,0.0260162247676338,-0.000463957887926522,"Xavier McKinney","GB","DB",2025
"1652","00-0040184",1950,-0.00513349192778395,0.0263060722261924,-0.000466681084343995,"KeAndre Lambert-Smith","LAC","WR",2025
"1653","00-0040311",2015,-0.00514846507505854,0.0279511810592885,-0.000468042279550777,"Theo Wease Jr.","MIA","WR",2025
"1654","00-0038134",1250,-0.00515863917289618,0.0263068593374087,-0.000468967197536017,"Kenneth Walker III","SEA","RB",2025
"1655","00-0037281",1073,-0.00517710103727943,0.0269836005444216,-0.000470645548843584,"Damone Clark","HOU","LB",2025
"1656","00-0040194",1959,-0.00517761487404075,0.026554306731595,-0.000470692261276432,"Jackson Hawes","BUF","TE",2025
"1657","00-0037239",1039,-0.00518901476401985,0.0262392209018295,-0.000471728614910895,"Chris Olave","NO","WR",2025
"1658","00-0033955",303,-0.00520287740730148,0.0255361264509343,-0.000472988855209225,"Jeremy McNichols","WAS","RB",2025
"1659","00-0035249",512,-0.00520749422685856,0.0251517504924226,-0.000473408566078051,"Josh Oliver","MIN","TE",2025
"1660","00-0039826",1763,-0.00522322015551649,0.0259183603262544,-0.000474838195956045,"Jeremiah Trotter Jr.","PHI","LB",2025
"1661","00-0029892",41,-0.00524102175079985,0.0251603905679713,-0.000476456522799987,"Kyle Juszczyk","SF","RB",2025
"1662","00-0039899",1817,-0.00524517901572774,0.0257748493185713,-0.000476834455975249,"Patrick Paul","MIA","OL",2025
"1663","00-0040404",2044,-0.00526031467597431,0.0260803088779508,-0.000478210425088574,"Payton Page","NYJ","DL",2025
"1664","00-0038505",1295,-0.00526508671402345,0.0251421468551274,-0.000478644246729404,"Tavius Robinson","BAL","LB",2025
"1665","00-0038605",1359,-0.00526567590312075,0.0260192919397939,-0.000478697809374614,"JL Skinner","DEN","DB",2025
"1666","00-0032415",134,-0.00526623639238275,0.0266550891394847,-0.000478748762943886,"Matthew Judon","BUF","LB",2025
"1667","00-0022942",1,-0.00527784790677176,0.0268506843377008,-0.00047980435516107,"Philip Rivers","IND","QB",2025
"1668","00-0033319",209,-0.00527908879495003,0.0282601673565199,-0.000479917163177275,"Nick Mullens","JAX","QB",2025
"1669","00-0037091",999,-0.00530736478596431,0.0268567301367729,-0.000482487707814937,"Bo Melton","GB","DB",2025
"1670","00-0039348",1587,-0.00532938684975534,0.0257360976432458,-0.000484489713614122,"Cooper Beebe","DAL","OL",2025
"1671","00-0033870",262,-0.00537759021613365,0.0261315350521838,-0.000488871837830332,"Solomon Thomas","DAL","DL",2025
"1672","00-0037665",1162,-0.00538698273124779,0.0259855474237017,-0.000489725702840708,"Sam Williams","DAL","DL",2025
"1673","00-0039763",1732,-0.00542917400590517,0.0267841694554338,-0.000493561273264107,"Joe Andreessen","BUF","LB",2025
"1674","00-0033375",213,-0.00543943835492251,0.0267297628291426,-0.000494494395902046,"Tim Patrick","JAX","WR",2025
"1675","00-0033886",274,-0.00544158178885206,0.0252127441575429,-0.000494689253532005,"T.J. Watt","PIT","LB",2025
"1676","00-0039013",1479,-0.00544265657470785,0.0259713988987676,-0.000494786961337077,"Nolan Smith","PHI","LB",2025
"1677","00-0031237",69,-0.00544475245234535,0.028186065079086,-0.000494977495667759,"Teddy Bridgewater","TB","QB",2025
"1678","00-0036215",679,-0.00546498526177872,0.0270795616092843,-0.000496816841979883,"Danny Pinter","IND","OL",2025
"1679","00-0040582",2091,-0.00547208662749708,0.027062872971917,-0.000497462420681553,"Arian Smith","NYJ","WR",2025
"1680","00-0040661",2124,-0.00548713463537902,0.0260046469235718,-0.000498830421398092,"Donovan Jackson","MIN","OL",2025
"1681","00-0036294",716,-0.00549050652209976,0.0254311680379042,-0.000499136956554524,"Logan Wilson","DAL","LB",2025
"1682","00-0040547",2079,-0.00551268345160928,0.0269873122352761,-0.000501153041055389,"Nate Carter","ATL","RB",2025
"1683","00-0035253",514,-0.00552335362644742,0.0254997739685285,-0.000502123056949766,"C.J. Gardner-Johnson","CHI","DB",2025
"1684","00-0035190",495,-0.00552368243201058,0.0286547798224255,-0.000502152948364598,"AJ Cole","LV","P",2025
"1685","00-0040720",2157,-0.00554440327351566,0.0256324503613491,-0.000504036661228697,"Jahdae Barron","DEN","DB",2025
"1686","00-0038547",1311,-0.00554503457765074,0.0248887116805889,-0.000504094052513704,"Luke Schoonmaker","DAL","TE",2025
"1687","00-0034116",314,-0.00554764747210479,0.0272816974874467,-0.000504331588373162,"J.T. Gray","TB","DB",2025
"1688","00-0037348",1108,-0.00556017788671315,0.0261887509538408,-0.000505470716973923,"Tanner Conner","NYG","TE",2025
"1689","00-0039370",1608,-0.00556564031928132,0.0253140435036328,-0.000505967301752847,"JD Bertrand","ATL","LB",2025
"1690","00-0036288",711,-0.00556735085525934,0.0282799577320622,-0.000506122805023576,"Yetur Gross-Matos","SF","DL",2025
"1691","00-0040019",1853,-0.00556827501648009,0.0278056157703896,-0.000506206819680009,"Jay Toia","DAL","DL",2025
"1692","00-0035269",522,-0.00556953730645342,0.0279628482211398,-0.000506321573313947,"Matt Gay","SF","K",2025
"1693","00-0040108",1887,-0.00558006466153696,0.0278573395740539,-0.00050727860559427,"Chandler Martin","BAL","LB",2025
"1694","00-0039376",1614,-0.00559777849146686,0.0256973738370731,-0.000508888953769714,"Spencer Rattler","NO","QB",2025
"1695","00-0033910",287,-0.00560252502818066,0.0261466387376175,-0.000509320457107333,"Dan Feeney","TB","OL",2025
"1696","00-0039871",1796,-0.00562813999382546,0.0261614161804765,-0.000511649090347769,"Troy Fautanu","PIT","OL",2025
"1697","00-0040496",2064,-0.00563916678605982,0.0272420847164687,-0.000512651526005438,"Chaz Chambliss","MIN","LB",2025
"1698","00-0040566",2084,-0.00564363214018022,0.0260914027637194,-0.000513057467289111,"CJ Dippre","NE","TE",2025
"1699","00-0040160",1926,-0.00565610797993378,0.02454477900825,-0.000514191634539434,"Jack Sawyer","PIT","LB",2025
"1700","00-0036427",786,-0.00565854628129542,0.0256169517323107,-0.000514413298299583,"Tyler Johnson","NYJ","WR",2025
"1701","00-0035133",486,-0.00566774116013409,0.0264807755464393,-0.000515249196375827,"Keisean Nixon","GB","DB",2025
"1702","00-0030035",43,-0.00568714053349563,0.0258843448152874,-0.00051701277577233,"Adam Thielen","PIT","WR",2025
"1703","00-0038705",1398,-0.00568825574471959,0.0265259437938903,-0.000517114158610871,"Emari Demercado","ARI","RB",2025
"1704","00-0036619",829,-0.00569029158109719,0.0258146287579819,-0.000517299234645199,"Dillon Radunz","NO","OL",2025
"1705","00-0036356",748,-0.00570565460516627,0.0282390498408697,-0.000518695873196933,"Isaiah Simmons","CAR","LB",2025
"1706","00-0033347",211,-0.00570783428278153,0.0261920877646327,-0.000518894025707412,"Josh Tupou","BAL","DL",2025
"1707","00-0035118",483,-0.00571116894170449,0.0264344285091126,-0.00051919717651859,"Matthew Orzech","GB","LS",2025
"1708","00-0024243",4,-0.00571676843498448,0.0277359391004536,-0.000519706221362225,"Marcedes Lewis","DEN","TE",2025
"1709","00-0039828",1765,-0.00574094182449225,0.0267929224749817,-0.000521903802226568,"Walter Rouse","MIN","OL",2025
"1710","00-0038112",1232,-0.00574237907434452,0.0271104814806622,-0.000522034461304048,"Cam Jurgens","PHI","OL",2025
"1711","00-0039460",1662,-0.00574816575205279,0.0266685374026364,-0.00052256052291389,"Carl Jones","BAL","LB",2025
"1712","00-0037547",1138,-0.0057510722622822,0.0267389340632789,-0.000522824751116564,"Daniel Whelan","GB","P",2025
"1713","00-0036587",819,-0.00575202180893448,0.0272622159973107,-0.000522911073539499,"Ar'Darius Washington","BAL","DB",2025
"1714","00-0034173",322,-0.00575455569964375,0.0269198796326083,-0.000523141427240341,"Eddy Pineiro","SF","K",2025
"1715","00-0039445",1655,-0.0057653818368885,0.026401444718148,-0.000524125621535319,"Hogan Hatten","DET","LS",2025
"1716","00-0037295",1083,-0.00577746758902311,0.0257662124241897,-0.000525224326274828,"Jamaree Salyer","LAC","OL",2025
"1717","00-0038540",1304,-0.00581028817376993,0.0265957328924421,-0.000528208015797266,"Paris Johnson Jr.","ARI","OL",2025
"1718","00-0033943",297,-0.00584313831591829,0.0269864501911409,-0.000531194392356208,"Josh Reynolds","NYJ","WR",2025
"1719","00-0036888",904,-0.00585542140060739,0.0276112853198544,-0.000532311036418853,"Damar Hamlin","BUF","DB",2025
"1720","00-0040629",2104,-0.00585834386040313,0.0267188303483897,-0.000532576714582103,"Dalevon Campbell","LAC","WR",2025
"1721","00-0039062",1500,-0.00587330956959586,0.0274065896300456,-0.000533937233599624,"Jonathan Mingo","DAL","WR",2025
"1722","00-0040142",1910,-0.00587484471366589,0.0276627612060087,-0.000534076792151445,"Kaleb Johnson","PIT","RB",2025
"1723","00-0040129",1898,-0.00587703942734806,0.0254632957806934,-0.000534276311577096,"Emeka Egbuka","TB","WR",2025
"1724","00-0023853",3,-0.00589459507399685,0.0270525333026867,-0.000535872279454259,"Matt Prater","BUF","K",2025
"1725","00-0038541",1305,-0.00589577508262243,0.0255912493874845,-0.000535979552965675,"Tyree Wilson","LV","DL",2025
"1726","00-0035156",491,-0.00590389045520867,0.0266449967333489,-0.000536717314109879,"Jack Fox","DET","P",2025
"1727","00-0038560",1323,-0.00590699048893373,0.0251251175451003,-0.000536999135357612,"Jordan Battle","CIN","DB",2025
"1728","00-0036325",730,-0.00590878937286193,0.0273557556540695,-0.000537162670260176,"Robert Hunt","CAR","OL",2025
"1729","00-0038400",1272,-0.00592060353479778,0.0270711690980071,-0.000538236684981616,"Tanner McKee","PHI","QB",2025
"1730","00-0039920",1835,-0.00593880737988947,0.0269221209480806,-0.000539891579989951,"Malachi Corley","CLE","WR",2025
"1731","00-0038414",1279,-0.00596992943017183,0.0271445175869674,-0.000542720857288348,"Kendall Williamson","LAC","DB",2025
"1732","00-0035286",529,-0.00597107936271371,0.0271178052043118,-0.000542825396610337,"Cole Holcomb","PIT","LB",2025
"1733","00-0034673",393,-0.00598685667908986,0.0254486541273488,-0.000544259698099078,"Tremaine Edmunds","CHI","LB",2025
"1734","00-0038103",1227,-0.00598877057812193,0.0274935996427803,-0.000544433688920175,"Cole Strange","MIA","OL",2025
"1735","00-0034270",330,-0.0059914395977071,0.0266332873397751,-0.000544676327064281,"Tyler Conklin","LAC","TE",2025
"1736","00-0037258",1055,-0.00599664920481859,0.0283723688456467,-0.000545149927710781,"Dameon Pierce","KC","RB",2025
"1737","00-0029592",33,-0.00600011672308441,0.0253841069307753,-0.000545465156644037,"Kevin Zeitler","TEN","OL",2025
"1738","00-0035202",497,-0.00600408067773439,0.0271190741823874,-0.000545825516157672,"Del'Shawn Phillips","LAC","LB",2025
"1739","00-0034968",460,-0.00600547660423191,0.0265142587949181,-0.000545952418566538,"Darnell Savage","BUF","DB",2025
"1740","00-0031608",93,-0.00600637945177506,0.0274782473296315,-0.000546034495615914,"Quandre Diggs","SEA","DB",2025
"1741","00-0033579",238,-0.00608450079812558,0.0258515355316882,-0.000553136436193234,"Xavier Woods","TEN","DB",2025
"1742","00-0036248",690,-0.0060873836440369,0.0271919461301292,-0.000553398513094263,"Austin Jackson","MIA","OL",2025
"1743","00-0040146",1913,-0.00609094354993763,0.027006686648311,-0.000553722140903421,"Wyatt Milum","JAX","OL",2025
"1744","00-0040742",2178,-0.00609574354448541,0.0269397302070224,-0.000554158504044129,"Jonah Savaiinaea","MIA","OL",2025
"1745","00-0033729",247,-0.00610925206266264,0.0275253335884185,-0.000555386551151149,"Cameron Johnston","NYG","P",2025
"1746","00-0038795",1425,-0.0061337582884566,0.0257029925229409,-0.000557614389859691,"PJ Mustipher","ARI","DL",2025
"1747","00-0039414",1641,-0.00614457012463828,0.0282175928281745,-0.000558597284058026,"Daijahn Anthony","CIN","DB",2025
"1748","00-0040068",1872,-0.00618695898273053,0.0277298399362267,-0.000562450816611866,"Emery Jones Jr.","BAL","OL",2025
"1749","00-0038506",1296,-0.00618821584209849,0.0287309815573143,-0.000562565076554408,"Jordon Riley","GB","DL",2025
"1750","00-0036158",662,-0.00618922552164017,0.0274799663001767,-0.000562656865603652,"J.K. Dobbins","DEN","RB",2025
"1751","00-0040078",1880,-0.0061961603621208,0.027584752211943,-0.000563287305647346,"Brashard Smith","KC","RB",2025
"1752","00-0035704",609,-0.00619779059919381,0.0270918624980405,-0.000563435509017619,"Drew Lock","SEA","QB",2025
"1753","00-0033862",258,-0.00621945893742773,0.0288253150266509,-0.000565405357947975,"Zane Gonzalez","ATL","K",2025
"1754","00-0040587",2096,-0.00622495816799073,0.0269101001966049,-0.000565905287999157,"Drew Kendall","PHI","OL",2025
"1755","00-0034978",464,-0.0062279554268221,0.0256745309596532,-0.000566177766074736,"Ben Powers","DEN","OL",2025
"1756","00-0033702",246,-0.00626388015728159,0.0262680228902769,-0.000569443650661963,"Younghoe Koo","NYG","K",2025
"1757","00-0034844",440,-0.00626402098395662,0.0270478637009777,-0.000569456453086966,"Saquon Barkley","PHI","RB",2025
"1758","00-0038703",1397,-0.00630296743407839,0.0257143769226581,-0.000572997039461672,"Kendell Brooks","TEN","DB",2025
"1759","00-0037308",1092,-0.00630300131016812,0.0291997095680888,-0.000573000119106192,"Lecitus Smith","GB","OL",2025
"1760","00-0038794",1424,-0.00631302626608317,0.0274461337949931,-0.000573911478734833,"Jaleel McLaughlin","DEN","RB",2025
"1761","00-0037611",1150,-0.00632451082099724,0.0257009880713618,-0.000574955529181567,"Kayvon Thibodeaux","NYG","LB",2025
"1762","00-0034847",441,-0.00632981647863208,0.0267178034221194,-0.000575437861693826,"Mike McGlinchey","DEN","OL",2025
"1763","00-0037837",1208,-0.00633871133712209,0.0254327831886152,-0.000576246485192917,"Calvin Austin III","PIT","WR",2025
"1764","00-0039407",1635,-0.00634225736555475,0.0265169342962824,-0.000576568851414068,"Dylan Laube","LV","RB",2025
"1765","00-0040171",1937,-0.00635206318323266,0.0264653964597178,-0.000577460289384787,"Joshua Farmer","NE","DL",2025
"1766","00-0032383",124,-0.00635784928915531,0.0258444589370348,-0.00057798629901412,"Ryan Kelly","MIN","OL",2025
"1767","00-0037744",1172,-0.00636803950045371,0.0260378968883226,-0.000578912681859428,"Trey McBride","ARI","TE",2025
"1768","00-0037155",1015,-0.00638359786702899,0.0257380745037415,-0.000580327078820817,"Tony Adams","NYJ","DB",2025
"1769","00-0040687",2139,-0.00639363166039386,0.0261839469410399,-0.000581239241853987,"Cameron Williams","PHI","OL",2025
"1770","00-0037364",1109,-0.00639430055119585,0.0269483846772014,-0.000581300050108714,"Arron Mosby","GB","DL",2025
"1771","00-0039000",1474,-0.00641836856776185,0.0251912550782864,-0.000583488051614714,"Deonte Banks","NYG","DB",2025
"1772","00-0038696",1396,-0.00641843027830025,0.0269561171811475,-0.000583493661663659,"Keidron Smith","NYJ","DB",2025
"1773","00-0037826",1201,-0.00643065989450318,0.0270423063121143,-0.000584605444954834,"Drake Jackson","WAS","DL",2025
"1774","00-0036968",947,-0.00643455780284392,0.026111202860476,-0.000584959800258538,"Brady Christensen","CAR","OL",2025
"1775","00-0029316",31,-0.00644394757674827,0.0256527689517301,-0.000585813416068025,"Kelvin Beachum","ARI","OL",2025
"1776","00-0034348",345,-0.00646887643924141,0.0269405082778041,-0.000588079676294674,"Courtland Sutton","DEN","WR",2025
"1777","00-0030097",48,-0.00647330353977676,0.0275073516009706,-0.000588482139979705,"David Quessenberry","LA","OL",2025
"1778","00-0036866",890,-0.00649622301335139,0.0275951253450791,-0.00059056572848649,"James Hudson","NYG","OL",2025
"1779","00-0033010",166,-0.00649883794434076,0.0258405143847915,-0.000590803449485524,"Sheldon Day","WAS","DL",2025
"1780","00-0040746",2182,-0.00651162191773481,0.0250379865312475,-0.000591965628884983,"Nic Scourton","CAR","LB",2025
"1781","00-0035678",593,-0.00653148922143257,0.0241561847715655,-0.000593771747402961,"Dre'Mont Jones","BAL","LB",2025
"1782","00-0034302",338,-0.00653678046652349,0.0256034865486864,-0.000594252769683954,"Frankie Luvu","WAS","LB",2025
"1783","00-0034951",453,-0.00655326220661519,0.0254646987664174,-0.00059575110969229,"Fred Johnson","PHI","OL",2025
"1784","00-0033877",268,-0.00656675138196885,0.0255657094993332,-0.000596977398360805,"Malik Hooker","DAL","DB",2025
"1785","00-0033949",301,-0.00658325153838103,0.027193850951831,-0.000598477412580094,"Joshua Dobbs","NE","QB",2025
"1786","00-0040133",1902,-0.00658460081166328,0.0263746635325161,-0.000598600073787571,"Azareye'h Thomas","NYJ","DB",2025
"1787","00-0039818",1758,-0.00658643541280049,0.0260971578462775,-0.000598766855709135,"Kitan Oladapo","GB","DB",2025
"1788","00-0034281",336,-0.00659947728841114,0.027137339398699,-0.000599952480764649,"Bradley Bozeman","LAC","OL",2025
"1789","00-0037208",1030,-0.00660337341271196,0.0267698783828547,-0.000600306673882905,"Jack Cochrane","KC","LB",2025
"1790","00-0036590",821,-0.00666018690192314,0.0260312565387535,-0.000605471536538468,"Quintin Morris","JAX","TE",2025
"1791","00-0036374",758,-0.00666071588902957,0.0269638375833872,-0.000605519626275415,"L'Jarius Sneed","TEN","DB",2025
"1792","00-0035301",533,-0.00667280988964364,0.0265121862480778,-0.000606619080876695,"Donovan Wilson","DAL","DB",2025
"1793","00-0038440",1282,-0.00668054655114206,0.025902825000481,-0.000607322413740187,"Zavier Scott","MIN","RB",2025
"1794","00-0037539",1134,-0.00670121174239551,0.0273618282914808,-0.000609201067490501,"Lucas Krull","DEN","TE",2025
"1795","00-0033860",257,-0.00671925181841166,0.0252327274867207,-0.00061084107440106,"Davon Godchaux","NO","DL",2025
"1796","00-0040228",1986,-0.00673263655312651,0.0257032363798034,-0.000612057868466046,"Cody Lindenberg","LV","LB",2025
"1797","00-0036260",696,-0.00673653923588735,0.0256783257595277,-0.000612412657807941,"Javon Kinlaw","WAS","DL",2025
"1798","00-0039411",1639,-0.00673968397542569,0.027619404020944,-0.000612698543220517,"Elijah Klein","TB","OL",2025
"1799","00-0036987",963,-0.00675087366016617,0.0266485144359663,-0.000613715787287834,"Brandon Stephens","NYJ","DB",2025
"1800","00-0037292",1081,-0.00676428703363601,0.0268084299369982,-0.000614935184876001,"Andrew Ogletree","IND","TE",2025
"1801","00-0040586",2095,-0.00676773978171805,0.0288481408325838,-0.000615249071065277,"Jaydon Blue","DAL","RB",2025
"1802","00-0038609",1362,-0.00679893385261582,0.0256473700765955,-0.000618084895692347,"Luke Wypler","CLE","OL",2025
"1803","00-0039821",1759,-0.00680547952700357,0.0259036111243401,-0.000618679957000325,"Andru Phillips","NYG","DB",2025
"1804","00-0023459",2,-0.00681520692179536,0.0259245157509488,-0.00061956426561776,"Aaron Rodgers","PIT","QB",2025
"1805","00-0036359",750,-0.00681866130553057,0.0275879194614676,-0.000619878300502779,"Damon Arnette","HOU","DB",2025
"1806","00-0036416",779,-0.00682292671631603,0.0267435097481487,-0.000620266065119639,"Kristian Fulton","KC","DB",2025
"1807","00-0035956",639,-0.00682578922865211,0.0267052265045479,-0.000620526293513828,"Giovanni Ricci","DET","TE",2025
"1808","00-0034668",392,-0.00685976810303072,0.0274085974196502,-0.000623615282093702,"Aaron Stinnie","NYG","OL",2025
"1809","00-0037267",1062,-0.00686145814711874,0.0263078013079581,-0.00062376892246534,"Jerome Ford","CLE","RB",2025
"1810","00-0040045",1865,-0.00686927858241443,0.025461327011984,-0.000624479871128584,"Alijah Clark","DAL","DB",2025
"1811","00-0035358",541,-0.00691813817575456,0.027689919446613,-0.000628921652341324,"Chase McLaughlin","TB","K",2025
"1812","00-0038496",1292,-0.00695191657811086,0.0271021213847683,-0.000631992416191896,"Xavier Gipson","NYG","WR",2025
"1813","00-0032378",120,-0.00696178769747139,0.0270529031932673,-0.000632889790679217,"DeForest Buckner","IND","DL",2025
"1814","00-0038752",1411,-0.00702128194199059,0.0258723885930511,-0.000638298358362781,"Jake Bobo","SEA","WR",2025
"1815","00-0040195",1960,-0.00702955487417547,0.0261251190137329,-0.000639050443106861,"Denzel Burke","ARI","DB",2025
"1816","00-0037294",1082,-0.00703607718237292,0.0269342699704608,-0.00063964338021572,"Jordan Jackson","DEN","DL",2025
"1817","00-0038492",1290,-0.00705159707629165,0.0294205303742244,-0.000641054279662878,"Jason Brownlee","KC","WR",2025
"1818","00-0034285",337,-0.00705350443265932,0.0265122753737212,-0.000641227675696302,"Zach Sieler","MIA","DL",2025
"1819","00-0037255",1053,-0.00705708929008472,0.0259941729313273,-0.000641553571825884,"Dylan Parham","LV","OL",2025
"1820","00-0039775",1737,-0.00708928837780785,0.0274152725627333,-0.000644480761618895,"Elias Neal","LA","LB",2025
"1821","00-0039163",1537,-0.00710639907008011,0.0254415892553767,-0.000646036279098192,"C.J. Stroud","HOU","QB",2025
"1822","00-0035264",520,-0.00710739985762045,0.0271303381359668,-0.000646127259783677,"Jarrett Stidham","DEN","QB",2025
"1823","00-0039347",1586,-0.0071328639117441,0.026440971127882,-0.000648442173794918,"Trevin Wallace","CAR","LB",2025
"1824","00-0035876",630,-0.00714776814838703,0.0279069176613645,-0.000649797104398821,"Andre Baccellia","ARI","WR",2025
"1825","00-0035764",621,-0.00715202608333788,0.0266457147506441,-0.000650184189394353,"Calvin Throckmorton","DEN","OL",2025
"1826","00-0039718",1707,-0.00715300316339559,0.0267619033292695,-0.000650273014854144,"Bo Richter","MIN","LB",2025
"1827","00-0038039",1216,-0.00718445563985464,0.0249573357261805,-0.000653132330895876,"Jack Jones","MIA","DB",2025
"1828","00-0038645",1383,-0.00718470729827765,0.02628864491202,-0.000653155208934332,"Spencer Anderson","PIT","OL",2025
"1829","00-0039111",1517,-0.00719027609930593,0.0260923723722785,-0.000653661463573266,"Tuli Tuipulotu","LAC","LB",2025
"1830","00-0032203",112,-0.00719604742059802,0.0276653849938269,-0.000654186129145275,"Andrus Peat","PIT","OL",2025
"1831","00-0038120",1239,-0.00719629608464144,0.0263369412132602,-0.000654208734967403,"Breece Hall","NYJ","RB",2025
"1832","00-0040417",2050,-0.00720188433867415,0.0275042589373783,-0.000654716758061286,"Benjamin Chukwuma","TB","OL",2025
"1833","00-0039844",1778,-0.00723107329104999,0.0266842899988797,-0.000657370299186362,"Kingsley Suamataia","KC","OL",2025
"1834","00-0033676",243,-0.00724674912518051,0.025831533228424,-0.00065879537501641,"Elijah Wilkinson","ATL","OL",2025
"1835","00-0031484",82,-0.00726626692013576,0.0258476608137694,-0.000660569720012342,"Chris Manhertz","NYG","TE",2025
"1836","00-0035229",501,-0.00727209948377356,0.0262220307610587,-0.000661099953070324,"T.J. Hockenson","MIN","TE",2025
"1837","00-0036628",837,-0.00730363652210163,0.0262394147116809,-0.000663966956554694,"John Bates","WAS","TE",2025
"1838","00-0036802",875,-0.00731301677768644,0.0259547816651091,-0.000664819707062404,"Jon Rhattigan","LV","LB",2025
"1839","00-0038660",1390,-0.00733374671840171,0.0266269470755584,-0.000666704247127428,"Trevor Nowaske","DET","LB",2025
"1840","00-0036151",660,-0.007378834957651,0.0254700798747314,-0.000670803177968273,"Bryce Huff","SF","DL",2025
"1841","00-0039305",1568,-0.00738764115079927,0.0257735854771596,-0.000671603740981752,"Jack Westover","NE","RB",2025
"1842","00-0039886",1807,-0.00740247833764363,0.0244359748063288,-0.000672952576149421,"T'Vondre Sweat","TEN","DL",2025
"1843","00-0039753",1728,-0.00740708115833417,0.0264410574823685,-0.000673371014394015,"Beaux Limmer","LA","OL",2025
"1844","00-0039578",1683,-0.00740846745449579,0.026972921070382,-0.000673497041317799,"Dalton Tucker","IND","OL",2025
"1845","00-0040152",1919,-0.00744751174600483,0.0255914692671328,-0.000677046522364075,"Upton Stout","SF","DB",2025
"1846","00-0040784",2191,-0.00747500673751037,0.026296377786623,-0.000679546067046397,"Quinshon Judkins","CLE","RB",2025
"1847","00-0040583",2092,-0.00747732044798397,0.0255054806543453,-0.000679756404362179,"Woody Marks","HOU","RB",2025
"1848","00-0033941",296,-0.00747987800645242,0.0260811560331135,-0.000679988909677493,"Rayshawn Jenkins","CLE","DB",2025
"1849","00-0040710",2150,-0.00749892083247033,0.0262474831820016,-0.000681720075679121,"Deone Walker","BUF","DL",2025
"1850","00-0029263",30,-0.00751111220242678,0.0276385457986008,-0.000682828382038798,"Russell Wilson","NYG","QB",2025
"1851","00-0034163",321,-0.00759459165440445,0.0249765013847091,-0.000690417423127677,"Jacob Martin","WAS","DL",2025
"1852","00-0036483",796,-0.00762976866166067,0.0259916566698613,-0.000693615332878243,"Will Fries","MIN","OL",2025
"1853","00-0040416",2049,-0.00763119007461157,0.0273720034235312,-0.000693744552237415,"John Bullock","TB","LB",2025
"1854","00-0034854",442,-0.00765842981427458,0.0269908033224432,-0.00069622089220678,"KhaDarel Hodge","ATL","WR",2025
"1855","00-0039338",1579,-0.00766211211168272,0.0265320118187415,-0.000696555646516611,"Brock Bowers","LV","TE",2025
"1856","00-0039374",1612,-0.00768293726081288,0.0255745724105981,-0.00069844884189208,"Tommy Eichenberg","LV","LB",2025
"1857","00-0037740",1168,-0.00769068940572367,0.0260619524570006,-0.000699153582338515,"Garrett Wilson","NYJ","WR",2025
"1858","00-0036305",721,-0.00769203586150704,0.0259174386153174,-0.000699275987409731,"Trevis Gipson","CAR","DL",2025
"1859","00-0032065",106,-0.00769473681767724,0.0270083890228782,-0.000699521528879749,"Bradley Pinion","ATL","P",2025
"1860","00-0038565",1327,-0.007696978864014,0.0261606466614449,-0.000699725351274,"Mekhi Blackmon","IND","DB",2025
"1861","00-0036415",778,-0.0077197019394595,0.0256580002811356,-0.000701791085405409,"Van Jefferson","TEN","WR",2025
"1862","00-0034837",437,-0.00774290054522101,0.0270931658946689,-0.000703900049565546,"Calvin Ridley","TEN","WR",2025
"1863","00-0039064",1502,-0.00777624563392239,0.0268125000280025,-0.000706931421265672,"Zay Flowers","BAL","WR",2025
"1864","00-0040130",1899,-0.00778971643241131,0.025138137320021,-0.000708156039310119,"Jayden Higgins","HOU","WR",2025
"1865","00-0039419",1644,-0.00783475675214129,0.026337880186609,-0.000712250613831026,"Michael Jurgens","MIN","OL",2025
"1866","00-0032222",114,-0.00783848233483018,0.0265948138401575,-0.00071258930316638,"D.J. Humphries","LA","OL",2025
"1867","00-0039857",1787,-0.00786433164940808,0.0257894613636307,-0.00071493924085528,"Blake Fisher","HOU","OL",2025
"1868","00-0038905",1444,-0.00789236584343757,0.0276836307953099,-0.00071748780394887,"Blake Grupe","IND","K",2025
"1869","00-0040074",1877,-0.00790113982310545,0.0275753414979061,-0.000718285438464131,"Tyler Loop","BAL","K",2025
"1870","00-0037525",1131,-0.00790158880431987,0.0267476782555274,-0.00071832625493817,"Jordan Mason","MIN","RB",2025
"1871","00-0037461",1121,-0.0079248509810877,0.0265932307964866,-0.0007204409982807,"Tristin McCollum","LV","DB",2025
"1872","00-0038601",1356,-0.00793755517290967,0.0252195682176855,-0.00072159592480997,"Asim Richards","NO","OL",2025
"1873","00-0037263",1060,-0.00795841896687172,0.0261963267564627,-0.000723492633351974,"Tyler Allgeier","ATL","RB",2025
"1874","00-0033548",228,-0.00797151256176433,0.025792927554658,-0.000724682960160393,"Chidobe Awuzie","BAL","DB",2025
"1875","00-0039789",1741,-0.00798792173364013,0.0256458399535262,-0.000726174703058193,"Qwan'tez Stiggers","NYJ","DB",2025
"1876","00-0040170",1936,-0.00801454134472172,0.0260992783477146,-0.000728594667701975,"Elic Ayomanor","TEN","WR",2025
"1877","00-0038463",1286,-0.00802385991339797,0.0282836003302838,-0.000729441810308906,"Brenton Cox Jr.","GB","DL",2025
"1878","00-0038742",1410,-0.00802830747207487,0.0260539791087472,-0.000729846133824988,"Tyrus Wheat","DET","DL",2025
"1879","00-0040013",1850,-0.00810272523289116,0.0269519004962778,-0.000736611384808287,"Smael Mondon Jr.","PHI","LB",2025
"1880","00-0040736",2172,-0.00811232674613678,0.027270008813665,-0.000737484249648799,"Mason Taylor","NYJ","TE",2025
"1881","00-0034805",426,-0.00811248909142269,0.026139847220495,-0.000737499008311154,"John Franklin-Myers","DEN","DL",2025
"1882","00-0040089",1882,-0.00811796165508998,0.0273712615763722,-0.000737996514099089,"Kevin Knowles","KC","DB",2025
"1883","00-0040645",2113,-0.00812392762974468,0.02607817236494,-0.000738538875431334,"Cody Simon","ARI","LB",2025
"1884","00-0040150",1917,-0.00814743863089381,0.0272260111487134,-0.000740676239172165,"Caleb Rogers","LV","OL",2025
"1885","00-0037512",1128,-0.00817178535703687,0.0264726213871425,-0.000742889577912443,"Isaiah Pola-Mao","LV","DB",2025
"1886","00-0039408",1636,-0.00819068739204882,0.0255880946816737,-0.000744607944731711,"Christian Mahogany","DET","OL",2025
"1887","00-0038628",1377,-0.00819109289336077,0.0276303641791198,-0.000744644808487343,"DeMarcco Hellams","ATL","DB",2025
"1888","00-0032211",113,-0.00822595155483121,0.025272016008798,-0.000747813777711928,"Tyler Lockett","LV","WR",2025
"1889","00-0039904",1822,-0.00823800140045949,0.0247935908618477,-0.00074890921822359,"Jordan Morgan","GB","OL",2025
"1890","00-0036825",878,-0.00825603443387899,0.0276365120897742,-0.00075054858489809,"Feleipe Franks","ATL","TE",2025
"1891","00-0037004",978,-0.00826231914106953,0.0275950568859778,-0.000751119921915411,"Hunter Long","JAX","TE",2025
"1892","00-0039416",1642,-0.00830609965259888,0.0284649989104155,-0.00075509996841808,"Jaden Davis","ARI","DB",2025
"1893","00-0036626",836,-0.00831408219000308,0.0253921200502103,-0.000755825653636643,"Dyami Brown","JAX","WR",2025
"1894","00-0037291",1080,-0.00832018863789678,0.0254011454254549,-0.000756380785263343,"Jalen Nailor","MIN","WR",2025
"1895","00-0038582",1341,-0.0083299550375467,0.0281231470521583,-0.000757268639776973,"Clayton Tune","GB","QB",2025
"1896","00-0038986",1469,-0.00834002786460945,0.026163470107406,-0.000758184351328132,"Nic Jones","NYG","DB",2025
"1897","00-0027973",21,-0.00834241168204151,0.0268483372852958,-0.000758401062003774,"Andy Dalton","CAR","QB",2025
"1898","00-0035535",555,-0.00838695915594953,0.0254364736467033,-0.000762450832359048,"Darius Slayton","NYG","WR",2025
"1899","00-0034159",317,-0.00841413782270837,0.0270847398388871,-0.000764921620246216,"Will Dissly","LAC","TE",2025
"1900","00-0038958",1460,-0.00842917224529725,0.0269566470741915,-0.000766288385936113,"Markees Watts","TB","LB",2025
"1901","00-0036199",676,-0.00845080240778441,0.0252536619991012,-0.000768254764344037,"Geno Stone","CIN","DB",2025
"1902","00-0037297",1084,-0.00849794659953987,0.025873815852603,-0.00077254059995817,"Cade Mays","CAR","OL",2025
"1903","00-0039337",1578,-0.00852198185466178,0.0260886731469357,-0.000774725623151071,"Malik Nabers","NYG","WR",2025
"1904","00-0034989",469,-0.00854915780587329,0.0256489389619029,-0.000777196164170299,"Justin Skule","MIN","OL",2025
"1905","00-0038608",1361,-0.00857588632519025,0.0255282624900299,-0.00077962602956275,"Kayshon Boutte","NE","WR",2025
"1906","00-0032569",144,-0.0085785518301362,0.0265736933887398,-0.0007798683481942,"Wil Lutz","DEN","K",2025
"1907","00-0038398",1270,-0.00859003374058288,0.0262947535941728,-0.000780912158234807,"Karl Brooks","GB","DL",2025
"1908","00-0036914",918,-0.00861536212884452,0.0255534446024162,-0.000783214738985866,"Greg Rousseau","BUF","DL",2025
"1909","00-0039144",1526,-0.00863475163937885,0.0257355997232573,-0.000784977421761713,"Luke Musgrave","GB","TE",2025
"1910","00-0039750",1725,-0.00866605237512383,0.0276874794218614,-0.000787822943193075,"Joshua Karty","ARI","K",2025
"1911","00-0035630",567,-0.00868474162399929,0.0267033883638904,-0.000789521965818118,"Chris Lindstrom","ATL","OL",2025
"1912","00-0036636",840,-0.00872463380576315,0.0262679040720376,-0.00079314852779665,"Brenden Jaimes","NE","OL",2025
"1913","00-0040636",2106,-0.00878709375243938,0.0260936198632289,-0.000798826704767217,"Keyon Martin","BAL","DB",2025
"1914","00-0036898",908,-0.00880750184191626,0.0272777837075947,-0.000800681985628751,"Davis Mills","HOU","QB",2025
"1915","00-0036287",710,-0.00881436191296555,0.0257472310911361,-0.000801305628451414,"Noah Igbinoghene","WAS","DB",2025
"1916","00-0032580",145,-0.00889572703026002,0.0248982086882211,-0.000808702457296365,"Jonathan Jones","WAS","DB",2025
"1917","00-0037819",1196,-0.00890395852793633,0.02444362049557,-0.000809450775266939,"Leo Chenal","KC","LB",2025
"1918","00-0040699",2144,-0.00894851398708572,0.0244005157302112,-0.000813501271553248,"Will Campbell","NE","OL",2025
"1919","00-0039379",1616,-0.00897217992859867,0.0264737305230444,-0.000815652720781697,"Jamari Thrash","CLE","WR",2025
"1920","00-0036329",733,-0.00901419411362121,0.0259248147776022,-0.000819472192147382,"Ashtyn Davis","MIA","DB",2025
"1921","00-0036942",931,-0.00902220596404193,0.0256891136823213,-0.00082020054218563,"Osa Odighizuwa","DAL","DL",2025
"1922","00-0035026",476,-0.00902498016411381,0.027065381036311,-0.000820452742192165,"Kevin Givens","SF","DL",2025
"1923","00-0032434",137,-0.00910001357295741,0.0276250416391024,-0.000827273961177946,"Brandon Allen","TEN","QB",2025
"1924","00-0036501",799,-0.00914657225797263,0.0267514996025769,-0.000831506568906603,"Michael Carter II","PHI","DB",2025
"1925","00-0033757",248,-0.00917384495974849,0.0267297162288144,-0.000833985905431681,"Robert Tonyan","KC","TE",2025
"1926","00-0037301",1086,-0.00932212630713542,0.02518988224588,-0.000847466027921402,"Theo Jackson","MIN","DB",2025
"1927","00-0040198",1963,-0.00932400272194379,0.0255415108793271,-0.000847636611085799,"Ollie Gordon II","MIA","RB",2025
"1928","00-0038890",1441,-0.00933338664655651,0.0266827860822161,-0.000848489695141501,"Shaka Heyward","CIN","LB",2025
"1929","00-0040724",2161,-0.00939322380882428,0.0256082302287874,-0.000853929437165844,"T.J. Sanders","BUF","DL",2025
"1930","00-0039872",1797,-0.00939682797919644,0.0269781151020805,-0.000854257089017858,"Cole Bishop","BUF","DB",2025
"1931","00-0039861",1791,-0.00940368921679285,0.025683370312849,-0.000854880837890259,"Tyler Nubin","NYG","DB",2025
"1932","00-0030757",59,-0.00941050691432103,0.0252938182929387,-0.000855500628574639,"Mike Pennel","KC","DL",2025
"1933","00-0033854",254,-0.00946476176586441,0.0260321324859531,-0.000860432887805856,"Dare Ogunbowale","HOU","RB",2025
"1934","00-0040261",2006,-0.00946667294207755,0.0259085235186429,-0.000860606631097959,"Easton Mascarenas-Arnold","CLE","LB",2025
"1935","00-0036443",792,-0.00950608953087265,0.0266503990887068,-0.000864189957352059,"Rex Sunahara","CLE","LS",2025
"1936","00-0038107",1230,-0.00954669864657318,0.0256584609835113,-0.000867881695143016,"Micheal Clemons","NYJ","DL",2025
"1937","00-0038393",1266,-0.00959595185852773,0.0256577782476657,-0.000872359259866157,"Dontayvion Wicks","GB","WR",2025
"1938","00-0040212",1973,-0.00961092190269311,0.0278729567012102,-0.000873720172972101,"Branson Taylor","LAC","OL",2025
"1939","00-0036727",865,-0.00961377414382166,0.0255295770356243,-0.000873979467620151,"Adam Prentice","DEN","RB",2025
"1940","00-0039603",1688,-0.00963473652449624,0.0257553286769612,-0.000875885138590567,"British Brooks","HOU","RB",2025
"1941","00-0040756",2188,-0.00963618889157242,0.026557637541475,-0.000876017171961129,"Shemar Stewart","CIN","DL",2025
"1942","00-0032385",125,-0.00964154141366998,0.0250868184310492,-0.000876503764879089,"Sterling Shepard","TB","WR",2025
"1943","00-0040460",2056,-0.00968571929811001,0.026800044470489,-0.000880519936191819,"Marlowe Wax","LAC","LB",2025
"1944","00-0036441",790,-0.00970008033023242,0.0255228024471641,-0.000881825484566584,"Kenneth Murray, Jr.","DAL","LB",2025
"1945","00-0038610",1363,-0.00973575565529873,0.0273715291480247,-0.000885068695936248,"Bryce Baringer","NE","P",2025
"1946","00-0036347",743,-0.00976309275869083,0.0245128237179151,-0.000887553887153712,"Blake Brandel","MIN","OL",2025
"1947","00-0038498",1293,-0.0098291809913632,0.027846855423544,-0.000893561908305745,"E.J. Jenkins","PHI","TE",2025
"1948","00-0040230",1987,-0.00987427208892277,0.0265257233634414,-0.000897661098992979,"Kitan Crawford","ARI","DB",2025
"1949","00-0040208",1971,-0.00988982915457834,0.026599957994184,-0.00089907537768894,"Tahj Brooks","CIN","RB",2025
"1950","00-0039391",1624,-0.00989172987497326,0.0257738296878685,-0.000899248170452115,"Kimani Vidal","LAC","RB",2025
"1951","00-0029604",34,-0.00989938316339859,0.0261490783637919,-0.000899943923945327,"Kirk Cousins","ATL","QB",2025
"1952","00-0038360",1257,-0.00990433316823197,0.0283078910174167,-0.000900393924384725,"Alex Ward","LA","LS",2025
"1953","00-0040187",1953,-0.00990643139250503,0.0261590566228349,-0.000900584672045911,"Mitchell Evans","CAR","TE",2025
"1954","00-0033883",271,-0.00991351196196536,0.0273071623523569,-0.000901228360178669,"Jabrill Peppers","PIT","DB",2025
"1955","00-0040147",1914,-0.00992709420409442,0.0255484738307493,-0.000902463109463129,"Jared Wilson","NE","OL",2025
"1956","00-0035042",478,-0.00993428433369523,0.0272277701197495,-0.000903116757608657,"Jamie Gillan","NYG","P",2025
"1957","00-0039784",1740,-0.0099972793136002,0.02486291847163,-0.000908843573963654,"Justin Dedich","LA","OL",2025
"1958","00-0040179",1945,-0.00999782382028398,0.027392908346997,-0.000908893074571271,"DJ Giddens","IND","RB",2025
"1959","00-0037205",1028,-0.00999955764274866,0.0263485779874366,-0.000909050694795333,"Brenden Schooler","NE","DB",2025
"1960","00-0036187",670,-0.0100029575420348,0.0255948140861745,-0.00090935977654862,"Reggie Gilliam","BUF","RB",2025
"1961","00-0040192",1957,-0.0100289767347614,0.0263570848020605,-0.000911725157705583,"Jordan Hancock","BUF","DB",2025
"1962","00-0029822",40,-0.0100295587552905,0.0268553047514906,-0.000911778068662771,"Brandon McManus","GB","K",2025
"1963","00-0039864",1793,-0.0101150784343703,0.0255743463946993,-0.000919552584942753,"Dadrion Taylor-Demerson","ARI","DB",2025
"1964","00-0035289",530,-0.0101227326542122,0.0273379337385001,-0.000920248423110197,"Gardner Minshew","KC","QB",2025
"1965","00-0039923",1837,-0.0101358250776546,0.0261223335766883,-0.000921438643423146,"J.J. McCarthy","MIN","QB",2025
"1966","00-0040008",1845,-0.0101583672077266,0.0257240383370517,-0.000923487927975149,"Shavon Revel Jr.","DAL","DB",2025
"1967","00-0034521",385,-0.0101899653416226,0.0273387773886732,-0.000926360485602052,"Allen Lazard","NYJ","WR",2025
"1968","00-0039339",1580,-0.0102049909522061,0.0246367598423584,-0.000927726450200552,"Taliese Fuaga","NO","OL",2025
"1969","00-0039544",1678,-0.0102171268988076,0.0267329730282745,-0.000928829718073415,"Will Putnam","LV","OL",2025
"1970","00-0039051",1495,-0.0102645354445812,0.026094866588827,-0.000933139585871021,"Josh Hayes","TB","DB",2025
"1971","00-0040246",1998,-0.010271167397211,0.0278719414057519,-0.000933742490655547,"Julian Ashby","NE","LS",2025
"1972","00-0040397",2042,-0.0102916316995489,0.027739882966662,-0.000935602881777175,"Jordan Clark","NYJ","DB",2025
"1973","00-0039360",1599,-0.0103060853321631,0.0248397632718801,-0.000936916848378465,"Malik Mustapha","SF","DB",2025
"1974","00-0040143",1911,-0.010307825546936,0.0247332605720916,-0.000937075049721454,"Jacob Parrish","TB","DB",2025
"1975","00-0039234",1550,-0.0103454527540099,0.0258398930675568,-0.000940495704909991,"T.J. Tampa","BAL","DB",2025
"1976","00-0038102",1226,-0.0103789276227591,0.0278982102620339,-0.000943538874796285,"Kenny Pickett","LV","QB",2025
"1977","00-0036274",702,-0.0103825533055435,0.0277332764175098,-0.000943868482322134,"Jeff Okudah","MIN","DB",2025
"1978","00-0039167",1540,-0.0104086960486847,0.0259378641584674,-0.000946245095334968,"Joey Porter Jr.","PIT","DB",2025
"1979","00-0034721",398,-0.0104462164418882,0.0268851752735366,-0.000949656040171659,"Corey Bojorquez","CLE","P",2025
"1980","00-0034261",328,-0.0104898743503447,0.0249386686098695,-0.000953624940940427,"Austin Corbett","CAR","OL",2025
"1981","00-0032234",116,-0.0105021392292439,0.02667898791386,-0.000954739929931265,"Laken Tomlinson","BAL","OL",2025
"1982","00-0040206",1970,-0.0105713629261179,0.0270192478279261,-0.000961032993283445,"Riley Leonard","IND","QB",2025
"1983","00-0034333",340,-0.0105723218883156,0.0269846958076452,-0.000961120171665052,"Daron Payne","WAS","DL",2025
"1984","00-0037081",994,-0.0105964971079453,0.0269889772030914,-0.000963317918904116,"Braxton Jones","CHI","OL",2025
"1985","00-0038623",1373,-0.0106511188472714,0.0258944225283246,-0.000968283531570124,"Dante Stills","ARI","DL",2025
"1986","00-0038549",1313,-0.010651940088055,0.0253801529462821,-0.000968358189823186,"DJ Turner II","CIN","DB",2025
"1987","00-0040178",1944,-0.0106644256773223,0.025144953068338,-0.000969493243392933,"Jason Marshall Jr.","MIA","DB",2025
"1988","00-0034417",371,-0.0106663479108819,0.0270301323653135,-0.000969667991898359,"Matt Pryor","PHI","OL",2025
"1989","00-0039172",1542,-0.0107201275059045,0.0274615624096316,-0.000974557045991317,"Jake Bates","DET","K",2025
"1990","00-0038535",1302,-0.0107265242512658,0.0283393213318639,-0.000975138568296887,"DJ Johnson","WAS","LB",2025
"1991","00-0033284",200,-0.0108254433172142,0.0271862491676198,-0.000984131210655835,"Taylor Moton","CAR","OL",2025
"1992","00-0040727",2164,-0.010830932948736,0.0245047750761074,-0.000984630268066912,"Tre Harris","LAC","WR",2025
"1993","00-0037557",1140,-0.0108319382136072,0.0274518320070388,-0.000984721655782473,"Ronnie Rivers","LA","RB",2025
"1994","00-0035890",632,-0.0108359080054203,0.0255458477349127,-0.000985082545947301,"Tershawn Wharton","CAR","DL",2025
"1995","00-0033073",178,-0.0108558824029211,0.0257251143847316,-0.000986898400265558,"Emmanuel Ogbah","JAX","DL",2025
"1996","00-0030564",55,-0.0108692403207159,0.026548786331906,-0.000988112756428717,"DeAndre Hopkins","BAL","WR",2025
"1997","00-0039879",1803,-0.0108956879612986,0.025739369048669,-0.000990517087390783,"Javon Solomon","BUF","DL",2025
"1998","00-0040197",1962,-0.0110085454454807,0.0269103134606395,-0.00100077685868006,"Dorian Strong","BUF","DB",2025
"1999","00-0034158",316,-0.0110244069648751,0.0269147196366534,-0.00100221881498864,"Brian O'Neill","MIN","OL",2025
"2000","00-0037843",1214,-0.0110435286951208,0.0264812053094233,-0.00100395715410189,"Daniel Hardy","CHI","DL",2025
"2001","00-0036933",926,-0.011118310863125,0.0252800956369801,-0.00101075553301136,"Zaven Collins","ARI","LB",2025
"2002","00-0036159",663,-0.0111188730850455,0.0271574572477622,-0.00101080664409504,"Joshua Uche","PHI","LB",2025
"2003","00-0040738",2174,-0.011150364628629,0.0256744429932695,-0.00101366951169354,"Demetrius Knight Jr.","CIN","LB",2025
"2004","00-0037307",1091,-0.0111523826263883,0.0257822006264144,-0.0010138529660353,"Ja'Sir Taylor","NYJ","DB",2025
"2005","00-0039741",1719,-0.0111536129488155,0.024784169997381,-0.00101396481352868,"Payton Wilson","PIT","LB",2025
"2006","00-0037743",1171,-0.0111580629077365,0.025243878115042,-0.00101436935524877,"Daxton Hill","CIN","DB",2025
"2007","00-0040688",2140,-0.011190526938874,0.0245056782842134,-0.00101732063080673,"Malaki Starks","BAL","DB",2025
"2008","00-0036037",646,-0.011206819965757,0.0271009403289984,-0.00101880181506881,"Sam Franklin Jr.","BUF","DB",2025
"2009","00-0035386",546,-0.0112111247207305,0.0253224959715581,-0.00101919315643005,"T.J. Edwards","CHI","LB",2025
"2010","00-0036081",648,-0.0112806744545202,0.0274175775467282,-0.00102551585950183,"Broderick Washington","BAL","DL",2025
"2011","00-0036171",666,-0.0113001080532856,0.0266959808539821,-0.00102728255029869,"Aaron Brewer","MIA","OL",2025
"2012","00-0040162",1928,-0.0113111919742123,0.0262680521029912,-0.00102829017947385,"Dylan Sampson","CLE","RB",2025
"2013","00-0040163",1929,-0.0113586931549763,0.0257388669734849,-0.00103260846863421,"Jalen Travis","IND","OL",2025
"2014","00-0040234",1989,-0.0113744383743385,0.0273222775238597,-0.00103403985221259,"Quinn Ewers","MIA","QB",2025
"2015","00-0029255",29,-0.0113789676998892,0.026217020073526,-0.00103445160908083,"Bobby Wagner","WAS","LB",2025
"2016","00-0040751",2186,-0.0114074444437783,0.0253897093631645,-0.00103704040397985,"Will Johnson","ARI","DB",2025
"2017","00-0040743",2179,-0.0114171801706848,0.0266061870440375,-0.00103792547006226,"Tyler Shough","NO","QB",2025
"2018","00-0037663",1160,-0.011450383976329,0.0260998953707613,-0.00104094399784809,"Jermaine Johnson II","NYJ","LB",2025
"2019","00-0040726",2163,-0.0115179592094144,0.0264671602144515,-0.00104708720085585,"Anthony Belton","GB","OL",2025
"2020","00-0039827",1764,-0.0115698448998454,0.0268402850305913,-0.00105180408180413,"Hunter Nourzad","KC","OL",2025
"2021","00-0038994",1470,-0.0116291717219511,0.0269297081869898,-0.00105719742926828,"Jordan Addison","MIN","WR",2025
"2022","00-0039622",1690,-0.0116559112952747,0.0268196003484857,-0.00105962829957043,"Isaiah Stalbird","NO","LB",2025
"2023","00-0032763",154,-0.0117218612068713,0.0260868683055783,-0.00106562374607921,"Austin Johnson","JAX","DL",2025
"2024","00-0038571",1332,-0.0117810515840475,0.0272491945053372,-0.00107100468945887,"Jon Gaines II","ARI","OL",2025
"2025","00-0040016",1851,-0.0117978116785951,0.026052255446013,-0.00107252833441773,"Warren Brinson","GB","DL",2025
"2026","00-0032889",158,-0.0118355432296838,0.0248806083709612,-0.0010759584754258,"A'Shawn Robinson","CAR","DL",2025
"2027","00-0040590",2097,-0.0118781770021567,0.0250096936683383,-0.00107983427292333,"Konata Mumpfield","LA","WR",2025
"2028","00-0037277",1070,-0.0119946902606476,0.0269752749220632,-0.0010904263873316,"Teagan Quitoriano","ATL","TE",2025
"2029","00-0038554",1317,-0.0120165230863019,0.0254210016732987,-0.00109241118966381,"Ji'Ayir Brown","SF","DB",2025
"2030","00-0039764",1733,-0.0120251485346382,0.0263476582173922,-0.00109319532133074,"Elijah Chatman","NYG","DL",2025
"2031","00-0035674",591,-0.0120258402704839,0.0260433023957154,-0.00109325820640763,"Jerry Tillery","KC","DL",2025
"2032","00-0039867",1794,-0.0120758553154945,0.0250368164537875,-0.00109780502868132,"Javon Bullard","GB","DB",2025
"2033","00-0035625",564,-0.0120985881353446,0.0256152463914551,-0.00109987164866769,"Juan Thornhill","JAX","DB",2025
"2034","00-0037229",1033,-0.0120999661126536,0.0259080605679998,-0.00109999691933214,"Ikem Ekwonu","CAR","OL",2025
"2035","00-0039620",1689,-0.0121200175132093,0.0276539316649906,-0.00110181977392812,"Rico Payton","NYG","DB",2025
"2036","00-0034779",412,-0.0121379276765727,0.0263427469632746,-0.00110344797059752,"Ronnie Harrison","ATL","LB",2025
"2037","00-0040263",2007,-0.0122655053237621,0.0270485795651776,-0.00111504593852383,"Donovan McMillon","CLE","DB",2025
"2038","00-0037614",1151,-0.0122822380760075,0.0260991822099575,-0.00111656709781887,"John Metchie III","NYJ","WR",2025
"2039","00-0040076",1879,-0.0122965503629236,0.0274332265881706,-0.00111786821481124,"Aeneas Peebles","BAL","DL",2025
"2040","00-0039795",1746,-0.0123235264949547,0.026310699439063,-0.00112032059045043,"Nehemiah Pritchett","SEA","DB",2025
"2041","00-0040136",1905,-0.0123581742616292,0.0257836212533553,-0.00112347038742084,"Princely Umanmielen","CAR","LB",2025
"2042","00-0039442",1654,-0.012373744677334,0.0267742951171185,-0.00112488587975763,"Kingsley Eguakun","CLE","OL",2025
"2043","00-0038567",1328,-0.0124274366157626,0.0278578512365775,-0.00112976696506933,"Chad Ryland","ARI","K",2025
"2044","00-0037561",1141,-0.0124435429338424,0.0251048299184458,-0.00113123117580385,"Markquese Bell","DAL","DB",2025
"2045","00-0036534",803,-0.012498326269373,0.0259214431045062,-0.00113621147903391,"Shane Zylstra","DET","TE",2025
"2046","00-0038600",1355,-0.0124984303146324,0.0263943724686433,-0.00113622093769385,"Owen Pappoe","ARI","LB",2025
"2047","00-0032918",159,-0.0125456476998825,0.0268678779979236,-0.00114051342726205,"C.J. Ham","MIN","RB",2025
"2048","00-0039030",1485,-0.0125697795731626,0.0255726227060675,-0.00114270723392387,"Jake Andrews","HOU","OL",2025
"2049","00-0040140",1908,-0.0126010925061396,0.0272914526259593,-0.0011455538641945,"Dylan Fairchild","CIN","OL",2025
"2050","00-0040584",2093,-0.0126770477811215,0.025060679983419,-0.00115245888919286,"Gunnar Helm","TEN","TE",2025
"2051","00-0040676",2134,-0.0126912089657387,0.0259382074292553,-0.00115374626961261,"Cam Ward","TEN","QB",2025
"2052","00-0034803",425,-0.0127942002460036,0.0268823786160654,-0.00116310911327305,"Joe Noteboom","BAL","OL",2025
"2053","00-0040641",2109,-0.0128175027141227,0.0258304245238705,-0.0011652275194657,"Darien Porter","LV","DB",2025
"2054","00-0036618",828,-0.0128252897978841,0.026068073645942,-0.00116593543617128,"Sam Cosmi","WAS","OL",2025
"2055","00-0027962",19,-0.0128540965541199,0.0267900869034587,-0.00116855423219272,"Cameron Jordan","NO","LB",2025
"2056","00-0040137",1906,-0.0128640434665726,0.0263805841095708,-0.00116945849696115,"Jordan Burch","ARI","LB",2025
"2057","00-0033662",242,-0.0128939971971101,0.0274049525271483,-0.00117218156337364,"Cooper Rush","BAL","QB",2025
"2058","00-0039048",1492,-0.0128979573028325,0.0249708785949254,-0.00117254157298477,"Matthew Bergeron","ATL","OL",2025
"2059","00-0037617",1154,-0.0129206412680898,0.0264542843170713,-0.00117460375164453,"Hassan Haskins","LAC","RB",2025
"2060","00-0038573",1333,-0.0129494711509381,0.0265412848485146,-0.00117722465008528,"Derius Davis","LAC","WR",2025
"2061","00-0034981",465,-0.0130037459549911,0.0252173304808442,-0.00118215872318101,"Foster Moreau","NO","TE",2025
"2062","00-0040243",1995,-0.0130069290294207,0.0261290565974737,-0.0011824480935837,"Korie Black","NYG","DB",2025
"2063","00-0033551",229,-0.0130267847816081,0.0249806427671877,-0.00118425316196437,"Rasul Douglas","MIA","DB",2025
"2064","00-0040154",1921,-0.0130404820404847,0.0276242069050878,-0.00118549836731679,"Tai Felton","MIN","WR",2025
"2065","00-0038823",1433,-0.0130588165525588,0.0259408957125495,-0.00118716514114171,"Kaevon Merriweather","HOU","DB",2025
"2066","00-0039034",1488,-0.0130616153194531,0.0255056169957523,-0.00118741957449574,"Peter Skoronski","TEN","OL",2025
"2067","00-0039067",1505,-0.0130936026242054,0.0261299783036138,-0.0011903275112914,"Rashee Rice","KC","WR",2025
"2068","00-0034277",334,-0.0131186226529192,0.0258177503876977,-0.00119260205935629,"DeShon Elliott","PIT","DB",2025
"2069","00-0036902",911,-0.0131811822186062,0.0255180685194673,-0.00119828929260056,"Joseph Ossai","CIN","DL",2025
"2070","00-0035713",613,-0.0132098638766134,0.0260843348809651,-0.00120089671605577,"Brian Burns","NYG","LB",2025
"2071","00-0037324",1103,-0.013227319933666,0.0273061460604088,-0.00120248363033327,"Chris Oladokun","KC","QB",2025
"2072","00-0036887",903,-0.0132544012548526,0.0251443380822685,-0.00120494556862296,"Luke Farrell","SF","TE",2025
"2073","00-0039798",1748,-0.01325907904503,0.0267464126343629,-0.00120537082227546,"Isaiah Davis","NYJ","RB",2025
"2074","00-0037302",1087,-0.0133074774984953,0.025062436144686,-0.00120977068168139,"Austin Deculus","LAC","OL",2025
"2075","00-0035244",510,-0.0133192248887348,0.0257381633509428,-0.00121083862624862,"Lonnie Johnson","LV","DB",2025
"2076","00-0036139",658,-0.0133589823759231,0.0250780352564832,-0.00121445294326574,"Rico Dowdle","CAR","RB",2025
"2077","00-0038593",1349,-0.0135039999025766,0.0263578849168109,-0.00122763635477969,"Olu Oluwatimi","SEA","OL",2025
"2078","00-0040106",1886,-0.0135335199372106,0.0265569695774913,-0.00123031999429187,"Reuben Lowery","IND","DB",2025
"2079","00-0034344",342,-0.0135804539684015,0.0255548000167225,-0.00123458672440013,"Marcus Davenport","DET","DL",2025
"2080","00-0039913",1829,-0.013585823366487,0.0246296141979743,-0.00123507485149882,"Brandon Coleman","WAS","OL",2025
"2081","00-0037323",1102,-0.0136086256480813,0.0253401594230921,-0.00123714778618921,"Rodney Thomas","IND","DB",2025
"2082","00-0036500",798,-0.0136381557408275,0.0267688811046787,-0.00123983234007523,"Jamien Sherwood","NYJ","LB",2025
"2083","00-0037753",1176,-0.0136484429640741,0.0267985384551308,-0.00124076754218856,"Cam Taylor-Britt","CIN","DB",2025
"2084","00-0036617",827,-0.0136661362528326,0.0269980415030785,-0.00124237602298478,"Asante Samuel Jr.","PIT","DB",2025
"2085","00-0039796",1747,-0.0138004262245598,0.0264861672147605,-0.00125458420223271,"Rasheen Ali","BAL","RB",2025
"2086","00-0036876",897,-0.0138201665926298,0.0249294846971316,-0.00125637878114816,"Kylen Granson","PHI","TE",2025
"2087","00-0037310",1093,-0.0139231474973451,0.0243468105358225,-0.00126574068157682,"James Houston","DAL","DL",2025
"2088","00-0030565",56,-0.0140150330264598,0.0258141055082209,-0.00127409391149635,"Geno Smith","LV","QB",2025
"2089","00-0040739",2175,-0.0140521322947767,0.0264190942797086,-0.00127746657225243,"Elijah Arroyo","SEA","TE",2025
"2090","00-0036973",951,-0.0142018874663159,0.0270146050553098,-0.00129108067875599,"Travis Etienne","JAX","RB",2025
"2091","00-0030957",60,-0.014316301570876,0.0267127883359892,-0.00130148196098873,"Casey Kreiter","NYG","LS",2025
"2092","00-0037073",988,-0.0144580597406505,0.0253631871175045,-0.00131436906733186,"Jordan Davis","PHI","DL",2025
"2093","00-0038711",1400,-0.0144596076789471,0.0252539509097651,-0.00131450978899519,"Mohamoud Diabate","CLE","LB",2025
"2094","00-0038966",1461,-0.0144714958808883,0.0256646510802411,-0.00131559053462621,"Natrone Brooks","ATL","DB",2025
"2095","00-0039019",1482,-0.0144968687939315,0.0249074214404751,-0.00131789716308468,"John Michael Schmitz","NYG","OL",2025
"2096","00-0039790",1742,-0.0145159593478041,0.0262792377946015,-0.00131963266798219,"Olumuyiwa Fashanu","NYJ","OL",2025
"2097","00-0038646",1384,-0.0145594483650446,0.0262795331822371,-0.00132358621500406,"Alex Austin","NE","DB",2025
"2098","00-0037745",1173,-0.0146411452442969,0.0273524837940922,-0.00133101320402699,"Velus Jones Jr.","SEA","RB",2025
"2099","00-0035667",587,-0.0147885130749356,0.0269167020836411,-0.0013444102795396,"Greg Gaines","TB","DL",2025
"2100","00-0040200",1965,-0.0148207771031076,0.0267999575574495,-0.00134734337300978,"Andy Borregales","NE","K",2025
"2101","00-0038997",1473,-0.0148642498815247,0.0258664557533035,-0.00135129544377497,"Josh Downs","IND","WR",2025
"2102","00-0033889",275,-0.0149299161590561,0.0263047395472235,-0.00135726510536874,"Cam Robinson","CLE","OL",2025
"2103","00-0030725",58,-0.0149477018587008,0.0268548783170294,-0.00135888198715462,"Cornelius Lucas","CLE","OL",2025
"2104","00-0040488",2060,-0.0149490274752114,0.0271603577394152,-0.00135900249774649,"Carter Runyon","LV","TE",2025
"2105","00-0040236",1990,-0.0149518809536777,0.0262798196946329,-0.00135926190487979,"Kyle Monangai","CHI","RB",2025
"2106","00-0038820",1432,-0.0150356405173335,0.025872672285367,-0.00136687641066668,"Christian Izien","TB","DB",2025
"2107","00-0039145",1527,-0.0150498002653555,0.0254378025205556,-0.00136816366048686,"Joe Tippmann","NYJ","OL",2025
"2108","00-0037012",981,-0.0151915685854398,0.026432154289867,-0.00138105168958544,"Trey Lance","LAC","QB",2025
"2109","00-0038563",1325,-0.0152783334516431,0.0267126621444003,-0.00138893940469483,"Tre Tucker","LV","WR",2025
"2110","00-0033063",174,-0.0154441232231779,0.0267187796669076,-0.00140401120210708,"Zach Wood","NO","LS",2025
"2111","00-0036369",756,-0.0154608391123256,0.0248478150118755,-0.00140553082839324,"John Simpson","NYJ","OL",2025
"2112","00-0039755",1730,-0.0154917355424543,0.0265169693997691,-0.00140833959476857,"KT Leveston","CLE","OL",2025
"2113","00-0033357",212,-0.0155566462524619,0.0274462343449089,-0.00141424056840563,"Taysom Hill","NO","QB",2025
"2114","00-0039751",1726,-0.0156625520266256,0.0252482139635496,-0.00142386836605688,"Jordan Whittington","LA","WR",2025
"2115","00-0038585",1342,-0.0156687627516781,0.0266482834523054,-0.00142443297742528,"Cameron Mitchell","IND","DB",2025
"2116","00-0040123",1892,-0.0156909878077391,0.0267608928922238,-0.00142645343706719,"Armand Membou","NYJ","OL",2025
"2117","00-0040165",1931,-0.0157116284195536,0.0249199530084186,-0.00142832985632305,"Malachi Moore","NYJ","DB",2025
"2118","00-0036182",669,-0.0157261960894094,0.0245118015351711,-0.00142965418994631,"Nick Westbrook-Ikhine","MIA","WR",2025
"2119","00-0032388",127,-0.0157491342642684,0.0273517822651283,-0.00143173947856986,"Deion Jones","TB","LB",2025
"2120","00-0039890",1810,-0.0158822564656623,0.0246380101996182,-0.00144384149687839,"Adonai Mitchell","NYJ","WR",2025
"2121","00-0035359",542,-0.01591779374228,0.0256586587814305,-0.0014470721583891,"David Sills","ATL","WR",2025
"2122","00-0037256",1054,-0.0159226516631041,0.0265874935690109,-0.00144751378755492,"Rachaad White","TB","RB",2025
"2123","00-0036956",939,-0.0163165254828066,0.0284844510098114,-0.00148332049843696,"Darren Hall","ARI","DB",2025
"2124","00-0039530",1677,-0.0164106777054819,0.0260667835739944,-0.00149187979140745,"Brevyn Spann-Ford","DAL","TE",2025
"2125","00-0040654",2121,-0.0164454912336728,0.0268518759114599,-0.00149504465760662,"Kai Kroeger","NO","P",2025
"2126","00-0039898",1816,-0.0165215370596462,0.0254253605338923,-0.00150195791451329,"Mike Sainristil","WAS","DB",2025
"2127","00-0038123",1241,-0.0166314955601513,0.0240964208047826,-0.00151195414183194,"Dane Belton","NYG","DB",2025
"2128","00-0037254",1052,-0.0167319982351704,0.0255598591166831,-0.00152109074865186,"Terrel Bernard","BUF","LB",2025
"2129","00-0040122",1891,-0.0168238023410111,0.0268457251845581,-0.00152943657645556,"Ashton Jeanty","LV","RB",2025
"2130","00-0033906",284,-0.0168573359715096,0.0265927550379023,-0.00153248508831905,"Alvin Kamara","NO","RB",2025
"2131","00-0033591",240,-0.0169003324819411,0.0271085613276915,-0.00153639386199465,"Noah Brown","WAS","WR",2025
"2132","00-0027940",18,-0.0169945581009743,0.0270271032023343,-0.0015449598273613,"Von Miller","WAS","LB",2025
"2133","00-0037242",1042,-0.0172560371133823,0.0254110883030733,-0.00156873064667112,"Kaiir Elam","TEN","DB",2025
"2134","00-0039776",1738,-0.0172689925368672,0.0254212301698608,-0.00156990841244247,"Jaylen McCollough","LA","DB",2025
"2135","00-0039388",1622,-0.0173191508263024,0.0271271704015084,-0.00157446825693658,"Jaylan Ford","NO","LB",2025
"2136","00-0034399",367,-0.0174852550760916,0.0263176724449072,-0.00158956864328105,"Wyatt Teller","CLE","OL",2025
"2137","00-0038597",1353,-0.0174865953482646,0.0255310525395008,-0.00158969048620587,"Chase Brown","CIN","RB",2025
"2138","00-0033120",187,-0.0176927489077424,0.0265092688194819,-0.00160843171888567,"Kenny Clark","DAL","DL",2025
"2139","00-0040646",2114,-0.0177411873879404,0.0269417056463105,-0.00161283521708549,"Jalen Royals","KC","WR",2025
"2140","00-0036741",868,-0.0178615685148262,0.0265838656509637,-0.00162377895589329,"Jack Stoll","NO","TE",2025
"2141","00-0039140",1522,-0.0179014874961717,0.0243400090900473,-0.00162740795419743,"Kelee Ringo","PHI","DB",2025
"2142","00-0039465",1663,-0.0180595760595718,0.0254825554598142,-0.00164177964177925,"Reddy Steward","DAL","DB",2025
"2143","00-0035261",518,-0.0181565629292965,0.0246304749083832,-0.00165059662993605,"Tony Pollard","TEN","RB",2025
"2144","00-0039858",1788,-0.0181879485042615,0.025113742912792,-0.00165344986402377,"Cedric Gray","TEN","LB",2025
"2145","00-0033293",204,-0.018229291264186,0.0266393955372428,-0.00165720829674418,"Aaron Jones","MIN","RB",2025
"2146","00-0036391",766,-0.0184057672470223,0.0265194433409251,-0.00167325156791112,"Lloyd Cushenberry III","TEN","OL",2025
"2147","00-0034780",413,-0.0185435813280748,0.0272519522261242,-0.00168578012073408,"Isaac Yiadom","NO","DB",2025
"2148","00-0035100",481,-0.0189706610865463,0.0268316730564343,-0.00172460555332239,"Jake Browning","CIN","QB",2025
"2149","00-0033901",280,-0.0193239617429753,0.0257211682237224,-0.00175672379481593,"Ethan Pocic","CLE","OL",2025
"2150","00-0039908",1825,-0.0193444639485645,0.0259187858638964,-0.00175858763168769,"Kris Jenkins","CIN","DL",2025
"2151","00-0037838",1209,-0.019360370748166,0.0261136244686729,-0.00176003370437873,"Isaiah Likely","BAL","TE",2025
"2152","00-0040725",2162,-0.0194134006906276,0.024754625417446,-0.00176485460823887,"Donovan Ezeiruaku","DAL","DL",2025
"2153","00-0040494",2063,-0.0195924435768843,0.0264502049513676,-0.00178113123426221,"Max Brosmer","MIN","QB",2025
"2154","00-0039435",1652,-0.0196230178114758,0.0256101105975538,-0.00178391071013416,"Tatum Bethune","SF","LB",2025
"2155","00-0036980",956,-0.0199231158260769,0.0268485599692847,-0.00181119234782517,"Elijah Moore","DEN","WR",2025
"2156","00-0039174",1543,-0.0202612638502889,0.0272972730108859,-0.00184193307729899,"Chukwuebuka Godrick","KC","OL",2025
"2157","00-0037814",1191,-0.0204377822218676,0.0257885402330016,-0.00185798020198796,"Luke Fortner","NO","OL",2025
"2158","00-0036361",752,-0.0204750697119426,0.0247926593781786,-0.00186136997381297,"Trevon Diggs","GB","DB",2025
"2159","00-0036622",832,-0.0211005304056422,0.0265236822958859,-0.00191823003687656,"Josh Myers","NYJ","OL",2025
"2160","00-0036653",849,-0.0211922576647988,0.0269754465993335,-0.00192656887861807,"Stone Forsythe","LV","OL",2025
"2161","00-0036322",728,-0.0212138341056361,0.0251474741894298,-0.00192853037323965,"Justin Jefferson","MIN","WR",2025
"2162","00-0035680",595,-0.0215274770755725,0.025070870029872,-0.00195704337050659,"Quincy Williams","NYJ","LB",2025
"2163","00-0034678",395,-0.021583486514464,0.0261893148704571,-0.00196213513767854,"Alex Cappa","LV","OL",2025
"2164","00-0032392",129,-0.0216691682871461,0.0239223261113879,-0.00196992438974056,"Austin Hooper","NE","TE",2025
"2165","00-0034365",353,-0.0216992936733691,0.0272816580906121,-0.00197266306121537,"Ian Thomas","LV","TE",2025
"2166","00-0033858",256,-0.0217826047941707,0.026022060443875,-0.00198023679947006,"Jonnu Smith","PIT","TE",2025
"2167","00-0039059",1498,-0.0219852925619728,0.0251108376696636,-0.00199866296017934,"Ethan Evans","LA","P",2025
"2168","00-0036232",686,-0.0220268042100738,0.0256010408118172,-0.00200243674637035,"Harrison Bryant","HOU","TE",2025
"2169","00-0038710",1399,-0.0220662401460129,0.0262421211984161,-0.00200602183145571,"Blake Whiteheart","CLE","TE",2025
"2170","00-0036604",823,-0.0221348614946543,0.0273133414587941,-0.00201226013587766,"Jordan Meredith","LV","OL",2025
"2171","00-0038125",1243,-0.0222114699889568,0.0266897320761726,-0.00201922454445061,"Roger McCreary","LA","DB",2025
"2172","00-0038979",1464,-0.0223337014791583,0.0255454256331284,-0.0020303364981053,"Cedric Tillman","CLE","WR",2025
"2173","00-0040668",2129,-0.0226287527539381,0.0263397553348864,-0.0020571593412671,"Shedeur Sanders","CLE","QB",2025
"2174","00-0040125",1894,-0.0226361902329732,0.0261947475062353,-0.00205783547572483,"Kelvin Banks Jr.","NO","OL",2025
"2175","00-0040398",2043,-0.0228162769325055,0.0273717863588366,-0.00207420699386414,"Brady Cook","NYJ","QB",2025
"2176","00-0033885",273,-0.0228584262382804,0.0271459129232166,-0.00207803874893459,"David Njoku","CLE","TE",2025
"2177","00-0036813",876,-0.0229379757674315,0.0250635799345654,-0.00208527052431195,"Christian Elliss","NE","LB",2025
"2178","00-0040782",2190,-0.0231626895522458,0.0258823412850668,-0.00210569905020416,"Isaiah Bond","CLE","WR",2025
"2179","00-0039349",1588,-0.0234653491694348,0.0259949174037766,-0.00213321356085771,"DJ Glaze","LV","OL",2025
"2180","00-0036408",772,-0.0241341926117845,0.0252451258813798,-0.00219401751016223,"Cesar Ruiz","NO","OL",2025
"2181","00-0036407",771,-0.0244430228771424,0.0261047596705603,-0.00222209298883113,"Jerry Jeudy","CLE","WR",2025
"2182","00-0036989",965,-0.0250752729550543,0.025874509698258,-0.0022795702686413,"Malcolm Koonce","LV","DL",2025
"2183","00-0040159",1925,-0.0254247375091562,0.0252532781602039,-0.00231133977355965,"Lathan Ransom","CAR","DB",2025
"2184","00-0040092",1883,-0.0256016473032282,0.0270301685266763,-0.00232742248211165,"Esa Pole","KC","OL",2025
"2185","00-0039066",1504,-0.0278896927567734,0.0260434424633199,-0.00253542661425212,"Michael Mayer","LV","TE",2025
"2186","00-0039149",1531,-0.0280526286913555,0.0251466599638353,-0.00255023897194141,"Quan Martin","WAS","DB",2025
"2187","00-0036869",892,-0.0285720467629615,0.0255301090665053,-0.00259745879663286,"Dan Moore Jr.","TEN","OL",2025
"2188","00-0037241",1041,-0.0288519587952557,0.025114504552382,-0.00262290534502325,"Trevor Penning","LAC","OL",2025
"2189","00-0031426",81,-0.029031088706342,0.0267386882378201,-0.00263918988239473,"Joel Bitonio","CLE","OL",2025
"2190","00-0040581",2090,-0.0295677846972081,0.0264879777136564,-0.00268798042701892,"Dont'e Thornton Jr.","LV","WR",2025
"2191","00-0035644",577,-0.03113939826135,0.0267981116896326,-0.00283085438739545,"Noah Fant","CIN","TE",2025
