"","nfl_id","player_idx","apm","apm_sd","apm_per_play","full_name","team","position","season"
"1","00-0030506",164,0.0208250767110849,0.0167369190384971,0.00189318879191681,"Travis Kelce","KC","TE",2022
"2","00-0034272",760,0.0181499749091204,0.0165862603293459,0.00164999771901094,"Marquez Valdes-Scantling","KC","WR",2022
"3","00-0031588",277,0.0172086258691063,0.0168640660846751,0.00156442053355512,"Stefon Diggs","BUF","WR",2022
"4","00-0033873",645,0.0161187812531768,0.0165468408393089,0.0014653437502888,"Patrick Mahomes","KC","QB",2022
"5","00-0029653",112,0.0150436443918009,0.0161684838620897,0.00136760403561827,"Fletcher Cox","PHI","DL",2022
"6","00-0033109",505,0.0145988211047828,0.0165379195397446,0.00132716555498025,"Javon Hargrave","PHI","DL",2022
"7","00-0034752",901,0.0142734820624577,0.0170143945537608,0.00129758927840524,"Orlando Brown","KC","OL",2022
"8","00-0036623",1615,0.0141491705999862,0.0162073474109212,0.00128628823636238,"Creed Humphrey","KC","OL",2022
"9","00-0031376",238,0.0141391958064762,0.0162848910216667,0.00128538143695239,"Jerick McKinnon","KC","RB",2022
"10","00-0033831",633,0.0138799166537538,0.0171254017985043,0.00126181060488671,"Andrew Wylie","KC","OL",2022
"11","00-0030561",167,0.0137837044824598,0.0166161327509427,0.00125306404385998,"Lane Johnson","PHI","OL",2022
"12","00-0036963",1785,0.0137261236015913,0.0165897915675257,0.00124782941832648,"Amon-Ra St. Brown","DET","WR",2022
"13","00-0036932",1760,0.0134698897953078,0.0161874304043316,0.00122453543593707,"Micah Parsons","DAL","LB",2022
"14","00-0032391",383,0.0133306740072535,0.0163098139896773,0.00121187945520486,"Joe Thuney","KC","OL",2022
"15","00-0034830",945,0.0131078452971502,0.0166652718007127,0.00119162229974093,"Hayden Hurst","CIN","TE",2022
"16","00-0033857",636,0.012667047126448,0.0163545904050434,0.001151549738768,"JuJu Smith-Schuster","KC","WR",2022
"17","00-0036231",1385,0.0125131518170203,0.0160192494279588,0.00113755925609276,"Kyle Dugger","NE","DB",2022
"18","00-0036212",1371,0.0124313803563922,0.0167584756017108,0.00113012548694474,"Tua Tagovailoa","MIA","QB",2022
"19","00-0033875",647,0.0123554105864517,0.0166366391368543,0.00112321914422288,"Haason Reddick","PHI","LB",2022
"20","00-0032109",327,0.011824025666729,0.0172130587873643,0.00107491142424809,"Kwon Alexander","NYJ","LB",2022
"21","00-0030067",137,0.0113897873566775,0.0163210136836277,0.00103543521424341,"Terron Armstead","MIA","OL",2022
"22","00-0033009",476,0.0113695986359795,0.016830184302758,0.00103359987599813,"Tyler Boyd","CIN","WR",2022
"23","00-0036261",1408,0.0113238388104485,0.0171932557033095,0.00102943989185895,"Brandon Aiyuk","SF","WR",2022
"24","00-0036660",1647,0.0109911766390873,0.0162188628615795,0.000999197876280665,"Trey Smith","KC","OL",2022
"25","00-0036389",1505,0.010735732073229,0.0173368509926537,0.000975975643020815,"Jalen Hurts","PHI","QB",2022
"26","00-0036912",1744,0.0106128856484168,0.0164454842605142,0.000964807786219713,"DeVonta Smith","PHI","WR",2022
"27","00-0032671",428,0.0105421524192938,0.016612081374718,0.000958377492663068,"Morgan Fox","LAC","DL",2022
"28","00-0036564",1588,0.0103691378059706,0.0164959657137518,0.000942648891451873,"Talanoa Hufanga","SF","DB",2022
"29","00-0033466",566,0.00997204236259176,0.0167124566091753,0.00090654930569016,"Isaiah McKenzie","BUF","WR",2022
"30","00-0036973",1792,0.00989500417321794,0.0166634304101492,0.000899545833928904,"Travis Etienne","JAX","RB",2022
"31","00-0036410",1522,0.00986852031574721,0.0165692387549271,0.000897138210522474,"Tee Higgins","CIN","WR",2022
"32","00-0036376",1498,0.00985012643523346,0.0166450868416699,0.000895466039566678,"Tyler Biadasz","DAL","OL",2022
"33","00-0033943",696,0.00982169771433587,0.0168846403372764,0.00089288161039417,"Josh Reynolds","DET","WR",2022
"34","00-0034777",914,0.00966981946099186,0.0162383432116895,0.000879074496453805,"D.J. Chark","DET","WR",2022
"35","00-0036220",1377,0.00966296035696379,0.0159502359432448,0.000878450941542163,"Derrick Brown","CAR","DL",2022
"36","00-0034373",804,0.00956870569377389,0.0158039171201374,0.000869882335797626,"Dorance Armstrong","DAL","DL",2022
"37","00-0032454",406,0.00956462288378525,0.0164872121867861,0.000869511171253205,"Jayron Kearse","DAL","DB",2022
"38","00-0033877",649,0.0095641509915384,0.0161218055662582,0.000869468271958036,"Malik Hooker","DAL","DB",2022
"39","00-0035678",1218,0.00955567409640847,0.0165645529653325,0.000868697645128043,"Dre'Mont Jones","DEN","DL",2022
"40","00-0036613",1605,0.00942762115874391,0.0169716578584947,0.000857056468976719,"Jaylen Waddle","MIA","WR",2022
"41","00-0035166",1038,0.00932979943241002,0.0164829911034284,0.000848163584764548,"Azeez Al-Shaair","SF","LB",2022
"42","00-0037228",1897,0.00931868401842189,0.0169403110284607,0.000847153092583809,"Jaylen Warren","PIT","RB",2022
"43","00-0036638",1629,0.00915696197078821,0.0163990489067858,0.000832451088253474,"Darrick Forrest","WAS","DB",2022
"44","00-0037002",1819,0.00903429936317921,0.0164150447110211,0.000821299942107201,"Landon Dickerson","PHI","OL",2022
"45","00-0031938",310,0.0089921275931931,0.0169716150322091,0.000817466144835736,"Carl Davis","NE","DL",2022
"46","00-0035140",1027,0.00891062715999862,0.0170122201115882,0.000810057014545329,"Mecole Hardman","KC","WR",2022
"47","00-0032954",465,0.00889192231696498,0.0160830706241529,0.000808356574269543,"Isaac Seumalo","PHI","OL",2022
"48","00-0035382",1130,0.0088795795325529,0.0164236607428118,0.000807234502959355,"Ryan Bates","BUF","OL",2022
"49","00-0037322",1975,0.00887602003922296,0.016092961760568,0.000806910912656632,"Thayer Munford","LV","OL",2022
"50","00-0027857",40,0.00885641865324444,0.0164149899551663,0.000805128968476767,"Trent Williams","SF","OL",2022
"51","00-0036642",1631,0.00882493889449807,0.0177687699703942,0.000802267172227097,"Tedarrell Slaton","GB","DL",2022
"52","00-0034662",881,0.00878185625028853,0.0167122100332855,0.000798350568208048,"Joshua Kalu","TEN","DB",2022
"53","00-0034573",868,0.00877575948203823,0.0164003658743079,0.00079779631654893,"Charvarius Ward","SF","DB",2022
"54","00-0033119",510,0.0086077173971893,0.0169933141336483,0.000782519763380845,"Jacoby Brissett","CLE","QB",2022
"55","00-0036919",1751,0.00844831716629554,0.0168451175736083,0.000768028833299594,"Kenneth Gainwell","PHI","RB",2022
"56","00-0037746",2093,0.00840941485019183,0.0175876134709944,0.000764492259108349,"Brian Robinson","WAS","RB",2022
"57","00-0034429",835,0.00832613677727641,0.0165535752310931,0.000756921525206947,"Jordan Mailata","PHI","OL",2022
"58","00-0031177",206,0.00813146505409783,0.0167666562176225,0.000739224095827076,"Brent Urban","BAL","DL",2022
"59","00-0035279",1094,0.00811718967551935,0.0159741204946567,0.000737926334138123,"Charles Omenihu","SF","DL",2022
"60","00-0037253",1917,0.00808860895804145,0.0163187443400804,0.000735328087094677,"Marcus Jones","NE","DB",2022
"61","00-0037545",2041,0.00808474570274732,0.0172908959698319,0.000734976882067938,"Rashid Shaheed","NO","WR",2022
"62","00-0035272",1088,0.00803018701829863,0.0163765360028333,0.000730017001663512,"Andrew Van Ginkel","MIA","LB",2022
"63","00-0033047",482,0.00801706166264104,0.0166083019439708,0.000728823787512822,"Anthony Brown","DAL","DB",2022
"64","00-0033886",657,0.0080038743552741,0.016798554606437,0.000727624941388555,"T.J. Watt","PIT","LB",2022
"65","00-0036037",1317,0.00800103545916067,0.0162805657182359,0.000727366859923697,"Sam Franklin","CAR","DB",2022
"66","00-0029293",93,0.0079771546836632,0.0170429556162594,0.000725195880333018,"Marvin Jones","JAX","WR",2022
"67","00-0035535",1160,0.00797187781765944,0.016739714273168,0.000724716165241767,"Darius Slayton","NYG","WR",2022
"68","00-0035301",1104,0.00794901694012117,0.0163763738021612,0.000722637903647379,"Donovan Wilson","DAL","DB",2022
"69","00-0033288",532,0.00793930084889167,0.0170373665626103,0.000721754622626516,"George Kittle","SF","TE",2022
"70","00-0031372",237,0.00790843974142961,0.0163750742814254,0.000718949067402692,"Bradley Roby","NO","DB",2022
"71","00-0036196",1365,0.00788823734734496,0.0160919774735069,0.000717112486122269,"Gabe Davis","BUF","WR",2022
"72","00-0036193",1362,0.00788690162479055,0.0166823787509605,0.000716991056799141,"Anfernee Jennings","NE","LB",2022
"73","00-0028129",66,0.00786726955218923,0.0163180420390861,0.000715206322926293,"Jason Kelce","PHI","OL",2022
"74","00-0033040",479,0.00762487403056429,0.0158082335042333,0.000693170366414935,"Tyreek Hill","MIA","WR",2022
"75","00-0037255",1919,0.00759652239599395,0.0169173570873951,0.000690592945090359,"Dylan Parham","LV","OL",2022
"76","00-0035717",1244,0.00758466063056142,0.0168158212469305,0.000689514602778311,"Nick Bosa","SF","DL",2022
"77","00-0027867",43,0.00757407466713073,0.016653869200197,0.00068855224246643,"Jason Pierre-Paul","BAL","DL",2022
"78","00-0027662",34,0.00753679961118534,0.0162835252375576,0.000685163601016849,"Carlos Dunlap","KC","LB",2022
"79","00-0034847",957,0.00752628396975242,0.0167693329272389,0.000684207633613857,"Mike McGlinchey","SF","OL",2022
"80","00-0033512",570,0.00749875123132556,0.0165440896883955,0.000681704657393232,"Damontae Kazee","PIT","DB",2022
"81","00-0036386",1502,0.00739861816487805,0.0171071378937217,0.00067260165135255,"Andrew Thomas","NYG","OL",2022
"82","00-0027969",57,0.00738153848746749,0.0170746337722727,0.000671048953406135,"Cameron Heyward","PIT","DL",2022
"83","00-0032580",421,0.00736884189619784,0.016485575414874,0.000669894717836167,"Jonathan Jones","NE","DB",2022
"84","00-0038115",2174,0.00723647377556036,0.0168362495283217,0.000657861252323669,"Daniel Bellinger","NYG","TE",2022
"85","00-0032701",431,0.00723583179828179,0.0167058047151586,0.00065780289075289,"Jake Brendel","SF","OL",2022
"86","00-0027647",32,0.00719981476985302,0.0163286158412651,0.000654528615441184,"Devin McCourty","NE","DB",2022
"87","00-0034857",961,0.00717552411065257,0.0168254646879543,0.000652320373695688,"Josh Allen","BUF","QB",2022
"88","00-0038095",2156,0.00716917787559657,0.0160560429158185,0.000651743443236052,"Cordell Volson","CIN","OL",2022
"89","00-0030665",175,0.0071642006702494,0.0165426032894435,0.000651290970022673,"Daniel Sorensen","NO","DB",2022
"90","00-0035944",1294,0.00716114902073561,0.016664044847081,0.000651013547339601,"Jonah Williams","LA","DL",2022
"91","00-0034805",933,0.00712039159166796,0.0174581071483719,0.000647308326515269,"John Franklin-Myers","NYJ","DL",2022
"92","00-0030070",139,0.00699133422566201,0.017497550243431,0.000635575838696547,"John Jenkins","MIA","DL",2022
"93","00-0036976",1795,0.00696693461621986,0.0172055347025869,0.000633357692383624,"Spencer Brown","BUF","OL",2022
"94","00-0036387",1503,0.00694332262234883,0.0169251397446546,0.000631211147486258,"Jalen Reagor","MIN","WR",2022
"95","00-0035341",1115,0.00687043879738237,0.017308291293238,0.000624585345216579,"Trenton Irwin","CIN","WR",2022
"96","00-0033096",501,0.00686601930965477,0.017474277975231,0.000624183573604979,"Shaq Lawson","BUF","DL",2022
"97","00-0035697",1233,0.00684989024256385,0.0162854140217389,0.000622717294778532,"Germaine Pratt","CIN","LB",2022
"98","00-0027648",33,0.00684307697972361,0.0166137763395989,0.000622097907247601,"Rodger Saffold","BUF","OL",2022
"99","00-0027872",44,0.00682815038397571,0.0168996905128941,0.000620740943997792,"Kareem Jackson","DEN","DB",2022
"100","00-0032803",450,0.00682520324362453,0.0165385122730391,0.000620473022147685,"Jalen Mills","NE","DB",2022
"101","00-0036158",1346,0.00680816259436092,0.0167066669203585,0.000618923872214629,"J.K. Dobbins","BAL","RB",2022
"102","00-0034775",913,0.00677236467450969,0.0165616200040061,0.000615669515864517,"Christian Kirk","JAX","WR",2022
"103","00-0031411",247,0.0067669999391728,0.0154219767784359,0.000615181812652073,"Demarcus Lawrence","DAL","DL",2022
"104","00-0034678",887,0.00674870454919348,0.0163078381757448,0.000613518595381226,"Alex Cappa","CIN","OL",2022
"105","00-0037834",2132,0.00669639354118377,0.0162942055654286,0.000608763049198524,"Brock Purdy","SF","QB",2022
"106","00-0032388",381,0.0066792529701318,0.017084100653775,0.000607204815466528,"Deion Jones","CLE","LB",2022
"107","00-0031555",264,0.00665645960947695,0.0169822389855568,0.000605132691770632,"Eric Rowe","MIA","DB",2022
"108","00-0035718",1245,0.00662319010975435,0.0167226811210744,0.00060210819179585,"Quinnen Williams","NYJ","DL",2022
"109","00-0032445",404,0.00662067457367382,0.0169213493635484,0.00060187950669762,"Ted Karras","CIN","OL",2022
"110","00-0034516",861,0.00661584785652211,0.0174864187665732,0.000601440714229283,"Tre Herndon","JAX","DB",2022
"111","00-0034377",808,0.0065860529859914,0.0166873064252376,0.000598732089635581,"Avonte Maddox","PHI","DB",2022
"112","00-0031534",257,0.006579885127826,0.016042590700385,0.000598171375256909,"La'el Collins","CIN","OL",2022
"113","00-0037612",2065,0.00654805698770041,0.016038640130677,0.000595277907972765,"Evan Neal","NYG","OL",2022
"114","00-0036331",1461,0.0065446821858536,0.0160924871538596,0.000594971107804872,"Devin Duvernay","BAL","WR",2022
"115","00-0033523",571,0.0064989543076308,0.016086458034548,0.000590814027966437,"Jonathan Allen","WAS","DL",2022
"116","00-0033874",646,0.00647988816551132,0.0172070573896671,0.000589080742319211,"Marshon Lattimore","NO","DB",2022
"117","00-0036159",1347,0.00646404704421891,0.0168502823057265,0.000587640640383537,"Josh Uche","NE","LB",2022
"118","00-0036268",1414,0.00643007535169337,0.0178572968582521,0.000584552304699397,"Laviska Shenault","CAR","WR",2022
"119","00-0035240",1065,0.00640528595103709,0.0167123728926604,0.000582298722821553,"Jahlani Tavai","NE","LB",2022
"120","00-0036132",1337,0.00632846127263714,0.0167183249532343,0.000575314661148831,"Ben Bredeson","NYG","OL",2022
"121","00-0037098",1862,0.00632116692251674,0.0174704213477501,0.000574651538410612,"Samori Toure","GB","WR",2022
"122","00-0035253",1075,0.00628028786839296,0.0169542707304361,0.000570935260762996,"Chauncey Gardner-Johnson","PHI","DB",2022
"123","00-0033280",527,0.0062588822827889,0.0166068744030111,0.000568989298435354,"Christian McCaffrey","SF","RB",2022
"124","00-0035679",1219,0.00625439602510639,0.0170138609614243,0.000568581456827853,"Connor McGovern","DAL","OL",2022
"125","00-0028924",78,0.00624486370907734,0.0162712815043083,0.000567714882643394,"Tashaun Gipson","SF","DB",2022
"126","00-0036442",1547,0.00612485031476078,0.0164529994480206,0.000556804574069162,"Joe Burrow","CIN","QB",2022
"127","00-0033571",597,0.00611346720901689,0.0154266267368383,0.000555769746274263,"Matt Milano","BUF","LB",2022
"128","00-0036900",1735,0.00608314353196019,0.0169081471108988,0.000553013048360017,"Ja'Marr Chase","CIN","WR",2022
"129","00-0034365",798,0.00608195365161413,0.0163492222575164,0.000552904877419467,"Ian Thomas","CAR","TE",2022
"130","00-0029592",104,0.00607351199443462,0.0162479010494762,0.000552137454039511,"Kevin Zeitler","BAL","OL",2022
"131","00-0033904",671,0.00606147181760534,0.0165640479381979,0.000551042892509576,"Dion Dawkins","BUF","OL",2022
"132","00-0031585",275,0.00605152830528359,0.0168452040422572,0.000550138936843963,"MyCole Pruitt","ATL","TE",2022
"133","00-0033901",668,0.00605030008824866,0.016776993557473,0.000550027280749878,"Ethan Pocic","CLE","OL",2022
"134","00-0034834",949,0.0059889792267295,0.0160279248467869,0.000544452656975409,"Sam Hubbard","CIN","DL",2022
"135","00-0033106",503,0.0059662422215475,0.0160459513284386,0.000542385656504318,"Jared Goff","DET","QB",2022
"136","00-0036361",1484,0.00596356248767663,0.0161842037062686,0.000542142044334239,"Trevon Diggs","DAL","DB",2022
"137","00-0035250",1073,0.00593597614055995,0.0165938523383692,0.000539634194596359,"Devin Singletary","BUF","RB",2022
"138","00-0033281",528,0.00591829918916776,0.0165194455973539,0.000538027199015251,"Marlon Humphrey","BAL","DB",2022
"139","00-0034800",929,0.00590804430849293,0.0161625364402999,0.000537094937135721,"B.J. Hill","CIN","DL",2022
"140","00-0036151",1343,0.00587828404735965,0.0170367744520198,0.000534389458850877,"Bryce Huff","NYJ","DL",2022
"141","00-0034096",720,0.00584608048049421,0.0169191121099052,0.00053146186186311,"Emmanuel Moseley","SF","DB",2022
"142","00-0032053",315,0.0058101192658573,0.0158042910544836,0.000528192660532482,"Brandon Scherff","JAX","OL",2022
"143","00-0034874",966,0.00579489554275287,0.0160193425637914,0.000526808685704806,"Roquan Smith","BAL","LB",2022
"144","00-0032424",398,0.00579077693266635,0.0168442438208759,0.000526434266606032,"D.J. Reader","CIN","DL",2022
"145","00-0033347",549,0.00578380129047881,0.0164799470236777,0.000525800117316256,"Josh Tupou","CIN","DL",2022
"146","00-0034302",771,0.00577157949863565,0.016167086238973,0.000524689045330514,"Frankie Luvu","CAR","LB",2022
"147","00-0035645",1195,0.00576421601479502,0.0159331760827412,0.000524019637708638,"Gunner Olszewski","PIT","WR",2022
"148","00-0036981",1799,0.00576187529478208,0.0159932614000327,0.000523806844980189,"Christian Barmore","NE","DL",2022
"149","00-0033895",665,0.00575086796809654,0.0170677043096722,0.000522806178917867,"Gerald Everett","LAC","TE",2022
"150","00-0036370",1493,0.00575017229884846,0.0167011935720686,0.000522742936258951,"Joshua Kelley","LAC","RB",2022
"151","00-0034796",926,0.00573332317708754,0.0156820518336896,0.000521211197917049,"Lamar Jackson","BAL","QB",2022
"152","00-0033891",661,0.005733084283929,0.0158833921243178,0.000521189480357182,"Zay Jones","JAX","WR",2022
"153","00-0036362",1485,0.00570451419312368,0.0166280788762058,0.00051859219937488,"Willie Gay","KC","LB",2022
"154","00-0033889",659,0.0056943983794383,0.0166021547130916,0.000517672579948936,"Cam Robinson","JAX","OL",2022
"155","00-0036288",1428,0.00568811241761285,0.0165607633078724,0.000517101128873896,"Yetur Gross-Matos","CAR","DL",2022
"156","00-0034778",915,0.00568255551836284,0.016004206195604,0.000516595956214803,"Carlton Davis","TB","DB",2022
"157","00-0034159",731,0.00565670673457852,0.0168876040303402,0.000514246066779866,"Will Dissly","SEA","TE",2022
"158","00-0036501",1561,0.00562297270202981,0.0171010502108948,0.000511179336548165,"Michael Carter","NYJ","DB",2022
"159","00-0032381",375,0.00558319978455235,0.01674287987259,0.000507563616777487,"Taylor Decker","DET","OL",2022
"160","00-0031019",189,0.00554077906124018,0.0167692660106377,0.000503707187385471,"Corey Linsley","LAC","OL",2022
"161","00-0037747",2094,0.00553591144241811,0.0168776000204417,0.000503264676583465,"Christian Matthew","ARI","DB",2022
"162","00-0034385",813,0.00550578879040584,0.015918975919608,0.000500526253673258,"Ja'Whaun Bentley","NE","LB",2022
"163","00-0033902",669,0.00550475280653175,0.0173515092326151,0.000500432073321068,"Tanoh Kpassagnon","NO","DL",2022
"164","00-0035647",1197,0.00549933893796919,0.0165699841793335,0.000499939903451745,"Montez Sweat","WAS","DL",2022
"165","00-0031330",226,0.00549689883639129,0.0172398365111703,0.000499718076035572,"Morgan Moses","BAL","OL",2022
"166","00-0036343",1471,0.0054967075253387,0.0160026267540408,0.0004997006841217,"Khaleke Hudson","WAS","LB",2022
"167","00-0034281",765,0.00544107690833665,0.0161965184223538,0.000494643355303332,"Bradley Bozeman","CAR","OL",2022
"168","00-0034779",916,0.00543321968702419,0.0167868267013664,0.000493929062456745,"Ronnie Harrison","CLE","DB",2022
"169","00-0034383",811,0.00541673696986943,0.0167558169645533,0.000492430633624494,"Dalton Schultz","DAL","TE",2022
"170","00-0037195",1888,0.00541287392722768,0.0153825086539453,0.000492079447929789,"Jaylen Watson","KC","DB",2022
"171","00-0034333",776,0.0053759214118083,0.0168442466212356,0.00048872012834621,"Daron Payne","WAS","DL",2022
"172","00-0036553",1578,0.00536911878406866,0.0161624349997601,0.000488101707642606,"Carlos Basham","BUF","DL",2022
"173","00-0034815",938,0.0053544786757337,0.0170790235969591,0.000486770788703063,"Fred Warner","SF","LB",2022
"174","00-0037168",1877,0.00533081728217717,0.0169361581361447,0.000484619752925197,"Armani Rogers","WAS","TE",2022
"175","00-0032463",408,0.00532017825144108,0.0177607405088029,0.000483652568312825,"Kyle Peko","LV","DL",2022
"176","00-0031402",244,0.00529105710030805,0.0157176352852594,0.000481005190937096,"Zack Martin","DAL","OL",2022
"177","00-0034419",832,0.00529022888503215,0.0168816783190134,0.000480929898639286,"Braxton Berrios","NYJ","WR",2022
"178","00-0036330",1460,0.00528431237497536,0.0171515773042851,0.000480392034088669,"Cameron Dantzler","MIN","DB",2022
"179","00-0033084",497,0.00527440578433807,0.0161333394668747,0.000479491434939825,"Kendall Fuller","WAS","DB",2022
"180","00-0033221",522,0.00525946051511997,0.0164197856555982,0.000478132774101816,"Daniel Brunskill","SF","OL",2022
"181","00-0036563",1587,0.00525737843701824,0.0163985662487973,0.000477943494274385,"Deommodore Lenoir","SF","DB",2022
"182","00-0036937",1765,0.00525378087057652,0.0161921831550142,0.000477616442779684,"Paulson Adebo","NO","DB",2022
"183","00-0030083",141,0.00522554097173327,0.0164192132992576,0.000475049179248479,"Oday Aboushi","LA","OL",2022
"184","00-0032759",436,0.00521328169086503,0.0166252426009069,0.000473934699169548,"Sheldon Rankins","NYJ","DL",2022
"185","00-0034854",958,0.00520836859709387,0.0164032102047374,0.000473488054281261,"KhaDarel Hodge","ATL","WR",2022
"186","00-0035693",1229,0.00516416882713992,0.0167096102248023,0.000469469893376357,"Johnathan Abram","SEA","DB",2022
"187","00-0030411",157,0.00514104846348187,0.0161199238331831,0.000467368042134716,"Logan Ryan","TB","DB",2022
"188","00-0034929",973,0.0051346326843021,0.0167829140550762,0.000466784789482009,"Quinn Bailey","DEN","OL",2022
"189","00-0034869",965,0.00512566489114168,0.0164625048649644,0.000465969535558335,"Sam Darnold","CAR","QB",2022
"190","00-0036953",1778,0.00511944098585569,0.0170980138192913,0.000465403725986881,"Teven Jenkins","CHI","OL",2022
"191","00-0033123",512,0.00510800290457961,0.0164887664153108,0.000464363900416328,"Yannick Ngakoue","IND","DL",2022
"192","00-0034983",994,0.00510057518261851,0.0168883432439969,0.000463688652965319,"Hunter Renfrow","LV","WR",2022
"193","00-0036345",1473,0.00508831714586771,0.0167552958527106,0.000462574285987974,"K.J. Osborn","MIN","WR",2022
"194","00-0036411",1523,0.00507927491309568,0.0159897903997053,0.00046175226482688,"Antoine Winfield","TB","DB",2022
"195","00-0033077",495,0.00504982423290718,0.0165326953419889,0.000459074930264289,"Dak Prescott","DAL","QB",2022
"196","00-0035216",1048,0.0050201524712253,0.0161044473401026,0.000456377497384118,"Diontae Johnson","PIT","WR",2022
"197","00-0034764",908,0.00501403313671568,0.0164607927259544,0.00045582119424688,"Michael Gallup","DAL","WR",2022
"198","00-0034384",812,0.0050111803539591,0.0164435002438027,0.000455561850359918,"D.J. Reed","NYJ","DB",2022
"199","00-0036222",1379,0.00500909698989299,0.016733184226679,0.000455372453626636,"Isaiah Rodgers","IND","DB",2022
"200","00-0031587",276,0.00499570278928899,0.0157811927781868,0.000454154799026272,"Bobby McCain","WAS","DB",2022
"201","00-0032939",460,0.00498632846065663,0.0165508416910667,0.000453302587332421,"Vonn Bell","CIN","DB",2022
"202","00-0037242",1906,0.00498155848256803,0.0163168877517929,0.00045286895296073,"Kaiir Elam","BUF","DB",2022
"203","00-0032164",344,0.00497310493485153,0.0169600077620488,0.000452100448622866,"Arik Armstead","SF","DL",2022
"204","00-0033064",490,0.00497191149585195,0.0162453871314386,0.000451991954168359,"Adam Gotsis","JAX","DL",2022
"205","00-0035409",1140,0.00494167493026422,0.0174022288144254,0.000449243175478565,"Shy Tuttle","NO","DL",2022
"206","00-0034407",826,0.00493764742966623,0.0168931947738692,0.000448877039060567,"Ray-Ray McCloud","SF","WR",2022
"207","00-0031936",309,0.00493013128215105,0.0165668234202715,0.000448193752922822,"Mitch Morse","BUF","OL",2022
"208","00-0029419",97,0.00491598282460295,0.0169087682339167,0.000446907529509359,"Dennis Kelly","IND","OL",2022
"209","00-0038041",2146,0.00491074555060919,0.0164259589425043,0.000446431413691745,"Jake Ferguson","DAL","TE",2022
"210","00-0029607",108,0.00489210558589946,0.0168106371446122,0.000444736871445405,"Demario Davis","NO","LB",2022
"211","00-0037185",1882,0.00488434257389853,0.0168269972625486,0.000444031143081685,"Raleigh Webb","NE","WR",2022
"212","00-0032890",454,0.00488054267113505,0.0162464400919227,0.000443685697375914,"James Bradberry","PHI","DB",2022
"213","00-0030946",186,0.00487318699238204,0.0162426413180143,0.000443016999307459,"Kerry Hyder","SF","DL",2022
"214","00-0036880",1718,0.00487086383218844,0.0160776644577725,0.000442805802926222,"Penei Sewell","DET","OL",2022
"215","00-0036971",1790,0.00484395547788675,0.0170251933170817,0.000440359588898795,"Trevor Lawrence","JAX","QB",2022
"216","00-0038124",2183,0.00482214429012033,0.016232455107954,0.000438376753647303,"Christian Watson","GB","WR",2022
"217","00-0031296",222,0.00482157155812395,0.0167238026563307,0.000438324687102177,"C.J. Mosley","NYJ","LB",2022
"218","00-0036412",1524,0.00481539565467654,0.016621668595201,0.000437763241334231,"K.J. Hamler","DEN","WR",2022
"219","00-0031101",201,0.00481310983357791,0.0165321001625383,0.000437555439416173,"Shaquil Barrett","TB","LB",2022
"220","00-0034345",782,0.0048076739112436,0.0164249087828505,0.000437061264658509,"Frank Ragnow","DET","OL",2022
"221","00-0031935",308,0.00480152638844094,0.0173232896182178,0.000436502398949176,"Preston Smith","GB","LB",2022
"222","00-0032379",373,0.0047728287695769,0.0161866104393726,0.000433893524506991,"Eli Apple","CIN","DB",2022
"223","00-0037289",1949,0.00476967247151797,0.0165571756488216,0.000433606588319816,"Malcolm Rodriguez","DET","LB",2022
"224","00-0038121",2180,0.00476494351112517,0.0165597344748357,0.000433176682829561,"Alontae Taylor","NO","DB",2022
"225","00-0026858",25,0.00476073722487392,0.0166601048456379,0.000432794293170356,"Graham Gano","NYG","K",2022
"226","00-0030068",138,0.00473016274583231,0.0165178591384684,0.000430014795075664,"Marquise Goodwin","SEA","WR",2022
"227","00-0036874",1713,0.00470574737285988,0.0160134498373839,0.000427795215714534,"Patrick Surtain","DEN","DB",2022
"228","00-0033697",615,0.0047000574152458,0.0166193534829707,0.000427277946840527,"Michael Davis","LAC","DB",2022
"229","00-0031253",211,0.00465803508773699,0.0160840790225778,0.000423457735248817,"K'Waun Williams","DEN","DB",2022
"230","00-0036507",1566,0.00465727600050732,0.0164599000300739,0.000423388727318847,"Michael Dwumfour","SF","DL",2022
"231","00-0036741",1669,0.00465682711869904,0.0160638041599711,0.000423347919881731,"Jack Stoll","PHI","TE",2022
"232","00-0037238",1902,0.00464875384580882,0.0161245737690239,0.00042261398598262,"Drake London","ATL","WR",2022
"233","00-0030459",161,0.00459973742696716,0.0169089389822875,0.000418157947906105,"Tyrann Mathieu","NO","DB",2022
"234","00-0036942",1769,0.00454860181362701,0.0163899113668444,0.000413509255784273,"Osa Odighizuwa","DAL","DL",2022
"235","00-0035061",1012,0.00453717860997749,0.0163166992208009,0.000412470782725227,"Alex Bars","LV","OL",2022
"236","00-0031547",260,0.00452707307662132,0.0163396532321287,0.000411552097874665,"DeVante Parker","NE","WR",2022
"237","00-0034829",944,0.00447588551859345,0.0162865794015274,0.000406898683508495,"Mike Gesicki","MIA","TE",2022
"238","00-0031345",227,0.00446423016059645,0.0172068821097363,0.000405839105508768,"Jimmy Garoppolo","SF","QB",2022
"239","00-0034285",766,0.00446368629916357,0.0160032094460305,0.000405789663560324,"Zach Sieler","MIA","DL",2022
"240","00-0035629",1182,0.00445876363342119,0.0156750504443778,0.000405342148492836,"Jonah Williams","CIN","OL",2022
"241","00-0036351",1477,0.00440588330254417,0.0173911256404283,0.000400534845685834,"James Smith-Williams","WAS","DL",2022
"242","00-0025565",9,0.00440000142229437,0.0173993057622752,0.000400000129299488,"Nick Folk","NE","K",2022
"243","00-0036736",1668,0.00439512170269755,0.01692736685267,0.00039955651842705,"Kayode Awosika","DET","OL",2022
"244","00-0033120",511,0.00437194678176481,0.0163201595830389,0.000397449707433165,"Kenny Clark","GB","DL",2022
"245","00-0035547",1165,0.00436170367886497,0.0164691568602612,0.000396518516260452,"Joe Fortson","KC","TE",2022
"246","00-0037742",2089,0.00435246820257803,0.0160952885102457,0.000395678927507094,"Treylon Burks","TEN","WR",2022
"247","00-0033066",492,0.00434352896076503,0.0175213115448258,0.000394866269160458,"Andrew Billings","LV","DL",2022
"248","00-0036895",1730,0.00433761021121223,0.0168742279990235,0.000394328201019293,"Elerson Smith","NYG","LB",2022
"249","00-0033885",656,0.00433417211076402,0.0168762521754331,0.000394015646433093,"David Njoku","CLE","TE",2022
"250","00-0036166",1351,0.00432446662413676,0.0170021995693055,0.000393133329466979,"Dane Jackson","BUF","DB",2022
"251","00-0037275",1938,0.00432371144083052,0.0166821613623528,0.000393064676439138,"Daron Bland","DAL","DB",2022
"252","00-0037639",2075,0.0043133401333182,0.0166759333274685,0.000392121830301654,"William Kwenkeu","MIN","LB",2022
"253","00-0037447",2013,0.00430616563328959,0.0160276224613989,0.000391469603026326,"Tomon Fox","NYG","LB",2022
"254","00-0037190",1883,0.00430108565466658,0.0161491581761207,0.000391007786787871,"Ahmad Gardner","NYJ","DB",2022
"255","00-0033461",564,0.00429616752873407,0.0167107986084133,0.00039056068443037,"Raekwon McMillan","NE","LB",2022
"256","00-0036358",1482,0.00427622336423232,0.0163505524373172,0.000388747578566574,"CeeDee Lamb","DAL","WR",2022
"257","00-0034165",737,0.00427332616820349,0.0162290542921716,0.000388484197109409,"Colby Gossett","ATL","OL",2022
"258","00-0031404",245,0.00425544620433643,0.0166841647187029,0.000386858745848767,"Adrian Phillips","NE","DB",2022
"259","00-0036294",1433,0.00424394632984394,0.0166875414758266,0.000385813302713085,"Logan Wilson","CIN","LB",2022
"260","00-0035655",1201,0.00423216455821773,0.0158872906072438,0.000384742232565248,"Will Harris","DET","DB",2022
"261","00-0032197",349,0.0042289496643729,0.016068488133178,0.000384449969488446,"Randy Gregory","DEN","DL",2022
"262","00-0033283",530,0.00420575759990704,0.0170834186025155,0.000382341599991549,"Tyus Bowser","BAL","LB",2022
"263","00-0036036",1316,0.00420476932381853,0.0167055243236606,0.000382251756710775,"Terence Steele","DAL","OL",2022
"264","00-0038133",2191,0.00417518363246446,0.0172025142534923,0.00037956214840586,"Boye Mafe","SEA","LB",2022
"265","00-0035687",1225,0.00415344152455925,0.0164666197590451,0.00037758559314175,"Bobby Okereke","IND","LB",2022
"266","00-0037756",2100,0.00412835356783031,0.0165565118486139,0.000375304869802755,"Travis Jones","BAL","DL",2022
"267","00-0033463",565,0.00412426872632611,0.0166703501642132,0.000374933520575101,"Carl Lawson","NYJ","DL",2022
"268","00-0034418",831,0.00411623118577784,0.0170279203652852,0.000374202835070712,"Cedrick Wilson","MIA","WR",2022
"269","00-0032980",474,0.00410320252110407,0.0167648844207596,0.000373018411009461,"Marcus Johnson","NYG","WR",2022
"270","00-0031596",279,0.00410072959364132,0.0165875238506224,0.000372793599421938,"David Mayo","WAS","LB",2022
"271","00-0034473",848,0.00409927568636963,0.0161733534747713,0.000372661426033602,"Dennis Gardeck","ARI","LB",2022
"272","00-0032378",372,0.00409565675270368,0.016801746386084,0.000372332432063971,"DeForest Buckner","IND","DL",2022
"273","00-0032762",437,0.00408146328456614,0.0167370554709533,0.00037104211677874,"Chris Jones","KC","DL",2022
"274","00-0036246",1395,0.00408047097801717,0.0167249863817074,0.00037095190709247,"Jon Runyan","GB","OL",2022
"275","00-0037243",1907,0.00407263222987484,0.0161742123429907,0.000370239293624985,"Tyler Smith","DAL","OL",2022
"276","00-0032496",411,0.00405895035813052,0.0161543304866694,0.000368995487102775,"Matthias Farley","LV","DB",2022
"277","00-0037010",1827,0.00405551007134203,0.0165903328411476,0.000368682733758367,"Liam Eichenberg","MIA","OL",2022
"278","00-0036233",1387,0.00405220981206676,0.0164010488117162,0.000368382710187887,"Donovan Peoples-Jones","CLE","WR",2022
"279","00-0035562",1166,0.00403411385010274,0.0166111775788846,0.000366737622736613,"Jesper Horsted","LV","TE",2022
"280","00-0035125",1023,0.00402196346586268,0.0166314155160239,0.000365633042351153,"Alec Ingold","MIA","RB",2022
"281","00-0029959",128,0.00399652105029375,0.0169455416880159,0.00036332009548125,"Carson Tinker","SEA","LS",2022
"282","00-0034440",842,0.00399631532700258,0.0164073615427248,0.000363301393363871,"Justin Jackson","DET","RB",2022
"283","00-0031898",302,0.00399279078035737,0.0160771458016005,0.000362980980032488,"Alex Singleton","DEN","LB",2022
"284","00-0033357",550,0.00398443074692169,0.0161691435003562,0.000362220976992881,"Taysom Hill","NO","TE",2022
"285","00-0037814",2115,0.00396451476739272,0.0162927296491483,0.000360410433399338,"Luke Fortner","JAX","OL",2022
"286","00-0037256",1920,0.00396314318245212,0.0166975880792436,0.000360285743859284,"Rachaad White","TB","RB",2022
"287","00-0036551",1576,0.00395601274114107,0.0162064876473314,0.000359637521921915,"Aaron Banks","SF","OL",2022
"288","00-0036550",1575,0.00392997725792439,0.0169439529942422,0.000357270659811308,"Rashod Bateman","BAL","WR",2022
"289","00-0034160",732,0.00392894962337498,0.0160823963684767,0.000357177238488635,"Michael Dickson","SEA","P",2022
"290","00-0035699",1235,0.0039263604069602,0.0162577477674257,0.0003569418551782,"Jamel Dean","TB","DB",2022
"291","00-0033156",518,0.00392221977695854,0.017021496700704,0.000356565434268958,"Joey Bosa","LAC","LB",2022
"292","00-0036281",1423,0.00391717813999457,0.0161449585802543,0.00035610710363587,"C.J. Henderson","CAR","DB",2022
"293","00-0036275",1419,0.00391452344983932,0.0160654360133698,0.000355865768167211,"D'Andre Swift","DET","RB",2022
"294","00-0035259",1078,0.00390278435127432,0.0170824005082329,0.000354798577388575,"Trevon Wesco","CHI","TE",2022
"295","00-0032781",447,0.00389757546381177,0.0166231051442999,0.000354325042164707,"Matt Ioannidis","CAR","DL",2022
"296","00-0036866",1708,0.00387987622311591,0.0169291028799121,0.000352716020283265,"James Hudson","CLE","OL",2022
"297","00-0031298",223,0.00387291343673851,0.016538470571458,0.000352083039703501,"Jimmie Ward","SF","DB",2022
"298","00-0036360",1483,0.00387246888276039,0.0168883907066482,0.00035204262570549,"Clyde Edwards-Helaire","KC","RB",2022
"299","00-0036479",1554,0.00385309869461572,0.0166309120141325,0.00035028169951052,"Kwity Paye","IND","DL",2022
"300","00-0036214",1373,0.00385020328879519,0.0162878178956261,0.000350018480799563,"Tyre Phillips","NYG","OL",2022
"301","00-0028171",67,0.00384996930823769,0.0161897594754559,0.00034999720983979,"Lawrence Guy","NE","DL",2022
"302","00-0033868",640,0.00382793710556622,0.0171949187069867,0.000347994282324202,"Myles Garrett","CLE","DL",2022
"303","00-0036380",1500,0.00382698698828044,0.0166560147601131,0.000347907908025495,"Alohi Gilman","LAC","DB",2022
"304","00-0034381",809,0.0038245158110518,0.0165318057428522,0.000347683255550164,"Josh Sweat","PHI","DL",2022
"305","00-0034791",923,0.00378486184281305,0.0161261802274163,0.000344078349346641,"Nick Chubb","CLE","RB",2022
"306","00-0032637",423,0.00376325712410411,0.0157931846809417,0.000342114284009464,"Andrew Adams","TEN","DB",2022
"307","00-0034750",899,0.00375567346382758,0.0166351685845265,0.000341424860347962,"Rashaad Penny","SEA","RB",2022
"308","00-0035144",1030,0.00375274475898893,0.0164147768120537,0.000341158614453539,"Mack Wilson","NE","LB",2022
"309","00-0033536",575,0.00374604037584177,0.0165950753927302,0.000340549125076524,"Mike Williams","LAC","WR",2022
"310","00-0033729",620,0.00374465370412168,0.0175245796606234,0.000340423064011062,"Cameron Johnston","HOU","P",2022
"311","00-0024243",8,0.00374303103439893,0.0163998758031392,0.000340275548581721,"Marcedes Lewis","GB","TE",2022
"312","00-0035676",1216,0.0037354704871232,0.0158420243928316,0.000339588226102109,"A.J. Brown","PHI","WR",2022
"313","00-0036577",1597,0.00372408620342383,0.0168334791610811,0.000338553291220348,"Jack Anderson","NYG","OL",2022
"314","00-0031256",213,0.00371329485542686,0.015323165514523,0.00033757225958426,"Anthony Barr","DAL","LB",2022
"315","00-0037295",1952,0.00371152476153124,0.016290766814503,0.000337411341957385,"Jamaree Salyer","LAC","OL",2022
"316","00-0034487",850,0.00369536010314996,0.0161875514279701,0.000335941827559087,"Trent Sherfield","MIA","WR",2022
"317","00-0030062",134,0.00369262771660284,0.0166773785734965,0.000335693428782076,"Darius Slay","PHI","DB",2022
"318","00-0034374",805,0.0036820916930519,0.0167019282833656,0.000334735608459264,"Jordan Whitehead","NYJ","DB",2022
"319","00-0034587",871,0.00367085766198529,0.0169926000771462,0.000333714332907753,"Abdullah Anderson","ATL","DL",2022
"320","00-0036829",1684,0.00366532495638773,0.0171266736322398,0.000333211359671611,"Caleb Huntley","ATL","RB",2022
"321","00-0036271",1415,0.00366242444594726,0.0168438472717916,0.000332947676904297,"Quez Watkins","PHI","WR",2022
"322","00-0038038",2143,0.0036610074732586,0.016779610113744,0.000332818861205328,"Kyle Hamilton","BAL","DB",2022
"323","00-0032195",348,0.00363489541482526,0.0171643198911408,0.000330445037711388,"Ronald Darby","DEN","DB",2022
"324","00-0034968",984,0.00363191896193047,0.0167039102036473,0.000330174451084588,"Darnell Savage","GB","DB",2022
"325","00-0036622",1614,0.00362845002740635,0.0163986648870256,0.000329859093400577,"Josh Myers","GB","OL",2022
"326","00-0035402",1137,0.00361884134724839,0.0167428974067386,0.00032898557702258,"Carl Granderson","NO","DL",2022
"327","00-0034465",846,0.00361269019085448,0.0170156591829861,0.00032842638098677,"Jeremy Reaves","WAS","DB",2022
"328","00-0036417",1529,0.00360288541871063,0.0166895740085611,0.000327535038064603,"Damien Lewis","SEA","OL",2022
"329","00-0031957",313,0.00358495795042605,0.0168898398035689,0.00032590526822055,"Rakeem Nunez-Roches","TB","DL",2022
"330","00-0034785",919,0.00358337587322967,0.0161080168269558,0.000325761443020879,"Mason Cole","PIT","OL",2022
"331","00-0033393",556,0.00355888609634654,0.0166087323175153,0.000323535099667868,"Kenny Moore","IND","DB",2022
"332","00-0037821",2121,0.0035498019836254,0.0173889517201591,0.000322709271238673,"Charles Cross","SEA","OL",2022
"333","00-0034351",787,0.00354934260295975,0.0160114162957512,0.000322667509359977,"Dallas Goedert","PHI","TE",2022
"334","00-0031581",272,0.00354248024437877,0.0161777833988186,0.000322043658579888,"Mark Glowinski","NYG","OL",2022
"335","00-0037666",2083,0.00353763286163895,0.0173757579881136,0.000321602987421723,"Jalen Tolbert","DAL","WR",2022
"336","00-0037247",1911,0.00353157538261234,0.0175078444489857,0.000321052307510213,"George Pickens","PIT","WR",2022
"337","00-0030114",147,0.00353076585618499,0.0167625138633616,0.000320978714198636,"Jordan Poyer","BUF","DB",2022
"338","00-0036325",1455,0.00352759258434655,0.0163399185020507,0.000320690234940596,"Robert Hunt","MIA","OL",2022
"339","00-0037493",2027,0.00352419402932197,0.0178396494070451,0.000320381275392906,"Mike Brown","TEN","DB",2022
"340","00-0037258",1922,0.00351852155144795,0.0163788200772751,0.000319865595586177,"Dameon Pierce","HOU","RB",2022
"341","00-0030827",182,0.00351674590931585,0.016355830326845,0.000319704173574168,"Tyler Shatley","JAX","OL",2022
"342","00-0032450",405,0.0034965813709082,0.0169394047003666,0.000317871033718927,"Dwayne Washington","NO","RB",2022
"343","00-0031544",258,0.00348901968376891,0.016595519701871,0.000317183607615356,"Amari Cooper","CLE","WR",2022
"344","00-0036050",1321,0.00347637047297201,0.0167424126732236,0.000316033679361092,"Benning Potoa'e","WAS","DL",2022
"345","00-0030140",148,0.00347135531353683,0.0174061859663687,0.000315577755776075,"Tress Way","WAS","P",2022
"346","00-0031408",246,0.0034628864827874,0.0158847312710968,0.000314807862071582,"Mike Evans","TB","WR",2022
"347","00-0035308",1107,0.00345265509635509,0.0178241046535013,0.000313877736032281,"Tommy Sweeney","BUF","TE",2022
"348","00-0038100",2161,0.00344439564007404,0.0170435431313683,0.000313126876370367,"Percy Butler","WAS","DB",2022
"349","00-0036322",1453,0.00344320495822409,0.0168856718891687,0.000313018632565827,"Justin Jefferson","MIN","WR",2022
"350","00-0036262",1409,0.00342925639170027,0.0164376306177386,0.000311750581063661,"Davon Hamilton","JAX","DL",2022
"351","00-0032146",338,0.00341927596644587,0.0156271490680965,0.000310843269676898,"Bud Dupree","TEN","LB",2022
"352","00-0035588",1169,0.00341856471249797,0.0163811326460199,0.000310778610227088,"Garrett Bradbury","MIN","OL",2022
"353","00-0037304",1961,0.00337554883789765,0.0168273096022086,0.000306868076172513,"Connor Heyward","PIT","TE",2022
"354","00-0030387",155,0.00335613861345791,0.0175060214471705,0.000305103510314356,"Steven Means","BAL","LB",2022
"355","00-0032151",341,0.00335251581021027,0.0166131942346445,0.00030477416456457,"Jon Feliciano","NYG","OL",2022
"356","00-0034161",733,0.0033505069956363,0.0170480316621377,0.000304591545057846,"Daniel Carlson","LV","K",2022
"357","00-0032521",414,0.00334964667189485,0.015939866742857,0.000304513333808622,"Mike Hilton","CIN","DB",2022
"358","00-0035707",1240,0.0033494968514869,0.016487743898502,0.000304499713771537,"Devin White","TB","LB",2022
"359","00-0036349",1476,0.0033290391946411,0.0154367961737681,0.000302639926785555,"Kamren Curl","WAS","DB",2022
"360","00-0034674",883,0.00332192524339891,0.0164032593495994,0.000301993203945355,"Leighton Vander Esch","DAL","LB",2022
"361","00-0035269",1086,0.00330800377700426,0.0169985839338488,0.000300727616091296,"Matt Gay","LA","K",2022
"362","00-0031389",243,0.00330076740648998,0.0170812413124355,0.000300069764226362,"Lamarcus Joyner","NYJ","DB",2022
"363","00-0035365",1127,0.00329594524272358,0.0170401102851392,0.000299631385702143,"Tae Hayes","NE","DB",2022
"364","00-0031270",217,0.00329062264881812,0.0168712033762079,0.00029914751352892,"Shelby Harris","SEA","DL",2022
"365","00-0032415",394,0.00327193741529632,0.0167159990921204,0.000297448855936029,"Matt Judon","NE","LB",2022
"366","00-0035526",1155,0.00325641782770847,0.0168818267460022,0.000296037984337133,"Elgton Jenkins","GB","OL",2022
"367","00-0036964",1786,0.00324842820870539,0.0167424482219326,0.000295311655336854,"Derrick Barnes","DET","LB",2022
"368","00-0032217",357,0.00324013703313244,0.0162248124454078,0.000294557912102949,"Donovan Smith","TB","OL",2022
"369","00-0037812",2113,0.00323781512995547,0.0159665816394447,0.000294346829995952,"Abraham Lucas","SEA","OL",2022
"370","00-0036130",1336,0.00322749816470161,0.0165855835313479,0.000293408924063782,"Justin Madubuike","BAL","DL",2022
"371","00-0038094",2155,0.00321861247059935,0.0172906648715763,0.00029260113369085,"Jordan Stout","BAL","P",2022
"372","00-0034928",972,0.00321414624833857,0.0169451568886663,0.000292195113485325,"Steven Sims","PIT","WR",2022
"373","00-0035654",1200,0.00320235438161846,0.0179122225597224,0.000291123125601678,"Chase Winovich","CLE","DL",2022
"374","00-0036988",1805,0.00319548419628483,0.0163579502217251,0.000290498563298621,"Josh Palmer","LAC","WR",2022
"375","00-0034673",882,0.00318887582356689,0.0166651698823448,0.000289897802142444,"Tremaine Edmunds","BUF","LB",2022
"376","00-0033925",685,0.0031880790337665,0.0167381106187478,0.000289825366706046,"D'Onta Foreman","CAR","RB",2022
"377","00-0033529",574,0.00318159143427986,0.0167219761820652,0.000289235584934533,"Chase Roullier","WAS","OL",2022
"378","00-0035681",1221,0.00315929700215804,0.0157291444305957,0.000287208818378004,"Mike Edwards","TB","DB",2022
"379","00-0036232",1386,0.00315214346308503,0.0165805236730859,0.000286558496644094,"Harrison Bryant","CLE","TE",2022
"380","00-0035640",1191,0.0031486451999432,0.0161482275021143,0.000286240472722109,"DK Metcalf","SEA","WR",2022
"381","00-0036383",1501,0.00314064238028197,0.0161073826485258,0.000285512943661997,"Eno Benjamin","NO","RB",2022
"382","00-0037826",2125,0.00313882549378016,0.0174950820346727,0.000285347772161833,"Drake Jackson","SF","DL",2022
"383","00-0035231",1057,0.00313146384583695,0.0162698009616602,0.000284678531439722,"Christian Wilkins","MIA","DL",2022
"384","00-0034368",801,0.00312556589740817,0.0169303875890451,0.000284142354309834,"Josey Jewell","DEN","LB",2022
"385","00-0027224",30,0.00312031479728917,0.0171208329404513,0.000283664981571743,"Jonathan Weeks","HOU","LS",2022
"386","00-0030064",136,0.00311907953209493,0.0175728412017581,0.000283552684735902,"Jon Bostic","WAS","LB",2022
"387","00-0033905",672,0.00310194356299649,0.0163553179371415,0.000281994869363317,"Larry Ogunjobi","PIT","DL",2022
"388","00-0034801",930,0.00309477153799013,0.016672878783369,0.000281342867090012,"Josh Woods","DET","LB",2022
"389","00-0037191",1884,0.0030932651875996,0.0169665764811277,0.000281205926145418,"Trent McDuffie","KC","DB",2022
"390","00-0037807",2108,0.00309009190100369,0.0167812118127089,0.00028091744554579,"Joshua Ezeudu","NYG","OL",2022
"391","00-0035247",1070,0.00308969546038947,0.0169355312740013,0.000280881405489952,"Trysten Hill","ARI","DL",2022
"392","00-0034982",993,0.00306366940350457,0.0161597847857762,0.000278515400318598,"Dre Greenlaw","SF","LB",2022
"393","00-0034386",814,0.00305870422345239,0.0172534129313463,0.000278064020313854,"Justin Watson","KC","WR",2022
"394","00-0034540",865,0.00305207858896034,0.0158028643504711,0.000277461689905486,"Tony Brown","IND","DB",2022
"395","00-0029709",120,0.00304116669760081,0.0164410700591848,0.000276469699781892,"Ty Nsekhe","LA","OL",2022
"396","00-0026027",13,0.00303798932943377,0.0178763266438509,0.000276180848130342,"J.J. Jansen","CAR","LS",2022
"397","00-0036265",1411,0.00302723686044374,0.016674281092171,0.000275203350949431,"A.J. Dillon","GB","RB",2022
"398","00-0037457",2015,0.00300591081406826,0.0165890216623951,0.000273264619460751,"Jake Hansen","HOU","LB",2022
"399","00-0036267",1413,0.00299673763149628,0.0160021322742753,0.00027243069377239,"Jedrick Wills","CLE","OL",2022
"400","00-0033566",594,0.00299435336746776,0.0167943355847945,0.000272213942497069,"Desmond King","HOU","DB",2022
"401","00-0034794",925,0.00299413784484498,0.0166687431369507,0.000272194349531362,"Jason Sanders","MIA","K",2022
"402","00-0036659",1646,0.00299069878846192,0.0167838326126584,0.000271881708041992,"Camaron Cheeseman","WAS","LS",2022
"403","00-0035261",1080,0.00299054339744791,0.0160118381012984,0.000271867581586174,"Tony Pollard","DAL","RB",2022
"404","00-0037662",2079,0.00299045209235663,0.0162254269405733,0.00027185928112333,"C.J. Brewer","BUF","DL",2022
"405","00-0031947",312,0.00296784319776189,0.0171794934788393,0.000269803927069263,"Tyeler Davison","LAC","DL",2022
"406","00-0036224",1381,0.00296465778791135,0.0164131923097229,0.000269514344355577,"Jonathan Greenard","HOU","DL",2022
"407","00-0037817",2118,0.00293864880867323,0.0162970670621713,0.000267149891697567,"Zach Tom","GB","OL",2022
"408","00-0034639",878,0.00293266973545836,0.0161438659921154,0.000266606339587124,"Mike Ford","ATL","DB",2022
"409","00-0035719",1246,0.00292768656727371,0.0162807763093302,0.00026615332429761,"Deebo Samuel","SF","WR",2022
"410","00-0031381",239,0.00290961645166978,0.0166375856814288,0.000264510586515434,"Davante Adams","LV","WR",2022
"411","00-0037073",1841,0.00290540623701931,0.0160707566409815,0.000264127839729028,"Jordan Davis","PHI","DL",2022
"412","00-0034521",862,0.00287787753802983,0.0161892625195587,0.000261625230729985,"Allen Lazard","GB","WR",2022
"413","00-0037006",1823,0.00286713702827506,0.017190137306763,0.000260648820752279,"Wyatt Davis","NYG","OL",2022
"414","00-0036997",1814,0.00282890778004348,0.0163620469225363,0.000257173434549407,"Javonte Williams","DEN","RB",2022
"415","00-0035408",1139,0.00282887594299397,0.0171344049662795,0.000257170540272179,"Nick Moore","BAL","LS",2022
"416","00-0033308",543,0.00282440532619441,0.0164249021862017,0.000256764120563129,"Matt Breida","NYG","RB",2022
"417","00-0034071",715,0.00281781571517414,0.0159984886461129,0.000256165065015831,"Danny Johnson","WAS","DB",2022
"418","00-0036081",1325,0.00281749715731546,0.0161751934898408,0.000256136105210496,"Broderick Washington","BAL","DL",2022
"419","00-0028872",75,0.0028098867326007,0.016564553305973,0.000255444248418245,"Johnny Hekker","CAR","P",2022
"420","00-0032162",343,0.00280350027427306,0.016786273003909,0.000254863661297551,"T.Y. McGill","SF","DL",2022
"421","00-0037810",2111,0.00280313467120063,0.0159619959617306,0.000254830424654603,"Troy Andersen","ATL","LB",2022
"422","00-0034411",827,0.00279984563977333,0.0158352921513558,0.000254531421797576,"Russell Gage","TB","WR",2022
"423","00-0036648",1637,0.00279864834307254,0.0165263922206788,0.000254422576642958,"Nick Niemann","LAC","LB",2022
"424","00-0037320",1973,0.00279136458267022,0.0171933081337366,0.000253760416606384,"Deane Leonard","LAC","DB",2022
"425","00-0036625",1617,0.00277583137639268,0.0156400280879008,0.000252348306944789,"Benjamin St-Juste","WAS","DB",2022
"426","00-0033541",580,0.00277263483347343,0.0172668771942593,0.000252057712133948,"Taco Charlton","JAX","DL",2022
"427","00-0034352",788,0.00274629103799102,0.0163252307781886,0.000249662821635548,"Connor Williams","MIA","OL",2022
"428","00-0033928",688,0.00274209800553015,0.01735910011117,0.000249281636866377,"Jourdan Lewis","DAL","DB",2022
"429","00-0029685",117,0.00273983894386456,0.0166153185853802,0.000249076267624051,"Greg Van Roten","BUF","OL",2022
"430","00-0035710",1242,0.00273949583559719,0.0166058707424817,0.000249045075963381,"Daniel Jones","NYG","QB",2022
"431","00-0036244",1394,0.00273578891153973,0.0169316282056758,0.000248708082867248,"Colby Parkinson","SEA","TE",2022
"432","00-0036666",1651,0.00271541487780616,0.0168882313895611,0.000246855897982378,"Shaka Toney","WAS","DL",2022
"433","00-0029562",101,0.00269077109973913,0.0171619675920181,0.000244615554521739,"Lavonte David","TB","LB",2022
"434","00-0036165",1350,0.00268575668098807,0.0171831679228199,0.000244159698271643,"Isaiah Hodgins","NYG","WR",2022
"435","00-0036633",1624,0.00268471162072034,0.0169218143234625,0.000244064692792758,"Caden Sterns","DEN","DB",2022
"436","00-0035330",1113,0.00267560685028897,0.0164955875231649,0.000243236986389907,"Anthony Pittman","DET","LB",2022
"437","00-0035235",1060,0.00267457795785395,0.0162197127268113,0.000243143450713995,"Kaleb McGary","ATL","OL",2022
"438","00-0037291",1950,0.00266145262833124,0.0170512748138158,0.000241950238939203,"Jalen Nailor","MIN","WR",2022
"439","00-0034994",1000,0.00265748887916745,0.0172773194020606,0.000241589898106132,"Olisaemeka Udoh","MIN","OL",2022
"440","00-0033782",626,0.00264167964819695,0.0162635307275972,0.000240152695290632,"DeMarcus Walker","TEN","DL",2022
"441","00-0034975",990,0.00263338701582625,0.0163397142596514,0.000239398819620568,"Justice Hill","BAL","RB",2022
"442","00-0034397",822,0.00262618492509085,0.0159488468126643,0.000238744084099168,"Tim Settle","BUF","DL",2022
"443","00-0036272",1416,0.00262146733263786,0.0173283971369847,0.000238315212057987,"Ben Bartch","JAX","OL",2022
"444","00-0032401",389,0.00261664143155996,0.0167548805538589,0.000237876493778178,"De'Vondre Campbell","GB","LB",2022
"445","00-0036619",1611,0.00260657575385853,0.0173008501284931,0.000236961432168957,"Dillon Radunz","TEN","OL",2022
"446","00-0036199",1367,0.00259523287725942,0.0159757118631762,0.000235930261569038,"Geno Stone","BAL","DB",2022
"447","00-0037057",1838,0.00259454801537319,0.01681322821875,0.000235868001397562,"Keir Thomas","LA","LB",2022
"448","00-0034978",991,0.00258720906203495,0.0164044909083914,0.000235200823821359,"Ben Powers","BAL","OL",2022
"449","00-0037332",1982,0.00258302055176019,0.0172866113859564,0.000234820050160017,"D'Anthony Bell","CLE","DB",2022
"450","00-0036792",1677,0.00258178618223737,0.0178054656122289,0.000234707834748852,"Bryce Thompson","NO","DB",2022
"451","00-0034972",987,0.00257750322588543,0.0167698188398217,0.000234318475080494,"Alexander Mattison","MIN","RB",2022
"452","00-0035946",1295,0.0025766550025648,0.0172663987031621,0.000234241363869527,"Myles Adams","SEA","DL",2022
"453","00-0036867",1709,0.00257559152764956,0.0166946019141694,0.000234144684331779,"Chris Rumph","LAC","LB",2022
"454","00-0035630",1183,0.0025754931124843,0.0169139417014373,0.000234135737498572,"Chris Lindstrom","ATL","OL",2022
"455","00-0036989",1806,0.00257459070005395,0.0168115631598185,0.000234053700004905,"Malcolm Koonce","LV","DL",2022
"456","00-0036716",1664,0.00257162641626655,0.0163461178435949,0.000233784219660596,"Amen Ogbongbemiga","LAC","LB",2022
"457","00-0035249",1072,0.00256232150977086,0.0163663889107024,0.000232938319070078,"Josh Oliver","BAL","TE",2022
"458","00-0035677",1217,0.00252652898826728,0.0171872719076442,0.000229684453478843,"Nasir Adderley","LAC","DB",2022
"459","00-0034363",796,0.00252611151256027,0.0172776636190563,0.000229646501141843,"Deadrin Senat","TB","DL",2022
"460","00-0029597",105,0.00252486048352485,0.016880132093712,0.000229532771229532,"Justin Tucker","BAL","K",2022
"461","00-0031279",219,0.00250643868571251,0.0161581270456157,0.000227858062337501,"Jake Matthews","ATL","OL",2022
"462","00-0033923",684,0.0025052610924055,0.0159499124384447,0.0002277510084005,"Kareem Hunt","CLE","RB",2022
"463","00-0034832",947,0.00249567260428281,0.0171473694497129,0.000226879327662074,"Bradley Chubb","MIA","LB",2022
"464","00-0032942",461,0.00249340575045145,0.0172712478480272,0.000226673250041041,"Kevon Seymour","BAL","DB",2022
"465","00-0036522",1570,0.00249043737800983,0.0170312881798135,0.000226403398000894,"Devery Hamilton","NYG","OL",2022
"466","00-0035444",1148,0.00248038377407925,0.016524128799494,0.000225489434007205,"Jordan Kunaszyk","CLE","LB",2022
"467","00-0035688",1226,0.00247811749433286,0.0161312640742035,0.000225283408575715,"Trey Pipkins","LAC","OL",2022
"468","00-0033881",653,0.00246327119618238,0.0164728887378724,0.000223933745107489,"Evan Engram","JAX","TE",2022
"469","00-0033947",698,0.00246118473496737,0.0165904369924402,0.000223744066815216,"Deatrich Wise","NE","DL",2022
"470","00-0032442",403,0.00245772627907149,0.0163338394592542,0.000223429661733772,"Elandon Roberts","MIA","LB",2022
"471","00-0034993",999,0.00245524497065325,0.0160916281041442,0.000223204088241205,"Marcus Epps","PHI","DB",2022
"472","00-0030585",172,0.00245307481696963,0.0172349669333076,0.000223006801542694,"Justin Pugh","ARI","OL",2022
"473","00-0037512",2031,0.00244038516583314,0.0167464976300996,0.000221853196893922,"Isaiah Pola-Mao","LV","DB",2022
"474","00-0036338",1468,0.00243179855986188,0.0168634325144402,0.00022107259635108,"Troy Dye","MIN","LB",2022
"475","00-0036432",1541,0.00242802795520399,0.0168507845356244,0.000220729814109454,"Clay Johnston","CIN","LB",2022
"476","00-0031254",212,0.00242183314560829,0.0169056195910195,0.000220166649600754,"Denico Autry","TEN","DL",2022
"477","00-0036440",1545,0.00240629067370945,0.0164743418395051,0.00021875369760995,"Derrek Tuszka","LAC","LB",2022
"478","00-0031584",274,0.00240390937326832,0.0167578198140429,0.000218537215751665,"Adrian Amos","GB","DB",2022
"479","00-0027962",55,0.00239532529748284,0.0168594490475058,0.000217756845225713,"Cameron Jordan","NO","DL",2022
"480","00-0036258",1405,0.00239276407838051,0.0161887076372766,0.000217524007125501,"Jonah Jackson","DET","OL",2022
"481","00-0034759",905,0.0023843572233092,0.0171902272278614,0.000216759747573563,"Kolton Miller","LV","OL",2022
"482","00-0029657",113,0.00238410543359307,0.0163459147500797,0.00021673685759937,"Akiem Hicks","TB","DL",2022
"483","00-0033430",558,0.00238171125837624,0.0169763557724109,0.000216519205306931,"Greg Mabin","TEN","DB",2022
"484","00-0036728",1666,0.00237415928337458,0.0170255605234294,0.000215832662124962,"Curtis Robinson","SF","LB",2022
"485","00-0035327",1110,0.00236973023453518,0.0168396325767909,0.00021543002132138,"C.J. Moore","DET","DB",2022
"486","00-0030092",143,0.00236517092796681,0.0172860773490225,0.000215015538906073,"Sam Martin","BUF","P",2022
"487","00-0030063",135,0.00235969008168463,0.0165725067763579,0.000214517280153148,"Johnathan Hankins","DAL","DL",2022
"488","00-0037499",2028,0.00234712462372914,0.0178778353256947,0.000213374965793558,"Luiji Vilain","MIN","LB",2022
"489","00-0036914",1746,0.00234528384171854,0.0171174900989419,0.000213207621974412,"Gregory Rousseau","BUF","DL",2022
"490","00-0037257",1921,0.00233997719694238,0.0164899513474754,0.000212725199722035,"David Bell","CLE","WR",2022
"491","00-0036967",1787,0.00232821441122854,0.0157964227338792,0.000211655855566231,"Joe Tryon","TB","LB",2022
"492","00-0037269",1933,0.00232669979584595,0.0180829462589988,0.000211518163258723,"Eric Johnson","IND","DL",2022
"493","00-0031687",286,0.00232291682262037,0.0165301582721186,0.000211174256601852,"Raheem Mostert","MIA","RB",2022
"494","00-0033526",573,0.00231316495835825,0.0157316952257617,0.000210287723487114,"Samaje Perine","CIN","RB",2022
"495","00-0037239",1903,0.00230426358705011,0.0163216447972904,0.000209478507913647,"Chris Olave","NO","WR",2022
"496","00-0032141",334,0.00230236585302184,0.0160634162655318,0.000209305986638349,"Geoff Swaim","TEN","TE",2022
"497","00-0034424",833,0.00228959184925511,0.0166426594279443,0.000208144713568647,"Matthew Adams","CHI","LB",2022
"498","00-0035591",1170,0.00228722106807182,0.0170748993734269,0.000207929188006529,"Justin Hollins","GB","LB",2022
"499","00-0027966",56,0.00228023927950977,0.016901530346764,0.000207294479955434,"Mark Ingram","NO","RB",2022
"500","00-0036416",1528,0.00227458955418013,0.0163792909950507,0.00020678086856183,"Kristian Fulton","TEN","DB",2022
"501","00-0033716",618,0.002268574748882,0.0172264302570692,0.000206234068080182,"Calvin Munson","NE","LB",2022
"502","00-0031258",214,0.00226000089236197,0.017092931828594,0.000205454626578361,"Jeremiah Attaochu","LAC","LB",2022
"503","00-0037841",2137,0.00225818875469944,0.0171629103402644,0.000205289886790858,"Quentin Lake","LA","DB",2022
"504","00-0036865",1707,0.00225221324313549,0.0175767448105685,0.000204746658466863,"Jackson Carman","CIN","OL",2022
"505","00-0034844",954,0.00224883559248561,0.0163981867101074,0.000204439599316874,"Saquon Barkley","NYG","RB",2022
"506","00-0034347",784,0.002248535463193,0.016838322998365,0.000204412314835728,"James Daniels","PIT","OL",2022
"507","00-0028339",72,0.00223366794584754,0.0171566039692071,0.000203060722349777,"Mario Addison","HOU","DL",2022
"508","00-0033948",699,0.00221967972988342,0.01651065654612,0.000201789066353039,"Jamaal Williams","DET","RB",2022
"509","00-0036414",1526,0.0022095489052734,0.0165540102965416,0.000200868082297582,"Cam Akers","LA","RB",2022
"510","00-0032104",325,0.00220748085449757,0.0167751551974662,0.000200680077681597,"Ameer Abdullah","LV","RB",2022
"511","00-0036729",1667,0.0022003170146758,0.0178314769157926,0.000200028819515982,"Drue Chrisman","CIN","P",2022
"512","00-0036347",1474,0.00218668940548548,0.0177304275173468,0.000198789945953226,"Blake Brandel","MIN","OL",2022
"513","00-0033307",542,0.00218472741805545,0.0166884420780785,0.000198611583459586,"Kendrick Bourne","NE","WR",2022
"514","00-0035757",1250,0.00218359742393035,0.0169176883730211,0.00019850885672094,"Jacob Bobenmoyer","DEN","LS",2022
"515","00-0038112",2171,0.00217663213854053,0.0168194347748518,0.00019787564895823,"Cam Jurgens","PHI","OL",2022
"516","00-0033676",613,0.00217332363472966,0.0164844900665766,0.000197574875884514,"Elijah Wilkinson","ATL","OL",2022
"517","00-0031492",254,0.00216451104650922,0.016535460111915,0.000196773731500838,"Jason Myers","SEA","K",2022
"518","00-0035383",1131,0.00216119282948034,0.0159191318168757,0.000196472075407303,"Nate Herbig","NYJ","OL",2022
"519","00-0036219",1376,0.00215968066699575,0.0169138734356551,0.000196334606090522,"Marquez Callaway","NO","WR",2022
"520","00-0032764",439,0.00215871238579901,0.0164851722269274,0.000196246580527183,"Derrick Henry","TEN","RB",2022
"521","00-0036339",1469,0.00215584504768351,0.016039809538515,0.000195985913425774,"Kevin Dotson","PIT","OL",2022
"522","00-0027885",46,0.00214736590611498,0.0168033966788857,0.000195215082374089,"Linval Joseph","PHI","DL",2022
"523","00-0030097",144,0.00213292715874455,0.0169829288244557,0.000193902468976777,"David Quessenberry","BUF","OL",2022
"524","00-0030968",188,0.00213164124730368,0.0168334031140052,0.000193785567936698,"Keith Smith","ATL","RB",2022
"525","00-0031041",193,0.00212861197642814,0.0170944628218723,0.000193510179675285,"Kyle Fuller","BAL","DB",2022
"526","00-0034253",753,0.00212658732049458,0.0163638788963873,0.000193326120044962,"Dontrell Hilliard","TEN","RB",2022
"527","00-0036653",1641,0.00210960837254507,0.0157320246509122,0.000191782579322279,"Stone Forsythe","SEA","OL",2022
"528","00-0034970",986,0.00210655596141643,0.0170913232627245,0.000191505087401494,"Irv Smith","MIN","TE",2022
"529","00-0036333",1463,0.0021014331220596,0.0161542501551241,0.000191039374732691,"Alex Highsmith","PIT","LB",2022
"530","00-0035112",1020,0.00209529684146706,0.0161665312598674,0.00019048153104246,"Patrick Mekari","BAL","OL",2022
"531","00-0037468",2019,0.00209490844147285,0.0171941030748398,0.000190446221952077,"Raheem Layne","LAC","DB",2022
"532","00-0031787",292,0.00207917027015582,0.0161003214828464,0.000189015479105074,"Jake Kumerow","BUF","WR",2022
"533","00-0034325",775,0.00207463848324793,0.0168198076975237,0.000188603498477085,"Taylor Stallworth","HOU","DL",2022
"534","00-0029608",109,0.00207417963758529,0.016264208999367,0.000188561785235026,"T.Y. Hilton","DAL","WR",2022
"535","00-0035179",1039,0.00207233604019345,0.0165531117935335,0.000188394185472132,"Jalen Dalton","ATL","DL",2022
"536","00-0031203",207,0.00206401171980881,0.0163180089357832,0.000187637429073529,"Cairo Santos","CHI","K",2022
"537","00-0034902",969,0.0020366164826394,0.0166772904311847,0.000185146952967218,"Sam Eguavoen","MIA","LB",2022
"538","00-0033870",642,0.00203084291443385,0.0164206498421056,0.00018462208313035,"Solomon Thomas","NYJ","DL",2022
"539","00-0036423",1534,0.00202652697317336,0.0180592408155479,0.000184229724833942,"Albert Okwuegbunam","DEN","TE",2022
"540","00-0030061",133,0.00202565020932676,0.0167699173650009,0.000184150019029705,"Zach Ertz","ARI","TE",2022
"541","00-0035208",1045,0.00200066373961536,0.0166906416832594,0.000181878521783215,"Olamide Zaccheaus","ATL","WR",2022
"542","00-0036885",1723,0.00199058484218302,0.0173787300038041,0.000180962258380275,"Tre Brown","SEA","DB",2022
"543","00-0033376",552,0.00198829911646347,0.0162329812066363,0.000180754465133043,"Patrick Ricard","BAL","RB",2022
"544","00-0033952",702,0.00197983495526785,0.0161492948011963,0.000179984995933441,"Grover Stewart","IND","DL",2022
"545","00-0030090",142,0.00197101215466661,0.0174152084334601,0.00017918292315151,"Micah Hyde","BUF","DB",2022
"546","00-0035073",1014,0.00194597412749753,0.0166281128782332,0.000176906738863411,"Jonathan Harris","DEN","DL",2022
"547","00-0033292",534,0.00194461312982282,0.0170306226114216,0.000176783011802075,"Trent Taylor","CIN","WR",2022
"548","00-0023853",7,0.00193891457928051,0.0174182120545862,0.000176264961752774,"Matt Prater","ARI","K",2022
"549","00-0034782",918,0.00193654200822792,0.0163783453202545,0.000176049273475265,"Harrison Phillips","MIN","DL",2022
"550","00-0033111",507,0.00193478186518675,0.0166314038450928,0.000175889260471522,"Pharoh Cooper","ARI","WR",2022
"551","00-0032103",324,0.00192456660476315,0.0170675465184452,0.000174960600433014,"Denzel Perryman","LV","LB",2022
"552","00-0034399",823,0.001924545243571,0.0170296294202003,0.000174958658506455,"Wyatt Teller","CLE","OL",2022
"553","00-0036933",1761,0.00192295205869969,0.0164790264183625,0.000174813823518154,"Zaven Collins","ARI","LB",2022
"554","00-0036259",1406,0.00191954133964591,0.01664720811574,0.000174503758149628,"Jauan Jennings","SF","WR",2022
"555","00-0034355",790,0.0019079769459998,0.0152679025741151,0.000173452449636346,"M.J. Stewart","HOU","DB",2022
"556","00-0035003",1004,0.00189839878355532,0.0170770365757101,0.000172581707595938,"Jackson Barton","LV","OL",2022
"557","00-0037392",2000,0.001889569896245,0.0171718548259997,0.000171779081476818,"Trevor Denbow","IND","DB",2022
"558","00-0035233",1058,0.00188297685885143,0.0166063798904366,0.000171179714441039,"Andre Dillard","PHI","OL",2022
"559","00-0033995",709,0.00188220460157092,0.0167691374060036,0.00017110950923372,"Michael Dunn","CLE","OL",2022
"560","00-0033631",609,0.00187634704754906,0.0166941991165777,0.000170577004322642,"Rashaad Coward","ARI","OL",2022
"561","00-0036192",1361,0.00187114902197735,0.0162572307290883,0.000170104456543396,"A.J. Epenesa","BUF","DL",2022
"562","00-0034173",740,0.00186952595949957,0.0169560918720056,0.000169956905409052,"Eddy Pineiro","CAR","K",2022
"563","00-0035500",1151,0.00186653204983447,0.0163550812831622,0.000169684731803133,"Greg Dortch","ARI","WR",2022
"564","00-0036672",1654,0.00186418289972653,0.0164385835040885,0.000169471172702412,"Grant Stuard","IND","LB",2022
"565","00-0034359",793,0.00185879098600473,0.0173638660434906,0.000168980998727703,"Tyquan Lewis","IND","DL",2022
"566","00-0032497",412,0.00185632846094417,0.0164509490120927,0.000168757132813106,"Reid Ferguson","BUF","LS",2022
"567","00-0036857",1702,0.00185585124170531,0.0171468718134321,0.000168713749245938,"Chris Evans","CIN","RB",2022
"568","00-0037297",1954,0.00184300668986543,0.0174064298761419,0.000167546062715039,"Cade Mays","CAR","OL",2022
"569","00-0037387",1999,0.00183527412103452,0.0177795559381366,0.000166843101912229,"Jalen Virgil","DEN","WR",2022
"570","00-0023459",6,0.00182347334752907,0.0163791910573778,0.000165770304320824,"Aaron Rodgers","GB","QB",2022
"571","00-0031557",265,0.00182080291326526,0.0167052476331297,0.000165527537569569,"Jordan Phillips","BUF","DL",2022
"572","00-0033702",617,0.00180891950486686,0.0168246102447031,0.000164447227715169,"Younghoe Koo","ATL","K",2022
"573","00-0037844",2140,0.00180640169832775,0.0170238699713457,0.000164218336211614,"Russ Yeast","LA","DB",2022
"574","00-0033945",697,0.0017977197419316,0.0166800068469992,0.000163429067448327,"Samson Ebukam","SF","DL",2022
"575","00-0033591",605,0.0017958007278018,0.0163540072483136,0.000163254611618345,"Noah Brown","DAL","WR",2022
"576","00-0029701",119,0.00179004661868059,0.0163580979199663,0.000162731510789145,"Ryan Tannehill","TEN","QB",2022
"577","00-0033511",569,0.0017825581612751,0.0174739089358868,0.0001620507419341,"Sean Harlow","ARI","OL",2022
"578","00-0036321",1452,0.00177813050053168,0.0167692409595089,0.000161648227321061,"Chase Young","WAS","DL",2022
"579","00-0033932",691,0.00177415860201164,0.0170134080131925,0.000161287145637422,"Kenny Golladay","NYG","WR",2022
"580","00-0038117",2176,0.00176666712449102,0.0169562368780197,0.000160606102226457,"Wan'Dale Robinson","NYG","WR",2022
"581","00-0037373",1993,0.0017638791484924,0.0173051253220974,0.000160352649862946,"Zyon Gilbert","NYG","DB",2022
"582","00-0038108",2169,0.00175828094773357,0.0172018621852124,0.000159843722521234,"Bailey Zappe","NE","QB",2022
"583","00-0037280",1942,0.0017576295164891,0.0169890928993085,0.000159784501499009,"Matthew Butler","LV","DL",2022
"584","00-0031622",285,0.0017539894092447,0.0168499579107919,0.000159453582658609,"Bobby Hart","BUF","OL",2022
"585","00-0032063",320,0.00175325422003495,0.0169221270854338,0.000159386747275905,"Mike Davis","BAL","RB",2022
"586","00-0033579",601,0.00174603546113547,0.0169601533374102,0.000158730496466861,"Xavier Woods","CAR","DB",2022
"587","00-0033545",583,0.00174307981149924,0.0171368416362144,0.000158461801045385,"Teez Tabor","SEA","DB",2022
"588","00-0036399",1513,0.00173884005262465,0.0177538077978731,0.000158076368420423,"Netane Muti","LV","OL",2022
"589","00-0032215",356,0.00173631320158219,0.016666519917443,0.00015784665468929,"Damien Wilson","CAR","LB",2022
"590","00-0035656",1202,0.00173507927114338,0.0162446905119711,0.000157734479194853,"Khalen Saunders","KC","DL",2022
"591","00-0036634",1625,0.00173059390708256,0.0162187566157808,0.000157326718825687,"Tony Fields","CLE","LB",2022
"592","00-0037075",1843,0.00171113058073578,0.0169434976588757,0.000155557325521434,"Devonte Wyatt","GB","DL",2022
"593","00-0032889",453,0.00171087144769475,0.0172390417000795,0.00015553376797225,"A'Shawn Robinson","LA","DL",2022
"594","00-0034275",761,0.00171048301115635,0.0171612994216937,0.000155498455559669,"Folorunso Fatukasi","JAX","DL",2022
"595","00-0030386",154,0.00170995030248618,0.016264732000189,0.000155450027498744,"William Gholston","TB","DL",2022
"596","00-0036656",1644,0.00169434342860299,0.0161273467313349,0.00015403122078209,"Brady Breeze","DET","DB",2022
"597","00-0033783",627,0.00169245456924814,0.0174173683672985,0.000153859506295285,"Ahkello Witherspoon","PIT","DB",2022
"598","00-0031565",268,0.00168932716819612,0.0170786831496571,0.000153575197108738,"Danielle Hunter","MIN","LB",2022
"599","00-0035667",1210,0.00168816612188475,0.0158669981454879,0.000153469647444068,"Greg Gaines","LA","DL",2022
"600","00-0027557",31,0.00168706078860773,0.0165504504871197,0.000153369162600703,"Morgan Cox","TEN","LS",2022
"601","00-0033884",655,0.00168616083835943,0.0171952648731905,0.000153287348941767,"Tre'Davious White","BUF","DB",2022
"602","00-0036011",1310,0.00167868268895839,0.0171311563514494,0.000152607517178035,"Bobby Price","DET","DB",2022
"603","00-0030074",140,0.00167554204803165,0.0172187977113304,0.000152322004366514,"David Bakhtiari","GB","OL",2022
"604","00-0035607",1174,0.00167430460241527,0.0166836524463279,0.000152209509310479,"Marquise Copeland","LA","DL",2022
"605","00-0034951",977,0.00167198811730482,0.0167074967393187,0.000151998919754984,"Fred Johnson","PHI","OL",2022
"606","00-0035437",1147,0.00165714694359031,0.0168384405573901,0.000150649722144574,"Roderic Teamer","LV","DB",2022
"607","00-0032269",368,0.0016545324717083,0.0166151567777991,0.000150412042882572,"Henry Anderson","CAR","DL",2022
"608","00-0036286",1426,0.00165291783165181,0.0170498269173014,0.000150265257422892,"K'Lavon Chaisson","JAX","LB",2022
"609","00-0035042",1010,0.00165217760114731,0.0169499473538246,0.000150197963740665,"Jamie Gillan","NYG","P",2022
"610","00-0033921",683,0.00165210500143189,0.016203225959742,0.000150191363766535,"Chris Godwin","TB","WR",2022
"611","00-0033883",654,0.00164624937146609,0.0163604000756989,0.000149659033769645,"Jabrill Peppers","NE","DB",2022
"612","00-0034356",791,0.00164574383200321,0.016676413668766,0.000149613075636656,"Donte Jackson","CAR","DB",2022
"613","00-0030332",152,0.00163268525432785,0.017219890920955,0.000148425932211623,"Brett Maher","DAL","K",2022
"614","00-0038136",2194,0.00162752867518679,0.0170410861264066,0.000147957152289708,"Coby Bryant","SEA","DB",2022
"615","00-0036511",1568,0.00162445963370941,0.0174196943573681,0.000147678148519038,"Milo Eifler","WAS","LB",2022
"616","00-0037743",2090,0.00161497601472548,0.016920720054541,0.00014681600133868,"Dax Hill","CIN","DB",2022
"617","00-0037544",2040,0.00161408830725011,0.0168781919688046,0.000146735300659101,"Nephi Sewell","NO","LB",2022
"618","00-0036813",1681,0.00161300523092975,0.0172119192779838,0.000146636839175432,"Christian Elliss","PHI","LB",2022
"619","00-0034198",744,0.00160560858263253,0.0167561797765365,0.000145964416602958,"Trent Sieg","LV","LS",2022
"620","00-0037287",1947,0.00160465792228348,0.0170038202688526,0.000145877992934862,"Vederian Lowe","MIN","OL",2022
"621","00-0035378",1129,0.00159954030837031,0.0161601210321927,0.000145412755306392,"Andrew Wingard","JAX","DB",2022
"622","00-0036424",1535,0.00159396325801218,0.0167814432027988,0.00014490575072838,"Brycen Hopkins","LA","TE",2022
"623","00-0033876",648,0.00158302112411835,0.0174506852758429,0.000143911011283487,"Derek Barnett","PHI","DL",2022
"624","00-0029822",124,0.00156072575969409,0.0168599987104346,0.00014188415997219,"Brandon McManus","DEN","K",2022
"625","00-0033757",623,0.00155462645917078,0.0167782577786238,0.000141329678106435,"Robert Tonyan","GB","TE",2022
"626","00-0029285",92,0.00155442022550931,0.0173239817219514,0.000141310929591755,"Josh Norman","CAR","DB",2022
"627","00-0037266",1930,0.001545929426465,0.0178080618431815,0.000140539038769545,"Matt Waletzko","DAL","OL",2022
"628","00-0036587",1599,0.00153585605134589,0.0172467964567689,0.000139623277395081,"Ar'Darius Washington","BAL","DB",2022
"629","00-0032268",367,0.00153275155063571,0.0165905011360549,0.000139341050057792,"Marcus Mariota","ATL","QB",2022
"630","00-0037296",1953,0.00153179849132582,0.0171461680930513,0.000139254408302347,"Gregory Junior","JAX","DB",2022
"631","00-0035141",1028,0.0015298220635542,0.0167197591166708,0.000139074733050382,"Phil Haynes","SEA","OL",2022
"632","00-0035228",1054,0.00152408414233181,0.0165835817513422,0.000138553103848346,"Kyler Murray","ARI","QB",2022
"633","00-0037751",2096,0.00151611660988822,0.0172368390954407,0.000137828782717111,"Myjai Sanders","ARI","LB",2022
"634","00-0032464",409,0.00151572968833885,0.016427925394769,0.000137793608030804,"Kalif Raymond","DET","WR",2022
"635","00-0036833",1686,0.00151136895662828,0.0172695221055764,0.000137397177875298,"Ryan Neuzil","ATL","OL",2022
"636","00-0037336",1983,0.00150207895609997,0.017970575566931,0.000136552632372725,"Brock Hoffman","DAL","OL",2022
"637","00-0036825",1683,0.00149962542763071,0.0163036111988572,0.000136329584330065,"Feleipe Franks","ATL","TE",2022
"638","00-0029604",106,0.00149922954634106,0.0164781196709626,0.000136293595121914,"Kirk Cousins","MIN","QB",2022
"639","00-0036290",1430,0.00149759535973635,0.0170038961156263,0.000136145032703305,"Cole Kmet","CHI","TE",2022
"640","00-0035769",1254,0.00149681807108682,0.0169168838754835,0.000136074370098802,"Scotty Washington","NE","TE",2022
"641","00-0037808",2109,0.00149539918700596,0.0168387404529185,0.000135945380636905,"DeAngelo Malone","ATL","LB",2022
"642","00-0036979",1797,0.00149419045028268,0.0164294518114644,0.000135835495480243,"Alijah Vera-Tucker","NYJ","OL",2022
"643","00-0035685",1223,0.00149306030897799,0.0169641861375118,0.000135732755361636,"David Montgomery","CHI","RB",2022
"644","00-0032891",455,0.00149134863819656,0.0168642747510964,0.00013557714892696,"Daryl Worley","BAL","DB",2022
"645","00-0033787",629,0.00149111014597582,0.0171134739672785,0.000135555467815984,"Jake Elliott","PHI","K",2022
"646","00-0036195",1364,0.00148489466163756,0.0167114852229648,0.000134990423785233,"Charlie Heck","HOU","OL",2022
"647","00-0035292",1100,0.00147781342657184,0.0166679208621473,0.000134346675142895,"David Long","TEN","LB",2022
"648","00-0031360",231,0.0014645190944696,0.0169283058008092,0.000133138099497236,"Kyle Van Noy","LAC","LB",2022
"649","00-0030294",151,0.00146285970619449,0.0171373404077814,0.000132987246017681,"Tony Jefferson","NYG","DB",2022
"650","00-0033058",488,0.00145791986643809,0.0176845898616863,0.00013253816967619,"Reggie Ragland","CLE","LB",2022
"651","00-0034768",910,0.00145648047364186,0.0165845448574573,0.000132407315785623,"Chukwuma Okorafor","PIT","OL",2022
"652","00-0036002",1308,0.00144279988102137,0.0174816402681873,0.000131163625547397,"Elijah Riley","PIT","DB",2022
"653","00-0034807",934,0.00144219627347376,0.0169339954690744,0.000131108752133979,"Ogbonnia Okoronkwo","HOU","DL",2022
"654","00-0033124",513,0.0014386018225067,0.0166373764814454,0.000130781983864245,"Will Redmond","HOU","DB",2022
"655","00-0036748",1670,0.00143523856291966,0.0161075225160617,0.000130476232992696,"Jerry Jacobs","DET","DB",2022
"656","00-0034375",806,0.00143211174988658,0.0161209314767086,0.000130191977262416,"Kyzir White","PHI","LB",2022
"657","00-0036392",1508,0.00142863208188646,0.0164031302905435,0.00012987564380786,"Matt Peart","NYG","OL",2022
"658","00-0036908",1742,0.00142092780591057,0.0180175908022585,0.00012917525508278,"Thomas Graham","CLE","DB",2022
"659","00-0035519",1153,0.00142092722386296,0.0170513745393455,0.00012917520216936,"Isaiah Mack","SEA","DL",2022
"660","00-0036309",1445,0.00142062834639194,0.0169288091363625,0.000129148031490176,"Darnell Mooney","CHI","WR",2022
"661","00-0037093",1858,0.00141439822535313,0.0170126938315495,0.000128581656850284,"Dareke Young","SEA","WR",2022
"662","00-0033860",638,0.00141052596314156,0.0163074343898733,0.000128229633012869,"Davon Godchaux","NE","DL",2022
"663","00-0034266",758,0.00140947157027229,0.0171754429188681,0.000128133779115663,"Kenny Young","NO","LB",2022
"664","00-0036897",1732,0.00140030971789184,0.0174927171828948,0.000127300883444713,"Tay Gowan","MIN","DB",2022
"665","00-0036237",1390,0.00139883344347006,0.0174349576981155,0.000127166676679097,"Larrell Murchison","LA","DL",2022
"666","00-0031566",269,0.00139522604784917,0.0172020027440755,0.000126838731622652,"Trey Flowers","MIA","LB",2022
"667","00-0035192",1043,0.0013919833872998,0.0171492518603458,0.000126543944299982,"Joey Slye","WAS","K",2022
"668","00-0037759",2103,0.00139048212335,0.0168291448174019,0.000126407465759091,"DeMarvin Leal","PIT","DL",2022
"669","00-0035891",1280,0.00138850798949922,0.0173059865596009,0.000126227999045384,"Cody White","PIT","WR",2022
"670","00-0031280",220,0.00138450938509742,0.0167397451137294,0.000125864489554311,"Derek Carr","LV","QB",2022
"671","00-0037481",2021,0.00138021143785745,0.0174801778648227,0.00012547376707795,"Olakunle Fatukasi","DEN","LB",2022
"672","00-0036869",1710,0.00137936660377286,0.0164324649574814,0.000125396963979351,"Dan Moore","PIT","OL",2022
"673","00-0034320",774,0.00137729711110652,0.0167832517945228,0.000125208828282411,"Kentavius Street","NO","DL",2022
"674","00-0033563",593,0.00136757214743424,0.0168343661567167,0.00012432474067584,"Carlos Watkins","DAL","DL",2022
"675","00-0027949",53,0.00136459578253316,0.0166946235850053,0.000124054162048469,"J.J. Watt","ARI","DL",2022
"676","00-0036447",1548,0.00135650366021074,0.0169469180984498,0.000123318514564613,"David Bada","WAS","DL",2022
"677","00-0033050",483,0.00135283565259517,0.0160170610529042,0.000122985059326834,"Xavien Howard","MIA","DB",2022
"678","00-0034193",743,0.00135216083147494,0.0162604972398167,0.000122923711952268,"Kevin Rader","TEN","TE",2022
"679","00-0037157",1876,0.00135161460429296,0.0166692229354473,0.000122874054935723,"Zonovan Knight","NYJ","RB",2022
"680","00-0034675",884,0.00134614580347437,0.0160290409627851,0.000122376891224943,"Jessie Bates","CIN","DB",2022
"681","00-0025580",10,0.00134214756516939,0.0171505023725986,0.000122013415015399,"Mason Crosby","GB","K",2022
"682","00-0034522",863,0.00134162761878782,0.0168136515277021,0.000121966147162529,"KC McDermott","HOU","OL",2022
"683","00-0035217",1049,0.00133614289873351,0.0163813635218924,0.000121467536248501,"Benny Snell","PIT","RB",2022
"684","00-0037000",1817,0.00133447875514329,0.0165088377205888,0.000121316250467571,"Monty Rice","TEN","LB",2022
"685","00-0035356",1122,0.00133152122606187,0.016701747675085,0.000121047384187443,"Tyree Jackson","PHI","TE",2022
"686","00-0031558",266,0.00132079625599959,0.0167843241563975,0.000120072386909054,"Maxx Williams","ARI","TE",2022
"687","00-0037823",2123,0.0013176315280085,0.0166118364540254,0.000119784684364409,"Christian Harris","HOU","LB",2022
"688","00-0036644",1633,0.00131187908276529,0.0170455809567062,0.000119261734796844,"Cameron McGrone","IND","LB",2022
"689","00-0034396",821,0.00131145046692214,0.016405203816898,0.000119222769720195,"Jermaine Carter","CLE","LB",2022
"690","00-0036926",1756,0.00131052810057436,0.0162896647823552,0.000119138918234033,"Payton Turner","NO","DL",2022
"691","00-0033869",641,0.0013066571648624,0.016325688125472,0.000118787014987491,"Mitchell Trubisky","PIT","QB",2022
"692","00-0037607",2063,0.00129769634255678,0.0166492789768771,0.000117972394777889,"Ryan Stonehouse","TEN","P",2022
"693","00-0035821",1263,0.00129709544284549,0.017132270986504,0.000117917767531408,"Corliss Waitman","DEN","P",2022
"694","00-0033912",678,0.00129206461456412,0.0164963570691961,0.000117460419505829,"Jordan Willis","SF","DL",2022
"695","00-0037527",2036,0.00129080791399439,0.0179130533725519,0.00011734617399949,"Segun Olubi","IND","LB",2022
"696","00-0034437",840,0.00128478522682662,0.0170514541065507,0.000116798656984238,"Logan Cooke","JAX","P",2022
"697","00-0037316",1969,0.00128163440401415,0.0171380552148817,0.000116512218546741,"Mark Robinson","PIT","LB",2022
"698","00-0033770",625,0.00127460059092956,0.0162990606902149,0.000115872780993596,"Justin Hardee","NYJ","DB",2022
"699","00-0035190",1042,0.00127064799093021,0.0165105301340267,0.000115513453720928,"A.J. Cole","LV","P",2022
"700","00-0038126",2185,0.00127044909576439,0.0173394754408004,0.000115495372342217,"Perrion Winfrey","CLE","DL",2022
"701","00-0027947",51,0.00126096104380686,0.0174555197376965,0.00011463282216426,"Tyron Smith","DAL","OL",2022
"702","00-0034502",856,0.00125594087860027,0.0171565404436341,0.000114176443509115,"Grant Haley","LA","DB",2022
"703","00-0036998",1815,0.00125496923790594,0.0161957465971502,0.000114088112536904,"Jevon Holland","MIA","DB",2022
"704","00-0031941",311,0.00125008134096218,0.0175956786305559,0.000113643758269289,"Jamison Crowder","BUF","WR",2022
"705","00-0035823",1264,0.00124532846011153,0.0165967587459473,0.000113211678191957,"Ben Ellefson","MIN","TE",2022
"706","00-0030957",187,0.00123909657159883,0.0162569800714376,0.000112645142872621,"Casey Kreiter","NYG","LS",2022
"707","00-0038101",2162,0.00123534160546566,0.0172614740350041,0.00011230378231506,"Akayleb Evans","MIN","DB",2022
"708","00-0036842",1688,0.00123258277088511,0.0167919569988447,0.000112052979171374,"Kene Nwangwu","MIN","RB",2022
"709","00-0038118",2177,0.00122406201776081,0.0164833629809476,0.000111278365250983,"Daniel Faalele","BAL","OL",2022
"710","00-0035359",1125,0.00122348464700136,0.0174542693607664,0.000111225877000124,"David Sills","NYG","WR",2022
"711","00-0031367",236,0.00122131073165562,0.0165303297671169,0.000111028248332329,"Gabe Jackson","SEA","OL",2022
"712","00-0034511",858,0.00121933256728929,0.0165344237464314,0.000110848415208117,"Mike Love","BUF","DL",2022
"713","00-0036513",1569,0.00121670697350916,0.0174783403534534,0.000110609724864469,"Grant Hermanns","TB","OL",2022
"714","00-0035686",1224,0.00121011787172614,0.0177565517566352,0.000110010715611467,"Michael Deiter","MIA","OL",2022
"715","00-0035273",1089,0.00120732363748033,0.0173249426777193,0.000109756694316393,"Qadree Ollison","DAL","RB",2022
"716","00-0029542",100,0.00119838448258159,0.0163965459262612,0.000108944043871054,"Stephon Gilmore","IND","DB",2022
"717","00-0037549",2042,0.00118775564046673,0.0175582513357477,0.000107977785496975,"Darrell Baker","IND","DB",2022
"718","00-0033592",606,0.00115794504361148,0.0176068222654446,0.000105267731237407,"Kyle Fuller","SEA","OL",2022
"719","00-0035617",1176,0.0011564022257614,0.0169212850550893,0.000105127475069218,"Troy Reeder","LAC","LB",2022
"720","00-0035334",1114,0.00114041226829087,0.017466779521136,0.000103673842571897,"Kevin Strong","TEN","DL",2022
"721","00-0037034",1832,0.00113776818751378,0.0172176260824472,0.000103433471592162,"Dee Alford","ATL","DB",2022
"722","00-0037580",2052,0.00113365669734696,0.0173267795156029,0.000103059699758815,"Jared Bernhardt","ATL","WR",2022
"723","00-0031426",249,0.00112938747592757,0.0166897409349211,0.000102671588720688,"Joel Bitonio","CLE","OL",2022
"724","00-0032262",365,0.00112664848280361,0.0164102567002505,0.000102422589345782,"Landon Collins","NYG","DB",2022
"725","00-0035084",1016,0.00112308047851037,0.0166294547594088,0.000102098225319125,"Yosuah Nijman","GB","OL",2022
"726","00-0034297",769,0.00111678261889163,0.0171102870912607,0.000101525692626511,"Byron Pringle","CHI","WR",2022
"727","00-0036189",1360,0.00111588768062702,0.017733131092117,0.000101444334602457,"Josh Thomas","ARI","DB",2022
"728","00-0034773",912,0.00111528789020898,0.0160249202857161,0.000101389808200817,"Vita Vea","TB","DL",2022
"729","00-0036304",1441,0.00111493655747412,0.0181286657709355,0.000101357868861284,"John Reid","ATL","DB",2022
"730","00-0035432",1145,0.00111135031213242,0.0173671687282145,0.000101031846557492,"Jason Moore","LAC","WR",2022
"731","00-0035895",1282,0.0011108471970581,0.0170461746436678,0.000100986108823464,"Joe Bachie","CIN","LB",2022
"732","00-0036755",1673,0.00110929806206597,0.0167054475698791,0.000100845278369633,"Jaret Patterson","WAS","RB",2022
"733","00-0037393",2001,0.0011034759200197,0.016468332851186,0.000100315992729064,"JoJo Domann","IND","LB",2022
"734","00-0038131",2190,0.00109981813495518,0.0167904994961029,9.99834668141075e-05,"Ed Ingram","MIN","OL",2022
"735","00-0037224",1896,0.00109462029900135,0.0169528399349503,9.951093627285e-05,"Cameron Dicker","LAC","P",2022
"736","00-0035783",1256,0.0010935656911967,0.0171720844473779,9.94150628360636e-05,"Tyler Hall","LV","DB",2022
"737","00-0036181",1356,0.00108957796638617,0.0164444581494301,9.90525423987431e-05,"Teair Tart","TEN","DL",2022
"738","00-0037197",1890,0.00107516994071649,0.0167331201067016,9.77427218833171e-05,"Isiah Pacheco","KC","RB",2022
"739","00-0036854",1699,0.00107194777659031,0.0175507432965323,9.74497978718464e-05,"Evan McPherson","CIN","K",2022
"740","00-0033131",516,0.0010714206189461,0.0167404334177533,9.74018744496458e-05,"Maliek Collins","HOU","DL",2022
"741","00-0035291",1099,0.00107048842289466,0.0172632425640462,9.731712935406e-05,"Trayveon Williams","CIN","RB",2022
"742","00-0035266",1085,0.00106699510020555,0.016368328548912,9.69995545641408e-05,"Michael Jordan","CAR","OL",2022
"743","00-0027686",35,0.0010657987167138,0.0161749105193117,9.6890792428527e-05,"Corey Peters","JAX","DL",2022
"744","00-0032933",459,0.00105389840495077,0.0157578980083679,9.58089459046153e-05,"Antonio Hamilton","ARI","DB",2022
"745","00-0031442",252,0.00105141226387636,0.0178159638785527,9.55829330796688e-05,"Taylor Lewan","TEN","OL",2022
"746","00-0036327",1457,0.00105091665274748,0.0166110942765641,9.55378775224983e-05,"Ezra Cleveland","MIN","OL",2022
"747","00-0031598",280,0.00103633806774446,0.016999996117929,9.42125516131325e-05,"Nick Boyle","BAL","TE",2022
"748","00-0035189",1041,0.00103435171531507,0.0172688986133182,9.4031974119552e-05,"Matthew Wright","KC","K",2022
"749","00-0034084",718,0.00102835726772136,0.0180516106618343,9.34870243383059e-05,"Michael Badgley","DET","K",2022
"750","00-0032384",378,0.00102395783860243,0.0178173877346075,9.30870762365846e-05,"Germain Ifedi","ATL","OL",2022
"751","00-0038105",2166,0.00101466381912545,0.0172210483021904,9.22421653750411e-05,"Damarri Mathis","DEN","DB",2022
"752","00-0035844",1268,0.000992969870438109,0.0169741959813305,9.02699882216463e-05,"Kirk Merritt","NO","WR",2022
"753","00-0031615",283,0.000991586727118924,0.0166470643720039,9.01442479199022e-05,"Christian Ringo","BAL","DL",2022
"754","00-0028394",73,0.000990637720884757,0.0172679408987005,9.0057974625887e-05,"Jake McQuaide","DAL","LS",2022
"755","00-0033568",595,0.000986736871829846,0.0163484553319214,8.97033519845315e-05,"Nate Hairston","ARI","DB",2022
"756","00-0038129",2188,0.000981612612923676,0.0162039601777616,8.92375102657887e-05,"Cade Otton","TB","TE",2022
"757","00-0027691",37,0.00097267901870713,0.0169437155639026,8.84253653370118e-05,"Andre Roberts","CAR","WR",2022
"758","00-0032943",462,0.000971893543046592,0.0170995738106143,8.83539584587811e-05,"Riley Dixon","LA","P",2022
"759","00-0035636",1187,0.000969053532301743,0.0163164751759937,8.80957756637948e-05,"L.J. Collier","SEA","DL",2022
"760","00-0037130",1868,0.000966575416205527,0.0172238632118815,8.78704923823206e-05,"Reed Blankenship","PHI","DB",2022
"761","00-0031308",224,0.000961982397085852,0.0167913271054529,8.74529451896229e-05,"Kevin Pierre-Louis","HOU","LB",2022
"762","00-0032958",466,0.00095753212984075,0.0166210518996489,8.70483754400682e-05,"Will Parks","NYJ","DB",2022
"763","00-0030565",169,0.000955555207281304,0.016202434318132,8.68686552073913e-05,"Geno Smith","SEA","QB",2022
"764","00-0038107",2168,0.000952127813331087,0.0164777474275611,8.65570739391897e-05,"Micheal Clemons","NYJ","DL",2022
"765","00-0037007",1824,0.00095142613723035,0.0164447149247093,8.64932852027591e-05,"Patrick Jones","MIN","LB",2022
"766","00-0037325",1977,0.00094700113052262,0.0175191751712626,8.60910118656927e-05,"Kalon Barnes","MIN","DB",2022
"767","00-0036994",1811,0.000943942788805433,0.0162671040285166,8.58129808004939e-05,"Ernest Jones","LA","LB",2022
"768","00-0031610",282,0.000943133987106547,0.0168336680777475,8.57394533733225e-05,"Darren Waller","LV","TE",2022
"769","00-0033293",535,0.000942154751229058,0.016270739020599,8.56504319299144e-05,"Aaron Jones","GB","RB",2022
"770","00-0035827",1265,0.000941135558166024,0.0163614622421724,8.55577780150931e-05,"Ross Matiscik","JAX","LS",2022
"771","00-0029530",99,0.000935764655385469,0.0170004382222229,8.50695141259517e-05,"Justin Bethel","MIA","DB",2022
"772","00-0034514",859,0.000934071998897412,0.0163594647937403,8.49156362634011e-05,"Levi Wallace","PIT","DB",2022
"773","00-0031576",270,0.00092489569835706,0.0168157986692759,8.40814271233691e-05,"Za'Darius Smith","MIN","LB",2022
"774","00-0035358",1124,0.000918926463429829,0.0172113187613923,8.35387694027117e-05,"Chase McLaughlin","IND","K",2022
"775","00-0038102",2163,0.000917467978266178,0.0162681666166,8.34061798423798e-05,"Kenny Pickett","PIT","QB",2022
"776","00-0037445",2012,0.000913254914023641,0.0171540760453887,8.30231740021492e-05,"Demetrius Taylor","DET","DL",2022
"777","00-0037331",1981,0.000909630301684266,0.0171416595620509,8.26936637894787e-05,"Zander Horvath","LAC","RB",2022
"778","00-0037310",1965,0.000908365162281135,0.0173382525716953,8.25786511164668e-05,"James Houston","DET","LB",2022
"779","00-0036888",1726,0.000903234731951909,0.0164342976547766,8.21122483592645e-05,"Damar Hamlin","BUF","DB",2022
"780","00-0037557",2044,0.000896217825114957,0.0166551848515049,8.14743477377233e-05,"Ronnie Rivers","LA","RB",2022
"781","00-0032575",420,0.000890813819022512,0.0172623637638102,8.0983074456592e-05,"Matt Skura","LA","OL",2022
"782","00-0025825",12,0.000884856010694911,0.0169954647241513,8.04414555177192e-05,"Brett Kern","PHI","P",2022
"783","00-0029412",95,0.000869166801320516,0.0176207466292925,7.90151637564105e-05,"Vinny Curry","NYJ","DL",2022
"784","00-0031921",305,0.000865808891760866,0.0170140869113021,7.87098992509878e-05,"Kendall Lamm","MIA","OL",2022
"785","00-0032772",442,0.000861582233475852,0.0170441512829778,7.83256575887139e-05,"Ryan Smith","TB","DB",2022
"786","00-0036617",1609,0.000860798501268887,0.0164644932891264,7.82544092062625e-05,"Asante Samuel","LAC","DB",2022
"787","00-0036938",1766,0.00085820228651673,0.0171278059650397,7.80183896833391e-05,"Rashad Weaver","TEN","LB",2022
"788","00-0036845",1691,0.000856894610488251,0.0169164929585084,7.78995100443864e-05,"Quincy Roche","NYG","LB",2022
"789","00-0030098",145,0.000851787445069139,0.0168985347222003,7.74352222790126e-05,"Dustin Hopkins","LAC","K",2022
"790","00-0036589",1600,0.000851020546611758,0.0165057266052135,7.73655042374325e-05,"Nick McCloud","NYG","DB",2022
"791","00-0032528",415,0.000845763066347022,0.0165482914748824,7.68875514860929e-05,"Justin Murray","BUF","OL",2022
"792","00-0029621",110,0.000838132451210655,0.0174970869917808,7.61938592009686e-05,"Greg Zuerlein","NYJ","K",2022
"793","00-0028076",64,0.000834907946042291,0.0165182686955069,7.5900722367481e-05,"Marcus Cannon","NE","OL",2022
"794","00-0035621",1177,0.000834279253996618,0.0166485097757028,7.58435685451471e-05,"Nsimba Webster","CHI","WR",2022
"795","00-0035239",1064,0.00083357478331417,0.016938250042926,7.57795257558337e-05,"Sean Murphy-Bunting","TB","DB",2022
"796","00-0036855",1700,0.000831687493557037,0.0164639732735206,7.56079539597306e-05,"Earnest Brown","LA","DL",2022
"797","00-0032387",380,0.00082386765806084,0.0161173620203908,7.48970598237128e-05,"Jarran Reed","GB","DL",2022
"798","00-0034250",751,0.000822237446550221,0.0174791007632061,7.47488587772928e-05,"Christian DiLauro","DEN","OL",2022
"799","00-0035537",1161,0.000820285951791491,0.0163511388704066,7.45714501628628e-05,"Ty Johnson","NYJ","RB",2022
"800","00-0037833",2131,0.000808026548832156,0.0184548602473282,7.34569589847415e-05,"Tariq Castro-Fields","WAS","DB",2022
"801","00-0033550",588,0.000807569281693644,0.0164157852518307,7.34153892448768e-05,"Davis Webb","NYG","QB",2022
"802","00-0033798",632,0.000806730996125562,0.0173789507917401,7.33391814659602e-05,"Mason Schreck","HOU","TE",2022
"803","00-0034279",764,0.000803489294408035,0.0164498098808324,7.30444813098214e-05,"Equanimeous St. Brown","CHI","WR",2022
"804","00-0034334",777,0.000800895474613145,0.0168539410377891,7.28086795102859e-05,"Troy Apke","WAS","DB",2022
"805","00-0035961",1298,0.000796064923770424,0.0171053418767001,7.2369538524584e-05,"Krys Barnes","GB","LB",2022
"806","00-0036298",1437,0.000795712771093006,0.0171633881329316,7.23375246448187e-05,"Akeem Davis-Gaither","CIN","LB",2022
"807","00-0037551",2043,0.000795508740796762,0.0175352835430369,7.23189764360693e-05,"Manny Jones","ARI","DL",2022
"808","00-0036118",1333,0.000792395246007818,0.0164775175303139,7.20359314552562e-05,"Jovante Moffatt","ATL","DB",2022
"809","00-0034109",722,0.00078491217458989,0.0172211014998374,7.13556522354446e-05,"Phillip Lindsay","IND","RB",2022
"810","00-0033367",551,0.000783468895146628,0.0174044827460981,7.12244450133298e-05,"C.J. Board","TEN","WR",2022
"811","00-0036957",1781,0.000771057947860737,0.0170767205316046,7.00961770782488e-05,"Drew Dalman","ATL","OL",2022
"812","00-0033548",586,0.000770043906569436,0.0163906611521963,7.00039915063123e-05,"Chidobe Awuzie","CIN","DB",2022
"813","00-0036176",1355,0.000769654148332008,0.0180129203504318,6.99685589392735e-05,"Mason Kinsey","TEN","WR",2022
"814","00-0032971",471,0.000767496443878189,0.0160652862351283,6.97724039889263e-05,"Justin Simmons","DEN","DB",2022
"815","00-0034116",726,0.000759005716167814,0.0171304502989321,6.90005196516194e-05,"J.T. Gray","NO","DB",2022
"816","00-0036987",1804,0.000757001443215572,0.016848865317719,6.88183130195974e-05,"Brandon Stephens","BAL","DB",2022
"817","00-0031734",288,0.000756781117373521,0.0167898311505631,6.87982833975928e-05,"Chris Reed","MIN","OL",2022
"818","00-0037587",2055,0.000755262558227639,0.0168283562094473,6.8660232566149e-05,"Nate Landman","ATL","LB",2022
"819","00-0037460",2017,0.000749630033610739,0.0173970070144334,6.81481848737035e-05,"Johnny Johnson","HOU","WR",2022
"820","00-0031904",303,0.000748733419142729,0.0167687896071951,6.80666744675208e-05,"Bryce Callahan","LAC","DB",2022
"821","00-0033319",544,0.000748385445184934,0.0176130457742351,6.80350404713577e-05,"Nick Mullens","MIN","QB",2022
"822","00-0031870",300,0.000747157222260251,0.0159767122966909,6.7923383841841e-05,"Dean Marlowe","BUF","DB",2022
"823","00-0031561",267,0.000745181185699552,0.0173719842898149,6.77437441545047e-05,"Hroniss Grasu","LV","OL",2022
"824","00-0035219",1050,0.000743082066778981,0.0166560733841801,6.75529151617255e-05,"Isaiah Buggs","DET","DL",2022
"825","00-0035819",1262,0.000731554514265886,0.0166585993507227,6.65049558423533e-05,"Binjimen Victor","BAL","WR",2022
"826","00-0033294",536,0.000729371338918386,0.0168549546793237,6.63064853562169e-05,"Chuck Clark","BAL","DB",2022
"827","00-0036253",1402,0.000722160536602823,0.0171536702344523,6.56509578729839e-05,"Julian Blackmon","IND","DB",2022
"828","00-0037138",1871,0.000720193669756808,0.0179447265768823,6.54721517960734e-05,"Josh Sills","PHI","OL",2022
"829","00-0037001",1818,0.000714108443745073,0.0161469252899549,6.49189494313703e-05,"Quinn Meinerz","DEN","OL",2022
"830","00-0035156",1036,0.000712781398694751,0.0164960381915766,6.479830897225e-05,"Jack Fox","DET","P",2022
"831","00-0036629",1621,0.000709199908799683,0.0169437425911758,6.44727189817894e-05,"Camryn Bynum","MIN","DB",2022
"832","00-0038039",2144,0.000707762386744328,0.0173806805823888,6.43420351585753e-05,"Jack Jones","NE","DB",2022
"833","00-0034360",794,0.000706083033876953,0.0174238902731035,6.41893667160867e-05,"Lorenzo Carter","ATL","LB",2022
"834","00-0036152",1344,0.00070194217248179,0.0178712594228786,6.38129247710718e-05,"Lamar Jackson","DEN","DB",2022
"835","00-0027993",60,0.000693700092133985,0.017029377488754,6.30636447394532e-05,"Rodney Hudson","ARI","OL",2022
"836","00-0029421",98,0.000693106582575802,0.0172712567352316,6.30096893250729e-05,"Randy Bullock","TEN","K",2022
"837","00-0036255",1403,0.000691442788366784,0.016908190626949,6.28584353060712e-05,"Denzel Mims","NYJ","WR",2022
"838","00-0036421",1532,0.000691196196905894,0.0167072576650425,6.28360179005358e-05,"Terrell Burgess","NYG","DB",2022
"839","00-0036802",1679,0.000690319048931297,0.0177779786027772,6.27562771755724e-05,"Jon Rhattigan","SEA","LB",2022
"840","00-0034687",891,0.000683320774407865,0.016946675870602,6.2120070400715e-05,"Korey Cunningham","NYG","OL",2022
"841","00-0032660",425,0.000677054792872944,0.0180626865053012,6.15504357157222e-05,"Brandin Bryant","BUF","DL",2022
"842","00-0032677",429,0.000676914480495203,0.0169341292360718,6.15376800450185e-05,"Cory Littleton","CAR","LB",2022
"843","00-0033893",663,0.000666017553635963,0.0159080965730622,6.05470503305421e-05,"Dalvin Cook","MIN","RB",2022
"844","00-0038098",2159,0.000665757830597041,0.0173475799328217,6.05234391451856e-05,"Pierre Strong","NE","RB",2022
"845","00-0036315",1450,0.000661882851006567,0.0176121660423818,6.01711682733243e-05,"Stantley Thomas-Oliver","CAR","DB",2022
"846","00-0036163",1349,0.00065739926465305,0.0173326260395889,5.97635695139137e-05,"Justin Herron","LV","OL",2022
"847","00-0035277",1092,0.000653423170844043,0.0169048610484338,5.94021064403675e-05,"Michael Jackson","SEA","DB",2022
"848","00-0036955",1779,0.000652012904186455,0.0162607878185387,5.92739003805868e-05,"Terrace Marshall","CAR","WR",2022
"849","00-0037838",2134,0.000644900768679505,0.0169422132922173,5.86273426072278e-05,"Isaiah Likely","BAL","TE",2022
"850","00-0033095",500,0.000635847536116106,0.0171233108050004,5.78043214651005e-05,"Garrett Griffin","DET","TE",2022
"851","00-0037196",1889,0.000635233432455564,0.0177515337765774,5.77484938595967e-05,"Rasheed Walker","GB","OL",2022
"852","00-0034394",820,0.000629644541318702,0.0169954896595462,5.72404128471547e-05,"Andrew Brown","CHI","DL",2022
"853","00-0034681",888,0.000626855163640631,0.0164744210396236,5.69868330582392e-05,"Chase Edmonds","DEN","RB",2022
"854","00-0037815",2116,0.000625385688438092,0.0171977044085856,5.68532444034629e-05,"Cameron Thomas","ARI","LB",2022
"855","00-0034720",892,0.000621802933104319,0.0164109929282122,5.65275393731199e-05,"Robert Spillane","PIT","LB",2022
"856","00-0036785",1675,0.000602304446624814,0.0170978596180043,5.47549496931649e-05,"Coy Cronk","JAX","OL",2022
"857","00-0033582",603,0.000601184652778911,0.0178425630753782,5.46531502526282e-05,"Jeremiah Ledbetter","JAX","DL",2022
"858","00-0037661",2078,0.000599405425219961,0.0173191477059018,5.44914022927237e-05,"Ja'Marcus Ingram","BUF","DB",2022
"859","00-0037302",1959,0.000598541682356331,0.0169310427002092,5.44128802142119e-05,"Austin Deculus","HOU","OL",2022
"860","00-0037246",1910,0.0005938448550514,0.016390903077464,5.39858959137637e-05,"Jalen Pitre","HOU","DB",2022
"861","00-0029692",118,0.000593494296680345,0.0166056710988184,5.39540269709404e-05,"Bryan Anger","DAL","P",2022
"862","00-0035245",1069,0.000592585274158689,0.0164535330795708,5.38713885598808e-05,"Max Scharping","CIN","OL",2022
"863","00-0032569",418,0.00058405016610303,0.017009627108899,5.309546964573e-05,"Wil Lutz","NO","K",2022
"864","00-0037660",2077,0.000581650893468258,0.0168933140988148,5.28773539516598e-05,"Prince Emili","NO","DL",2022
"865","00-0027187",29,0.000581508502991527,0.017229600397256,5.28644093628661e-05,"Matt Overton","DAL","LS",2022
"866","00-0036645",1634,0.000578315352399323,0.016805393776848,5.2574122945393e-05,"Shemar Jean-Charles","GB","DB",2022
"867","00-0033525",572,0.000578088732546876,0.0171857664202608,5.25535211406251e-05,"Ryan Anderson","PIT","LB",2022
"868","00-0033935",692,0.000569651020996362,0.0166199112213018,5.17864564542147e-05,"Trey Hendrickson","CIN","DL",2022
"869","00-0036810",1680,0.000568881426614831,0.0165207119246273,5.1716493328621e-05,"Cade Johnson","SEA","WR",2022
"870","00-0037301",1958,0.000568747408416735,0.0175346888328478,5.17043098560668e-05,"Theo Jackson","MIN","DB",2022
"871","00-0037561",2046,0.000564997572481102,0.0175589672427093,5.13634156801002e-05,"Markquese Bell","DAL","DB",2022
"872","00-0032394",385,0.000562848899731808,0.0172330160206371,5.11680817938007e-05,"Nick Vannett","NYG","TE",2022
"873","00-0037364",1992,0.00055698344619208,0.0172269437956478,5.06348587447346e-05,"Arron Mosby","CAR","LB",2022
"874","00-0033290",533,0.000552372487624206,0.0166986577361672,5.02156806931096e-05,"Jermaine Eluemunor","LV","OL",2022
"875","00-0032455",407,0.000552169439174742,0.01683946864366,5.01972217431584e-05,"Austin Blythe","SEA","OL",2022
"876","00-0034371",802,0.000547134840865162,0.0169671497876309,4.9739530987742e-05,"Da'Shawn Hand","TEN","DL",2022
"877","00-0037563",2047,0.00053947296029853,0.0174406137744466,4.90429963907755e-05,"Malik Davis","DAL","RB",2022
"878","00-0034495",853,0.00052236583477891,0.0160966024780633,4.74878031617191e-05,"Evan Brown","DET","OL",2022
"879","00-0036669",1652,0.000520387044161468,0.0171275191190586,4.7307913105588e-05,"Kylin Hill","GB","RB",2022
"880","00-0036329",1459,0.000519890227145893,0.0166728664802474,4.72627479223539e-05,"Ashtyn Davis","NYJ","DB",2022
"881","00-0035098",1018,0.000508375323660245,0.0175154868138656,4.62159385145677e-05,"Micah Abernathy","ATL","DB",2022
"882","00-0038114",2173,0.000505883296276446,0.017810547640089,4.5989390570586e-05,"Max Mitchell","NYJ","OL",2022
"883","00-0034229",748,0.000502467117789238,0.0174170421890176,4.56788288899308e-05,"Dakoda Shepley","DAL","OL",2022
"884","00-0035236",1061,0.000502318923338449,0.0159788848456309,4.56653566671317e-05,"Byron Murphy","ARI","DB",2022
"885","00-0037264",1928,0.000498940135033577,0.0165413634162294,4.53581940939615e-05,"Delarrin Turner-Yell","DEN","DB",2022
"886","00-0035406",1138,0.000495999590406198,0.0161752027707658,4.50908718551089e-05,"Lil'Jordan Humphrey","NE","WR",2022
"887","00-0031619",284,0.000492870673354905,0.0174507531070363,4.48064248504459e-05,"Christian Covington","LAC","DL",2022
"888","00-0037097",1861,0.000491935631092027,0.0164578037381239,4.47214210083661e-05,"Trenton Gill","CHI","P",2022
"889","00-0036043",1319,0.000489058688923243,0.0170403642560236,4.44598808112039e-05,"Jace Whittaker","ARI","DB",2022
"890","00-0036858",1703,0.000487994834134687,0.0171291533092277,4.4363166739517e-05,"Jalen Camp","HOU","WR",2022
"891","00-0032222",358,0.000485236902282072,0.0174526698309149,4.41124456620065e-05,"D.J. Humphries","ARI","OL",2022
"892","00-0037172",1878,0.000483845366080696,0.0175727459620811,4.39859423709723e-05,"Kyric Mcgowan","WAS","WR",2022
"893","00-0028899",76,0.000482335220373391,0.0168112322157028,4.3848656397581e-05,"Rodney McLeod","IND","DB",2022
"894","00-0036999",1816,0.000482067509657786,0.0169672038008226,4.38243190597987e-05,"Anthony Schwartz","CLE","WR",2022
"895","00-0032143",335,0.000479122088874758,0.0176919138458608,4.35565535340689e-05,"Danny Shelton","KC","DL",2022
"896","00-0036795",1678,0.000476665958278902,0.0174429715143515,4.33332689344456e-05,"Jake Curhan","SEA","OL",2022
"897","00-0036437",1542,0.000474907852781696,0.0163211950144381,4.31734411619724e-05,"Tremayne Anchrum","LA","OL",2022
"898","00-0036875",1714,0.000471444701478782,0.0171592348127375,4.28586092253438e-05,"Rhamondre Stevenson","NE","RB",2022
"899","00-0033969",707,0.00046579818158677,0.0170638717740457,4.23452892351609e-05,"Ifeadi Odenigbo","TB","DL",2022
"900","00-0035414",1143,0.000465509652087305,0.0174804339712535,4.23190592806641e-05,"Jalen Guyton","LAC","WR",2022
"901","00-0034682",889,0.000465311746357891,0.0174900451926378,4.23010678507174e-05,"Genard Avery","TB","LB",2022
"902","00-0032574",419,0.000463560103795178,0.0169543460251497,4.21418276177435e-05,"Michael Pierce","BAL","DL",2022
"903","00-0037603",2061,0.000462029797836973,0.0170989117455143,4.20027088942702e-05,"Jayden Peevy","TEN","DL",2022
"904","00-0036552",1577,0.000456812860261151,0.0162768823649787,4.15284418419228e-05,"Azeez Ojulari","NYG","LB",2022
"905","00-0035700",1236,0.000455568639438494,0.0164200514875986,4.14153308580449e-05,"Josh Jacobs","LV","RB",2022
"906","00-0035666",1209,0.000455161454708293,0.0162860357285928,4.13783140643902e-05,"Bobby Evans","MIN","OL",2022
"907","00-0033929",689,0.000441498257267887,0.0169585061879324,4.01362052061715e-05,"Montravius Adams","PIT","DL",2022
"908","00-0038147",2196,0.000440775092206247,0.0173116543299087,4.00704629278407e-05,"Daylen Baldwin","CLE","WR",2022
"909","00-0031282",221,0.00043258323273258,0.0170936256789943,3.93257484302345e-05,"Justin Britt","HOU","OL",2022
"910","00-0032128",329,0.000431581376647401,0.0166062403524053,3.92346706043092e-05,"Chris Conley","TEN","WR",2022
"911","00-0035992",1305,0.000429338086321704,0.0169025010364075,3.90307351201549e-05,"Trystan Colon","BAL","OL",2022
"912","00-0036352",1478,0.000427291666926821,0.0175378755564685,3.88446969933474e-05,"Carlos Davis","PIT","DL",2022
"913","00-0034366",799,0.000424535100362855,0.0171433224052829,3.85941000329868e-05,"Keke Coutee","IND","WR",2022
"914","00-0034450",845,0.000424250741229012,0.0171678748662133,3.85682492026374e-05,"Greg Joseph","MIN","K",2022
"915","00-0036950",1775,0.000420744448460472,0.0163034092573315,3.82494953145884e-05,"Avery Williams","ATL","RB",2022
"916","00-0031763",290,0.000417859184727876,0.0161194892107121,3.79871986116251e-05,"DeAndre Carter","LAC","WR",2022
"917","00-0035260",1079,0.00041704034098776,0.0179585944051928,3.79127582716146e-05,"Renell Wren","PIT","DL",2022
"918","00-0035423",1144,0.000414172452216383,0.0170257277533236,3.76520411105803e-05,"Daniel Wise","KC","DL",2022
"919","00-0036705",1663,0.000414121621151502,0.0171287773397495,3.7647420104682e-05,"Sam Kamara","CLE","LB",2022
"920","00-0036323",1454,0.000408954396903996,0.0163344272508364,3.71776724458178e-05,"Patrick Queen","BAL","LB",2022
"921","00-0032669",427,0.000405115018328738,0.0172969909022929,3.68286380298853e-05,"Taylor Bertolet","LAC","K",2022
"922","00-0032780",446,0.000405074010186376,0.0176098712476446,3.68249100169433e-05,"Jordan Howard","NO","RB",2022
"923","00-0036293",1432,0.000398822655758514,0.0163476204922559,3.62566050689558e-05,"Jeremy Chinn","CAR","DB",2022
"924","00-0032107",326,0.000394345291846724,0.0169541903149775,3.58495719860659e-05,"Angelo Blackson","CHI","DL",2022
"925","00-0036816",1682,0.000393350626037323,0.016924862440331,3.57591478215748e-05,"Riley Patterson","JAX","K",2022
"926","00-0034981",992,0.000392446929261896,0.0162232696463913,3.56769935692632e-05,"Foster Moreau","LV","TE",2022
"927","00-0032986",475,0.000390332579513167,0.0166683101703629,3.54847799557425e-05,"J.P. Holtz","NO","TE",2022
"928","00-0037637",2074,0.000386166487272042,0.0171975553346861,3.51060442974584e-05,"Brayden Thomas","LA","DL",2022
"929","00-0037487",2024,0.000385180580312472,0.0170985760884905,3.50164163920429e-05,"Deven Thompkins","TB","WR",2022
"930","00-0035979",1303,0.00038362566340708,0.0165384403793217,3.48750603097345e-05,"Myles Dorn","MIN","DB",2022
"931","00-0037381",1996,0.000382545497323744,0.0176001697010334,3.47768633930677e-05,"Sebastian Gutierrez","LV","OL",2022
"932","00-0034248",750,0.000382207018842988,0.0168083054889999,3.47460926220898e-05,"Elijah Campbell","MIA","DB",2022
"933","00-0037003",1820,0.000373638510036301,0.0170440840222145,3.39671372760274e-05,"Chazz Surratt","NYJ","LB",2022
"934","00-0032967",468,0.000370980455705264,0.0176533366446806,3.37254959732058e-05,"Vernon Butler","NYG","DL",2022
"935","00-0031796",294,0.000365203729329938,0.0176917500359146,3.32003390299944e-05,"Justin Coleman","SEA","DB",2022
"936","00-0037401",2005,0.000363737026811449,0.0173770067040476,3.30670024374044e-05,"Forrest Rhyne","IND","LB",2022
"937","00-0036695",1661,0.000361396884867377,0.0166363413612893,3.28542622606706e-05,"Naquan Jones","TEN","DL",2022
"938","00-0036877",1716,0.000359640233014611,0.0175455348047814,3.26945666376919e-05,"Jaelon Darden","CLE","WR",2022
"939","00-0035457",1149,0.000359412998219286,0.0165762672842294,3.2673908929026e-05,"Tyron Johnson","CIN","WR",2022
"940","00-0036856",1701,0.000359332097494226,0.0173894363789669,3.26665543176569e-05,"Trey Hill","CIN","OL",2022
"941","00-0037194",1887,0.000356099500288737,0.0167604852402107,3.23726818444306e-05,"Darian Kinnard","KC","OL",2022
"942","00-0030035",131,0.00034894704181439,0.0165875989312469,3.17224583467628e-05,"Adam Thielen","MIN","WR",2022
"943","00-0035876",1276,0.000348469993877635,0.0180821271312347,3.16790903525122e-05,"Andre Baccellia","ARI","WR",2022
"944","00-0037801",2105,0.000347809628271715,0.0168790607516609,3.16190571156105e-05,"Kavontae Turpin","DAL","WR",2022
"945","00-0037645",2076,0.000347403328101409,0.0174899514319837,3.15821207364917e-05,"Nick Sciba","PIT","K",2022
"946","00-0037353",1987,0.000346262448139711,0.0167340841972676,3.14784043763374e-05,"Kader Kohou","MIA","DB",2022
"947","00-0035849",1269,0.000341374549932939,0.0166613096492071,3.10340499939035e-05,"Rodrigo Blankenship","ARI","K",2022
"948","00-0036365",1488,0.000339461640672088,0.0172385318293103,3.0860149152008e-05,"Bryan Edwards","KC","WR",2022
"949","00-0035230",1056,0.000337957988416764,0.0162511559127945,3.07234534924331e-05,"Ed Oliver","BUF","DL",2022
"950","00-0035850",1270,0.000337908189062325,0.0176404398997413,3.07189262783932e-05,"Kameron Cline","IND","DL",2022
"951","00-0037276",1939,0.000327520486753751,0.0169539459793608,2.97745897048865e-05,"Ty Chandler","MIN","RB",2022
"952","00-0035764",1253,0.000326430285428997,0.0163777174334332,2.96754804935452e-05,"Calvin Throckmorton","NO","OL",2022
"953","00-0035928",1290,0.000325404133874993,0.0176528396350401,2.95821939886358e-05,"Eric Banks","ARI","DL",2022
"954","00-0036310",1446,0.000324949462801708,0.0157301757072573,2.95408602547007e-05,"Hakeem Adeniji","CIN","OL",2022
"955","00-0035223",1052,0.000323265641597725,0.0175630142384274,2.93877855997932e-05,"Ulysees Gilbert","TB","LB",2022
"956","00-0032355",370,0.000322144603444693,0.0169584833179498,2.92858730404267e-05,"Chester Rogers","CLE","WR",2022
"957","00-0037753",2097,0.000319859765951409,0.0160519095742143,2.90781605410372e-05,"Cam Taylor-Britt","CIN","DB",2022
"958","00-0032210",353,0.000319450796104477,0.0160139231855499,2.90409814640433e-05,"Frank Clark","KC","DL",2022
"959","00-0036157",1345,0.000318678898065701,0.0165172728834688,2.89708089150637e-05,"Kristian Welch","BAL","LB",2022
"960","00-0036849",1694,0.000315355106830955,0.0170234721541284,2.86686460755414e-05,"Tutu Atwell","LA","WR",2022
"961","00-0034594",873,0.000315003862699043,0.0176749469940818,2.86367147908221e-05,"A.J. Moore","TEN","DB",2022
"962","00-0037813",2114,0.000311285943844221,0.0172650397825153,2.82987221676564e-05,"Channing Tindall","MIA","LB",2022
"963","00-0034445",843,0.000309998959286524,0.0172015773281316,2.81817235715022e-05,"Nick Gates","NYG","OL",2022
"964","00-0036015",1312,0.000309387584408634,0.0174137214753842,2.81261440371485e-05,"Zack Johnson","TEN","OL",2022
"965","00-0028118",65,0.000307634092375217,0.0174870743428465,2.79667356704743e-05,"Tyrod Taylor","NYG","QB",2022
"966","00-0036851",1696,0.000302525947593677,0.0171879274640584,2.75023588721525e-05,"Tyler Shelvin","CIN","DL",2022
"967","00-0036887",1725,0.000295877982864758,0.0169812556675208,2.68979984422508e-05,"Luke Farrell","JAX","TE",2022
"968","00-0031933",307,0.000294737991033604,0.0158662422443404,2.67943628212367e-05,"Leonard Williams","NYG","DL",2022
"969","00-0036162",1348,0.000293364186970278,0.0169510604503264,2.66694715427525e-05,"Tyler Bass","BUF","K",2022
"970","00-0035274",1090,0.000291297007814991,0.0171377495426323,2.64815461649992e-05,"Ross Pierschbacher","DET","OL",2022
"971","00-0036641",1630,0.000290298093982426,0.0170657518874158,2.63907358165842e-05,"Richard LeCounte","LA","DB",2022
"972","00-0033539",578,0.000286211691814141,0.0174289406017226,2.60192447103764e-05,"Jarrad Davis","NYG","LB",2022
"973","00-0032402",390,0.000286101334691598,0.0169936540568851,2.60092122446908e-05,"Hassan Ridgeway","SF","DL",2022
"974","00-0035290",1098,0.000285818818989887,0.0163549875763027,2.59835289990807e-05,"Jaquan Johnson","BUF","DB",2022
"975","00-0037415",2008,0.000283938121869615,0.017997535249009,2.58125565336013e-05,"Allan George","CIN","DB",2022
"976","00-0030725",178,0.000271269320194383,0.0165119861296864,2.46608472903985e-05,"Cornelius Lucas","WAS","OL",2022
"977","00-0028284",70,0.000266819874166075,0.0175951632054785,2.42563521969159e-05,"Patrick Scales","CHI","LS",2022
"978","00-0034263",755,0.000264029702020256,0.0166847097903645,2.40027001836597e-05,"Tarvarius Moore","SF","DB",2022
"979","00-0030010",130,0.000262873167339414,0.0173066649214524,2.38975606672195e-05,"Brandon Copeland","BAL","LB",2022
"980","00-0034388",816,0.000260413895446083,0.0169843134061885,2.36739904950984e-05,"Davontae Harris","TEN","DB",2022
"981","00-0034571",867,0.000257394252531113,0.016616865104594,2.33994775028284e-05,"Trenton Scott","PIT","OL",2022
"982","00-0036264",1410,0.00025737396909632,0.0177642406967915,2.33976335542109e-05,"Jordan Love","GB","QB",2022
"983","00-0037394",2002,0.00025375843471095,0.0171446335881257,2.30689486100864e-05,"Ethan Fernea","IND","WR",2022
"984","00-0033598",608,0.000249512593604391,0.0175134094003323,2.26829630549447e-05,"Eli Ankou","BUF","DL",2022
"985","00-0037155",1875,0.000244973756821125,0.0161534001785269,2.22703415291931e-05,"Tony Adams","NYJ","DB",2022
"986","00-0037741",2088,0.000244812999778145,0.0163823831517891,2.22557272525586e-05,"Jahan Dotson","WAS","WR",2022
"987","00-0037149",1873,0.000242969933953274,0.0166593902169945,2.2088175813934e-05,"Joshua Onujiogu","SEA","DL",2022
"988","00-0035040",1009,0.00023762174119119,0.0173562186148413,2.16019764719263e-05,"David Blough","ARI","QB",2022
"989","00-0035280",1095,0.000235780788248061,0.0165844702149664,2.14346171134601e-05,"Jake Bailey","NE","P",2022
"990","00-0035925",1288,0.000235512397103902,0.0169037961382258,2.14102179185365e-05,"Jarren Williams","DET","DB",2022
"991","00-0036500",1560,0.000231522880137207,0.0174439825179965,2.10475345579279e-05,"Jamien Sherwood","NYJ","LB",2022
"992","00-0035572",1168,0.000223307403088926,0.0158144177931972,2.03006730080842e-05,"Parker Hesse","ATL","TE",2022
"993","00-0034067",714,0.000223041422776879,0.0165543823554858,2.02764929797162e-05,"Scott Daly","DET","LS",2022
"994","00-0036678",1656,0.000220379634003892,0.0168320875011367,2.0034512182172e-05,"Dicaprio Bootle","KC","DB",2022
"995","00-0027114",28,0.000215533764945835,0.0174263201854139,1.95939786314396e-05,"Thomas Morstead","MIA","P",2022
"996","00-0032149",339,0.000209869670058275,0.0172271524971687,1.90790609143886e-05,"John Miller","JAX","OL",2022
"997","00-0032192",347,0.000209546034032413,0.0175973940078796,1.90496394574921e-05,"Daniel Munyer","TEN","OL",2022
"998","00-0036149",1342,0.000208830703413967,0.0167982271032174,1.89846094012697e-05,"Javelin Guidry","ATL","DB",2022
"999","00-0036853",1698,0.00020363458318597,0.0166854961920879,1.85122348350882e-05,"Tyree Gillespie","JAX","DB",2022
"1000","00-0037249",1913,0.000199976217795699,0.0171050550505386,1.81796561632453e-05,"Nik Bonitto","DEN","LB",2022
"1001","00-0034810",936,0.000198646225719347,0.01643820110912,1.80587477926679e-05,"Sebastian Joseph","LAC","DL",2022
"1002","00-0026625",24,0.000198591304034449,0.0176089230928893,1.80537549122226e-05,"Brian Hoyer","NE","QB",2022
"1003","00-0037475",2020,0.00018738865389145,0.0164023157689451,1.703533217195e-05,"Stone Smartt","LAC","TE",2022
"1004","00-0025630",11,0.000180267614203048,0.0171033249471295,1.63879649275498e-05,"Clark Harris","CIN","LS",2022
"1005","00-0035237",1062,0.000179934432032572,0.0170700893037703,1.63576756393247e-05,"Jawaan Taylor","JAX","OL",2022
"1006","00-0035350",1119,0.00017969065407743,0.0166002592944875,1.63355140070391e-05,"Preston Williams","CAR","WR",2022
"1007","00-0033400",557,0.000179676789016388,0.0164940207453676,1.63342535469443e-05,"Matt Haack","IND","P",2022
"1008","00-0035345",1117,0.000178128300469557,0.016438776239214,1.61934818608688e-05,"Chris Myarick","NYG","TE",2022
"1009","00-0036040",1318,0.000174998271419048,0.01594274590287,1.5908933765368e-05,"Juwan Johnson","NO","TE",2022
"1010","00-0037524",2034,0.000160278126135989,0.0163571187585069,1.45707387396353e-05,"Tay Martin","SF","WR",2022
"1011","00-0035370",1128,0.000158499721466877,0.0177603570016629,1.44090655878979e-05,"Saivion Smith","DET","DB",2022
"1012","00-0038130",2189,0.000154526791398331,0.0169538748892643,1.4047890127121e-05,"Andrew Booth","MIN","DB",2022
"1013","00-0036305",1442,0.000142333846209822,0.0158631868835884,1.29394405645293e-05,"Trevis Gipson","CHI","LB",2022
"1014","00-0036419",1531,0.0001414380193412,0.0161309178011427,1.28580017582909e-05,"Terrell Lewis","CHI","LB",2022
"1015","00-0037100",1863,0.000137959512959368,0.0182412126295118,1.25417739053971e-05,"Chase Allen","CHI","TE",2022
"1016","00-0037307",1963,0.000129768197646298,0.0167220473419066,1.17971088769362e-05,"Ja'Sir Taylor","LAC","DB",2022
"1017","00-0031142",205,0.000126927485605992,0.0162867534791713,1.15388623278175e-05,"Matt Feiler","LAC","OL",2022
"1018","00-0036915",1747,0.000126425471138796,0.0172747701843423,1.14932246489815e-05,"Jeremiah Owusu-Koramoah","CLE","LB",2022
"1019","00-0035603",1173,0.000125707099385502,0.0171226834638183,1.14279181259548e-05,"Kendall Blanton","KC","TE",2022
"1020","00-0032058",317,0.000124724449205748,0.0165928756451093,1.13385862914316e-05,"Tevin Coleman","SF","RB",2022
"1021","00-0037095",1859,0.000122110448183472,0.0168554027587787,1.11009498348611e-05,"Christian Holmes","WAS","DB",2022
"1022","00-0037245",1909,0.000121647435638493,0.0170812078026862,1.10588577853176e-05,"Lewis Cine","MIN","DB",2022
"1023","00-0035927",1289,0.000115012416113131,0.0157310481164231,1.04556741921028e-05,"Breiden Fehoko","LAC","DL",2022
"1024","00-0036306",1443,0.00011021411190425,0.0175511147128718,1.00194647185682e-05,"Daniel Thomas","JAX","DB",2022
"1025","00-0036788",1676,0.000109407278163072,0.0170539551199093,9.94611619664293e-06,"Jack Heflin","NYG","DL",2022
"1026","00-0036418",1530,0.000109404373692923,0.0166286733483452,9.9458521539021e-06,"Zack Baun","NO","LB",2022
"1027","00-0037400",2004,0.00010753009054239,0.0172883281732134,9.77546277658093e-06,"D'vonte Price","IND","RB",2022
"1028","00-0036831",1685,0.000106992585337403,0.0175401908866591,9.72659866703662e-06,"Kobe Jones","CAR","DL",2022
"1029","00-0023252",5,0.000104373050420241,0.0176118810848368,9.48845912911278e-06,"Robbie Gould","SF","K",2022
"1030","00-0036082",1326,9.6687649475365e-05,0.0171619968783898,8.78978631594227e-06,"Liam McCullough","ATL","LS",2022
"1031","00-0032187",346,9.637252320418e-05,0.016933308955554,8.76113847310728e-06,"David Johnson","NO","RB",2022
"1032","00-0036210",1370,9.27177621855513e-05,0.0176067239015114,8.42888747141375e-06,"Badara Traore","ARI","OL",2022
"1033","00-0034967",983,9.09950929021923e-05,0.0158815729702479,8.27228117292657e-06,"Rashan Gary","GB","LB",2022
"1034","00-0036114",1332,8.83116681411069e-05,0.0165638061705037,8.02833346737335e-06,"A.J. Green","CLE","DB",2022
"1035","00-0036413",1525,8.65519055307502e-05,0.0164121602793845,7.86835504825002e-06,"Darrell Taylor","SEA","LB",2022
"1036","00-0036975",1794,8.08073655697168e-05,0.0169291248578066,7.34612414270152e-06,"Walker Little","JAX","OL",2022
"1037","00-0032753",435,7.89254887448323e-05,0.0170786647995441,7.17504443134839e-06,"Luke Rhodes","IND","LS",2022
"1038","00-0035900",1283,7.78696760194383e-05,0.0171567649896278,7.07906145631258e-06,"Cole Christiansen","KC","LB",2022
"1039","00-0035202",1044,7.54559386701357e-05,0.0159587931152994,6.85963078819415e-06,"Del'Shawn Phillips","BAL","LB",2022
"1040","00-0032871",452,7.14152382655646e-05,0.0168898868346702,6.4922943877786e-06,"Antwaun Woods","ARI","DL",2022
"1041","00-0035694",1230,6.81358344257378e-05,0.0165454722301403,6.19416676597616e-06,"Greg Little","MIA","OL",2022
"1042","00-0037618",2070,6.39784389860919e-05,0.017468802878541,5.81622172600835e-06,"Zachary Thomas","LA","OL",2022
"1043","00-0037337",1984,5.89088478070634e-05,0.017370674733023,5.35534980064213e-06,"Shaun Jolly","LA","DB",2022
"1044","00-0037571",2050,5.4205004576033e-05,0.0177349245270692,4.92772768873028e-06,"Storey Jackson","CLE","LB",2022
"1045","00-0031893",301,4.33115247530342e-05,0.016528781332251,3.93741134118493e-06,"Jesse Davis","PIT","OL",2022
"1046","00-0037319",1972,4.12855401932246e-05,0.0173654229657811,3.75323092665678e-06,"Faion Hicks","DEN","DB",2022
"1047","00-0033546",584,3.40037326684672e-05,0.0164748369356434,3.09124842440611e-06,"Dalvin Tomlinson","MIN","DL",2022
"1048","00-0034177",741,2.64866489477725e-05,0.017120378899513,2.40787717707023e-06,"Tim Boyle","CHI","QB",2022
"1049","00-0033082",496,1.99793273323582e-05,0.0173171890019629,1.81630248475983e-06,"Lucas Patrick","CHI","OL",2022
"1050","00-0036647",1636,1.91936819878011e-05,0.0168673101628078,1.74488018070919e-06,"Cornell Powell","KC","WR",2022
"1051","00-0034614",876,1.08003180243682e-05,0.017120038381501,9.81847093124383e-07,"Godwin Igwebuike","SEA","RB",2022
"1052","00-0038099",2160,8.51663173295027e-06,0.0167892131751367,7.74239248450024e-07,"Phidarian Mathis","WAS","DL",2022
"1053","00-0036277",1421,6.66859099854841e-06,0.0171444034819264,6.06235545322582e-07,"Quintez Cephus","DET","WR",2022
"1054","00-0036646",1635,5.91527718878072e-06,0.017247687969342,5.37752471707338e-07,"Simi Fehoko","DAL","WR",2022
"1055","00-0034909",971,4.76349700216972e-07,0.0165544486260071,4.33045182015429e-08,"Tristan Vizcaino","DAL","K",2022
"1056","00-0036168",1353,-1.58787543762401e-06,0.0173271362160725,-1.44352312511274e-07,"Dominik Eberle","DET","K",2022
"1057","00-0037321",1974,-4.9383785589926e-06,0.0168450490563987,-4.48943505362964e-07,"Chase Lucas","DET","DB",2022
"1058","00-0032434",400,-7.22981508780163e-06,0.0168614125530977,-6.57255917072875e-07,"Brandon Allen","CIN","QB",2022
"1059","00-0032200",350,-7.81219440925415e-06,0.0170483349209485,-7.10199491750377e-07,"Ty Montgomery","NE","WR",2022
"1060","00-0029895",127,-8.24782756593817e-06,0.0164958246588635,-7.49802505994379e-07,"Ryan Jensen","TB","OL",2022
"1061","00-0037193",1886,-9.83410679242011e-06,0.017133145982093,-8.94009708401828e-07,"Bryan Cook","KC","DB",2022
"1062","00-0034052",712,-1.43578161527321e-05,0.0165885183502882,-1.30525601388473e-06,"Brandon Zylstra","DET","WR",2022
"1063","00-0035609",1175,-1.55227011273754e-05,0.0166839793653343,-1.41115464794322e-06,"Jake Gervase","LA","LB",2022
"1064","00-0035841",1267,-1.70215893900097e-05,0.0171864021171349,-1.54741721727361e-06,"Benito Jones","DET","DL",2022
"1065","00-0037305",1962,-2.38470630603017e-05,0.0174464717530281,-2.16791482366379e-06,"Luke Tenuta","GB","OL",2022
"1066","00-0034430",836,-2.88350194019355e-05,0.0179431682366939,-2.62136540017596e-06,"Andre Smith","TEN","LB",2022
"1067","00-0037382",1997,-2.96064918861331e-05,0.0168410115786919,-2.69149926237573e-06,"Brandon Johnson","DEN","WR",2022
"1068","00-0034278",763,-3.94532273983202e-05,0.0164675128344902,-3.58665703621093e-06,"Tremon Smith","HOU","DB",2022
"1069","00-0036510",1567,-4.25832689417157e-05,0.0161941343528197,-3.8712062674287e-06,"Kenny Yeboah","NYJ","TE",2022
"1070","00-0033302",540,-4.48278699228839e-05,0.0175720883526428,-4.07526090208036e-06,"Adrian Colbert","CHI","DB",2022
"1071","00-0029630",111,-4.49215081838002e-05,0.0165946638934451,-4.08377347125457e-06,"Michael Brockers","DET","DL",2022
"1072","00-0036627",1619,-5.00348327912244e-05,0.0164248439814392,-4.54862116283858e-06,"Dez Fitzpatrick","TEN","WR",2022
"1073","00-0032763",438,-5.07989998554264e-05,0.0171123949591722,-4.61809089594785e-06,"Austin Johnson","LAC","DL",2022
"1074","00-0033435",559,-5.42218613362896e-05,0.017436277053666,-4.92926012148087e-06,"Breon Borders","CHI","DB",2022
"1075","00-0035892",1281,-5.45170493183056e-05,0.0180191418377148,-4.95609539257324e-06,"Darryl Williams","JAX","OL",2022
"1076","00-0033129",515,-5.68029570476425e-05,0.0166775325194346,-5.16390518614932e-06,"Carl Nassib","TB","LB",2022
"1077","00-0028946",79,-5.69288278354425e-05,0.0169130661680289,-5.17534798504023e-06,"Aaron Brewer","ARI","LS",2022
"1078","00-0034792",924,-6.21338350283884e-05,0.0166903783275921,-5.64853045712621e-06,"Cornell Armstrong","ATL","DB",2022
"1079","00-0037281",1943,-7.03188391528592e-05,0.0160946806053261,-6.39262174116901e-06,"Damone Clark","DAL","LB",2022
"1080","00-0034944",976,-7.11302652013678e-05,0.0159991808918554,-6.46638774557889e-06,"Chase Hansen","NO","LB",2022
"1081","00-0032734",434,-7.2241483181964e-05,0.0169872039229676,-6.56740756199673e-06,"Brennan Scarlett","MIA","LB",2022
"1082","00-0035399",1136,-7.50959840165492e-05,0.0167612855088718,-6.82690763786811e-06,"Stanley Morgan","CIN","WR",2022
"1083","00-0036203",1369,-7.77636621215351e-05,0.016723479394659,-7.06942382923046e-06,"Keandre Jones","CIN","LB",2022
"1084","00-0036427",1537,-8.13426891009796e-05,0.0172932346695165,-7.39478991827087e-06,"Tyler Johnson","TB","WR",2022
"1085","00-0036403",1517,-8.37585670232355e-05,0.0160544809808372,-7.6144151839305e-06,"Casey Toohill","WAS","DL",2022
"1086","00-0034426",834,-9.16374916814524e-05,0.0173660777217399,-8.33068106195022e-06,"Javon Wims","ARI","WR",2022
"1087","00-0035243",1067,-9.16679735540442e-05,0.0170320207366969,-8.33345214127675e-06,"Miles Sanders","PHI","RB",2022
"1088","00-0038125",2184,-9.40070050204998e-05,0.0157595947586666,-8.54609136549999e-06,"Roger McCreary","TEN","DB",2022
"1089","00-0035593",1171,-0.000105631125054238,0.0165106030210169,-9.60282955038529e-06,"Juwann Winfree","GB","WR",2022
"1090","00-0036348",1475,-0.000107943916894784,0.0167901635364166,-9.81308335407124e-06,"Josh Metellus","MIN","DB",2022
"1091","00-0035965",1299,-0.000110006377596229,0.0169584739310734,-1.00005797814754e-05,"Tipa Galeai","GB","LB",2022
"1092","00-0035149",1034,-0.000112379482988261,0.0165035806001822,-1.02163166352964e-05,"Nick Allegretti","KC","OL",2022
"1093","00-0033633",610,-0.00011266774031789,0.0170713051804213,-1.02425218470809e-05,"Tanner Gentry","BUF","WR",2022
"1094","00-0036093",1329,-0.00011667722856325,0.0167953979476673,-1.06070207784772e-05,"Bill Murray","NE","OL",2022
"1095","00-0036573",1594,-0.000117175923859713,0.0164875211463682,-1.06523567145194e-05,"Rachad Wildgoose","WAS","DB",2022
"1096","00-0033577",600,-0.000125239174575999,0.0159308064927288,-1.1385379506909e-05,"Nathan Gerry","WAS","LB",2022
"1097","00-0038116",2175,-0.000125820684382963,0.0165699904023856,-1.14382440348148e-05,"Arnold Ebiketie","ATL","LB",2022
"1098","00-0033199",520,-0.000128305771872245,0.0170067020026873,-1.1664161079295e-05,"Taybor Pepper","SF","LS",2022
"1099","00-0037267",1931,-0.000128764736036805,0.0168490934900481,-1.1705885094255e-05,"Jerome Ford","CLE","RB",2022
"1100","00-0032419",396,-0.00012963527071959,0.0163199346618796,-1.17850246108718e-05,"Joe Haeg","CLE","OL",2022
"1101","00-0036927",1757,-0.000132016489857711,0.016503142781436,-1.20014990779737e-05,"Pete Werner","NO","LB",2022
"1102","00-0037758",2102,-0.000132518646858494,0.0167756698855871,-1.20471497144086e-05,"Cordale Flott","NYG","DB",2022
"1103","00-0033338",548,-0.000139094682420616,0.0175830016483814,-1.26449711291469e-05,"Cethan Carter","MIA","TE",2022
"1104","00-0036373",1495,-0.000141275525094178,0.0169168500286412,-1.28432295540162e-05,"Rashard Lawrence","ARI","DL",2022
"1105","00-0037601",2059,-0.00014819639974149,0.0161839109656951,-1.34723999764991e-05,"Xavier Newman-Johnson","TEN","OL",2022
"1106","00-0031061",196,-0.000148508113763302,0.016977406946829,-1.35007376148456e-05,"Dontae Johnson","SF","DB",2022
"1107","00-0034808",935,-0.000148595750638095,0.016792823272564,-1.35087046034632e-05,"John Kelly","CLE","RB",2022
"1108","00-0032392",384,-0.000149778992036639,0.0163276384023876,-1.36162720033308e-05,"Austin Hooper","TEN","TE",2022
"1109","00-0033452",562,-0.000149780727851853,0.01710613434097,-1.36164298047139e-05,"Austin Calitro","LV","LB",2022
"1110","00-0037076",1844,-0.00015150846614832,0.0164831308582943,-1.37734969225745e-05,"Sean Rhyan","GB","OL",2022
"1111","00-0036982",1800,-0.000152323405058141,0.0165574688390583,-1.38475822780128e-05,"Chauncey Golston","DAL","DL",2022
"1112","00-0036860",1705,-0.000155055517814577,0.0174851586639416,-1.40959561649616e-05,"Jake Funk","IND","RB",2022
"1113","00-0036059",1322,-0.000157218014670924,0.0170925616076005,-1.42925467882658e-05,"Tyler Mabry","SEA","TE",2022
"1114","00-0031051",194,-0.000157293604197595,0.0167799968404702,-1.42994185634177e-05,"John Brown","BUF","WR",2022
"1115","00-0032543",416,-0.000170007010688522,0.0172291463051334,-1.54551827898656e-05,"Alex Erickson","WAS","WR",2022
"1116","00-0037503",2030,-0.000172374650572255,0.0170991311831321,-1.56704227792959e-05,"Darien Butler","LV","LB",2022
"1117","00-0037573",2051,-0.000177903086344075,0.0176722796733591,-1.61730078494614e-05,"Quandre Mosely","NE","DB",2022
"1118","00-0036213",1372,-0.000180032405639467,0.0164268346465741,-1.63665823308606e-05,"Raekwon Davis","MIA","DL",2022
"1119","00-0035643",1193,-0.000180106260890671,0.0164102708033683,-1.63732964446065e-05,"Jeffery Simmons","TEN","DL",2022
"1120","00-0037831",2130,-0.000180768824293451,0.0173609974934864,-1.64335294812228e-05,"Nick Zakelj","SF","OL",2022
"1121","00-0037090",1856,-0.000181586531109228,0.0168357357024628,-1.65078664644753e-05,"Tariq Carpenter","GB","DB",2022
"1122","00-0027855",39,-0.000183750702307027,0.0171893142269107,-1.67046093006388e-05,"Ndamukong Suh","PHI","DL",2022
"1123","00-0038103",2164,-0.000189899867152224,0.0161385073349842,-1.72636242865659e-05,"Cole Strange","NE","OL",2022
"1124","00-0032065",321,-0.000190062312451164,0.0164985791629409,-1.72783920410149e-05,"Bradley Pinion","ATL","P",2022
"1125","00-0035916",1286,-0.000192844834871035,0.0170155797667194,-1.75313486246396e-05,"T.J. Carter","LA","DL",2022
"1126","00-0036260",1407,-0.000193236875617502,0.0169064087970908,-1.75669886925001e-05,"Javon Kinlaw","SF","DL",2022
"1127","00-0036120",1334,-0.0001933582090873,0.0170484196189511,-1.75780190079363e-05,"Alex Taylor","DAL","OL",2022
"1128","00-0034164",736,-0.000199494081745237,0.0166514912428716,-1.81358256132034e-05,"Trenton Cannon","TEN","RB",2022
"1129","00-0036944",1771,-0.000201211065559238,0.0165959310334029,-1.82919150508398e-05,"Jaycee Horn","CAR","DB",2022
"1130","00-0033055",486,-0.00020720672849679,0.0157849390913306,-1.883697531789e-05,"Jalen Ramsey","LA","DB",2022
"1131","00-0036559",1584,-0.000211083496737012,0.0175605584752249,-1.91894087942738e-05,"Shaun Wade","NE","DB",2022
"1132","00-0034969",985,-0.000218312244529685,0.0167700756130542,-1.98465676845168e-05,"Ben Banogu","IND","DL",2022
"1133","00-0034999",1002,-0.000219502733381877,0.017176449516216,-1.9954793943807e-05,"Ty Summers","NO","LB",2022
"1134","00-0035683",1222,-0.000220187599426446,0.016444602947473,-2.00170544933133e-05,"Dexter Lawrence","NYG","DL",2022
"1135","00-0036239",1391,-0.000221077870741051,0.0173731666026317,-2.00979882491865e-05,"Jonathan Garvin","GB","LB",2022
"1136","00-0034676",885,-0.000222967550035352,0.0166515314281312,-2.02697772759411e-05,"James Washington","NYG","WR",2022
"1137","00-0034413",828,-0.000225537354995946,0.0165821981951865,-2.05033959087223e-05,"Foyesade Oluokun","JAX","LB",2022
"1138","00-0037827",2126,-0.000227049352935863,0.0175149430028594,-2.06408502668967e-05,"Tyrion Davis-Price","SF","RB",2022
"1139","00-0026190",18,-0.000231140371814328,0.0165744805027784,-2.10127610740298e-05,"Calais Campbell","BAL","DL",2022
"1140","00-0032726",433,-0.000232081045475531,0.0172829828849211,-2.10982768614119e-05,"Ka'imi Fairbairn","HOU","K",2022
"1141","00-0032214",355,-0.0002377601818504,0.0170420220521946,-2.16145619864e-05,"Tyler Kroft","SF","TE",2022
"1142","00-0036369",1492,-0.00024476520657814,0.0169356890349485,-2.22513824161945e-05,"John Simpson","BAL","OL",2022
"1143","00-0035306",1106,-0.000244964664128997,0.0170536090608457,-2.22695149208179e-05,"Darryl Johnson","SEA","LB",2022
"1144","00-0038149",2197,-0.000245615337293084,0.0179800799229898,-2.2328667026644e-05,"Josh Ali","ATL","WR",2022
"1145","00-0037377",1995,-0.000245867677149721,0.0174909673333743,-2.2351607013611e-05,"Trenton Thompson","NYG","DB",2022
"1146","00-0036406",1518,-0.000246395704760399,0.0165422981389024,-2.23996095236727e-05,"Tristan Wirfs","TB","OL",2022
"1147","00-0036671",1653,-0.000248581006517164,0.0168630276413871,-2.25982733197422e-05,"Dax Milne","WAS","WR",2022
"1148","00-0035761",1251,-0.000251043619033399,0.0175942326599641,-2.28221471848544e-05,"Ramiz Ahmed","GB","K",2022
"1149","00-0032211",354,-0.000251798747749711,0.0167224284726206,-2.28907952499737e-05,"Tyler Lockett","SEA","WR",2022
"1150","00-0027948",52,-0.000253281777114279,0.017075074291891,-2.30256161012981e-05,"Blaine Gabbert","TB","QB",2022
"1151","00-0036337",1467,-0.000257262170209503,0.0162382160069209,-2.33874700190457e-05,"James Lynch","MIN","DL",2022
"1152","00-0035436",1146,-0.000259264411179709,0.0169753507660669,-2.35694919254281e-05,"Matt Sokol","NE","TE",2022
"1153","00-0033326",546,-0.000260649789037259,0.0173823497643513,-2.36954353670235e-05,"Aviante Collins","DAL","OL",2022
"1154","00-0034115",725,-0.000261415004830936,0.0162513102416585,-2.3765000439176e-05,"Jeffery Wilson","MIA","RB",2022
"1155","00-0027865",42,-0.000262160718406074,0.0164816245141609,-2.38327925823703e-05,"Brandon Graham","PHI","DL",2022
"1156","00-0038096",2157,-0.000266799938175488,0.0164616800995787,-2.42545398341352e-05,"Josh Paschal","DET","DL",2022
"1157","00-0031054",195,-0.000267851441956395,0.0163824359964143,-2.4350131086945e-05,"DaQuan Jones","BUF","DL",2022
"1158","00-0036020",1313,-0.000267901768705183,0.0175566542918779,-2.43547062459258e-05,"Salvon Ahmed","MIA","RB",2022
"1159","00-0036882",1720,-0.000272085689587746,0.0174850927080787,-2.47350626897951e-05,"Jabril Cox","DAL","LB",2022
"1160","00-0034446",844,-0.000273906933132658,0.0164199021547369,-2.49006302847871e-05,"Jalen Davis","CIN","DB",2022
"1161","00-0034769",911,-0.000273978192352598,0.0171222855163019,-2.49071083956907e-05,"DeMarquis Gates","CHI","LB",2022
"1162","00-0037153",1874,-0.000280817503700502,0.0170004418297992,-2.55288639727729e-05,"Vi Jones","SEA","LB",2022
"1163","00-0035976",1302,-0.000283090993981532,0.0167133809446093,-2.5735544907412e-05,"Dan Chisena","MIN","WR",2022
"1164","00-0036408",1520,-0.000284793455651985,0.0163104572797315,-2.58903141501804e-05,"Cesar Ruiz","NO","OL",2022
"1165","00-0035127",1024,-0.000285172651886752,0.0167159981641701,-2.59247865351593e-05,"Andre James","LV","OL",2022
"1166","00-0034997",1001,-0.000286952371296618,0.0167856859761384,-2.60865792087835e-05,"Gerri Green","CHI","DL",2022
"1167","00-0034317",772,-0.000294996641432477,0.0173470465104287,-2.68178764938615e-05,"Keith Kirkwood","NO","WR",2022
"1168","00-0036248",1397,-0.000301380473950705,0.0173089798258934,-2.73982249046095e-05,"Austin Jackson","MIA","OL",2022
"1169","00-0037244",1908,-0.000303630321795164,0.0167405853858191,-2.76027565268331e-05,"Devin Lloyd","JAX","LB",2022
"1170","00-0036297",1436,-0.000309140961194423,0.0170571452644271,-2.81037237449476e-05,"Darrynton Evans","CHI","RB",2022
"1171","00-0029239",87,-0.000310229938854928,0.0168201220482851,-2.82027217140844e-05,"Brandon Bolden","LV","RB",2022
"1172","00-0037043",1833,-0.000310734471566182,0.0170701394309057,-2.82485883241984e-05,"Amare Barno","CAR","DL",2022
"1173","00-0035532",1158,-0.000315023697259924,0.0170128132664465,-2.86385179327204e-05,"Deionte Thompson","JAX","DB",2022
"1174","00-0037198",1891,-0.000319153358065179,0.0169723069449219,-2.9013941642289e-05,"Nazeeh Johnson","KC","DB",2022
"1175","00-0034391",818,-0.000322977738479534,0.0164767323716728,-2.93616125890486e-05,"Siran Neal","BUF","DB",2022
"1176","00-0037632",2072,-0.0003322196463854,0.0169353992944704,-3.02017860350364e-05,"Roger Carter","LA","TE",2022
"1177","00-0037181",1880,-0.000336768514322787,0.0169005999308487,-3.06153194838898e-05,"Rayshad Nichols","BAL","DL",2022
"1178","00-0036296",1435,-0.00034100058196691,0.0162146435265452,-3.10000529060828e-05,"Jabari Zuniga","NO","DL",2022
"1179","00-0036217",1375,-0.00034149943669139,0.0163651502604128,-3.10454033355809e-05,"Blake Ferguson","MIA","LS",2022
"1180","00-0033890",660,-0.000343862839533415,0.0160242753981202,-3.12602581394014e-05,"Budda Baker","ARI","DB",2022
"1181","00-0035316",1109,-0.000344457676954623,0.0160282320056271,-3.13143342686021e-05,"Kaden Elliss","NO","LB",2022
"1182","00-0036636",1627,-0.000345511113883399,0.0177016917014453,-3.14101012621272e-05,"Brenden Jaimes","LAC","OL",2022
"1183","00-0037596",2058,-0.000352960654984965,0.0167342132122501,-3.20873322713605e-05,"Jack Gibbens","TEN","LB",2022
"1184","00-0036918",1750,-0.000359732913675101,0.0172588483624625,-3.27029921522819e-05,"Jacob Harris","LA","WR",2022
"1185","00-0036431",1540,-0.000364538948254131,0.0184195791091873,-3.31399043867392e-05,"Jordan Fuller","LA","DB",2022
"1186","00-0036537",1573,-0.000364811876315727,0.0171031813535821,-3.31647160287025e-05,"Josiah Bronson","MIA","DL",2022
"1187","00-0034887",967,-0.000366566978502235,0.0176549270959745,-3.33242707729305e-05,"A.J. Johnson","SEA","LB",2022
"1188","00-0036995",1812,-0.000372117955917513,0.0166665103475769,-3.38289050834103e-05,"Baron Browning","DEN","LB",2022
"1189","00-0036235",1389,-0.000373491500525709,0.0172782834400754,-3.39537727750644e-05,"Shaquille Quarterman","JAX","LB",2022
"1190","00-0034301",770,-0.000379039808949639,0.0168832948795319,-3.44581644499672e-05,"Darrel Williams","ARI","RB",2022
"1191","00-0035527",1156,-0.000382061702281741,0.0177211644075654,-3.47328820256128e-05,"Andy Isabella","BAL","WR",2022
"1192","00-0034578",870,-0.000382168557903085,0.0174102419101661,-3.47425961730077e-05,"Reggie Bonnafon","WAS","RB",2022
"1193","00-0035150",1035,-0.000386784255851729,0.0163302379624436,-3.51622050774299e-05,"Kris Boyd","MIN","DB",2022
"1194","00-0035468",1150,-0.000393267025769773,0.0169829110323927,-3.57515477972521e-05,"Zack Bailey","LAC","OL",2022
"1195","00-0035184",1040,-0.000397964639112194,0.0176048506976721,-3.6178603555654e-05,"Devine Ozigbo","DEN","RB",2022
"1196","00-0037429",2010,-0.000402571379991438,0.0164201390986698,-3.65973981810398e-05,"Raheem Blackshear","CAR","RB",2022
"1197","00-0037070",1840,-0.000410094581127688,0.0174035959881547,-3.72813255570625e-05,"Josh Thompson","TEN","DB",2022
"1198","00-0037318",1971,-0.000412744396369435,0.0165796560264711,-3.75222178517668e-05,"Baylon Spector","BUF","LB",2022
"1199","00-0037262",1926,-0.000412962993433404,0.0172966200218627,-3.75420903121276e-05,"Thomas Booker","HOU","DL",2022
"1200","00-0037483",2023,-0.000416964450271857,0.0168326111875501,-3.79058591156233e-05,"Kaylon Geiger","TB","WR",2022
"1201","00-0026189",17,-0.000417298200395995,0.0184723240081689,-3.79362000359995e-05,"DeSean Jackson","BAL","WR",2022
"1202","00-0030874",185,-0.000418219570173092,0.018035796607802,-3.80199609248266e-05,"Damien Williams","ATL","RB",2022
"1203","00-0037825",2124,-0.00042043345018218,0.0160227922968559,-3.82212227438346e-05,"Tyler Linderbaum","BAL","OL",2022
"1204","",1,-0.000425400693725117,0.0167439682039726,-3.8672790338647e-05,NA,NA,NA,NA
"1205","00-0036620",1612,-0.000427066162162981,0.0174843558523964,-3.8824196560271e-05,"D'Wayne Eskridge","SEA","WR",2022
"1206","00-0034488",851,-0.000427369631038409,0.0165541197185165,-3.88517846398554e-05,"Tavierre Thomas","HOU","DB",2022
"1207","00-0035145",1031,-0.00042902699288395,0.01729893348508,-3.90024538985409e-05,"Austin Seibert","DET","K",2022
"1208","00-0033871",643,-0.000431468189216834,0.0165452753421772,-3.9224380837894e-05,"Corey Davis","NYJ","WR",2022
"1209","00-0037539",2039,-0.00043751234041001,0.0177272546976789,-3.97738491281827e-05,"Lucas Krull","NO","TE",2022
"1210","00-0034204",746,-0.000439922849939581,0.0170013496775777,-3.99929863581437e-05,"Olasunkanmi Adeniyi","TEN","LB",2022
"1211","00-0031428",250,-0.000448649614813024,0.0157427868635387,-4.07863286193658e-05,"Allen Robinson","LA","WR",2022
"1212","00-0036567",1589,-0.000449550961035715,0.0166123629569132,-4.0868269185065e-05,"Elijah Mitchell","SF","RB",2022
"1213","00-0035264",1083,-0.000452547986071573,0.0167541041369448,-4.11407260065066e-05,"Jarrett Stidham","LV","QB",2022
"1214","00-0035329",1112,-0.000454375787563102,0.017176135705156,-4.13068897784638e-05,"Donald Parham","LAC","TE",2022
"1215","00-0036872",1712,-0.000460479045063338,0.0177330761996459,-4.18617313693944e-05,"Joshuah Bledsoe","NE","DB",2022
"1216","00-0036355",1480,-0.000465942846398217,0.0155855316710647,-4.23584405816561e-05,"Justin Herbert","LAC","QB",2022
"1217","00-0036341",1470,-0.000469689090245398,0.0169870311268195,-4.26990082041271e-05,"Khalid Kareem","IND","DL",2022
"1218","00-0029747",122,-0.000472908475194046,0.0165295972281885,-4.29916795630951e-05,"Chris Banjo","ARI","DB",2022
"1219","00-0035139",1026,-0.000479159386589027,0.0173139330443398,-4.35599442353661e-05,"Marquise Blair","PHI","DB",2022
"1220","00-0035942",1293,-0.000480447976747747,0.0165430572135134,-4.36770887952497e-05,"Christian Rozeboom","LA","LB",2022
"1221","00-0036575",1595,-0.000482111243596181,0.0169512661450265,-4.38282948723801e-05,"Larnel Coleman","CAR","OL",2022
"1222","00-0036892",1727,-0.000493308976382129,0.0172225660436821,-4.48462705801936e-05,"Alex Leatherwood","CHI","OL",2022
"1223","00-0033951",701,-0.000495051374426851,0.0170233985207375,-4.5004670402441e-05,"Marlon Mack","DEN","RB",2022
"1224","00-0036904",1739,-0.000503844993296287,0.0167851726270163,-4.58040902996625e-05,"Robert Rochell","LA","DB",2022
"1225","00-0036087",1327,-0.000505085695986016,0.0166406304332841,-4.59168814532741e-05,"Myles Bryant","NE","DB",2022
"1226","00-0036881",1719,-0.000510906044136315,0.0168083413060246,-4.64460040123922e-05,"Jay Tufele","CIN","DL",2022
"1227","00-0033863",639,-0.000511489711766409,0.0163188502072013,-4.64990647060371e-05,"Dan Skipper","DET","OL",2022
"1228","00-0034251",752,-0.00051318989401882,0.0171720032991811,-4.66536267289837e-05,"Daniel Ekuale","NE","DL",2022
"1229","00-0036852",1697,-0.000514940936649042,0.0175618565525561,-4.68128124226402e-05,"D'Ante Smith","CIN","OL",2022
"1230","00-0031361",232,-0.000515321092385872,0.0162747442064274,-4.68473720350793e-05,"Christian Kirksey","HOU","LB",2022
"1231","00-0033872",644,-0.000517161901941781,0.0177756547378305,-4.70147183583438e-05,"Jamal Adams","SEA","DB",2022
"1232","00-0034838",951,-0.000520486120784039,0.0165777853089102,-4.73169200712763e-05,"Royce Freeman","HOU","RB",2022
"1233","00-0034400",824,-0.000521858494732477,0.016606473161557,-4.74416813393161e-05,"Jordan Wilkins","IND","RB",2022
"1234","00-0035857",1271,-0.000521929100219612,0.0172196975323428,-4.74481000199648e-05,"Chris Williams","IND","DL",2022
"1235","00-0035698",1234,-0.00052304407411407,0.0169902893914059,-4.75494612830973e-05,"Chuma Edoga","ATL","OL",2022
"1236","00-0034376",807,-0.000523190755547727,0.0161582922253265,-4.75627959588843e-05,"Taron Johnson","BUF","DB",2022
"1237","00-0034168",738,-0.000525184662238804,0.0173921595896957,-4.77440602035276e-05,"Hunter Bradley","ARI","LS",2022
"1238","00-0029261",90,-0.000528572923274826,0.0168505966650005,-4.8052083934075e-05,"Casey Hayward","ATL","DB",2022
"1239","00-0036661",1648,-0.000528786636562807,0.0168207959684902,-4.80715124148006e-05,"Israel Mukuamu","DAL","DB",2022
"1240","00-0030511",165,-0.000537683228968848,0.0174330150405869,-4.88802935426226e-05,"Brandon Williams","KC","DL",2022
"1241","00-0035000",1003,-0.000539627201341043,0.016869184273781,-4.90570183037312e-05,"Quinton Bell","ATL","LB",2022
"1242","00-0037293",1951,-0.000539814452039869,0.0177510027990931,-4.90740410945336e-05,"Devin Harper","DAL","LB",2022
"1243","00-0033963",705,-0.000541673828840859,0.0168363807796432,-4.9243075349169e-05,"Tanzel Smart","NYJ","DL",2022
"1244","00-0037412",2007,-0.000552137594030155,0.0178028712667806,-5.01943267300141e-05,"Cal Adomitis","CIN","LS",2022
"1245","00-0037240",1904,-0.000554191786156972,0.0165363354241323,-5.03810714688156e-05,"Jameson Williams","DET","WR",2022
"1246","00-0034730",896,-0.000555450364908278,0.0172289080296312,-5.04954877189344e-05,"Marcell Harris","NYJ","LB",2022
"1247","00-0032087",323,-0.000561158920554865,0.0169356966160481,-5.10144473231695e-05,"Josh Lambo","TEN","K",2022
"1248","00-0034401",825,-0.000564569685203004,0.0170781165015951,-5.13245168366367e-05,"Mike White","NYJ","QB",2022
"1249","00-0030663",174,-0.000566450917215282,0.0168998764731896,-5.1495537928662e-05,"Willie Snead","SF","WR",2022
"1250","00-0037663",2080,-0.000567275145169887,0.0169212264596332,-5.1570467742717e-05,"Jermaine Johnson","NYJ","DL",2022
"1251","00-0033540",579,-0.000567960843000713,0.0177193370443174,-5.16328039091557e-05,"Takkarist McKinley","DAL","DL",2022
"1252","00-0037420",2009,-0.000568368324443744,0.0162033114260856,-5.1669847676704e-05,"Kwamie Lassiter","CIN","WR",2022
"1253","00-0036241",1393,-0.00056939441798347,0.0169407302187227,-5.17631289075882e-05,"Bryce Hall","NYJ","DB",2022
"1254","00-0034500",855,-0.000575712314724516,0.0173129536482924,-5.23374831567741e-05,"Tae Davis","CLE","LB",2022
"1255","00-0036894",1729,-0.000577224993771817,0.0165398961897815,-5.24749994338015e-05,"Pat Freiermuth","PIT","TE",2022
"1256","00-0034867",964,-0.000587858021607738,0.0167177031382691,-5.34416383279762e-05,"Malik Turner","HOU","WR",2022
"1257","00-0029664",114,-0.000596143073930434,0.017991959035898,-5.41948249027667e-05,"Josh Gordon","TEN","WR",2022
"1258","00-0033303",541,-0.000596275231544054,0.0166132398431682,-5.42068392312776e-05,"Harrison Butker","KC","K",2022
"1259","00-0037488",2025,-0.000602435640692148,0.0172392199654121,-5.47668764265589e-05,"Nolan Turner","TB","DB",2022
"1260","00-0037348",1986,-0.000605194803648692,0.0164559304321582,-5.50177094226084e-05,"Tanner Conner","MIA","WR",2022
"1261","00-0030279",149,-0.000605699744008314,0.0164942726866946,-5.50636130916649e-05,"Keenan Allen","LAC","WR",2022
"1262","00-0031852",298,-0.000606225150043769,0.0166797165757339,-5.51113772767063e-05,"David Andrews","NE","OL",2022
"1263","00-0036928",1758,-0.000610154078432208,0.0170290195802838,-5.54685525847462e-05,"Kyle Trask","TB","QB",2022
"1264","00-0033072",493,-0.000621377984203626,0.0166096722671892,-5.64889076548751e-05,"Leonard Floyd","LA","LB",2022
"1265","00-0032062",319,-0.000623662872437661,0.0168660010565571,-5.66966247670601e-05,"Blake Bell","KC","TE",2022
"1266","00-0034721",893,-0.000623742031509136,0.0161957921281655,-5.67038210462851e-05,"Corey Bojorquez","CLE","P",2022
"1267","00-0035142",1029,-0.000635449846016555,0.0168736778480814,-5.77681678196868e-05,"Ugochukwu Amadi","KC","DB",2022
"1268","00-0034318",773,-0.000636490363707189,0.0164392524881504,-5.78627603370172e-05,"Henry Mondeaux","NYG","DL",2022
"1269","00-0036295",1434,-0.000644354471136451,0.0167227347900338,-5.85776791942228e-05,"Matt Hennessy","ATL","OL",2022
"1270","00-0036457",1550,-0.000646470315026996,0.0167208917034505,-5.87700286388178e-05,"Ty'Son Williams","ARI","RB",2022
"1271","00-0031136",204,-0.000646759108648697,0.0172025902173472,-5.8796282604427e-05,"Chris Boswell","PIT","K",2022
"1272","00-0035412",1141,-0.000648963826303986,0.0163509040252868,-5.89967114821806e-05,"Andrew Dowell","NO","LB",2022
"1273","00-0035542",1163,-0.000651392959842383,0.0170216214409316,-5.9217541803853e-05,"Kemon Hall","LAC","DB",2022
"1274","00-0037384",1998,-0.000651416883343578,0.0169864360917483,-5.9219716667598e-05,"Ja'Quan McMillian","DEN","DB",2022
"1275","00-0037818",2119,-0.000651667281504147,0.0165146465194056,-5.92424801367406e-05,"Zion Johnson","LAC","OL",2022
"1276","00-0035881",1277,-0.000651704061466067,0.0167843956746659,-5.92458237696425e-05,"Yasir Durant","NO","OL",2022
"1277","00-0034162",734,-0.000652908567722311,0.0167454965419455,-5.93553243383919e-05,"J.K. Scott","LAC","P",2022
"1278","00-0033132",517,-0.00065567392562289,0.0163698142472298,-5.96067205111718e-05,"Kevin Byard","TEN","DB",2022
"1279","00-0032156",342,-0.000664865532439637,0.0179231982405424,-6.04423211308761e-05,"Trevor Siemian","CHI","QB",2022
"1280","00-0034831",946,-0.000677856615748402,0.0163672510853524,-6.16233287044002e-05,"Rasheem Green","HOU","DL",2022
"1281","00-0033107",504,-0.000678697932646044,0.016902532726888,-6.16998120587313e-05,"William Jackson","PIT","DB",2022
"1282","00-0026197",19,-0.000681716714853171,0.0162760674468726,-6.19742468048337e-05,"Chad Henne","KC","QB",2022
"1283","00-0036313",1448,-0.000688415630500088,0.0173550053795177,-6.25832391363716e-05,"Braden Mann","NYJ","P",2022
"1284","00-0027723",38,-0.000692680675652932,0.0163067231757609,-6.29709705139029e-05,"Al Woods","SEA","DL",2022
"1285","00-0036943",1770,-0.000694027400754927,0.0168928188751011,-6.30934000686297e-05,"Mitchell Fraboni","DEN","LS",2022
"1286","00-0035026",1008,-0.000699691039884536,0.0168435707467532,-6.36082763531396e-05,"Kevin Givens","SF","DL",2022
"1287","00-0033296",537,-0.000703826937369834,0.0174298164590745,-6.39842670336213e-05,"Alex Armah","WAS","RB",2022
"1288","00-0034657",880,-0.000709540715830679,0.0162197542330306,-6.45037014391526e-05,"Matt Dickerson","ATL","DL",2022
"1289","00-0037602",2060,-0.000712051129051112,0.0168815500242747,-6.47319208228284e-05,"Sam Okuayinonu","TEN","DL",2022
"1290","00-0037517",2033,-0.000716708373560679,0.0169940782504067,-6.51553066873344e-05,"Luke Masterson","LV","LB",2022
"1291","00-0026968",26,-0.000718711668389709,0.0168697282020919,-6.53374243990645e-05,"Ryan Succop","TB","K",2022
"1292","00-0033073",494,-0.000724780008372984,0.0160043402412204,-6.58890916702713e-05,"Emmanuel Ogbah","MIA","DL",2022
"1293","00-0033930",690,-0.000726041177980497,0.016580732158882,-6.60037434527724e-05,"Cameron Sutton","PIT","DB",2022
"1294","00-0036425",1536,-0.000727684988772498,0.0169965022052273,-6.61531807974998e-05,"DeeJay Dallas","SEA","RB",2022
"1295","00-0035413",1142,-0.000731110936335192,0.0162604046896575,-6.64646305759266e-05,"Luke Gifford","DAL","LB",2022
"1296","00-0037055",1837,-0.000736611463682477,0.0162885613295057,-6.69646785165888e-05,"Lance McCutcheon","LA","WR",2022
"1297","00-0036558",1583,-0.000745761365473069,0.0171890091794459,-6.7796487770279e-05,"Daviyon Nixon","SEA","DL",2022
"1298","00-0036371",1494,-0.000745790027044009,0.0164218967898232,-6.77990933676371e-05,"Leki Fotu","ARI","DL",2022
"1299","00-0036905",1740,-0.000748373079211396,0.0163050274676079,-6.80339162919451e-05,"Larry Borom","CHI","OL",2022
"1300","00-0034372",803,-0.000748529466949767,0.0171219300325626,-6.80481333590697e-05,"Joel Iyiegbuniwe","CAR","LB",2022
"1301","00-0034941",975,-0.000749466383309508,0.0167349743103408,-6.81333075735916e-05,"Mitch Wishnowsky","SF","P",2022
"1302","00-0037263",1927,-0.000754282365774388,0.017015661239412,-6.8571124161308e-05,"Tyler Allgeier","ATL","RB",2022
"1303","00-0033888",658,-0.000756182769935937,0.0167014834213706,-6.87438881759943e-05,"Ryan Ramczyk","NO","OL",2022
"1304","00-0034846",956,-0.000758482291751839,0.017307001915438,-6.89529356138036e-05,"Shaquille Leonard","IND","LB",2022
"1305","00-0033297",538,-0.00075871097023146,0.0156264577072575,-6.89737245664964e-05,"D.J. Jones","DEN","DL",2022
"1306","00-0032560",417,-0.000759380419019975,0.0177132982858781,-6.90345835472705e-05,"Charles Washington","ARI","DB",2022
"1307","00-0032150",340,-0.000763272133292676,0.0161416946422626,-6.93883757538796e-05,"Steven Nelson","HOU","DB",2022
"1308","00-0028845",74,-0.000764036791610601,0.0167230354374611,-6.94578901464183e-05,"Josh Harris","LAC","LS",2022
"1309","00-0034387",815,-0.000764365005026678,0.0157497638014918,-6.9487727729698e-05,"Bilal Nichols","LV","DL",2022
"1310","00-0037046",1834,-0.000765731301503297,0.0169570491644952,-6.96119365002997e-05,"Donovan Jeter","WAS","DL",2022
"1311","00-0032773",443,-0.000772929737608923,0.0168807585216689,-7.02663397826294e-05,"Nick Kwiatkoski","ATL","LB",2022
"1312","00-0038142",2195,-0.000773678489790545,0.0183877892251114,-7.03344081627768e-05,"David Ojabo","BAL","LB",2022
"1313","00-0028908",77,-0.000776990647984951,0.0160261369766094,-7.06355134531774e-05,"Michael Thomas","CIN","DB",2022
"1314","00-0036139",1339,-0.000793579671998031,0.0176381170603274,-7.21436065452756e-05,"Rico Dowdle","DAL","RB",2022
"1315","00-0034812",937,-0.00079690759108259,0.0172730044623697,-7.24461446438718e-05,"Travin Howard","LA","LB",2022
"1316","00-0035525",1154,-0.0007971287885769,0.0163640243602838,-7.24662535069909e-05,"Devin Bush","PIT","LB",2022
"1317","00-0033898",667,-0.000797987754791805,0.0166030903251914,-7.25443413447095e-05,"Justin Evans","NO","DB",2022
"1318","00-0032135",333,-0.000802957751800817,0.0167722070899346,-7.29961592546198e-05,"Jesse James","CLE","TE",2022
"1319","00-0029061",83,-0.000803358615185165,0.0167118201535138,-7.30326013804696e-05,"Julian Stanford","DET","LB",2022
"1320","00-0036859",1704,-0.000803805143664849,0.0174738369922741,-7.30731948786227e-05,"Jimmy Morrissey","HOU","OL",2022
"1321","00-0036974",1793,-0.000811301928917728,0.0163165441215492,-7.37547208107026e-05,"Tyson Campbell","JAX","DB",2022
"1322","00-0038092",2153,-0.000811776726560081,0.0174463041500905,-7.37978842327346e-05,"Erik Ezukanma","MIA","WR",2022
"1323","00-0036188",1359,-0.000816861667149348,0.0171546437712801,-7.42601515590316e-05,"Antonio Williams","NYG","RB",2022
"1324","00-0037665",2082,-0.000821832563240826,0.0166811202361201,-7.47120512037115e-05,"Sam Williams","DAL","DL",2022
"1325","00-0031382",240,-0.000827510377045183,0.0168036313184468,-7.52282160950167e-05,"Jarvis Landry","NO","WR",2022
"1326","00-0034957",980,-0.000833851939790868,0.0170334658038021,-7.58047217991698e-05,"Calvin Anderson","DEN","OL",2022
"1327","00-0036314",1449,-0.000837135424612838,0.0168656255907347,-7.61032204193489e-05,"Markus Bailey","CIN","LB",2022
"1328","00-0033659",611,-0.000840838449002313,0.0170143623896594,-7.64398590002103e-05,"Joseph Jones","TEN","LB",2022
"1329","00-0036364",1487,-0.00084488965484369,0.0173231094556796,-7.68081504403355e-05,"Lynn Bowden","NE","RB",2022
"1330","00-0036569",1591,-0.000851352422583916,0.0164091120202677,-7.7395674780356e-05,"Gary Brightwell","NYG","RB",2022
"1331","00-0034354",789,-0.000855099914149769,0.0164069261945688,-7.77363558317972e-05,"Kemoko Turay","SF","DL",2022
"1332","00-0031364",235,-0.000855838084464034,0.0164992163710844,-7.78034622240031e-05,"Jadeveon Clowney","CLE","DL",2022
"1333","00-0036626",1618,-0.000857093838242126,0.016734467295123,-7.79176216583751e-05,"Dyami Brown","WAS","WR",2022
"1334","00-0036354",1479,-0.000858175695691704,0.0174343707265515,-7.80159723356095e-05,"Kyle Hinton","MIN","OL",2022
"1335","00-0037077",1845,-0.000858416588698699,0.017554457575947,-7.80378716998817e-05,"Sam Howell","WAS","QB",2022
"1336","00-0035890",1279,-0.000860544088813386,0.0170959095983972,-7.82312808012169e-05,"Tershawn Wharton","KC","DL",2022
"1337","00-0030041",132,-0.000861440754028919,0.0177615401781824,-7.83127958208108e-05,"Nickell Robey","LV","DB",2022
"1338","00-0038111",2170,-0.00086233865132453,0.0167009115306411,-7.83944228476846e-05,"Kyler Gordon","CHI","DB",2022
"1339","00-0037406",2006,-0.000863195642259186,0.0172803427009374,-7.84723311144714e-05,"Sterling Weatherford","CHI","LB",2022
"1340","00-0034728",895,-0.000864504434401635,0.0159143947522857,-7.85913122183304e-05,"Jaire Alexander","GB","DB",2022
"1341","00-0035265",1084,-0.000865645928616564,0.0174575680680365,-7.86950844196876e-05,"John Cominsky","DET","DL",2022
"1342","00-0035544",1164,-0.000866305078937343,0.0173455024714975,-7.87550071761221e-05,"Tom Kennedy","DET","WR",2022
"1343","00-0034683",890,-0.000868926108920351,0.0169244481630912,-7.89932826291228e-05,"Darius Phillips","DEN","DB",2022
"1344","00-0037308",1964,-0.000869453358628878,0.0172804318357874,-7.90412144208071e-05,"Lecitus Smith","ARI","OL",2022
"1345","00-0037051",1835,-0.000869840848742003,0.0169489246170242,-7.90764407947275e-05,"Elijah Garcia","DEN","DL",2022
"1346","00-0033940",694,-0.000873865752099954,0.0169704805340227,-7.94423410999959e-05,"Jaleel Johnson","ATL","DL",2022
"1347","00-0028008",62,-0.000880098572956284,0.0166428975785746,-8.0008961177844e-05,"Justin Houston","BAL","LB",2022
"1348","00-0037260",1924,-0.000880984205033443,0.0166671930065551,-8.00894731848585e-05,"D.J. Davidson","NYG","DL",2022
"1349","00-0037329",1979,-0.000881292973033279,0.017716449187662,-8.01175430030254e-05,"Brittain Brown","LV","RB",2022
"1350","00-0033125",514,-0.000884875899659383,0.0169275219034323,-8.04432636053984e-05,"Joe Schobert","TEN","LB",2022
"1351","00-0036493",1558,-0.00089018629333127,0.0170162896393282,-8.09260266664791e-05,"Deon Jackson","IND","RB",2022
"1352","00-0033907",674,-0.000890388286928546,0.0166647233240211,-8.09443897207769e-05,"Dawuane Smoot","JAX","DL",2022
"1353","00-0036555",1580,-0.000892550146695893,0.0171557124317255,-8.11409224268994e-05,"Chuba Hubbard","CAR","RB",2022
"1354","00-0037830",2129,-0.000894373597321252,0.0166903312655379,-8.13066906655684e-05,"Samuel Womack","SF","DB",2022
"1355","00-0031362",233,-0.000895427864413086,0.0163793566663865,-8.14025331284624e-05,"Trai Turner","WAS","OL",2022
"1356","00-0035806",1261,-0.000898402810448475,0.0166572263107846,-8.16729827680431e-05,"Jamycal Hasty","JAX","RB",2022
"1357","00-0036280",1422,-0.000900456619234405,0.0163059334309165,-8.18596926576732e-05,"Malik Harrison","BAL","LB",2022
"1358","00-0035286",1096,-0.000901737592258399,0.0157780397339877,-8.19761447507636e-05,"Cole Holcomb","WAS","LB",2022
"1359","00-0033051",484,-0.000902109864699157,0.0165081715129129,-8.20099876999233e-05,"David Onyemata","NO","DL",2022
"1360","00-0035594",1172,-0.000905294797674562,0.0171568552785507,-8.22995270613238e-05,"Travis Homer","SEA","RB",2022
"1361","00-0035363",1126,-0.000907578776452219,0.017127430416904,-8.25071614956562e-05,"Joe Giles-Harris","BUF","LB",2022
"1362","00-0031130",203,-0.000912242591388269,0.0174834966345625,-8.29311446716608e-05,"Christian Jones","SEA","LB",2022
"1363","00-0033580",602,-0.000914331587680366,0.0163438716213271,-8.31210534254878e-05,"Tanner Vallejo","ARI","LB",2022
"1364","00-0035790",1258,-0.000915117771124078,0.01681151985198,-8.31925246476434e-05,"Ray Wilborn","DEN","LB",2022
"1365","00-0037633",2073,-0.000920373926319697,0.0173369525962948,-8.36703569381542e-05,"Jake Hummel","LA","LB",2022
"1366","00-0035705",1239,-0.000925118706302405,0.0164455777117967,-8.41017005729459e-05,"Jalen Thompson","ARI","DB",2022
"1367","00-0035263",1082,-0.000927018935992,0.0171895168357148,-8.42744487265455e-05,"Wes Martin","WAS","OL",2022
"1368","00-0038122",2181,-0.00094414303133052,0.0163947284348246,-8.58311846664109e-05,"Desmond Ridder","ATL","QB",2022
"1369","00-0036032",1315,-0.000944963297924732,0.015805966381175,-8.59057543567938e-05,"Sean McKeon","DAL","TE",2022
"1370","00-0036223",1380,-0.00094683651503849,0.0171380376400168,-8.60760468216809e-05,"Jonathan Taylor","IND","RB",2022
"1371","00-0037008",1825,-0.000949776789737449,0.016293005125329,-8.63433445215863e-05,"Ambry Thomas","SF","DB",2022
"1372","00-0034787",920,-0.000957118398928561,0.0157579515207163,-8.70107635389601e-05,"Chris Board","DET","LB",2022
"1373","00-0036664",1650,-0.000959793304083939,0.0171956096403312,-8.72539367349036e-05,"William Bradley-King","WAS","DL",2022
"1374","00-0036336",1466,-0.000965131932136625,0.016935681272995,-8.7739266557875e-05,"Anthony McFarland","PIT","RB",2022
"1375","00-0033300",539,-0.000967464306120457,0.0167644186463545,-8.79513005564052e-05,"Conor McDermott","NE","OL",2022
"1376","00-0034417",830,-0.000974428421995483,0.0171399582097879,-8.85844019995894e-05,"Matt Pryor","IND","OL",2022
"1377","00-0035910",1285,-0.000982893288813224,0.0171795908071852,-8.93539353466567e-05,"T.J. Smith","MIN","DL",2022
"1378","00-0035276",1091,-0.000989632788063977,0.0166663869222901,-8.99666170967252e-05,"Blake Cashman","HOU","LB",2022
"1379","00-0030757",179,-0.000990806642055245,0.0166210450250433,-9.00733310959313e-05,"Mike Pennel","CHI","DL",2022
"1380","00-0031911",304,-0.000996727551465818,0.0167617788121133,-9.06115955878017e-05,"Rick Lovato","PHI","LS",2022
"1381","00-0037708",2086,-0.000997925262181631,0.0177640585437737,-9.07204783801483e-05,"Maurice Alexander","DET","WR",2022
"1382","00-0032768",441,-0.00100670499828615,0.0156853073323602,-9.1518636207832e-05,"Cody Whitehair","CHI","OL",2022
"1383","00-0034987",995,-0.00100952814239752,0.0168300711622838,-9.17752856725016e-05,"E.J. Speed","IND","LB",2022
"1384","00-0038046",2150,-0.00101287416843148,0.0168585627229486,-9.20794698574071e-05,"Charlie Kolar","BAL","TE",2022
"1385","00-0029255",89,-0.00101652016841883,0.0164540645422305,-9.24109244017114e-05,"Bobby Wagner","LA","LB",2022
"1386","00-0029008",82,-0.00101691678562763,0.0174857014281489,-9.24469805116024e-05,"Charley Hughlett","CLE","LS",2022
"1387","00-0036604",1604,-0.00101838442681284,0.0170174722537695,-9.25804024375305e-05,"Jordan Meredith","LV","OL",2022
"1388","00-0031800",296,-0.00102079399630553,0.0168515170290289,-9.27994542095937e-05,"Taylor Heinicke","WAS","QB",2022
"1389","00-0035625",1180,-0.001032833518144,0.0163252044120295,-9.3893956194909e-05,"Juan Thornhill","KC","DB",2022
"1390","00-0035752",1248,-0.00103647588962556,0.0166060409653409,-9.42250808750511e-05,"Chris Streveler","NYJ","QB",2022
"1391","00-0036635",1626,-0.00104055054714044,0.0163469091052027,-9.45955042854943e-05,"Ihmir Smith-Marsette","KC","WR",2022
"1392","00-0036395",1510,-0.00104091158592898,0.0163786404314002,-9.46283259935438e-05,"K'Von Wallace","PHI","DB",2022
"1393","00-0037141",1872,-0.00104192337046889,0.0170921191821445,-9.47203064062626e-05,"Joey Blount","SEA","DB",2022
"1394","00-0037395",2003,-0.00104353258929953,0.0166158958076046,-9.48665990272303e-05,"Dallis Flowers","IND","DB",2022
"1395","00-0036534",1572,-0.00104427412188519,0.016043561706724,-9.49340110804716e-05,"Shane Zylstra","DET","TE",2022
"1396","00-0030869",184,-0.00104457173165093,0.0167695593428797,-9.49610665137209e-05,"Tyler Larsen","WAS","OL",2022
"1397","00-0034991",997,-0.00104839004859584,0.0175128598707941,-9.53081862359859e-05,"Drew Forbes","CLE","OL",2022
"1398","00-0033725",619,-0.00104959169018136,0.0164260626938116,-9.54174263801237e-05,"Corey Clement","ARI","RB",2022
"1399","00-0034091",719,-0.00105061152655514,0.0162951951924898,-9.55101387777403e-05,"George Odum","SF","DB",2022
"1400","00-0036977",1796,-0.0010573879615332,0.0170170404796117,-9.61261783211998e-05,"Ben Cleveland","BAL","OL",2022
"1401","00-0036628",1620,-0.00106263448468646,0.0164379535787742,-9.66031349714964e-05,"John Bates","WAS","TE",2022
"1402","00-0036367",1490,-0.00106581609961134,0.0174164299313804,-9.68923726919398e-05,"Lucas Niang","KC","OL",2022
"1403","00-0037537",2038,-0.0010711554119391,0.017273757464582,-9.73777647217362e-05,"Lewis Kidd","NO","OL",2022
"1404","00-0037274",1937,-0.00107158458567518,0.0170817931063059,-9.74167805159255e-05,"Esezi Otomewo","MIN","DL",2022
"1405","00-0031353",229,-0.00107358405468384,0.0165177805506834,-9.75985504258041e-05,"Michael Schofield","CHI","OL",2022
"1406","00-0034438",841,-0.00107552454853701,0.0169697258008264,-9.77749589579097e-05,"Logan Woodside","ATL","QB",2022
"1407","00-0037581",2053,-0.00107579383341335,0.0170718290992544,-9.7799439401214e-05,"Stanley Berryhill","DET","WR",2022
"1408","00-0037061",1839,-0.0010771158208884,0.0170894902478471,-9.79196200807632e-05,"De'Shaan Dixon","JAX","LB",2022
"1409","00-0036503",1563,-0.00108004414161936,0.0171964496924655,-9.81858310563053e-05,"Hamsah Nasirildeen","NYJ","LB",2022
"1410","00-0035689",1227,-0.00108092823685276,0.0167713077608522,-9.82662033502509e-05,"Dawson Knox","BUF","TE",2022
"1411","00-0037205",1893,-0.00108179120137946,0.0164378774397825,-9.83446546708604e-05,"Brenden Schooler","NE","DB",2022
"1412","00-0037664",2081,-0.00108252368195424,0.0166336037990318,-9.84112438140214e-05,"Alec Pierce","IND","WR",2022
"1413","00-0037843",2139,-0.00108314151522873,0.0166881136330199,-9.84674104753395e-05,"Daniel Hardy","LA","LB",2022
"1414","00-0032892",456,-0.00108968274795213,0.016997308246292,-9.90620679956481e-05,"Nick Vigil","ARI","LB",2022
"1415","00-0037354",1988,-0.00109005540419376,0.0164596937608822,-9.9095945835796e-05,"Verone McKinley","MIA","DB",2022
"1416","00-0037842",2138,-0.0010975664838632,0.0162645231774182,-9.9778771260291e-05,"Derion Kendrick","LA","DB",2022
"1417","00-0037251",1915,-0.00109891240587782,0.0163715122645286,-9.99011278070742e-05,"Alex Wright","CLE","DL",2022
"1418","00-0034780",917,-0.00109993171697581,0.016866909390548,-9.99937924523464e-05,"Isaac Yiadom","NO","DB",2022
"1419","00-0036637",1628,-0.00110154948951671,0.0168699931762052,-0.000100140862683337,"Noah Gray","KC","TE",2022
"1420","00-0033544",582,-0.00110432547779402,0.0169847744925597,-0.000100393225254001,"Quincy Wilson","PIT","DB",2022
"1421","00-0036985",1802,-0.00110819674544846,0.0162372185904544,-0.000100745158677133,"Robert Hainsey","TB","OL",2022
"1422","00-0034816",939,-0.00111088644197253,0.0170793669245795,-0.000100989676542957,"Ronald Jones","KC","RB",2022
"1423","00-0035118",1022,-0.00111524181888151,0.0171290685394568,-0.000101385619898319,"Matt Orzech","LA","LS",2022
"1424","00-0037606",2062,-0.00112135907873637,0.0178648304196992,-0.000101941734430579,"Caleb Shudak","TEN","K",2022
"1425","00-0037570",2049,-0.0011285964236677,0.016861934105183,-0.000102599674878882,"Dennis Houston","DAL","WR",2022
"1426","00-0036850",1695,-0.00113036067331686,0.0163636783251268,-0.000102760061210624,"Cam Sample","CIN","DL",2022
"1427","00-0022824",4,-0.00113356968376329,0.0172743205774936,-0.000103051789433026,"Andy Lee","ARI","P",2022
"1428","00-0034073",716,-0.00114184485666564,0.0153893316901957,-0.000103804077878694,"Ross Dwelley","SF","TE",2022
"1429","00-0031484",253,-0.00114292185364653,0.0167659880618916,-0.000103901986695139,"Chris Manhertz","JAX","TE",2022
"1430","00-0034930",974,-0.00115331175468207,0.0175010885616904,-0.000104846523152916,"Trinity Benson","DET","WR",2022
"1431","00-0035787",1257,-0.00115530281422962,0.0162707399250825,-0.000105027528566329,"Jared Pinkney","LA","TE",2022
"1432","00-0032389",382,-0.00115713500976032,0.017160231688199,-0.000105194091796392,"Mackensie Alexander","DAL","DB",2022
"1433","00-0034335",778,-0.00118149771635673,0.0165337533198485,-0.000107408883305157,"Marcus Allen","PIT","LB",2022
"1434","00-0034505",857,-0.00118540272745972,0.0173145081639562,-0.00010776388431452,"Ike Boettger","BUF","OL",2022
"1435","00-0032399",388,-0.00118583726448988,0.0169074293119688,-0.000107803387680898,"Miles Killebrew","PIT","DB",2022
"1436","00-0032437",402,-0.00118785101580767,0.0170878250563227,-0.000107986455982515,"Kamu Grugier-Hill","ARI","LB",2022
"1437","00-0036614",1606,-0.00118886562494392,0.0173747059925567,-0.00010807869317672,"Jamin Davis","WAS","LB",2022
"1438","00-0037356",1990,-0.00119179806035738,0.0169621604673757,-0.000108345278214308,"Ben Stille","CLE","DL",2022
"1439","00-0035638",1189,-0.00119775366961791,0.016517819859087,-0.000108886697237992,"Greedy Williams","CLE","DB",2022
"1440","00-0038097",2158,-0.00120638766266823,0.0167822827143679,-0.000109671605697112,"Cade York","CLE","K",2022
"1441","00-0036941",1768,-0.00120878041536069,0.0161719106499146,-0.000109889128669153,"Andre Cisco","JAX","DB",2022
"1442","00-0037112",1866,-0.00121464494084511,0.0182295936230937,-0.000110422267349556,"Jake Tonges","CHI","TE",2022
"1443","00-0027944",50,-0.00121592736843887,0.0165352280909495,-0.000110538851676261,"Julio Jones","TB","WR",2022
"1444","00-0034825",942,-0.001219318976166,0.0165305654852701,-0.000110847179651454,"Arden Key","JAX","LB",2022
"1445","00-0035533",1159,-0.00122901699533287,0.0168350006565126,-0.000111728817757533,"Ryan Connelly","MIN","LB",2022
"1446","00-0034751",900,-0.0012319790975797,0.0173718740186484,-0.000111998099779973,"Josh Jackson","ARI","DB",2022
"1447","00-0031806",297,-0.00123601886970201,0.0162848895584246,-0.000112365351791092,"Malcolm Brown","LA","RB",2022
"1448","00-0029193",86,-0.0012366247668567,0.0164706982074136,-0.000112420433350609,"Bruce Irvin","SEA","LB",2022
"1449","00-0037236",1900,-0.00123949402566577,0.0168672552913013,-0.000112681275060524,"Aidan Hutchinson","DET","DL",2022
"1450","00-0036228",1383,-0.00124112190320463,0.0173467067221519,-0.000112829263927694,"Dezmon Patmon","BUF","WR",2022
"1451","00-0036970",1789,-0.00124193410803764,0.0161501040028601,-0.000112903100730695,"Kyle Pitts","ATL","TE",2022
"1452","00-0036921",1753,-0.00124353704226216,0.0168320116581457,-0.000113048822023833,"Tarron Jackson","PHI","DL",2022
"1453","00-0032403",391,-0.00124416058494724,0.017798904097247,-0.000113105507722476,"Juston Burris","CAR","DB",2022
"1454","00-0036570",1592,-0.00125047173686234,0.0169286538023501,-0.000113679248805668,"Rodarius Williams","NYG","DB",2022
"1455","00-0036902",1737,-0.00125302877797448,0.0171586041026455,-0.000113911707088589,"Joseph Ossai","CIN","DL",2022
"1456","00-0033681",614,-0.00126020353636541,0.0161646061717963,-0.000114563957851401,"Keelan Cole","LV","WR",2022
"1457","00-0036465",1552,-0.00126197110768402,0.0169464755453723,-0.000114724646153093,"Aaron Patrick","DEN","LB",2022
"1458","00-0035695",1231,-0.00126375923016441,0.0170876987350857,-0.000114887202742219,"Trayvon Mullen","DAL","DB",2022
"1459","00-0034726",894,-0.0012678576597102,0.0174482911915987,-0.000115259787246382,"Dallin Leavitt","GB","DB",2022
"1460","00-0034163",735,-0.00128011802801889,0.0166683073165649,-0.000116374366183535,"Jake Martin","DEN","DL",2022
"1461","00-0035669",1212,-0.00128409601261979,0.0162174767160794,-0.000116736001147253,"Nick Scott","LA","DB",2022
"1462","00-0036986",1803,-0.0012841797447591,0.0167671801845428,-0.000116743613159918,"Nahshon Wright","DAL","DB",2022
"1463","00-0036247",1396,-0.00128607565978669,0.0165715111403448,-0.000116915969071518,"Freddie Swain","DEN","WR",2022
"1464","00-0030513",166,-0.00128663732407636,0.0176474721249763,-0.000116967029461487,"Latavius Murray","DEN","RB",2022
"1465","00-0034646",879,-0.00129050397299967,0.016416254211621,-0.00011731854299997,"Brandon Powell","LA","WR",2022
"1466","00-0037009",1826,-0.00129061278570593,0.0173206076547564,-0.000117328435064175,"Rashawn Slater","LAC","OL",2022
"1467","00-0026544",23,-0.00129422294427075,0.0173484289775477,-0.000117656631297341,"Chase Daniel","LAC","QB",2022
"1468","00-0036554",1579,-0.00129614070921974,0.0172362095464111,-0.000117830973565431,"Nico Collins","HOU","WR",2022
"1469","00-0038042",2147,-0.0012962776332386,0.0162941469686786,-0.00011784342120351,"Jake Camarda","TB","P",2022
"1470","00-0036704",1662,-0.00131695693334732,0.01663821335522,-0.000119723357577029,"Caleb Johnson","JAX","LB",2022
"1471","00-0034623",877,-0.00131931350498615,0.0167586230936355,-0.000119937591362377,"Andre Chachere","PHI","DB",2022
"1472","00-0036226",1382,-0.00132153095913292,0.0170335865781579,-0.000120139178102993,"Jacob Eason","SF","QB",2022
"1473","00-0027973",58,-0.00132296693799175,0.0165976330835053,-0.000120269721635614,"Andy Dalton","NO","QB",2022
"1474","00-0031923",306,-0.00132763711150165,0.0169435848060864,-0.000120694282863787,"Greg Mancz","BUF","OL",2022
"1475","00-0036167",1352,-0.00132812454613067,0.0158793690710048,-0.000120738595102788,"Tae Crowder","PIT","LB",2022
"1476","00-0036841",1687,-0.00133010512968757,0.0172050819195416,-0.000120918648153415,"Austin Trammell","LA","WR",2022
"1477","00-0036936",1764,-0.00133523444749976,0.0173986361476636,-0.000121384949772706,"Rondale Moore","ARI","WR",2022
"1478","00-0031417",248,-0.00133621755094404,0.0170235485951076,-0.000121474322813095,"Ja'Wuan James","BAL","OL",2022
"1479","00-0036560",1585,-0.00133747151480085,0.0165575748179862,-0.00012158831952735,"Tommy Doyle","BUF","OL",2022
"1480","00-0035665",1208,-0.00134158162148045,0.0166390501503512,-0.000121961965589132,"David Long","LA","DB",2022
"1481","00-0030761",180,-0.00134418846369891,0.0161066452470891,-0.000122198951245356,"Joe Thomas","CHI","LB",2022
"1482","00-0035262",1081,-0.00135044543206333,0.0157845079165354,-0.000122767766551212,"Drue Tranquill","LAC","LB",2022
"1483","00-0036993",1810,-0.0013615693676844,0.0170103635567599,-0.000123779033425855,"Ifeatu Melifonwu","DET","DB",2022
"1484","00-0035633",1186,-0.0013655895861676,0.0166256364372836,-0.000124144507833418,"Corey Ballentine","GB","DB",2022
"1485","00-0035985",1304,-0.00138074798807098,0.0169686075083012,-0.000125522544370089,"David Moa","LAC","DL",2022
"1486","00-0038120",2179,-0.00138160490770733,0.0171866899715973,-0.000125600446155212,"Breece Hall","NYJ","RB",2022
"1487","00-0036077",1324,-0.0013828787599886,0.0171724805106629,-0.000125716250908055,"Juju Hughes","ARI","DB",2022
"1488","00-0033551",589,-0.00139119798286835,0.0159131825664455,-0.000126472543897123,"Rasul Douglas","GB","DB",2022
"1489","00-0036596",1602,-0.00139218868348868,0.016718702945452,-0.00012656260758988,"Robert Jones","MIA","OL",2022
"1490","00-0029681",116,-0.00139313511139423,0.016501210856758,-0.000126648646490384,"Janoris Jenkins","SF","DB",2022
"1491","00-0037184",1881,-0.00139483704800332,0.0164427713652794,-0.000126803368000302,"Josh Ross","BAL","LB",2022
"1492","00-0035384",1132,-0.00139676393334384,0.0167641522777405,-0.000126978539394894,"Iosua Opeta","PHI","OL",2022
"1493","00-0033856",635,-0.00139780713596592,0.0170476910657797,-0.000127073375996902,"Leonard Fournette","TB","RB",2022
"1494","00-0036996",1813,-0.00139982591795648,0.0159414043894695,-0.000127256901632407,"Greg Newsome","CLE","DB",2022
"1495","00-0032792",449,-0.00140101387640434,0.0169777686070701,-0.00012736489785494,"Nate Sudfeld","DET","QB",2022
"1496","00-0037085",1852,-0.0014059644955138,0.0175094910664303,-0.000127814954137618,"Tyler Badie","DEN","RB",2022
"1497","00-0031868",299,-0.00140797613667731,0.0164091518791227,-0.000127997830607029,"Damiere Byrd","ATL","WR",2022
"1498","00-0033958",704,-0.00141169231831818,0.0165415429705614,-0.000128335665301653,"Nathan Peterman","CHI","QB",2022
"1499","00-0037313",1967,-0.00141180068429136,0.0170505270154998,-0.00012834551675376,"Montaric Brown","JAX","DB",2022
"1500","00-0036013",1311,-0.00142057002107848,0.0167682052484219,-0.000129142729188952,"Arryn Siposs","PHI","P",2022
"1501","00-0036992",1809,-0.00142132851354585,0.0173928323826067,-0.000129211683049623,"Elijah Molden","TEN","DB",2022
"1502","00-0036913",1745,-0.00142305299281772,0.0165746493590349,-0.00012936845389252,"Kadarius Toney","KC","WR",2022
"1503","00-0036692",1660,-0.00142831149225678,0.0175060258506549,-0.000129846499296071,"Miller Forristall","CLE","TE",2022
"1504","00-0036316",1451,-0.00143337936796231,0.0168843619185853,-0.000130307215269301,"Chris Claybrooks","JAX","DB",2022
"1505","00-0037686",2085,-0.0014395852462192,0.0171552542129088,-0.000130871386019927,"Tucker Addington","NE","LS",2022
"1506","00-0034989",996,-0.00144601252329692,0.0177682596147233,-0.000131455683936083,"Justin Skule","TB","OL",2022
"1507","00-0037089",1855,-0.00144899627643096,0.0176422711321274,-0.000131726934220996,"Ja'Tyre Carter","CHI","OL",2022
"1508","00-0032257",364,-0.00144951849368698,0.0166285888611715,-0.000131774408516998,"Duke Johnson","BUF","RB",2022
"1509","00-0037615",2067,-0.00145526927120043,0.0165801452355698,-0.000132297206472767,"Nakobe Dean","PHI","LB",2022
"1510","00-0035924",1287,-0.00145543327799156,0.0169729579403419,-0.000132312116181051,"Jonathan Ward","TEN","RB",2022
"1511","00-0036344",1472,-0.00145598929513758,0.0164461216239845,-0.000132362663194325,"Harrison Hand","CHI","DB",2022
"1512","00-0036846",1692,-0.00146181180765039,0.0176503831905172,-0.000132891982513672,"Tre Norwood","PIT","DB",2022
"1513","00-0037341",1985,-0.00146322994869253,0.0171377477527466,-0.000133020904426594,"Roderick Perry","CLE","DL",2022
"1514","00-0037482",2022,-0.00146954808281323,0.0175221403103175,-0.000133595280255748,"Don Gardner","TB","DB",2022
"1515","00-0034612",874,-0.00147116654244873,0.0167847868053222,-0.000133742412949885,"Demone Harris","HOU","DL",2022
"1516","00-0036133",1338,-0.00147462773733337,0.0167787320538652,-0.000134057067030307,"James Proche","BAL","WR",2022
"1517","00-0036655",1643,-0.00147472141964984,0.0171085616813994,-0.000134065583604531,"Cole Van Lanen","JAX","OL",2022
"1518","00-0037137",1870,-0.00147891155148876,0.0165999844747836,-0.000134446504680797,"Josh Jobe","PHI","DB",2022
"1519","00-0034760",906,-0.00149048276586986,0.0165758315228352,-0.000135498433260896,"Nathan Shepherd","NYJ","DL",2022
"1520","00-0035628",1181,-0.00149412584446086,0.0157399058872133,-0.000135829622223714,"D'Ernest Johnson","CLE","RB",2022
"1521","00-0035670",1213,-0.00149665931430464,0.0174400259852085,-0.000136059937664059,"Dakota Allen","DEN","LB",2022
"1522","00-0035020",1005,-0.00149756752363225,0.0170486179713578,-0.000136142502148386,"Demetrius Flannigan-Fowles","SF","LB",2022
"1523","00-0037222",1895,-0.00149921527537536,0.0170841545788444,-0.000136292297761396,"A.J. Thomas","CHI","DB",2022
"1524","00-0036527",1571,-0.00150654880393303,0.0177758537342982,-0.00013695898217573,"D.J. Turner","LV","WR",2022
"1525","00-0029764",123,-0.00150951942580993,0.016740928110618,-0.000137229038709994,"Cody Davis","NE","DB",2022
"1526","00-0035993",1306,-0.00151702165172185,0.0170867887908246,-0.000137911059247441,"Tyler Huntley","BAL","QB",2022
"1527","00-0036896",1731,-0.00152139436190549,0.0161197732743036,-0.000138308578355045,"Victor Dimukeje","ARI","LB",2022
"1528","00-0035971",1300,-0.00152506980077628,0.0172468111569478,-0.00013864270916148,"Delontae Scott","CAR","DL",2022
"1529","00-0036968",1788,-0.00152542262106021,0.0158836389722903,-0.000138674783732747,"Brady Christensen","CAR","OL",2022
"1530","00-0036282",1424,-0.00154030844091686,0.0168324104250815,-0.000140028040083351,"Grant Delpit","CLE","DB",2022
"1531","00-0036374",1496,-0.00154780885558643,0.0161814905484867,-0.000140709895962403,"L'Jarius Sneed","KC","DB",2022
"1532","00-0036945",1772,-0.0015511031804426,0.0170796672410449,-0.000141009380040236,"Justin Fields","CHI","QB",2022
"1533","00-0033954",703,-0.00155336798376742,0.0167815045163897,-0.000141215271251584,"Jayon Brown","LV","LB",2022
"1534","00-0037052",1836,-0.00156425028022862,0.0165318490948787,-0.000142204570929875,"T.J. Carter","LA","DB",2022
"1535","00-0038106",2167,-0.00157232978111821,0.0173871593950033,-0.000142939071010746,"Eyioma Uwazurike","DEN","DL",2022
"1536","00-0037822",2122,-0.00158106182634101,0.0174086384573453,-0.000143732893303728,"Brian Asamoah","MIN","LB",2022
"1537","00-0036543",1574,-0.00158333051675732,0.0163477189060254,-0.000143939137887029,"Spencer Brown","CAR","RB",2022
"1538","00-0035390",1134,-0.00158550665225804,0.0173131373707907,-0.000144136968387094,"Anthony Rush","DAL","DL",2022
"1539","00-0030456",160,-0.00158793548443415,0.017754711446155,-0.000144357771312195,"Giovani Bernard","TB","RB",2022
"1540","00-0033038",478,-0.00159694719323113,0.0163138199231258,-0.000145177017566466,"Eric Murray","HOU","DB",2022
"1541","00-0033196",519,-0.00160052665081399,0.017123664868446,-0.000145502422801271,"Zach Triner","TB","LS",2022
"1542","00-0036886",1724,-0.00161336696197155,0.0173087971241088,-0.000146669723815595,"Josh Ball","DAL","OL",2022
"1543","00-0034277",762,-0.00161853613594985,0.0161156493644146,-0.000147139648722713,"DeShon Elliott","DET","DB",2022
"1544","00-0030694",176,-0.0016232766389501,0.0163780145423751,-0.000147570603540918,"James Hurst","NO","OL",2022
"1545","00-0038091",2152,-0.00162402031571843,0.0167605129255393,-0.000147638210519858,"J.T. Woods","LAC","DB",2022
"1546","00-0031346",228,-0.00163149781272596,0.0160908444406529,-0.000148317982975088,"Justin Ellis","NYG","DL",2022
"1547","00-0037252",1916,-0.0016398468438098,0.0167952619344038,-0.000149076985800891,"Greg Dulcich","DEN","TE",2022
"1548","00-0035657",1203,-0.00164009349465222,0.0164914410157934,-0.000149099408604747,"Damien Harris","NE","RB",2022
"1549","00-0036959",1782,-0.00164686724188321,0.0163690102220951,-0.000149715203807564,"Michael Bandy","LAC","WR",2022
"1550","00-0033858",637,-0.00164738377816568,0.0169917498347646,-0.000149762161651425,"Jonnu Smith","NE","TE",2022
"1551","00-0038040",2145,-0.00165392134501596,0.0168325106459315,-0.000150356485910542,"Zamir White","LV","RB",2022
"1552","00-0036469",1553,-0.00166028992613158,0.0169812923051273,-0.000150935447830143,"Matt Ammendola","GB","K",2022
"1553","00-0033917",681,-0.00167440410577239,0.0167265272642675,-0.000152218555070217,"Tarell Basham","TEN","DL",2022
"1554","00-0036096",1330,-0.00168432885426115,0.0170040878370402,-0.000153120804932832,"J.J. Taylor","NE","RB",2022
"1555","00-0026293",20,-0.00169097675401835,0.0162258447280373,-0.000153725159456214,"Matt Slater","NE","WR",2022
"1556","00-0033910",677,-0.00169276678190609,0.016931540069166,-0.00015388788926419,"Dan Feeney","NYJ","OL",2022
"1557","00-0035771",1255,-0.00169504861974234,0.0172256352486659,-0.000154095329067485,"Mitchell Wilcox","CIN","TE",2022
"1558","00-0035242",1066,-0.00169662189282958,0.0168345922620411,-0.000154238353893598,"Erik McCoy","NO","OL",2022
"1559","00-0036145",1340,-0.00169685690552902,0.0175720080048987,-0.000154259718684457,"Lawrence Cager","NYG","TE",2022
"1560","00-0036764",1674,-0.0017070326633225,0.0170191767480049,-0.000155184787574773,"Tyler Coyle","DAL","DB",2022
"1561","00-0035304",1105,-0.00172149386747455,0.0165608102231441,-0.000156499442497686,"Cullen Gillaspia","SEA","RB",2022
"1562","00-0036630",1622,-0.00172780096718466,0.0179783093205852,-0.000157072815198605,"Tylan Wallace","BAL","WR",2022
"1563","00-0037317",1970,-0.00173075226082548,0.0172692579149422,-0.000157341114620498,"Nick Muse","MIN","TE",2022
"1564","00-0032420",397,-0.00173316322906719,0.0159893405751351,-0.000157560293551562,"Brandon Shell","MIA","OL",2022
"1565","00-0037074",1842,-0.00173501070434361,0.0172250445393375,-0.000157728245849419,"Quay Walker","GB","LB",2022
"1566","00-0036984",1801,-0.00173735031474233,0.0179499260690134,-0.000157940937703848,"Trey Sermon","PHI","RB",2022
"1567","00-0036390",1506,-0.00173861799137307,0.017000346961558,-0.000158056181033916,"Michael Ojemudia","CHI","DB",2022
"1568","00-0031357",230,-0.00173954719803227,0.0175128548153287,-0.00015814065436657,"C.J. Goodwin","DAL","DB",2022
"1569","00-0027881",45,-0.00174355414051333,0.0170527701234768,-0.000158504921864848,"Jerry Hughes","HOU","DL",2022
"1570","00-0027952",54,-0.00174792429135112,0.0169585622195369,-0.000158902208304647,"Robert Quinn","PHI","LB",2022
"1571","00-0036287",1427,-0.00175115402469729,0.016754067116305,-0.000159195820427026,"Noah Igbinoghene","MIA","DB",2022
"1572","00-0034833",948,-0.00175123708081757,0.0167257342891486,-0.000159203370983416,"Isaiah Wynn","NE","OL",2022
"1573","00-0036368",1491,-0.00175487696510537,0.0169200645822689,-0.000159534269555034,"Tanner Muse","SEA","LB",2022
"1574","00-0033752",622,-0.00176487734696899,0.0175126579976296,-0.000160443395178999,"Storm Norton","LAC","OL",2022
"1575","00-0036654",1642,-0.00176540610518412,0.0180308343978745,-0.000160491464107647,"Demetric Felton","CLE","RB",2022
"1576","00-0036961",1783,-0.00176708096562112,0.0168372356924144,-0.000160643724147375,"Richie Grant","ATL","DB",2022
"1577","00-0031040",192,-0.00177390014986877,0.0161428199827097,-0.00016126364998807,"Khalil Mack","LAC","LB",2022
"1578","00-0031097",200,-0.00177747278064092,0.016297389793768,-0.00016158843460372,"Terrance Mitchell","TEN","DB",2022
"1579","00-0036650",1639,-0.00178599711291264,0.0170833943022531,-0.000162363373901149,"Larry Rountree","LAC","RB",2022
"1580","00-0036871",1711,-0.00178886910396593,0.0163059533033644,-0.000162624463996903,"Nate Hobbs","LV","DB",2022
"1581","00-0031384",241,-0.00179495524782818,0.016845973241886,-0.000163177749802562,"Richard Rodgers","LAC","TE",2022
"1582","00-0036234",1388,-0.00180187313948021,0.0175983775013949,-0.000163806649043655,"Logan Stenberg","DET","OL",2022
"1583","00-0036005",1309,-0.00180290653504299,0.0171364281739358,-0.000163900594094817,"Noah Togiai","PHI","TE",2022
"1584","00-0038113",2172,-0.00181635192439698,0.016752633489699,-0.000165122902217907,"Brandon Smith","CAR","LB",2022
"1585","00-0032265",366,-0.0018230897243577,0.0157209080792906,-0.000165735429487064,"Mario Edwards","TEN","DL",2022
"1586","00-0035680",1220,-0.00185443006444348,0.0162211475403655,-0.000168584551313044,"Quincy Williams","NYJ","LB",2022
"1587","00-0031388",242,-0.00185915078694988,0.0165122123221716,-0.000169013707904534,"Aaron Donald","LA","DL",2022
"1588","00-0036618",1610,-0.001866825833853,0.0161984818419968,-0.000169711439441182,"Samuel Cosmi","WAS","OL",2022
"1589","00-0027103",27,-0.00186839932012563,0.0174284065820793,-0.000169854483647784,"Kevin Huber","CIN","P",2022
"1590","00-0034613",875,-0.00186854545405543,0.0173476935793843,-0.000169867768550494,"Tanner Hudson","CIN","TE",2022
"1591","00-0038045",2149,-0.00187178706442406,0.01674281078089,-0.000170162460402187,"Isaiah Spiller","LAC","RB",2022
"1592","00-0037621",2071,-0.0018728986569339,0.0168061219297629,-0.000170263514266719,"Ryder Anderson","NYG","DL",2022
"1593","00-0037084",1851,-0.0018775010356928,0.0167328545977249,-0.000170681912335709,"Kyron Johnson","PHI","LB",2022
"1594","00-0035531",1157,-0.00187924713485666,0.0175648069532981,-0.000170840648623333,"Austin Bryant","DET","LB",2022
"1595","00-0033114",508,-0.00190630131197782,0.0170978003583039,-0.00017330011927071,"Mike Thomas","BAL","WR",2022
"1596","00-0033936",693,-0.00191161209513212,0.016946855149426,-0.000173782917739284,"C.J. Beathard","JAX","QB",2022
"1597","00-0037254",1918,-0.0019220437585392,0.017276305304212,-0.000174731250776291,"Terrel Bernard","BUF","LB",2022
"1598","00-0034899",968,-0.00192595070095159,0.0176082634617064,-0.000175086427359235,"John Wolford","LA","QB",2022
"1599","00-0032145",337,-0.00192920307218188,0.0166065908085003,-0.00017538209747108,"Cameron Erving","CAR","OL",2022
"1600","00-0035133",1025,-0.00193030098051707,0.0171644401768251,-0.000175481907319734,"Keisean Nixon","GB","DB",2022
"1601","00-0036397",1512,-0.00193797283229086,0.0177662916459373,-0.000176179348390078,"Shane Lemieux","NYG","OL",2022
"1602","00-0035663",1206,-0.00193934579540117,0.0162947386477621,-0.000176304163218289,"Taylor Rapp","LA","DB",2022
"1603","00-0033103",502,-0.00194336553412472,0.0166417910963493,-0.000176669594011338,"Artie Burns","SEA","DB",2022
"1604","00-0029144",84,-0.00195171385484599,0.0175288835621419,-0.000177428532258726,"Tom Compton","DEN","OL",2022
"1605","00-0034264",756,-0.00195286222619191,0.0178734602738242,-0.00017753292965381,"Jalyn Holmes","CHI","DL",2022
"1606","00-0034753",902,-0.00195346824800865,0.0175272550141035,-0.000177588022546241,"Mark Andrews","BAL","TE",2022
"1607","00-0036441",1546,-0.00196045691540938,0.0162687516254316,-0.000178223355946308,"Kenneth Murray","LAC","LB",2022
"1608","00-0037096",1860,-0.00196561213676107,0.0167952036426812,-0.000178692012432825,"Elijah Hicks","CHI","DB",2022
"1609","00-0035076",1015,-0.00196859215111807,0.0164424646736187,-0.000178962922828915,"Curtis Bolton","LV","LB",2022
"1610","00-0032518",413,-0.00197064456233209,0.0166152737042626,-0.000179149505666553,"Justin Zimmer","MIA","DL",2022
"1611","00-0037594",2057,-0.00197371523151344,0.0167827567402216,-0.000179428657410312,"Julius Chestnut","TEN","RB",2022
"1612","00-0038134",2192,-0.00198478118117531,0.0167201424907363,-0.000180434652834119,"Kenneth Walker","SEA","RB",2022
"1613","00-0037013",1830,-0.00198603079854485,0.0167359545801434,-0.000180548254413168,"Zach Wilson","NYJ","QB",2022
"1614","00-0031580",271,-0.00199338065184378,0.0166185945443205,-0.000181216422894889,"Shaquille Mason","TB","OL",2022
"1615","00-0033894",664,-0.00199389205089989,0.0163986627026612,-0.000181262913718172,"Marcus Williams","BAL","DB",2022
"1616","00-0037004",1821,-0.00199566804779586,0.0171389433773143,-0.000181424367981442,"Hunter Long","MIA","TE",2022
"1617","00-0034485",849,-0.00200071028451242,0.0164452152453253,-0.000181882753137492,"Jonathan Owens","HOU","DB",2022
"1618","00-0036883",1721,-0.00201607417193074,0.0172046184460248,-0.000183279470175521,"Tommy Togiai","CLE","DL",2022
"1619","00-0036090",1328,-0.00203754817519649,0.0173597118463087,-0.00018523165229059,"De'Jon Harris","WAS","LB",2022
"1620","00-0035311",1108,-0.00204159482549833,0.0163507130874346,-0.000185599529590758,"Myles Gaskin","MIA","RB",2022
"1621","00-0033879",651,-0.00205176855805659,0.0165600277755968,-0.000186524414368781,"O.J. Howard","HOU","TE",2022
"1622","00-0036624",1616,-0.00205558830573878,0.0170231594693236,-0.000186871664158071,"Alim McNeill","DET","DL",2022
"1623","00-0029606",107,-0.0020561406245556,0.0162423070759383,-0.0001869218749596,"Harrison Smith","MIN","DB",2022
"1624","00-0037845",2141,-0.00206783618740176,0.0167266909770924,-0.000187985107945614,"A.J. Arcuri","LA","OL",2022
"1625","00-0035099",1019,-0.00207084192350507,0.0171593623806862,-0.000188258356682279,"Khari Blasingame","CHI","RB",2022
"1626","00-0035062",1013,-0.00207970788722442,0.0166362211476994,-0.000189064353384038,"Sam Mustipher","CHI","OL",2022
"1627","00-0037265",1929,-0.00208934623797822,0.0172971313554412,-0.000189940567088929,"Snoop Conner","JAX","RB",2022
"1628","00-0036603",1603,-0.00209344213277791,0.0162195865290637,-0.000190312921161628,"Alaric Jackson","LA","OL",2022
"1629","00-0031799",295,-0.00211019464232707,0.0166279619113585,-0.000191835876575188,"Anthony Harris","PHI","DB",2022
"1630","00-0031433",251,-0.002113250550636,0.0167515806609586,-0.000192113686421454,"Billy Turner","DEN","OL",2022
"1631","00-0034337",779,-0.00211645325507316,0.0171537861824553,-0.000192404841370288,"Greg Stroman","CHI","DB",2022
"1632","00-0019596",2,-0.00211907699626464,0.0157099445993138,-0.000192643363296785,"Tom Brady","TB","QB",2022
"1633","00-0030421",158,-0.00212230861196598,0.0161389996504761,-0.000192937146542361,"Jamie Collins","NE","LB",2022
"1634","00-0037286",1946,-0.00212399585016502,0.0174966217866829,-0.000193090531833184,"Kevin Harris","NE","RB",2022
"1635","00-0036415",1527,-0.00212643995385598,0.0169895485563029,-0.000193312723077816,"Van Jefferson","LA","WR",2022
"1636","00-0036956",1780,-0.002129533859006,0.016482398482991,-0.000193593987182364,"Darren Hall","ATL","DB",2022
"1637","00-0034112",723,-0.00213833570622041,0.0171115322696525,-0.000194394155110947,"Austin Schlottmann","MIN","OL",2022
"1638","00-0033260",525,-0.00213900237622412,0.0169076568424826,-0.00019445476147492,"Thomas Hennessy","NYJ","LS",2022
"1639","00-0029963",129,-0.00214684130076296,0.0166852717740966,-0.000195167390978451,"Christopher Hubbard","CLE","OL",2022
"1640","00-0035352",1120,-0.0021528626905139,0.0162760870957718,-0.000195714790046719,"Tyrel Dodson","BUF","LB",2022
"1641","00-0029672",115,-0.00216057286143463,0.0163824236121824,-0.000196415714675875,"Riley Reiff","CHI","OL",2022
"1642","00-0032977",473,-0.00217500057536366,0.0169955015697723,-0.00019772732503306,"Rashard Higgins","CAR","WR",2022
"1643","00-0035343",1116,-0.00217939118781998,0.0164598713406018,-0.000198126471619998,"Jonathan Ledbetter","ARI","DL",2022
"1644","00-0036847",1693,-0.00218462338772524,0.0169299215323149,-0.00019860212615684,"Pressley Harvin","PIT","P",2022
"1645","00-0035346",1118,-0.00219140647627331,0.0164216524154896,-0.000199218770570301,"Nik Needham","MIA","DB",2022
"1646","00-0035649",1198,-0.0021914478412822,0.0168882234103095,-0.000199222531025654,"Nate Davis","TEN","OL",2022
"1647","00-0034955",979,-0.00219757706061862,0.0162020324853841,-0.000199779732783511,"Brett Rypien","DEN","QB",2022
"1648","00-0037012",1829,-0.00220096769993842,0.0177830223270174,-0.000200087972721674,"Trey Lance","SF","QB",2022
"1649","00-0034142",728,-0.00220493159987339,0.0164305821820472,-0.000200448327261217,"J.C. Hassenauer","PIT","OL",2022
"1650","00-0035668",1211,-0.00220723741430453,0.0162053659598317,-0.000200657946754957,"David Edwards","LA","OL",2022
"1651","00-0036677",1655,-0.00220898854387542,0.0172906316784498,-0.000200817140352311,"Zayne Anderson","KC","DB",2022
"1652","00-0036292",1431,-0.00221702747514107,0.0167262810505151,-0.000201547952285552,"Jaylon Johnson","CHI","DB",2022
"1653","00-0030500",163,-0.00221945328019654,0.0171024188830914,-0.000201768480017867,"Nicholas Williams","NYG","DL",2022
"1654","00-0030402",156,-0.00222761641321077,0.0172548493132881,-0.000202510583019161,"Akeem Spence","SF","DL",2022
"1655","00-0036356",1481,-0.00223300249299998,0.0157460334599893,-0.000203000226636361,"Isaiah Simmons","ARI","LB",2022
"1656","00-0037459",2016,-0.00223587471481956,0.0171283965703641,-0.000203261337710869,"Kurt Hinish","HOU","DL",2022
"1657","00-0033547",585,-0.00223946759510219,0.0165783584391081,-0.000203587963191108,"Zach Cunningham","TEN","LB",2022
"1658","00-0034171",739,-0.00224004176758297,0.0163641373176627,-0.000203640160689361,"Jason Cabinda","DET","RB",2022
"1659","00-0033949",700,-0.00224159514901972,0.0162989483998603,-0.000203781377183611,"Joshua Dobbs","TEN","QB",2022
"1660","00-0037241",1905,-0.00224213395403952,0.0169876029075084,-0.000203830359458138,"Trevor Penning","NO","OL",2022
"1661","00-0034203",745,-0.00224526882324519,0.0163162031991621,-0.000204115347567745,"Darious Williams","JAX","DB",2022
"1662","00-0022531",3,-0.00224687264940206,0.0162234304223774,-0.000204261149945642,"Jason Peters","DAL","OL",2022
"1663","00-0037270",1934,-0.00225129174020363,0.0167422712619318,-0.000204662885473057,"Otito Ogbonnia","LAC","DL",2022
"1664","00-0034114",724,-0.00226512516423553,0.0164199464854252,-0.000205920469475957,"Coleman Shelton","LA","OL",2022
"1665","00-0036689",1658,-0.00227036832328126,0.0179636188355812,-0.000206397120298296,"Marvin Wilson","PHI","DL",2022
"1666","00-0035933",1291,-0.00227107464889075,0.0168653232381073,-0.000206461331717341,"Michael Hoecht","LA","DL",2022
"1667","00-0037300",1957,-0.00227370851066617,0.0167211987187133,-0.000206700773696924,"Mike Woods","CLE","WR",2022
"1668","00-0035659",1204,-0.00227531832421869,0.0166353961901883,-0.000206847120383517,"Terry McLaurin","WAS","WR",2022
"1669","00-0035215",1047,-0.00228571402416584,0.0167333320029497,-0.000207792184015077,"Deonte Harty","NO","WR",2022
"1670","00-0029000",81,-0.00229190194785825,0.0172905660912527,-0.000208354722532568,"Cole Beasley","BUF","WR",2022
"1671","00-0035386",1133,-0.00229192288372649,0.0170155876527218,-0.000208356625793317,"T.J. Edwards","PHI","LB",2022
"1672","00-0036903",1738,-0.00229519110710864,0.0172814518600985,-0.000208653737009876,"Bobby Brown","LA","DL",2022
"1673","00-0034797",927,-0.00230416939021281,0.0169223281251707,-0.000209469944564801,"Jerome Baker","MIA","LB",2022
"1674","00-0037129",1867,-0.0023158445435957,0.0170097402861927,-0.000210531322145063,"Josh Blackwell","CHI","DB",2022
"1675","00-0036273",1417,-0.0023227737122613,0.0176247820529742,-0.000211161246569209,"Jake Hanson","GB","OL",2022
"1676","00-0037031",1831,-0.00232427959229441,0.0168038730872515,-0.000211298144754037,"Nikola Kalinic","IND","TE",2022
"1677","00-0034414",829,-0.00232436559154762,0.0175784184684368,-0.000211305962867966,"Boston Scott","PHI","RB",2022
"1678","00-0036621",1613,-0.00232575344799037,0.0164979596164534,-0.000211432131635488,"Nick Bolton","KC","LB",2022
"1679","00-0035248",1071,-0.00232717555221872,0.015692783755724,-0.000211561413838066,"Zach Allen","ARI","DL",2022
"1680","00-0029714",121,-0.00233666529779694,0.0171155392144095,-0.00021242411798154,"Andrew DePaola","MIN","LS",2022
"1681","00-0032165",345,-0.00234849695391389,0.0162385371666329,-0.000213499723083081,"Marcus Peters","BAL","DB",2022
"1682","00-0035048",1011,-0.00234941048038471,0.0170355651551764,-0.000213582770944065,"Wyatt Ray","DEN","DL",2022
"1683","00-0031554",263,-0.00235422930799677,0.017126186159728,-0.000214020846181524,"Eric Kendricks","MIN","LB",2022
"1684","00-0032366",371,-0.00235828490208733,0.0167479634501147,-0.000214389536553393,"Tyler Matakevich","BUF","LB",2022
"1685","00-0035903",1284,-0.00236072495087664,0.0174323974903876,-0.000214611359170604,"Joe Gaziano","LAC","DL",2022
"1686","00-0033662",612,-0.00236512043727161,0.0167227795891377,-0.000215010948842874,"Cooper Rush","DAL","QB",2022
"1687","00-0034158",730,-0.00237368640551517,0.0163817735710177,-0.000215789673228652,"Brian O'Neill","MIN","OL",2022
"1688","00-0035147",1033,-0.00237616464690546,0.0166979113895586,-0.000216014967900496,"Rashad Fenton","ATL","DB",2022
"1689","00-0037092",1857,-0.00238768916047224,0.016726552331324,-0.000217062650952022,"Chris Paul","WAS","OL",2022
"1690","00-0037005",1822,-0.00239823789549657,0.0166891586837241,-0.000218021626863325,"Tommy Tremble","CAR","TE",2022
"1691","00-0032233",360,-0.00240402357258836,0.0166736709173934,-0.000218547597508033,"Cedric Ogbuehi","NYJ","OL",2022
"1692","00-0033926",686,-0.00241114427705876,0.0169758133702449,-0.000219194934278069,"Shaquill Griffin","JAX","DB",2022
"1693","00-0035222",1051,-0.00241758530574836,0.0167839626694111,-0.00021978048234076,"Zach Gentry","PIT","TE",2022
"1694","00-0032320",369,-0.00242460736353982,0.0173067626006624,-0.000220418851230893,"Erik Harris","ATL","DB",2022
"1695","00-0036658",1645,-0.00242652662614971,0.0162759112803214,-0.000220593329649973,"Isaiah McDuffie","GB","LB",2022
"1696","00-0033251",524,-0.00242807927460798,0.0169133643517785,-0.000220734479509816,"Zach Pascal","PHI","WR",2022
"1697","00-0036215",1374,-0.00243607200413077,0.0168111367826951,-0.000221461091284616,"Danny Pinter","IND","OL",2022
"1698","00-0031260",215,-0.00243754205198117,0.016896373316473,-0.000221594731998288,"Logan Thomas","WAS","TE",2022
"1699","00-0027942",48,-0.00244210717915003,0.0168193487335368,-0.000222009743559094,"A.J. Green","ARI","WR",2022
"1700","00-0032228",359,-0.00245203924482121,0.0176835111033399,-0.00022291265862011,"Joe Cardona","NE","LS",2022
"1701","00-0035859",1272,-0.00246400447069336,0.0171900886071055,-0.000224000406426669,"Blake Gillikin","NO","P",2022
"1702","00-0031237",209,-0.00246631634109801,0.0167360311714542,-0.000224210576463455,"Teddy Bridgewater","MIA","QB",2022
"1703","00-0037330",1980,-0.00247433448861506,0.0164862560785447,-0.000224939498965005,"Jesse Luketa","ARI","LB",2022
"1704","00-0036615",1607,-0.00247525979583163,0.0172959481548341,-0.000225023617802876,"Caleb Farley","TEN","DB",2022
"1705","00-0037083",1850,-0.00248563921321045,0.0165876176827329,-0.00022596720120095,"Kingsley Enagbare","GB","LB",2022
"1706","00-0034858",962,-0.00248674108524707,0.0166793885910671,-0.000226067371386097,"Terrell Edmunds","PIT","DB",2022
"1707","00-0037805",2107,-0.00248814282533727,0.0173625148985379,-0.000226194802303388,"Jeremy Ruckert","NYJ","TE",2022
"1708","00-0031785",291,-0.00248907656234028,0.01669720228635,-0.00022627968748548,"Troy Hill","LA","DB",2022
"1709","00-0034817",940,-0.00249415426439355,0.0175697810895455,-0.00022674129676305,"Geron Christian","MIA","OL",2022
"1710","00-0033555",591,-0.00249550503338757,0.0175174795929561,-0.000226864093944325,"Mack Hollins","LV","WR",2022
"1711","00-0034845",955,-0.00249730148451288,0.0167664880324523,-0.000227027407682989,"Sony Michel","LAC","RB",2022
"1712","00-0037829",2128,-0.00249847224094797,0.0159831913093718,-0.000227133840086179,"Spencer Burford","SF","OL",2022
"1713","00-0037749",2095,-0.00250234047551176,0.0171790372840797,-0.000227485497773796,"Jack Coco","GB","LS",2022
"1714","00-0037078",1846,-0.00250644013762048,0.016496337490831,-0.000227858194329135,"Cole Turner","WAS","TE",2022
"1715","00-0036576",1596,-0.00250725558041823,0.0172097912700803,-0.000227932325492566,"Phil Hoskins","KC","DL",2022
"1716","00-0029892",126,-0.00251051312963387,0.0159456306760776,-0.000228228466330351,"Kyle Juszczyk","SF","RB",2022
"1717","00-0036899",1734,-0.00251265017546356,0.017000042038261,-0.00022842274322396,"Aaron Robinson","NYG","DB",2022
"1718","00-0034754",903,-0.00252802401969534,0.0171116804476757,-0.000229820365426849,"Oren Burks","SF","LB",2022
"1719","00-0033392",555,-0.00253828765141482,0.0176859118418261,-0.000230753422855893,"Harvey Langi","LV","LB",2022
"1720","00-0029585",103,-0.00253884100447988,0.0157398051640416,-0.000230803727679989,"Chandler Jones","LV","DL",2022
"1721","00-0036240",1392,-0.00253996185297312,0.0172335848878374,-0.000230905622997557,"Chris Jackson","TEN","DB",2022
"1722","00-0037202",1892,-0.00254507801705682,0.0162094725225342,-0.000231370728823347,"DaMarcus Mitchell","NE","DL",2022
"1723","00-0028063",63,-0.00254951509246329,0.0158437610268323,-0.000231774099314845,"Taiwan Jones","BUF","RB",2022
"1724","00-0036616",1608,-0.00256177956287612,0.0156586866101453,-0.000232889051170557,"Christian Darrisaw","MIN","OL",2022
"1725","00-0035754",1249,-0.00256776808398878,0.0163629561111756,-0.000233433462180798,"Jonathan Kongbo","DEN","DL",2022
"1726","00-0037081",1848,-0.00256976458457104,0.0168952160227122,-0.000233614962233731,"Braxton Jones","CHI","OL",2022
"1727","00-0037132",1869,-0.00257004671237842,0.0171511604548499,-0.00023364061021622,"Britain Covey","PHI","WR",2022
"1728","00-0033543",581,-0.00257349993606866,0.017327791774858,-0.000233954539642606,"Sidney Jones","LV","DB",2022
"1729","00-0027688",36,-0.00257367598078504,0.0167646991887987,-0.000233970543707731,"Colt McCoy","ARI","QB",2022
"1730","00-0035713",1243,-0.00257535708562301,0.0163270411470742,-0.000234123371420274,"Brian Burns","CAR","DL",2022
"1731","00-0033927",687,-0.0025774384467559,0.015683989301876,-0.000234312586068718,"John Johnson","CLE","DB",2022
"1732","00-0033740",621,-0.00257833782187848,0.0174643072448198,-0.000234394347443499,"Jordan Roos","TEN","OL",2022
"1733","00-0028292",71,-0.00259160844935953,0.0160868596134709,-0.000235600768123593,"Nick Bellore","SEA","LB",2022
"1734","00-0037299",1956,-0.00259266683959363,0.016864976172421,-0.000235696985417603,"Keaontay Ingram","ARI","RB",2022
"1735","00-0032127",328,-0.00259844565258418,0.0159116459930446,-0.000236222332053108,"Markus Golden","ARI","LB",2022
"1736","00-0035889",1278,-0.00259957417810854,0.0168086830682984,-0.000236324925282595,"Tommy Townsend","KC","P",2022
"1737","00-0036584",1598,-0.00261090900573285,0.0170177034734037,-0.000237355364157532,"Foster Sarell","LAC","OL",2022
"1738","00-0037816",2117,-0.00261603969176471,0.0167319248485707,-0.000237821790160428,"Romeo Doubs","GB","WR",2022
"1739","00-0031608",281,-0.0026185359347181,0.0168562702436922,-0.000238048721338009,"Quandre Diggs","SEA","DB",2022
"1740","00-0035357",1123,-0.00262167618328321,0.0163301455117009,-0.000238334198480292,"Cameron Lewis","BUF","DB",2022
"1741","00-0034051",711,-0.00263299142267842,0.0161930999066764,-0.000239362856607129,"Christian Kuntz","PIT","LS",2022
"1742","00-0032667",426,-0.00265544011586586,0.0162810370860539,-0.000241403646896897,"Roy Robertson-Harris","JAX","DL",2022
"1743","00-0033093",499,-0.00265823747240413,0.0167023344909387,-0.000241657952036739,"Jonathan Bullard","MIN","DL",2022
"1744","00-0037082",1849,-0.00266105852909939,0.0166227839870498,-0.000241914411736308,"Dominique Robinson","CHI","DL",2022
"1745","00-0036991",1808,-0.00266266634201959,0.0165309442713284,-0.000242060576547236,"Amari Rodgers","HOU","WR",2022
"1746","00-0037500",2029,-0.00266448675361655,0.0171619051893055,-0.000242226068510595,"Ryan Wright","MIN","P",2022
"1747","00-0036266",1412,-0.00267323238994037,0.0163045456441638,-0.000243021126358216,"Jordan Elliott","CLE","DL",2022
"1748","00-0035862",1274,-0.00268259867438719,0.0165962172946208,-0.000243872606762471,"Essang Bassey","DEN","DB",2022
"1749","00-0033063",489,-0.00269591547467477,0.0178103464436719,-0.000245083224970434,"Zach Wood","NO","LS",2022
"1750","00-0036901",1736,-0.00269937085315164,0.0160203452830425,-0.000245397350286512,"Eric Stokes","GB","DB",2022
"1751","00-0035021",1006,-0.00270053923767104,0.0158033709656374,-0.000245503567061004,"Ashton Dulin","IND","WR",2022
"1752","00-0036030",1314,-0.00270348679501016,0.0174383088269288,-0.000245771526819105,"Ladarius Hamilton","GB","LB",2022
"1753","00-0029164",85,-0.00270743883865114,0.0165609013629092,-0.00024613080351374,"Mike Remmers","NYJ","OL",2022
"1754","00-0037273",1936,-0.00272286462734704,0.0169732543232241,-0.00024753314794064,"Kyle Philips","TEN","WR",2022
"1755","00-0036048",1320,-0.00272594746576517,0.0178899725976837,-0.000247813405978652,"John Molchon","TB","OL",2022
"1756","00-0034545",866,-0.00273120618079074,0.0163502646747078,-0.000248291470980976,"Brandon Facyson","IND","DB",2022
"1757","00-0031122",202,-0.00273150802651127,0.0165542133303274,-0.000248318911501025,"Andrew Norwell","WAS","OL",2022
"1758","00-0034389",817,-0.00273280828055937,0.0175010261834466,-0.000248437116414488,"Dane Cruikshank","CHI","DB",2022
"1759","00-0037585",2054,-0.00274287326771946,0.0170595994995777,-0.000249352115247224,"Timmy Horne","ATL","DL",2022
"1760","00-0036482",1556,-0.0027445755045613,0.0165839237904348,-0.000249506864051027,"Mike Strachan","IND","WR",2022
"1761","00-0037431",2011,-0.00274543344712456,0.0172403506098167,-0.000249584858829506,"Kingsley Jonathan","BUF","DL",2022
"1762","00-0034960",982,-0.00275280915648215,0.0172542541441878,-0.000250255377862013,"Jakobi Meyers","NE","WR",2022
"1763","00-0034973",988,-0.00276257583041428,0.0168880922591866,-0.000251143257310389,"Maxx Crosby","LV","DL",2022
"1764","00-0035238",1063,-0.00277502351770886,0.0165534307054013,-0.00025227486524626,"Cody Ford","ARI","OL",2022
"1765","00-0034184",742,-0.00277848862000976,0.0167819066788703,-0.000252589874546342,"Gus Edwards","BAL","RB",2022
"1766","00-0035393",1135,-0.00278269628857526,0.0170325298154474,-0.000252972389870478,"Anthony Chesley","TB","DB",2022
"1767","00-0035726",1247,-0.00278446549657317,0.0163785363539934,-0.000253133226961197,"Jakob Johnson","LV","RB",2022
"1768","00-0033503",568,-0.00278578330570379,0.016606850307466,-0.000253253027791254,"Arthur Maulet","PIT","DB",2022
"1769","00-0034125",727,-0.00278681738856442,0.0170760902451152,-0.000253347035324038,"Kendal Vickers","BUF","DL",2022
"1770","00-0033275",526,-0.00278756647943463,0.0176768536660422,-0.000253415134494057,"Phillip Walker","CAR","QB",2022
"1771","00-0034490",852,-0.00278803256408495,0.0169054328794511,-0.000253457505825905,"Ezekiel Turner","ARI","LB",2022
"1772","00-0036230",1384,-0.00278861169118698,0.0168368334277882,-0.000253510153744271,"Prince Tega Wanogho","KC","OL",2022
"1773","00-0036884",1722,-0.00278881707729984,0.0165614318652493,-0.000253528825209077,"Marco Wilson","ARI","DB",2022
"1774","00-0033572",598,-0.00279176512411812,0.0167419958505829,-0.000253796829465284,"Jamal Agnew","JAX","WR",2022
"1775","00-0037283",1945,-0.00279310318904521,0.0165723544178407,-0.000253918471731383,"John Ridgeway","WAS","DL",2022
"1776","00-0034842",952,-0.00279423407466259,0.0165635613058635,-0.000254021279514781,"Taven Bryan","CLE","DL",2022
"1777","00-0028986",80,-0.00279650467799093,0.0170356739317585,-0.000254227697999176,"Case Keenum","BUF","QB",2022
"1778","00-0036394",1509,-0.00279811134933167,0.0161982141087106,-0.000254373759030152,"Darnay Holmes","NYG","DB",2022
"1779","00-0032918",458,-0.00280100864964482,0.0161256717702176,-0.000254637149967711,"C.J. Ham","MIN","RB",2022
"1780","00-0033538",577,-0.00280156594285818,0.0171085733668512,-0.000254687812987107,"Garett Bolles","DEN","OL",2022
"1781","00-0031241",210,-0.00280174749061914,0.0165541625370538,-0.000254704317329013,"Devon Kennard","BAL","LB",2022
"1782","00-0035956",1297,-0.00281581314979825,0.0168016197935791,-0.000255983013618023,"Giovanni Ricci","CAR","TE",2022
"1783","00-0035567",1167,-0.00282162098444196,0.0169878349694948,-0.000256510998585633,"Craig Reynolds","DET","RB",2022
"1784","00-0032144",336,-0.00282828228509879,0.0172068237660191,-0.000257116571372618,"Melvin Gordon","KC","RB",2022
"1785","00-0031545",259,-0.00283188369512838,0.0168274454802336,-0.000257443972284398,"Kevin White","NO","WR",2022
"1786","00-0035703",1238,-0.00285065366530601,0.015692758419927,-0.000259150333209637,"Miles Boykin","PIT","WR",2022
"1787","00-0036691",1659,-0.0028595720179106,0.016563615682516,-0.000259961092537328,"Tory Carter","TEN","RB",2022
"1788","00-0034261",754,-0.00286002228954757,0.0160045228607139,-0.000260002026322507,"Austin Corbett","CAR","OL",2022
"1789","00-0037535",2037,-0.00286656796394974,0.0167719215641842,-0.000260597087631795,"DaMarcus Fields","WAS","DB",2022
"1790","00-0036422",1533,-0.00287169970709452,0.0166953115301135,-0.000261063609735866,"Adam Trautman","NO","TE",2022
"1791","00-0034431",837,-0.00287592312350192,0.0163670866627433,-0.000261447556681993,"Zaire Franklin","IND","LB",2022
"1792","00-0037229",1898,-0.00287691678687016,0.0167953352970647,-0.000261537889715469,"Ikem Ekwonu","CAR","OL",2022
"1793","00-0037835",2133,-0.00288437683982746,0.0157271368549968,-0.000262216076347951,"Luke Goedeke","TB","OL",2022
"1794","00-0037839",2135,-0.00289456915463053,0.0178338945196649,-0.000263142650420957,"Cobie Durant","LA","DB",2022
"1795","00-0036917",1749,-0.0029034269936689,0.0168176788615031,-0.000263947908515354,"Zech McPhearson","PHI","DB",2022
"1796","00-0032059",318,-0.00290394719542768,0.0160367028392751,-0.000263995199584335,"P.J. Williams","NO","DB",2022
"1797","00-0037303",1960,-0.00290441604485595,0.0166471755691795,-0.000264037822259632,"Matt Henningsen","DEN","DL",2022
"1798","00-0033699",616,-0.00291017483623189,0.0161433735247892,-0.000264561348748353,"Austin Ekeler","LAC","RB",2022
"1799","00-0037616",2068,-0.00291590469164154,0.0177319418402027,-0.000265082244694686,"Nick Cross","IND","DB",2022
"1800","00-0029890",125,-0.0029453794952988,0.0156545320220133,-0.00026776177229989,"Mike Purcell","DEN","DL",2022
"1801","00-0036250",1399,-0.0029525114371147,0.0158363955324135,-0.000268410130646791,"Tyler Davis","GB","TE",2022
"1802","00-0037282",1944,-0.00298595979959999,0.0167267876147354,-0.000271450890872727,"James Mitchell","DET","TE",2022
"1803","00-0034361",795,-0.00298654066685017,0.0155267106673804,-0.000271503696986379,"Justin Reid","KC","DB",2022
"1804","00-0036504",1564,-0.00299048925553824,0.0169177836665469,-0.000271862659594385,"Brandin Echols","NYJ","DB",2022
"1805","00-0031690",287,-0.00299814822868624,0.0165651237072723,-0.000272558929880567,"Eric Tomlinson","DEN","TE",2022
"1806","00-0030792",181,-0.00300772351128965,0.0167475216780793,-0.000273429410117241,"Justin McCray","HOU","OL",2022
"1807","00-0034903",970,-0.00302179839274132,0.0171697659768693,-0.000274708944794665,"Tevaughn Campbell","JAX","DB",2022
"1808","00-0034435",838,-0.00303604774386638,0.0169472700652726,-0.000276004340351489,"Keion Crossen","MIA","DB",2022
"1809","00-0028278",69,-0.00303619038949112,0.0170114714324333,-0.000276017308135556,"Josh Bynes","BAL","LB",2022
"1810","00-0037079",1847,-0.0030524136396223,0.0159390860977656,-0.000277492149056573,"Tariq Woolen","SEA","DB",2022
"1811","00-0032807",451,-0.0030535176062645,0.0163910794799111,-0.000277592509660409,"Clayton Fejedelem","MIA","DB",2022
"1812","00-0034382",810,-0.00306128310158307,0.0168389986710404,-0.000278298463780279,"Marquis Haynes","CAR","DL",2022
"1813","00-0036332",1462,-0.00306807514178521,0.016051067679695,-0.000278915921980473,"Josiah Deguara","GB","TE",2022
"1814","00-0033854",634,-0.0030748344787478,0.0174084183668451,-0.000279530407158891,"Dare Ogunbowale","HOU","RB",2022
"1815","00-0035696",1232,-0.00307608251870035,0.0170414148457901,-0.000279643865336395,"Duke Shelley","MIN","DB",2022
"1816","00-0031079",198,-0.00308843341147288,0.0169707688544834,-0.000280766673770262,"Pat O'Donnell","GB","P",2022
"1817","00-0036400",1514,-0.00309165508443067,0.0176246125735498,-0.000281059553130061,"Cam Brown","NYG","LB",2022
"1818","00-0035094",1017,-0.00310864582818731,0.0167953344400109,-0.000282604166198846,"Bryan Mone","SEA","DL",2022
"1819","00-0030575",170,-0.00310996582089834,0.0176246644505613,-0.000282724165536213,"Xavier Rhodes","DAL","DB",2022
"1820","00-0035210",1046,-0.00312630334066526,0.0167413275178482,-0.000284209394605933,"Herb Miller","CLE","DB",2022
"1821","00-0031269",216,-0.0031358766489429,0.0180223780892358,-0.000285079695358445,"T.J. Carrie","CAR","DB",2022
"1822","00-0033765",624,-0.00313943340988297,0.0162391386633756,-0.000285403037262088,"Dylan Cole","TEN","LB",2022
"1823","00-0033324",545,-0.00314079145163103,0.0168142596889541,-0.000285526495602821,"Tashawn Bower","LV","DL",2022
"1824","00-0028002",61,-0.00314216503726278,0.0169503356457095,-0.000285651367023889,"Randall Cobb","GB","WR",2022
"1825","00-0035632",1185,-0.00314891454490873,0.0164894526540994,-0.000286264958628066,"Amani Hooker","TEN","DB",2022
"1826","00-0033387",554,-0.00315559061608538,0.0173602390347411,-0.00028687187418958,"Jacob Hollister","SEA","TE",2022
"1827","00-0036643",1632,-0.00315717477669899,0.0158924455334908,-0.000287015888790817,"K.J. Britt","TB","LB",2022
"1828","00-0034591",872,-0.00315941971034122,0.0170380075612036,-0.000287219973667384,"J.C. Jackson","LAC","DB",2022
"1829","00-0037811",2112,-0.00316045461811721,0.0162157973677272,-0.000287314056192473,"Chad Muma","JAX","LB",2022
"1830","00-0035831",1266,-0.00316747109705625,0.0172717579839464,-0.000287951917914204,"James Robinson","NYJ","RB",2022
"1831","00-0035293",1101,-0.00317186055520128,0.017095483342532,-0.000288350959563753,"Xavier Crawford","SEA","DB",2022
"1832","00-0036256",1404,-0.00317287933428952,0.0172450480761183,-0.000288443575844502,"Colton McKivitz","SF","OL",2022
"1833","00-0036506",1565,-0.00317942519390242,0.0172773929620244,-0.000289038653991129,"Isaiah Dunn","SEA","DB",2022
"1834","00-0036752",1671,-0.00318773843286827,0.0170669071993886,-0.000289794402988025,"A.J. Parker","SF","DB",2022
"1835","00-0033284",531,-0.00319250670662244,0.0168227048163814,-0.000290227882420222,"Taylor Moton","CAR","OL",2022
"1836","00-0034789",921,-0.00320069859956423,0.0165363971436751,-0.000290972599960384,"Minkah Fitzpatrick","PIT","DB",2022
"1837","00-0037375",1994,-0.00321135365429408,0.0179292167153651,-0.000291941241299462,"Christopher Hinton","LAC","DL",2022
"1838","00-0034677",886,-0.00321284979412278,0.0163092245051324,-0.000292077254011162,"Justin Jones","CHI","DL",2022
"1839","00-0030615",173,-0.00322285419697137,0.0160833869873045,-0.000292986745179215,"James Winchester","KC","LS",2022
"1840","00-0036438",1543,-0.00322526562779789,0.0175615678028424,-0.000293205966163444,"Stephen Sullivan","CAR","TE",2022
"1841","00-0030431",159,-0.00323118624523782,0.0167311595871525,-0.000293744204112529,"Robert Woods","TEN","WR",2022
"1842","00-0036303",1440,-0.00323248208276557,0.0160275820039939,-0.000293862007524142,"Josiah Scott","PHI","DB",2022
"1843","00-0037278",1941,-0.00326806112670858,0.0165746698725111,-0.000297096466064417,"Luke Wattenberg","DEN","OL",2022
"1844","00-0033973",708,-0.00327391654693084,0.0167888288758068,-0.000297628776993713,"Elijah Lee","CHI","LB",2022
"1845","00-0036948",1773,-0.00328283276089897,0.0161672271408451,-0.000298439341899906,"Ta'Quon Graham","ATL","DL",2022
"1846","00-0033570",596,-0.00328484324836822,0.0176081503475507,-0.00029862211348802,"Anthony Walker","CLE","LB",2022
"1847","00-0033784",628,-0.00330529836693245,0.0171646128136354,-0.000300481669721131,"Eddie Jackson","CHI","DB",2022
"1848","00-0036148",1341,-0.003306297370156,0.0166445003508376,-0.000300572488196,"Domenique Davis","CIN","DL",2022
"1849","00-0027981",59,-0.00331392748253539,0.0172920244565403,-0.000301266134775944,"Kyle Rudolph","TB","TE",2022
"1850","00-0036497",1559,-0.00332764949423834,0.0162124112841819,-0.000302513590385304,"Tim Jones","JAX","WR",2022
"1851","00-0032408",392,-0.00333537453036268,0.0168645819942157,-0.000303215866396608,"Blake Martinez","LV","LB",2022
"1852","00-0026300",21,-0.00333703314193699,0.01774548185066,-0.000303366649266999,"Josh Johnson","SF","QB",2022
"1853","00-0031795",293,-0.00333899997717481,0.0165293795633213,-0.000303545452470438,"DeShawn Williams","DEN","DL",2022
"1854","00-0035763",1252,-0.00334945713622646,0.016896270760118,-0.000304496103293314,"Malcolm Roach","NO","DL",2022
"1855","00-0030383",153,-0.0033495816420986,0.0159094463469616,-0.000304507422008964,"Duron Harmon","LV","DB",2022
"1856","00-0036388",1504,-0.00336127304012335,0.016321838954007,-0.00030557027637485,"Xavier McKinney","NYG","DB",2022
"1857","00-0036879",1717,-0.00336836392999925,0.0170843365075557,-0.000306214902727204,"Sam Ehlinger","IND","QB",2022
"1858","00-0037516",2032,-0.00336929173418983,0.0162917199282048,-0.000306299248562712,"Sam Webb","LV","DB",2022
"1859","00-0033892",662,-0.00337960994541847,0.01707947988211,-0.000307237267765316,"Marcus Maye","NO","DB",2022
"1860","00-0037560",2045,-0.00338278164134809,0.0169016078164195,-0.000307525603758917,"Chandler Wooten","CAR","LB",2022
"1861","00-0032897",457,-0.00339000579148835,0.0167942129031307,-0.000308182344680759,"Derek Watt","PIT","RB",2022
"1862","00-0036754",1672,-0.00339777886512627,0.0160499872622047,-0.000308888987738751,"Brock Wright","DET","TE",2022
"1863","00-0035804",1260,-0.00340015142721056,0.0162670193755463,-0.00030910467520096,"Jonas Griffith","DEN","LB",2022
"1864","00-0035639",1190,-0.00340066881854908,0.0162125466286062,-0.00030915171077719,"Parris Campbell","IND","WR",2022
"1865","00-0034954",978,-0.0034192295163163,0.0164347178107541,-0.000310839046937845,"Malik Reed","PIT","LB",2022
"1866","00-0035022",1007,-0.00342901721400008,0.016871143751284,-0.000311728837636371,"Penny Hart","SEA","WR",2022
"1867","00-0036631",1623,-0.00343017979311482,0.0172316225662791,-0.000311834526646802,"Royce Newman","GB","OL",2022
"1868","00-0034745",898,-0.00343611796673007,0.0175352999383723,-0.000312374360611824,"Tracy Walker","DET","DB",2022
"1869","00-0035650",1199,-0.00344153840961124,0.0170014606875658,-0.000312867128146476,"Justin Layne","CAR","DB",2022
"1870","00-0032975",472,-0.00345087734775637,0.0170404470873899,-0.000313716122523307,"Jonathan Williams","WAS","RB",2022
"1871","00-0035229",1055,-0.00346659885621908,0.0163557395558531,-0.000315145350565371,"T.J. Hockenson","MIN","TE",2022
"1872","00-0034959",981,-0.00347757691706082,0.0166590178114397,-0.000316143356096438,"Andrew Beck","DEN","TE",2022
"1873","00-0036402",1516,-0.0034840490632412,0.0165235216706118,-0.000316731733021927,"Carter Coughlin","NYG","LB",2022
"1874","00-0035623",1178,-0.00348568328925802,0.0174008975764557,-0.000316880299023456,"Chandler Brewer","LA","OL",2022
"1875","00-0035631",1184,-0.00349139427491229,0.0177140658890921,-0.000317399479537481,"Drew Sample","CIN","TE",2022
"1876","00-0036462",1551,-0.0034973290775529,0.0172378834656516,-0.000317939007050264,"Innis Gaines","GB","DB",2022
"1877","00-0029413",96,-0.0035119273877306,0.016851691149788,-0.000319266126157327,"Ben Jones","TEN","OL",2022
"1878","00-0037593",2056,-0.00352068526186234,0.017328181380426,-0.00032006229653294,"Tre Avery","TEN","DB",2022
"1879","00-0026143",14,-0.00353328023171887,0.0163379351376413,-0.000321207293792624,"Matt Ryan","IND","QB",2022
"1880","00-0036289",1429,-0.00354518541137063,0.0168738660154374,-0.000322289582851875,"Ross Blacklock","MIN","DL",2022
"1881","00-0035117",1021,-0.00356391616651269,0.0164461839578476,-0.000323992378773881,"Lester Cotton","MIA","OL",2022
"1882","00-0036378",1499,-0.0035643365484021,0.0155955046676275,-0.000324030595309282,"Michael Danna","KC","DL",2022
"1883","00-0037355",1989,-0.00356889281076249,0.0166587385429551,-0.000324444800978409,"Braylon Sanders","MIA","WR",2022
"1884","00-0037248",1912,-0.00357466468120953,0.0165285110277053,-0.000324969516473594,"James Cook","BUF","RB",2022
"1885","00-0033046",481,-0.00357520948772691,0.01670677549565,-0.00032501904433881,"Jihad Ward","NYG","LB",2022
"1886","00-0037298",1955,-0.00357868711969965,0.0177746069471216,-0.000325335192699969,"Sam Roberts","NE","DL",2022
"1887","00-0036375",1497,-0.00359272011829412,0.01654741825194,-0.00032661091984492,"Amik Robertson","LV","DB",2022
"1888","00-0036194",1363,-0.00361672572827761,0.0165500653618807,-0.000328793248025238,"Devin Asiasi","CIN","TE",2022
"1889","00-0030463",162,-0.0036196752416858,0.0168915047495523,-0.0003290613856078,"A.J. Klein","BUF","LB",2022
"1890","00-0037235",1899,-0.00363597194011766,0.0166919262976018,-0.00033054290364706,"Travon Walker","JAX","LB",2022
"1891","00-0033557",592,-0.00364516938788577,0.0168847418323058,-0.000331379035262343,"Jalen Reeves-Maybin","HOU","LB",2022
"1892","00-0035624",1179,-0.00364695847812818,0.0168110656295359,-0.000331541679829834,"N'Keal Harry","CHI","WR",2022
"1893","00-0036952",1777,-0.0036513524035896,0.0157386655026006,-0.000331941127599054,"Jonathon Cooper","DEN","LB",2022
"1894","00-0033246",523,-0.00365142832218999,0.0169356351571566,-0.000331948029289999,"Johnny Mundt","MIN","TE",2022
"1895","00-0033065",491,-0.00365254050365247,0.0172672698199457,-0.000332049136695679,"Le'Raven Clark","TEN","OL",2022
"1896","00-0035642",1192,-0.00366144316759537,0.0158534774532401,-0.000332858469781397,"Josh Allen","JAX","LB",2022
"1897","00-0032969",470,-0.00366288326326763,0.0167744103403671,-0.000332989387569784,"Nick Martin","WAS","OL",2022
"1898","00-0031550",262,-0.00366581108152358,0.015925414737673,-0.00033325555286578,"Shaq Thompson","CAR","LB",2022
"1899","00-0037175",1879,-0.00369225282193791,0.0174014724332582,-0.000335659347448901,"Anthony Brown","BAL","QB",2022
"1900","00-0031022",190,-0.00369613642494622,0.0166448921840709,-0.000336012402267838,"Laurent Duvernay-Tardif","NYJ","OL",2022
"1901","00-0036663",1649,-0.00369683327460769,0.0172784431942083,-0.000336075752237063,"Matt Farniok","DAL","OL",2022
"1902","00-0026498",22,-0.0037007921485125,0.0163768098365016,-0.000336435649864773,"Matthew Stafford","LA","QB",2022
"1903","00-0035328",1111,-0.00370083699544932,0.0166981740719631,-0.000336439726859029,"Matt Nelson","DET","OL",2022
"1904","00-0033941",695,-0.00371530854867658,0.0157996557139394,-0.000337755322606962,"Rayshawn Jenkins","JAX","DB",2022
"1905","00-0036906",1741,-0.00373500033729204,0.0166851954519883,-0.000339545485208367,"Khalil Herbert","CHI","RB",2022
"1906","00-0036221",1378,-0.00374300469750862,0.0166328033967385,-0.000340273154318966,"Brandon Jones","MIA","DB",2022
"1907","00-0035541",1162,-0.00375473031912514,0.0157545116918628,-0.000341339119920467,"Michael Dogbe","ARI","DL",2022
"1908","00-0032765",440,-0.0037598390526818,0.0154479855187764,-0.0003418035502438,"Michael Thomas","NO","WR",2022
"1909","00-0032950",463,-0.00376886866603001,0.0166738284508601,-0.000342624424184546,"Carson Wentz","WAS","QB",2022
"1910","00-0037754",2098,-0.00378158570044972,0.0168505331495376,-0.000343780518222702,"Nicholas Petit-Frere","TEN","OL",2022
"1911","00-0036649",1638,-0.00380022736547906,0.0170322366296844,-0.000345475215043551,"Quinton Bohanna","DAL","DL",2022
"1912","00-0036652",1640,-0.0038113720833799,0.0173592166737708,-0.000346488371216354,"Racey McMath","TEN","WR",2022
"1913","00-0034286",767,-0.00381177303695742,0.0159484032416603,-0.000346524821541584,"Richie James","NYG","WR",2022
"1914","00-0026158",15,-0.00381198246093842,0.0174967878760938,-0.000346543860085311,"Joe Flacco","NYJ","QB",2022
"1915","00-0032436",401,-0.00383163199992335,0.0183221493424355,-0.000348330181811213,"Jeff Driskel","HOU","QB",2022
"1916","00-0038090",2151,-0.00383237887716945,0.0164807645157046,-0.000348398079742677,"Skyy Moore","KC","WR",2022
"1917","00-0032385",379,-0.00383504856460409,0.0167017408115891,-0.000348640778600372,"Sterling Shepard","NYG","WR",2022
"1918","00-0029249",88,-0.00383827107131121,0.0164241724392694,-0.000348933733755565,"Melvin Ingram","MIA","LB",2022
"1919","00-0035795",1259,-0.00385794338865812,0.0164781853411692,-0.000350722126241647,"James Pierre","PIT","DB",2022
"1920","00-0037456",2014,-0.00387038004431706,0.0168735775664096,-0.000351852731301551,"Troy Hairston","HOU","RB",2022
"1921","00-0035289",1097,-0.00387336608581894,0.0171151191637188,-0.000352124189619904,"Gardner Minshew","PHI","QB",2022
"1922","00-0037760",2104,-0.00387958486800221,0.0169877672175211,-0.000352689533454746,"Jeff Gunter","CIN","DL",2022
"1923","00-0036450",1549,-0.00389229912280468,0.0167032897439921,-0.000353845374800425,"Ke'Shawn Vaughn","TB","RB",2022
"1924","00-0034080",717,-0.00390362141487847,0.0173174003221604,-0.000354874674079861,"Jeremiah Kolone","LA","OL",2022
"1925","00-0035157",1037,-0.0039070311290819,0.016481859143299,-0.000355184648098355,"Darius Harris","KC","LB",2022
"1926","00-0036251",1400,-0.00392398318645218,0.0172141171960428,-0.000356725744222925,"Zack Moss","IND","RB",2022
"1927","00-0031740",289,-0.00392940588690397,0.0172041631539099,-0.00035721871699127,"Neville Hewitt","HOU","LB",2022
"1928","00-0032382",376,-0.00393930677822408,0.0169566813569324,-0.000358118798020371,"Keanu Neal","TB","DB",2022
"1929","00-0034346",783,-0.00394020027042764,0.0167643130368092,-0.000358200024584331,"Will Hernandez","ARI","OL",2022
"1930","00-0036844",1690,-0.00394149698628816,0.016608927700655,-0.000358317907844379,"Garret Wallow","HOU","LB",2022
"1931","00-0035939",1292,-0.00395186922505175,0.016703411642332,-0.000359260838641068,"Bryce Perkins","LA","QB",2022
"1932","00-0037840",2136,-0.00395359155042665,0.0174104065946594,-0.00035941741367515,"Kyren Williams","LA","RB",2022
"1933","00-0036307",1444,-0.00395360485194615,0.0171520695118323,-0.000359418622904195,"Kindle Vildor","CHI","DB",2022
"1934","00-0036922",1754,-0.00395858253275517,0.0164923999864286,-0.000359871139341379,"Patrick Johnson","PHI","LB",2022
"1935","00-0036311",1447,-0.0039668706925021,0.0173669639216737,-0.000360624608409282,"Bravvion Roy","CAR","DL",2022
"1936","00-0037464",2018,-0.00404053280994812,0.0177423026578703,-0.000367321164540738,"Jacobi Francis","HOU","DB",2022
"1937","00-0034265",757,-0.004046019733046,0.0169097882147152,-0.000367819975731455,"Anthony Averett","LV","DB",2022
"1938","00-0036727",1665,-0.00405786700280951,0.0168331614230105,-0.00036889700025541,"Adam Prentice","NO","RB",2022
"1939","00-0031503",256,-0.00407087500261277,0.0167830482655759,-0.00037007954569207,"Jameis Winston","NO","QB",2022
"1940","00-0031583",273,-0.00407458366937017,0.0171134729688322,-0.00037041669721547,"Grady Jarrett","ATL","DL",2022
"1941","00-0035672",1214,-0.0040746692024985,0.0164248045492916,-0.000370424472954409,"Cody Barton","SEA","LB",2022
"1942","00-0037755",2099,-0.00409654146053617,0.0166284935812931,-0.000372412860048743,"Jelani Woods","IND","TE",2022
"1943","00-0034843",953,-0.00409954549395159,0.0166706524426247,-0.0003726859539956,"Mike Hughes","DET","DB",2022
"1944","00-0035950",1296,-0.00411128725257059,0.0157634860985132,-0.000373753386597327,"Myles Hartsfield","CAR","DB",2022
"1945","00-0037491",2026,-0.00412942808668659,0.0171709772233442,-0.000375402553335144,"J.J. Russell","TB","LB",2022
"1946","00-0037208",1894,-0.00414083704825462,0.0166372912143984,-0.000376439731659511,"Jack Cochrane","KC","LB",2022
"1947","00-0036105",1331,-0.00414764435214711,0.0156831651181155,-0.000377058577467919,"Nick Leverett","TB","OL",2022
"1948","00-0036366",1489,-0.00417043645133261,0.0167917210845593,-0.000379130586484782,"Neville Gallimore","DAL","DL",2022
"1949","00-0038093",2154,-0.00417144198056552,0.0172022780181636,-0.000379221998233229,"Neil Farrell","LV","DL",2022
"1950","00-0034856",960,-0.00417217762586084,0.0159003097326189,-0.000379288875078258,"Denzel Ward","CLE","DB",2022
"1951","00-0035692",1228,-0.00417590548365964,0.0153312046109188,-0.000379627771241785,"Clelin Ferrell","LV","DL",2022
"1952","00-0034496",854,-0.00417701318597611,0.0164344141116143,-0.000379728471452374,"Sean Chandler","CAR","DB",2022
"1953","00-0036682",1657,-0.00417702509034149,0.0167062073966152,-0.000379729553667409,"Malik Herring","KC","DL",2022
"1954","00-0038123",2182,-0.00418509423425773,0.0169643479531453,-0.000380463112205248,"Dane Belton","NYG","DB",2022
"1955","00-0035244",1068,-0.00420199276410733,0.0166091658983068,-0.000381999342191575,"Lonnie Johnson","TEN","DB",2022
"1956","00-0036930",1759,-0.00420759250829978,0.0177428478234097,-0.000382508409845434,"Landon Young","NO","OL",2022
"1957","00-0037323",1976,-0.00421934194852456,0.0156009071128072,-0.00038357654077496,"Rodney Thomas","IND","DB",2022
"1958","00-0032688",430,-0.00424105563673817,0.0166646267363167,-0.000385550512430743,"Robby Anderson","ARI","WR",2022
"1959","00-0033045",480,-0.00424258797550628,0.0164285022709314,-0.000385689815955116,"Ezekiel Elliott","DAL","RB",2022
"1960","00-0035258",1077,-0.00424721322427147,0.0167350932851772,-0.000386110293115588,"Hjalte Froholdt","CLE","OL",2022
"1961","00-0032602",422,-0.00425249485409843,0.0173867574436732,-0.000386590441281676,"J.D. McKissic","WAS","RB",2022
"1962","00-0034818",941,-0.00425551457650139,0.016979418790304,-0.000386864961500126,"Derrick Nnadi","KC","DL",2022
"1963","00-0036068",1323,-0.00426396269772862,0.0167849582863829,-0.000387632972520784,"Jamir Jones","PIT","LB",2022
"1964","00-0027943",49,-0.00426461914936439,0.0169495765311398,-0.000387692649942217,"Patrick Peterson","MIN","DB",2022
"1965","00-0032071",322,-0.00426748486243636,0.0170545938936178,-0.000387953169312396,"Trenton Brown","NE","OL",2022
"1966","00-0036924",1755,-0.00427202874293677,0.0170136414042293,-0.000388366249357888,"Michael Carter","NYJ","RB",2022
"1967","00-0037819",2120,-0.00427728375625458,0.0159001518041627,-0.000388843977841326,"Leo Chenal","KC","LB",2022
"1968","00-0037314",1968,-0.00427774400803689,0.0170268080774186,-0.000388885818912445,"Isaiah Thomas","CLE","DL",2022
"1969","00-0036572",1593,-0.00428233251207657,0.0162625869113977,-0.000389302955643325,"Shi Smith","CAR","WR",2022
"1970","00-0036334",1464,-0.00432048098907861,0.0166317926769429,-0.000392770999007146,"Saahdiq Charles","WAS","OL",2022
"1971","00-0034234",749,-0.00436009891400026,0.0163353753277102,-0.000396372628545478,"Poona Ford","SEA","DL",2022
"1972","00-0036326",1456,-0.0043648732277886,0.0161742968084395,-0.00039680665707169,"Chase Claypool","CHI","WR",2022
"1973","00-0033282",529,-0.00437504703975523,0.0160017173428252,-0.000397731549068658,"Curtis Samuel","WAS","WR",2022
"1974","00-0033897",666,-0.00438916959612403,0.017015415610901,-0.000399015417829457,"Joe Mixon","CIN","RB",2022
"1975","00-0033455",563,-0.00439196598051924,0.0164378648402679,-0.000399269634592658,"Anthony Firkser","ATL","TE",2022
"1976","00-0031363",234,-0.00441872845385474,0.0175332116759482,-0.000401702586714067,"Michael Palardy","NE","P",2022
"1977","00-0037288",1948,-0.00442284120798225,0.0169873149048378,-0.000402076473452932,"Christian Benford","BUF","DB",2022
"1978","00-0032775",445,-0.00443999589924656,0.0165606139102566,-0.000403635990840597,"Demarcus Robinson","BAL","WR",2022
"1979","00-0032203",351,-0.00444365398195719,0.0163634827692709,-0.00040396854381429,"Andrus Peat","NO","OL",2022
"1980","00-0036557",1582,-0.00446731951294501,0.0163540905718795,-0.000406119955722273,"Jaylon Moore","SF","OL",2022
"1981","00-0037250",1914,-0.0044790541991765,0.0167770924267274,-0.000407186745379682,"Martin Emerson","CLE","DB",2022
"1982","00-0034468",847,-0.00448558540043081,0.0171234492381207,-0.000407780490948255,"Chandon Sullivan","MIN","DB",2022
"1983","00-0035355",1121,-0.00452287212779381,0.0180528585893647,-0.000411170193435801,"Blake Hance","JAX","OL",2022
"1984","00-0029263",91,-0.00452557152644187,0.0162284693547339,-0.000411415593312897,"Russell Wilson","DEN","QB",2022
"1985","00-0036990",1807,-0.00452844155401666,0.0170040934178525,-0.000411676504910605,"Divine Deablo","LV","LB",2022
"1986","00-0036391",1507,-0.00454931818617143,0.0164477226733196,-0.000413574380561039,"Lloyd Cushenberry","DEN","OL",2022
"1987","00-0032416",395,-0.00461632253908657,0.0162821069645082,-0.000419665685371506,"Quinton Jefferson","SEA","DL",2022
"1988","00-0037261",1925,-0.00462401642771034,0.0168142183276206,-0.000420365129791849,"Khalil Shakir","BUF","WR",2022
"1989","00-0037363",1991,-0.00465356765259008,0.0168861203477248,-0.000423051604780917,"Marquan McCall","CAR","DL",2022
"1990","00-0036363",1486,-0.004664303422109,0.0165988936829761,-0.000424027583828091,"Josh Jones","ARI","OL",2022
"1991","00-0034364",797,-0.00471079666083498,0.0170781667699742,-0.000428254241894089,"Jordan Akins","HOU","TE",2022
"1992","00-0036898",1733,-0.00471189108009923,0.016778713267255,-0.000428353734554476,"Davis Mills","HOU","QB",2022
"1993","00-0036590",1601,-0.00471233605907684,0.0158187431635877,-0.000428394187188804,"Quintin Morris","BUF","TE",2022
"1994","00-0035298",1102,-0.00474078741177666,0.0172146291936323,-0.000430980673797878,"Scott Miller","TB","WR",2022
"1995","00-0031067",197,-0.00480676387817906,0.0158891542262194,-0.000436978534379915,"Cameron Fleming","DEN","OL",2022
"1996","00-0033057",487,-0.00481568944046103,0.016777916580618,-0.000437789949132821,"Jack Conklin","CLE","OL",2022
"1997","00-0032134",332,-0.00481891152048186,0.0168076127168831,-0.000438082865498351,"C.J. Uzomah","NYJ","TE",2022
"1998","00-0031325",225,-0.00481921617897665,0.0175852830792315,-0.00043811056172515,"Sammy Watkins","BAL","WR",2022
"1999","00-0038135",2193,-0.00483196820207863,0.0160769825726106,-0.000439269836552603,"Jaquan Brisker","CHI","DB",2022
"2000","00-0036439",1544,-0.00483590239095561,0.0161032054728629,-0.000439627490086873,"Tyrie Cleveland","PHI","WR",2022
"2001","00-0034803",931,-0.00483889014039886,0.0163574142833999,-0.000439899103672623,"Joseph Noteboom","LA","OL",2022
"2002","00-0031273",218,-0.00484504990377963,0.0174997634219753,-0.000440459082161785,"Cameron Brate","TB","TE",2022
"2003","00-0037259",1923,-0.00488504935873491,0.0167770087266195,-0.000444095396248628,"Micah McFadden","NYG","LB",2022
"2004","00-0033481",567,-0.00490269958456568,0.0176482055553592,-0.000445699962233244,"Marcus Kemp","KC","WR",2022
"2005","00-0031039",191,-0.00491250162373039,0.0170309065296925,-0.000446591056702762,"James Ferentz","NE","OL",2022
"2006","00-0032242",362,-0.00491856605271851,0.0162933113062435,-0.000447142368428955,"Rob Havenstein","LA","OL",2022
"2007","00-0038119",2178,-0.00492323635722675,0.0175369562637371,-0.000447566941566068,"Jalyn Armour-Davis","BAL","DB",2022
"2008","00-0035973",1301,-0.00492538050184251,0.016980844623105,-0.000447761863803865,"Patrick Taylor","GB","RB",2022
"2009","00-0036198",1366,-0.00502353988592613,0.0162160190551005,-0.000456685444175103,"Michael Onwenu","NE","OL",2022
"2010","00-0030706",177,-0.00502399606808342,0.0173426239860592,-0.000456726915280311,"Josh Andrews","NO","OL",2022
"2011","00-0035995",1307,-0.00503094330601685,0.0169028285808785,-0.000457358482365169,"Grayland Arnold","HOU","DB",2022
"2012","00-0032965",467,-0.00503237202729132,0.0163921251374662,-0.000457488366117393,"Ronnie Stanley","BAL","OL",2022
"2013","00-0034804",932,-0.00503512892761378,0.0170440136514013,-0.000457738993419434,"Brian Allen","LA","OL",2022
"2014","00-0036429",1539,-0.00504239709609415,0.0166987017645175,-0.000458399736008559,"Charlie Woerner","SF","TE",2022
"2015","00-0034208",747,-0.00505140280752534,0.0169721893611179,-0.000459218437047758,"Mike Boone","DEN","RB",2022
"2016","00-0031500",255,-0.00506006466725749,0.0164703903046193,-0.00046000587884159,"Efe Obada","WAS","DL",2022
"2017","00-0035252",1074,-0.00506789682846334,0.0165093504976867,-0.000460717893496668,"Yodny Cajuste","NE","OL",2022
"2018","00-0036182",1357,-0.00506882479207881,0.0161416560307935,-0.000460802253825346,"Nick Westbrook-Ikhine","TEN","WR",2022
"2019","00-0037828",2127,-0.00509952610564731,0.0168666533009846,-0.000463593282331574,"Danny Gray","SF","WR",2022
"2020","00-0034855",959,-0.00510331393314918,0.0166213956715648,-0.00046393763028629,"Baker Mayfield","LA","QB",2022
"2021","00-0037011",1828,-0.00511263808458823,0.0162835707596794,-0.000464785280417112,"Tre' McKitty","LAC","TE",2022
"2022","00-0035860",1273,-0.00511385991013996,0.016488521331299,-0.000464896355467269,"Tony Jones","SEA","RB",2022
"2023","00-0033906",673,-0.00518702729562928,0.0164032858236592,-0.000471547935966298,"Alvin Kamara","NO","RB",2022
"2024","00-0036249",1398,-0.00519753973163138,0.0172723549182071,-0.000472503611966489,"Julian Okwara","DET","LB",2022
"2025","00-0034743",897,-0.00521375139828814,0.0161582242259273,-0.000473977399844376,"Rashaan Evans","ATL","LB",2022
"2026","00-0037804",2106,-0.00522818652227735,0.0171890796990882,-0.000475289683843395,"Zach Carter","CIN","DL",2022
"2027","00-0037984",2142,-0.00524085954720798,0.0168148415778021,-0.000476441777018907,"Damarion Williams","BAL","DB",2022
"2028","00-0034436",839,-0.00526447446384501,0.01708547698146,-0.000478588587622273,"Will Clapp","LAC","OL",2022
"2029","00-0035270",1087,-0.00526683981737641,0.0166799167481258,-0.000478803619761492,"Amani Oruwariye","DET","DB",2022
"2030","00-0033052",485,-0.00528713467192586,0.0167764940191069,-0.000480648606538715,"Jaylon Smith","NYG","LB",2022
"2031","00-0034104",721,-0.00536094419352194,0.0160284261990045,-0.00048735856304745,"Cam Sims","WAS","WR",2022
"2032","00-0034827",943,-0.00536143388862034,0.0166169881898194,-0.000487403080783668,"D.J. Moore","CAR","WR",2022
"2033","00-0033878",650,-0.00536318950500905,0.015967221380719,-0.00048756268227355,"Adoree' Jackson","NYG","DB",2022
"2034","00-0036401",1515,-0.00536694828154723,0.0165793778971863,-0.000487904389231566,"Shaun Bradley","PHI","LB",2022
"2035","00-0028224",68,-0.00544818978978266,0.0161598735022926,-0.000495289980889333,"Chris Harris","NO","DB",2022
"2036","00-0036396",1511,-0.00546752910252651,0.0169665773570373,-0.000497048100229683,"Jack Driscoll","PHI","OL",2022
"2037","00-0037087",1854,-0.00546851242011508,0.0161895320166069,-0.000497137492737734,"Trestan Ebner","CHI","RB",2022
"2038","00-0032774",444,-0.00553442138844941,0.0163073043262599,-0.000503129217131764,"Deon Bush","KC","DB",2022
"2039","00-0030578",171,-0.00554860119045048,0.0165909032735244,-0.000504418290040953,"Cordarrelle Patterson","ATL","RB",2022
"2040","00-0036335",1465,-0.00555477939067895,0.0163627000379706,-0.000504979944607177,"D.J. Wonnum","MIN","LB",2022
"2041","00-0036951",1776,-0.00555657647486285,0.0185755416999813,-0.000505143315896623,"Frank Darby","ATL","WR",2022
"2042","00-0035674",1215,-0.00556150201014032,0.0159357849769564,-0.000505591091830938,"Jerry Tillery","LV","DL",2022
"2043","00-0034798",928,-0.0056051785694049,0.0163410366388425,-0.000509561688127718,"Durham Smythe","MIA","TE",2022
"2044","00-0036480",1555,-0.00561956946835474,0.0178497397465867,-0.000510869951668613,"Dayo Odeyingbo","IND","DL",2022
"2045","00-0036409",1521,-0.00562709229413319,0.0171468420078101,-0.000511553844921199,"Jordyn Brooks","SEA","LB",2022
"2046","00-0026166",16,-0.00563068629036653,0.0169271454035877,-0.000511880571851503,"Duane Brown","NYJ","OL",2022
"2047","00-0034992",998,-0.0056345504398484,0.0165303294604058,-0.000512231858168037,"Armon Watts","CHI","DL",2022
"2048","00-0036568",1590,-0.00565222904074091,0.0164836374946676,-0.000513839003703719,"Roy Lopez","HOU","DL",2022
"2049","00-0037268",1932,-0.00568090343858781,0.0167834941052072,-0.000516445767144347,"Zyon McCollum","TB","DB",2022
"2050","00-0032951",464,-0.00568529537797192,0.0172124669031617,-0.000516845034361084,"Laquon Treadwell","SEA","WR",2022
"2051","00-0034527",864,-0.0057146851701458,0.016590854047468,-0.000519516833649618,"Ryan Neal","SEA","DB",2022
"2052","00-0036843",1689,-0.0057164617180405,0.0167055433316747,-0.000519678338003681,"Isaiahh Loudermilk","PIT","DL",2022
"2053","00-0033903",670,-0.00571884943891835,0.0160851921174614,-0.000519895403538032,"Josh Jones","SEA","DB",2022
"2054","00-0031095",199,-0.00572811835464328,0.0160848484634778,-0.000520738032240299,"Charles Leno","WAS","OL",2022
"2055","00-0030108",146,-0.00572995790217674,0.017052013939363,-0.000520905263834249,"Ryan Griffin","CHI","TE",2022
"2056","00-0034790",922,-0.005730915539652,0.0156568225448839,-0.000520992321786546,"Derwin James","LAC","DB",2022
"2057","00-0034054",713,-0.00573354370905762,0.016854387531549,-0.000521231246277965,"River Cracraft","MIA","WR",2022
"2058","00-0032052",314,-0.0057749584219337,0.0165582193655674,-0.000524996220175791,"Dante Fowler","DAL","LB",2022
"2059","00-0027862",41,-0.00578643227787716,0.0164752376958339,-0.000526039297988832,"Tyson Alualu","PIT","DL",2022
"2060","00-0035646",1196,-0.00579075834290745,0.0156301588318541,-0.00052643257662795,"Sione Takitaki","CLE","LB",2022
"2061","00-0036171",1354,-0.00587774166725128,0.0172212529723717,-0.000534340151568298,"Aaron Brewer","TEN","OL",2022
"2062","00-0032395",386,-0.00588879064611876,0.0164457499625879,-0.000535344604192615,"Graham Glasgow","DEN","OL",2022
"2063","00-0037745",2092,-0.00588906538397429,0.016685023507491,-0.000535369580361299,"Velus Jones","CHI","WR",2022
"2064","00-0037272",1935,-0.00590590427968113,0.0171101087704141,-0.000536900389061921,"Montrell Washington","DEN","WR",2022
"2065","00-0033336",547,-0.00590611961242187,0.0170476432873838,-0.000536919964765625,"Eric Wilson","GB","LB",2022
"2066","00-0033118",509,-0.00591133852629785,0.0164676700899055,-0.000537394411481623,"Kenyan Drake","BAL","RB",2022
"2067","00-0035510",1152,-0.00591510597486385,0.0174818222017646,-0.000537736906805804,"Jeff Smith","NYJ","WR",2022
"2068","00-0032466",410,-0.00592486669648403,0.0171506214639596,-0.000538624245134912,"George Fant","NYJ","OL",2022
"2069","00-0035146",1032,-0.00593400095397819,0.017468386783221,-0.000539454632179836,"Trace McSorley","ARI","QB",2022
"2070","00-0037740",2087,-0.00594134158384158,0.0170250431381206,-0.000540121962167416,"Garrett Wilson","NYJ","WR",2022
"2071","00-0038104",2165,-0.00594241776406665,0.0173681634832874,-0.000540219796733332,"Tyquan Thornton","NE","WR",2022
"2072","00-0032655",424,-0.00594571532401848,0.0172598176213487,-0.000540519574910771,"Romeo Okwara","DET","LB",2022
"2073","00-0035864",1275,-0.00595605427961364,0.0163468603202053,-0.000541459479964877,"Kendall Hinton","DEN","WR",2022
"2074","00-0034350",786,-0.00599529819990272,0.0164404540838738,-0.000545027109082065,"Uchenna Nwosu","SEA","LB",2022
"2075","00-0037569",2048,-0.00599587454217034,0.0161486584440187,-0.000545079503833667,"Peyton Hendershot","DAL","TE",2022
"2076","00-0036407",1519,-0.00602147449883625,0.0166093961466763,-0.000547406772621477,"Jerry Jeudy","DEN","WR",2022
"2077","00-0029567",102,-0.00602166575266151,0.0171724755898167,-0.000547424159332864,"Nick Foles","IND","QB",2022
"2078","00-0037086",1853,-0.00602823387619382,0.0167922646247546,-0.000548021261472165,"Grant Calcaterra","PHI","TE",2022
"2079","00-0033588",604,-0.0060531005440847,0.0177045947722637,-0.000550281867644064,"Isaac Rochell","LV","DL",2022
"2080","00-0036916",1748,-0.00606159236779692,0.0159718725761831,-0.000551053851617902,"Milton Williams","PHI","DL",2022
"2081","00-0036909",1743,-0.00607142595372865,0.0167467222076299,-0.000551947813975332,"Khyiris Tonga","MIN","DL",2022
"2082","00-0030829",183,-0.00607751685467969,0.0163677268374554,-0.000552501532243608,"Josh Wells","TB","OL",2022
"2083","00-0032234",361,-0.00610930026052729,0.0160910921959795,-0.000555390932775208,"Laken Tomlinson","NYJ","OL",2022
"2084","00-0035644",1194,-0.00615073909763993,0.0165318322084731,-0.000559158099785449,"Noah Fant","SEA","TE",2022
"2085","00-0035664",1207,-0.00616810995377277,0.0172740846844368,-0.000560737268524798,"Darrell Henderson","JAX","RB",2022
"2086","00-0038127",2186,-0.00618924842816289,0.016180578274043,-0.000562658948014808,"Logan Hall","TB","DL",2022
"2087","00-0033537",576,-0.00621634933600629,0.01753854725463,-0.000565122666909663,"Deshaun Watson","CLE","QB",2022
"2088","00-0037617",2069,-0.00626323617941446,0.0162725682427729,-0.000569385107219496,"Hassan Haskins","TEN","RB",2022
"2089","00-0033880",652,-0.00627887380885442,0.0166795900016198,-0.000570806709895856,"Charles Harris","DET","LB",2022
"2090","00-0033576",599,-0.00628158142983225,0.016702302584713,-0.000571052857257477,"Eric Saubert","DEN","TE",2022
"2091","00-0031549",261,-0.00630112510135217,0.017252782355499,-0.000572829554668379,"Nelson Agholor","NE","WR",2022
"2092","00-0036862",1706,-0.00630468740463813,0.0165623239372623,-0.000573153400421648,"Ben Skowronek","LA","WR",2022
"2093","00-0033439",560,-0.00635410150983581,0.0167950493300303,-0.000577645591803256,"Pharaoh Brown","CLE","TE",2022
"2094","00-0033793",631,-0.00637351328969837,0.0167528032613261,-0.000579410299063488,"Corey Levin","TEN","OL",2022
"2095","00-0037667",2084,-0.00644131041132062,0.0167787008639263,-0.00058557367375642,"Kerby Joseph","DET","DB",2022
"2096","00-0036285",1425,-0.00649293402624447,0.016645476883732,-0.000590266729658589,"A.J. Terrell","ATL","DB",2022
"2097","00-0034348",785,-0.0064998078615254,0.0163618825041428,-0.000590891623775036,"Courtland Sutton","DEN","WR",2022
"2098","00-0032432",399,-0.00650070062632818,0.0158877015824282,-0.000590972784211653,"Wes Schweitzer","WAS","OL",2022
"2099","00-0033549",587,-0.00651941849476417,0.0168081376492403,-0.000592674408614925,"Duke Riley","MIA","LB",2022
"2100","00-0034762",907,-0.00652314032644863,0.0172035889890455,-0.000593012756949876,"Billy Price","ARI","OL",2022
"2101","00-0037311",1966,-0.006543598510102,0.0159580614902993,-0.000594872591827454,"Ko Kieft","TB","TE",2022
"2102","00-0033918",682,-0.00655953939162159,0.0166688525668815,-0.00059632176287469,"Fabian Moreau","NYG","DB",2022
"2103","00-0035227",1053,-0.00658838231525728,0.0164348582536765,-0.000598943846841571,"P.J. Locke","DEN","DB",2022
"2104","00-0036302",1439,-0.00662947829167924,0.0159468477279642,-0.000602679844698113,"Jaylinn Hawkins","ATL","DB",2022
"2105","00-0036428",1538,-0.00664209517235176,0.0174234420357048,-0.00060382683385016,"Justin Strnad","DEN","LB",2022
"2106","00-0035254",1076,-0.00669090623962348,0.016372892390132,-0.000608264203602134,"Anthony Nelson","TB","LB",2022
"2107","00-0038128",2187,-0.00675451345037566,0.0176115392193644,-0.000614046677306879,"Malik Willis","TEN","QB",2022
"2108","00-0027940",47,-0.00677594219408596,0.0161897452843505,-0.000615994744916906,"Von Miller","BUF","LB",2022
"2109","00-0030564",168,-0.00682213852301676,0.0166649773154188,-0.000620194411183342,"DeAndre Hopkins","ARI","WR",2022
"2110","00-0034296",768,-0.00682374162552537,0.0160709576584066,-0.000620340147775033,"Ben Niemann","ARI","LB",2022
"2111","00-0033908",675,-0.00685176487171973,0.0164558245192325,-0.000622887715610884,"Cooper Kupp","LA","WR",2022
"2112","00-0035708",1241,-0.0068703593230718,0.0167424823109675,-0.000624578120279255,"Oshane Ximines","NYG","LB",2022
"2113","00-0031595",278,-0.00689888235236465,0.0171801848363325,-0.000627171122942241,"Michael Burton","KC","RB",2022
"2114","00-0037109",1865,-0.00698625533495739,0.0166364363897715,-0.000635114121359763,"Jack Sanborn","CHI","LB",2022
"2115","00-0036202",1368,-0.00700047791461833,0.016765900865291,-0.000636407083147121,"Dieter Eiselen","CHI","OL",2022
"2116","00-0035637",1188,-0.0070073664659,0.0161616465532509,-0.000637033315081818,"Rock Ya-Sin","LV","DB",2022
"2117","00-0036934",1762,-0.00700768073380448,0.0160208886001583,-0.000637061884891316,"Jaelan Phillips","MIA","LB",2022
"2118","00-0032968",469,-0.00702645014449294,0.0163568080286606,-0.000638768194953903,"Myles Jack","PIT","LB",2022
"2119","00-0034344",781,-0.0070378971406976,0.0168215583203809,-0.000639808830972509,"Marcus Davenport","NO","DL",2022
"2120","00-0036893",1728,-0.00705343985984234,0.0160458754589587,-0.000641221805440213,"Najee Harris","PIT","RB",2022
"2121","00-0035300",1103,-0.0070643109939983,0.0166619729421142,-0.000642210090363482,"Dennis Daley","TEN","OL",2022
"2122","00-0036972",1791,-0.00707176690786265,0.0172276691756879,-0.000642887900714786,"Mac Jones","NE","QB",2022
"2123","00-0038043",2148,-0.00709213114444595,0.0172979866059544,-0.000644739194949632,"Joshua Williams","KC","DB",2022
"2124","00-0036962",1784,-0.00711121838119191,0.0170031153294616,-0.000646474398290174,"Trevon Moehrig","LV","DB",2022
"2125","00-0032129",330,-0.00711977326987569,0.0165196387127458,-0.000647252115443245,"Jordan Hicks","MIN","LB",2022
"2126","00-0033011",477,-0.00721588090024908,0.0170202533599942,-0.000655989172749917,"Connor McGovern","NYJ","OL",2022
"2127","00-0036276",1420,-0.00725543369661206,0.0175076910004021,-0.000659584881510187,"Jacob Phillips","CLE","LB",2022
"2128","00-0036949",1774,-0.00728030893447259,0.0163903484697119,-0.000661846266770235,"Adetokunbo Ogundeji","ATL","LB",2022
"2129","00-0032054",316,-0.00729169524826201,0.017547073302047,-0.000662881386205637,"Breshad Perriman","TB","WR",2022
"2130","00-0034756",904,-0.00729269179486091,0.0166961923914762,-0.000662971981350992,"Tre Flowers","CIN","DB",2022
"2131","00-0036123",1335,-0.00736850041417651,0.0177216308997108,-0.000669863674016046,"Brandon Walton","TB","OL",2022
"2132","00-0036940",1767,-0.00741552716122364,0.0159003811793042,-0.000674138832838513,"Odafe Oweh","BAL","LB",2022
"2133","00-0033090",498,-0.00743945840037946,0.0167366397655325,-0.000676314400034496,"Hunter Henry","NE","TE",2022
"2134","00-0035278",1093,-0.00744826621498356,0.0165133162897869,-0.000677115110453051,"Byron Cowart","IND","DL",2022
"2135","00-0029316",94,-0.00749548289384205,0.0167208186443103,-0.000681407535803822,"Kelvin Beachum","ARI","OL",2022
"2136","00-0037611",2064,-0.0075423381358449,0.0161733719712342,-0.000685667103258627,"Kayvon Thibodeaux","NYG","LB",2022
"2137","00-0033445",561,-0.00754611603152312,0.0169559529536705,-0.000686010548320284,"Nicholas Morrow","CHI","LB",2022
"2138","00-0036274",1418,-0.00758309663374375,0.0167676001728381,-0.000689372421249432,"Jeff Okudah","DET","DB",2022
"2139","00-0036252",1401,-0.00758684377667614,0.0164837906879393,-0.000689713070606922,"Michael Pittman","IND","WR",2022
"2140","00-0031236",208,-0.00761974266347145,0.0165297848439665,-0.000692703878497405,"Brandin Cooks","HOU","WR",2022
"2141","00-0034974",989,-0.00765796153261232,0.01606695861078,-0.000696178321146575,"Julian Love","NYG","DB",2022
"2142","00-0034577",869,-0.00766015997899533,0.0168414375212438,-0.000696378179908666,"Kyle Allen","HOU","QB",2022
"2143","00-0034860",963,-0.00768406290220122,0.0170908909579116,-0.000698551172927383,"Dante Pettis","CHI","WR",2022
"2144","00-0037192",1885,-0.00768867251831837,0.0171084934576439,-0.000698970228938033,"George Karlaftis","KC","DL",2022
"2145","00-0033913",679,-0.00773395020847495,0.0171114843127668,-0.000703086382588632,"Chris Wormley","PIT","DL",2022
"2146","00-0037327",1978,-0.00788185559958919,0.0168318814304062,-0.000716532327235381,"Skylar Thompson","MIA","QB",2022
"2147","00-0037809",2110,-0.00799891772271883,0.0158866670714351,-0.000727174338428984,"Chigoziem Okonkwo","TEN","TE",2022
"2148","00-0036502",1562,-0.00810196796851179,0.016784336607417,-0.000736542542591981,"Jason Pinnock","NYG","DB",2022
"2149","00-0032208",352,-0.00812959304883993,0.0165184657292948,-0.000739053913530903,"Phillip Dorsett","HOU","WR",2022
"2150","00-0035662",1205,-0.00823190187668283,0.0162431764276652,-0.000748354716062075,"Marquise Brown","ARI","WR",2022
"2151","00-0033595",607,-0.00823843985930904,0.0164285230288008,-0.000748949078119003,"Pat O'Connor","TB","DL",2022
"2152","00-0037277",1940,-0.0082477288444789,0.0162123078570565,-0.000749793531316264,"Teagan Quitoriano","HOU","TE",2022
"2153","00-0034515",860,-0.00825263597525207,0.0169264755138601,-0.000750239634113825,"Dee Delaney","TB","DB",2022
"2154","00-0036187",1358,-0.00826196317589287,0.0163678560207053,-0.000751087561444806,"Reggie Gilliam","BUF","RB",2022
"2155","00-0033110",506,-0.00828624143332329,0.016674330205595,-0.000753294675756663,"Tyler Higbee","LA","TE",2022
"2156","00-0036483",1557,-0.0083236373678185,0.0165427712437962,-0.000756694306165318,"Will Fries","IND","OL",2022
"2157","00-0036328",1458,-0.00841008315843694,0.0156517777560451,-0.000764553014403359,"Antonio Gibson","WAS","RB",2022
"2158","00-0034011",710,-0.00841249180721937,0.0167439118520283,-0.000764771982474488,"Dan Arnold","JAX","TE",2022
"2159","00-0036980",1798,-0.00844023781463454,0.0175280940576803,-0.000767294346784958,"Elijah Moore","NYJ","WR",2022
"2160","00-0036920",1752,-0.00849403502944901,0.0178156879488195,-0.000772185002677183,"Marlon Tuipulotu","PHI","DL",2022
"2161","00-0032790",448,-0.00852690476896216,0.016947360462033,-0.000775173160814742,"DeAndre Houston-Carson","CHI","DB",2022
"2162","00-0034765",909,-0.00854680545868041,0.017418929382713,-0.000776982314425491,"Tre'Quan Smith","NO","WR",2022
"2163","00-0033553",590,-0.00858652314876491,0.0169029189665647,-0.000780593013524082,"James Conner","ARI","RB",2022
"2164","00-0034357",792,-0.00867738376256802,0.0167584355977683,-0.000788853069324366,"Isaiah Oliver","ATL","DB",2022
"2165","00-0036876",1715,-0.00873462828354171,0.0163369478190519,-0.00079405711668561,"Kylen Granson","IND","TE",2022
"2166","00-0036300",1438,-0.00881212799985931,0.0162634151095034,-0.000801102545441756,"Mykal Walker","ATL","LB",2022
"2167","00-0035702",1237,-0.00883528030121306,0.01651465970242,-0.000803207300110278,"Dalton Risner","DEN","OL",2022
"2168","00-0037525",2035,-0.00895527715467003,0.0170215671160073,-0.000814116104970003,"Jordan Mason","SF","RB",2022
"2169","00-0037744",2091,-0.00896521332900139,0.0157225842838765,-0.000815019393545581,"Trey McBride","ARI","TE",2022
"2170","00-0033914",680,-0.00900045444339739,0.0165011708806069,-0.000818223131217945,"Alex Anzalone","DET","LB",2022
"2171","00-0033909",676,-0.00901763401936097,0.0174239529754754,-0.000819784910850998,"Pat Elflein","CAR","OL",2022
"2172","00-0034145",729,-0.00903607391664518,0.016368107412543,-0.000821461265149562,"Chris Lammons","KC","DB",2022
"2173","00-0032725",432,-0.00904520179853519,0.0169667148467062,-0.000822291072594108,"Stephen Anderson","ARI","TE",2022
"2174","00-0036935",1763,-0.00910640324912004,0.0162692099005514,-0.000827854840829095,"Kelvin Joseph","DAL","DB",2022
"2175","00-0033792",630,-0.00913466985453907,0.0172892519790417,-0.000830424532230824,"Rudy Ford","GB","DB",2022
"2176","00-0037237",1901,-0.0093816404315953,0.0166357055563819,-0.0008528764028723,"Derek Stingley","HOU","DB",2022
"2177","00-0036556",1581,-0.00955777106165135,0.0167173597704541,-0.000868888278331941,"Brevin Jordan","HOU","TE",2022
"2178","00-0037106",1864,-0.00970351837455005,0.0159292242239425,-0.000882138034050005,"Jaylon Jones","CHI","DB",2022
"2179","00-0032255",363,-0.00976874718959998,0.0167202663504674,-0.000888067926327271,"A.J. Cann","HOU","OL",2022
"2180","00-0033386",553,-0.00980314827173897,0.0171491840862502,-0.000891195297430816,"Cody Hollister","TEN","WR",2022
"2181","00-0034367",800,-0.00990055147582753,0.0169943324459919,-0.000900050134166139,"Nyheim Hines","BUF","RB",2022
"2182","00-0032132",331,-0.0101053259487746,0.0168650689293175,-0.00091866599534315,"Max Garcia","ARI","OL",2022
"2183","00-0034836",950,-0.0111095548849456,0.0161368486996548,-0.00100995953499506,"Braden Smith","IND","OL",2022
"2184","00-0034270",759,-0.0111782950615957,0.0161451390608223,-0.00101620864196325,"Tyler Conklin","NYJ","TE",2022
"2185","00-0037613",2066,-0.011384962639416,0.0157711980976231,-0.00103499660358328,"Kenyon Green","HOU","OL",2022
"2186","00-0032380",374,-0.0114818487978343,0.0164217143521169,-0.00104380443616676,"Laremy Tunsil","HOU","OL",2022
"2187","00-0032398",387,-0.0114885221775079,0.0160980983818255,-0.00104441110704617,"Chris Moore","HOU","WR",2022
"2188","00-0032412",393,-0.0115550611722539,0.0160033466062292,-0.00105046010656854,"Dean Lowry","GB","DL",2022
"2189","00-0035234",1059,-0.0116790389716624,0.0165897597552298,-0.00106173081560567,"Tytus Howard","HOU","OL",2022
"2190","00-0034342",780,-0.0119042378785764,0.0160491622919946,-0.00108220344350694,"Quenton Nelson","IND","OL",2022
"2191","00-0032383",377,-0.0127884134966245,0.0163000262659241,-0.00116258304514768,"Ryan Kelly","IND","OL",2022
"2192","00-0036561",1586,-0.0128345734210631,0.0174859653563227,-0.00116677940191483,"Keith Taylor","CAR","DB",2022
"2193","00-0033964",706,-0.0128742068874152,0.0165507646379397,-0.00117038244431048,"Al-Quadin Muhammad","CHI","DL",2022
"2194","00-0037757",2101,-0.0132175822062386,0.0164917000427859,-0.00120159838238533,"Bernhard Raimann","IND","OL",2022
"2195","00-0034392",819,-0.0134839525422489,0.0165377192677916,-0.00122581386747718,"Scott Quessenberry","HOU","OL",2022
"2196","00-0030288",150,-0.0148155783237518,0.0173133657268669,-0.00134687075670471,"Rex Burkhead","HOU","RB",2022
"2197","00-0033217",521,-0.0157390826105682,0.0167668482438176,-0.00143082569186983,"Mo Alie-Cox","IND","TE",2022
