"","nfl_id","player_idx","apm","apm_sd","apm_per_play","full_name","team","position","season"
"1","00-0033040",1310,0.0250263061395778,0.0207462134972795,0.00227511873996162,"Tyreek Hill","KC","WR",2018
"2","00-0030506",589,0.0242306447227823,0.0209049119701361,0.0022027858838893,"Travis Kelce","KC","TE",2018
"3","00-0033873",1589,0.0222879818786959,0.0205744335216255,0.00202618017079053,"Patrick Mahomes","KC","QB",2018
"4","00-0033908",1624,0.0222165612449054,0.0211474754302969,0.00201968738590049,"Cooper Kupp","LA","WR",2018
"5","00-0029253",366,0.0218157826781786,0.0212931326482594,0.00198325297074351,"Mitchell Schwartz","KC","OL",2018
"6","00-0030584",622,0.0216860517407012,0.020960806458652,0.00197145924915465,"Eric Fisher","KC","OL",2018
"7","00-0027150",148,0.0208811348167455,0.0206458804186691,0.0018982849833405,"Julian Edelman","NE","WR",2018
"8","00-0033857",1578,0.0201536893004704,0.0197059721971165,0.00183215357277004,"JuJu Smith-Schuster","PIT","WR",2018
"9","00-0031325",776,0.0191215125411396,0.020670279742592,0.00173831932192178,"Sammy Watkins","KC","WR",2018
"10","00-0028411",313,0.0190557314470337,0.0211328353584803,0.00173233922245761,"Dontrelle Inman","IND","WR",2018
"11","00-0032160",1023,0.0185837726370824,0.0217769341408929,0.0016894338760984,"Tyrell Williams","LAC","WR",2018
"12","00-0032058",978,0.0184538617223668,0.020394384195028,0.00167762379294244,"Tevin Coleman","ATL","RB",2018
"13","00-0033906",1622,0.0180108470349265,0.0203119586509292,0.00163734973044786,"Alvin Kamara","NO","RB",2018
"14","00-0033281",1384,0.0179501239582639,0.019526945802946,0.00163182945075127,"Marlon Humphrey","BAL","DB",2018
"15","00-0033928",1640,0.017696733577722,0.0207195293939897,0.00160879396161109,"Jourdan Lewis","DAL","DB",2018
"16","00-0025900",77,0.0175879252140235,0.0207651446427165,0.00159890229218396,"Chris Clark","CAR","OL",2018
"17","00-0020531",6,0.0164359844827899,0.0214589491163705,0.00149418040752635,"Drew Brees","NO","QB",2018
"18","00-0032958",1285,0.0163617456626929,0.0202235096449159,0.00148743142388117,"Will Parks","DEN","DB",2018
"19","00-0026327",100,0.0163594458289042,0.0206599662087329,0.0014872223480822,"John Sullivan","LA","OL",2018
"20","00-0032697",1190,0.0163313844136288,0.0218306567720968,0.00148467131032989,"Doug Middleton","NYJ","DB",2018
"21","00-0032128",1004,0.0161367411063226,0.0203192429071417,0.00146697646421114,"Chris Conley","KC","WR",2018
"22","00-0033831",1571,0.016081311744582,0.0205789106134374,0.00146193743132564,"Andrew Wylie","KC","OL",2018
"23","00-0031799",920,0.0159089658805796,0.0201964517282414,0.00144626962550723,"Anthony Harris","MIN","DB",2018
"24","00-0027793",197,0.0157738255807691,0.0209054624151863,0.00143398414370628,"Antonio Brown","PIT","WR",2018
"25","00-0030431",564,0.0156361255439817,0.0211007009093162,0.00142146595854379,"Robert Woods","LA","WR",2018
"26","00-0034874",2025,0.01555891098801,0.020437399889618,0.00141444645345545,"Roquan Smith","CHI","LB",2018
"27","00-0033888",1604,0.0154099390912244,0.0213947391167303,0.00140090355374767,"Ryan Ramczyk","NO","OL",2018
"28","00-0029608",424,0.0153577754104026,0.0207564750041177,0.00139616140094569,"T.Y. Hilton","IND","WR",2018
"29","00-0032415",1113,0.0151806784561367,0.0201331968011463,0.00138006167783061,"Matt Judon","BAL","LB",2018
"30","00-0034367",1792,0.015153822768613,0.0213261776431629,0.00137762025169209,"Nyheim Hines","IND","RB",2018
"31","00-0032145",1016,0.0150416070819303,0.0206615853089665,0.00136741882563003,"Cameron Erving","KC","OL",2018
"32","00-0032211",1043,0.0149206311841417,0.0198758307482358,0.00135642101674015,"Tyler Lockett","SEA","WR",2018
"33","00-0030503",586,0.0146445581901624,0.0218375667742839,0.00133132347183295,"Alex Okafor","NO","DL",2018
"34","00-0025418",65,0.014619854819679,0.0215667302808117,0.00132907771087991,"Greg Olsen","CAR","TE",2018
"35","00-0032009",969,0.0146026507612513,0.0210606882321996,0.0013275137055683,"Adam Humphries","TB","WR",2018
"36","00-0032416",1114,0.0145071993179226,0.0200226090993731,0.00131883630162932,"Quinton Jefferson","SEA","DL",2018
"37","00-0022942",21,0.0144563437627436,0.0208177701132412,0.00131421306934033,"Philip Rivers","LAC","QB",2018
"38","00-0028434",314,0.0144303953082039,0.0206075205100688,0.00131185411892763,"Doug Baldwin","SEA","WR",2018
"39","00-0027953",235,0.0144158555220133,0.021036012875594,0.00131053232018302,"Mike Pouncey","LAC","OL",2018
"40","00-0031936",948,0.0143611671159676,0.0205305299641565,0.00130556064690614,"Mitch Morse","KC","OL",2018
"41","00-0033536",1478,0.0143448425014879,0.0204488681251805,0.00130407659104436,"Mike Williams","LAC","WR",2018
"42","00-0033110",1350,0.0143349903983002,0.0203909303645046,0.00130318094530002,"Tyler Higbee","LA","TE",2018
"43","00-0032241",1055,0.0142935591892116,0.0208732368556641,0.0012994144717465,"Todd Gurley","LA","RB",2018
"44","00-0031408",820,0.0142688461196284,0.0194672810936574,0.00129716782905713,"Mike Evans","TB","WR",2018
"45","00-0027957",239,0.014210628743372,0.0202886182158411,0.00129187534030654,"Prince Amukamara","CHI","DB",2018
"46","00-0027859",206,0.0140316695410723,0.0210532677611464,0.00127560632191566,"Russell Okung","LAC","OL",2018
"47","00-0027025",135,0.0140244036529534,0.0216209449636716,0.00127494578663212,"Max Unger","NO","OL",2018
"48","00-0033106",1347,0.0137894042672383,0.0210630662894706,0.00125358220611257,"Jared Goff","LA","QB",2018
"49","00-0031236",735,0.0136955166122471,0.0200039672304713,0.00124504696474973,"Brandin Cooks","LA","WR",2018
"50","00-0033562",1500,0.0136578651587108,0.0202576636495126,0.00124162410533735,"Ryan Switzer","PIT","WR",2018
"51","00-0027648",172,0.0136447155295349,0.0210999680582545,0.00124042868450318,"Rodger Saffold","LA","OL",2018
"52","00-0019596",4,0.0135867850440873,0.0205099713658321,0.00123516227673521,"Tom Brady","NE","QB",2018
"53","00-0031296",764,0.0135411193045639,0.0205680000474432,0.00123101084586944,"C.J. Mosley","BAL","LB",2018
"54","00-0033553",1494,0.0134817868194187,0.0197152942110839,0.00122561698358352,"James Conner","PIT","RB",2018
"55","00-0022924",20,0.0134132133561087,0.0210209217035269,0.00121938303237352,"Ben Roethlisberger","PIT","QB",2018
"56","00-0030402",554,0.0133276930830982,0.0205035615414434,0.00121160846209984,"Akeem Spence","MIA","DL",2018
"57","00-0030067",507,0.0130639770061099,0.0214065649686618,0.00118763427328272,"Terron Armstead","NO","OL",2018
"58","00-0030065",505,0.0129902722637806,0.0208242456599668,0.00118093384216188,"Larry Warford","NO","OL",2018
"59","00-0032765",1211,0.0126363441044348,0.0208682559791154,0.00114875855494862,"Michael Thomas","NO","WR",2018
"60","00-0030549",607,0.0125627328200395,0.0218957077306432,0.00114206662000359,"Tyler Eifert","CIN","TE",2018
"61","00-0030710",640,0.0125433798273094,0.0209473066933852,0.00114030725702813,"Trey Burton","CHI","TE",2018
"62","00-0031262",749,0.0125149924730248,0.0201411941298017,0.0011377265884568,"Bene' Benwikere","OAK","DB",2018
"63","00-0033905",1621,0.0125055636771197,0.0215277619634104,0.0011368694251927,"Larry Ogunjobi","CLE","DL",2018
"64","00-0023459",33,0.0123483475531069,0.0211773729677796,0.00112257705028245,"Aaron Rodgers","GB","QB",2018
"65","00-0032071",985,0.0123200890100772,0.0211006608075532,0.0011200080918252,"Trent Brown","NE","OL",2018
"66","00-0026160",86,0.0122444294740282,0.0212026128359733,0.00111312995218438,"Aqib Talib","LA","DB",2018
"67","00-0033294",1394,0.0122121390441371,0.0207233906087878,0.00111019445855792,"Chuck Clark","BAL","DB",2018
"68","00-0030543",605,0.0121492537447478,0.0222446350237643,0.00110447761315889,"J.J. Wilcox","IND","DB",2018
"69","00-0028083",282,0.0121146207442497,0.0215214085070275,0.00110132915856816,"Jacquizz Rodgers","TB","RB",2018
"70","00-0032392",1093,0.0120910633568499,0.0207500186026133,0.00109918757789544,"Austin Hooper","ATL","TE",2018
"71","00-0031566",861,0.0119509897593926,0.0209041381690885,0.00108645361449024,"Trey Flowers","NE","DL",2018
"72","00-0034765",1953,0.0119258040343782,0.0204915481751466,0.00108416400312529,"Tre'Quan Smith","NO","WR",2018
"73","00-0033544",1486,0.011820849720435,0.0203319502845716,0.00107462270185772,"Quincy Wilson","IND","DB",2018
"74","00-0032060",980,0.011789470459552,0.0213331438939579,0.00107177004177746,"Eli Harold","DET","LB",2018
"75","00-0033064",1326,0.011778007525465,0.0206010840023478,0.00107072795686045,"Adam Gotsis","DEN","DL",2018
"76","00-0031852",929,0.0117239158901401,0.0214658768746592,0.00106581053546728,"David Andrews","NE","OL",2018
"77","00-0032269",1071,0.0116905998411494,0.0210339130955671,0.00106278180374085,"Henry Anderson","NYJ","DL",2018
"78","00-0027675",179,0.0116237944426034,0.0208948550050063,0.00105670858569122,"Ed Dickson","SEA","TE",2018
"79","00-0031580",870,0.0115395906852607,0.0218887316259085,0.00104905369866007,"Shaq Mason","NE","OL",2018
"80","00-0027944",230,0.0114550332757666,0.0204310051020369,0.00104136666143333,"Julio Jones","ATL","WR",2018
"81","00-0030663",633,0.0114204740928716,0.0210325180101927,0.00103822491753378,"Willie Snead","BAL","WR",2018
"82","00-0031353",791,0.0113707643070456,0.0204015515676176,0.00103370584609506,"Michael Schofield","LAC","OL",2018
"83","00-0031040",682,0.0113606007877931,0.0212820462081454,0.00103278188979937,"Khalil Mack","CHI","LB",2018
"84","00-0031386",809,0.0113476357730503,0.0205589801663672,0.00103160325209548,"Greg Robinson","CLE","OL",2018
"85","00-0032764",1210,0.0111518863937676,0.0218085797767087,0.00101380785397887,"Derrick Henry","TEN","RB",2018
"86","00-0032432",1123,0.0110649855848342,0.0208894446983172,0.00100590778043947,"Wes Schweitzer","ATL","OL",2018
"87","00-0031544",843,0.0110127715682415,0.0200001659601863,0.00100116105165831,"Amari Cooper","DAL","WR",2018
"88","00-0033129",1365,0.0109622929041091,0.0204969239948662,0.000996572082191738,"Carl Nassib","TB","DL",2018
"89","00-0027881",219,0.0108466124051113,0.0209389150113441,0.000986055673191933,"Jerry Hughes","BUF","DL",2018
"90","00-0032388",1089,0.0108346261780804,0.0203555282060213,0.000984966016189127,"Deion Jones","ATL","LB",2018
"91","00-0033869",1585,0.0108120653655005,0.0210733169059325,0.000982915033227319,"Mitchell Trubisky","CHI","QB",2018
"92","00-0032387",1088,0.0107650253056058,0.020956292325881,0.000978638664145986,"Jarran Reed","SEA","DL",2018
"93","00-0034213",1723,0.0107356592998066,0.0204577303967193,0.000975969027255141,"Holton Hill","MIN","DB",2018
"94","00-0031228",733,0.0107340525859473,0.0206935587437237,0.000975822962358848,"Taylor Gabriel","CHI","WR",2018
"95","00-0033608",1528,0.0107295487068523,0.0205403125249319,0.000975413518804753,"Ryan Lewis","BUF","DB",2018
"96","00-0027870",214,0.0107047030195307,0.0215236056297168,0.000973154819957338,"Maurkice Pouncey","PIT","OL",2018
"97","00-0032793",1236,0.0106193372831789,0.0217498144891026,0.000965394298470806,"Blake Countess","LA","DB",2018
"98","00-0032781",1226,0.0104794187334285,0.0205798094139632,0.000952674430311683,"Matthew Ioannidis","WAS","DL",2018
"99","00-0032257",1065,0.0104576725953853,0.0206401019367931,0.000950697508671388,"Duke Johnson","CLE","RB",2018
"100","00-0032573",1162,0.0104482940799189,0.021629597219484,0.000949844916356261,"Patrick Onwuasor","BAL","LB",2018
"101","00-0033293",1393,0.0103352469704144,0.0217023471119733,0.000939567906401311,"Aaron Jones","GB","RB",2018
"102","00-0033697",1542,0.0102701615850777,0.0206474965981714,0.000933651053188885,"Michael Davis","LAC","DB",2018
"103","00-0029546",404,0.0102279082130396,0.0205795476988387,0.000929809837549053,"Senio Kelemete","HOU","OL",2018
"104","00-0033532",1475,0.0102102539104657,0.0209358327800182,0.000928204900951431,"Josh Harvey-Clemons","WAS","LB",2018
"105","00-0032782",1227,0.0101910083567975,0.0195215350176775,0.000926455305163413,"Wendell Smallwood","PHI","RB",2018
"106","00-0033744",1551,0.010163051975929,0.0206462992491459,0.000923913815993547,"Chad Wheeler","NYG","OL",2018
"107","00-0033883",1599,0.0101355919809649,0.0200071808048119,0.000921417452814991,"Jabrill Peppers","CLE","DB",2018
"108","00-0029632",432,0.0101019505110766,0.0208029047370585,0.000918359137370596,"Mohamed Sanu","ATL","WR",2018
"109","00-0032455",1136,0.0100592166352487,0.0201921853373247,0.000914474239568062,"Austin Blythe","LA","OL",2018
"110","00-0030441",568,0.010029183928568,0.0219063219090254,0.000911743993506185,"Kyle Long","CHI","OL",2018
"111","00-0030505",588,0.0100001532493742,0.0209918666492032,0.000909104840852202,"D.J. Fluker","SEA","OL",2018
"112","00-0030470",580,0.00988242242652194,0.0200099527960548,0.000898402038774722,"Vance McDonald","PIT","TE",2018
"113","00-0029000",336,0.00985504122646959,0.0209626622601703,0.000895912838769963,"Cole Beasley","DAL","WR",2018
"114","00-0027960",241,0.0097240597781815,0.0215881495479459,0.000884005434380137,"Anthony Castonzo","IND","OL",2018
"115","00-0032797",1239,0.00968787949698653,0.0205847702750097,0.000880716317907867,"Jordan Lucas","KC","DB",2018
"116","00-0032379",1080,0.00968350689541787,0.0200743713415854,0.000880318808674352,"Eli Apple","NO","DB",2018
"117","00-0034309",1755,0.00966947688279353,0.0227890095079124,0.00087904335298123,"Chad Beebe","MIN","WR",2018
"118","00-0029615",426,0.00963138123035971,0.0198513353530982,0.000875580111850883,"Lamar Miller","HOU","RB",2018
"119","00-0029670",445,0.00961196269806034,0.0208364432002794,0.000873814790732758,"Mark Barron","LA","LB",2018
"120","00-0034349",1775,0.0095247069849422,0.0213572734620652,0.000865882453176564,"Kerryon Johnson","DET","RB",2018
"121","00-0034281",1744,0.00950493341091707,0.0209295605385729,0.000864084855537915,"Bradley Bozeman","BAL","OL",2018
"122","00-0033052",1318,0.00948928247419537,0.0206294807173276,0.00086266204310867,"Jaylon Smith","DAL","LB",2018
"123","00-0032775",1220,0.00946882135934578,0.0209429294406209,0.000860801941758707,"Demarcus Robinson","KC","WR",2018
"124","00-0030074",511,0.00942938038599683,0.0204324800086065,0.000857216398726984,"David Bakhtiari","GB","OL",2018
"125","00-0029664",440,0.0093605398315193,0.0200092834858346,0.000850958166501755,"Josh Gordon","NE","WR",2018
"126","00-0025424",66,0.00935958623586162,0.020076516813516,0.00085087147598742,"Eric Weddle","BAL","DB",2018
"127","00-0028129",296,0.00927824314098193,0.0205929471207884,0.000843476649180176,"Jason Kelce","PHI","OL",2018
"128","00-0024030",43,0.00925030957211118,0.021267579148002,0.000840937233828289,"Tom Johnson","MIN","DL",2018
"129","00-0031381",806,0.00923594961936077,0.0203552915428874,0.000839631783578252,"Davante Adams","GB","WR",2018
"130","00-0034591",1892,0.0092222636622507,0.0210362729501071,0.000838387605659155,"J.C. Jackson","NE","DB",2018
"131","00-0031022",676,0.00919831273806059,0.0210147971614196,0.000836210248914599,"Laurent Duvernay-Tardif","KC","OL",2018
"132","00-0031279",757,0.00918576497629867,0.0210011832742778,0.000835069543299879,"Jake Matthews","ATL","OL",2018
"133","00-0029657",439,0.00912198364312378,0.0214727010947373,0.00082927124028398,"Akiem Hicks","CHI","DL",2018
"134","00-0034351",1777,0.00911092680247169,0.0208708599544892,0.000828266072951972,"Dallas Goedert","PHI","TE",2018
"135","00-0029679",450,0.00905465325000168,0.0203897459902734,0.000823150295454698,"Brandon Brooks","PHI","OL",2018
"136","00-0034337",1765,0.00904439816033497,0.0214713562326062,0.000822218014575906,"Greg Stroman","WAS","DB",2018
"137","00-0032391",1092,0.00903824532165385,0.0210431331671558,0.000821658665604895,"Joe Thuney","NE","OL",2018
"138","00-0021547",10,0.00903217054252761,0.0217323677185168,0.000821106412957056,"Antonio Gates","LAC","TE",2018
"139","00-0030228",536,0.00901009718908851,0.0220706972788751,0.000819099744462592,"A.J. Bouye","JAX","DB",2018
"140","00-0033556",1496,0.00900781328123882,0.0202661308780835,0.000818892116476257,"Tarik Cohen","CHI","RB",2018
"141","00-0033923",1636,0.00896736074332542,0.0213147961396538,0.000815214613029583,"Kareem Hunt","KC","RB",2018
"142","00-0034646",1905,0.00893209862430325,0.0229496419565679,0.00081200896584575,"Brandon Powell","DET","WR",2018
"143","00-0031087",700,0.008915204555641,0.0215747351741099,0.000810473141421909,"Andre Hal","HOU","DB",2018
"144","00-0026190",90,0.00889181529985236,0.0214837385503006,0.000808346845441124,"Calais Campbell","JAX","DL",2018
"145","00-0027874",217,0.0088280244051462,0.0205439284712845,0.000802547673195109,"Demaryius Thomas","HOU","WR",2018
"146","00-0031584",873,0.00882690708778564,0.0211589202192406,0.000802446098889603,"Adrian Amos","CHI","DB",2018
"147","00-0032102",991,0.00876281983783147,0.021330952956118,0.000796619985257406,"Stephone Anthony","MIA","LB",2018
"148","00-0032242",1056,0.0087607484610143,0.0205553293171928,0.000796431678274027,"Rob Havenstein","LA","OL",2018
"149","00-0030993",670,0.00866976403013941,0.0221865971303793,0.00078816036637631,"Aaron Lynch","CHI","LB",2018
"150","00-0033910",1626,0.00865173889242056,0.0218801636455953,0.000786521717492778,"Dan Feeney","LAC","OL",2018
"151","00-0033382",1424,0.00861193715378051,0.0212302496742949,0.00078290337761641,"Austin Carr","NO","WR",2018
"152","00-0032210",1042,0.00859840015909177,0.0209086890424281,0.000781672741735615,"Frank Clark","SEA","DL",2018
"153","00-0031051",687,0.00859216854391755,0.0210091381060261,0.000781106231265232,"John Brown","BAL","WR",2018
"154","00-0032389",1090,0.00857311598098476,0.0220034544850759,0.000779374180089524,"Mackensie Alexander","MIN","DB",2018
"155","00-0029146",355,0.00855091026918986,0.0204825124968219,0.00077735547901726,"J.R. Sweezy","SEA","OL",2018
"156","00-0034821",1993,0.00854369576137599,0.0209163537823982,0.000776699614670544,"Juante Baldwin","IND","DB",2018
"157","00-0030064",504,0.00847792247108902,0.0208193331396934,0.000770720224644457,"Jon Bostic","PIT","LB",2018
"158","00-0031062",692,0.00842320078086729,0.0207405749723086,0.00076574552553339,"James White","NE","RB",2018
"159","00-0027942",228,0.00838242696509509,0.021612991213604,0.000762038815008645,"A.J. Green","CIN","WR",2018
"160","00-0032892",1261,0.00834722676028975,0.0205161897427008,0.000758838796389978,"Nick Vigil","CIN","LB",2018
"161","00-0032239",1053,0.0083175374328211,0.021289554172355,0.0007561397666201,"Byron Jones","DAL","DB",2018
"162","00-0031041",683,0.00829625505045802,0.0209875252773794,0.000754205004587092,"Kyle Fuller","CHI","DB",2018
"163","00-0027966",245,0.00825425740143998,0.0204007501239271,0.000750387036494544,"Mark Ingram","NO","RB",2018
"164","00-0031553",851,0.00822788836003206,0.0205922001250232,0.000747989850912005,"Benardrick McKinney","HOU","LB",2018
"165","00-0032454",1135,0.00816021331808179,0.022550647030161,0.000741837574371072,"Jayron Kearse","MIN","DB",2018
"166","00-0033009",1302,0.00806343524882478,0.0215027023226056,0.00073303956807498,"Tyler Boyd","CIN","WR",2018
"167","00-0033336",1410,0.00803821330782509,0.0203604654830476,0.000730746664347735,"Eric Wilson","MIN","LB",2018
"168","00-0028027",268,0.00803608143620743,0.0204936068729041,0.000730552857837039,"Shareece Wright","HOU","DB",2018
"169","00-0034673",1916,0.00802183462691939,0.0203645761994168,0.000729257693356309,"Tremaine Edmunds","BUF","LB",2018
"170","00-0032549",1156,0.00801747384957344,0.0204108708364437,0.000728861259052131,"Alex Redmond","CIN","OL",2018
"171","00-0030279",540,0.0079959949568001,0.0201497044054236,0.000726908632436372,"Keenan Allen","LAC","WR",2018
"172","00-0031947",954,0.00799393093465998,0.0205154052301489,0.000726720994059998,"Tyeler Davison","NO","DL",2018
"173","00-0029263",372,0.00797060385339849,0.02080416929593,0.000724600350308954,"Russell Wilson","SEA","QB",2018
"174","00-0032770",1216,0.00794164598499812,0.0203681910908376,0.000721967816818011,"Tavon Young","BAL","DB",2018
"175","00-0026166",87,0.00787495917898306,0.0199816632001775,0.000715905379907551,"Duane Brown","SEA","OL",2018
"176","00-0034828",1998,0.00785110603460847,0.0202436028683773,0.000713736912237133,"Harold Landry","TEN","LB",2018
"177","00-0029854",474,0.00775349708250056,0.0211655431459571,0.000704863371136415,"C.J. Anderson","LA","RB",2018
"178","00-0034279",1743,0.00772032738082574,0.0212728163051378,0.000701847943711431,"Equanimeous St. Brown","GB","WR",2018
"179","00-0030670",637,0.00768577104978084,0.0214778121349048,0.000698706459070985,"Bennie Fowler","NYG","WR",2018
"180","00-0027696",188,0.00762529331179493,0.0201977681806002,0.000693208482890448,"Jimmy Graham","GB","TE",2018
"181","00-0032227",1049,0.00760167326703469,0.0211300707523215,0.000691061206094063,"Jeff Heuerman","DEN","TE",2018
"182","00-0034836",2005,0.00758795282649838,0.0212724463991141,0.000689813893318034,"Braden Smith","IND","OL",2018
"183","00-0034764",1952,0.00755669330678056,0.0204662255279083,0.000686972118798233,"Michael Gallup","DAL","WR",2018
"184","00-0024348",55,0.00754111036606787,0.0209626625387818,0.000685555487824352,"Kyle Williams","BUF","DL",2018
"185","00-0028834",324,0.00752100469281919,0.0209687176367801,0.000683727699347199,"Craig Robertson","NO","LB",2018
"186","00-0027010",132,0.00751093897867562,0.0196645043474084,0.000682812634425056,"Patrick Chung","NE","DB",2018
"187","00-0027866",210,0.00750474867967369,0.0213623047511992,0.000682249879970336,"Earl Thomas","SEA","DB",2018
"188","00-0030874",659,0.00749239665292136,0.0209953526802235,0.000681126968447396,"Damien Williams","KC","RB",2018
"189","00-0032147",1018,0.00748777937101957,0.0207482924870968,0.000680707215547234,"Ty Sambrailo","ATL","OL",2018
"190","00-0024270",50,0.00746582914967342,0.0204900936639479,0.000678711740879402,"Andrew Whitworth","LA","OL",2018
"191","00-0033051",1317,0.00746341768078985,0.0205374080650549,0.000678492516435441,"David Onyemata","NO","DL",2018
"192","00-0030114",523,0.00744028354587845,0.0205181120233468,0.000676389413261677,"Jordan Poyer","BUF","DB",2018
"193","00-0031554",852,0.00742301276329893,0.0207506468040359,0.000674819342118085,"Eric Kendricks","MIN","LB",2018
"194","00-0025472",68,0.00741221045778536,0.0209321095126843,0.000673837314344123,"Brandon Mebane","LAC","DL",2018
"195","00-0027941",227,0.00739576275763826,0.0204918255326784,0.000672342068876205,"Marcell Dareus","JAX","DL",2018
"196","00-0033468",1456,0.0073955770349796,0.0215131969703296,0.000672325184998146,"Ukeme Eligwe","NYG","LB",2018
"197","00-0032054",975,0.00737700443409179,0.0226915333217191,0.000670636766735617,"Breshad Perriman","CLE","WR",2018
"198","00-0031142",713,0.00735594814477614,0.0203864842360116,0.000668722558616013,"Matt Feiler","PIT","OL",2018
"199","00-0033091",1340,0.00727853357933189,0.0233461681672655,0.000661684870848354,"KeiVarae Russell","CIN","DB",2018
"200","00-0032355",1075,0.00724893488079464,0.0205815222158666,0.00065899408007224,"Chester Rogers","IND","WR",2018
"201","00-0027940",226,0.00724080423802596,0.0199884226265655,0.000658254930729632,"Von Miller","DEN","LB",2018
"202","00-0022943",22,0.00721927532003801,0.0210132643778074,0.000656297756367092,"Benjamin Watson","NO","TE",2018
"203","00-0031565",860,0.0072111630479439,0.0207918480017523,0.000655560277085809,"Danielle Hunter","MIN","DL",2018
"204","00-0034424",1835,0.00719896241882403,0.0201441169205428,0.000654451128984003,"Matthew Adams","IND","LB",2018
"205","00-0033147",1369,0.00718237574817439,0.0207828323352256,0.000652943249834036,"Darron Lee","NYJ","LB",2018
"206","00-0031428",830,0.00716025251520427,0.02137798697406,0.000650932046836752,"Allen Robinson","CHI","WR",2018
"207","00-0030757",645,0.00713418374587612,0.020970419161917,0.000648562158716011,"Mike Pennel","NYJ","DL",2018
"208","00-0034655",1909,0.00712187347128441,0.0219428474981921,0.000647443042844037,"Nick DeLuca","JAX","LB",2018
"209","00-0027939",225,0.0071194494088393,0.0209302681793405,0.000647222673530845,"Cam Newton","CAR","QB",2018
"210","00-0033125",1363,0.00709415277002451,0.0197956212668865,0.000644922979093138,"Joe Schobert","CLE","LB",2018
"211","00-0027701",189,0.007084369824789,0.021288348015578,0.000644033620435364,"Everson Griffen","MIN","DL",2018
"212","00-0027656",173,0.0070513586823786,0.0215430344107203,0.000641032607488964,"Rob Gronkowski","NE","TE",2018
"213","00-0029137",352,0.0070401319284782,0.0210176059443972,0.000640011993498018,"Alshon Jeffery","PHI","WR",2018
"214","00-0029895",481,0.00702729044456943,0.0205484747148095,0.000638844585869948,"Ryan Jensen","TB","OL",2018
"215","00-0033902",1618,0.00701324211707673,0.0212728816621516,0.000637567465188794,"Tanoh Kpassagnon","KC","DL",2018
"216","00-0033381",1423,0.00698145656752857,0.0212489649244367,0.000634677869775324,"Adam Butler","NE","DL",2018
"217","00-0033885",1601,0.00696143470159511,0.0207289345661734,0.00063285770014501,"David Njoku","CLE","TE",2018
"218","00-0029946",484,0.00692648272598288,0.0210939173878811,0.000629680247816626,"Abry Jones","JAX","DL",2018
"219","00-0032905",1265,0.00689142034004228,0.0217029865183711,0.000626492758185662,"Chris Landrum","HOU","DL",2018
"220","00-0034639",1903,0.00687062759047464,0.0219668744398719,0.000624602508224967,"Mike Ford","DET","DB",2018
"221","00-0033589",1520,0.00680076699162545,0.0208281885357596,0.000618251544693223,"David Moore","SEA","WR",2018
"222","00-0031130",711,0.00679460996270783,0.0205131846769079,0.000617691814791621,"Christian Jones","DET","LB",2018
"223","00-0034577",1888,0.00679035747894471,0.0230445559750688,0.00061730522535861,"Kyle Allen","CAR","QB",2018
"224","00-0023259",26,0.00678320762504004,0.0198832169060214,0.000616655238640003,"Lorenzo Alexander","BUF","LB",2018
"225","00-0029678",449,0.00678226954820769,0.0208383734656808,0.000616569958927972,"David DeCastro","PIT","OL",2018
"226","00-0034680",1923,0.00677151121698502,0.0217842531605231,0.00061559192881682,"Armani Watts","KC","DB",2018
"227","00-0026176",88,0.00675781917529489,0.0207152499935719,0.000614347197754081,"Jordy Nelson","OAK","WR",2018
"228","00-0031256",743,0.00674196475503138,0.0200333633567888,0.000612905886821035,"Anthony Barr","MIN","LB",2018
"229","00-0032244",1058,0.00673386832695518,0.0200802618829739,0.000612169847905016,"Jamon Brown","NYG","OL",2018
"230","00-0031636",896,0.00671074589280725,0.021177607370903,0.000610067808437023,"Justin Hamilton","KC","DL",2018
"231","00-0029293",381,0.00670297880584803,0.0215870944541696,0.000609361709622548,"Marvin Jones","DET","WR",2018
"232","00-0032888",1257,0.00669592758915967,0.0208930851470827,0.000608720689923607,"Karl Joseph","OAK","DB",2018
"233","00-0031921",943,0.00669011565491675,0.0194310134653041,0.000608192332265159,"Kendall Lamm","HOU","OL",2018
"234","00-0032525",1152,0.00666829834239512,0.0210857311022535,0.000606208940217738,"Jarrod Wilson","JAX","DB",2018
"235","00-0030140",525,0.00666478946422539,0.0215735972731847,0.000605889951293217,"Tress Way","WAS","P",2018
"236","00-0030883",660,0.00665504368004107,0.0206404369308901,0.000605003970912825,"Josh Mauro","NYG","DL",2018
"237","00-0034399",1820,0.00662158441054063,0.0216036700647848,0.000601962219140057,"Wyatt Teller","BUF","OL",2018
"238","00-0031576",868,0.00659505534840713,0.0198505274704348,0.00059955048621883,"Za'Darius Smith","BAL","LB",2018
"239","00-0032438",1127,0.00658916553494736,0.02179764204024,0.000599015048631578,"Maurice Canady","BAL","DB",2018
"240","00-0027685",183,0.00658826563073436,0.0205711017237932,0.000598933239157669,"Emmanuel Sanders","DEN","WR",2018
"241","00-0034753",1944,0.00657999346030172,0.0210617715734605,0.000598181223663792,"Mark Andrews","BAL","TE",2018
"242","00-0032383",1084,0.00655058883451349,0.019771436169137,0.000595508075864863,"Ryan Kelly","IND","OL",2018
"243","00-0029572",412,0.00647035475163175,0.0208137360799228,0.000588214068330159,"Jarius Wright","CAR","WR",2018
"244","00-0034490",1859,0.00646668900022423,0.0212866230793817,0.000587880818202203,"Zeke Turner","ARI","LB",2018
"245","00-0033881",1597,0.00640129931028054,0.0215440713741715,0.000581936300934595,"Evan Engram","NYG","TE",2018
"246","00-0029691",457,0.00640019635708629,0.0220301823345564,0.00058183603246239,"Josh Robinson","NO","DB",2018
"247","00-0027282",157,0.00639637362582671,0.0207485260369158,0.000581488511438791,"Ben Garland","ATL","OL",2018
"248","00-0031997",966,0.00639314576274673,0.0223276224554514,0.000581195069340612,"David Irving","DAL","DL",2018
"249","00-0026986",125,0.00639207025338473,0.0203858917156106,0.000581097295762248,"Michael Crabtree","BAL","WR",2018
"250","00-0033308",1406,0.00636164819362056,0.0214538471817823,0.000578331653965506,"Matt Breida","SF","RB",2018
"251","00-0030459",576,0.00635713878846293,0.0211737607255436,0.000577921708042084,"Tyrann Mathieu","HOU","DB",2018
"252","00-0034384",1807,0.00631519301736556,0.0206349692180655,0.000574108456124141,"D.J. Reed","SF","DB",2018
"253","00-0028237",304,0.00631128792708464,0.0203684461496565,0.000573753447916786,"Chris Hogan","NE","WR",2018
"254","00-0033297",1397,0.0062922715548937,0.0214425568301621,0.000572024686808518,"D.J. Jones","SF","DL",2018
"255","00-0034846",2014,0.00627616022383307,0.0202718856276673,0.000570560020348461,"Darius Leonard","IND","LB",2018
"256","00-0032809",1245,0.00625113505538629,0.0217402057671719,0.000568285005035117,"Joe Walker","ARI","LB",2018
"257","00-0027875",218,0.0062453597439662,0.0205556927307894,0.0005677599767242,"Bryan Bulaga","GB","OL",2018
"258","00-0030312",544,0.00623568274545376,0.0206396186216454,0.000566880249586705,"Jahleel Addae","LAC","DB",2018
"259","00-0034760",1949,0.00622881193690639,0.0219149821730985,0.000566255630627854,"Nathan Shepherd","NYJ","DL",2018
"260","00-0034677",1920,0.00619397581717039,0.0213930504052557,0.000563088710651854,"Justin Jones","LAC","DL",2018
"261","00-0028110",290,0.00615154821973527,0.0208533806189555,0.00055923165633957,"Brandon Fusco","ATL","OL",2018
"262","00-0031346",787,0.00614977966082879,0.0216421989135397,0.000559070878257163,"Justin Ellis","OAK","DL",2018
"263","00-0030648",629,0.00613742636930279,0.0206747782008297,0.000557947851754799,"Alejandro Villanueva","PIT","OL",2018
"264","00-0032203",1038,0.00612847173973084,0.0205616274559108,0.000557133794520986,"Andrus Peat","NO","OL",2018
"265","00-0033283",1386,0.00611377261816185,0.0209480545301148,0.000555797510741986,"Tyus Bowser","BAL","LB",2018
"266","00-0031167",718,0.00610494965813612,0.0203293244468679,0.00055499542346692,"Scott Simonson","NYG","TE",2018
"267","00-0028116",293,0.00607703618825066,0.0212281760950641,0.000552457835295514,"Aldrick Robinson","MIN","WR",2018
"268","00-0030442",569,0.00606586731853148,0.0212827707852077,0.000551442483502862,"John Simon","NE","LB",2018
"269","00-0033151",1370,0.00604864142547336,0.021644657299856,0.000549876493224851,"Joshua Garnett","SF","OL",2018
"270","00-0033127",1364,0.00599299412488259,0.0211087328620796,0.000544817647716599,"Will Fuller","HOU","WR",2018
"271","00-0034272",1738,0.00597520441245196,0.0206805359976503,0.000543200401131996,"Marquez Valdes-Scantling","GB","WR",2018
"272","00-0033055",1321,0.00595653690855995,0.0211990611229391,0.000541503355323632,"Jalen Ramsey","JAX","DB",2018
"273","00-0033284",1387,0.00595220361675776,0.020864807054951,0.000541109419705251,"Taylor Moton","CAR","OL",2018
"274","00-0030196",533,0.0059508337641581,0.0212207519931839,0.000540984887650736,"Jeff Heath","DAL","DB",2018
"275","00-0029869",475,0.00593525847151049,0.0205760972409269,0.000539568951955499,"Will Compton","TEN","LB",2018
"276","00-0034837",2006,0.00591643631142519,0.0216729588374291,0.000537857846493199,"Calvin Ridley","ATL","WR",2018
"277","00-0029786",468,0.0058952359585584,0.0212476590414833,0.000535930541687128,"Ryan Schraeder","ATL","OL",2018
"278","00-0032052",973,0.00588963990102202,0.0200420259857963,0.00053542180918382,"Dante Fowler","LA","LB",2018
"279","00-0032626",1174,0.00587675344322169,0.021294453961859,0.000534250313020154,"Geronimo Allison","GB","WR",2018
"280","00-0029640",434,0.00587036342314566,0.0221498509181191,0.000533669402104151,"Brian Quick","WAS","WR",2018
"281","00-0030181",532,0.00583902400855673,0.0213423687830365,0.000530820364414248,"Jack Doyle","IND","TE",2018
"282","00-0031331",779,0.00583448365258163,0.0207531808626683,0.000530407604780148,"Pierre Desir","IND","DB",2018
"283","00-0026205",92,0.00582090409455714,0.0206508403529111,0.000529173099505195,"John Greco","NYG","OL",2018
"284","00-0033568",1505,0.00580712923417754,0.0215285896971836,0.000527920839470685,"Nate Hairston","IND","DB",2018
"285","00-0032268",1070,0.00580073227432545,0.0205083292805015,0.00052733929766595,"Marcus Mariota","TEN","QB",2018
"286","00-0028240",305,0.00579613729665097,0.0206302359117389,0.000526921572422816,"Kenny Wiggins","DET","OL",2018
"287","00-0029239",363,0.00579527728051998,0.0218631575354011,0.00052684338913818,"Brandon Bolden","MIA","RB",2018
"288","00-0034856",2019,0.00578098388361604,0.0203208108887534,0.00052554398941964,"Denzel Ward","CLE","DB",2018
"289","00-0034171",1712,0.00573944692275259,0.0212424865352882,0.000521767902068418,"Jason Cabinda","OAK","LB",2018
"290","00-0032761",1207,0.00572174401094793,0.0206137136714909,0.000520158546449812,"Robert Nkemdiche","ARI","DL",2018
"291","00-0032409",1108,0.00570082631682384,0.02190069499329,0.000518256937893076,"Willie Henry","BAL","DL",2018
"292","00-0031427",829,0.0056906326312521,0.0203103575177736,0.000517330239204736,"Todd Davis","DEN","LB",2018
"293","00-0034331",1760,0.00568687213332916,0.0214626332787948,0.000516988375757196,"Jaylen Samuels","PIT","RB",2018
"294","00-0034346",1772,0.00568055265257002,0.020959934227152,0.000516413877506365,"Will Hernandez","NYG","OL",2018
"295","00-0031500",838,0.00562707590490483,0.0218751491615906,0.000511552354991348,"Efe Obada","CAR","DL",2018
"296","00-0034838",2007,0.00562242594032754,0.0205678870361769,0.000511129630938867,"Royce Freeman","DEN","RB",2018
"297","00-0026345",101,0.00561976698653655,0.0205799190796266,0.000510887907866959,"Pierre Garcon","SF","WR",2018
"298","00-0029577",413,0.00558852484068548,0.0205572927475181,0.000508047712789589,"Danny Trevathan","CHI","LB",2018
"299","00-0034473",1853,0.00556291592926131,0.0216530989488729,0.000505719629932847,"Dennis Gardeck","ARI","LB",2018
"300","00-0033594",1523,0.0055321456168013,0.0208218236450954,0.000502922328800118,"Chris Carson","SEA","RB",2018
"301","00-0027996",258,0.00552669601108807,0.0209778544123188,0.000502426910098916,"Torrey Smith","CAR","WR",2018
"302","00-0025396",60,0.00552140655266276,0.0214211894331031,0.000501946050242069,"Ted Ginn","NO","WR",2018
"303","00-0034428",1838,0.00551556762947897,0.0203038994517893,0.000501415239043543,"Leon Jacobs","JAX","LB",2018
"304","00-0030061",501,0.0055071903325104,0.0211515764703415,0.000500653666591855,"Zach Ertz","PHI","TE",2018
"305","00-0026243",94,0.00549428847978125,0.0209491321272801,0.000499480770889204,"William Hayes","MIA","DL",2018
"306","00-0031411",822,0.00545665941819929,0.0207176921117909,0.000496059947109026,"Demarcus Lawrence","DAL","DL",2018
"307","00-0025503",70,0.00544964757345794,0.0211195705535209,0.000495422506677995,"Zak DeOssie","NYG","LS",2018
"308","00-0034265",1734,0.00542792149598694,0.0223835804258941,0.000493447408726085,"Anthony Averett","BAL","DB",2018
"309","00-0031060",690,0.00541692390968941,0.0213422458137249,0.000492447628153583,"De'Anthony Thomas","KC","WR",2018
"310","00-0033868",1584,0.00541666433892974,0.0202829884273616,0.000492424030811795,"Myles Garrett","CLE","DL",2018
"311","00-0032399",1100,0.00540982555156999,0.0211153863293462,0.000491802322869999,"Miles Killebrew","DET","DB",2018
"312","00-0033535",1477,0.00540541429383066,0.0213992979399729,0.000491401299439151,"Daniel Ross","DAL","DL",2018
"313","00-0034091",1689,0.00539829832679915,0.0204403965140451,0.000490754393345377,"George Odum","IND","DB",2018
"314","00-0029586",416,0.00536320752312946,0.0201791274504414,0.000487564320284497,"Derek Wolfe","DEN","DL",2018
"315","00-0031912",941,0.0053587855714211,0.0211889289090875,0.000487162324674645,"Cameron Meredith","NO","WR",2018
"316","00-0023500",35,0.00535541164731776,0.0197742504734209,0.000486855604301614,"Frank Gore","MIA","RB",2018
"317","00-0028825",323,0.00535461377530477,0.0217583615606308,0.000486783070482251,"Terrelle Pryor","BUF","WR",2018
"318","00-0030383",548,0.00532531250065244,0.0207842785619789,0.000484119318241131,"Duron Harmon","NE","DB",2018
"319","00-0034505",1864,0.00532259855034862,0.0224510317744248,0.000483872595486238,"Ike Boettger","BUF","OL",2018
"320","00-0027743",193,0.005302126947248,0.0214570543282183,0.000482011540658909,"Sherrick McManis","CHI","DB",2018
"321","00-0030090",516,0.00529900215313018,0.02078423639183,0.00048172746846638,"Micah Hyde","BUF","DB",2018
"322","00-0033784",1561,0.00529710552914072,0.0208920402959455,0.000481555048103701,"Eddie Jackson","CHI","DB",2018
"323","00-0031787",917,0.00526801686016997,0.0212355039395295,0.000478910623651815,"Jake Kumerow","GB","WR",2018
"324","00-0034826",1996,0.0052578721298513,0.0209892528533656,0.000477988375441027,"Bo Bower","DEN","LB",2018
"325","00-0031492",837,0.00524171040305159,0.0221195203956299,0.000476519127550144,"Jason Myers","NYJ","K",2018
"326","00-0032437",1126,0.00518322977954132,0.0208853224487787,0.00047120270723103,"Kamu Grugier-Hill","PHI","LB",2018
"327","00-0032053",974,0.0051703010286564,0.0209714404432664,0.000470027366241491,"Brandon Scherff","WAS","OL",2018
"328","00-0029685",453,0.00514645563819202,0.0202618176703438,0.000467859603472002,"Greg Van Roten","CAR","OL",2018
"329","00-0032969",1292,0.00514321685903809,0.0211406506362057,0.000467565169003462,"Nick Martin","HOU","OL",2018
"330","00-0031314",775,0.00513988512303215,0.0212967053806101,0.000467262283912014,"Wesley Johnson","MIA","OL",2018
"331","00-0033946",1655,0.0051146015370748,0.0211659967976586,0.000464963776097709,"David Sharpe","OAK","OL",2018
"332","00-0031719",904,0.00510867290448194,0.0220245189937827,0.000464424809498358,"Mike Hull","MIA","LB",2018
"333","00-0031019",675,0.00507880073578662,0.0203150521629826,0.000461709157798784,"Corey Linsley","GB","OL",2018
"334","00-0034794",1975,0.00506371273524064,0.0219718703072322,0.000460337521385513,"Jason Sanders","MIA","K",2018
"335","00-0032943",1277,0.00506321863531814,0.0206865987456045,0.00046029260321074,"Riley Dixon","NYG","P",2018
"336","00-0034352",1778,0.00505790025929528,0.0201925506667654,0.000459809114481389,"Connor Williams","DAL","OL",2018
"337","00-0031242",739,0.00505138087280577,0.0221941361294753,0.000459216442982342,"Shamar Stephen","SEA","DL",2018
"338","00-0030533",602,0.00504941353613293,0.021993005785767,0.000459037594193903,"Matt Barkley","BUF","QB",2018
"339","00-0033280",1383,0.00502962590243088,0.0210620647125843,0.000457238718402807,"Christian McCaffrey","CAR","RB",2018
"340","00-0031298",766,0.00501851361516771,0.0203649573287489,0.000456228510469792,"Jimmie Ward","SF","DB",2018
"341","00-0030294",542,0.00498121130683753,0.0204454779274046,0.000452837391530685,"Tony Jefferson","BAL","DB",2018
"342","00-0026561",107,0.00497763227928549,0.0209556106534935,0.00045251202538959,"Ramon Foster","PIT","OL",2018
"343","00-0029585",415,0.00495597647053594,0.0211816868643849,0.000450543315503267,"Chandler Jones","ARI","DL",2018
"344","00-0032480",1141,0.00495176306639599,0.0204612502337753,0.000450160278763271,"Eddie Yarbrough","BUF","DL",2018
"345","00-0030449",572,0.00493939165520304,0.0210853874048129,0.000449035605018458,"Margus Hunt","IND","DL",2018
"346","00-0033393",1427,0.00493122904003864,0.0209472683329529,0.000448293549094422,"Kenny Moore","IND","DB",2018
"347","00-0026714",112,0.00492976120086634,0.0217283289586548,0.000448160109169667,"Nick Sundberg","WAS","LS",2018
"348","00-0030869",657,0.00491792785806391,0.0211028114881922,0.000447084350733083,"Tyler Larsen","CAR","OL",2018
"349","00-0027215",151,0.0049006013325774,0.0209067118283874,0.000445509212052491,"Logan Paulsen","ATL","TE",2018
"350","00-0031630",894,0.00489688533159075,0.0216284813852715,0.000445171393780977,"Akeem King","SEA","DB",2018
"351","00-0030098",519,0.00489442540584804,0.0217153640457411,0.000444947764168004,"Dustin Hopkins","WAS","K",2018
"352","00-0029597",419,0.0048922034904597,0.0210499849015403,0.000444745771859972,"Justin Tucker","BAL","K",2018
"353","00-0028076",281,0.00488420933340078,0.0202840114255585,0.000444019030309162,"Marcus Cannon","NE","OL",2018
"354","00-0032103",992,0.00487096030038689,0.0216607412558779,0.000442814572762444,"Denzel Perryman","LAC","LB",2018
"355","00-0025415",64,0.00486988869638169,0.0204154218036443,0.000442717154216517,"Joe Staley","SF","OL",2018
"356","00-0034792",1974,0.0048640454828785,0.0216131285749418,0.000442185952988954,"Cornell Armstrong","MIA","DB",2018
"357","00-0034502",1863,0.00486257108984742,0.0196733053989815,0.000442051917258857,"Grant Haley","NYG","DB",2018
"358","00-0030068",508,0.00482424265626075,0.0209265666027058,0.000438567514205523,"Marquise Goodwin","SF","WR",2018
"359","00-0027955",237,0.0048079663158412,0.0209393577733962,0.000437087846894655,"Nate Solder","NYG","OL",2018
"360","00-0031577",869,0.00476875053587899,0.0212640103075644,0.000433522775988999,"Javorius Allen","BAL","RB",2018
"361","00-0023252",25,0.0047389158534043,0.0224485378191315,0.000430810532127664,"Robbie Gould","SF","K",2018
"362","00-0033948",1657,0.00471040046176227,0.0207077219353391,0.00042821822379657,"Jamaal Williams","GB","RB",2018
"363","00-0033528",1472,0.00468757069114153,0.0207359601071806,0.000426142790103776,"Jeremy Sprinkle","WAS","TE",2018
"364","00-0033884",1600,0.00464897461113995,0.0200516688244215,0.000422634055558177,"Tre'Davious White","BUF","DB",2018
"365","00-0032059",979,0.00464855712934465,0.0210759876665366,0.000422596102667695,"P.J. Williams","NO","DB",2018
"366","00-0032628",1176,0.00463894909175856,0.0216967674772352,0.000421722644705324,"Kentrell Brice","GB","DB",2018
"367","00-0031282",759,0.00460262087169919,0.0203309240959225,0.000418420079245381,"Justin Britt","SEA","OL",2018
"368","00-0030063",503,0.00459926363014355,0.020986296978656,0.000418114875467595,"Johnathan Hankins","OAK","DL",2018
"369","00-0034440",1844,0.00459069980265815,0.0213131707381674,0.000417336345696196,"Justin Jackson","LAC","RB",2018
"370","00-0034818",1992,0.0045596251601079,0.0209935061111608,0.000414511378191628,"Derrick Nnadi","KC","DL",2018
"371","00-0032208",1040,0.00454596356944921,0.0205227208025723,0.000413269415404474,"Phillip Dorsett","NE","WR",2018
"372","00-0031300",768,0.00448315942427595,0.0212843901565254,0.00040755994766145,"Trent Murphy","BUF","DL",2018
"373","00-0026814",114,0.004481301910124,0.0204584327638054,0.000407391082738545,"Demar Dotson","TB","OL",2018
"374","00-0034107",1694,0.00447998498534766,0.0212219555454899,0.000407271362304333,"Jeff Holland","DEN","LB",2018
"375","00-0034857",2020,0.00447630710037702,0.0211820370168765,0.000406937009125184,"Josh Allen","BUF","QB",2018
"376","00-0033573",1510,0.00446942713104176,0.0211643272700761,0.000406311557367433,"Shelton Gibson","PHI","WR",2018
"377","00-0029587",417,0.00446789800893733,0.021129156312607,0.00040617254626703,"Rhett Ellison","NYG","TE",2018
"378","00-0031050",686,0.0044514839981067,0.0205535768047206,0.000404680363464245,"Kareem Martin","NYG","LB",2018
"379","00-0027860",207,0.00443328632702573,0.0205938744538441,0.000403026029729611,"Joe Haden","PIT","DB",2018
"380","00-0032633",1177,0.00442549299475548,0.0197690622560749,0.000402317544977771,"Reggie Gilbert","GB","LB",2018
"381","00-0033357",1414,0.00441545741525745,0.0199112335177709,0.000401405219568859,"Taysom Hill","NO","QB",2018
"382","00-0026143",82,0.0044064729824371,0.020020161588111,0.000400588452948827,"Matt Ryan","ATL","QB",2018
"383","00-0034437",1843,0.00440026338878032,0.0213465723458703,0.000400023944434575,"Logan Cooke","JAX","P",2018
"384","00-0025446",67,0.004384492387222,0.0212421700613421,0.000398590217020182,"Ryan Kalil","CAR","OL",2018
"385","00-0030575",618,0.00438164585097175,0.0207663191537849,0.000398331440997432,"Xavier Rhodes","MIN","DB",2018
"386","00-0032384",1085,0.00437804833368413,0.0206099360330061,0.000398004393971285,"Germain Ifedi","SEA","OL",2018
"387","00-0033525",1469,0.00437573713204232,0.0204846853261916,0.00039779428473112,"Ryan Anderson","WAS","LB",2018
"388","00-0026784",113,0.00436645791220647,0.0202619853040394,0.000396950719291497,"Evan Smith","TB","OL",2018
"389","00-0029561",406,0.0043612347643236,0.020567624884385,0.000396475887665782,"Cordy Glenn","CIN","OL",2018
"390","00-0034782",1968,0.00433400718289787,0.0194970852795823,0.000394000652990715,"Harrison Phillips","BUF","DL",2018
"391","00-0034855",2018,0.00433112132656898,0.0218247483795002,0.000393738302415362,"Baker Mayfield","CLE","QB",2018
"392","00-0029524",399,0.00431963906583396,0.0217942472884205,0.00039269446053036,"Jeff Allen","KC","OL",2018
"393","00-0033939",1649,0.00429076452670403,0.0220178027025482,0.000390069502427639,"Vince Biegel","NO","LB",2018
"394","00-0029668",443,0.00428600619576547,0.0207681620505867,0.00038963692688777,"Andrew Luck","IND","QB",2018
"395","00-0029329",384,0.00428387539387868,0.0215118225273979,0.000389443217625335,"Neiko Thorpe","SEA","DB",2018
"396","00-0034676",1919,0.00426696529858605,0.021473593891224,0.000387905936235095,"James Washington","PIT","WR",2018
"397","00-0029542",403,0.00424504553776076,0.0203866722590986,0.000385913230705524,"Stephon Gilmore","NE","DB",2018
"398","00-0034266",1735,0.0042256081108556,0.0215906133920953,0.000384146191895963,"Kenny Young","BAL","LB",2018
"399","00-0034389",1812,0.00422339584424974,0.0212877178692549,0.000383945076749976,"Dane Cruikshank","TEN","DB",2018
"400","00-0034790",1972,0.00421899418584499,0.0206339313951189,0.000383544925985908,"Derwin James","LAC","DB",2018
"401","00-0024306",51,0.00421439881083538,0.0198831002076918,0.000383127164621398,"Frostee Rucker","OAK","DL",2018
"402","00-0034510",1866,0.00420247484837897,0.020358325602471,0.000382043168034452,"Robert Foster","BUF","WR",2018
"403","00-0031218",732,0.00420113663080109,0.0200397112737838,0.000381921511891008,"Malcolm Butler","TEN","DB",2018
"404","00-0033109",1349,0.00418890386058231,0.0216184957349432,0.000380809441871119,"Javon Hargrave","PIT","DL",2018
"405","00-0031619",889,0.00418154934319602,0.0213342911050916,0.000380140849381457,"Christian Covington","HOU","DL",2018
"406","00-0034420",1832,0.00417921707647918,0.0207694393887421,0.000379928825134471,"Jordan Thomas","HOU","TE",2018
"407","00-0033976",1675,0.00416445988821167,0.0210834610170592,0.000378587262564697,"Treyvon Hester","PHI","DL",2018
"408","00-0028899",327,0.00410582858731304,0.021028999039192,0.000373257144301186,"Rodney McLeod","PHI","DB",2018
"409","00-0027885",221,0.00409381358240189,0.0211821911217795,0.000372164871127444,"Linval Joseph","MIN","DL",2018
"410","00-0032089",988,0.00409315705766108,0.0212216254434628,0.000372105187060098,"Brian Parker","DEN","TE",2018
"411","00-0032390",1091,0.00408402770472685,0.0212712044341582,0.000371275245884259,"Cyrus Jones","BAL","DB",2018
"412","00-0023564",37,0.00406893307481913,0.0210271789992822,0.000369903006801739,"Darren Sproles","PHI","RB",2018
"413","00-0030421",561,0.00405957434011893,0.0207003802739883,0.000369052212738085,"Jamie Collins","CLE","LB",2018
"414","00-0026280",96,0.00405392640237664,0.0210716867927366,0.000368538763852422,"Brandon Carr","BAL","DB",2018
"415","00-0028039",273,0.00404591166995525,0.0204587156329989,0.000367810151814113,"Clint Boling","CIN","OL",2018
"416","00-0032406",1105,0.00404344375571419,0.0210304163091322,0.000367585795974018,"Antonio Morrison","GB","LB",2018
"417","00-0031545",844,0.00403421834470546,0.0218519781300107,0.000366747122245951,"Kevin White","CHI","WR",2018
"418","00-0030412",558,0.00399981354886165,0.0223090639389965,0.000363619413532877,"Shamarko Thomas","DEN","DB",2018
"419","00-0032820",1247,0.00398996009385295,0.0209630778571525,0.000362723644895722,"Terrance Smith","KC","LB",2018
"420","00-0034347",1773,0.00398007495602292,0.0209518109476481,0.000361824996002083,"James Daniels","CHI","OL",2018
"421","00-0030278",539,0.00397498304783433,0.0215240693115989,0.000361362095257666,"Manti Te'o","NO","LB",2018
"422","00-0031095",702,0.00397328788198544,0.0207570400354084,0.000361207989271403,"Charles Leno Jr.","CHI","OL",2018
"423","00-0028278",307,0.00396740394013039,0.0202266548240635,0.000360673085466399,"Josh Bynes","ARI","LB",2018
"424","00-0031596",881,0.00394873326320036,0.0209414868299365,0.000358975751200032,"David Mayo","CAR","LB",2018
"425","00-0027236",153,0.00394024460452137,0.0214372826307772,0.000358204054956489,"Kyle Love","CAR","DL",2018
"426","00-0030668",635,0.00390338266465404,0.0214063167833206,0.000354852969514004,"Charcandrick West","KC","RB",2018
"427","00-0027949",233,0.00388733504784005,0.0212195308029084,0.000353394095258187,"J.J. Watt","HOU","DL",2018
"428","00-0031097",703,0.00388631692550159,0.0218856244531342,0.000353301538681962,"Terrance Mitchell","CLE","DB",2018
"429","00-0034387",1810,0.00387600299262043,0.0207564486875018,0.000352363908420039,"Bilal Nichols","CHI","DL",2018
"430","00-0033931",1643,0.00386890399985879,0.020522142783523,0.000351718545441708,"Delano Hill","SEA","DB",2018
"431","00-0032574",1163,0.0038687873370724,0.0205677938307803,0.000351707939733854,"Michael Pierce","BAL","DL",2018
"432","00-0032251",1062,0.00386353836057344,0.0208594409701681,0.000351230760052131,"Damarious Randall","CLE","DB",2018
"433","00-0029129",350,0.00383884093803652,0.0225746035066139,0.000348985539821502,"Rod Streater","CLE","WR",2018
"434","00-0030561",611,0.00383781459499081,0.0210174604104525,0.000348892235908256,"Lane Johnson","PHI","OL",2018
"435","00-0029068",342,0.00382796216893496,0.0212386205411239,0.000347996560812269,"Derrick Coleman","ARI","RB",2018
"436","00-0031785",916,0.00380845895733901,0.0198957585155774,0.000346223541576274,"Troy Hill","LA","DB",2018
"437","00-0033319",1408,0.00379126789581147,0.0209509757724208,0.000344660717801043,"Nick Mullens","SF","QB",2018
"438","00-0022803",17,0.003789877159634,0.0200521528376705,0.000344534287239454,"Eli Manning","NYG","QB",2018
"439","00-0031068",694,0.00377655662578887,0.0202953269370736,0.00034332332961717,"Ryan Grant","IND","WR",2018
"440","00-0029249",365,0.0037754941515711,0.0208096026538539,0.000343226741051918,"Melvin Ingram","LAC","DL",2018
"441","00-0027694",187,0.0037744640178979,0.0223879288088954,0.000343133092536172,"Shawn Lauvao","WAS","OL",2018
"442","00-0031581",871,0.00377267816192037,0.020664556527979,0.000342970741992761,"Mark Glowinski","IND","OL",2018
"443","00-0028924",332,0.00377232510456385,0.0205006668253699,0.00034293864586944,"Tashaun Gipson","JAX","DB",2018
"444","00-0027975",249,0.00376547969271287,0.0202772559330938,0.00034231633570117,"Jabaal Sheard","IND","DL",2018
"445","00-0031628",893,0.0037643150582648,0.0204659422539743,0.000342210459842255,"Darryl Roberts","NYJ","DB",2018
"446","00-0026997",128,0.00375203727802433,0.0213695273684522,0.000341094298002212,"Alex Mack","ATL","OL",2018
"447","00-0034430",1839,0.00375179556604182,0.0221761204948727,0.00034107232418562,"Andre Smith","CAR","LB",2018
"448","00-0029261",371,0.00373933069963936,0.0213476679491773,0.000339939154512669,"Casey Hayward","LAC","DB",2018
"449","00-0033878",1594,0.00373760352608922,0.0202826281797984,0.000339782138735383,"Adoree' Jackson","TEN","DB",2018
"450","00-0030511",591,0.003731544999876,0.0212050325268957,0.000339231363625091,"Brandon Williams","BAL","DL",2018
"451","00-0031503",840,0.00373005167878837,0.0207960729829928,0.00033909560716258,"Jameis Winston","TB","QB",2018
"452","00-0034342",1768,0.00370901496450732,0.0208028985225776,0.000337183178591575,"Quenton Nelson","IND","OL",2018
"453","00-0032729",1196,0.00370508513177431,0.0226555940948944,0.000336825921070392,"Ufomba Kamalu","NE","DL",2018
"454","00-0032104",993,0.00368843642101256,0.0219686471872798,0.000335312401910233,"Ameer Abdullah","MIN","RB",2018
"455","00-0026158",85,0.0036874692553155,0.0207654515179097,0.000335224477755955,"Joe Flacco","BAL","QB",2018
"456","00-0034404",1823,0.00367552655337763,0.0215687801015544,0.000334138777579785,"Kylie Fitts","CHI","LB",2018
"457","00-0028042",275,0.00366702236517285,0.0204162076831358,0.000333365669561169,"Luke Stocker","TEN","TE",2018
"458","00-0032165",1026,0.00366508246119181,0.0212201366011428,0.000333189314653801,"Marcus Peters","LA","DB",2018
"459","00-0033547",1489,0.00365981948841813,0.020722506757166,0.000332710862583466,"Zach Cunningham","HOU","LB",2018
"460","00-0031387",810,0.00363941147472522,0.0212923564102295,0.000330855588611384,"Eric Ebron","IND","TE",2018
"461","00-0033742",1550,0.00363072304692335,0.0228795911434313,0.000330065731538487,"Tyrone Swoopes","SEA","TE",2018
"462","00-0030555",609,0.00362390813105735,0.0211933345748356,0.000329446193732487,"Dion Jordan","SEA","DL",2018
"463","00-0032380",1081,0.00361080149493537,0.0207405154644907,0.000328254681357761,"Laremy Tunsil","MIA","OL",2018
"464","00-0029570",411,0.00361015360828893,0.0219410983188775,0.000328195782571721,"Nate Ebner","NE","DB",2018
"465","00-0032641",1181,0.00360558488574247,0.0206252577634552,0.000327780444158407,"Donte' Deayon","LA","DB",2018
"466","00-0031360",794,0.00360326517671979,0.0199397896310506,0.00032756956151998,"Kyle Van Noy","NE","LB",2018
"467","00-0032151",1021,0.00359721499001063,0.0222354084826761,0.000327019544546421,"Jon Feliciano","OAK","OL",2018
"468","00-0028130",297,0.00358091681600176,0.0219881097767604,0.000325537892363797,"Matt Bosher","ATL","P",2018
"469","00-0033856",1577,0.0035753726173144,0.0208391499480613,0.000325033874301309,"Leonard Fournette","JAX","RB",2018
"470","00-0033403",1430,0.00353609836226922,0.0217191062923418,0.00032146348747902,"Cameron Malveaux","ARI","DL",2018
"471","00-0032127",1003,0.00353551550682757,0.0212790500987559,0.000321410500620688,"Markus Golden","ARI","DL",2018
"472","00-0031388",811,0.0035302830857371,0.0209929438525557,0.0003209348259761,"Aaron Donald","LA","DL",2018
"473","00-0020578",7,0.00352502795591443,0.0225661135499419,0.000320457086901312,"Matt Bryant","ATL","K",2018
"474","00-0032813",1246,0.00351405028973766,0.0218492062963719,0.000319459117248878,"Elijhaa Penny","NYG","RB",2018
"475","00-0032707",1192,0.00350584039734198,0.0210177957874616,0.000318712763394726,"Andy Jones","DET","WR",2018
"476","00-0031433",831,0.00350520857006956,0.020740785585027,0.000318655324551779,"Billy Turner","DEN","OL",2018
"477","00-0031309",774,0.00349887840890753,0.0197971848754478,0.00031807985535523,"Telvin Smith","JAX","LB",2018
"478","00-0032243",1057,0.00349229331867309,0.0208452106293622,0.000317481210788463,"Ali Marpet","TB","OL",2018
"479","00-0032751",1202,0.00348922131103553,0.0212761995239546,0.000317201937366866,"Cassanova McKinzy","WAS","LB",2018
"480","00-0034011",1677,0.00347156046654277,0.0217466663922641,0.000315596406049342,"Dan Arnold","NO","TE",2018
"481","00-0033080",1335,0.00345673116445791,0.0208953997219192,0.000314248287677992,"Seth DeValve","CLE","TE",2018
"482","00-0027114",144,0.00345486709263479,0.0217288884928785,0.000314078826603163,"Thomas Morstead","NO","P",2018
"483","00-0034755",1946,0.0034428317854591,0.02172901028133,0.000312984707769009,"Shaquem Griffin","SEA","LB",2018
"484","00-0033282",1385,0.00342861621607936,0.0208356987063282,0.000311692383279942,"Curtis Samuel","CAR","WR",2018
"485","00-0029529",401,0.00342207223437635,0.0201758573124219,0.000311097475852396,"Coty Sensabaugh","PIT","DB",2018
"486","00-0033260",1379,0.00342004280668766,0.0214354240242233,0.000310912982426151,"Thomas Hennessy","NYJ","LS",2018
"487","00-0030572",616,0.00341892051859419,0.020802231046602,0.000310810956235835,"D.J. Hayden","JAX","DB",2018
"488","00-0033072",1330,0.00339961126018227,0.020844584719812,0.000309055569107479,"Leonard Floyd","CHI","LB",2018
"489","00-0034844",2012,0.00339540954369435,0.0206109924438408,0.000308673594881304,"Saquon Barkley","NYG","RB",2018
"490","00-0033945",1654,0.00338828233401907,0.0198725717686638,0.000308025666729006,"Samson Ebukam","LA","LB",2018
"491","00-0031031",679,0.0033730047912238,0.0206483736483718,0.000306636799202164,"Brent Qvale","NYJ","OL",2018
"492","00-0033858",1579,0.00337010793945838,0.0210060426183463,0.000306373449041671,"Jonnu Smith","TEN","TE",2018
"493","00-0027375",160,0.00336768922795158,0.0217871531641555,0.000306153566177417,"Tramaine Brock","DEN","DB",2018
"494","00-0033770",1556,0.00336621821949765,0.0214773255093576,0.00030601983813615,"Justin Hardee","NO","DB",2018
"495","00-0029606",422,0.00334720962356466,0.0207856998694197,0.000304291783960424,"Harrison Smith","MIN","DB",2018
"496","00-0032667",1185,0.00333550578915708,0.0208596709293716,0.00030322779901428,"Roy Robertson-Harris","CHI","DL",2018
"497","00-0030527",599,0.00332936163278456,0.0207848715592516,0.000302669239344051,"Alec Ogletree","NYG","LB",2018
"498","00-0031067",693,0.0032996531648317,0.0203016999410236,0.000299968469530155,"Cameron Fleming","DAL","OL",2018
"499","00-0033934",1646,0.00329127974471491,0.022074377417016,0.000299207249519538,"Nazair Jones","SEA","DL",2018
"500","00-0022531",14,0.00325134218085259,0.021281172277635,0.00029557656189569,"Jason Peters","PHI","OL",2018
"501","00-0032132",1007,0.00323671453156971,0.0210291894146516,0.000294246775597247,"Max Garcia","DEN","OL",2018
"502","00-0032726",1194,0.00323518575859511,0.021186819938709,0.000294107796235919,"Ka'imi Fairbairn","HOU","K",2018
"503","00-0029653",438,0.00323364614836314,0.0199049386706337,0.000293967831669376,"Fletcher Cox","PHI","DL",2018
"504","00-0033337",1411,0.00322737111253581,0.0211482245870803,0.000293397373866892,"Brandon Bell","CIN","LB",2018
"505","00-0034258",1728,0.00322628773150219,0.0230176354581502,0.000293298884682017,"Derrick Willies","CLE","WR",2018
"506","00-0034845",2013,0.00322608109196407,0.0199370726755026,0.000293280099269461,"Sony Michel","NE","RB",2018
"507","00-0030649",630,0.00319799400414441,0.0210227533381753,0.000290726727649492,"Jonotthan Harrison","NYJ","OL",2018
"508","00-0025825",75,0.00319285309601832,0.0213834170844828,0.000290259372365302,"Brett Kern","TEN","P",2018
"509","00-0033082",1336,0.00319024732265101,0.0219852054515507,0.000290022483877365,"Lucas Patrick","GB","OL",2018
"510","00-0032448",1131,0.00317082029585951,0.0210282350396802,0.000288256390532683,"Stephen Weatherly","MIN","DL",2018
"511","00-0031209",731,0.00316713249414658,0.0207586007033715,0.000287921135831507,"Senorise Perry","MIA","RB",2018
"512","00-0030059",499,0.00316200091661594,0.0227748810858257,0.000287454628783267,"Ezekiel Ansah","DET","DL",2018
"513","00-0031599",883,0.00315715941360986,0.0205274602214817,0.000287014492146351,"Cameron Artis-Payne","CAR","RB",2018
"514","00-0032449",1132,0.0031445416881612,0.0217798224393937,0.000285867426196473,"Lac Edwards","NYJ","P",2018
"515","00-0033120",1358,0.0031238439282209,0.0215687851485214,0.000283985811656446,"Kenny Clark","GB","DL",2018
"516","00-0034376",1801,0.00312058015450991,0.0214985802866486,0.000283689104955446,"Taron Johnson","BUF","DB",2018
"517","00-0032931",1270,0.00309506019732251,0.0219578814399401,0.000281369108847501,"Kenneth Durden","TEN","DB",2018
"518","00-0029613",425,0.00309145208350039,0.0215766959530798,0.000281041098500036,"Doug Martin","OAK","RB",2018
"519","00-0027872",215,0.00308401283526827,0.0208912343532452,0.000280364803206206,"Kareem Jackson","HOU","DB",2018
"520","00-0032968",1291,0.00307812817375125,0.0204262539252322,0.000279829833977387,"Myles Jack","JAX","LB",2018
"521","00-0031546",845,0.00304536721361533,0.0206648843813546,0.000276851564874121,"Trae Waynes","MIN","DB",2018
"522","00-0034779",1965,0.00301778891575223,0.0214388027577619,0.000274344446886566,"Ronnie Harrison","JAX","DB",2018
"523","00-0029669",444,0.00301636227591808,0.0214600076425553,0.00027421475235619,"Dont'a Hightower","NE","LB",2018
"524","00-0031410",821,0.0030106817397908,0.0211960886688612,0.000273698339980982,"Xavier Su'a-Filo","DAL","OL",2018
"525","00-0023682",40,0.00299017711319021,0.0212042291120333,0.000271834283017292,"Ryan Fitzpatrick","TB","QB",2018
"526","00-0033063",1325,0.00298938360466189,0.0212556323974496,0.000271762145878354,"Zach Wood","NO","LS",2018
"527","00-0032956",1284,0.00298265543474485,0.0208361657376905,0.000271150494067714,"Andy Janovich","DEN","RB",2018
"528","00-0032870",1252,0.00297490873754464,0.0209349116233193,0.000270446248867694,"Aldrick Rosas","NYG","K",2018
"529","00-0033588",1519,0.00297126034496745,0.0201985499462762,0.000270114576815222,"Isaac Rochell","LAC","DL",2018
"530","00-0034679",1922,0.00296843704930229,0.0211293720105888,0.000269857913572935,"Mark Walton","CIN","RB",2018
"531","00-0033132",1367,0.00296810396948226,0.0201372463897638,0.000269827633589296,"Kevin Byard","TEN","DB",2018
"532","00-0027187",149,0.00296480467138862,0.0217685645520213,0.000269527697398966,"Matt Overton","JAX","LS",2018
"533","00-0030946",666,0.0029582842920068,0.0215152961150486,0.000268934935636982,"Kerry Hyder","DET","DL",2018
"534","00-0033077",1333,0.00294756858335229,0.0215655949649121,0.000267960780304753,"Dak Prescott","DAL","QB",2018
"535","00-0031344",785,0.00294742146587206,0.0209461604303858,0.000267947405988369,"Cody Latimer","NYG","WR",2018
"536","00-0032217",1046,0.00294661144699588,0.0204628253808221,0.000267873767908717,"Donovan Smith","TB","OL",2018
"537","00-0034824",1994,0.00294473546395841,0.0204708013805597,0.000267703223996219,"Martinas Rankin","HOU","OL",2018
"538","00-0034084",1687,0.00292224263144654,0.0216883782668582,0.000265658421040594,"Mike Badgley","LAC","K",2018
"539","00-0032393",1094,0.00291438644018238,0.0218787735596819,0.000264944221834761,"C.J. Prosise","SEA","RB",2018
"540","00-0030023",493,0.0029119789851091,0.0211807276455194,0.000264725362282645,"Jordan Dangerfield","PIT","DB",2018
"541","00-0034161",1704,0.00288475856918271,0.0213896804223531,0.00026225077901661,"Daniel Carlson","OAK","K",2018
"542","00-0034767",1955,0.00287871638981057,0.0204655923950833,0.000261701489982779,"Nick Nelson","OAK","DB",2018
"543","00-0032971",1294,0.00287505473210473,0.0206126818455484,0.000261368612009521,"Justin Simmons","DEN","DB",2018
"544","00-0032965",1288,0.00287291181432218,0.0201846444393528,0.000261173801302016,"Ronnie Stanley","BAL","OL",2018
"545","00-0031102",705,0.00286439101342104,0.0215728111335141,0.000260399183038276,"Kapri Bibbs","GB","RB",2018
"546","00-0033111",1351,0.00284831665343751,0.0218851031722489,0.000258937877585228,"Pharoh Cooper","ARI","WR",2018
"547","00-0034116",1698,0.00284584293413485,0.0231246415463582,0.000258712994012259,"J.T. Gray","NO","DB",2018
"548","00-0030161",530,0.00281707436260399,0.021235856458261,0.000256097669327635,"Bradley McDougald","SEA","DB",2018
"549","00-0033929",1641,0.00277742342334992,0.0216264986169705,0.000252493038486356,"Montravius Adams","GB","DL",2018
"550","00-0030997",671,0.00277554496100916,0.0211651155841036,0.000252322269182651,"Zach Fulton","HOU","OL",2018
"551","00-0032413",1112,0.00276712916780374,0.020641770160035,0.000251557197073067,"Ronald Blair","SF","DL",2018
"552","00-0031958",960,0.0027609190153553,0.0208472035422773,0.000250992637759572,"Austin Reiter","KC","OL",2018
"553","00-0025828",76,0.00275432535325128,0.0204856261535078,0.000250393213931935,"Wesley Woodyard","TEN","LB",2018
"554","00-0033875",1591,0.00274807082846841,0.0208813103962683,0.000249824620769856,"Haason Reddick","ARI","LB",2018
"555","00-0034641",1904,0.0027436369030105,0.0222113852729448,0.000249421536637318,"Chris Jones","ARI","DB",2018
"556","00-0033344",1412,0.00274221396868986,0.0198399353684249,0.000249292178971806,"Hardy Nickerson","CIN","LB",2018
"557","00-0033954",1663,0.00274173184404848,0.0211208771579632,0.000249248349458952,"Jayon Brown","TEN","LB",2018
"558","00-0031418",826,0.00273586929273915,0.0221816403324423,0.000248715390249013,"Austin Seferian-Jenkins","JAX","TE",2018
"559","00-0031914",942,0.00273581921750579,0.0206861560609815,0.000248710837955071,"Olsen Pierre","ARI","DL",2018
"560","00-0028038",272,0.0027231439388452,0.0214990425625398,0.000247558539895019,"Da'Norris Searcy","CAR","DB",2018
"561","00-0024333",52,0.00269967503165785,0.0217847940939422,0.000245425002877986,"Stephen Gostkowski","NE","K",2018
"562","00-0033964",1670,0.00269603979086182,0.0210344590890397,0.000245094526441984,"Al-Quadin Muhammad","IND","DL",2018
"563","00-0033560",1499,0.00268401171055751,0.0205025190080705,0.000244001064596137,"Julie'n Davenport","HOU","OL",2018
"564","00-0033760",1554,0.00267617196419061,0.0213992844487115,0.000243288360380965,"Justin Davis","LA","RB",2018
"565","00-0030414",559,0.00267267541684613,0.0210796855824919,0.000242970492440557,"Spencer Ware","KC","RB",2018
"566","00-0032774",1219,0.00266721296462345,0.0213118811826325,0.000242473905874859,"Deon Bush","CHI","DB",2018
"567","00-0029892",479,0.00266450116400797,0.0205972742925278,0.000242227378546179,"Kyle Juszczyk","SF","RB",2018
"568","00-0034514",1869,0.00265959569935629,0.020611807964812,0.000241781427214208,"Levi Wallace","BUF","DB",2018
"569","00-0034397",1818,0.00265723861046521,0.0202748120593376,0.000241567146405928,"Tim Settle","WAS","DL",2018
"570","00-0027973",248,0.00264964195757708,0.0207162694728566,0.000240876541597916,"Andy Dalton","CIN","QB",2018
"571","00-0033578",1514,0.00264597694427304,0.0207820468538546,0.000240543358570277,"Sam Tevi","LAC","OL",2018
"572","00-0032939",1275,0.00264436492178282,0.0211254878371648,0.000240396811071165,"Vonn Bell","NO","DB",2018
"573","00-0031345",786,0.00262110081347045,0.0205494615825155,0.000238281892133677,"Jimmy Garoppolo","SF","QB",2018
"574","00-0026618",109,0.0026196854875231,0.0211257434144442,0.000238153226138464,"Michael Bennett","PHI","DL",2018
"575","00-0029643",436,0.00259521811938381,0.0208356271443265,0.000235928919943982,"Whitney Mercilus","HOU","LB",2018
"576","00-0032087",987,0.00258717431658518,0.0214889008664686,0.000235197665144107,"Josh Lambo","JAX","K",2018
"577","00-0033096",1344,0.00258323910146301,0.0212461174022612,0.000234839918314819,"Shaq Lawson","BUF","DL",2018
"578","00-0031622",890,0.00257936620893832,0.0204923652712381,0.000234487837176211,"Bobby Hart","CIN","OL",2018
"579","00-0030520",595,0.00256307401984671,0.0215393274938916,0.000233006729076973,"Mike Glennon","ARI","QB",2018
"580","00-0032055",976,0.00255418058513591,0.0211232575596469,0.000232198235012356,"Devin Funchess","CAR","WR",2018
"581","00-0031870",932,0.00253922165448568,0.0220501760912785,0.000230838332225971,"Dean Marlowe","BUF","DB",2018
"582","00-0032386",1087,0.00253777451277795,0.0213974629706774,0.000230706773888904,"Kamalei Correa","TEN","LB",2018
"583","00-0034811",1987,0.0025079551084721,0.0220772455223633,0.000227995918952009,"Trevon Young","LA","LB",2018
"584","00-0030706",639,0.00250667526509289,0.0215783887150952,0.000227879569553899,"Josh Andrews","IND","OL",2018
"585","00-0032758",1204,0.00249757693095159,0.0225729891530118,0.000227052448268327,"Vernon Hargreaves","TB","DB",2018
"586","00-0034390",1813,0.00248245595008596,0.0222226675670203,0.000225677813644178,"Tyrell Crosby","DET","OL",2018
"587","00-0030564",613,0.00247912943744925,0.0212004220264703,0.000225375403404477,"DeAndre Hopkins","HOU","WR",2018
"588","00-0030011",491,0.00247543283041084,0.0229382790595478,0.000225039348219167,"Jordan Devey","KC","OL",2018
"589","00-0031935",947,0.00247258007836367,0.0211235642393099,0.00022478000712397,"Preston Smith","WAS","LB",2018
"590","00-0029822",472,0.00245508094443962,0.0222273959670629,0.000223189176767238,"Brandon McManus","DEN","K",2018
"591","00-0030621",627,0.0024528197340473,0.021523314079041,0.000222983612186119,"Michael Ola","NO","OL",2018
"592","00-0026968",122,0.00244480672041015,0.0211519316326723,0.000222255156400922,"Ryan Succop","TEN","K",2018
"593","00-0031258",745,0.00243473103427599,0.0216399267341007,0.000221339184934181,"Jeremiah Attaochu","NYJ","LB",2018
"594","00-0030070",510,0.00243285992073488,0.0225545442405356,0.000221169083703171,"John Jenkins","NYG","DL",2018
"595","00-0034626",1901,0.00239880290974247,0.0221349351727909,0.00021807299179477,"Trevor Daniel","HOU","P",2018
"596","00-0025580",73,0.00239374757592165,0.0217531796346533,0.000217613415992877,"Mason Crosby","GB","K",2018
"597","00-0031371",802,0.00238991160603609,0.0211179831307486,0.000217264691457827,"Marcus Smith","WAS","LB",2018
"598","00-0031151",714,0.00237288450899064,0.0216231650542214,0.000215716773544604,"Marcus Williams","CHI","DB",2018
"599","00-0024338",54,0.00236143372987979,0.0201622694813542,0.000214675793625436,"Domata Peko Sr.","DEN","DL",2018
"600","00-0029134",351,0.00234463560016422,0.021257907378787,0.00021314869092402,"Beau Brinkley","TEN","LS",2018
"601","00-0030923",664,0.00234269541662609,0.0207549970584898,0.000212972310602372,"Jeremiah Sirles","BUF","OL",2018
"602","00-0032946",1278,0.0023405655972333,0.0214029274320146,0.000212778690657573,"De'Vante Harris","TB","DB",2018
"603","00-0034307",1754,0.00233169453725521,0.0222635772201052,0.000211972230659565,"Janarion Grant","BAL","WR",2018
"604","00-0033940",1650,0.00227666270286861,0.0214312827967829,0.000206969336624419,"Jaleel Johnson","MIN","DL",2018
"605","00-0029528",400,0.00227520598458488,0.0218227242649855,0.000206836907689534,"Bobby Massie","CHI","OL",2018
"606","00-0032403",1103,0.00227479241127104,0.0217030543590977,0.000206799310115549,"Juston Burris","CLE","DB",2018
"607","00-0032065",983,0.00227472135134517,0.022037366031988,0.000206792850122288,"Bradley Pinion","SF","P",2018
"608","00-0030500",585,0.00227143047203314,0.0224982741511163,0.00020649367927574,"Nick Williams","CHI","DL",2018
"609","00-0031238",737,0.00226980297396098,0.0204513036691615,0.000206345724905544,"Weston Richburg","SF","OL",2018
"610","00-0029257",369,0.00226861640407723,0.0220574610443155,0.000206237854916112,"Jerel Worthy","TB","DL",2018
"611","00-0030542",604,0.00225731658902809,0.0216158721319266,0.000205210599002554,"Terrance Williams","DAL","WR",2018
"612","00-0028015",265,0.00223471065873232,0.0203098623957925,0.000203155514430211,"Jurrell Casey","TEN","DL",2018
"613","00-0034664",1914,0.00222550783791899,0.0219861693429364,0.000202318894356272,"Elijah Nkansah","SEA","OL",2018
"614","00-0033911",1627,0.00222519770240484,0.0204488849839595,0.000202290700218621,"Taywan Taylor","TEN","WR",2018
"615","00-0033956",1665,0.00222289409404222,0.0198562561398215,0.000202081281276565,"Marquel Lee","OAK","LB",2018
"616","00-0033438",1440,0.00222165282183988,0.0211142816420442,0.00020196843834908,"Fadol Brown","GB","DL",2018
"617","00-0029747",465,0.0021880394084852,0.0206745750079203,0.000198912673498655,"Chris Banjo","NO","DB",2018
"618","00-0031549",848,0.00218089781875237,0.0205764629038587,0.000198263438068398,"Nelson Agholor","PHI","WR",2018
"619","00-0034847",2015,0.00218037207772248,0.0209482640911459,0.000198215643429316,"Mike McGlinchey","SF","OL",2018
"620","00-0026989",126,0.0021743995552929,0.020969217911551,0.000197672686844809,"Brian Orakpo","TEN","LB",2018
"621","00-0030382",547,0.00215143285468421,0.0216765385598021,0.000195584804971292,"Kevin Minter","TB","LB",2018
"622","00-0034274",1740,0.00214553972245418,0.0210935647939055,0.000195049065677652,"Parry Nickerson","NYJ","DB",2018
"623","00-0030792",651,0.00214232536085177,0.0212537172490755,0.000194756850986524,"Justin McCray","GB","OL",2018
"624","00-0030937",665,0.0021171251492057,0.0217191484069302,0.000192465922655063,"Zac Kerin","WAS","OL",2018
"625","00-0032094",989,0.00211406141706992,0.0203519376754454,0.000192187401551811,"Tyrell Adams","HOU","LB",2018
"626","00-0033791",1567,0.00210952660910942,0.0201222338400072,0.000191775146282674,"Brandon Wilson","CIN","DB",2018
"627","00-0026189",89,0.00209071375374543,0.0221112189889792,0.00019006488670413,"DeSean Jackson","TB","WR",2018
"628","00-0029666",442,0.00208392325081073,0.0211561215546648,0.000189447568255521,"Josh LeRibeus","NO","OL",2018
"629","00-0024417",57,0.00207722838883396,0.0210788441957202,0.000188838944439451,"Sam Koch","BAL","P",2018
"630","00-0032443",1129,0.00206200776960326,0.0211802868756176,0.000187455251782115,"Joey Hunt","SEA","OL",2018
"631","00-0029040",339,0.00206144091720717,0.0200221885532321,0.000187403719746106,"Damon Harrison","DET","DL",2018
"632","00-0027531",164,0.00205824722241948,0.021395972420398,0.000187113383856316,"Chris Ivory","BUF","RB",2018
"633","00-0031362",796,0.00203674175208651,0.0214411873693184,0.000185158341098774,"Trai Turner","CAR","OL",2018
"634","00-0032050",972,0.00202449421756252,0.0203931433493058,0.00018404492886932,"Corey Moore","IND","DB",2018
"635","00-0032785",1229,0.00202351199083114,0.0209025417329914,0.000183955635530104,"Halapoulivaati Vaitai","PHI","OL",2018
"636","00-0034537",1878,0.00201949935341036,0.0227026108189432,0.000183590850310033,"Chris Worley","CIN","LB",2018
"637","00-0026283",97,0.00200726579301282,0.0201956891392852,0.000182478708455711,"Orlando Scandrick","KC","DB",2018
"638","00-0027557",167,0.00198872350617858,0.0213480516374254,0.000180793046016234,"Morgan Cox","BAL","LS",2018
"639","00-0032881",1255,0.0019866889020454,0.0210193518514059,0.000180608082004127,"Tommylee Lewis","NO","WR",2018
"640","00-0027956",238,0.00198408041845259,0.0218494023688013,0.000180370947132053,"Corey Liuget","LAC","DL",2018
"641","00-0029409",387,0.00198361563559976,0.0223744798894907,0.000180328694145432,"Mychal Kendricks","SEA","LB",2018
"642","00-0032575",1164,0.00197112638334329,0.021022642502596,0.000179193307576662,"Matt Skura","BAL","OL",2018
"643","00-0034333",1761,0.00196019256752937,0.0212301104593392,0.000178199324320852,"Daron Payne","WAS","DL",2018
"644","00-0029795",470,0.00195874557201443,0.0213305448447147,0.000178067779274039,"Benny Cunningham","CHI","RB",2018
"645","00-0032602",1172,0.00194869209824306,0.021677455351343,0.000177153827113005,"J.D. McKissic","SEA","RB",2018
"646","00-0034385",1808,0.00194139807444523,0.0213814062272474,0.000176490734040476,"Ja'Whaun Bentley","NE","LB",2018
"647","00-0032418",1115,0.00193600160451109,0.0224784745476771,0.000176000145864644,"Joe Dahl","DET","OL",2018
"648","00-0026293",98,0.0019346596329129,0.0211762780654013,0.000175878148446627,"Matthew Slater","NE","WR",2018
"649","00-0023853",41,0.00192780893574887,0.0214130319761098,0.000175255357795352,"Matt Prater","DET","K",2018
"650","00-0032950",1279,0.00191557566470238,0.0209800006300672,0.000174143242245671,"Carson Wentz","PHI","QB",2018
"651","00-0033296",1396,0.001912785125668,0.0211502995673669,0.000173889556878909,"Alex Armah","CAR","RB",2018
"652","00-0027224",152,0.00191126560907059,0.0214850207007657,0.000173751419006418,"Jon Weeks","HOU","LS",2018
"653","00-0033045",1311,0.00189727527220761,0.0210388231121052,0.000172479570200692,"Ezekiel Elliott","DAL","RB",2018
"654","00-0031170",719,0.00189668683119647,0.0219547989090436,0.000172426075563316,"Timmy Jernigan","PHI","DL",2018
"655","00-0028698",320,0.00188983206937077,0.0212048961122452,0.000171802915397343,"Ben Jacobs","CAR","LB",2018
"656","00-0033058",1323,0.00186209400201533,0.0202215490893029,0.000169281272910485,"Reggie Ragland","KC","LB",2018
"657","00-0033792",1568,0.00184248325055311,0.0219373972542266,0.00016749847732301,"Rudy Ford","ARI","DB",2018
"658","00-0034354",1780,0.00183871299951575,0.0211470782760563,0.000167155727228704,"Kemoko Turay","IND","DL",2018
"659","00-0025555",72,0.00183530813804187,0.0198042949605276,0.000166846194367443,"Corey Graham","PHI","DB",2018
"660","00-0032521",1151,0.00181905559581686,0.0216840505370138,0.000165368690528806,"Mike Hilton","PIT","DB",2018
"661","00-0031512",841,0.00181887710673195,0.0198505657741995,0.000165352464248359,"Jermaine Whitehead","CLE","DB",2018
"662","00-0034787",1970,0.00181310352941005,0.0216586416043788,0.000164827593582732,"Chris Board","BAL","LB",2018
"663","00-0032141",1013,0.00181282098267787,0.0194897882817798,0.00016480190751617,"Geoff Swaim","DAL","TE",2018
"664","00-0033872",1588,0.00181238853561535,0.0205127433136367,0.00016476259414685,"Jamal Adams","NYJ","DB",2018
"665","00-0031367",800,0.00178683276005779,0.0219223135821162,0.000162439341823435,"Gabe Jackson","OAK","OL",2018
"666","00-0029682",452,0.00178514172468723,0.022105617110477,0.000162285611335202,"Brock Osweiler","MIA","QB",2018
"667","00-0030525",598,0.00178044616374108,0.0211454487312735,0.00016185874215828,"Tavon Austin","DAL","WR",2018
"668","00-0033890",1606,0.00177969372226221,0.0212272222343369,0.000161790338387474,"Budda Baker","ARI","DB",2018
"669","00-0030577",620,0.00177955538686832,0.0212354873735908,0.000161777762442575,"Sylvester Williams","MIA","DL",2018
"670","00-0032135",1009,0.00177889149177315,0.0209784922005172,0.000161717408343014,"Jesse James","PIT","TE",2018
"671","00-0032767",1213,0.00177476900125945,0.0212175692229938,0.000161342636478132,"Su'a Cravens","DEN","DB",2018
"672","00-0034373",1798,0.00177175191407384,0.0205338393394465,0.000161068355824895,"Dorance Armstrong","DAL","DL",2018
"673","00-0031557",855,0.00177093047469151,0.021567856471376,0.00016099367951741,"Jordan Phillips","BUF","DL",2018
"674","00-0033115",1354,0.00176601209728118,0.0219859073426645,0.000160546554298289,"Jeff Overbaugh","ATL","LS",2018
"675","00-0034426",1836,0.0017510820608231,0.0216822017771242,0.000159189278256646,"Javon Wims","CHI","WR",2018
"676","00-0032197",1035,0.0017485387163025,0.0205998203766244,0.000158958065118409,"Randy Gregory","DAL","DL",2018
"677","00-0033543",1485,0.001744560500506,0.0208337306247875,0.000158596409136909,"Sidney Jones","PHI","DB",2018
"678","00-0029421",394,0.00174345352963675,0.0210664831741403,0.000158495775421523,"Randy Bullock","CIN","K",2018
"679","00-0034341",1767,0.00172892490025939,0.0217783375899779,0.000157174990932672,"Matthew Thomas","PIT","LB",2018
"680","00-0034682",1925,0.0017281088847038,0.0206411047330962,0.000157100807700346,"Genard Avery","CLE","LB",2018
"681","00-0032769",1215,0.00168943649979418,0.0216086402557495,0.000153585136344925,"Brandon Williams","ARI","DB",2018
"682","00-0031304",770,0.00167674364466966,0.0221481012431424,0.000152431240424514,"Will Clarke","TB","DL",2018
"683","00-0034520",1872,0.0016651724938191,0.0215290779049697,0.000151379317619918,"Lyndon Johnson","JAX","DL",2018
"684","00-0033563",1501,0.00166295590961515,0.0219581078888117,0.000151177809965014,"Carlos Watkins","HOU","DL",2018
"685","00-0032977",1297,0.00165698097860815,0.0214223839219047,0.000150634634418923,"Rashard Higgins","CLE","WR",2018
"686","00-0026498",102,0.00165204759689054,0.0205578913103758,0.000150186145171867,"Matthew Stafford","DET","QB",2018
"687","00-0033950",1659,0.0016446880813536,0.0215443516686441,0.000149517098304873,"Wayne Gallman","NYG","RB",2018
"688","00-0029688",454,0.00163791278996437,0.020708794591769,0.000148901162724033,"Dontari Poe","CAR","DL",2018
"689","00-0031961",962,0.00163653880470065,0.0208406011114626,0.000148776254972786,"Mark Nzeocha","SF","LB",2018
"690","00-0033011",1304,0.00163609478368059,0.0202136440496228,0.000148735889425508,"Connor McGovern","DEN","OL",2018
"691","00-0032479",1140,0.0016231794309038,0.0209615447357199,0.0001475617664458,"Tyvis Powell","SF","DB",2018
"692","00-0028907",329,0.00162149199968512,0.0213995295412809,0.000147408363607738,"Giorgio Tavecchio","ATL","K",2018
"693","00-0031585",874,0.00162018987626605,0.0218244637186277,0.000147289988751459,"MyCole Pruitt","TEN","TE",2018
"694","00-0032162",1024,0.00162011313431234,0.0212672647648151,0.000147283012210212,"T.Y. McGill","LAC","DL",2018
"695","00-0033927",1639,0.00161832117658207,0.0212143511082597,0.000147120106962006,"John Johnson","LA","DB",2018
"696","00-0033788",1564,0.00161063876068125,0.0219092236737917,0.000146421705516477,"Will Holden","ARI","OL",2018
"697","00-0030062",502,0.00160802772872556,0.020737740720928,0.000146184338975051,"Darius Slay","DET","DB",2018
"698","00-0027688",185,0.00159505999645276,0.0213882256005162,0.000145005454222978,"Colt McCoy","WAS","QB",2018
"699","00-0031687",899,0.00159185150264912,0.0221791897846577,0.000144713772968102,"Raheem Mostert","SF","RB",2018
"700","00-0034624",1900,0.00158631169578184,0.0216797327003868,0.000144210154161985,"Lavon Coleman","GB","RB",2018
"701","00-0032933",1271,0.00157363137150075,0.0211767630505286,0.00014305739740916,"Antonio Hamilton","NYG","DB",2018
"702","00-0032164",1025,0.00155049927803116,0.0204925804750926,0.000140954479821015,"Arik Armstead","SF","DL",2018
"703","00-0029076",343,0.00154203592984997,0.0226109913076756,0.000140185084531815,"Austin Pasztor","TEN","OL",2018
"704","00-0033859",1580,0.00152971933903621,0.0229765385569235,0.000139065394457837,"Josh Malone","CIN","WR",2018
"705","00-0031349",789,0.00152458652746791,0.0203839480646984,0.000138598775224355,"Matt Paradis","DEN","OL",2018
"706","00-0030515",593,0.0015190103476876,0.0217025768256956,0.000138091849789782,"Stacy McGee","WAS","DL",2018
"707","00-0033446",1443,0.00151578039368785,0.0217974890437586,0.000137798217607986,"Jordan Simmons","SEA","OL",2018
"708","00-0023482",34,0.00151475755351805,0.0228146099187974,0.000137705232138004,"Mike Nugent","OAK","K",2018
"709","00-0034586",1891,0.00149043072772001,0.020993178562968,0.000135493702520001,"John Atkins","DET","DL",2018
"710","00-0032382",1083,0.00148316945391976,0.0214394212149545,0.000134833586719978,"Keanu Neal","ATL","DB",2018
"711","00-0022161",11,0.00147742351174486,0.0213833856536738,0.000134311228340442,"Terrell Suggs","BAL","LB",2018
"712","00-0032883",1256,0.00147440364325391,0.022102044429709,0.000134036694841264,"Mitchell Loewen","DET","DL",2018
"713","00-0033779",1558,0.00147136804814346,0.0228251866359878,0.000133760731649406,"Dee Virgin","DET","DB",2018
"714","00-0033925",1637,0.00146262683622674,0.0221676170797728,0.000132966076020612,"D'Onta Foreman","HOU","RB",2018
"715","00-0033968",1671,0.00144900802870021,0.0221032564887435,0.00013172800260911,"Stacy Coley","NYG","WR",2018
"716","00-0033379",1422,0.00144596845603131,0.0219896144017517,0.000131451677821028,"Tim White","BAL","WR",2018
"717","00-0032063",982,0.00144174641897609,0.0210352710680954,0.000131067856270554,"Mike Davis","SEA","RB",2018
"718","00-0031425",827,0.00144042989507511,0.0228480896165478,0.000130948172279556,"Dominique Easley","LA","LB",2018
"719","00-0031911",940,0.00143684624335038,0.022621230726546,0.000130622385759125,"Rick Lovato","PHI","LS",2018
"720","00-0030041",496,0.0014316766380713,0.0209620279348633,0.000130152421642846,"Nickell Robey-Coleman","LA","DB",2018
"721","00-0027647",171,0.00141825624911158,0.0214927209772202,0.000128932386282871,"Devin McCourty","NE","DB",2018
"722","00-0027681",181,0.00141152172889177,0.0205632382160937,0.000128320157171979,"Brandon LaFell","OAK","WR",2018
"723","00-0032394",1095,0.00140599266409952,0.0208185306463315,0.000127817514918139,"Nick Vannett","SEA","TE",2018
"724","00-0033399",1428,0.0013927483199966,0.0216796479463211,0.000126613483636055,"Chase Allen","MIA","LB",2018
"725","00-0034208",1722,0.00137806738983763,0.0221397389253512,0.000125278853621602,"Mike Boone","MIN","RB",2018
"726","00-0033289",1390,0.00137183774986521,0.0214488924607855,0.000124712522715019,"Corn Elder","CAR","DB",2018
"727","00-0032803",1243,0.00136311441455788,0.0204689709006217,0.000123919492232534,"Jalen Mills","PHI","DB",2018
"728","00-0033871",1587,0.0013423143091506,0.0203692117218358,0.000122028573559146,"Corey Davis","TEN","WR",2018
"729","00-0031923",945,0.00133832242185911,0.0211316407345339,0.000121665674714465,"Greg Mancz","HOU","OL",2018
"730","00-0030060",500,0.0013330245631153,0.0205985251884071,0.0001211840511923,"Kenny Vaccaro","TEN","DB",2018
"731","00-0028903",328,0.00133103925337385,0.0205420021591353,0.000121003568488532,"Garrett Celek","SF","TE",2018
"732","00-0033434",1438,0.0013259358254458,0.021862222652063,0.000120539620495073,"Bobo Wilson","TB","WR",2018
"733","00-0034450",1847,0.00132097384202912,0.0213284826984424,0.000120088531093557,"Greg Joseph","CLE","K",2018
"734","00-0027865",209,0.00131591339406775,0.020860268721105,0.000119628490369795,"Brandon Graham","PHI","DL",2018
"735","00-0031307",772,0.00131367226460615,0.021660566842781,0.000119424751327832,"Walt Aikens","MIA","DB",2018
"736","00-0032800",1242,0.00131139513581535,0.021937383345277,0.000119217739619577,"Jonathan Woodard","MIA","DL",2018
"737","00-0031122",708,0.00130149237550901,0.0203291776758747,0.000118317488682637,"Andrew Norwell","JAX","OL",2018
"738","00-0030486",584,0.00129640492638517,0.0208657274707684,0.000117854993307743,"Brian Schwenke","NE","OL",2018
"739","00-0031572",866,0.00129257474578111,0.0216773956799893,0.00011750679507101,"T.J. Clemmings","OAK","OL",2018
"740","00-0030770",647,0.00128942150159352,0.0217974461711224,0.000117220136508502,"Brock Coyle","SF","LB",2018
"741","00-0033467",1455,0.00128878987991357,0.0225193494194434,0.000117162716355779,"Brian Allen","PIT","DB",2018
"742","00-0031372",803,0.00128028128516302,0.0209973769976925,0.000116389207742093,"Bradley Roby","DEN","DB",2018
"743","00-0031657",897,0.0012669041961491,0.0224503121176161,0.000115173108740827,"Isaiah Johnson","LA","DB",2018
"744","00-0032117",1001,0.00126196273886014,0.0214591430255828,0.000114723885350922,"Nick O'Leary","MIA","TE",2018
"745","00-0026027",79,0.00125781954580471,0.0217027046097654,0.000114347231436792,"J.J. Jansen","CAR","LS",2018
"746","00-0029641",435,0.00125031345537336,0.0200474906307851,0.000113664859579396,"Tyrone Crawford","DAL","DL",2018
"747","00-0032768",1214,0.00124794338936891,0.0205864387448635,0.000113449399033537,"Cody Whitehair","CHI","OL",2018
"748","00-0023436",29,0.00124587111833316,0.0208654074554221,0.00011326101075756,"Alex Smith","WAS","QB",2018
"749","00-0031856",930,0.0012370991854312,0.0228750548515362,0.000112463562311927,"Brandon King","NE","LB",2018
"750","00-0032998",1299,0.00122396660022519,0.0220783705364402,0.000111269690929563,"Jared Norris","CAR","LB",2018
"751","00-0032233",1051,0.00122317136911483,0.0223736498372147,0.000111197397192257,"Cedric Ogbuehi","CIN","OL",2018
"752","00-0030443",570,0.00122186403326849,0.0210763064767005,0.000111078548478953,"Levine Toilolo","DET","TE",2018
"753","00-0026502",104,0.0012154776276942,0.0207266831295466,0.000110497966154018,"Ricky Jean Francois","DET","DL",2018
"754","00-0033773",1557,0.00121309334182886,0.0224820816995407,0.000110281212893532,"Riley McCarron","NE","WR",2018
"755","00-0033277",1382,0.001210693485607,0.0225541751309213,0.000110063044146091,"Kyle Kalis","CLE","OL",2018
"756","00-0033400",1429,0.00120742025612795,0.0221612728455762,0.000109765477829814,"Matt Haack","MIA","P",2018
"757","00-0033719",1546,0.00120701609378637,0.0214089845128025,0.000109728735798761,"Shane Smith","NYG","RB",2018
"758","00-0029567",409,0.00119465572936648,0.0206416510751577,0.000108605066306044,"Nick Foles","PHI","QB",2018
"759","00-0034353",1779,0.00119456495871859,0.0213006834514755,0.000108596814428963,"Anthony Miller","CHI","WR",2018
"760","00-0034581",1889,0.00119384937359774,0.0224599110682136,0.000108531761236158,"Taylor Hearn","CAR","OL",2018
"761","00-0033266",1380,0.00118822377190868,0.0217111334270196,0.000108020342900789,"JoJo Natson","LA","WR",2018
"762","00-0033658",1534,0.00118509459825693,0.0200730063478781,0.000107735872568812,"Blake Jarwin","DAL","TE",2018
"763","00-0033935",1647,0.00118216208884804,0.0208446579304297,0.000107469280804367,"Trey Hendrickson","NO","DL",2018
"764","00-0034614",1898,0.00117309466052236,0.0216824970906915,0.000106644969138396,"Godwin Igwebuike","SF","DB",2018
"765","00-0028497",316,0.0011684261694702,0.0212264759970469,0.000106220560860927,"Kamar Aiken","PHI","WR",2018
"766","00-0031363",797,0.00115775637420883,0.0215663216007749,0.00010525057947353,"Michael Palardy","CAR","P",2018
"767","00-0033572",1509,0.00115591790056867,0.0214426287772485,0.000105083445506242,"Jamal Agnew","DET","DB",2018
"768","00-0031950",955,0.00114235899967044,0.0209903506749297,0.000103850818151858,"D.J. Alexander","PHI","LB",2018
"769","00-0034545",1881,0.00114155062837202,0.0207240152500602,0.000103777329852002,"Brandon Facyson","LAC","DB",2018
"770","00-0030737",643,0.00113750422180056,0.0220852065101906,0.000103409474709141,"Freddie Martino","TB","WR",2018
"771","00-0031127",709,0.00113595531727152,0.0218419906593528,0.000103268665206501,"Brandon Dunn","HOU","DL",2018
"772","00-0032112",998,0.00113548911442478,0.0221235784543005,0.000103226283129526,"J.J. Nelson","ARI","WR",2018
"773","00-0033920",1634,0.00113397624333323,0.0217374484913287,0.00010308874939393,"Derek Rivers","NE","DL",2018
"774","00-0032772",1217,0.00113287620517555,0.0203450396356587,0.00010298874592505,"Ryan Smith","TB","DB",2018
"775","00-0034185",1715,0.00113021635216831,0.0210421317637447,0.00010274694110621,"Tyler Lancaster","GB","DL",2018
"776","00-0031844",927,0.00112954933911418,0.0213490119118079,0.000102686303555834,"Deshazor Everett","WAS","DB",2018
"777","00-0033124",1362,0.00111942989095123,0.0207899276320414,0.000101766353722839,"Will Redmond","GB","DB",2018
"778","00-0033005",1300,0.00111142098286807,0.0231366427781037,0.000101038271169825,"Denver Kirkland","OAK","OL",2018
"779","00-0034204",1720,0.00109931788218792,0.0216930171444181,9.99379892898106e-05,"Ola Adeniyi","PIT","LB",2018
"780","00-0029278",377,0.00109310963282203,0.0211947506110743,9.93736029838212e-05,"Joe Looney","DAL","OL",2018
"781","00-0033537",1479,0.00109049617351657,0.0211597326405041,9.91360157742338e-05,"Deshaun Watson","HOU","QB",2018
"782","00-0034791",1973,0.00108935177569341,0.0193873624393453,9.90319796084916e-05,"Nick Chubb","CLE","RB",2018
"783","00-0031235",734,0.0010600925483042,0.0202660289140775,9.6372049845836e-05,"Odell Beckham","NYG","WR",2018
"784","00-0032871",1253,0.00105803742893718,0.0200482107979965,9.61852208124708e-05,"Antwaun Woods","DAL","DL",2018
"785","00-0033606",1527,0.00104783869310985,0.021510217647459,9.52580630099866e-05,"Tre'Von Johnson","LAC","LB",2018
"786","00-0033435",1439,0.00104436411391533,0.0218817307775257,9.49421921741207e-05,"Breon Borders","JAX","DB",2018
"787","00-0033112",1352,0.00103334106558607,0.0217334118295383,9.39400968714611e-05,"Temarrick Hemingway","DEN","TE",2018
"788","00-0032569",1161,0.00103185467416617,0.0213523130600696,9.3804970378743e-05,"Wil Lutz","NO","K",2018
"789","00-0034461",1850,0.00103183170744847,0.0207777006034259,9.38028824953153e-05,"Bruce Hector","PHI","DL",2018
"790","00-0031361",795,0.00103090135508294,0.020464282350059,9.37183050075404e-05,"Christian Kirksey","CLE","LB",2018
"791","00-0034295",1749,0.00101813734574287,0.0221844369804391,9.25579405220795e-05,"James Murray","KC","OL",2018
"792","00-0034139",1699,0.00101052596708679,0.0217173088245508,9.18659970078899e-05,"Emmanuel Ellerbee","SEA","LB",2018
"793","00-0028738",321,0.000984207316356677,0.0199883619469701,8.94733923960615e-05,"Byron Bell","GB","OL",2018
"794","00-0033729",1548,0.000971327055970284,0.0215782477178955,8.83024596336622e-05,"Cameron Johnston","PHI","P",2018
"795","00-0033060",1324,0.000970895720083211,0.0217532463195049,8.82632472802919e-05,"Leonte Carroo","MIA","WR",2018
"796","00-0027862",208,0.000962940621919231,0.0208939822888252,8.75400565381119e-05,"Tyson Alualu","PIT","DL",2018
"797","00-0033552",1493,0.000958535020821111,0.0216791792957875,8.71395473473738e-05,"Brendan Langley","DEN","DB",2018
"798","00-0031442",832,0.000950034192746796,0.0206029682366457,8.63667447951632e-05,"Taylor Lewan","TEN","OL",2018
"799","00-0033526",1470,0.000947759561084871,0.0217443407206986,8.61599600986246e-05,"Samaje Perine","WAS","RB",2018
"800","00-0032401",1101,0.000947644792468346,0.0212788207101084,8.61495265880315e-05,"De'Vondre Campbell","ATL","LB",2018
"801","00-0034111",1696,0.000944633504392205,0.021608246582794,8.58757731265641e-05,"Trey Marshall","DEN","DB",2018
"802","00-0033533",1476,0.000934625011218404,0.021192789663823,8.4965910110764e-05,"Joshua Holsey","WAS","DB",2018
"803","00-0027962",242,0.00091246298029858,0.0210510079699,8.29511800271436e-05,"Cameron Jordan","NO","DL",2018
"804","00-0033970",1673,0.000912344196800397,0.0210565989187891,8.29403815273088e-05,"Shalom Luani","SEA","DB",2018
"805","00-0034256",1727,0.000908126376921812,0.0214318638315684,8.25569433565283e-05,"Da'Mari Scott","BUF","WR",2018
"806","00-0029123",349,0.000904730579643209,0.0224313015973977,8.2248234513019e-05,"Marquette King","DEN","P",2018
"807","00-0031308",773,0.000901179042252994,0.0220857591003477,8.19253674775449e-05,"Kevin Pierre-Louis","NYJ","LB",2018
"808","00-0034170",1711,0.000901080855908016,0.0222030623422419,8.19164414461832e-05,"Saeed Blacknall","OAK","WR",2018
"809","00-0034678",1921,0.00089934460132638,0.0222042041437268,8.175860012058e-05,"Alex Cappa","TB","OL",2018
"810","00-0034527",1876,0.000888312626031268,0.0219270850791749,8.07556932755698e-05,"Ryan Neal","ATL","DB",2018
"811","00-0033845",1575,0.000866581116932926,0.0197017034161906,7.87801015393569e-05,"Dominique Hatfield","LA","DB",2018
"812","00-0033577",1513,0.00086610944491522,0.020934175402395,7.873722226502e-05,"Nate Gerry","PHI","LB",2018
"813","00-0021140",8,0.000864234514486539,0.0208136733319973,7.85667740442309e-05,"Julius Peppers","CAR","DL",2018
"814","00-0032136",1010,0.000854613520479642,0.021134735691328,7.7692138225422e-05,"Lorenzo Doss","CAR","DB",2018
"815","00-0031177",723,0.000853656277527324,0.0202515481681567,7.76051161388476e-05,"Brent Urban","BAL","DL",2018
"816","00-0032407",1106,0.000848055322186548,0.0210093272514826,7.70959383805953e-05,"Alex Lewis","BAL","OL",2018
"817","00-0034465",1851,0.000843529124610291,0.0216895234378185,7.66844658736628e-05,"Jeremy Reaves","WAS","DB",2018
"818","00-0029215",362,0.000841157975944832,0.0198657999159977,7.64689069040756e-05,"George Iloka","MIN","DB",2018
"819","00-0033913",1629,0.000839708842659645,0.0197310894403788,7.63371675145131e-05,"Chris Wormley","BAL","DL",2018
"820","00-0019646",5,0.000830013237977925,0.0214990712206009,7.54557489070841e-05,"Sebastian Janikowski","SEA","K",2018
"821","00-0030457",575,0.000828500450178985,0.0216492508930575,7.53182227435441e-05,"Tank Carradine","OAK","DL",2018
"822","00-0033786",1562,0.000821725784186472,0.0210685279777015,7.4702344016952e-05,"Ryan Glasgow","CIN","DL",2018
"823","00-0034806",1985,0.000821133272473468,0.0209233214658517,7.46484793157698e-05,"Micah Kiser","LA","LB",2018
"824","00-0031301",769,0.000820656941108469,0.0214099904948379,7.46051764644062e-05,"Jeremy Hill","NE","RB",2018
"825","00-0034090",1688,0.000819720048066528,0.0216756080486146,7.45200043696844e-05,"Skai Moore","IND","LB",2018
"826","00-0030085",514,0.000816218046250492,0.0222007882734709,7.42016405682266e-05,"Kenny Stills","MIA","WR",2018
"827","00-0032426",1121,0.000815117357242414,0.0216880604067544,7.41015779311285e-05,"Alex Collins","BAL","RB",2018
"828","00-0033582",1518,0.000810309884342762,0.0215388739365523,7.3664534940251e-05,"Jeremiah Ledbetter","TB","DL",2018
"829","00-0033465",1453,0.000808888690637112,0.0221457942981194,7.35353355124647e-05,"Isaac Asiata","MIA","OL",2018
"830","00-0033057",1322,0.000806738203194885,0.0215046287691715,7.33398366540804e-05,"Jack Conklin","TEN","OL",2018
"831","00-0033103",1345,0.000802836258467978,0.0205682083730842,7.29851144061799e-05,"Artie Burns","PIT","DB",2018
"832","00-0034388",1811,0.000797735412785203,0.0228549933882207,7.25214011622912e-05,"Davontae Harris","CIN","DB",2018
"833","00-0034832",2002,0.000784393323162654,0.0205230115164694,7.13084839238777e-05,"Bradley Chubb","DEN","LB",2018
"834","00-0034712",1931,0.000769298155456762,0.0234712105953571,6.99361959506147e-05,"Casey Dunn","WAS","OL",2018
"835","00-0033597",1525,0.000765938821563728,0.0231974756523641,6.96308019603389e-05,"Chad Kelly","DEN","QB",2018
"836","00-0034526",1875,0.000764604740365902,0.0214078996616291,6.95095218514457e-05,"C.J. Reavis","JAX","DB",2018
"837","00-0032967",1290,0.00076398458692821,0.0209085830668447,6.94531442662009e-05,"Vernon Butler","CAR","DL",2018
"838","00-0034546",1882,0.000753298644640692,0.0234210692551815,6.84816949673357e-05,"Zack Golditch","ARI","OL",2018
"839","00-0030463",578,0.000749258376672661,0.0209610529615865,6.81143978793328e-05,"A.J. Klein","NO","LB",2018
"840","00-0028069",278,0.000745918711452865,0.0214801543982724,6.78107919502604e-05,"Davon House","GB","DB",2018
"841","00-0027720",190,0.000744826930487067,0.01921185850832,6.77115391351879e-05,"Geno Atkins","CIN","DL",2018
"842","00-0033659",1535,0.00073711899394562,0.0209031669041481,6.701081763142e-05,"Joe Jones","DEN","LB",2018
"843","00-0027195",150,0.000734140502314869,0.0202893978214432,6.6740045664988e-05,"Rafael Bush","BUF","DB",2018
"844","00-0033531",1474,0.000733117347788159,0.0218948698395332,6.66470316171054e-05,"Colin Holba","SF","LS",2018
"845","00-0033725",1547,0.000728830476830576,0.0201599876127618,6.62573160755069e-05,"Corey Clement","PHI","RB",2018
"846","00-0034612",1897,0.000723095964752817,0.0217270579517169,6.57359967957106e-05,"Demone Harris","TB","DL",2018
"847","00-0031384",808,0.000722804894128412,0.0210262852070237,6.57095358298557e-05,"Richard Rodgers","PHI","TE",2018
"848","00-0034860",2022,0.000719744498387612,0.0211873333913701,6.54313180352375e-05,"Dante Pettis","SF","WR",2018
"849","00-0033900",1616,0.000710456916155727,0.021553691814707,6.45869923777934e-05,"Obi Melifonwu","NE","DB",2018
"850","00-0028114",292,0.000708866281216248,0.0215464435126393,6.44423892014771e-05,"Dwayne Harris","OAK","WR",2018
"851","00-0030148",527,0.000707414382178496,0.0220726271233198,6.43103983798633e-05,"Damion Square","LAC","DL",2018
"852","00-0030273",538,0.000703839978842409,0.0201041214022749,6.39854526220371e-05,"Lane Taylor","GB","OL",2018
"853","00-0034356",1782,0.000703436396252868,0.0212190982720066,6.39487632957153e-05,"Donte Jackson","CAR","DB",2018
"854","00-0033886",1602,0.000696615228040293,0.0204319321731443,6.33286570945721e-05,"T.J. Watt","PIT","LB",2018
"855","00-0031006",672,0.000686705586338804,0.0215392085541588,6.24277805762549e-05,"Robert Thomas","BUF","DL",2018
"856","00-0032107",995,0.000671266738928068,0.0206991215231678,6.10242489934607e-05,"Angelo Blackson","HOU","DL",2018
"857","00-0031548",847,0.000669781440283972,0.0200452728755939,6.08892218439974e-05,"Kevin Johnson","HOU","DB",2018
"858","00-0033861",1582,0.000666228593865215,0.0213990465400211,6.05662358059286e-05,"Mike Tyson","HOU","DB",2018
"859","00-0033893",1609,0.000658192802773675,0.0223768265588266,5.98357093430614e-05,"Dalvin Cook","MIN","RB",2018
"860","00-0031994",965,0.000653550160551081,0.0207070034005489,5.94136509591892e-05,"Andrew East","WAS","LS",2018
"861","00-0023173",23,0.000650880704024169,0.0215141460306754,5.91709730931063e-05,"John Denney","MIA","LS",2018
"862","00-0030035",495,0.000647978397813873,0.0214183578153839,5.89071270739885e-05,"Adam Thielen","MIN","WR",2018
"863","00-0032422",1118,0.000647615124285092,0.0219752695052178,5.88741022077357e-05,"Kentrell Brothers","MIN","LB",2018
"864","00-0032859",1249,0.000641429007671317,0.0214348994119182,5.83117279701197e-05,"Destiny Vaeao","NYJ","DL",2018
"865","00-0023534",36,0.000640548829111281,0.0220889797553265,5.82317117373892e-05,"Dustin Colquitt","KC","P",2018
"866","00-0032385",1086,0.000632876832613625,0.0206662296887114,5.75342575103295e-05,"Sterling Shepard","NYG","WR",2018
"867","00-0033787",1563,0.000628890963588864,0.0222692995725796,5.71719057808058e-05,"Jake Elliott","PHI","K",2018
"868","00-0016919",3,0.000627563787569257,0.0222896113516615,5.7051253415387e-05,"Adam Vinatieri","IND","K",2018
"869","00-0033783",1560,0.000627231771377272,0.0203580480666216,5.70210701252065e-05,"Ahkello Witherspoon","SF","DB",2018
"870","00-0034813",1988,0.000621842916787313,0.0213351202711133,5.65311742533921e-05,"Justin Lawler","LA","DL",2018
"871","00-0033119",1357,0.000620630446460445,0.0213948102488936,5.64209496782223e-05,"Jacoby Brissett","IND","QB",2018
"872","00-0034109",1695,0.000620511268027265,0.0208010636423122,5.64101152752059e-05,"Phillip Lindsay","DEN","RB",2018
"873","00-0024239",48,0.000613990614432148,0.0206188162327436,5.58173285847407e-05,"Johnathan Joseph","HOU","DB",2018
"874","00-0030551",608,0.000612473516837671,0.0218796386059095,5.56794106216065e-05,"Colton Schmidt","BUF","P",2018
"875","00-0033782",1559,0.000611231463452628,0.0219867341742539,5.55664966775116e-05,"DeMarcus Walker","DEN","DL",2018
"876","00-0032727",1195,0.000609240414646559,0.0209763439180307,5.53854922405963e-05,"Joel Heath","HOU","DL",2018
"877","00-0032734",1198,0.000608884224289163,0.0214682576120015,5.53531112990148e-05,"Brennan Scarlett","HOU","LB",2018
"878","00-0033114",1353,0.000606250869395105,0.0231266834968089,5.5113715399555e-05,"Mike Thomas","LA","WR",2018
"879","00-0034515",1870,0.000604337531207955,0.0215701984988147,5.49397755643596e-05,"Dee Delaney","MIA","DB",2018
"880","00-0034654",1908,0.000602287841733073,0.0227175295854673,5.47534401575521e-05,"Dalyn Dawkins","TEN","RB",2018
"881","00-0029629",430,0.000601574843299084,0.020620656878648,5.46886221180985e-05,"Nate Stupar","NYG","LB",2018
"882","00-0033793",1569,0.000592237476711066,0.022421842060169,5.38397706100969e-05,"Corey Levin","TEN","OL",2018
"883","00-0031260",747,0.000588914542476893,0.0198423010269503,5.35376856797175e-05,"Logan Thomas","BUF","TE",2018
"884","00-0029665",441,0.000587608595792471,0.0229087110455962,5.3418963253861e-05,"Robert Griffin III","BAL","QB",2018
"885","00-0032798",1240,0.000586409516086905,0.0214815872672599,5.33099560079005e-05,"Harlan Miller","WAS","DB",2018
"886","00-0033854",1576,0.000584436419069856,0.0220570655847327,5.31305835518051e-05,"Dare Ogunbowale","TB","RB",2018
"887","00-0028031",270,0.000564137623316705,0.0215547298741003,5.12852384833368e-05,"Chris Conte","TB","DB",2018
"888","00-0030986",669,0.00055821133214171,0.0217019420214829,5.07464847401554e-05,"Ethan Westbrooks","LA","DL",2018
"889","00-0032592",1168,0.000551870223707702,0.0207381498378768,5.01700203370638e-05,"Sharrod Neasman","ATL","DB",2018
"890","00-0030615",626,0.000544656468614966,0.0215497081862384,4.95142244195424e-05,"James Winchester","KC","LS",2018
"891","00-0033501",1462,0.000539202390016247,0.022219706360744,4.90183990923861e-05,"Devaroe Lawrence","CLE","DL",2018
"892","00-0030516",594,0.000518734603867071,0.0218189725898308,4.71576912606428e-05,"Brice Butler","MIA","WR",2018
"893","00-0031588",876,0.000511467672049152,0.020544068157113,4.64970610953775e-05,"Stefon Diggs","MIN","WR",2018
"894","00-0032762",1208,0.000496876320975453,0.0200846882728726,4.51705746341321e-05,"Chris Jones","KC","DL",2018
"895","00-0034582",1890,0.000496746199284398,0.021942685970229,4.51587453894907e-05,"Brendan Mahon","CAR","OL",2018
"896","00-0027965",244,0.000495126715549751,0.0211496230852109,4.50115195954319e-05,"Jimmy Smith","BAL","DB",2018
"897","00-0034405",1824,0.000485331572633244,0.021433516225661,4.41210520575676e-05,"Sam Jones","DEN","OL",2018
"898","00-0029959",486,0.000476538362092053,0.0216461077228612,4.33216692810957e-05,"Carson Tinker","JAX","LS",2018
"899","00-0027873",216,0.000473819010658929,0.0206744448992989,4.3074455514448e-05,"Jermaine Gresham","ARI","TE",2018
"900","00-0033567",1504,0.000465603680007172,0.0217915310161382,4.23276072733793e-05,"Brian Hill","ATL","RB",2018
"901","00-0034840",2008,0.00046085242445464,0.0219272552353952,4.18956749504219e-05,"Adonis Alexander","WAS","DB",2018
"902","00-0034310",1756,0.000453959007316783,0.0215490712441012,4.12690006651621e-05,"Craig James","MIN","DB",2018
"903","00-0032550",1157,0.000430445599615839,0.0220236910898019,3.91314181468945e-05,"Alonzo Russell","NYG","WR",2018
"904","00-0033915",1631,0.000424704896628883,0.020879574299761,3.86095360571712e-05,"Tim Williams","BAL","LB",2018
"905","00-0034660",1912,0.000424576972473525,0.0225146995821668,3.85979065885022e-05,"Rico Gafford","OAK","WR",2018
"906","00-0030387",551,0.000414896059027173,0.0216078315309303,3.77178235479248e-05,"Steven Means","ATL","DL",2018
"907","00-0034521",1873,0.000412015778440191,0.0222622711168352,3.74559798581992e-05,"Allen Lazard","GB","WR",2018
"908","00-0034422",1834,0.000408669427617363,0.0206869895057276,3.7151766147033e-05,"Keishawn Bierria","DEN","LB",2018
"909","00-0034285",1747,0.000396274189514289,0.0227263162271514,3.60249263194808e-05,"Zach Sieler","BAL","DL",2018
"910","00-0032792",1235,0.000380110406247246,0.022108535474533,3.45554914770224e-05,"Nate Sudfeld","PHI","QB",2018
"911","00-0032246",1060,0.000379571291560152,0.0211863130727351,3.45064810509229e-05,"Andrew Donnal","DET","OL",2018
"912","00-0033591",1521,0.000378652160946404,0.0209203807297735,3.44229237224004e-05,"Noah Brown","DAL","WR",2018
"913","00-0030521",596,0.000377948311574493,0.0233341863808215,3.4358937415863e-05,"Justin Hunter","PIT","WR",2018
"914","00-0031484",834,0.000377307349620398,0.020871558757891,3.43006681473089e-05,"Chris Manhertz","CAR","TE",2018
"915","00-0027723",191,0.000375885293796668,0.020801263125666,3.41713903451516e-05,"Al Woods","IND","DL",2018
"916","00-0032975",1296,0.000372579921129049,0.0216912141615978,3.38709019208226e-05,"Jonathan Williams","IND","RB",2018
"917","00-0031897",937,0.000350624925441786,0.0220110623003766,3.18749932219805e-05,"Thomas Rawls","CIN","RB",2018
"918","00-0027663",176,0.000342195364628966,0.0211950795031596,3.11086695117242e-05,"Sean Lee","DAL","LB",2018
"919","00-0034345",1771,0.000341759129806413,0.0205358549870983,3.1069011800583e-05,"Frank Ragnow","DET","OL",2018
"920","00-0034375",1800,0.000340881995529171,0.021803268093745,3.09892723208338e-05,"Kyzir White","LAC","LB",2018
"921","00-0027023",134,0.000337460762140007,0.0214199889244277,3.0678251103637e-05,"Mike Mitchell","IND","DB",2018
"922","00-0034081",1686,0.000329649035537549,0.0221285561015521,2.99680941397772e-05,"Steven Mitchell","HOU","WR",2018
"923","00-0034410",1827,0.000326761008082403,0.022538573518006,2.97055461893094e-05,"Chris Covington","DAL","LB",2018
"924","00-0033307",1405,0.000311149168585644,0.0204244157849799,2.82862880532404e-05,"Kendrick Bourne","SF","WR",2018
"925","00-0029319",383,0.000305993238889258,0.0208974825720075,2.78175671717507e-05,"Josh Bellamy","CHI","WR",2018
"926","00-0032404",1104,0.000305229101203116,0.02145554578639,2.77481001093741e-05,"Tyler Ervin","BAL","RB",2018
"927","00-0034143",1700,0.000302536268924246,0.0225834236300123,2.75032971749315e-05,"Richard Jarvis","BUF","LB",2018
"928","00-0032115",999,0.000292695570044369,0.0211114758667577,2.66086881858517e-05,"Kaelin Clay","NYG","WR",2018
"929","00-0033527",1471,0.000292264921001216,0.0206891832622341,2.65695382728378e-05,"Montae Nicholson","WAS","DB",2018
"930","00-0029677",448,0.00028870996838698,0.0216937214899236,2.62463607624527e-05,"Brandon Weeden","HOU","QB",2018
"931","00-0028787",322,0.000285244409642924,0.0207712854863204,2.59313099675386e-05,"Kai Forbath","JAX","K",2018
"932","00-0031956",958,0.000280708183429403,0.0209419201524644,2.55189257663094e-05,"Anthony Chickillo","PIT","LB",2018
"933","00-0033383",1425,0.000278982269771268,0.023018415974342,2.53620245246607e-05,"Cole Croston","NE","OL",2018
"934","00-0031563",859,0.000278585962296089,0.0221111686885528,2.53259965723717e-05,"Alex Carter","WAS","DB",2018
"935","00-0031015",673,0.000277967690186307,0.0212811332926196,2.5269790016937e-05,"Phillip Gaines","CLE","DB",2018
"936","00-0030033",494,0.000271119874682925,0.0215773770417503,2.46472613348114e-05,"Terence Garvin","SF","LB",2018
"937","00-0031843",926,0.000267833761131779,0.0219055633986365,2.43485237392526e-05,"Ryan Delaire","SF","DL",2018
"938","00-0025944",78,0.000258028098356719,0.0218032685099797,2.34570998506108e-05,"Stephen Hauschka","BUF","K",2018
"939","00-0023894",42,0.000257167518410293,0.021539389231806,2.33788653100267e-05,"Donald Penn","OAK","OL",2018
"940","00-0027057",139,0.000252811538157957,0.0213282093066462,2.29828671052688e-05,"Brandon Tate","NO","WR",2018
"941","00-0032759",1205,0.00024262967090758,0.0205451335642825,2.205724280978e-05,"Sheldon Rankins","NO","DL",2018
"942","00-0029268",373,0.00024121096734498,0.022249869305985,2.19282697586346e-05,"Gino Gradkowski","DEN","OL",2018
"943","00-0033569",1506,0.000238357791950601,0.0216645228200709,2.16688901773274e-05,"Roderick Johnson","HOU","OL",2018
"944","00-0033131",1366,0.000232448324777468,0.0205064534315542,2.11316658888608e-05,"Maliek Collins","DAL","DL",2018
"945","00-0034206",1721,0.000231836295722601,0.0226310093853131,2.10760268838729e-05,"Quadree Henderson","NYG","WR",2018
"946","00-0032215",1045,0.000231653388876031,0.0201336382979964,2.10593989887301e-05,"Damien Wilson","DAL","LB",2018
"947","00-0030576",619,0.00022824861661781,0.0222062443849072,2.07498742379827e-05,"Datone Jones","DAL","DL",2018
"948","00-0034104",1693,0.000226528614682131,0.0221519028320039,2.05935104256483e-05,"Cam Sims","WAS","WR",2018
"949","00-0029886",477,0.000225067813613892,0.0212260936863146,2.04607103285357e-05,"LaAdrian Waddle","NE","OL",2018
"950","00-0032423",1119,0.000221553138930799,0.0225848512877558,2.01411944482545e-05,"Trevor Davis","GB","WR",2018
"951","00-0027943",229,0.000221405494586093,0.021093998786014,2.01277722350993e-05,"Patrick Peterson","ARI","DB",2018
"952","00-0033614",1530,0.000221308414663366,0.0219324188662921,2.01189467875787e-05,"Pasoni Tasini","ARI","DL",2018
"953","00-0033951",1660,0.000216741846610478,0.0208778311321057,1.97038042373162e-05,"Marlon Mack","IND","RB",2018
"954","00-0032911",1266,0.000213351858189604,0.020286446788236,1.93956234717821e-05,"Spencer Pulley","NYG","OL",2018
"955","00-0029061",340,0.000207124498619627,0.0212616854513333,1.88294998745115e-05,"Julian Stanford","BUF","LB",2018
"956","00-0033926",1638,0.000204830755214729,0.0211443535226357,1.86209777467935e-05,"Shaquill Griffin","SEA","DB",2018
"957","00-0031567",862,0.000188481839840571,0.0218044690716858,1.71347127127792e-05,"Daryl Williams","CAR","OL",2018
"958","00-0033450",1445,0.000187610207650067,0.0210085018942249,1.70554734227334e-05,"Xavier Woodson-Luster","CLE","LB",2018
"959","00-0030472",582,0.000177472376245241,0.0208850969741965,1.6133852385931e-05,"Jordan Reed","WAS","TE",2018
"960","00-0030456",574,0.000163365128251339,0.0213856605878768,1.48513752955763e-05,"Giovani Bernard","CIN","RB",2018
"961","00-0033066",1328,0.000163059353994934,0.0208205215195109,1.48235776359031e-05,"Andrew Billings","CIN","DL",2018
"962","00-0034334",1762,0.000160620648421235,0.0220863667006897,1.46018771292032e-05,"Troy Apke","WAS","DB",2018
"963","00-0033887",1603,0.000155444697526925,0.021367274712775,1.41313361388114e-05,"Reuben Foster","WAS","LB",2018
"964","00-0033156",1371,0.000148683771050364,0.0217034591602526,1.3516706459124e-05,"Joey Bosa","LAC","DL",2018
"965","00-0034396",1817,0.000127802736952334,0.0210388659008196,1.16184306320304e-05,"Jermaine Carter","CAR","LB",2018
"966","00-0030107",520,0.000124029896309351,0.0208362335690576,1.12754451190319e-05,"Theo Riddick","DET","RB",2018
"967","00-0032402",1102,0.000118083709707889,0.0223630943041198,1.07348827007172e-05,"Hassan Ridgeway","IND","DL",2018
"968","00-0032889",1258,0.000114974670970619,0.0213306319253027,1.04522428155108e-05,"A'Shawn Robinson","DET","DL",2018
"969","00-0034780",1966,0.000107823301853974,0.0215628208309679,9.80211835036128e-06,"Isaac Yiadom","DEN","DB",2018
"970","00-0028374",311,0.000103876923935915,0.0210573080830664,9.44335672144681e-06,"Kyle Nelson","SF","LS",2018
"971","00-0033359",1415,9.81648165320059e-05,0.0224102675497729,8.92407423018235e-06,"Adam Pankey","GB","OL",2018
"972","00-0034603",1895,9.56353365872575e-05,0.0215295265014768,8.6941215079325e-06,"Kevin Toliver","CHI","DB",2018
"973","00-0034686",1928,8.04873037454812e-05,0.0208797620948389,7.31702761322556e-06,"Auden Tate","CIN","WR",2018
"974","00-0033752",1552,7.40989983754842e-05,0.021803398203418,6.73627257958948e-06,"Storm Norton","MIN","OL",2018
"975","00-0031181",724,7.03900263716952e-05,0.0212332019945495,6.39909330651774e-06,"Ricardo Allen","ATL","DB",2018
"976","00-0034275",1741,6.74823577704041e-05,0.0219105698422649,6.13475979730946e-06,"Foley Fatukasi","NYJ","DL",2018
"977","00-0034391",1814,6.69110094925443e-05,0.0222894564194146,6.08281904477676e-06,"Siran Neal","BUF","DB",2018
"978","00-0034481",1855,4.45050884474708e-05,0.0207252517482849,4.04591713158826e-06,"Deatrick Nichols","ARI","DB",2018
"979","00-0031551",850,3.57987215389529e-05,0.020297049351396,3.2544292308139e-06,"Eddie Goldman","CHI","DL",2018
"980","00-0032637",1180,3.37765469417127e-05,0.0204918361465577,3.07059517651934e-06,"Andrew Adams","TB","DB",2018
"981","00-0034720",1932,2.96077277583677e-05,0.0217996018698566,2.69161161439706e-06,"Robert Spillane","TEN","LB",2018
"982","00-0027891",222,2.54784575276337e-05,0.0213331687411624,2.31622341160307e-06,"Golden Tate","PHI","WR",2018
"983","00-0032584",1167,2.49139988613081e-05,0.0220229527298346,2.26490898739164e-06,"Nick Rose","LAC","K",2018
"984","00-0026858",117,1.37058509596802e-05,0.0205493058194082,1.24598645088002e-06,"Graham Gano","CAR","K",2018
"985","00-0032710",1193,1.34102166553506e-05,0.02178300105196,1.21911060503188e-06,"Jeremiah McKinnon","PHI","DB",2018
"986","00-0032676",1187,1.17759217844223e-05,0.0219522592388817,1.07053834403839e-06,"Mike Jordan","TEN","DB",2018
"987","00-0030127",524,1.0765894929422e-05,0.0212112729914691,9.78717720856549e-07,"Marcus Cooper","DET","DB",2018
"988","00-0033363",1417,1.03382172598127e-05,0.0220059191499235,9.39837932710242e-07,"David Rivers","TB","DB",2018
"989","00-0032566",1160,4.86052806582225e-06,0.0207840473170606,4.41866187802023e-07,"Trevon Coley","CLE","DL",2018
"990","00-0031534",842,1.46753801186405e-06,0.0200777132382414,1.33412546533095e-07,"La'el Collins","DAL","OL",2018
"991","00-0033520",1466,-6.73284638589179e-06,0.0214789351096205,-6.12076944171981e-07,"Jeremy Clark","NYJ","DB",2018
"992","00-0033889",1605,-9.49856072196062e-06,0.0215426357952437,-8.63505520178238e-07,"Cam Robinson","JAX","OL",2018
"993","00-0033557",1497,-1.32830029931266e-05,0.0209184985843943,-1.20754572664787e-06,"Jalen Reeves-Maybin","DET","LB",2018
"994","00-0026275",95,-2.43813533731816e-05,0.0228719030784117,-2.21648667028923e-06,"Josh Sitton","MIA","OL",2018
"995","00-0034362",1787,-3.79727256026595e-05,0.0214456290805889,-3.45206596387814e-06,"Rashaan Gaulden","CAR","DB",2018
"996","00-0031729",907,-4.03410447249473e-05,0.0222033745605235,-3.66736770226793e-06,"Thurston Armbrister","ARI","LB",2018
"997","",1,-4.70821550763578e-05,0.0221731565788922,-4.28019591603253e-06,NA,NA,NA,NA
"998","00-0032634",1178,-6.5521843478526e-05,0.0224842516504753,-5.95653122532055e-06,"David Grinnage","JAX","TE",2018
"999","00-0034411",1828,-6.57178508554004e-05,0.0212344166792124,-5.97435007776367e-06,"Russell Gage","ATL","WR",2018
"1000","00-0034752",1943,-6.91747947817477e-05,0.0207640166838304,-6.28861770743161e-06,"Orlando Brown","BAL","OL",2018
"1001","00-0033441",1441,-7.27911602899689e-05,0.0214656290649309,-6.61737820817899e-06,"Keon Hatcher","OAK","WR",2018
"1002","00-0033662",1536,-7.62519728351118e-05,0.0224040939688198,-6.93199753046471e-06,"Cooper Rush","DAL","QB",2018
"1003","00-0027762",194,-8.74499157312173e-05,0.0205664148891544,-7.94999233920157e-06,"Reshad Jones","MIA","DB",2018
"1004","00-0032791",1234,-9.57699657669415e-05,0.0203013890591292,-8.70636052426741e-06,"Jakeem Grant","MIA","WR",2018
"1005","00-0029284",378,-0.00010393322505644,0.0209005527215427,-9.44847500513088e-06,"Mike Daniels","GB","DL",2018
"1006","00-0032248",1061,-0.000106757353329031,0.0219418775268676,-9.70521393900278e-06,"Bryce Hager","LA","LB",2018
"1007","00-0033269",1381,-0.000112160359457982,0.0206361792566149,-1.0196396314362e-05,"Rigoberto Sanchez","IND","P",2018
"1008","00-0030112",522,-0.000115724285813318,0.02173681635238,-1.05203896193925e-05,"Tommy Bohanon","JAX","RB",2018
"1009","00-0028932",333,-0.000117296874419285,0.0205573479795248,-1.0663352219935e-05,"L.J. Fort","PIT","LB",2018
"1010","00-0030711",641,-0.000118984083199874,0.021671971737669,-1.08167348363522e-05,"David Fluellen","TEN","RB",2018
"1011","00-0033078",1334,-0.000130720798383503,0.0218636666500871,-1.18837089439548e-05,"Keenan Reynolds","SEA","WR",2018
"1012","00-0034377",1802,-0.000133753145665096,0.0205909096573484,-1.21593768786451e-05,"Avonte Maddox","PHI","DB",2018
"1013","00-0032397",1098,-0.000135460962647993,0.0216504039722977,-1.23146329679994e-05,"Rees Odhiambo","ARI","OL",2018
"1014","00-0030432",565,-0.000139115785849263,0.0212047268969616,-1.26468896226602e-05,"Christine Michael","IND","RB",2018
"1015","00-0033090",1339,-0.000155276160848765,0.0214555124837308,-1.4116014622615e-05,"Hunter Henry","LAC","TE",2018
"1016","00-0031615",888,-0.000161392800729166,0.0213108408452647,-1.46720727935605e-05,"Christian Ringo","CIN","DL",2018
"1017","00-0032261",1067,-0.000162553963361678,0.0194566741452224,-1.47776330328798e-05,"Malcom Brown","NE","DL",2018
"1018","00-0033932",1644,-0.000170519751147924,0.0223597411732599,-1.55017955589022e-05,"Kenny Golladay","DET","WR",2018
"1019","00-0034842",2010,-0.000172381263317806,0.0220239146910443,-1.56710239379823e-05,"Taven Bryan","JAX","DL",2018
"1020","00-0028845",325,-0.000186453383222897,0.0220336030647208,-1.69503075657179e-05,"Josh Harris","ATL","LS",2018
"1021","00-0031569",863,-0.000191463178620776,0.0221065348511702,-1.74057435109797e-05,"Jeremy Langford","ATL","RB",2018
"1022","00-0033551",1492,-0.000191548656644063,0.0202988315224342,-1.74135142403693e-05,"Rasul Douglas","PHI","DB",2018
"1023","00-0033955",1664,-0.000193271027226075,0.0221629187303844,-1.75700933841886e-05,"Jeremy McNichols","TEN","RB",2018
"1024","00-0029699",460,-0.000200732025796382,0.0211317483448145,-1.82483659814893e-05,"Tony Bergstrom","WAS","OL",2018
"1025","00-0029714",463,-0.000200924400898971,0.0237211107364251,-1.82658546271792e-05,"Andrew DePaola","OAK","LS",2018
"1026","00-0030020",492,-0.000209109713267964,0.0213136398860449,-1.90099739334513e-05,"Brynden Trawick","TEN","DB",2018
"1027","00-0029992",489,-0.000212565767800724,0.0214923620178608,-1.93241607091567e-05,"Josh Kline","TEN","OL",2018
"1028","00-0031357",792,-0.000213242575345888,0.0219958693557404,-1.9385688667808e-05,"C.J. Goodwin","DAL","DB",2018
"1029","00-0033300",1400,-0.000222461447348264,0.021283267687037,-2.02237679407513e-05,"Conor McDermott","BUF","OL",2018
"1030","00-0034102",1692,-0.000223285812381798,0.0229672918533428,-2.02987102165271e-05,"Timon Parris","WAS","OL",2018
"1031","00-0032170",1029,-0.000223856368234291,0.0209436307038357,-2.035057893039e-05,"Rashad Greene","JAX","WR",2018
"1032","00-0034657",1910,-0.000224918940179426,0.0220763613870832,-2.04471763799478e-05,"Matt Dickerson","TEN","DL",2018
"1033","00-0031728",906,-0.000227732420455985,0.020285555404603,-2.07029473141805e-05,"Zach Vigil","WAS","LB",2018
"1034","00-0034072",1683,-0.000229808550171259,0.0215459486761493,-2.08916863792053e-05,"Steven Dunbar","SF","WR",2018
"1035","00-0030332",545,-0.000230317545175626,0.0219024665921636,-2.09379586523296e-05,"Brett Maher","DAL","K",2018
"1036","00-0034611",1896,-0.000235891622036258,0.0215773047658379,-2.14446929123871e-05,"Donnie Ernsberger","TB","TE",2018
"1037","00-0034435",1841,-0.000237667496519756,0.0214007122729144,-2.16061360472505e-05,"Keion Crossen","NE","DB",2018
"1038","00-0033757",1553,-0.000243523919664952,0.0206316732706112,-2.21385381513593e-05,"Robert Tonyan","GB","TE",2018
"1039","00-0034052",1679,-0.000244128730596589,0.0211892486480617,-2.21935209633263e-05,"Brandon Zylstra","MIN","WR",2018
"1040","00-0026197",91,-0.000264366759984762,0.0216496805294386,-2.40333418167965e-05,"Chad Henne","KC","QB",2018
"1041","00-0034762",1950,-0.000267524138889871,0.0213281197845433,-2.43203762627156e-05,"Billy Price","CIN","OL",2018
"1042","00-0033298",1398,-0.000268008019881066,0.0224675272335334,-2.43643654437333e-05,"Pita Taumoepenu","SF","DL",2018
"1043","00-0034887",2028,-0.000282510284153388,0.0212178651802237,-2.56827531048535e-05,"A.J. Johnson","DEN","LB",2018
"1044","00-0034867",2023,-0.000285964856307957,0.0212133687598274,-2.59968051189052e-05,"Malik Turner","SEA","WR",2018
"1045","00-0034662",1913,-0.000290618614718518,0.0213558480327684,-2.64198740653198e-05,"Joshua Kalu","TEN","DB",2018
"1046","00-0031878",934,-0.000302790679992566,0.0226671282765618,-2.75264254538696e-05,"Robertson Daniel","BAL","DB",2018
"1047","00-0026990",127,-0.000303322847687387,0.0205179568236355,-2.7574804335217e-05,"Malcolm Jenkins","PHI","DB",2018
"1048","00-0033408",1432,-0.000303984972963855,0.0216653936292549,-2.76349975421687e-05,"Bryan Cox","CAR","DL",2018
"1049","00-0032789",1232,-0.000306462874700607,0.0214111872856296,-2.78602613364188e-05,"Devante Bond","TB","LB",2018
"1050","00-0032496",1145,-0.000308149767984752,0.0205114153500914,-2.80136152713411e-05,"Matthias Farley","IND","DB",2018
"1051","00-0034283",1745,-0.000324081140510811,0.0221817367729422,-2.94619218646192e-05,"Jullian Taylor","SF","DL",2018
"1052","00-0033025",1306,-0.000327730496377376,0.0210048537461274,-2.97936814888524e-05,"Jalen Richard","OAK","RB",2018
"1053","00-0032799",1241,-0.000338514996910404,0.0216577795451703,-3.07740906282185e-05,"Aaron Wallace","DEN","LB",2018
"1054","00-0032144",1015,-0.000338943062745734,0.0207239422713256,-3.08130057041577e-05,"Melvin Gordon","LAC","RB",2018
"1055","00-0034160",1703,-0.000342307409138114,0.0211875059431553,-3.11188553761922e-05,"Michael Dickson","SEA","P",2018
"1056","00-0030076",512,-0.000349217248433388,0.0211966500591889,-3.17470225848535e-05,"JC Tretter","CLE","OL",2018
"1057","00-0033048",1314,-0.000350232581262523,0.0219516947737517,-3.18393255693202e-05,"Kavon Frazier","DAL","DB",2018
"1058","00-0029621",428,-0.00035041968494473,0.0213710880559462,-3.18563349949755e-05,"Greg Zuerlein","LA","K",2018
"1059","00-0033539",1481,-0.000362040501772677,0.0197356692757121,-3.29127728884252e-05,"Jarrad Davis","DET","LB",2018
"1060","00-0032256",1064,-0.000365743178491778,0.0215660805978106,-3.32493798628889e-05,"Clive Walford","NYJ","TE",2018
"1061","00-0033430",1437,-0.000369547733403874,0.0212614450577558,-3.35952484912612e-05,"Greg Mabin","SF","DB",2018
"1062","00-0033944",1653,-0.000373360499002004,0.0206079086621689,-3.39418635456367e-05,"Ben Gedeon","MIN","LB",2018
"1063","00-0032395",1096,-0.00037950349696799,0.0215134084532968,-3.45003179061809e-05,"Graham Glasgow","DET","OL",2018
"1064","00-0031626",891,-0.000384067937719843,0.0219861765622741,-3.49152670654403e-05,"Brian Mihalik","NYG","OL",2018
"1065","00-0034221",1724,-0.000385248332864264,0.02210330316935,-3.50225757149331e-05,"Roc Thomas","MIN","RB",2018
"1066","00-0034668",1915,-0.000391881787634412,0.0215194518182893,-3.56256170576738e-05,"Aaron Stinnie","TEN","OL",2018
"1067","00-0033222",1374,-0.000393058772001699,0.0220087884219096,-3.57326156365181e-05,"Deante Burton","HOU","DB",2018
"1068","00-0034710",1930,-0.000402209785949162,0.0216370796275011,-3.65645259953783e-05,"Darvin Kidsy","WAS","WR",2018
"1069","00-0032488",1144,-0.00040677405355146,0.0223616031556547,-3.69794594137691e-05,"Mose Frazier","CAR","WR",2018
"1070","00-0033299",1399,-0.000408659727494921,0.0224465423095652,-3.71508843177201e-05,"Derrick Jones","NYJ","DB",2018
"1071","00-0025512",71,-0.000416063843148323,0.0211058412673421,-3.78239857407567e-05,"Jermon Bushrod","NO","OL",2018
"1072","00-0033581",1517,-0.000422440999520348,0.0214887779400563,-3.84037272291226e-05,"De'Angelo Henderson Sr.","NYJ","RB",2018
"1073","00-0031061",691,-0.000422728143725809,0.0215294583292408,-3.84298312478009e-05,"Dontae Johnson","ARI","DB",2018
"1074","00-0032562",1159,-0.000423621828049571,0.0223334999659985,-3.85110752772338e-05,"Cole Wick","TEN","TE",2018
"1075","00-0033462",1450,-0.000423929208110553,0.0227658639475298,-3.85390189191411e-05,"Cordrea Tankersley","MIA","DB",2018
"1076","00-0034263",1732,-0.00044698504071315,0.0196096615319178,-4.06350037011955e-05,"Tarvarius Moore","SF","DB",2018
"1077","00-0033575",1511,-0.000452800263563088,0.0218652502799262,-4.11636603239171e-05,"Treston Decoud","DAL","DB",2018
"1078","00-0031868",931,-0.000452925353181135,0.0222146667612946,-4.11750321073759e-05,"Damiere Byrd","CAR","WR",2018
"1079","00-0032204",1039,-0.000462789908847725,0.0211907576745879,-4.20718098952478e-05,"Chaz Green","OAK","OL",2018
"1080","00-0034335",1763,-0.000465316087684067,0.0221036290668462,-4.23014625167334e-05,"Marcus Allen","PIT","DB",2018
"1081","00-0031574",867,-0.000466900110578975,0.02237480687629,-4.24454645980887e-05,"Gabe Wright","OAK","DL",2018
"1082","00-0031255",742,-0.000466921737177251,0.0226452919235405,-4.24474306524774e-05,"Kasim Edebali","CIN","LB",2018
"1083","00-0028101",288,-0.000468540271601261,0.0226594971374335,-4.25945701455692e-05,"Daniel Kilgore","MIA","OL",2018
"1084","00-0032730",1197,-0.000468828963387453,0.0224538258951106,-4.26208148534048e-05,"Eric Lee","DET","DL",2018
"1085","00-0034728",1935,-0.000475391191374506,0.0208018937188091,-4.3217381034046e-05,"Jaire Alexander","GB","DB",2018
"1086","00-0032518",1149,-0.00048542779491529,0.0223439492301319,-4.41297995377536e-05,"Justin Zimmer","ATL","DL",2018
"1087","00-0032166",1027,-0.000486595832723851,0.0222071344413337,-4.42359847930774e-05,"Sammie Coates","HOU","WR",2018
"1088","00-0034772",1958,-0.00048762083381116,0.0211004127369826,-4.43291667101055e-05,"Antonio Callaway","CLE","WR",2018
"1089","00-0031350",790,-0.000500096979187356,0.0232480397556605,-4.54633617443051e-05,"Corey Nelson","ATL","LB",2018
"1090","00-0030829",654,-0.000502608725314644,0.0210226256498469,-4.56917023013313e-05,"Josh Wells","JAX","OL",2018
"1091","00-0032475",1139,-0.000505340921880865,0.0215923148758456,-4.59400838073513e-05,"Tanner McEvoy","BUF","WR",2018
"1092","00-0033303",1402,-0.000509956359165933,0.0204577803708917,-4.63596690150848e-05,"Harrison Butker","KC","K",2018
"1093","00-0033579",1515,-0.000513304383425233,0.0211128348384471,-4.66640348568394e-05,"Xavier Woods","DAL","DB",2018
"1094","00-0033765",1555,-0.000516581830636217,0.0204829782659169,-4.69619846032925e-05,"Dylan Cole","HOU","LB",2018
"1095","00-0034415",1831,-0.000517557746009308,0.022543725682655,-4.70507041826643e-05,"Jack Cichy","TB","LB",2018
"1096","00-0030422",562,-0.00052541999715514,0.0205068438155021,-4.77654542868309e-05,"Dion Sims","CHI","TE",2018
"1097","00-0033876",1592,-0.000541416336062139,0.0222633595878569,-4.92196669147399e-05,"Derek Barnett","PHI","DL",2018
"1098","00-0034203",1719,-0.000545832868041774,0.0224471672891846,-4.96211698219795e-05,"Darious Williams","LA","DB",2018
"1099","00-0032935",1273,-0.000562764468830678,0.0218993331918469,-5.11604062573344e-05,"Johnny Holton","OAK","WR",2018
"1100","00-0031556",854,-0.000568313083019823,0.0222743535939849,-5.16648257290748e-05,"Nate Orchard","KC","DL",2018
"1101","00-0034843",2011,-0.0005726005106399,0.020839168009414,-5.20545918763545e-05,"Mike Hughes","MIN","DB",2018
"1102","00-0034253",1726,-0.000577889256952827,0.0214051831157988,-5.25353869957116e-05,"Dontrell Hilliard","CLE","RB",2018
"1103","00-0033242",1375,-0.000587645516821647,0.021857972647231,-5.34223197110588e-05,"Jermaine Grace","ATL","LB",2018
"1104","00-0023177",24,-0.000589303304610335,0.0225188680761013,-5.35730276918486e-05,"Jon Condo","ATL","LS",2018
"1105","00-0027658",174,-0.000589742633256228,0.0215184162951423,-5.36129666596571e-05,"Zane Beadles","ATL","OL",2018
"1106","00-0032593",1169,-0.000601741743531676,0.0211499699306817,-5.4703794866516e-05,"Brandon Wilds","ARI","RB",2018
"1107","00-0034511",1867,-0.000607507318349933,0.0202058822590105,-5.52279380318121e-05,"Mike Love","BUF","DL",2018
"1108","00-0033675",1537,-0.000608056212822479,0.0217543954316658,-5.52778375293163e-05,"Dymonte Thomas","DEN","DB",2018
"1109","00-0032753",1203,-0.000619243994887894,0.0220946745387108,-5.62949086261722e-05,"Luke Rhodes","IND","LS",2018
"1110","00-0028001",259,-0.000626402296917649,0.0205891706417452,-5.69456633561499e-05,"Marcus Gilbert","PIT","OL",2018
"1111","00-0032353",1073,-0.000631592087204636,0.0220536870571231,-5.74174624731487e-05,"Chris Milton","IND","DB",2018
"1112","00-0034766",1954,-0.000644526617270957,0.0213910320099152,-5.85933288428143e-05,"Chris Herndon","NYJ","TE",2018
"1113","00-0031191",728,-0.000656656109730697,0.0211221210664871,-5.96960099755179e-05,"Luke Bowanko","WAS","OL",2018
"1114","00-0032466",1137,-0.000658773971429777,0.0210152096205694,-5.98885428572525e-05,"George Fant","SEA","OL",2018
"1115","00-0034548",1883,-0.000659020557059241,0.0207840017611175,-5.99109597326583e-05,"D'Juan Hines","CLE","LB",2018
"1116","00-0024243",49,-0.000671151045954113,0.0216772235316066,-6.10137314503739e-05,"Marcedes Lewis","GB","TE",2018
"1117","00-0034516",1871,-0.000675994430109483,0.0213025520452545,-6.14540391008621e-05,"Tre Herndon","JAX","DB",2018
"1118","00-0029600",420,-0.000676055877137622,0.0206756956098272,-6.14596251943292e-05,"Andre Branch","MIA","DL",2018
"1119","00-0027947",231,-0.000677475151467415,0.0207845940945383,-6.15886501334014e-05,"Tyron Smith","DAL","OL",2018
"1120","00-0034795",1976,-0.000680795332575144,0.0215365868601066,-6.18904847795586e-05,"Garrett Dickerson","NYG","TE",2018
"1121","00-0030380",546,-0.000684090342624593,0.0215354651660744,-6.21900311476903e-05,"Benson Mayowa","ARI","DL",2018
"1122","00-0031731",908,-0.000688018927031538,0.0219965085775818,-6.25471751846852e-05,"Corey Grant","JAX","RB",2018
"1123","00-0034759",1948,-0.000691324487808245,0.0198127797341352,-6.28476807098404e-05,"Kolton Miller","OAK","OL",2018
"1124","00-0033505",1464,-0.00071020590486531,0.0213402345982531,-6.45641731695736e-05,"Cameron Tom","NO","OL",2018
"1125","00-0033122",1360,-0.000711256291930081,0.0211915701152174,-6.46596629027346e-05,"Shilique Calhoun","OAK","LB",2018
"1126","00-0030578",621,-0.000723448280062839,0.0204812404658084,-6.57680254602581e-05,"Cordarrelle Patterson","NE","WR",2018
"1127","00-0032450",1133,-0.000736813708942976,0.0205036312431649,-6.69830644493615e-05,"Dwayne Washington","NO","RB",2018
"1128","00-0034264",1733,-0.000745706309756593,0.0208721445442805,-6.77914827051448e-05,"Jalyn Holmes","MIN","DL",2018
"1129","00-0026944",120,-0.00075152604778861,0.0215335951304621,-6.83205497989646e-05,"Captain Munnerlyn","CAR","DB",2018
"1130","00-0034446",1845,-0.000756492882525156,0.0214422261212955,-6.87720802295596e-05,"Jalen Davis","MIA","DB",2018
"1131","00-0033921",1635,-0.000775599471346523,0.0224146628721938,-7.05090428496839e-05,"Chris Godwin","TB","WR",2018
"1132","00-0034096",1690,-0.000775872904233958,0.0221168479662349,-7.05339003849053e-05,"Emmanuel Moseley","SF","DB",2018
"1133","00-0033046",1312,-0.00077637896088139,0.0221138441945489,-7.05799055346718e-05,"Jihad Ward","IND","DL",2018
"1134","00-0033963",1669,-0.000781912796042215,0.0210188062930324,-7.10829814583831e-05,"Tanzel Smart","LA","DL",2018
"1135","00-0034876",2026,-0.000783434272558883,0.0206255020807248,-7.1221297505353e-05,"Christopher Ezeala","BAL","RB",2018
"1136","00-0033474",1459,-0.000789476328278703,0.0205980652490421,-7.17705752980639e-05,"Gehrig Dieter","KC","WR",2018
"1137","00-0033892",1608,-0.000798353409083198,0.0215384212079208,-7.25775826439271e-05,"Marcus Maye","NYJ","DB",2018
"1138","00-0033592",1522,-0.000805217521581814,0.0214494788222046,-7.3201592871074e-05,"Kyle Fuller","WAS","OL",2018
"1139","00-0033447",1444,-0.000806339353200326,0.02156965312769,-7.3303577563666e-05,"Ahmad Thomas","IND","LB",2018
"1140","00-0032787",1231,-0.000808031140429755,0.0216956406424707,-7.3457376402705e-05,"Cole Toner","LAC","OL",2018
"1141","00-0031335",781,-0.000813136705996291,0.0211336606438644,-7.39215187269356e-05,"Cyrus Kouandjio","DEN","OL",2018
"1142","00-0029273",376,-0.000814938940065338,0.0223653791437721,-7.4085358187758e-05,"Robert Turbin","IND","RB",2018
"1143","00-0028177",301,-0.000817052952979389,0.021206327213947,-7.42775411799445e-05,"Mike Person","SF","OL",2018
"1144","00-0030896",661,-0.000817260700301013,0.0203579777307491,-7.42964273000921e-05,"Chandler Catanzaro","CAR","K",2018
"1145","00-0030566",615,-0.000823108903607094,0.0205889141581176,-7.48280821460995e-05,"D.J. Swearinger","ARI","DB",2018
"1146","00-0029087",344,-0.000830348414806559,0.0218684148956227,-7.5486219527869e-05,"Leonard Johnson","ARI","DB",2018
"1147","00-0032649",1182,-0.000830459856704035,0.0212751557165826,-7.54963506094577e-05,"Brian Price","CLE","DL",2018
"1148","00-0032827",1248,-0.000830544570409286,0.0206869683330956,-7.55040518553897e-05,"Leonard Wester","TB","OL",2018
"1149","00-0029205",360,-0.00083453405905279,0.0226267628926586,-7.58667326411627e-05,"Travaris Cadet","CAR","RB",2018
"1150","00-0033083",1337,-0.000834940093289345,0.0223366516341647,-7.59036448444859e-05,"Darian Thompson","DAL","DB",2018
"1151","00-0033696",1541,-0.000851424195339391,0.02082262700096,-7.74021995763082e-05,"Sean Culkin","LAC","TE",2018
"1152","00-0029289",380,-0.000852598761639866,0.0218649433474067,-7.75089783308969e-05,"Korey Toomer","GB","LB",2018
"1153","00-0032701",1191,-0.000858155510241026,0.0213151882202643,-7.80141372946388e-05,"Jake Brendel","MIA","OL",2018
"1154","00-0034799",1980,-0.000859681505839454,0.0216892179110098,-7.81528641672231e-05,"Kalen Ballage","MIA","RB",2018
"1155","00-0030593",625,-0.000859912301428415,0.0211848961333052,-7.81738455844014e-05,"Chance Warmack","PHI","OL",2018
"1156","00-0033704",1545,-0.000861098848555164,0.0216154505320351,-7.82817135050149e-05,"James Onwualu","SF","LB",2018
"1157","00-0033490",1461,-0.0008706363194892,0.0212750305459514,-7.91487563172e-05,"Ben Braden","NYJ","OL",2018
"1158","00-0031254",741,-0.000872841306933115,0.0208481734460565,-7.93492097211923e-05,"Denico Autry","IND","DL",2018
"1159","00-0030652",631,-0.000881477049163162,0.0211280719707931,-8.01342771966511e-05,"Josh Walker","JAX","OL",2018
"1160","00-0033049",1315,-0.00088429238705743,0.0214587604527958,-8.03902170052209e-05,"Darius Jackson","DAL","RB",2018
"1161","00-0027440",162,-0.000884906684892067,0.0198158077214537,-8.04460622629151e-05,"Sam Shields","LA","DB",2018
"1162","00-0031904",939,-0.000890170272154561,0.0207918456682616,-8.09245701958691e-05,"Bryce Callahan","CHI","DB",2018
"1163","00-0034179",1713,-0.000919064670260725,0.020832522599066,-8.35513336600659e-05,"Raven Greene","GB","DB",2018
"1164","00-0031999",967,-0.000920518868319907,0.021139588925246,-8.36835334836279e-05,"Justin March-Lillard","DAL","LB",2018
"1165","00-0033471",1458,-0.000924985667740654,0.0221036335588961,-8.40896061582412e-05,"Isaiah Ford","MIA","WR",2018
"1166","00-0032543",1155,-0.000926224914281864,0.0207187816202581,-8.42022649347149e-05,"Alex Erickson","CIN","WR",2018
"1167","00-0034816",1990,-0.000935403271758966,0.0215217234962829,-8.50366610689969e-05,"Ronald Jones","TB","RB",2018
"1168","00-0031288",762,-0.000964631172665293,0.0214142893698467,-8.76937429695721e-05,"AJ McCarron","OAK","QB",2018
"1169","00-0033838",1572,-0.00098093128611957,0.0219447709912303,-8.91755714654155e-05,"Trey Edmunds","PIT","RB",2018
"1170","00-0025394",59,-0.000983144963382901,0.0215182998136955,-8.9376814852991e-05,"Adrian Peterson","WAS","RB",2018
"1171","00-0026142",81,-0.000984650168575919,0.0208130157726218,-8.95136516887199e-05,"Chris Long","PHI","DL",2018
"1172","00-0033464",1452,-0.000986483638170766,0.0215598295711054,-8.96803307427969e-05,"Jehu Chesson","WAS","WR",2018
"1173","00-0032780",1225,-0.00100087840546632,0.020898553976974,-9.09889459514837e-05,"Jordan Howard","CHI","RB",2018
"1174","00-0030871",658,-0.00100271210425819,0.0218594735621961,-9.11556458416537e-05,"Garrison Smith","MIA","DL",2018
"1175","00-0034186",1716,-0.00100796842312721,0.0222534350830535,-9.16334930115643e-05,"Alex Light","GB","OL",2018
"1176","00-0031594",879,-0.00102677152123497,0.0213105021860822,-9.33428655668157e-05,"Tony Lippett","NYG","DB",2018
"1177","00-0033387",1426,-0.0010267874643158,0.0211272581951203,-9.33443149378004e-05,"Jacob Hollister","NE","TE",2018
"1178","00-0032371",1078,-0.00103409577677487,0.0217191551222463,-9.40087069795338e-05,"Rob Kelley","WAS","RB",2018
"1179","00-0032134",1008,-0.0010421903120642,0.0210041678527299,-9.47445738240181e-05,"C.J. Uzomah","CIN","TE",2018
"1180","00-0034532",1877,-0.00104290337970231,0.0213216858438772,-9.48093981547551e-05,"Jordan Franks","CIN","RB",2018
"1181","00-0032776",1221,-0.00104338453857156,0.0217866144001141,-9.48531398701414e-05,"Deiondre' Hall","PHI","DB",2018
"1182","00-0032378",1079,-0.00104375097354528,0.0201236294469579,-9.48864521404803e-05,"DeForest Buckner","SF","DL",2018
"1183","00-0033676",1538,-0.0010440774170387,0.0206733303236644,-9.49161288217e-05,"Elijah Wilkinson","DEN","OL",2018
"1184","00-0034319",1758,-0.00105746291458609,0.0212215803269015,-9.61329922350993e-05,"Deon Yelder","KC","TE",2018
"1185","00-0030694",638,-0.0010595635552244,0.0210991264428415,-9.63239595658547e-05,"James Hurst","BAL","OL",2018
"1186","00-0031039",681,-0.00107019506972265,0.0222084083160006,-9.72904608838771e-05,"James Ferentz","NE","OL",2018
"1187","00-0034827",1997,-0.00107095234018028,0.0205572322519701,-9.73593036527532e-05,"D.J. Moore","CAR","WR",2018
"1188","00-0032964",1287,-0.00107315197426,0.0224649133287221,-9.75592703872728e-05,"Byron Marshall","WAS","RB",2018
"1189","00-0032677",1188,-0.0010747741669775,0.0213241614701208,-9.77067424525e-05,"Cory Littleton","LA","LB",2018
"1190","00-0034414",1830,-0.00107998117898819,0.0225454159611457,-9.81801071807443e-05,"Boston Scott","PHI","RB",2018
"1191","00-0034357",1783,-0.00108145771254146,0.0223447682734517,-9.83143375037688e-05,"Isaiah Oliver","ATL","DB",2018
"1192","00-0027868",212,-0.00110231664768724,0.0211631374190922,-0.000100210604335204,"Derrick Morgan","TEN","LB",2018
"1193","00-0030590",624,-0.0011043736632737,0.0201385425834618,-0.000100397605752155,"Jonathan Cooper","WAS","OL",2018
"1194","00-0031264",751,-0.00111865950592694,0.0205797208436709,-0.000101696318720631,"Chris Smith","CLE","DL",2018
"1195","00-0031156",716,-0.00112272537216644,0.0215862252553103,-0.000102065942924222,"Tyler Ott","SEA","LS",2018
"1196","00-0033700",1544,-0.00112402652830526,0.0217456393272187,-0.000102184229845933,"Nigel Harris","TEN","LB",2018
"1197","00-0030504",587,-0.00113018214269998,0.0217813089822303,-0.000102743831154543,"Earl Watford","CLE","OL",2018
"1198","00-0033138",1368,-0.00113866806526315,0.0214736984513538,-0.000103515278660286,"Sam Ficken","LA","K",2018
"1199","00-0034317",1757,-0.00114917930397125,0.0208090346587885,-0.000104470845815568,"Keith Kirkwood","NO","WR",2018
"1200","00-0033317",1407,-0.00116051027651951,0.0213840334653133,-0.000105500934229046,"Erik Magnuson","SF","OL",2018
"1201","00-0032867",1251,-0.00116890693496469,0.0221444511789094,-0.000106264266814972,"Tyler Marz","TEN","OL",2018
"1202","00-0033879",1595,-0.00117176570709574,0.0203456426893681,-0.000106524155190522,"O.J. Howard","TB","TE",2018
"1203","00-0033460",1448,-0.001182166842919,0.0204431332283072,-0.000107469712992636,"John Ross","CIN","WR",2018
"1204","00-0028008",263,-0.00118486618860608,0.0202134495286972,-0.000107715108055098,"Justin Houston","KC","LB",2018
"1205","00-0027124",145,-0.00118836298393462,0.0210377712340825,-0.000108032998539511,"Don Carey","DET","DB",2018
"1206","00-0030460",577,-0.00119780384845724,0.021908716545217,-0.000108891258950658,"Markus Wheaton","PHI","WR",2018
"1207","00-0030523",597,-0.00122582843909995,0.0228754580058998,-0.000111438949009086,"Kayvon Webster","HOU","DB",2018
"1208","00-0031336",782,-0.00123495696386362,0.0214473976466697,-0.000112268814896692,"Kony Ealy","OAK","DL",2018
"1209","00-0033546",1488,-0.00124475757534873,0.0206268867070749,-0.000113159779577157,"Dalvin Tomlinson","NYG","DL",2018
"1210","00-0032864",1250,-0.00125201477704515,0.0212244731873082,-0.000113819525185923,"Alex Ellis","KC","TE",2018
"1211","00-0032688",1189,-0.00125522774911848,0.0208499822665871,-0.000114111613556226,"Robby Anderson","NYJ","WR",2018
"1212","00-0028041",274,-0.00125857483084304,0.0215471209015167,-0.000114415893713004,"Sam Acho","CHI","LB",2018
"1213","00-0031203",730,-0.00126215877024587,0.0216832230189637,-0.000114741706385988,"Cairo Santos","TB","K",2018
"1214","00-0034402",1822,-0.00126236234122659,0.022103184814412,-0.000114760212838781,"Duke Ejiofor","HOU","LB",2018
"1215","00-0034408",1826,-0.00126749349232503,0.0223297917604545,-0.000115226681120457,"Kam Moore","NYG","DB",2018
"1216","00-0030420",560,-0.00127816522958562,0.0213411159702986,-0.000116196839053239,"David Amerson","ARI","DB",2018
"1217","00-0032778",1223,-0.00128435240672479,0.02083030568355,-0.000116759309702254,"Tajae Sharpe","TEN","WR",2018
"1218","00-0028581",317,-0.00128720180158002,0.0217506205091842,-0.000117018345598184,"Patrick DiMarco","BUF","RB",2018
"1219","00-0025630",74,-0.00129019650189198,0.021614824858614,-0.000117290591081089,"Clark Harris","CIN","LS",2018
"1220","00-0033992",1676,-0.00129384242192679,0.0214492126228784,-0.000117622038356981,"Lance Lenoir","DAL","WR",2018
"1221","00-0032934",1272,-0.00129793450305359,0.0207538102412996,-0.000117994045732145,"Tony McRae","CIN","DB",2018
"1222","00-0032617",1173,-0.00130252984091342,0.020941892581066,-0.000118411803719402,"Lafayette Pitts","BUF","DB",2018
"1223","00-0034684",1927,-0.00130292760372874,0.0213030273477468,-0.00011844796397534,"Johnny Townsend","OAK","P",2018
"1224","00-0031884",935,-0.00130993355985524,0.0221269249551558,-0.000119084869077749,"Gabe Holmes","ARI","TE",2018
"1225","00-0034395",1816,-0.0013132844670706,0.0227364660646453,-0.000119389497006418,"Daurice Fountain","IND","WR",2018
"1226","00-0030160",529,-0.00133064725327854,0.02277695198559,-0.000120967932116231,"Josh Martin","NYJ","LB",2018
"1227","00-0030089",515,-0.00133393474241045,0.0198894467553315,-0.000121266794764586,"Luke Willson","DET","TE",2018
"1228","00-0032411",1110,-0.00133515136469534,0.0211975447666266,-0.000121377396790485,"Kenneth Dixon","BAL","RB",2018
"1229","00-0033969",1672,-0.00133613459050187,0.022114193114726,-0.000121466780954715,"Ifeadi Odenigbo","MIN","DL",2018
"1230","00-0033598",1526,-0.00134209290653159,0.0216903107461703,-0.000122008446048326,"Eli Ankou","JAX","DL",2018
"1231","00-0027103",143,-0.00134432922173031,0.0205446537232114,-0.000122211747430029,"Kevin Huber","CIN","P",2018
"1232","00-0028394",312,-0.00136064580695852,0.0206551267900233,-0.000123695073359866,"Jake McQuaide","LA","LS",2018
"1233","00-0030573",617,-0.00136548117995518,0.0214466802732543,-0.000124134652723198,"Sheldon Richardson","MIN","DL",2018
"1234","00-0033466",1454,-0.00136806216445402,0.0213293413999154,-0.000124369287677638,"Isaiah McKenzie","BUF","WR",2018
"1235","00-0033305",1403,-0.00137297520491148,0.0213961606908535,-0.000124815927719226,"Malachi Dupre","ARI","WR",2018
"1236","00-0031764",913,-0.00137572814585086,0.022363718681828,-0.000125066195077351,"Blaine Clausell","ARI","OL",2018
"1237","00-0033841",1574,-0.00137593363461549,0.0212275311033329,-0.000125084875874136,"Blair Brown","JAX","LB",2018
"1238","00-0033874",1590,-0.00137899322086962,0.0204932080792274,-0.000125363020079056,"Marshon Lattimore","NO","DB",2018
"1239","00-0034539",1879,-0.00138137878346952,0.0211877115815619,-0.00012557988940632,"Corey Thompson","BUF","LB",2018
"1240","00-0023441",30,-0.00138632311976068,0.0204216699652564,-0.000126029374523698,"Adam Jones","DEN","DB",2018
"1241","00-0033306",1404,-0.0013872757395643,0.02239684988696,-0.000126115976324027,"Victor Bolden","BUF","WR",2018
"1242","00-0033295",1395,-0.00138989573272687,0.0209119228808819,-0.000126354157520624,"Elijah McGuire","NYJ","RB",2018
"1243","00-0031017",674,-0.00139151126437886,0.0220749437133379,-0.000126501024034442,"Dakota Dozier","NYJ","OL",2018
"1244","00-0032627",1175,-0.00139622314074812,0.0218616845169105,-0.000126929376431648,"James Burgess","MIA","LB",2018
"1245","00-0029901",482,-0.00139642585051975,0.0204167068432111,-0.000126947804592705,"Rashaan Melvin","OAK","DB",2018
"1246","00-0032154",1022,-0.00140693698937529,0.0227201881679571,-0.000127903362670481,"Michael Bennett","ATL","DL",2018
"1247","00-0027002",130,-0.00141018580786444,0.0213499596199238,-0.000128198709805858,"Clay Matthews","GB","LB",2018
"1248","00-0031052",688,-0.00141296535231615,0.0209306529289841,-0.000128451395665105,"Bashaud Breeland","GB","DB",2018
"1249","00-0034776",1962,-0.00141842635814345,0.0217943038361549,-0.000128947850740314,"Kyle Wilson","LAC","LB",2018
"1250","00-0031393",813,-0.00142793882287984,0.0212362349631933,-0.000129812620261804,"Maurice Alexander","SEA","DB",2018
"1251","00-0031120",707,-0.00143540863224147,0.0200609918630161,-0.000130491693840134,"Adarius Taylor","TB","LB",2018
"1252","00-0034101",1691,-0.00144532548572253,0.0216645339400497,-0.000131393225974775,"Matt Flanagan","WAS","TE",2018
"1253","00-0026300",99,-0.00144625497435352,0.0207941042820651,-0.000131477724941229,"Josh Johnson","WAS","QB",2018
"1254","00-0033541",1483,-0.00144837368563641,0.0208296007730249,-0.000131670335057856,"Taco Charlton","DAL","DL",2018
"1255","00-0034565",1885,-0.00145093435874332,0.0221564460894042,-0.00013190312352212,"Detrez Newsome","LAC","RB",2018
"1256","00-0031189",727,-0.00145366533659138,0.0199227315750508,-0.00013215139423558,"T.J. Jones","DET","WR",2018
"1257","00-0034509",1865,-0.00145372866628201,0.0223260100848711,-0.000132157151480183,"Keith Ford","BUF","RB",2018
"1258","00-0030761",646,-0.00146545009649767,0.0225946011552715,-0.000133222736045243,"Joe Thomas","DAL","LB",2018
"1259","00-0032741",1199,-0.00147581542256127,0.0201933239739394,-0.00013416503841466,"Peyton Barber","TB","RB",2018
"1260","00-0028002",260,-0.00150077338057164,0.021717537791681,-0.000136433943688331,"Randall Cobb","GB","WR",2018
"1261","00-0031389",812,-0.00150227463540569,0.0214225147807384,-0.000136570421400517,"Lamarcus Joyner","LA","DB",2018
"1262","00-0030821",652,-0.00150611463789008,0.0207005337707307,-0.000136919512535461,"Allen Hurns","DAL","WR",2018
"1263","00-0031241",738,-0.00151011136038858,0.0209770677580912,-0.000137282850944417,"Devon Kennard","DET","LB",2018
"1264","00-0028022",266,-0.00151454407292786,0.0214415570890265,-0.000137685824811623,"Mason Foster","WAS","LB",2018
"1265","00-0024221",46,-0.0015349169594312,0.021109796753656,-0.000139537905402836,"Vernon Davis","WAS","TE",2018
"1266","00-0031412",823,-0.00154388348525256,0.0207137287575891,-0.000140353044113869,"Stephon Tuitt","PIT","DL",2018
"1267","00-0032954",1282,-0.00154424621747319,0.0201630009960225,-0.00014038601977029,"Isaac Seumalo","PHI","OL",2018
"1268","00-0029893",480,-0.00155175276871022,0.0208175079713234,-0.000141068433519111,"Rick Wagner","DET","OL",2018
"1269","00-0029955",485,-0.0015528631511792,0.0219040041189438,-0.000141169377379928,"LaRoy Reynolds","PHI","LB",2018
"1270","00-0030385",549,-0.00156169935555132,0.0212039443104002,-0.000141972668686484,"Gerald Hodges","ARI","LB",2018
"1271","00-0033731",1549,-0.00156558230953999,0.0208159978866896,-0.000142325664503636,"Tre Sullivan","PHI","DB",2018
"1272","00-0030411",557,-0.00156681976833481,0.0208796001230552,-0.00014243816075771,"Logan Ryan","TEN","DB",2018
"1273","00-0034167",1709,-0.00157124882257324,0.022118111272966,-0.000142840802052113,"Devante Downs","MIN","LB",2018
"1274","00-0030427",563,-0.00157263778001815,0.0221214987389861,-0.000142967070910741,"Kemal Ishmael","ATL","DB",2018
"1275","00-0034726",1934,-0.0015762497364245,0.0229321919239216,-0.000143295430584046,"Dallin Leavitt","OAK","DB",2018
"1276","00-0032195",1033,-0.00159128167905917,0.0208376675374213,-0.000144661970823561,"Ronald Darby","PHI","DB",2018
"1277","00-0029422",395,-0.00161686132376744,0.0213304046495622,-0.000146987393069767,"Keith Tandy","ATL","DB",2018
"1278","00-0034488",1857,-0.00162258916648882,0.0212908500227264,-0.000147508106044438,"Tavierre Thomas","CLE","DB",2018
"1279","00-0029568",410,-0.00163938901686957,0.0204833597578326,-0.000149035365169961,"Malik Jackson","JAX","DL",2018
"1280","00-0028872",326,-0.00164391964435851,0.0204268740997464,-0.000149447240396228,"Johnny Hekker","LA","P",2018
"1281","00-0031402",816,-0.00164685932138693,0.0217942127293491,-0.000149714483762448,"Zack Martin","DAL","OL",2018
"1282","00-0027081",142,-0.00164703545057911,0.0203364540433714,-0.000149730495507192,"Glover Quin","DET","DB",2018
"1283","00-0033962",1668,-0.00165007307301583,0.0208497055904285,-0.000150006643001439,"Caleb Brantley","WAS","DL",2018
"1284","00-0029413",390,-0.00165258753592908,0.0210051314269697,-0.000150235230539007,"Ben Jones","TEN","OL",2018
"1285","00-0033455",1447,-0.00166036658900876,0.0212858836474599,-0.000150942417182615,"Anthony Firkser","TEN","TE",2018
"1286","00-0024334",53,-0.0016757903593254,0.0220848146440009,-0.000152344578120491,"Brandon Marshall","NO","WR",2018
"1287","00-0022787",16,-0.00168707059502988,0.021893058634334,-0.000153370054093626,"Matt Schaub","ATL","QB",2018
"1288","00-0032381",1082,-0.00169160975875213,0.0211451431490896,-0.000153782705341103,"Taylor Decker","DET","OL",2018
"1289","00-0030854",656,-0.00169793091109368,0.0214555792927986,-0.000154357355553971,"Erik Swoope","IND","TE",2018
"1290","00-0034593",1893,-0.00170084945415478,0.021337128034474,-0.000154622677650435,"Chris Lacy","DET","WR",2018
"1291","00-0033566",1503,-0.00170184876617699,0.0199296710746172,-0.000154713524197908,"Desmond King","LAC","DB",2018
"1292","00-0033415",1433,-0.00170396664760317,0.0218921337770462,-0.000154906058873016,"Maurice Smith","MIA","DB",2018
"1293","00-0033290",1391,-0.00172132775926933,0.0223615538039666,-0.000156484341751757,"Jermaine Eluemunor","BAL","OL",2018
"1294","00-0031462",833,-0.00172137192805545,0.0207405573136251,-0.00015648835709595,"Jerome Cunningham","DET","TE",2018
"1295","00-0029418",392,-0.00173644533056301,0.0215452064302805,-0.000157858666414819,"Najee Goode","IND","LB",2018
"1296","00-0028171",300,-0.00173806509060293,0.0207843523761259,-0.000158005917327539,"Lawrence Guy","NE","DL",2018
"1297","00-0029794",469,-0.00174541388365776,0.0214164972435332,-0.000158673989423433,"Daren Bates","TEN","LB",2018
"1298","00-0032540",1154,-0.00174894126423859,0.0213529480176355,-0.000158994660385326,"Tra Carson","GB","RB",2018
"1299","00-0030629",628,-0.0017547389109797,0.0214966928329486,-0.000159521719179973,"Jeremy Vujnovich","ARI","OL",2018
"1300","00-0029255",368,-0.00175614222118388,0.0206392494070387,-0.000159649292834898,"Bobby Wagner","SEA","LB",2018
"1301","00-0034817",1991,-0.00175684824317959,0.0223484470942405,-0.00015971347665269,"Geron Christian","WAS","OL",2018
"1302","00-0029647",437,-0.0017635958416075,0.0206409414054412,-0.000160326894691591,"Kyle Wilber","OAK","LB",2018
"1303","00-0032366",1077,-0.00177181778374745,0.0219580164964027,-0.000161074343977041,"Tyler Matakevich","PIT","LB",2018
"1304","00-0031957",959,-0.00179084007274195,0.0204237991805398,-0.000162803642976541,"Rakeem Nunez-Roches","TB","DL",2018
"1305","00-0034479",1854,-0.00180034669042673,0.0207612181581016,-0.000163667880947884,"Matt McCrane","PIT","K",2018
"1306","00-0031561",858,-0.00180239630063581,0.0214434205307249,-0.00016385420914871,"Hroniss Grasu","MIA","OL",2018
"1307","00-0034054",1680,-0.00180652244809846,0.0224627343764711,-0.000164229313463496,"River Cracraft","DEN","WR",2018
"1308","00-0030899",662,-0.00180904480154081,0.0214445682227651,-0.000164458618321892,"Garry Gilliam","SF","OL",2018
"1309","00-0034164",1707,-0.00180950281399571,0.0206534970163843,-0.000164500255817791,"Trenton Cannon","NYJ","RB",2018
"1310","00-0031395",815,-0.00182031160563512,0.0225554803411632,-0.000165482873239557,"Garrett Gilbert","CAR","QB",2018
"1311","00-0033947",1656,-0.00182262404959748,0.0201014932997553,-0.000165693095417953,"Deatrich Wise","NE","DL",2018
"1312","00-0032106",994,-0.00182684211782991,0.0219637889731979,-0.000166076556166355,"Craig Mager","DEN","DB",2018
"1313","00-0029607",423,-0.00183145492078261,0.0205422660334479,-0.000166495901889328,"Demario Davis","NO","LB",2018
"1314","00-0030541",603,-0.00185165061018066,0.0218590189038067,-0.000168331873652787,"Blidi Wreh-Wilson","ATL","DB",2018
"1315","00-0029627",429,-0.00185191735415734,0.0204835711869139,-0.000168356123105213,"Jack Crawford","ATL","DL",2018
"1316","00-0033481",1460,-0.00185453424098799,0.0206669795285845,-0.000168594021907999,"Marcus Kemp","KC","WR",2018
"1317","00-0034454",1848,-0.00185828705022578,0.0218648795905419,-0.000168935186384162,"Jamiyus Pittman","MIA","DL",2018
"1318","00-0034745",1938,-0.00186771521771759,0.0212616145507924,-0.000169792292519781,"Tracy Walker","DET","DB",2018
"1319","00-0029285",379,-0.00186806681358921,0.0212343550400559,-0.000169824255780838,"Josh Norman","WAS","DB",2018
"1320","00-0034512",1868,-0.00187620694373224,0.0222156091973229,-0.000170564267612022,"Cam Phillips","BUF","WR",2018
"1321","00-0032955",1283,-0.0018766330967443,0.0199299542811945,-0.000170603008794937,"Kyler Fackrell","GB","LB",2018
"1322","00-0027539",165,-0.00188884264090697,0.020827748878156,-0.000171712967355179,"Anthony Levine","BAL","DB",2018
"1323","00-0031610",887,-0.00189114707679057,0.0223535601448142,-0.000171922461526415,"Darren Waller","OAK","TE",2018
"1324","00-0031779",914,-0.00191041669362968,0.0213589925380961,-0.000173674244875425,"B.J. Finney","PIT","OL",2018
"1325","00-0033693",1540,-0.00192885670776972,0.0212923943009073,-0.000175350609797247,"Carroll Phillips","IND","DL",2018
"1326","00-0026213",93,-0.00195438672315724,0.0215147071780061,-0.000177671520287022,"Jamaal Charles","JAX","RB",2018
"1327","00-0034201",1718,-0.00196104374507105,0.0215417973609124,-0.000178276704097368,"De'Lance Turner","BAL","RB",2018
"1328","00-0025399",61,-0.001968692517924,0.0220498887743443,-0.000178972047084,"Marshawn Lynch","OAK","RB",2018
"1329","00-0033862",1583,-0.00196871061947615,0.0218089862644772,-0.00017897369267965,"Zane Gonzalez","ARI","K",2018
"1330","00-0033897",1613,-0.00198193377401694,0.0204917997043735,-0.000180175797637904,"Joe Mixon","CIN","RB",2018
"1331","00-0033880",1596,-0.00200855660514526,0.0203515908788515,-0.000182596055013205,"Charles Harris","MIA","DL",2018
"1332","00-0027139",147,-0.00201752263630287,0.0216677632947504,-0.000183411148754807,"John Phillips","ARI","TE",2018
"1333","00-0032043",971,-0.00202119157914371,0.0209050247298796,-0.000183744689013065,"Quinton Spain","TEN","OL",2018
"1334","00-0034427",1837,-0.00202986086944318,0.0218168530856508,-0.000184532806313017,"David Williams","JAX","RB",2018
"1335","00-0033375",1420,-0.00203362355126318,0.0212343532027825,-0.000184874868296653,"Tim Patrick","DEN","WR",2018
"1336","00-0027686",184,-0.00203412511143091,0.0200893791661309,-0.000184920464675537,"Corey Peters","ARI","DL",2018
"1337","00-0031029",678,-0.00203593992184939,0.0228267900670808,-0.000185085447440854,"Seantrel Henderson","HOU","OL",2018
"1338","00-0026153",83,-0.00204257896359608,0.0216177358575622,-0.000185688996690553,"Jonathan Stewart","NYG","RB",2018
"1339","00-0031348",788,-0.00205220116826152,0.0210528200219292,-0.000186563742569229,"Anthony Hitchens","KC","LB",2018
"1340","00-0033918",1633,-0.00206033729108442,0.0200097803659014,-0.000187303390098583,"Fabian Moreau","WAS","DB",2018
"1341","00-0031933",946,-0.00207486988160442,0.0206352433320418,-0.000188624534691311,"Leonard Williams","NYJ","DL",2018
"1342","00-0023448",31,-0.00209431949159289,0.0211434029749102,-0.000190392681053899,"Thomas Davis","CAR","LB",2018
"1343","00-0029963",487,-0.00209768664353052,0.0200093154988187,-0.000190698785775502,"Chris Hubbard","CLE","OL",2018
"1344","00-0032131",1006,-0.00210119582135273,0.0203264868714912,-0.000191017801941157,"Rodney Gunter","ARI","DL",2018
"1345","00-0031959",961,-0.00210123024747712,0.0213409737489911,-0.000191020931588829,"Marcus Murphy","BUF","RB",2018
"1346","00-0029560",405,-0.00210657760265925,0.0209758723256767,-0.000191507054787205,"Dre Kirkpatrick","CIN","DB",2018
"1347","00-0034750",1941,-0.00213345579164041,0.0214061964902669,-0.000193950526512764,"Rashaad Penny","SEA","RB",2018
"1348","00-0034573",1887,-0.00215689031158528,0.0213926590310555,-0.000196080937416844,"Charvarius Ward","KC","DB",2018
"1349","00-0027969",247,-0.00216267701225399,0.0205386548533749,-0.000196607001113999,"Cameron Heyward","PIT","DL",2018
"1350","00-0033373",1418,-0.00216454790765077,0.0206440851891186,-0.000196777082513706,"Taquan Mizzell","CHI","RB",2018
"1351","00-0034073",1684,-0.00216754732464444,0.0205082507212799,-0.000197049756785858,"Ross Dwelley","SF","TE",2018
"1352","00-0027560",168,-0.0021690107636664,0.0208573088862663,-0.000197182796696945,"Albert McClellan","NE","LB",2018
"1353","00-0033095",1343,-0.00217259280756231,0.0217316851772874,-0.000197508437051119,"Garrett Griffin","NO","TE",2018
"1354","00-0034770",1957,-0.00218503129275053,0.0221205484152671,-0.000198639208431866,"Chad Thomas","CLE","DL",2018
"1355","00-0029592",418,-0.00218584147184353,0.021752832389147,-0.000198712861076684,"Kevin Zeitler","CLE","OL",2018
"1356","00-0031558",856,-0.0021863698152262,0.0208667651824347,-0.000198760892293291,"Maxx Williams","BAL","TE",2018
"1357","00-0032396",1097,-0.00219443489771298,0.0221104571190953,-0.000199494081610271,"Vincent Valentine","ARI","DL",2018
"1358","00-0034198",1717,-0.00221429934432877,0.0223928555016813,-0.000201299940393525,"Trent Sieg","OAK","LS",2018
"1359","00-0034834",2003,-0.00222392111589607,0.0198289445194044,-0.000202174646899643,"Sam Hubbard","CIN","DL",2018
"1360","00-0028224",303,-0.00222490249288978,0.020920802158272,-0.00020226386298998,"Chris Harris","DEN","DB",2018
"1361","00-0030957",667,-0.00222890508058989,0.0216962155447846,-0.000202627734599081,"Casey Kreiter","DEN","LS",2018
"1362","00-0034284",1746,-0.00223505701265114,0.0226041397466043,-0.000203187001150104,"James Looney","GB","DL",2018
"1363","00-0031369",801,-0.00223762209700751,0.0216210069725949,-0.000203420190637047,"Brandon Linder","JAX","OL",2018
"1364","00-0028986",335,-0.00225130875257663,0.0203606481626299,-0.000204664432052421,"Case Keenum","DEN","QB",2018
"1365","00-0032419",1116,-0.00225486364048207,0.0208372298717645,-0.000204987603680188,"Joe Haeg","IND","OL",2018
"1366","00-0034261",1730,-0.00228457088143572,0.0226723370563604,-0.000207688261948702,"Austin Corbett","CLE","OL",2018
"1367","00-0030155",528,-0.00228801066208062,0.0205797054628831,-0.000208000969280056,"Demetrius Harris","KC","TE",2018
"1368","00-0024421",58,-0.00229884784389369,0.0217233364689251,-0.000208986167626699,"Antoine Bethea","ARI","DB",2018
"1369","00-0034159",1702,-0.00230920716696559,0.0215467691779155,-0.000209927924269599,"Will Dissly","SEA","TE",2018
"1370","00-0031782",915,-0.00231489739077154,0.0207904381195084,-0.000210445217342867,"Eli Rogers","PIT","WR",2018
"1371","00-0031403",817,-0.00231827378379972,0.0225066484581355,-0.000210752162163611,"Jay Bromley","NO","DL",2018
"1372","00-0033121",1359,-0.00231995121436131,0.0206255004339289,-0.000210904655851028,"B.J. Goodson","NYG","LB",2018
"1373","00-0032209",1041,-0.00232025935660734,0.0210899768209506,-0.000210932668782486,"T.J. Yeldon","JAX","RB",2018
"1374","00-0034365",1790,-0.00233125507858536,0.022097244327051,-0.000211932279871397,"Ian Thomas","CAR","TE",2018
"1375","00-0029111",346,-0.00233700246144525,0.0214396581215094,-0.000212454769222295,"Derrick Shelby","ATL","DL",2018
"1376","00-0028946",334,-0.00233708130372893,0.0216367440788721,-0.00021246193670263,"Aaron Brewer","ARI","LS",2018
"1377","00-0033901",1617,-0.00234949778805009,0.0206477445080702,-0.000213590708004553,"Ethan Pocic","SEA","OL",2018
"1378","00-0031297",765,-0.00235006175137572,0.0206805315345594,-0.000213641977397793,"Dee Ford","KC","DL",2018
"1379","00-0030725",642,-0.00236157995055654,0.0206408912427604,-0.000214689086414231,"Cornelius Lucas","NO","OL",2018
"1380","00-0027812",199,-0.00236649536170905,0.0228001403489508,-0.00021513594197355,"Dekoda Watson","SF","LB",2018
"1381","00-0028152",299,-0.00237877412158664,0.0212800685471624,-0.000216252192871513,"Derek Newton","NO","OL",2018
"1382","00-0033094",1342,-0.00238460287954073,0.0215702706810313,-0.000216782079958248,"Marvin Hall","ATL","WR",2018
"1383","00-0028006",262,-0.00240033147934314,0.0218119942808544,-0.000218211952667558,"Kelvin Sheppard","DET","LB",2018
"1384","00-0028908",330,-0.00240285175825251,0.0206647699471935,-0.000218441068932046,"Michael Thomas","NYG","DB",2018
"1385","00-0022824",18,-0.00240764685501719,0.0214297928723198,-0.000218876986819744,"Andy Lee","ARI","P",2018
"1386","00-0029419",393,-0.00241526518796478,0.0213109805243459,-0.000219569562542253,"Dennis Kelly","TEN","OL",2018
"1387","00-0032807",1244,-0.00243407653860542,0.0203085199730829,-0.000221279685327766,"Clayton Fejedelem","CIN","DB",2018
"1388","00-0033217",1373,-0.0024358411797541,0.0209536464906735,-0.000221440107250373,"Mo Alie-Cox","IND","TE",2018
"1389","00-0033324",1409,-0.00244011778215425,0.0208591743869977,-0.00022182888928675,"Tashawn Bower","MIN","DL",2018
"1390","00-0032109",996,-0.0024413680877421,0.0213729107658031,-0.0002219425534311,"Kwon Alexander","TB","LB",2018
"1391","00-0034835",2004,-0.00244550408477033,0.0213479598670838,-0.000222318553160939,"Malik Jefferson","CIN","LB",2018
"1392","00-0026839",115,-0.00244656234578326,0.0205069809070557,-0.000222414758707569,"Jermey Parnell","JAX","OL",2018
"1393","00-0027547",166,-0.00246756845769027,0.0215104657943726,-0.00022432440524457,"Marcus Sherels","MIN","DB",2018
"1394","00-0032745",1200,-0.00247128063393638,0.0210223971530581,-0.000224661875812398,"Alan Cross","TB","TE",2018
"1395","00-0034808",1986,-0.00247250893660829,0.0209869053526589,-0.000224773539691663,"John Kelly","LA","RB",2018
"1396","00-0034754",1945,-0.00247918433653638,0.0201632056411967,-0.00022538039423058,"Oren Burks","GB","LB",2018
"1397","00-0032408",1107,-0.00248915743720555,0.0208426675673024,-0.000226287039745959,"Blake Martinez","GB","LB",2018
"1398","00-0030548",606,-0.00249383843985941,0.0194133126347745,-0.000226712585441764,"Eric Reid","CAR","DB",2018
"1399","00-0031583",872,-0.00250124062076681,0.0209529768353492,-0.000227385510978801,"Grady Jarrett","ATL","DL",2018
"1400","00-0031414",824,-0.00250800973367732,0.0212295513775127,-0.000228000884879756,"Dexter McDougle","PHI","DB",2018
"1401","00-0033907",1623,-0.0025145630754918,0.0205645164803094,-0.000228596643226528,"Dawuane Smoot","JAX","DL",2018
"1402","00-0031426",828,-0.00252254205905542,0.0212216281608554,-0.000229322005368675,"Joel Bitonio","CLE","OL",2018
"1403","00-0033538",1480,-0.00252409123970891,0.0206993487618789,-0.000229462839973537,"Garett Bolles","DEN","OL",2018
"1404","00-0032424",1120,-0.00252556859071124,0.0205821419697528,-0.000229597144610113,"D.J. Reader","HOU","DL",2018
"1405","00-0032245",1059,-0.00253300260761151,0.0227612452520105,-0.000230272964328319,"Sean Mannion","LA","QB",2018
"1406","00-0034803",1982,-0.00253703308745086,0.0203367176554477,-0.000230639371586442,"Joe Noteboom","LA","OL",2018
"1407","00-0032794",1237,-0.00254597048828711,0.0212137651901507,-0.000231451862571556,"Danny Vitale","GB","RB",2018
"1408","00-0031364",798,-0.0025486176847355,0.0210790942834485,-0.000231692516794137,"Jadeveon Clowney","HOU","DL",2018
"1409","00-0032655",1183,-0.00255744167708102,0.0202542574077768,-0.000232494697916456,"Romeo Okwara","DET","LB",2018
"1410","00-0031938",949,-0.00255813571196552,0.0219411878351437,-0.000232557791996865,"Carl Davis","CLE","DL",2018
"1411","00-0027856",203,-0.00255879123353808,0.0213875399138905,-0.000232617384867098,"Gerald McCoy","TB","DL",2018
"1412","00-0033054",1320,-0.00256466274048485,0.0207155816690937,-0.000233151158225895,"Rico Gathers","DAL","TE",2018
"1413","00-0033285",1388,-0.00258679000338223,0.0219944774144421,-0.000235162727580203,"Daeshon Hall","PHI","DL",2018
"1414","00-0033542",1484,-0.00258930245739581,0.0233726185787254,-0.000235391132490528,"Forrest Lamp","LAC","OL",2018
"1415","00-0033010",1303,-0.00260066884894274,0.0209710896873118,-0.000236424440812977,"Sheldon Day","SF","DL",2018
"1416","00-0025473",69,-0.00260287387762482,0.0207293437817594,-0.000236624897965893,"Marshal Yanda","BAL","OL",2018
"1417","00-0031081",699,-0.00260344908747173,0.0211891538647822,-0.000236677189770157,"Zach Moore","ARI","DL",2018
"1418","00-0028660",318,-0.00261411241389498,0.0209285708432226,-0.000237646583081362,"Dan Bailey","MIN","K",2018
"1419","00-0034881",2027,-0.00262373579532364,0.0210636326550262,-0.000238521435938513,"James Crawford","GB","LB",2018
"1420","00-0031722",905,-0.00264389639866213,0.0215465268772045,-0.000240354218060194,"Michael Liedtke","TB","OL",2018
"1421","00-0004091",2,-0.00264906130881337,0.0219520862211058,-0.00024082375534667,"Phil Dawson","ARI","K",2018
"1422","00-0031261",748,-0.00265572116255323,0.0205346371405005,-0.000241429196595748,"Tre Boston","ARI","DB",2018
"1423","00-0031193",729,-0.00267277489720652,0.0211699544811571,-0.000242979536109683,"Dan McCullers","PIT","DL",2018
"1424","00-0034721",1933,-0.00268692351246448,0.021507882664685,-0.000244265773860407,"Corey Bojorquez","BUF","P",2018
"1425","00-0033540",1482,-0.00269697520263339,0.0217662618187283,-0.000245179563875762,"Takkarist McKinley","ATL","DL",2018
"1426","00-0031940",950,-0.00270388074742162,0.0209839456414383,-0.000245807340674693,"Geneo Grissom","IND","DL",2018
"1427","00-0031382",807,-0.0027118461640888,0.0209609088513979,-0.000246531469462619,"Jarvis Landry","CLE","WR",2018
"1428","00-0032452",1134,-0.00272172921528018,0.0223055698626866,-0.000247429928661834,"Trevor Bates","DET","LB",2018
"1429","00-0032168",1028,-0.00273119851081263,0.0209904998957484,-0.000248290773710239,"Josh Shaw","TB","DB",2018
"1430","00-0022247",12,-0.00273788807658088,0.0203436725401133,-0.000248898916052808,"Mike Adams","CAR","DB",2018
"1431","00-0029065",341,-0.00275857614418252,0.0219380867570219,-0.000250779649471138,"Johnson Bademosi","HOU","DB",2018
"1432","00-0032528",1153,-0.00275869860913457,0.0226980815030469,-0.000250790782648597,"Justin Murray","OAK","OL",2018
"1433","00-0034270",1737,-0.00277033201722981,0.0211279181274192,-0.00025184836520271,"Tyler Conklin","MIN","TE",2018
"1434","00-0031101",704,-0.00277654176897423,0.0198838702744444,-0.000252412888088566,"Shaquil Barrett","DEN","LB",2018
"1435","00-0031555",853,-0.00277897071289685,0.0215710320893059,-0.000252633701172441,"Eric Rowe","NE","DB",2018
"1436","00-0034386",1809,-0.00278383355709774,0.0205936180691257,-0.000253075777917977,"Justin Watson","TB","WR",2018
"1437","00-0030908",663,-0.00278472760926873,0.0213917581451553,-0.000253157055388066,"Kenny Ladler","NYG","DB",2018
"1438","00-0032766",1212,-0.00278575844467538,0.0216425055779228,-0.000253250767697761,"Jason Spriggs","GB","OL",2018
"1439","00-0033642",1533,-0.0027913660308166,0.0204065971520659,-0.000253760548256055,"B.J. Bello","PHI","LB",2018
"1440","00-0032196",1034,-0.00279354649982582,0.0218936823166903,-0.000253958772711438,"Jake Fisher","CIN","OL",2018
"1441","00-0027061",140,-0.0028065478939172,0.0205154546517565,-0.000255140717628837,"Jared Cook","OAK","TE",2018
"1442","00-0031941",951,-0.00281253600261896,0.0213055467956068,-0.000255685091147179,"Jamison Crowder","WAS","WR",2018
"1443","00-0027958",240,-0.00281500518287262,0.0209350865945636,-0.000255909562079329,"Adrian Clayborn","NE","DL",2018
"1444","00-0022455",13,-0.00281547319356154,0.0218764997532876,-0.000255952108505594,"Don Muhlbach","DET","LS",2018
"1445","00-0034523",1874,-0.00282341644498877,0.0220453389677457,-0.000256674222271706,"Quenton Meeks","JAX","DB",2018
"1446","00-0027008",131,-0.00283511302253968,0.0214136304639185,-0.000257737547503608,"Ziggy Hood","MIA","DL",2018
"1447","00-0034848",2016,-0.00284057915231272,0.0222802368359673,-0.000258234468392066,"RJ McIntosh","NYG","DL",2018
"1448","00-0031070",695,-0.00284960102043337,0.0215442534738392,-0.000259054638221216,"Nat Berhe","PIT","DB",2018
"1449","00-0028093",286,-0.00285244907958135,0.0215085194784584,-0.000259313552689214,"Niles Paul","JAX","TE",2018
"1450","00-0032599",1171,-0.0028644107061768,0.0210931961878126,-0.0002604009732888,"Josh Perkins","PHI","TE",2018
"1451","00-0032042",970,-0.00286528008250998,0.0204541295147079,-0.000260480007500908,"Curtis Riley","NYG","DB",2018
"1452","00-0034372",1797,-0.0028696762458298,0.0214361984589035,-0.0002608796587118,"Joel Iyiegbuniwe","CHI","LB",2018
"1453","00-0032580",1165,-0.00287893641455843,0.020752958651459,-0.000261721492232585,"Jonathan Jones","NE","DB",2018
"1454","00-0034431",1840,-0.00288011285469278,0.021263438704854,-0.000261828441335707,"Zaire Franklin","IND","LB",2018
"1455","00-0027609",170,-0.00288869153939319,0.0221189372683837,-0.000262608321763017,"J'Marcus Webb","IND","OL",2018
"1456","00-0031338",783,-0.00289957697018738,0.0207673192494318,-0.000263597906380671,"Terrence Brooks","NYJ","DB",2018
"1457","00-0031945",953,-0.00291583489710307,0.0226431549251558,-0.000265075899736643,"Martrell Spaight","JAX","LB",2018
"1458","00-0026901",119,-0.00291748603120874,0.0216423338840388,-0.000265226002837158,"Mike Wallace","PHI","WR",2018
"1459","00-0026672",111,-0.00292258319419774,0.0213825154213887,-0.000265689381290704,"Ramon Humber","NE","LB",2018
"1460","00-0034631",1902,-0.00292453527189513,0.0213561373131605,-0.000265866842899557,"Vyncint Smith","HOU","WR",2018
"1461","00-0032921",1269,-0.00292694400791741,0.0216165316655957,-0.000266085818901583,"Zach Sterup","MIA","OL",2018
"1462","00-0028128",295,-0.00294381818212493,0.0211666074336431,-0.00026761983473863,"Colin Jones","CAR","DB",2018
"1463","00-0034077",1685,-0.00296869666447459,0.0222417525952253,-0.000269881514952236,"Niles Scott","CIN","DL",2018
"1464","00-0032560",1158,-0.00298482647160885,0.0217888901262699,-0.00027134786105535,"Charles Washington","DET","DB",2018
"1465","00-0032138",1011,-0.00298595220004066,0.0217018881301183,-0.000271450200003697,"Darius Kilgo","TEN","DL",2018
"1466","00-0033973",1674,-0.00299601096443317,0.0203028006425537,-0.000272364633130288,"Elijah Lee","SF","LB",2018
"1467","00-0028142",298,-0.00300861072905109,0.0208821824411927,-0.000273510066277372,"Virgil Green","LAC","TE",2018
"1468","00-0029799",471,-0.00302087005159257,0.0210733236865553,-0.000274624550144779,"Lerentee McCray","JAX","DL",2018
"1469","00-0033117",1355,-0.00303341658446483,0.0210465184582685,-0.000275765144042257,"Bronson Kaufusi","NYJ","DL",2018
"1470","00-0027978",250,-0.00303581114332352,0.0216224093794656,-0.000275982831211229,"Bruce Carter","ATL","LB",2018
"1471","00-0030669",636,-0.00304372958068628,0.0214318297071695,-0.000276702689153298,"Albert Wilson","MIA","WR",2018
"1472","00-0032436",1125,-0.00305204453357799,0.0208352809280391,-0.000277458593961635,"Jeff Driskel","CIN","QB",2018
"1473","00-0032484",1142,-0.00305986909715533,0.0226461579668401,-0.000278169917923212,"Vontarrius Dora","ARI","DL",2018
"1474","00-0034369",1794,-0.00307486705116266,0.0226354214281875,-0.000279533368287514,"Kyle Lauletta","NYG","QB",2018
"1475","00-0034162",1705,-0.00308315708398873,0.0217391054838899,-0.000280287007635339,"J.K. Scott","GB","P",2018
"1476","00-0029254",367,-0.00309914150294886,0.0219936615352999,-0.000281740136631714,"Amini Silatolu","CAR","OL",2018
"1477","00-0033896",1612,-0.00309988419459269,0.0207458461120812,-0.000281807654053881,"Adam Shaheen","CHI","TE",2018
"1478","00-0029604",421,-0.00310035243697753,0.0210631067113309,-0.000281850221543411,"Kirk Cousins","MIN","QB",2018
"1479","00-0032221",1047,-0.00311489033873526,0.0212623120939767,-0.000283171848975933,"Shane Ray","DEN","DL",2018
"1480","00-0034361",1786,-0.00312335680066865,0.020425157101247,-0.000283941527333514,"Justin Reid","HOU","DB",2018
"1481","00-0034071",1682,-0.00314246217215921,0.0204569807483751,-0.000285678379287201,"Danny Johnson","WAS","DB",2018
"1482","00-0027968",246,-0.00316462521719747,0.0220188546913766,-0.000287693201563406,"Muhammad Wilkerson","GB","DL",2018
"1483","00-0032146",1017,-0.00318343258654584,0.0199442629217991,-0.000289402962413258,"Bud Dupree","PIT","LB",2018
"1484","00-0031665",898,-0.00319528472219013,0.0204777001199534,-0.000290480429290012,"Zach Zenner","DET","RB",2018
"1485","00-0029164",357,-0.00319538106055167,0.0211008256901441,-0.000290489187322879,"Mike Remmers","MIN","OL",2018
"1486","00-0034030",1678,-0.00319585419237532,0.0212252643618576,-0.000290532199306847,"Keionta Davis","NE","DL",2018
"1487","00-0027416",161,-0.00319975575359545,0.0201102859009276,-0.000290886886690495,"Barry Church","JAX","DB",2018
"1488","00-0030092",517,-0.00322487149502278,0.0210087443880808,-0.000293170135911162,"Sam Martin","DET","P",2018
"1489","00-0031299",767,-0.00323059265741398,0.020868500750633,-0.000293690241583089,"Jordan Matthews","PHI","WR",2018
"1490","00-0032952",1281,-0.00323581120459533,0.022294787472003,-0.000294164654963212,"Noah Spence","TB","DL",2018
"1491","00-0031607",884,-0.00324701796002872,0.0225586300323873,-0.000295183450911702,"L.T. Walton","PIT","DL",2018
"1492","00-0028074",279,-0.00324764688597975,0.0208742215640253,-0.000295240625998159,"Anthony Sherman","KC","RB",2018
"1493","00-0031182",725,-0.00325039574356585,0.0213236670729376,-0.00029549052214235,"Kevin Pamphile","TEN","OL",2018
"1494","00-0033039",1309,-0.00325266504407022,0.021367341345572,-0.000295696822188202,"Christian Westerman","CIN","OL",2018
"1495","00-0032937",1274,-0.00325385204678783,0.021981838192909,-0.000295804731526166,"Max McCaffrey","SF","WR",2018
"1496","00-0031814",923,-0.00325411822093678,0.0199727651470511,-0.00029582892917607,"Matt Longacre","LA","LB",2018
"1497","00-0024389",56,-0.00325463480268902,0.0221224489586057,-0.000295875891153548,"Delanie Walker","TEN","TE",2018
"1498","00-0033564",1502,-0.00327827014433822,0.0210074265292327,-0.000298024558576202,"Jake Butt","DEN","TE",2018
"1499","00-0034359",1784,-0.00329205562895603,0.0205777567762866,-0.000299277784450548,"Tyquan Lewis","IND","DL",2018
"1500","00-0031259",746,-0.0033098929643722,0.0213252427986129,-0.000300899360397473,"Aaron Colvin","HOU","DB",2018
"1501","00-0032410",1109,-0.00331399018024718,0.0212826886887607,-0.000301271834567926,"Rashard Robinson","NYJ","DB",2018
"1502","00-0031922",944,-0.0033472627376967,0.0219163775102365,-0.000304296612517882,"Khari Lee","BUF","TE",2018
"1503","00-0032430",1122,-0.00335464839704462,0.0211486130801389,-0.000304968036094965,"David Morgan","MIN","TE",2018
"1504","00-0033424",1436,-0.00335832110387967,0.0203684270631229,-0.000305301918534516,"Riley Bullough","TB","LB",2018
"1505","00-0034392",1815,-0.00338322324632347,0.0220670610225434,-0.00030756574966577,"Scott Quessenberry","LAC","OL",2018
"1506","00-0030507",590,-0.00340214437549254,0.0213762296053859,-0.000309285852317503,"Bennie Logan","TEN","DL",2018
"1507","00-0031330",778,-0.00340498163154234,0.0200578887970347,-0.000309543784685667,"Morgan Moses","WAS","OL",2018
"1508","00-0030850",655,-0.00341885884480171,0.0212201426517314,-0.000310805349527429,"Cody Parkey","CHI","K",2018
"1509","00-0029738",464,-0.00342175377000868,0.0217958943358916,-0.000311068524546244,"Darren Fells","CLE","TE",2018
"1510","00-0027954",236,-0.00342399288811071,0.0199758193352701,-0.000311272080737337,"Ryan Kerrigan","WAS","LB",2018
"1511","00-0031592",878,-0.00343017051019493,0.0201480964785799,-0.000311833682744994,"David Parry","MIN","DL",2018
"1512","00-0034115",1697,-0.00344785267308604,0.0216877923314468,-0.00031344115209873,"Jeff Wilson","SF","RB",2018
"1513","00-0033461",1449,-0.00345435054894798,0.0204636942253938,-0.00031403186808618,"Raekwon McMillan","MIA","LB",2018
"1514","00-0027442",163,-0.00345860169331781,0.0215625941279515,-0.000314418335756165,"Frank Zombo","KC","LB",2018
"1515","00-0029010",338,-0.0034828908494998,0.0229043579413049,-0.000316626440863618,"Ronald Leary","DEN","OL",2018
"1516","00-0031105",706,-0.00350100790795138,0.0202630861937918,-0.000318273446177398,"Zach Kerr","DEN","DL",2018
"1517","00-0034268",1736,-0.00350869202911029,0.0218430071070155,-0.00031897200264639,"J'Mon Moore","GB","WR",2018
"1518","00-0024227",47,-0.00351796114035098,0.0218288960112997,-0.000319814649122816,"Haloti Ngata","PHI","DL",2018
"1519","00-0032067",984,-0.00352260461349277,0.0224765687242102,-0.000320236783044797,"Ian Silberman","CAR","OL",2018
"1520","00-0030288",541,-0.00352425750773518,0.0217683517504527,-0.000320387046157744,"Rex Burkhead","NE","RB",2018
"1521","00-0031373",804,-0.00353424341259683,0.0210238439184832,-0.000321294855690621,"Martavis Bryant","OAK","WR",2018
"1522","00-0032970",1293,-0.00355084490749793,0.0205679025976229,-0.000322804082499812,"Jordan Jenkins","NYJ","LB",2018
"1523","00-0032472",1138,-0.00355758108157624,0.0206434616908758,-0.000323416461961476,"Tre Madden","SEA","RB",2018
"1524","00-0034407",1825,-0.00358056629394698,0.0211422257221897,-0.000325506026722453,"Ray-Ray McCloud","BUF","WR",2018
"1525","00-0034168",1710,-0.00359237748732452,0.0223154491073522,-0.000326579771574957,"Hunter Bradley","GB","LS",2018
"1526","00-0032098",990,-0.00359581314814137,0.0220925400826809,-0.000326892104376489,"Daniel Brown","CHI","TE",2018
"1527","00-0033571",1508,-0.00360126825543409,0.0193352848216693,-0.000327388023221281,"Matt Milano","BUF","LB",2018
"1528","00-0033006",1301,-0.00361568963098305,0.0213842695012072,-0.000328699057362095,"Jaydon Mickens","JAX","WR",2018
"1529","00-0033524",1468,-0.00362269313258862,0.0216911938117167,-0.000329335739326238,"Kevin King","GB","DB",2018
"1530","00-0031595",880,-0.00363387666588353,0.0217693400692252,-0.00033035242417123,"Michael Burton","CHI","RB",2018
"1531","00-0023662",39,-0.00364899324084791,0.0213873539524522,-0.000331726658258901,"Matt Cassel","DET","QB",2018
"1532","00-0034273",1739,-0.00365202353820864,0.0210767724785463,-0.000332002139837149,"Damion Ratley","CLE","WR",2018
"1533","00-0033050",1316,-0.00366237954234018,0.0199070096509547,-0.000332943594758198,"Xavien Howard","MIA","DB",2018
"1534","00-0027986",255,-0.00366537472986935,0.0199724213124635,-0.000333215884533578,"Stefen Wisniewski","PHI","OL",2018
"1535","00-0033960",1667,-0.00367204506260734,0.0209975814229131,-0.000333822278418849,"Danny Isidora","MIN","OL",2018
"1536","00-0031590",877,-0.00367316843483528,0.0217572994689737,-0.000333924403166843,"Jay Ajayi","PHI","RB",2018
"1537","00-0034381",1804,-0.00367900557945555,0.0217235075606102,-0.000334455052677777,"Josh Sweat","PHI","DL",2018
"1538","00-0032265",1069,-0.00368099346440754,0.0207303526015587,-0.000334635769491595,"Mario Edwards","NYG","DL",2018
"1539","00-0034621",1899,-0.00369146891286068,0.0226665461690905,-0.000335588082987334,"Shaun Wilson","TB","RB",2018
"1540","00-0033503",1463,-0.00369269681431045,0.0223690673238087,-0.000335699710391859,"Arthur Maulet","NO","DB",2018
"1541","00-0030562",612,-0.0037346606344407,0.0204905065762335,-0.000339514603130972,"Desmond Trufant","ATL","DB",2018
"1542","00-0031847",928,-0.0037368416318935,0.0206685112913436,-0.000339712875626681,"Josh Keyes","HOU","LB",2018
"1543","00-0027691",186,-0.00373823063082448,0.0219983169543009,-0.000339839148256771,"Andre Roberts","NYJ","WR",2018
"1544","00-0033596",1524,-0.00374102144492891,0.0220888040711297,-0.0003400928586299,"Matt Dayes","SF","RB",2018
"1545","00-0034858",2021,-0.0037539875096906,0.0197264166125888,-0.000341271591790055,"Terrell Edmunds","PIT","DB",2018
"1546","00-0031627",892,-0.00376659778908475,0.0233849908659834,-0.000342417980825886,"Corey Robinson","JAX","OL",2018
"1547","00-0027914",223,-0.00378256335999301,0.0208870135437201,-0.000343869396363001,"Andrew Sendejo","MIN","DB",2018
"1548","00-0033452",1446,-0.0037871030337778,0.0204638494070254,-0.0003442820939798,"Austin Calitro","SEA","LB",2018
"1549","00-0026625",110,-0.00378769658282472,0.0219689267861127,-0.000344336052984065,"Brian Hoyer","NE","QB",2018
"1550","00-0023368",28,-0.00380594614793238,0.0202116621249144,-0.000345995104357489,"Cameron Wake","MIA","DL",2018
"1551","00-0034336",1764,-0.00381744898570902,0.020587569738581,-0.000347040816882638,"Shaun Dion Hamilton","WAS","LB",2018
"1552","00-0032918",1268,-0.00381888107463593,0.0205130854770208,-0.000347171006785085,"C.J. Ham","MIN","RB",2018
"1553","00-0029620",427,-0.00383152137470524,0.0204792682858948,-0.000348320124973203,"Brandon Marshall","DEN","LB",2018
"1554","00-0031806",922,-0.00383338610691042,0.0211354144845097,-0.000348489646082765,"Malcolm Brown","LA","RB",2018
"1555","00-0033798",1570,-0.00384094023827688,0.0209018529358057,-0.000349176385297898,"Mason Schreck","CIN","TE",2018
"1556","00-0033258",1378,-0.003853546485703,0.0213477448237557,-0.000350322407791182,"Darrell Daniels","ARI","TE",2018
"1557","00-0029562",407,-0.00385997148584748,0.0212703050031185,-0.000350906498713407,"Lavonte David","TB","LB",2018
"1558","00-0034730",1936,-0.00387341165664142,0.0214274279724396,-0.000352128332421947,"Marcell Harris","SF","DB",2018
"1559","00-0032790",1233,-0.00387768004806414,0.0207335630844106,-0.000352516368005831,"DeAndre Houston-Carson","CHI","DB",2018
"1560","00-0030484",583,-0.00388411797401484,0.0214097400776112,-0.000353101634001349,"Jamar Taylor","DEN","DB",2018
"1561","00-0032228",1050,-0.00389007551325004,0.0215606504269775,-0.000353643228477276,"Joe Cardona","NE","LS",2018
"1562","00-0034382",1805,-0.0038909878066026,0.020909899855717,-0.0003537261642366,"Marquis Haynes","CAR","DL",2018
"1563","00-0031276",756,-0.00389134568531603,0.0224921270956977,-0.000353758698665093,"Tyler Patmon","JAX","DB",2018
"1564","00-0031570",864,-0.00389231665799528,0.0204502154826709,-0.000353846968908662,"Justin Hardy","ATL","WR",2018
"1565","00-0034560",1884,-0.00390520380337154,0.0217387414530608,-0.000355018527579231,"J.J. Jones","NYJ","WR",2018
"1566","00-0033789",1565,-0.00392111727880295,0.0203184139469653,-0.000356465207163905,"T.J. Logan","ARI","RB",2018
"1567","00-0034339",1766,-0.00394233777411465,0.0224556047268828,-0.000358394343101332,"Trey Quinn","WAS","WR",2018
"1568","00-0030656",632,-0.00394611899914396,0.0212608015422968,-0.000358738090831269,"Isaiah Crowell","NYJ","RB",2018
"1569","00-0034800",1981,-0.00395243898079183,0.0206118592030532,-0.000359312634617439,"B.J. Hill","NYG","DL",2018
"1570","00-0027858",205,-0.00396113489033716,0.0216221265771084,-0.000360103171848833,"Eric Berry","KC","DB",2018
"1571","00-0034325",1759,-0.00396613210024123,0.0210463646170425,-0.000360557463658294,"Taylor Stallworth","NO","DL",2018
"1572","00-0032442",1128,-0.0039673394789196,0.0211190204977953,-0.000360667225356327,"Elandon Roberts","NE","LB",2018
"1573","00-0034064",1681,-0.0039674697510897,0.0219968227534208,-0.000360679068280882,"Colby Wadman","DEN","P",2018
"1574","00-0030390",552,-0.00397628754031746,0.0213310917214125,-0.000361480685483405,"Caleb Sturgis","LAC","K",2018
"1575","00-0032420",1117,-0.00398615257752996,0.0201543745547842,-0.000362377507048178,"Brandon Shell","NYJ","OL",2018
"1576","00-0031763",912,-0.00398769081859121,0.0206163177295458,-0.000362517347144655,"DeAndre Carter","HOU","WR",2018
"1577","00-0032508",1147,-0.00399062516335815,0.0215855332516128,-0.000362784105759832,"Hakeem Valles","NYG","TE",2018
"1578","00-0032779",1224,-0.00399651845381987,0.0203475710985659,-0.00036331985943817,"Caleb Benenoch","TB","OL",2018
"1579","00-0030197",534,-0.00400727777782328,0.0212801846021791,-0.000364297979802116,"Deon Lacey","BUF","LB",2018
"1580","00-0027256",156,-0.00401063701297665,0.0211152363123477,-0.000364603364816059,"Darian Stewart","DEN","DB",2018
"1581","00-0033877",1593,-0.00401348428302632,0.0208007763667262,-0.000364862207547848,"Malik Hooker","IND","DB",2018
"1582","00-0033627",1531,-0.00401467049079143,0.02034731312907,-0.000364970044617403,"Jason Croom","BUF","TE",2018
"1583","00-0034777",1963,-0.00402625032168271,0.0203521601369366,-0.00036602275651661,"D.J. Chark","JAX","WR",2018
"1584","00-0027684",182,-0.00403412381075102,0.0204442790345253,-0.000366738528250093,"Earl Mitchell","SF","DL",2018
"1585","00-0029848",473,-0.00404301585070952,0.0203025689936841,-0.000367546895519048,"Nick Williams","LA","WR",2018
"1586","00-0032777",1222,-0.00405171381571429,0.0202210103322987,-0.00036833761961039,"Evan Boehm","IND","OL",2018
"1587","00-0029492",397,-0.00405203198354136,0.0215351063447785,-0.000368366543958305,"Jamize Olawale","DAL","RB",2018
"1588","00-0031273",755,-0.00405644268589196,0.0205593783577013,-0.000368767516899269,"Cameron Brate","TB","TE",2018
"1589","00-0033870",1586,-0.0040877450562138,0.0212948781653011,-0.000371613186928527,"Solomon Thomas","SF","DL",2018
"1590","00-0031366",799,-0.00409147637523826,0.022007362947984,-0.000371952397748933,"Deone Bucannon","ARI","LB",2018
"1591","00-0034796",1977,-0.00411257660596843,0.0203544079823621,-0.000373870600542585,"Lamar Jackson","BAL","QB",2018
"1592","00-0032120",1002,-0.00412472526641635,0.0218659375520743,-0.000374975024219668,"Neal Sterling","NYJ","TE",2018
"1593","00-0022684",15,-0.00412553834751581,0.0211881953594346,-0.000375048940683255,"Donnie Jones","LAC","P",2018
"1594","00-0031559",857,-0.00412901228869618,0.0190385926669264,-0.000375364753517834,"Jordan Richards","ATL","DB",2018
"1595","00-0027676",180,-0.00413180929574275,0.0219358210129109,-0.000375619026885705,"Morgan Burnett","PIT","DB",2018
"1596","00-0027027",136,-0.00413310882919709,0.0211585017579628,-0.000375737166290644,"Andy Levitre","ATL","OL",2018
"1597","00-0034348",1774,-0.00418300718819152,0.0211794244889111,-0.000380273380744684,"Courtland Sutton","DEN","WR",2018
"1598","00-0034286",1748,-0.0041851957457155,0.0208803110428899,-0.000380472340519591,"Richie James","SF","WR",2018
"1599","00-0032890",1259,-0.00419334416386435,0.0208644208593374,-0.00038121310580585,"James Bradberry","CAR","DB",2018
"1600","00-0031943",952,-0.00419951563814904,0.0202423319970295,-0.00038177414892264,"Ramik Wilson","LA","LB",2018
"1601","00-0030781",650,-0.00420662935203859,0.0203145394495507,-0.000382420850185326,"Trey Hopkins","CIN","OL",2018
"1602","00-0034303",1753,-0.00421130660111359,0.0220481678572806,-0.00038284605464669,"Anthony Wint","NYJ","LB",2018
"1603","00-0032057",977,-0.00421180712167568,0.021395621113459,-0.000382891556515971,"Jaquiski Tartt","SF","DB",2018
"1604","00-0033374",1419,-0.00421670210256615,0.0220062553684275,-0.000383336554778741,"Ricky Ortiz","ATL","RB",2018
"1605","00-0023449",32,-0.00423120644179038,0.0206325792340671,-0.000384655131071853,"Derrick Johnson","OAK","LB",2018
"1606","00-0033548",1490,-0.00425318449830125,0.0208031857376013,-0.000386653136209205,"Chidobe Awuzie","DAL","DB",2018
"1607","00-0026564",108,-0.00427383940034671,0.0205113602743307,-0.000388530854576973,"Steve McLendon","NYJ","DL",2018
"1608","00-0032062",981,-0.00427388188354822,0.0212470230261764,-0.000388534716686202,"Blake Bell","JAX","TE",2018
"1609","00-0034652",1906,-0.00427689255408917,0.0205710756726008,-0.000388808414008107,"Cameron Batson","TEN","WR",2018
"1610","00-0033912",1628,-0.00427697702815365,0.0212203697726052,-0.000388816093468514,"Jordan Willis","CIN","DL",2018
"1611","00-0034781",1967,-0.00428472314798338,0.0218664122656917,-0.000389520286180307,"Dorian O'Daniel","KC","LB",2018
"1612","00-0032783",1228,-0.00429230546065802,0.0206105601241773,-0.000390209587332547,"LeShaun Sims","TEN","DB",2018
"1613","00-0034374",1799,-0.00429942204421943,0.0212296514332804,-0.000390856549474494,"Jordan Whitehead","TB","DB",2018
"1614","00-0034163",1706,-0.00430954348753397,0.019857912200573,-0.000391776680684907,"Jake Martin","SEA","LB",2018
"1615","00-0031326",777,-0.0043338309306993,0.0205550839394075,-0.000393984630063573,"Bruce Ellington","DET","WR",2018
"1616","00-0028180",302,-0.00434543261398995,0.020529061141884,-0.000395039328544541,"Malcolm Smith","SF","LB",2018
"1617","00-0029530",402,-0.00435315555195591,0.0213222476529102,-0.000395741413814174,"Justin Bethel","ATL","DB",2018
"1618","00-0034301",1751,-0.00435433185565068,0.0204631812248854,-0.000395848350513699,"Darrel Williams","KC","RB",2018
"1619","00-0029259",370,-0.00436629980900052,0.0208203597286256,-0.000396936346272775,"Kelechi Osemele","OAK","OL",2018
"1620","00-0032980",1298,-0.00436943894618881,0.0218048827376468,-0.000397221722380801,"Marcus Johnson","IND","WR",2018
"1621","00-0032139",1012,-0.00437122844786305,0.0215561610621766,-0.000397384404351187,"Ben Koyack","JAX","TE",2018
"1622","00-0029119",348,-0.00437626018561398,0.0207424293780258,-0.000397841835055816,"Derek Carrier","OAK","TE",2018
"1623","00-0027952",234,-0.00438951438243417,0.0202168971664872,-0.00039904676203947,"Robert Quinn","MIA","DL",2018
"1624","00-0026544",106,-0.00440091165643491,0.021467499671112,-0.00040008287785772,"Chase Daniel","CHI","QB",2018
"1625","00-0030094",518,-0.00440255228753157,0.0213745694337127,-0.000400232026139234,"Eric Kush","CHI","OL",2018
"1626","00-0029272",375,-0.00441068614063352,0.0203571317863174,-0.00040097146733032,"Nigel Bradham","PHI","LB",2018
"1627","00-0034296",1750,-0.00441315586194744,0.0222706273821421,-0.000401195987449767,"Ben Niemann","KC","LB",2018
"1628","00-0031128",710,-0.00441816865070986,0.0205583445067716,-0.000401651695519078,"Ryan Groy","BUF","OL",2018
"1629","00-0031023",677,-0.00441911812367925,0.0209031671541623,-0.000401738011243568,"Quincy Enunwa","NYJ","WR",2018
"1630","00-0027867",211,-0.00442338000544965,0.0208777794449643,-0.000402125455040878,"Jason Pierre-Paul","TB","DL",2018
"1631","00-0033362",1416,-0.0044485999272865,0.0204960734230941,-0.000404418175207864,"Lenzy Pipkins","CLE","DB",2018
"1632","00-0031900",938,-0.00445536044964937,0.0215036565812633,-0.000405032768149943,"Rod Smith","DAL","RB",2018
"1633","00-0031417",825,-0.00445572382113253,0.0203395311172436,-0.000405065801921139,"Ja'Wuan James","MIA","OL",2018
"1634","00-0032445",1130,-0.00446305144559916,0.0218237335849585,-0.000405731949599923,"Ted Karras","NE","OL",2018
"1635","00-0033529",1473,-0.00447100721464777,0.0203685180186621,-0.000406455201331616,"Chase Roullier","WAS","OL",2018
"1636","00-0031089",701,-0.00448192672702646,0.0201169581875851,-0.000407447884275133,"Beau Allen","TB","DL",2018
"1637","00-0031267",752,-0.00449555510598549,0.0202643667179958,-0.000408686827816863,"Antone Exum","SF","DB",2018
"1638","00-0029410",388,-0.00449895991533568,0.0212396313332092,-0.000408996355939607,"Tavon Wilson","DET","DB",2018
"1639","00-0027662",175,-0.00449991311562163,0.0205889331250107,-0.000409083010511057,"Carlos Dunlap","CIN","DL",2018
"1640","00-0028003",261,-0.00450457703755465,0.0224905793909872,-0.000409507003414059,"Terrell McClain","ATL","DL",2018
"1641","00-0027854",201,-0.00454181444266835,0.0219682059680152,-0.000412892222060759,"Sam Bradford","ARI","QB",2018
"1642","00-0031734",909,-0.00454221780470877,0.0211955846831673,-0.000412928891337161,"Chris Reed","JAX","OL",2018
"1643","00-0027736",192,-0.00455482116223643,0.020885424747761,-0.000414074651112403,"Kendrick Lewis","TEN","DB",2018
"1644","00-0034747",1940,-0.00460480897793219,0.0212490308734088,-0.000418618997993835,"Marcell Ateman","OAK","WR",2018
"1645","00-0029141",353,-0.00461945021853483,0.0217031761483994,-0.000419950019866802,"Alfred Morris","SF","RB",2018
"1646","00-0029984",488,-0.00462957587040176,0.0214965012895689,-0.000420870533672888,"Ryan Allen","NE","P",2018
"1647","00-0033405",1431,-0.0046532380569624,0.0204006670311894,-0.000423021641542036,"Torry McTyer","MIA","DB",2018
"1648","00-0031257",744,-0.0046573466611088,0.0217995835117664,-0.000423395151009891,"Paul Richardson","WAS","WR",2018
"1649","00-0032674",1186,-0.00466906043199381,0.0220228032740436,-0.000424460039272164,"Nicholas Grigsby","DET","LB",2018
"1650","00-0034797",1978,-0.00467739832655321,0.0205278120428706,-0.000425218029686655,"Jerome Baker","MIA","LB",2018
"1651","00-0027855",202,-0.00467887599855296,0.021035645557218,-0.000425352363504815,"Ndamukong Suh","LA","DL",2018
"1652","00-0030465",579,-0.0046814872136085,0.0221976437233272,-0.000425589746691682,"Kenjon Barner","CAR","RB",2018
"1653","00-0027796",198,-0.00468784835849801,0.0210009032936324,-0.000426168032590728,"Joe Webb","HOU","QB",2018
"1654","00-0032520",1150,-0.00469257408258015,0.0205650435086514,-0.000426597643870923,"Rashod Hill","MIN","OL",2018
"1655","00-0032354",1074,-0.00469982075819809,0.0213534320476078,-0.000427256432563463,"Adam Redmond","DAL","OL",2018
"1656","00-0034436",1842,-0.00470161695238202,0.0222277780216344,-0.00042741972294382,"Will Clapp","NO","OL",2018
"1657","00-0031054",689,-0.00470965378599767,0.0199240438970081,-0.000428150344181606,"DaQuan Jones","TEN","DL",2018
"1658","00-0030565",614,-0.00473720159229721,0.0226515340317033,-0.000430654690208837,"Geno Smith","LAC","QB",2018
"1659","00-0030530",601,-0.00475837666763179,0.0210493863578946,-0.000432579697057436,"T.J. McDonald","MIA","DB",2018
"1660","00-0031285",761,-0.00477853330584318,0.0210018784209245,-0.000434412118713016,"Devonta Freeman","ATL","RB",2018
"1661","00-0029112",347,-0.00480586762793241,0.0215740455980098,-0.000436897057084764,"Jacquies Smith","OAK","DL",2018
"1662","00-0032234",1052,-0.00481171916997099,0.0200169360341446,-0.000437429015451908,"Laken Tomlinson","SF","OL",2018
"1663","00-0032200",1037,-0.00482240411414195,0.0211392836812081,-0.000438400374012905,"Ty Montgomery","BAL","RB",2018
"1664","00-0032581",1166,-0.00482392878073472,0.0199905013566164,-0.000438538980066793,"Cre'von LeBlanc","PHI","DB",2018
"1665","00-0034184",1714,-0.00482682853379713,0.0202833909879746,-0.000438802593981558,"Gus Edwards","BAL","RB",2018
"1666","00-0031489",835,-0.00484421168901199,0.0214127590089674,-0.000440382880819272,"Brett Jones","MIN","OL",2018
"1667","00-0031380",805,-0.00491468587293326,0.020177289870265,-0.000446789624812115,"Darqueze Dennard","CIN","DB",2018
"1668","00-0033909",1625,-0.00491535958267983,0.0200085609437496,-0.000446850871152712,"Pat Elflein","MIN","OL",2018
"1669","00-0030665",634,-0.00491658112000767,0.0211318343166424,-0.000446961920000697,"Daniel Sorensen","KC","DB",2018
"1670","00-0027136",146,-0.00492943854781713,0.0204096414150303,-0.000448130777074285,"Jason McCourty","NE","DB",2018
"1671","00-0031290",763,-0.00493544335392647,0.0218599169168275,-0.00044867666853877,"Marquis Flowers","WAS","LB",2018
"1672","00-0033580",1516,-0.00495353338162128,0.0206858680171238,-0.000450321216511025,"Tanner Vallejo","CLE","LB",2018
"1673","00-0021206",9,-0.00497632652030407,0.0204779916461759,-0.000452393320027643,"Josh McCown","NYJ","QB",2018
"1674","00-0031407",819,-0.00498091839050865,0.0200857560716989,-0.000452810762773513,"Blake Bortles","JAX","QB",2018
"1675","00-0029566",408,-0.00498268326304656,0.0219693700552457,-0.000452971205731506,"Zach Brown","WAS","LB",2018
"1676","00-0034756",1947,-0.00499083838960041,0.0206870710100645,-0.000453712580872764,"Tre Flowers","SEA","DB",2018
"1677","00-0031394",814,-0.00499230527937534,0.0219463598280467,-0.000453845934488667,"E.J. Gaines","CLE","DB",2018
"1678","00-0029638",433,-0.00501011851931351,0.0218326594622524,-0.000455465319937592,"Michael Floyd","WAS","WR",2018
"1679","00-0033635",1532,-0.00501384035915454,0.0217094429702248,-0.000455803669014049,"Isaiah Irving","CHI","LB",2018
"1680","00-0029676",447,-0.00504557683855076,0.0211623286288424,-0.000458688803504615,"Morris Claiborne","NYJ","DB",2018
"1681","00-0033894",1610,-0.00505284572251338,0.0201778822770378,-0.00045934961113758,"Marcus Williams","NO","DB",2018
"1682","00-0033053",1319,-0.00506299726379625,0.0208416070723668,-0.000460272478526932,"Sean Davis","PIT","DB",2018
"1683","00-0032240",1054,-0.00507006243807317,0.0207073873913982,-0.000460914767097561,"Vic Beasley","ATL","DL",2018
"1684","00-0031071",696,-0.00508495113201812,0.0214518418601261,-0.00046226828472892,"Caraun Reid","DAL","DL",2018
"1685","00-0028118",294,-0.0050918533716699,0.0217601619830146,-0.0004628957610609,"Tyrod Taylor","CLE","QB",2018
"1686","00-0034158",1701,-0.00509425476733681,0.0199083491638068,-0.000463114069757892,"Brian O'Neill","MIN","OL",2018
"1687","00-0033949",1658,-0.0051117004035468,0.0225728316570324,-0.000464700036686073,"Joshua Dobbs","PIT","QB",2018
"1688","00-0032198",1036,-0.00512315378034173,0.020895311113341,-0.000465741252758339,"Ibraheim Campbell","GB","DB",2018
"1689","00-0032966",1289,-0.00515386813512923,0.021210165286428,-0.00046853346682993,"Corey Coleman","NYG","WR",2018
"1690","00-0027022",133,-0.00516109869075655,0.0215618261674238,-0.000469190790068777,"Connor Barwin","NYG","LB",2018
"1691","00-0034675",1918,-0.00518125675451171,0.0205069979416084,-0.000471023341319246,"Jessie Bates","CIN","DB",2018
"1692","00-0026500",103,-0.00518779902303413,0.0211297895402042,-0.000471618093003103,"Matt Slauson","IND","OL",2018
"1693","00-0033882",1598,-0.00520167161459123,0.0201777439979115,-0.000472879237690112,"Gareon Conley","OAK","DB",2018
"1694","00-0030433",566,-0.00520817345696342,0.0227496743170493,-0.000473470314269401,"Mike Gillislee","NO","RB",2018
"1695","00-0032773",1218,-0.00521463392763827,0.0204505614514548,-0.000474057629785297,"Nick Kwiatkoski","CHI","LB",2018
"1696","00-0034398",1819,-0.00522990465719131,0.0212977368369523,-0.000475445877926482,"Natrell Jamerson","GB","DB",2018
"1697","00-0034489",1858,-0.00523434858701542,0.0215137643890367,-0.000475849871546856,"Jalen Tolliver","ARI","WR",2018
"1698","00-0034594",1894,-0.0052494236265709,0.0220600827984397,-0.000477220329688264,"A.J. Moore","HOU","DB",2018
"1699","00-0034370",1795,-0.00525390717866342,0.0215200345233813,-0.000477627925333039,"DaeSean Hamilton","DEN","WR",2018
"1700","00-0027001",129,-0.00526021543027624,0.0220737605871113,-0.000478201402752385,"Vontae Davis","BUF","DB",2018
"1701","00-0033118",1356,-0.00527532564083907,0.0209421142207873,-0.000479575058258098,"Kenyan Drake","MIA","RB",2018
"1702","00-0034854",2017,-0.0052823491885648,0.0218248650399311,-0.0004802135625968,"KhaDarel Hodge","LA","WR",2018
"1703","00-0032143",1014,-0.0052925786627314,0.0217126999181967,-0.000481143514793763,"Danny Shelton","NE","DL",2018
"1704","00-0026964",121,-0.0052951574772062,0.0194940146529527,-0.000481377952473291,"Clinton McDonald","OAK","DL",2018
"1705","00-0030434",567,-0.00532390363822836,0.020721855499944,-0.000483991239838942,"Vince Williams","PIT","LB",2018
"1706","00-0034278",1742,-0.0053319084815505,0.0215758096570949,-0.000484718952868227,"Tremon Smith","KC","DB",2018
"1707","00-0031972",963,-0.00533730990876366,0.0215191670075584,-0.000485209991705788,"Darius Jennings","TEN","WR",2018
"1708","00-0028339",310,-0.0053393030651382,0.021215982298258,-0.000485391187739837,"Mario Addison","CAR","DL",2018
"1709","00-0034364",1789,-0.00534668459699571,0.0206681627085824,-0.000486062236090519,"Jordan Akins","HOU","TE",2018
"1710","00-0033123",1361,-0.00535347846839307,0.0212752864765947,-0.000486679860763007,"Yannick Ngakoue","JAX","DL",2018
"1711","00-0027044",138,-0.00536769700395573,0.0202055628971571,-0.000487972454905066,"Michael Johnson","CIN","DL",2018
"1712","00-0032412",1111,-0.00537436518353572,0.0202493025196649,-0.000488578653048702,"Dean Lowry","GB","DL",2018
"1713","00-0027674",178,-0.00541507025087141,0.0211957141422213,-0.000492279113715583,"Jared Veldheer","DEN","OL",2018
"1714","00-0031818",925,-0.00545761935118763,0.020550210366949,-0.00049614721374433,"Bradley Marquez","DET","WR",2018
"1715","00-0031270",754,-0.00546017955647922,0.0210819339324909,-0.000496379959679929,"Shelby Harris","DEN","DL",2018
"1716","00-0031136",712,-0.00547196830123154,0.0220210605050568,-0.000497451663748322,"Chris Boswell","PIT","K",2018
"1717","00-0032171",1030,-0.00547204459219687,0.0209798653594565,-0.000497458599290625,"Hayes Pullard","LAC","LB",2018
"1718","00-0028037",271,-0.00548993488281477,0.0218051275684159,-0.000499084989346797,"K.J. Wright","SEA","LB",2018
"1719","00-0031815",924,-0.0054931902813691,0.0215498640825178,-0.000499380934669919,"Cameron Lynch","TB","LB",2018
"1720","00-0032214",1044,-0.0054942813075306,0.0215439676986758,-0.000499480118866419,"Tyler Kroft","CIN","TE",2018
"1721","00-0029630",431,-0.00550848981467302,0.0204577317818481,-0.000500771801333911,"Michael Brockers","LA","DL",2018
"1722","00-0033699",1543,-0.0055157079515612,0.0196875202207402,-0.000501427995596473,"Austin Ekeler","LAC","RB",2018
"1723","00-0029692",458,-0.0055230266822042,0.0217571469688981,-0.000502093334745836,"Bryan Anger","TB","P",2018
"1724","00-0032635",1179,-0.00552962200692111,0.0217467792513401,-0.000502692909720101,"Josh Hawkins","PHI","DB",2018
"1725","00-0031176",722,-0.005540665645794,0.021168647224605,-0.000503696876890364,"Nevin Lawson","DET","DB",2018
"1726","00-0029412",389,-0.0055492029024271,0.0206078063879077,-0.000504472991129737,"Vinny Curry","TB","DL",2018
"1727","00-0030585",623,-0.00559113874330623,0.0205174551034497,-0.000508285340300567,"Justin Pugh","ARI","OL",2018
"1728","00-0034366",1791,-0.005599217105125,0.0219375737650712,-0.000509019736829546,"Keke Coutee","HOU","WR",2018
"1729","00-0034804",1983,-0.00559997706786685,0.0218124812684561,-0.000509088824351532,"Brian Allen","LA","OL",2018
"1730","00-0031788",918,-0.00561354769691131,0.0205933490075584,-0.000510322517901028,"Matt Lengel","CIN","TE",2018
"1731","00-0031185",726,-0.00562881390443591,0.0215904515826187,-0.000511710354948719,"Jon Halapio","NYG","OL",2018
"1732","00-0031333",780,-0.00563590959159602,0.0207016198069781,-0.00051235541741782,"Ha Ha Clinton-Dix","WAS","DB",2018
"1733","00-0034400",1821,-0.00565202708194361,0.0210864625605391,-0.000513820643813055,"Jordan Wilkins","IND","RB",2018
"1734","00-0034571",1886,-0.00565549219528944,0.0223079367687599,-0.000514135654117222,"Trent Scott","LAC","OL",2018
"1735","00-0033076",1332,-0.00565917859690086,0.0195455438064881,-0.000514470781536442,"Derrick Kindred","CLE","DB",2018
"1736","00-0029520",398,-0.00567413443968393,0.0217247011534491,-0.00051583040360763,"Eddie Pleasant","GB","DB",2018
"1737","00-0034449",1846,-0.00568115703459924,0.0211353283788479,-0.000516468821327204,"Buddy Howell","HOU","RB",2018
"1738","00-0032129",1005,-0.00568384379605623,0.0196307457871338,-0.000516713072368748,"Jordan Hicks","PHI","LB",2018
"1739","00-0033251",1377,-0.00569150490762567,0.0203853609004403,-0.000517409537056879,"Zach Pascal","IND","WR",2018
"1740","00-0034805",1984,-0.00569882289715878,0.0216703764205749,-0.000518074808832616,"John Franklin-Myers","LA","DL",2018
"1741","00-0031035",680,-0.00571363757374382,0.0221306266570689,-0.000519421597613074,"Xavier Grimble","PIT","TE",2018
"1742","00-0029479",396,-0.0057150087295102,0.0214681482020794,-0.000519546248137291,"Emmanuel Lamur","NYJ","LB",2018
"1743","00-0028011",264,-0.00571571232828629,0.020850537813861,-0.00051961021166239,"Stevan Ridley","PIT","RB",2018
"1744","00-0033187",1372,-0.00571685012198242,0.0221271322649395,-0.000519713647452947,"Jeff Richards","LAC","DB",2018
"1745","00-0030050",498,-0.00573501830197945,0.0209225235651231,-0.00052136530017995,"Ray-Ray Armstrong","CLE","LB",2018
"1746","00-0030108",521,-0.00574177540490653,0.0205559004680634,-0.00052197958226423,"Ryan Griffin","HOU","TE",2018
"1747","00-0033347",1413,-0.00574327848548974,0.0223195138955873,-0.000522116225953613,"Josh Tupou","CIN","DL",2018
"1748","00-0034829",1999,-0.00574757304701958,0.0204053570738873,-0.000522506640638144,"Mike Gesicki","MIA","TE",2018
"1749","00-0030069",509,-0.00577408958658527,0.021045677134526,-0.000524917235144116,"Damontre Moore","OAK","DL",2018
"1750","00-0033941",1651,-0.00577641824326733,0.0208764334350169,-0.000525128931206121,"Rayshawn Jenkins","LAC","DB",2018
"1751","00-0034350",1776,-0.00583476966146708,0.0200576829082304,-0.000530433605587916,"Uchenna Nwosu","LAC","LB",2018
"1752","00-0033070",1329,-0.00583804734871183,0.021116595224384,-0.000530731577155621,"Javien Elliott","TB","DB",2018
"1753","00-0034368",1793,-0.00584411696662175,0.0208341568003892,-0.000531283360601977,"Josey Jewell","DEN","LB",2018
"1754","00-0031280",758,-0.00584938185930087,0.0205959254537138,-0.00053176198720917,"Derek Carr","OAK","QB",2018
"1755","00-0030386",550,-0.00586325819821395,0.0204419787457984,-0.000533023472564904,"William Gholston","TB","DL",2018
"1756","00-0031688",900,-0.00587115036335278,0.0208371939123807,-0.00053374094212298,"Denzel Rice","BUF","DB",2018
"1757","00-0031716",903,-0.00592570255612896,0.021883026687232,-0.00053870023237536,"Matt Darr","BUF","P",2018
"1758","00-0031237",736,-0.0059285468700615,0.0219862909225019,-0.000538958806369227,"Teddy Bridgewater","NO","QB",2018
"1759","00-0033917",1632,-0.00594656704092706,0.0218240802027651,-0.000540597003720642,"Tarell Basham","NYJ","LB",2018
"1760","00-0026844",116,-0.00595705951797216,0.0220783312452249,-0.000541550865270196,"Garrison Sanborn","TB","LS",2018
"1761","00-0031171",720,-0.00595742018815329,0.0224778396357649,-0.000541583653468481,"Preston Brown","CIN","LB",2018
"1762","00-0033898",1614,-0.00597455517845836,0.0206349277677241,-0.000543141379859851,"Justin Evans","TB","DB",2018
"1763","00-0028664",319,-0.00598749061820599,0.0216978560715638,-0.000544317328927817,"Chris Jones","DAL","P",2018
"1764","00-0032398",1099,-0.00598771609571644,0.0209027384686505,-0.000544337826883313,"Chris Moore","BAL","WR",2018
"1765","00-0034540",1880,-0.00600567910463591,0.0205541928079177,-0.000545970827694173,"Tony Brown","GB","DB",2018
"1766","00-0033953",1662,-0.00601385444605823,0.0210001571928671,-0.000546714040550748,"Jordan Leggett","NYJ","TE",2018
"1767","00-0027078",141,-0.00601553847520742,0.0213741766254346,-0.000546867134109765,"T.J. Lang","DET","OL",2018
"1768","00-0034869",2024,-0.00604579995760395,0.0206464455449941,-0.000549618177963995,"Sam Darnold","NYJ","QB",2018
"1769","00-0032896",1263,-0.0060594218249866,0.0218843159035811,-0.000550856529544237,"Drew Kaser","GB","P",2018
"1770","00-0031800",921,-0.00609248938649194,0.0215658630556695,-0.000553862671499267,"Taylor Heinicke","CAR","QB",2018
"1771","00-0029269",374,-0.00609928935909227,0.0215089269612261,-0.00055448085082657,"Travis Benjamin","LAC","WR",2018
"1772","00-0032435",1124,-0.00614816913442202,0.0215155949803116,-0.000558924466765639,"Anthony Zettel","CLE","DL",2018
"1773","00-0028064",277,-0.00615347683424614,0.0216177290307734,-0.000559406984931468,"Bilal Powell","NYJ","RB",2018
"1774","00-0023298",27,-0.00616854313261765,0.0222156802450191,-0.000560776648419786,"L.P. LaDouceur","DAL","LS",2018
"1775","00-0028103",289,-0.00618114694539968,0.0225932023234151,-0.000561922449581789,"Pernell McPhee","WAS","LB",2018
"1776","00-0032007",968,-0.00621077418386748,0.0205755395634027,-0.000564615834897043,"Quinton Dunbar","WAS","DB",2018
"1777","00-0033914",1630,-0.0062186367879428,0.0216053905546882,-0.00056533061708571,"Alex Anzalone","NO","LB",2018
"1778","00-0031047",685,-0.00622966629218993,0.0207198945559105,-0.000566333299289994,"Spencer Long","NYJ","OL",2018
"1779","00-0033065",1327,-0.0062382169133685,0.0210690225324882,-0.000567110628488046,"Le'Raven Clark","IND","OL",2018
"1780","00-0034421",1833,-0.006242344736729,0.0211172399417426,-0.000567485885157182,"Peter Kalambayi","HOU","LB",2018
"1781","00-0032116",1000,-0.0062558696837377,0.0199689265695718,-0.000568715425794336,"Darius Philon","LAC","DL",2018
"1782","00-0025408",63,-0.00625622830255257,0.0208189310420532,-0.000568748027504779,"Reggie Nelson","OAK","DB",2018
"1783","00-0033302",1401,-0.00626735143191233,0.0226570189358882,-0.00056975922108294,"Adrian Colbert","SF","DB",2018
"1784","00-0030010",490,-0.00627042160503837,0.0202347564985057,-0.000570038327730761,"Brandon Copeland","NYJ","LB",2018
"1785","00-0034363",1788,-0.00627616747813506,0.0213792419803919,-0.00057056067983046,"Deadrin Senat","ATL","DL",2018
"1786","00-0031609",886,-0.00628027043986798,0.0215653174554025,-0.000570933676351634,"A.J. Derby","MIA","TE",2018
"1787","00-0033376",1421,-0.00629273976300754,0.0214782820687526,-0.000572067251182504,"Patrick Ricard","BAL","DL",2018
"1788","00-0034674",1917,-0.00629461774457544,0.0218731083339082,-0.000572237976779585,"Leighton Vander Esch","DAL","LB",2018
"1789","00-0033073",1331,-0.00630232434493435,0.0201334574285775,-0.000572938576812214,"Emmanuel Ogbah","CLE","DL",2018
"1790","00-0034496",1860,-0.00632588989553838,0.0215825901055679,-0.000575080899594398,"Sean Chandler","NYG","DB",2018
"1791","00-0033420",1434,-0.00632905171125224,0.0223364991307366,-0.000575368337386567,"Donald Payne","JAX","LB",2018
"1792","00-0034841",2009,-0.00633397059775214,0.0206882095558608,-0.000575815508886558,"Brandon Bryant","NYJ","DB",2018
"1793","00-0033559",1498,-0.00634396114090349,0.0217321463263841,-0.000576723740082135,"Michael Roberts","DET","TE",2018
"1794","00-0027948",232,-0.0063670015477743,0.0208637775342999,-0.000578818322524937,"Blaine Gabbert","TEN","QB",2018
"1795","00-0034763",1951,-0.0063804152604449,0.0208171402817854,-0.000580037750949537,"Brandon Parker","OAK","OL",2018
"1796","00-0034234",1725,-0.00640523691843354,0.0212621458122002,-0.00058229426531214,"Poona Ford","SEA","DL",2018
"1797","00-0028063",276,-0.00640894580769577,0.0218652377050667,-0.000582631437063252,"Taiwan Jones","BUF","RB",2018
"1798","00-0031796",919,-0.00642932201187457,0.0208243356043321,-0.000584483819261324,"Justin Coleman","SEA","DB",2018
"1799","00-0033047",1313,-0.00643957006055814,0.0209419856665958,-0.00058541546005074,"Anthony Brown","DAL","DB",2018
"1800","00-0033895",1611,-0.00646842057128868,0.0210937326021834,-0.000588038233753517,"Gerald Everett","LA","TE",2018
"1801","00-0033523",1467,-0.00650075328327919,0.0214029031842064,-0.0005909775712072,"Jonathan Allen","WAS","DL",2018
"1802","00-0034499",1861,-0.00654030622823385,0.0212645761516877,-0.000594573293475805,"Jawill Davis","NYG","WR",2018
"1803","00-0034659",1911,-0.00654064335288067,0.0207617950414317,-0.00059460394117097,"Sharif Finch","TEN","LB",2018
"1804","00-0033084",1338,-0.00655704486884104,0.0205532939714459,-0.000596094988076458,"Kendall Fuller","KC","DB",2018
"1805","00-0033246",1376,-0.00656588070138793,0.0210238625883099,-0.000596898245580721,"Johnny Mundt","LA","TE",2018
"1806","00-0031608",885,-0.00657852752486812,0.0205379280988414,-0.000598047956806193,"Quandre Diggs","DET","DB",2018
"1807","00-0034383",1806,-0.00658703544015232,0.0212518731956751,-0.000598821403650211,"Dalton Schultz","DAL","TE",2018
"1808","00-0030066",506,-0.00660053693381609,0.0205613990653067,-0.0006000488121651,"Brian Winters","NYJ","OL",2018
"1809","00-0034825",1995,-0.00660811515097827,0.0208297931287954,-0.000600737740998025,"Arden Key","OAK","DL",2018
"1810","00-0027835",200,-0.00667430291972228,0.0211082357709078,-0.000606754810883843,"Kurt Coleman","NO","DB",2018
"1811","00-0031550",849,-0.00668369425722509,0.0212552533800292,-0.000607608568838645,"Shaq Thompson","CAR","LB",2018
"1812","00-0030513",592,-0.00669723677799329,0.0222638504317734,-0.000608839707090299,"Latavius Murray","MIN","RB",2018
"1813","00-0034653",1907,-0.00671611335472855,0.0214266732708314,-0.000610555759520777,"Deontay Burnett","NYJ","WR",2018
"1814","00-0031991",964,-0.0067181317743467,0.0212956901401707,-0.000610739252213336,"DeVante Bausby","PHI","DB",2018
"1815","00-0030216",535,-0.00676404099848416,0.0216144414267241,-0.000614912818044014,"Josh Hill","NO","TE",2018
"1816","00-0030401",553,-0.00676901067509208,0.0211696935878083,-0.000615364606826553,"Kiko Alonso","MIA","LB",2018
"1817","00-0027857",204,-0.006770031747379,0.0206253361293058,-0.00061545743157991,"Trent Williams","WAS","OL",2018
"1818","00-0028030",269,-0.00678856177447388,0.0217475098424488,-0.000617141979497625,"Joe Barksdale","ARI","OL",2018
"1819","00-0033037",1307,-0.00681942926525496,0.0220964885375261,-0.000619948115023178,"Adolphus Washington","CIN","DL",2018
"1820","00-0030558",610,-0.00694210504424104,0.0214167798107765,-0.000631100458567368,"Barkevious Mingo","SEA","LB",2018
"1821","00-0033576",1512,-0.00696267464546419,0.020588190851246,-0.000632970422314927,"Eric Saubert","ATL","TE",2018
"1822","00-0029248",364,-0.00697277412249994,0.0211739163915971,-0.000633888556590903,"Luke Kuechly","CAR","LB",2018
"1823","00-0027882",220,-0.00697311363111175,0.02156792786912,-0.000633919421010159,"Patrick Robinson","NO","DB",2018
"1824","00-0030448",571,-0.00699547894696011,0.0208666309300433,-0.000635952631541828,"Kawann Short","CAR","DL",2018
"1825","00-0030455",573,-0.00700757214613398,0.0212006519320212,-0.000637052013284907,"Star Lotulelei","BUF","DL",2018
"1826","00-0032192",1032,-0.00703756805544028,0.0208747318324145,-0.000639778914130935,"Daniel Munyer","ARI","OL",2018
"1827","00-0034344",1770,-0.00704031086191364,0.0200016508612811,-0.000640028260173968,"Marcus Davenport","NO","DL",2018
"1828","00-0026983",124,-0.0070441703223433,0.0216365903365568,-0.000640379120213028,"Darrius Heyward-Bey","PIT","WR",2018
"1829","00-0034743",1937,-0.00705334576735341,0.0214496603548213,-0.000641213251577583,"Rashaan Evans","TEN","LB",2018
"1830","00-0029681",451,-0.00707024659042172,0.0196450324272787,-0.000642749690038338,"Janoris Jenkins","NYG","DB",2018
"1831","00-0031876",933,-0.00715766236632272,0.0217795501177476,-0.000650696578756611,"Matt Wile","MIN","P",2018
"1832","00-0031502",839,-0.00716306226783519,0.0215479728177186,-0.000651187478894108,"Jordan Berry","PIT","P",2018
"1833","00-0032972",1295,-0.00722461046229136,0.0215537893149645,-0.000656782769299215,"Devontae Booker","DEN","RB",2018
"1834","00-0033899",1615,-0.00722864169277792,0.0216622542688811,-0.000657149244797993,"DeShone Kizer","GB","QB",2018
"1835","00-0033549",1491,-0.00726261223297732,0.0205951967855326,-0.000660237475725211,"Duke Riley","ATL","LB",2018
"1836","00-0032320",1072,-0.0072716747283264,0.0197361594797426,-0.000661061338938763,"Erik Harris","OAK","DB",2018
"1837","00-0033093",1341,-0.00727521920610203,0.0206282983373497,-0.000661383564191093,"Jonathan Bullard","CHI","DL",2018
"1838","00-0033107",1348,-0.00733419725062834,0.0194188226209365,-0.000666745204602577,"William Jackson","CIN","DB",2018
"1839","00-0034681",1924,-0.00734555296443372,0.0210371611601678,-0.000667777542221247,"Chase Edmonds","ARI","RB",2018
"1840","00-0031404",818,-0.00737898561505193,0.0199079773792681,-0.00067081687409563,"Adrian Phillips","LAC","DB",2018
"1841","00-0031263",750,-0.00739113767096291,0.0214776155240961,-0.000671921606451174,"Avery Williamson","NYJ","LB",2018
"1842","00-0031491",836,-0.00741321884919275,0.0209374177749567,-0.00067392898629025,"Brian Peters","HOU","LB",2018
"1843","00-0033952",1661,-0.0074231671382331,0.0210088758874486,-0.000674833376203009,"Grover Stewart","IND","DL",2018
"1844","00-0033903",1619,-0.00742569859727085,0.0206497032828589,-0.000675063508842804,"Josh Jones","GB","DB",2018
"1845","00-0032940",1276,-0.0074257196516223,0.0209264643878751,-0.000675065422874755,"DeAndre Washington","OAK","RB",2018
"1846","00-0033545",1487,-0.00743208133668342,0.0211905583498165,-0.000675643757880311,"Teez Tabor","DET","DB",2018
"1847","00-0031075",697,-0.00748117626921778,0.0206441371497826,-0.000680106933565253,"Alfred Blue","HOU","RB",2018
"1848","00-0034457",1849,-0.00752046692145483,0.0212896754634742,-0.000683678811041348,"Josh Adams","PHI","RB",2018
"1849","00-0031893",936,-0.00753046879640688,0.0206069930498505,-0.000684588072400626,"Jesse Davis","MIA","OL",2018
"1850","00-0034371",1796,-0.00754442362717622,0.020472416936659,-0.000685856693379656,"Da'Shawn Hand","DET","DL",2018
"1851","00-0029091",345,-0.00757597599385162,0.02095940479651,-0.000688725090350147,"Bradley Sowell","CHI","OL",2018
"1852","00-0029008",337,-0.00764179749686103,0.0214303622560063,-0.000694708863351003,"Charley Hughlett","CLE","LS",2018
"1853","00-0032486",1143,-0.0076487579174293,0.0205459164827429,-0.00069534162885721,"Kameron Canaday","PIT","LS",2018
"1854","00-0032763",1209,-0.00767529090583182,0.0203962870625416,-0.000697753718711983,"Austin Johnson","TEN","DL",2018
"1855","00-0029193",359,-0.00767702101026851,0.0201637626897881,-0.000697911000933501,"Bruce Irvin","ATL","DL",2018
"1856","00-0034378",1803,-0.00767816165590502,0.0210722856523336,-0.000698014695991365,"Ito Smith","ATL","RB",2018
"1857","00-0032661",1184,-0.00769203846561909,0.0216592258508337,-0.00069927622414719,"Ben Braunecker","CHI","TE",2018
"1858","00-0026156",84,-0.00769289427301855,0.0206915947157904,-0.000699354024819868,"Dominique Rodgers-Cromartie","OAK","DB",2018
"1859","00-0028091",284,-0.0077262820248577,0.0216832628809655,-0.000702389274987064,"Jeremy Kerley","BUF","WR",2018
"1860","00-0032255",1063,-0.0077538277756942,0.0201955308080343,-0.000704893434154018,"A.J. Cann","JAX","OL",2018
"1861","00-0031253",740,-0.00775824062622938,0.0198369331552535,-0.000705294602384489,"K'Waun Williams","SF","DB",2018
"1862","00-0027297",158,-0.00776612138264315,0.0218685515460249,-0.000706011034785741,"Austin Howard","WAS","OL",2018
"1863","00-0028075",280,-0.00777065821273777,0.0207857892138076,-0.000706423473885251,"Buster Skrine","NYJ","DB",2018
"1864","00-0034774",1960,-0.00777936468891354,0.0217103308912603,-0.000707214971719413,"Breeland Speaks","KC","LB",2018
"1865","00-0029693",459,-0.00778557464507852,0.0209551467002323,-0.000707779513188956,"Olivier Vernon","NYG","LB",2018
"1866","00-0033570",1507,-0.00778698500306683,0.0206284778301082,-0.00070790772755153,"Anthony Walker","IND","LB",2018
"1867","00-0034815",1989,-0.00779700268086407,0.0205662156053911,-0.000708818425533097,"Fred Warner","SF","LB",2018
"1868","00-0028097",287,-0.00780324487027887,0.0209564283595051,-0.000709385897298079,"Lee Smith","OAK","TE",2018
"1869","00-0026035",80,-0.00784571582281307,0.0208201028798471,-0.000713246892983006,"Danny Amendola","MIA","WR",2018
"1870","00-0030827",653,-0.00785935602801069,0.0211346027873431,-0.000714486911637335,"Tyler Shatley","JAX","OL",2018
"1871","00-0027925",224,-0.00791151670065201,0.0212421925962964,-0.000719228790968364,"James Develin","NE","RB",2018
"1872","00-0029879",476,-0.00791390567097183,0.0206024660827067,-0.000719445970088348,"Kevin McDermott","MIN","LS",2018
"1873","00-0027245",154,-0.00792355738364718,0.0208657182997605,-0.00072032339851338,"Vincent Rey","CIN","LB",2018
"1874","00-0029709",462,-0.00793587802729798,0.0218600207394909,-0.000721443457027089,"Ty Nsekhe","WAS","OL",2018
"1875","00-0032497",1146,-0.00793719758840119,0.0202852286156611,-0.000721563417127381,"Reid Ferguson","BUF","LS",2018
"1876","00-0033933",1645,-0.00799184377911894,0.0207191461621729,-0.000726531252647176,"Chad Williams","ARI","WR",2018
"1877","00-0031306",771,-0.00800285219488094,0.0207466339777366,-0.000727532017716449,"Russell Bodine","BUF","OL",2018
"1878","00-0029144",354,-0.00803117271080599,0.0208334689920776,-0.000730106610073272,"Tom Compton","MIN","OL",2018
"1879","00-0032150",1020,-0.00804288435252649,0.022093056670761,-0.000731171304775135,"Steven Nelson","KC","DB",2018
"1880","00-0029191",358,-0.00806117509532492,0.0200739865794278,-0.000732834099574993,"DeShawn Shead","DET","DB",2018
"1881","00-0034789",1971,-0.00806870751574947,0.0203783427227676,-0.000733518865068134,"Minkah Fitzpatrick","MIA","DB",2018
"1882","00-0030300",543,-0.00810586009607918,0.0206472919485196,-0.000736896372370835,"Jaron Brown","SEA","WR",2018
"1883","00-0031690",901,-0.00812840684219856,0.0202885214502435,-0.000738946076563506,"Eric Tomlinson","NYJ","TE",2018
"1884","00-0033445",1442,-0.00813427302475331,0.0204656954260937,-0.000739479365886665,"Nicholas Morrow","OAK","LB",2018
"1885","00-0031571",865,-0.00815324743244441,0.0202297165226607,-0.000741204312040401,"Clayton Geathers","IND","DB",2018
"1886","00-0027980",252,-0.00818144053920355,0.0202705682201584,-0.000743767321745777,"Brooks Reed","ATL","DL",2018
"1887","00-0033512",1465,-0.00819109347371938,0.0206198697254791,-0.000744644861247217,"Damontae Kazee","ATL","DB",2018
"1888","00-0029580",414,-0.00820041460957786,0.0226490709980405,-0.000745492237234351,"Rishard Matthews","NYJ","WR",2018
"1889","00-0029689",455,-0.00822409855032813,0.0205431208780836,-0.000747645322757103,"Dwayne Allen","NE","TE",2018
"1890","00-0031079",698,-0.00822911270159113,0.0211780932872115,-0.000748101154690103,"Pat O'Donnell","CHI","P",2018
"1891","00-0030968",668,-0.00825716707946868,0.0205469597300051,-0.00075065155267897,"Keith Smith","OAK","RB",2018
"1892","00-0033288",1389,-0.00828120008608079,0.0208673271081821,-0.00075283637146189,"George Kittle","SF","TE",2018
"1893","00-0032916",1267,-0.00829722203395086,0.0206322007501695,-0.000754292912177351,"Trevor Williams","LAC","DB",2018
"1894","00-0027607",169,-0.00831160108376759,0.0214482067797467,-0.000755600098524327,"Ted Larsen","MIA","OL",2018
"1895","00-0033104",1346,-0.00834706762671597,0.0229986215692172,-0.000758824329701451,"Cody Kessler","JAX","QB",2018
"1896","00-0028292",309,-0.00838467436335659,0.021670622536687,-0.000762243123941508,"Nick Bellore","DET","RB",2018
"1897","00-0032110",997,-0.00840044812657489,0.0212373798518447,-0.000763677102415899,"Kyle Emanuel","LAC","LB",2018
"1898","00-0029764",467,-0.00842220275451446,0.0220923433330854,-0.000765654795864951,"Cody Davis","JAX","DB",2018
"1899","00-0032895",1262,-0.00842303737520598,0.0209805346892614,-0.000765730670473271,"Jatavis Brown","LAC","LB",2018
"1900","00-0033038",1308,-0.00843130360883817,0.0208398207714992,-0.000766482146258015,"Eric Murray","KC","DB",2018
"1901","00-0029414",391,-0.00845188010189464,0.0211341699215587,-0.000768352736535877,"Orson Charles","CLE","TE",2018
"1902","00-0031740",910,-0.00852038927916822,0.0210538030060318,-0.000774580843560748,"Neville Hewitt","NYJ","LB",2018
"1903","00-0030776",648,-0.00855554611900189,0.0204435168569754,-0.000777776919909263,"Kerry Wynn","NYG","DL",2018
"1904","00-0027869",213,-0.00858523265193452,0.0213777512229015,-0.000780475695630411,"Mike Iupati","ARI","OL",2018
"1905","00-0029672",446,-0.00858533442546689,0.0203742450252849,-0.000780484947769717,"Riley Reiff","MIN","OL",2018
"1906","00-0028284",308,-0.00859521439862641,0.0218633090731584,-0.000781383127147855,"Patrick Scales","CHI","LS",2018
"1907","00-0033790",1566,-0.00861524873653557,0.0204995033495925,-0.000783204430594143,"Jordan Evans","CIN","LB",2018
"1908","00-0033554",1495,-0.00864143898421834,0.0205360858630487,-0.000785585362201667,"Tedric Thompson","SEA","DB",2018
"1909","00-0027981",253,-0.00864338520413814,0.020107533319622,-0.000785762291285285,"Kyle Rudolph","MIN","TE",2018
"1910","00-0029762",466,-0.00865534368753668,0.0209747196667796,-0.000786849426139699,"John Wetzel","ARI","OL",2018
"1911","00-0024183",45,-0.00866629611351527,0.0213202142859931,-0.000787845101228661,"Brent Grimes","TB","DB",2018
"1912","00-0029408",386,-0.00867066855751308,0.0208787621319095,-0.000788242596137552,"Nick Perry","GB","LB",2018
"1913","00-0023645",38,-0.00871323430144064,0.021724513632845,-0.000792112209221876,"Derek Anderson","BUF","QB",2018
"1914","00-0030251",537,-0.00875326463916486,0.0208670513603628,-0.000795751330833169,"Wes Horton","CAR","DL",2018
"1915","00-0031269",753,-0.00883933786174148,0.0200443953937583,-0.000803576169249225,"T.J. Carrie","CLE","DB",2018
"1916","00-0030147",526,-0.00886246074055528,0.0204774275873183,-0.000805678249141389,"Russell Shepard","NYG","WR",2018
"1917","00-0030170",531,-0.00887620175915441,0.020435544917952,-0.000806927432650401,"Rontez Miles","NYJ","DB",2018
"1918","00-0031632",895,-0.00887949571447157,0.0209539617604597,-0.000807226883133779,"Denzelle Good","OAK","OL",2018
"1919","00-0032596",1170,-0.00893151948605978,0.0200828680399696,-0.000811956316914526,"Brian Poole","ATL","DB",2018
"1920","00-0031166",717,-0.00901949958285478,0.0203298788885836,-0.000819954507532253,"Seth Roberts","OAK","WR",2018
"1921","00-0031359",793,-0.00902466284702962,0.0221548186928936,-0.000820423895184511,"Kelvin Benjamin","KC","WR",2018
"1922","00-0027993",257,-0.00905978562399798,0.0198364226430238,-0.000823616874908907,"Rodney Hudson","OAK","OL",2018
"1923","00-0033943",1652,-0.00906647916443744,0.0204069744922919,-0.000824225378585221,"Josh Reynolds","LA","WR",2018
"1924","00-0034687",1929,-0.00910427220533943,0.0216608753151708,-0.000827661109576312,"Korey Cunningham","ARI","OL",2018
"1925","00-0027985",254,-0.00911369479676302,0.0208447614369199,-0.000828517708796638,"Lance Kendricks","GB","TE",2018
"1926","00-0026516",105,-0.00915155591668367,0.0216762209202577,-0.000831959628789425,"Britton Colquitt","CLE","P",2018
"1927","00-0031284",760,-0.00920797496534826,0.0206608651188167,-0.000837088633213478,"Travis Swanson","MIA","OL",2018
"1928","00-0034165",1708,-0.00926284956887053,0.0227596932997423,-0.000842077233533684,"Colby Gossett","ARI","OL",2018
"1929","00-0032517",1148,-0.00932027246187949,0.0208702378879723,-0.000847297496534499,"Briean Boddy-Calhoun","CLE","DB",2018
"1930","00-0032959",1286,-0.00932167957098542,0.0211020651428063,-0.000847425415544129,"Charone Peake","NYJ","WR",2018
"1931","00-0033839",1573,-0.00940395644436425,0.0202970810302092,-0.000854905131305841,"Dede Westbrook","JAX","WR",2018
"1932","00-0029159",356,-0.00941812339937483,0.0207928587216906,-0.000856193036306803,"Jermaine Kearse","NYJ","WR",2018
"1933","00-0027963",243,-0.00943680993117616,0.0204096762838257,-0.000857891811925105,"James Carpenter","NYJ","OL",2018
"1934","00-0031598",882,-0.00945217601893603,0.0197132432843125,-0.000859288728994185,"Nick Boyle","BAL","TE",2018
"1935","00-0030741",644,-0.00946425298685009,0.020829820809205,-0.00086038663516819,"Roosevelt Nix","PIT","RB",2018
"1936","00-0027778",196,-0.00947678755424715,0.0218041551035047,-0.000861526141295196,"Sam Young","MIA","OL",2018
"1937","00-0031152",715,-0.00950260961134315,0.0210351147856344,-0.000863873601031196,"Bryan Witzmann","CHI","OL",2018
"1938","00-0033469",1457,-0.00951364771080507,0.0200455069767999,-0.000864877064618643,"Vincent Taylor","MIA","DL",2018
"1939","00-0034468",1852,-0.00961895452930964,0.0219161366799606,-0.000874450411755422,"Chandon Sullivan","PHI","DB",2018
"1940","00-0030403",555,-0.00971564237577267,0.02087272230451,-0.000883240215979333,"B.W. Webb","NYG","DB",2018
"1941","00-0032262",1068,-0.00971631577423644,0.0213049462488741,-0.000883301434021494,"Landon Collins","NYG","DB",2018
"1942","00-0030404",556,-0.00971943955989045,0.0209569314996953,-0.000883585414535495,"Chris Thompson","WAS","RB",2018
"1943","00-0034831",2001,-0.00974385705332884,0.0218907666667434,-0.000885805186666258,"Rasheem Green","SEA","DL",2018
"1944","00-0031744",911,-0.00977242848895267,0.0211506371160328,-0.000888402589904788,"Matt LaCosse","DEN","TE",2018
"1945","00-0032749",1201,-0.00986592275751124,0.0206251910832973,-0.000896902068864658,"Isaiah Johnson","TB","DB",2018
"1946","00-0026898",118,-0.00988563704163991,0.0215588987618505,-0.000898694276512719,"Mark Sanchez","WAS","QB",2018
"1947","00-0034360",1785,-0.00994285732947596,0.0206499881593507,-0.000903896120861451,"Lorenzo Carter","NYG","LB",2018
"1948","00-0027768",195,-0.00994557923332547,0.0215998848804756,-0.000904143566665952,"Marshall Newhouse","CAR","OL",2018
"1949","00-0033936",1648,-0.00999268397569294,0.0198942764758856,-0.000908425815972086,"C.J. Beathard","SF","QB",2018
"1950","00-0031587",875,-0.00999673546711813,0.0206859935310697,-0.000908794133374375,"Bobby McCain","MIA","DB",2018
"1951","00-0034683",1926,-0.0101037203046493,0.0217005332022439,-0.000918520027695387,"Darius Phillips","CIN","DB",2018
"1952","00-0034768",1956,-0.0101292826159315,0.0211661887672189,-0.000920843874175594,"Chukwuma Okorafor","PIT","OL",2018
"1953","00-0032951",1280,-0.0101333986649989,0.0208222751143298,-0.000921218060454448,"Laquon Treadwell","MIN","WR",2018
"1954","00-0034798",1979,-0.0102290467110594,0.0221129796784857,-0.000929913337369036,"Durham Smythe","MIA","TE",2018
"1955","00-0027247",155,-0.0102551753074115,0.0216948690425569,-0.000932288664310134,"Mike Windt","LAC","LS",2018
"1956","00-0034355",1781,-0.0102676091199837,0.0205897085008984,-0.000933419010907608,"M.J. Stewart","TB","DB",2018
"1957","00-0033681",1539,-0.0103018995181891,0.0208264615258612,-0.000936536319835373,"Keelan Cole","JAX","WR",2018
"1958","00-0029388",385,-0.0103985441204843,0.0210615034504417,-0.000945322192771301,"Deonte Thompson","BUF","WR",2018
"1959","00-0028912",331,-0.0104731548119397,0.0217332574913662,-0.000952104982903608,"Vontaze Burfict","CIN","LB",2018
"1960","00-0034302",1752,-0.0105450468050515,0.0215755818316509,-0.000958640618641045,"Frankie Luvu","NYJ","LB",2018
"1961","00-0028087",283,-0.0105492953305703,0.0204253464705525,-0.000959026848233667,"Dion Lewis","TEN","RB",2018
"1962","00-0029690",456,-0.0106675155560845,0.0202462997336387,-0.000969774141462225,"Trumaine Johnson","NYJ","DB",2018
"1963","00-0031953",957,-0.0106920525173825,0.0204670230068353,-0.0009720047743075,"Geremy Davis","LAC","WR",2018
"1964","00-0027979",251,-0.0106928857854596,0.0217990624295851,-0.00097208052595087,"Jarvis Jenkins","KC","DL",2018
"1965","00-0033891",1607,-0.0107595322918689,0.0203876756125002,-0.00097813929926081,"Zay Jones","BUF","WR",2018
"1966","00-0027029",137,-0.0108064164463002,0.0211902294640464,-0.000982401495118196,"LeSean McCoy","BUF","RB",2018
"1967","00-0029212",361,-0.0108074629794089,0.019672273804318,-0.000982496634491721,"Tahir Whitehead","OAK","LB",2018
"1968","00-0032760",1206,-0.0108301143732722,0.0204732173147409,-0.000984555852115657,"Josh Doctson","WAS","WR",2018
"1969","00-0033463",1451,-0.01083125008818,0.0215023121076987,-0.000984659098925452,"Carl Lawson","CIN","DL",2018
"1970","00-0030528",600,-0.0108625209911809,0.0206677095378215,-0.000987501908289176,"Robert Alford","ATL","DB",2018
"1971","00-0030046",497,-0.0110095248833933,0.0206872343647176,-0.0010008658984903,"Jordan Mills","BUF","OL",2018
"1972","00-0033958",1666,-0.0110293173197973,0.0216337473306693,-0.00100266521089066,"Nathan Peterman","OAK","QB",2018
"1973","00-0032786",1230,-0.0110453504630762,0.0212347883646195,-0.00100412276937057,"Marqui Christian","LA","DB",2018
"1974","00-0031713",902,-0.0111009966820693,0.0200447528993432,-0.00100918151655175,"Xavier Williams","KC","DL",2018
"1975","00-0031175",721,-0.0111157535432074,0.0209039229131803,-0.00101052304938249,"Cassius Marsh","SF","DL",2018
"1976","00-0033860",1581,-0.0111841259622102,0.0200291717168493,-0.00101673872383729,"Davon Godchaux","MIA","DL",2018
"1977","00-0032891",1260,-0.0112100128766409,0.0213819818960533,-0.00101909207969463,"Daryl Worley","OAK","DB",2018
"1978","00-0031339",784,-0.0113168074950403,0.020332303458786,-0.0010288006813673,"Donte Moncrief","JAX","WR",2018
"1979","00-0034775",1961,-0.0115116703933023,0.0208292246203866,-0.00104651549030021,"Christian Kirk","ARI","WR",2018
"1980","00-0029316",382,-0.011561541952055,0.020689305010304,-0.00105104926836863,"Kelvin Beachum","NYJ","OL",2018
"1981","00-0030780",649,-0.0116323502010355,0.0212564353493589,-0.00105748638191232,"Ryan Hewitt","IND","TE",2018
"1982","00-0028445",315,-0.0116369437358503,0.0197810037875605,-0.00105790397598639,"Ron Parker","KC","DB",2018
"1983","00-0034830",2000,-0.0116841994568728,0.0216660950599526,-0.0010621999506248,"Hayden Hurst","BAL","TE",2018
"1984","00-0028112",291,-0.011685017809262,0.0207397809026644,-0.00106227434629655,"Charles Clay","BUF","TE",2018
"1985","00-0024061",44,-0.0117423643207511,0.0202597808053794,-0.00106748766552282,"Tramon Williams","GB","DB",2018
"1986","00-0030471",581,-0.0117629504135314,0.0201328672717232,-0.00106935912850285,"Shawn Williams","CIN","DB",2018
"1987","00-0028024",267,-0.0118172638690115,0.0204718027890768,-0.00107429671536468,"Allen Bailey","KC","DL",2018
"1988","00-0034778",1964,-0.011858750617312,0.0217255191926198,-0.00107806823793745,"Carlton Davis","TB","DB",2018
"1989","00-0025405",62,-0.0118996763524718,0.0210638396038837,-0.00108178875931562,"Leon Hall","OAK","DB",2018
"1990","00-0033904",1620,-0.0120875029202572,0.0210635947469715,-0.00109886390184156,"Dion Dawkins","BUF","OL",2018
"1991","00-0029701",461,-0.0121396696317494,0.0204598778007371,-0.00110360633015904,"Ryan Tannehill","MIA","QB",2018
"1992","00-0034751",1942,-0.0125009722902146,0.0206367305564121,-0.00113645202638314,"Josh Jackson","GB","DB",2018
"1993","00-0027325",159,-0.0125227660019858,0.0222627673033439,-0.0011384332729078,"LeGarrette Blount","DET","RB",2018
"1994","00-0031547",846,-0.0128672946217401,0.0215230279061865,-0.00116975405652183,"DeVante Parker","MIA","WR",2018
"1995","00-0028092",285,-0.0129768865687165,0.0207888868123537,-0.00117971696079241,"Richard Sherman","SF","DB",2018
"1996","00-0034773",1959,-0.0130009367601319,0.0206496545357825,-0.00118190334183017,"Vita Vea","TB","DL",2018
"1997","00-0033421",1435,-0.0131772996424252,0.0211833831262948,-0.00119793633112957,"Antony Auclair","TB","TE",2018
"1998","00-0033930",1642,-0.0131804778932711,0.0214337885810166,-0.00119822526302465,"Cameron Sutton","PIT","DB",2018
"1999","00-0032222",1048,-0.0132709797835661,0.020537698904659,-0.00120645270759692,"D.J. Humphries","ARI","OL",2018
"2000","00-0027988",256,-0.0133586215495113,0.0196858262907507,-0.00121442014086467,"Marcus Gilchrist","OAK","DB",2018
"2001","00-0033292",1392,-0.0134532062836566,0.0203457497010501,-0.00122301875305969,"Trent Taylor","SF","WR",2018
"2002","00-0032875",1254,-0.0135046257416757,0.020794214284415,-0.00122769324924324,"Ken Crawley","NO","DB",2018
"2003","00-0033024",1305,-0.0135660712867502,0.021180558100176,-0.00123327920788638,"Branden Jackson","SEA","DL",2018
"2004","00-0030083",513,-0.0135763513230069,0.0210945461704268,-0.00123421375663699,"Oday Aboushi","ARI","OL",2018
"2005","00-0029931",483,-0.0137875591373883,0.0208512056373024,-0.0012534144670353,"Zach Line","NO","RB",2018
"2006","00-0034500",1862,-0.0138418895568813,0.0202076483977113,-0.00125835359608012,"Tae Davis","NYG","LB",2018
"2007","00-0034413",1829,-0.0139464424519543,0.0207858568932522,-0.00126785840472312,"Foye Oluokun","ATL","LB",2018
"2008","00-0032362",1076,-0.0141103841958145,0.0205108356361915,-0.0012827621996195,"Maurice Harris","WAS","WR",2018
"2009","00-0029889",478,-0.0141609039120231,0.0213098241462511,-0.00128735490109301,"Patrick Omameh","JAX","OL",2018
"2010","00-0034746",1939,-0.0142151694941687,0.0216508457169944,-0.00129228813583351,"Maurice Hurst","OAK","DL",2018
"2011","00-0032081",986,-0.0144915409254633,0.0213023707456134,-0.00131741281140576,"Nick Dzubnar","LAC","LB",2018
"2012","00-0032259",1066,-0.0144973037638852,0.0210993757695522,-0.00131793670580774,"Ereck Flowers","JAX","OL",2018
"2013","00-0032795",1238,-0.0146062254479775,0.0212318998290233,-0.00132783867708886,"Cody Core","CIN","WR",2018
"2014","00-0033611",1529,-0.0150583714797678,0.0214253299536703,-0.00136894286179707,"Ricky Seals-Jones","ARI","TE",2018
"2015","00-0027667",177,-0.0153368337599322,0.0207159272227844,-0.00139425761453929,"Vladimir Ducasse","BUF","OL",2018
"2016","00-0032187",1031,-0.0153852843196844,0.0195466569358413,-0.0013986622108804,"David Johnson","ARI","RB",2018
"2017","00-0034262",1731,-0.0161592883940141,0.0207775129050754,-0.00146902621763765,"P.J. Hall","OAK","DL",2018
"2018","00-0034259",1729,-0.0164398030454902,0.0205728840154336,-0.00149452754959002,"Desmond Harrison","CLE","OL",2018
"2019","00-0032149",1019,-0.0173766211597947,0.020907155037361,-0.00157969283270861,"John Miller","BUF","OL",2018
"2020","00-0032897",1264,-0.0176276000977518,0.020802428564467,-0.00160250909979561,"Derek Watt","LAC","RB",2018
"2021","00-0026982",123,-0.0178013467505546,0.0205448439669522,-0.00161830425005042,"Andre Smith","CIN","OL",2018
"2022","00-0034487",1856,-0.0182019494450547,0.0225126147702323,-0.00165472267682316,"Trent Sherfield","ARI","WR",2018
"2023","00-0034343",1769,-0.0216158624852344,0.0208348789679471,-0.00196507840774858,"Josh Rosen","ARI","QB",2018
"2024","00-0031951",956,-0.0221105856344331,0.0214649878742055,-0.00201005323949392,"James O'Shaughnessy","JAX","TE",2018
"2025","00-0028263",306,-0.0222458837947876,0.0202851501016073,-0.00202235307225341,"Andre Holmes","DEN","WR",2018
"2026","00-0034785",1969,-0.0232613865404537,0.02083124019822,-0.00211467150367761,"Mason Cole","ARI","OL",2018
"2027","00-0031045",684,-0.0250191752587328,0.0218420998909732,-0.00227447047806662,"Carlos Hyde","JAX","RB",2018
"2028","00-0022921",19,-0.0258320793623609,0.0212709865505138,-0.00234837085112372,"Larry Fitzgerald","ARI","WR",2018
