"","nfl_id","player_idx","apm","apm_sd","apm_per_play","full_name","team","position","season"
"1","00-0030506",164,0.0202688916118178,0.0171142139413726,0.00184262651016525,"Travis Kelce","KC","TE",2022
"2","00-0034272",760,0.0180516397321154,0.0167987323162891,0.00164105815746503,"Marquez Valdes-Scantling","KC","WR",2022
"3","00-0033873",645,0.0171517699877595,0.016360354770113,0.00155925181706905,"Patrick Mahomes","KC","QB",2022
"4","00-0031588",277,0.0168618721975423,0.016997805333208,0.00153289747250384,"Stefon Diggs","BUF","WR",2022
"5","00-0036623",1615,0.0148025127190041,0.0167481282584022,0.00134568297445492,"Creed Humphrey","KC","OL",2022
"6","00-0034752",901,0.0147347143276645,0.0167275978061177,0.00133951948433314,"Orlando Brown","KC","OL",2022
"7","00-0029653",112,0.0146199450892329,0.0173221258741085,0.00132908591720299,"Fletcher Cox","PHI","DL",2022
"8","00-0032391",383,0.0144784429174881,0.0163746511922202,0.00131622208340801,"Joe Thuney","KC","OL",2022
"9","00-0033109",505,0.0142942191771303,0.0168002691354755,0.00129947447064821,"Javon Hargrave","PHI","DL",2022
"10","00-0030561",167,0.0142423321864637,0.0172128211220435,0.0012947574714967,"Lane Johnson","PHI","OL",2022
"11","00-0031376",238,0.0140348607551854,0.0165327157297147,0.00127589643228959,"Jerick McKinnon","KC","RB",2022
"12","00-0036963",1785,0.013814662907674,0.0163984119665976,0.00125587844615218,"Amon-Ra St. Brown","DET","WR",2022
"13","00-0034830",945,0.013736701099973,0.017141184854312,0.00124879100908845,"Hayden Hurst","CIN","TE",2022
"14","00-0033831",633,0.0135464555461997,0.0165076705376679,0.00123149595874543,"Andrew Wylie","KC","OL",2022
"15","00-0033875",647,0.0131120688569259,0.0164964096970459,0.00119200625972053,"Haason Reddick","PHI","LB",2022
"16","00-0036231",1385,0.0129830544679958,0.0161848119234114,0.00118027767890871,"Kyle Dugger","NE","DB",2022
"17","00-0036932",1760,0.0128442599604326,0.0162895042082027,0.00116765999640296,"Micah Parsons","DAL","LB",2022
"18","00-0033857",636,0.0127818151431298,0.0163979049865802,0.00116198319482998,"JuJu Smith-Schuster","KC","WR",2022
"19","00-0036212",1371,0.0124817961336485,0.0171316866480018,0.00113470873942259,"Tua Tagovailoa","MIA","QB",2022
"20","00-0032109",327,0.0122460750834821,0.0173990747703308,0.00111327955304382,"Kwon Alexander","NYJ","LB",2022
"21","00-0036261",1408,0.0117287468333208,0.0169233550845635,0.00106624971212007,"Brandon Aiyuk","SF","WR",2022
"22","00-0033009",476,0.0114870247114325,0.016866319256498,0.00104427497376659,"Tyler Boyd","CIN","WR",2022
"23","00-0030067",137,0.0114510082495655,0.0164877708816837,0.0010410007499605,"Terron Armstead","MIA","OL",2022
"24","00-0036660",1647,0.0112387293472129,0.0164685848624934,0.00102170266792844,"Trey Smith","KC","OL",2022
"25","00-0036389",1505,0.0110583476460603,0.0165912662798737,0.00100530433146003,"Jalen Hurts","PHI","QB",2022
"26","00-0036410",1522,0.0106995350159048,0.0165263679596725,0.000972685001445893,"Tee Higgins","CIN","WR",2022
"27","00-0036613",1605,0.0102875609840455,0.0171986911417427,0.000935232816731409,"Jaylen Waddle","MIA","WR",2022
"28","00-0036220",1377,0.0102819236457973,0.0172262121226877,0.000934720331436114,"Derrick Brown","CAR","DL",2022
"29","00-0032671",428,0.0101767516074966,0.0177710646705232,0.000925159237045143,"Morgan Fox","LAC","DL",2022
"30","00-0036564",1588,0.00995369786286912,0.0164842434606364,0.000904881623897193,"Talanoa Hufanga","SF","DB",2022
"31","00-0036912",1744,0.00994956875878829,0.0167390648302588,0.000904506250798936,"DeVonta Smith","PHI","WR",2022
"32","00-0032454",406,0.00988059847391713,0.0169916953640458,0.000898236224901557,"Jayron Kearse","DAL","DB",2022
"33","00-0031938",310,0.00986068846162438,0.017016540251972,0.000896426223784034,"Carl Davis","NE","DL",2022
"34","00-0033877",649,0.00983972034280087,0.0166807805794484,0.000894520031163716,"Malik Hooker","DAL","DB",2022
"35","00-0033943",696,0.00972712214420688,0.0170301544311961,0.000884283831291534,"Josh Reynolds","DET","WR",2022
"36","00-0036376",1498,0.00971264045020261,0.0163825853140283,0.000882967313654783,"Tyler Biadasz","DAL","OL",2022
"37","00-0033466",566,0.00969750112730233,0.0168513053280277,0.000881591011572939,"Isaiah McKenzie","BUF","WR",2022
"38","00-0034373",804,0.00968032506805989,0.0162511440368362,0.000880029551641809,"Dorance Armstrong","DAL","DL",2022
"39","00-0037002",1819,0.00967553005032991,0.0163517349069327,0.000879593640939083,"Landon Dickerson","PHI","OL",2022
"40","00-0036638",1629,0.00965140246008836,0.0160986005770792,0.000877400223644397,"Darrick Forrest","WAS","DB",2022
"41","00-0034573",868,0.00959447848230418,0.0165915244586388,0.000872225316573107,"Charvarius Ward","SF","DB",2022
"42","00-0035678",1218,0.00956667385356345,0.0172164036111266,0.000869697623051223,"Dre'Mont Jones","DEN","DL",2022
"43","00-0036973",1792,0.0095560187593703,0.0171174975970808,0.000868728978124572,"Travis Etienne","JAX","RB",2022
"44","00-0037228",1897,0.00935281448121609,0.0166892774721538,0.000850255861928735,"Jaylen Warren","PIT","RB",2022
"45","00-0027857",40,0.00929692041845226,0.0169816567449649,0.00084517458349566,"Trent Williams","SF","OL",2022
"46","00-0034777",914,0.00927197038927231,0.0166537952608287,0.000842906399024756,"D.J. Chark","DET","WR",2022
"47","00-0036642",1631,0.00920715754964355,0.0170441374889798,0.000837014322694868,"Tedarrell Slaton","GB","DL",2022
"48","00-0032954",465,0.00909734925660229,0.016217446311865,0.000827031750600208,"Isaac Seumalo","PHI","OL",2022
"49","00-0037322",1975,0.00898631082880603,0.0176987788455103,0.000816937348073275,"Thayer Munford","LV","OL",2022
"50","00-0035166",1038,0.00895234337735443,0.0166655414047956,0.000813849397941312,"Azeez Al-Shaair","SF","LB",2022
"51","00-0034662",881,0.00882716691379286,0.0167057010096769,0.000802469719435715,"Joshua Kalu","TEN","DB",2022
"52","00-0033119",510,0.00875978465285158,0.0163494111819551,0.000796344059350143,"Jacoby Brissett","CLE","QB",2022
"53","00-0028129",66,0.00874297047965178,0.0161105448921708,0.000794815498150162,"Jason Kelce","PHI","OL",2022
"54","00-0033040",479,0.00870968052987446,0.0169991806680248,0.000791789139079497,"Tyreek Hill","MIA","WR",2022
"55","00-0035382",1130,0.00864137799859123,0.0171447373176994,0.000785579818053749,"Ryan Bates","BUF","OL",2022
"56","00-0036193",1362,0.0086198445355316,0.0163526627002881,0.000783622230502873,"Anfernee Jennings","NE","LB",2022
"57","00-0035140",1027,0.00857821732678685,0.0169959563007155,0.000779837938798804,"Mecole Hardman","KC","WR",2022
"58","00-0037253",1917,0.00838648361793847,0.0165200158834714,0.00076240760163077,"Marcus Jones","NE","DB",2022
"59","00-0037545",2041,0.0083641979494442,0.0170771157538184,0.000760381631767654,"Rashid Shaheed","NO","WR",2022
"60","00-0036919",1751,0.00831272342586962,0.0169044798087562,0.000755702129624511,"Kenneth Gainwell","PHI","RB",2022
"61","00-0035272",1088,0.00824203602516994,0.0169045295079746,0.000749276002288177,"Andrew Van Ginkel","MIA","LB",2022
"62","00-0034429",835,0.0082197594694289,0.0166861360724725,0.000747250860857172,"Jordan Mailata","PHI","OL",2022
"63","00-0027969",57,0.00814227836373598,0.0165815920012604,0.000740207123975998,"Cameron Heyward","PIT","DL",2022
"64","00-0037746",2093,0.00805111703781179,0.0163126587224428,0.000731919730710163,"Brian Robinson","WAS","RB",2022
"65","00-0036037",1317,0.00803323521720479,0.0169888926894947,0.000730294110654981,"Sam Franklin","CAR","DB",2022
"66","00-0035301",1104,0.00799451891868793,0.0161375460596653,0.000726774447153448,"Donovan Wilson","DAL","DB",2022
"67","00-0034847",957,0.00798704005055034,0.0165299130075979,0.000726094550050031,"Mike McGlinchey","SF","OL",2022
"68","00-0035944",1294,0.00797438458115963,0.0164078692824814,0.000724944052832693,"Jonah Williams","LA","DL",2022
"69","00-0036196",1365,0.00791664972583338,0.0164707679784233,0.000719695429621216,"Gabe Davis","BUF","WR",2022
"70","00-0036386",1502,0.00779411469823747,0.017084122727243,0.000708555881657952,"Andrew Thomas","NYG","OL",2022
"71","00-0027867",43,0.00773133914124381,0.0175021287613462,0.000702849012840346,"Jason Pierre-Paul","BAL","DL",2022
"72","00-0037834",2132,0.0077216849440067,0.0172096262896663,0.000701971358546064,"Brock Purdy","SF","QB",2022
"73","00-0033047",482,0.00768681068311235,0.0163854851264782,0.000698800971192032,"Anthony Brown","DAL","DB",2022
"74","00-0033886",657,0.00765770093185799,0.0162998943301194,0.000696154630168909,"T.J. Watt","PIT","LB",2022
"75","00-0029293",93,0.00765616903102517,0.0166019942834794,0.000696015366456834,"Marvin Jones","JAX","WR",2022
"76","00-0034857",961,0.00765408379084057,0.0165952697605773,0.000695825799167324,"Josh Allen","BUF","QB",2022
"77","00-0035535",1160,0.00756933556718655,0.0163364907284981,0.000688121415198777,"Darius Slayton","NYG","WR",2022
"78","00-0027662",34,0.00753058806952564,0.0165497542783368,0.000684598915411422,"Carlos Dunlap","KC","LB",2022
"79","00-0034805",933,0.00752605382533196,0.0173425037663101,0.000684186711393815,"John Franklin-Myers","NYJ","DL",2022
"80","00-0033512",570,0.00748435742771056,0.0164984962673022,0.000680396129791869,"Damontae Kazee","PIT","DB",2022
"81","00-0034516",861,0.00746523062937666,0.0174956464301829,0.000678657329943333,"Tre Herndon","JAX","DB",2022
"82","00-0032388",381,0.00740406057288608,0.0170172066433364,0.000673096415716916,"Deion Jones","CLE","LB",2022
"83","00-0031372",237,0.00735867911822779,0.0173598144268951,0.000668970828929799,"Bradley Roby","NO","DB",2022
"84","00-0032580",421,0.00732300691095471,0.0162447953402816,0.000665727900995883,"Jonathan Jones","NE","DB",2022
"85","00-0036976",1795,0.00728864574080497,0.0161582403656428,0.000662604158254997,"Spencer Brown","BUF","OL",2022
"86","00-0030665",175,0.00728813782950094,0.016580327475573,0.000662557984500086,"Daniel Sorensen","NO","DB",2022
"87","00-0027647",32,0.00727825766889002,0.0161989691030546,0.000661659788080911,"Devin McCourty","NE","DB",2022
"88","00-0038095",2156,0.00724434152833537,0.0164988621317505,0.000658576502575942,"Cordell Volson","CIN","OL",2022
"89","00-0033288",532,0.00724407328506402,0.0162765271053059,0.000658552116824002,"George Kittle","SF","TE",2022
"90","00-0032701",431,0.00723797047292878,0.0168468378219197,0.000657997315720798,"Jake Brendel","SF","OL",2022
"91","00-0031411",247,0.00713217193104385,0.0162874265722134,0.000648379266458532,"Demarcus Lawrence","DAL","DL",2022
"92","00-0031177",206,0.00712057817425013,0.0168828750205503,0.000647325288568194,"Brent Urban","BAL","DL",2022
"93","00-0034377",808,0.00711933019463056,0.017305360210328,0.000647211835875505,"Avonte Maddox","PHI","DB",2022
"94","00-0035718",1245,0.00702449568568325,0.0159648527080045,0.000638590516880296,"Quinnen Williams","NYJ","DL",2022
"95","00-0034775",913,0.00698518058745074,0.0166426429898241,0.000635016417040977,"Christian Kirk","JAX","WR",2022
"96","00-0035279",1094,0.00692821321257519,0.0170864981525033,0.000629837564779562,"Charles Omenihu","SF","DL",2022
"97","00-0038115",2174,0.00688499844962385,0.016849005387079,0.000625908949965804,"Daniel Bellinger","NYG","TE",2022
"98","00-0032803",450,0.00684433914204576,0.0163319365529548,0.000622212649276888,"Jalen Mills","NE","DB",2022
"99","00-0037255",1919,0.00678974286259872,0.0171046087142419,0.000617249351145339,"Dylan Parham","LV","OL",2022
"100","00-0030070",139,0.0067788969788319,0.0169538508060472,0.000616263361711991,"John Jenkins","MIA","DL",2022
"101","00-0036387",1503,0.00672501224526989,0.0181278049833064,0.00061136474956999,"Jalen Reagor","MIN","WR",2022
"102","00-0031534",257,0.00672227801340217,0.0168520236803215,0.000611116183036561,"La'el Collins","CIN","OL",2022
"103","00-0027648",33,0.00669756274666268,0.0167881208022482,0.000608869340605698,"Rodger Saffold","BUF","OL",2022
"104","00-0035717",1244,0.00668162126899401,0.0166222004838948,0.000607420115363092,"Nick Bosa","SF","DL",2022
"105","00-0036362",1485,0.00665970772831087,0.0172976689114667,0.000605427975300988,"Willie Gay","KC","LB",2022
"106","00-0036158",1346,0.00656568996736578,0.0167985726544065,0.000596880906124162,"J.K. Dobbins","BAL","RB",2022
"107","00-0036132",1337,0.00656149961322425,0.0165525084836588,0.000596499964838568,"Ben Bredeson","NYG","OL",2022
"108","00-0035679",1219,0.00654962572320776,0.0167512293643665,0.000595420520291614,"Connor McGovern","DAL","OL",2022
"109","00-0035697",1233,0.00648050745816252,0.0165056915450652,0.000589137041651138,"Germaine Pratt","CIN","LB",2022
"110","00-0033347",549,0.00647608759944801,0.0172707542022172,0.000588735236313455,"Josh Tupou","CIN","DL",2022
"111","00-0036900",1735,0.00647314504982963,0.0159430585329736,0.000588467731802694,"Ja'Marr Chase","CIN","WR",2022
"112","00-0034874",966,0.00646184264368273,0.0166962501772737,0.000587440240334793,"Roquan Smith","BAL","LB",2022
"113","00-0033874",646,0.00645339216106496,0.0165082354595755,0.000586672014642269,"Marshon Lattimore","NO","DB",2022
"114","00-0033096",501,0.00644511586213358,0.0170330129019927,0.000585919623830326,"Shaq Lawson","BUF","DL",2022
"115","00-0031555",264,0.00641635489515329,0.0165834430139622,0.000583304990468481,"Eric Rowe","MIA","DB",2022
"116","00-0033571",597,0.00638356587401087,0.0174296695252718,0.000580324170364624,"Matt Milano","BUF","LB",2022
"117","00-0036159",1347,0.00637774803384999,0.0163582314118282,0.000579795275804545,"Josh Uche","NE","LB",2022
"118","00-0035253",1075,0.00633829972098069,0.0171246553803873,0.000576209065543699,"Chauncey Gardner-Johnson","PHI","DB",2022
"119","00-0037098",1862,0.00633458612605723,0.0167821216114281,0.000575871466005202,"Samori Toure","GB","WR",2022
"120","00-0033523",571,0.00632909341254625,0.0165905688877554,0.000575372128413295,"Jonathan Allen","WAS","DL",2022
"121","00-0036288",1428,0.0063015523422438,0.0162906673197053,0.000572868394749436,"Yetur Gross-Matos","CAR","DL",2022
"122","00-0031019",189,0.00629868795792315,0.0174367370713998,0.000572607996174832,"Corey Linsley","LAC","OL",2022
"123","00-0033889",659,0.00628851639937996,0.0169038495661474,0.000571683309034542,"Cam Robinson","JAX","OL",2022
"124","00-0032445",404,0.00627528903985072,0.0170995609154538,0.000570480821804611,"Ted Karras","CIN","OL",2022
"125","00-0034159",731,0.00625558187651129,0.0171505335208395,0.000568689261501026,"Will Dissly","SEA","TE",2022
"126","00-0034796",926,0.00623413990703582,0.0164872536366728,0.000566739991548711,"Lamar Jackson","BAL","QB",2022
"127","00-0034678",887,0.00621786673157731,0.0166813815667556,0.000565260611961573,"Alex Cappa","CIN","OL",2022
"128","00-0027872",44,0.00620024597190389,0.016717068914174,0.000563658724718535,"Kareem Jackson","DEN","DB",2022
"129","00-0031585",275,0.00619901170681729,0.0160265049190473,0.000563546518801572,"MyCole Pruitt","ATL","TE",2022
"130","00-0034815",938,0.00613401925093093,0.0170906299883041,0.000557638113720994,"Fred Warner","SF","LB",2022
"131","00-0034778",915,0.00612671008935995,0.0173070925338554,0.000556973644487268,"Carlton Davis","TB","DB",2022
"132","00-0035250",1073,0.00610011105176235,0.0172249183547123,0.000554555550160214,"Devin Singletary","BUF","RB",2022
"133","00-0033084",497,0.00609565685041155,0.0166973991160075,0.000554150622764686,"Kendall Fuller","WAS","DB",2022
"134","00-0033904",671,0.00608604601659524,0.016148077923393,0.000553276910599567,"Dion Dawkins","BUF","OL",2022
"135","00-0034869",965,0.00607673383070922,0.0169335417348891,0.000552430348246292,"Sam Darnold","CAR","QB",2022
"136","00-0035240",1065,0.00606240300506805,0.0161278378401856,0.000551127545915277,"Jahlani Tavai","NE","LB",2022
"137","00-0036981",1799,0.00604923870454655,0.017160143102524,0.000549930791322414,"Christian Barmore","NE","DL",2022
"138","00-0034365",798,0.00603769193746682,0.0170509423818778,0.000548881085224256,"Ian Thomas","CAR","TE",2022
"139","00-0037612",2065,0.00603077492504146,0.0167481070408609,0.00054825226591286,"Evan Neal","NYG","OL",2022
"140","00-0031330",226,0.00601862343570041,0.0169499342566953,0.000547147585063673,"Morgan Moses","BAL","OL",2022
"141","00-0036331",1461,0.00598902896937368,0.0167883771186269,0.000544457179033971,"Devin Duvernay","BAL","WR",2022
"142","00-0035341",1115,0.00597596734864689,0.0177049440857324,0.000543269758967899,"Trenton Irwin","CIN","WR",2022
"143","00-0036442",1547,0.00596853552625718,0.0166452865775696,0.000542594138750652,"Joe Burrow","CIN","QB",2022
"144","00-0033902",669,0.00592261764589437,0.0172930835174443,0.000538419785990397,"Tanoh Kpassagnon","NO","DL",2022
"145","00-0034302",771,0.00591062113930161,0.0168764903803121,0.000537329194481964,"Frankie Luvu","CAR","LB",2022
"146","00-0032053",315,0.00589785597823321,0.0167120689261,0.000536168725293928,"Brandon Scherff","JAX","OL",2022
"147","00-0029592",104,0.00587598436325617,0.017056927555835,0.000534180396659652,"Kevin Zeitler","BAL","OL",2022
"148","00-0034800",929,0.00587479215415278,0.0173115634521349,0.000534072014013889,"B.J. Hill","CIN","DL",2022
"149","00-0032424",398,0.00586499414219498,0.0165510125966227,0.000533181285654089,"D.J. Reader","CIN","DL",2022
"150","00-0033106",503,0.00582811979759366,0.0159617422130606,0.000529829072508515,"Jared Goff","DET","QB",2022
"151","00-0035645",1195,0.00581637256726619,0.0169921345581551,0.000528761142478745,"Gunner Olszewski","PIT","WR",2022
"152","00-0036268",1414,0.00580066298332804,0.017500710248084,0.000527332998484368,"Laviska Shenault","CAR","WR",2022
"153","00-0036151",1343,0.00578530412617134,0.0174696978112097,0.000525936738742849,"Bryce Huff","NYJ","DL",2022
"154","00-0033280",527,0.00578042294795001,0.0163055332334558,0.000525492995268182,"Christian McCaffrey","SF","RB",2022
"155","00-0033077",495,0.00577017869037709,0.0168029931400171,0.00052456169912519,"Dak Prescott","DAL","QB",2022
"156","00-0037747",2094,0.00574710627403602,0.0169209488909574,0.000522464206730547,"Christian Matthew","ARI","DB",2022
"157","00-0028924",78,0.005730791107454,0.0176396805849223,0.000520981009768546,"Tashaun Gipson","SF","DB",2022
"158","00-0036370",1493,0.00572710747145171,0.0171138555133755,0.000520646133768338,"Joshua Kelley","LAC","RB",2022
"159","00-0034834",949,0.00570481715923614,0.0165103741544816,0.00051861974174874,"Sam Hubbard","CIN","DL",2022
"160","00-0036937",1765,0.00569799821414267,0.0164420302554533,0.000517999837649334,"Paulson Adebo","NO","DB",2022
"161","00-0031296",222,0.00563792100694399,0.0169432115544077,0.000512538273358545,"C.J. Mosley","NYJ","LB",2022
"162","00-0038121",2180,0.0056055117074397,0.016572356308322,0.000509591973403609,"Alontae Taylor","NO","DB",2022
"163","00-0034385",813,0.00558060792575957,0.0166127781064097,0.00050732799325087,"Ja'Whaun Bentley","NE","LB",2022
"164","00-0036361",1484,0.00557116904129471,0.017228282195679,0.000506469912844974,"Trevon Diggs","DAL","DB",2022
"165","00-0036563",1587,0.00555181357486112,0.0166983492153029,0.000504710324987375,"Deommodore Lenoir","SF","DB",2022
"166","00-0034345",782,0.00554902397543708,0.016426766491887,0.000504456725039735,"Frank Ragnow","DET","OL",2022
"167","00-0036222",1379,0.00554056106770271,0.0164831977520059,0.000503687369791156,"Isaiah Rodgers","IND","DB",2022
"168","00-0033901",668,0.00552491097130729,0.0167025141201657,0.000502264633755208,"Ethan Pocic","CLE","OL",2022
"169","00-0034419",832,0.00551093253593966,0.0168407331048263,0.000500993866903606,"Braxton Berrios","NYJ","WR",2022
"170","00-0035409",1140,0.0055100411226127,0.0171266882475013,0.000500912829328427,"Shy Tuttle","NO","DL",2022
"171","00-0037168",1877,0.00550043504632143,0.0166171532485149,0.000500039549665585,"Armani Rogers","WAS","TE",2022
"172","00-0036971",1790,0.00547637252826577,0.0171446409345202,0.000497852048024161,"Trevor Lawrence","JAX","QB",2022
"173","00-0035693",1229,0.00546923244322746,0.0167591187337223,0.000497202949384315,"Johnathan Abram","SEA","DB",2022
"174","00-0030083",141,0.00544589423879985,0.0165470702105853,0.00049508129443635,"Oday Aboushi","LA","OL",2022
"175","00-0033891",661,0.00543497207794794,0.0169134644104114,0.00049408837072254,"Zay Jones","JAX","WR",2022
"176","00-0035216",1048,0.00542401637315398,0.0170341118257919,0.000493092397559453,"Diontae Johnson","PIT","WR",2022
"177","00-0032759",436,0.00539442846744115,0.0164421904798764,0.000490402587949195,"Sheldon Rankins","NYJ","DL",2022
"178","00-0036953",1778,0.00531851961191514,0.0166964182856053,0.000483501782901376,"Teven Jenkins","CHI","OL",2022
"179","00-0034096",720,0.00528958960940465,0.0166007711556681,0.00048087178267315,"Emmanuel Moseley","SF","DB",2022
"180","00-0037185",1882,0.00526479088647533,0.0174759595115009,0.000478617353315939,"Raleigh Webb","NE","WR",2022
"181","00-0034983",994,0.00525733419177203,0.0165207553875282,0.000477939471979275,"Hunter Renfrow","LV","WR",2022
"182","00-0034764",908,0.00524922804525205,0.0174205394676639,0.000477202549568368,"Michael Gallup","DAL","WR",2022
"183","00-0035647",1197,0.00524853647506656,0.0165227228847728,0.000477139679551506,"Montez Sweat","WAS","DL",2022
"184","00-0036874",1713,0.00524050274001251,0.0165857070037151,0.000476409340001137,"Patrick Surtain","DEN","DB",2022
"185","00-0033895",665,0.00523275253363383,0.0163686508091356,0.000475704775784893,"Gerald Everett","LAC","TE",2022
"186","00-0031935",308,0.00520304837397234,0.0168085684378638,0.000473004397633849,"Preston Smith","GB","LB",2022
"187","00-0032381",375,0.00519340545136866,0.0167661372320977,0.000472127768306242,"Taylor Decker","DET","OL",2022
"188","00-0033281",528,0.00516618204499365,0.0159255399629614,0.000469652913181241,"Marlon Humphrey","BAL","DB",2022
"189","00-0032890",454,0.00515665658535324,0.0161718890060938,0.00046878696230484,"James Bradberry","PHI","DB",2022
"190","00-0034854",958,0.00510658631379028,0.0170295419596049,0.00046423511943548,"KhaDarel Hodge","ATL","WR",2022
"191","00-0038041",2146,0.00508802276161175,0.0167821994999048,0.000462547523782886,"Jake Ferguson","DAL","TE",2022
"192","00-0036501",1561,0.0050685576502647,0.0168780464403873,0.000460777968205882,"Michael Carter","NYJ","DB",2022
"193","00-0036880",1718,0.0050596886705592,0.0167423983832776,0.000459971697323563,"Penei Sewell","DET","OL",2022
"194","00-0031402",244,0.00505452967140792,0.0173396045543783,0.00045950269740072,"Zack Martin","DAL","OL",2022
"195","00-0033697",615,0.0050400567609851,0.0162045387226898,0.000458186978271373,"Michael Davis","LAC","DB",2022
"196","00-0033221",522,0.00500191518543837,0.0166009633264571,0.000454719562312579,"Daniel Brunskill","SF","OL",2022
"197","00-0038133",2191,0.00500104997625781,0.0161364449618754,0.000454640906932528,"Boye Mafe","SEA","LB",2022
"198","00-0036553",1578,0.00499013921077825,0.0166805408028973,0.000453649019161659,"Carlos Basham","BUF","DL",2022
"199","00-0032379",373,0.00498644414613549,0.0168651416770634,0.000453313104194136,"Eli Apple","CIN","DB",2022
"200","00-0037639",2075,0.00498132230475607,0.0170522344644923,0.000452847482250552,"William Kwenkeu","MIN","LB",2022
"201","00-0034779",916,0.00497908285146685,0.0168367874993546,0.000452643895587895,"Ronnie Harrison","CLE","DB",2022
"202","00-0036412",1524,0.00497182118803805,0.0173512778267522,0.000451983744367096,"K.J. Hamler","DEN","WR",2022
"203","00-0030946",186,0.00495830865664231,0.0169071342989777,0.000450755332422029,"Kerry Hyder","SF","DL",2022
"204","00-0034473",848,0.00493578153585265,0.0171826575924108,0.000448707412350241,"Dennis Gardeck","ARI","LB",2022
"205","00-0036736",1668,0.00493430419326827,0.0164408931070481,0.000448573108478934,"Kayode Awosika","DET","OL",2022
"206","00-0036345",1473,0.00493406864285635,0.0162036804536973,0.000448551694805123,"K.J. Osborn","MIN","WR",2022
"207","00-0032164",344,0.00490700273995239,0.0172645329837421,0.00044609115817749,"Arik Armstead","SF","DL",2022
"208","00-0031547",260,0.00486345235891743,0.0169494655868383,0.000442132032628858,"DeVante Parker","NE","WR",2022
"209","00-0034333",776,0.00486210233348805,0.0162494275026687,0.000442009303044368,"Daron Payne","WAS","DL",2022
"210","00-0037289",1949,0.00484455119059767,0.0173090352360146,0.000440413744599788,"Malcolm Rodriguez","DET","LB",2022
"211","00-0034383",811,0.00483189423735725,0.0163320562493051,0.000439263112487023,"Dalton Schultz","DAL","TE",2022
"212","00-0031587",276,0.00483080299320201,0.0166430805769901,0.00043916390847291,"Bobby McCain","WAS","DB",2022
"213","00-0035061",1012,0.00481744101849449,0.0170481076283982,0.000437949183499499,"Alex Bars","LV","OL",2022
"214","00-0037195",1888,0.00481543091100773,0.0169728525506337,0.000437766446455248,"Jaylen Watson","KC","DB",2022
"215","00-0031101",201,0.00473931325632323,0.0167686112844158,0.000430846659665748,"Shaquil Barrett","TB","LB",2022
"216","00-0038124",2183,0.00472837251492522,0.0165834725591421,0.000429852046811383,"Christian Watson","GB","WR",2022
"217","00-0031253",211,0.00472647013915987,0.0165745442759724,0.000429679103559988,"K'Waun Williams","DEN","DB",2022
"218","00-0029419",97,0.00472245382840656,0.0165343161249921,0.000429313984400596,"Dennis Kelly","IND","OL",2022
"219","00-0034418",831,0.00471249623205958,0.0167656412407568,0.000428408748369052,"Cedrick Wilson","MIA","WR",2022
"220","00-0033066",492,0.00471116647968383,0.017508097276395,0.000428287861789439,"Andrew Billings","LV","DL",2022
"221","00-0031936",309,0.00469689500721826,0.0165478156955147,0.00042699045520166,"Mitch Morse","BUF","OL",2022
"222","00-0034440",842,0.00469197832745233,0.0173103296961825,0.000426543484313848,"Justin Jackson","DET","RB",2022
"223","00-0037756",2100,0.0046840250224463,0.0156289983295705,0.000425820456586027,"Travis Jones","BAL","DL",2022
"224","00-0030411",157,0.00468280882074255,0.0166799012288659,0.000425709892794777,"Logan Ryan","TB","DB",2022
"225","00-0036166",1351,0.0046807056947251,0.0160394698991889,0.000425518699520464,"Dane Jackson","BUF","DB",2022
"226","00-0034281",765,0.00466912580435213,0.0166483126223867,0.00042446598221383,"Bradley Bozeman","CAR","OL",2022
"227","00-0036294",1433,0.00466228981616636,0.0168378199660806,0.000423844528742397,"Logan Wilson","CIN","LB",2022
"228","00-0034829",944,0.00463879917157027,0.0172731715639643,0.000421709015597298,"Mike Gesicki","MIA","TE",2022
"229","00-0036330",1460,0.00462226031558687,0.0166600938586549,0.00042020548323517,"Cameron Dantzler","MIN","DB",2022
"230","00-0036343",1471,0.00459759899450896,0.017349257994861,0.00041796354495536,"Khaleke Hudson","WAS","LB",2022
"231","00-0036351",1477,0.00459441497357513,0.0168987106759743,0.00041767408850683,"James Smith-Williams","WAS","DL",2022
"232","00-0032980",474,0.00458773982425754,0.017024811396146,0.000417067256750685,"Marcus Johnson","NYG","WR",2022
"233","00-0030068",138,0.00458248956141011,0.0169607092886311,0.000416589960128192,"Marquise Goodwin","SEA","WR",2022
"234","00-0037242",1906,0.00456736768426757,0.0167514014387446,0.000415215244024324,"Kaiir Elam","BUF","DB",2022
"235","00-0033123",512,0.00452763489580739,0.017313214742458,0.000411603172346126,"Yannick Ngakoue","IND","DL",2022
"236","00-0032463",408,0.00452379683834082,0.0169696252166716,0.000411254258030984,"Kyle Peko","LV","DL",2022
"237","00-0032197",349,0.00452295018256253,0.0179992898087353,0.000411177289323866,"Randy Gregory","DEN","DL",2022
"238","00-0033064",490,0.00452178375790348,0.0173290847641656,0.000411071250718498,"Adam Gotsis","JAX","DL",2022
"239","00-0036411",1523,0.00450588126463324,0.016884175798301,0.000409625569512112,"Antoine Winfield","TB","DB",2022
"240","00-0032939",460,0.00449663598570864,0.0167502822403394,0.000408785089609876,"Vonn Bell","CIN","DB",2022
"241","00-0031345",227,0.00446146955365501,0.0164969273684924,0.000405588141241365,"Jimmy Garoppolo","SF","QB",2022
"242","00-0032378",372,0.00445592692218339,0.0162890698362273,0.000405084265653036,"DeForest Buckner","IND","DL",2022
"243","00-0029607",108,0.00445463327393794,0.0167174315657016,0.000404966661267086,"Demario Davis","NO","LB",2022
"244","00-0034929",973,0.00444392490513857,0.0163625926424747,0.000403993173194415,"Quinn Bailey","DEN","OL",2022
"245","00-0033357",550,0.00442936507983021,0.0169870643276471,0.000402669552711838,"Taysom Hill","NO","TE",2022
"246","00-0033283",530,0.00442243619298707,0.0171655504091112,0.000402039653907915,"Tyus Bowser","BAL","LB",2022
"247","00-0036507",1566,0.00439760048380974,0.0164446405628267,0.000399781862164522,"Michael Dwumfour","SF","DL",2022
"248","00-0034285",766,0.00438826675850091,0.0162405845461771,0.000398933341681901,"Zach Sieler","MIA","DL",2022
"249","00-0034384",812,0.00437706563546538,0.0166443817231802,0.00039791505776958,"D.J. Reed","NYJ","DB",2022
"250","00-0036479",1554,0.0043590571156774,0.0175264857419375,0.000396277919607036,"Kwity Paye","IND","DL",2022
"251","00-0035699",1235,0.00433847354591334,0.0158794222378352,0.000394406685992121,"Jamel Dean","TB","DB",2022
"252","00-0034165",737,0.004272082987201,0.016753670972327,0.000388371180654636,"Colby Gossett","ATL","OL",2022
"253","00-0036233",1387,0.00424651140001476,0.0164469874784318,0.000386046490910432,"Donovan Peoples-Jones","CLE","WR",2022
"254","00-0035259",1078,0.00421847154656295,0.0170050990376672,0.000383497413323904,"Trevon Wesco","CHI","TE",2022
"255","00-0036360",1483,0.00420857880313485,0.0162189790355335,0.000382598073012259,"Clyde Edwards-Helaire","KC","RB",2022
"256","00-0034161",733,0.00417887150523798,0.0181039604928668,0.000379897409567089,"Daniel Carlson","LV","K",2022
"257","00-0037010",1827,0.00417698362412829,0.0165535008751352,0.000379725784011663,"Liam Eichenberg","MIA","OL",2022
"258","00-0034487",850,0.00417417407234902,0.0170205613622921,0.000379470370213548,"Trent Sherfield","MIA","WR",2022
"259","00-0033156",518,0.00414281223810615,0.0175963307313192,0.000376619294373287,"Joey Bosa","LAC","LB",2022
"260","00-0037238",1902,0.00413714928175841,0.0173658945018508,0.000376104480159855,"Drake London","ATL","WR",2022
"261","00-0037447",2013,0.00413156968283335,0.0164338683585094,0.000375597243893941,"Tomon Fox","NYG","LB",2022
"262","00-0025565",9,0.00412490371656108,0.0178489352531281,0.000374991246960098,"Nick Folk","NE","K",2022
"263","00-0033885",656,0.00412313741929835,0.0165293800404318,0.000374830674481669,"David Njoku","CLE","TE",2022
"264","00-0037243",1907,0.00412152422738373,0.0166553816657187,0.000374684020671248,"Tyler Smith","DAL","OL",2022
"265","00-0035547",1165,0.00411781353378067,0.0178166643327163,0.000374346684889151,"Joe Fortson","KC","TE",2022
"266","00-0037275",1938,0.00411074600648422,0.0167742858259842,0.000373704182407656,"Daron Bland","DAL","DB",2022
"267","00-0034160",732,0.00409502101992654,0.0171601179429642,0.00037227463817514,"Michael Dickson","SEA","P",2022
"268","00-0035308",1107,0.00407665943940256,0.017732737463916,0.000370605403582051,"Tommy Sweeney","BUF","TE",2022
"269","00-0036380",1500,0.00405181047284668,0.0165599384339669,0.000368346406622426,"Alohi Gilman","LAC","DB",2022
"270","00-0037742",2089,0.00403915759129981,0.0167306204148627,0.000367196144663619,"Treylon Burks","TEN","WR",2022
"271","00-0036741",1669,0.00401648903798355,0.0158753216498772,0.000365135367089413,"Jack Stoll","PHI","TE",2022
"272","00-0038038",2143,0.00401494313644271,0.0160880547212272,0.000364994830585701,"Kyle Hamilton","BAL","DB",2022
"273","00-0031898",302,0.00400977625518267,0.0165664007142627,0.000364525114107515,"Alex Singleton","DEN","LB",2022
"274","00-0036281",1423,0.00400525589674379,0.0165747362386518,0.000364114172431254,"C.J. Henderson","CAR","DB",2022
"275","00-0026858",25,0.00398668564951955,0.0175530581468529,0.000362425968138141,"Graham Gano","NYG","K",2022
"276","00-0035629",1182,0.00398274617607215,0.0167221755584975,0.000362067834188377,"Jonah Williams","CIN","OL",2022
"277","00-0037320",1973,0.00398060606965453,0.0174660610430741,0.000361873279059503,"Deane Leonard","LAC","DB",2022
"278","00-0030064",136,0.00397268457404493,0.0173854893834831,0.000361153143094994,"Jon Bostic","WAS","LB",2022
"279","00-0035261",1080,0.0039652949248905,0.0167541796730578,0.000360481356808227,"Tony Pollard","DAL","RB",2022
"280","00-0036246",1395,0.00396133228630148,0.0164044826736629,0.000360121116936498,"Jon Runyan","GB","OL",2022
"281","00-0037666",2083,0.00394836880156658,0.0171480988724545,0.000358942618324234,"Jalen Tolbert","DAL","WR",2022
"282","00-0032496",411,0.00394110007386462,0.0169100182807258,0.000358281824896783,"Matthias Farley","LV","DB",2022
"283","00-0036551",1576,0.00394058421950539,0.0161626012311638,0.000358234929045944,"Aaron Banks","SF","OL",2022
"284","00-0034407",826,0.00393724094308711,0.0171323921076585,0.000357930994826101,"Ray-Ray McCloud","SF","WR",2022
"285","00-0024243",8,0.00393310038216978,0.0168824171678071,0.000357554580197253,"Marcedes Lewis","GB","TE",2022
"286","00-0037256",1920,0.00393268466598282,0.0171347606886018,0.00035751678781662,"Rachaad White","TB","RB",2022
"287","00-0033461",564,0.00392044903260045,0.0168464858396971,0.000356404457509132,"Raekwon McMillan","NE","LB",2022
"288","00-0035526",1155,0.00391523849551958,0.0164608545386619,0.000355930772319962,"Elgton Jenkins","GB","OL",2022
"289","00-0033393",556,0.00391384568575013,0.0166373040041665,0.000355804153250012,"Kenny Moore","IND","DB",2022
"290","00-0029959",128,0.00390263562328938,0.0171729221468133,0.000354785056662671,"Carson Tinker","SEA","LS",2022
"291","00-0038100",2161,0.00389302065279539,0.0177456780887929,0.000353910968435945,"Percy Butler","WAS","DB",2022
"292","00-0033729",620,0.00388140076453517,0.0170310887209577,0.000352854614957743,"Cameron Johnston","HOU","P",2022
"293","00-0031404",245,0.0038781468972528,0.0161843449736771,0.000352558808841164,"Adrian Phillips","NE","DB",2022
"294","00-0036895",1730,0.00386907349480393,0.0170759674558061,0.000351733954073084,"Elerson Smith","NYG","LB",2022
"295","00-0036358",1482,0.00386274914813909,0.0165388036228816,0.00035115901346719,"CeeDee Lamb","DAL","WR",2022
"296","00-0031270",217,0.00384939911775175,0.0161460789659977,0.000349945374341068,"Shelby Harris","SEA","DL",2022
"297","00-0031544",258,0.00381635539098007,0.0163398159831462,0.000346941399180006,"Amari Cooper","CLE","WR",2022
"298","00-0036036",1316,0.00379637474369443,0.0163676579926845,0.000345124976699493,"Terence Steele","DAL","OL",2022
"299","00-0034351",787,0.00379021553368126,0.0164393144144183,0.000344565048516478,"Dallas Goedert","PHI","TE",2022
"300","00-0037190",1883,0.00378243235966607,0.017461302192633,0.00034385748724237,"Ahmad Gardner","NYJ","DB",2022
"301","00-0035687",1225,0.00378242348030897,0.0162063759447826,0.000343856680028088,"Bobby Okereke","IND","LB",2022
"302","00-0036829",1684,0.00377897068789096,0.0172729958428425,0.000343542789808269,"Caleb Huntley","ATL","RB",2022
"303","00-0030062",134,0.00377333287476175,0.0161379314619012,0.000343030261341977,"Darius Slay","PHI","DB",2022
"304","00-0034785",919,0.00375504410573469,0.016507545236091,0.00034136764597588,"Mason Cole","PIT","OL",2022
"305","00-0031408",246,0.00374816932079414,0.016709841103311,0.00034074266552674,"Mike Evans","TB","WR",2022
"306","00-0037295",1952,0.00373652997169323,0.0158671956152008,0.000339684542881203,"Jamaree Salyer","LAC","OL",2022
"307","00-0033868",640,0.00373234512695604,0.0163382032277769,0.000339304102450549,"Myles Garrett","CLE","DL",2022
"308","00-0028872",75,0.00371705117732461,0.0170850606899317,0.000337913743393147,"Johnny Hekker","CAR","P",2022
"309","00-0032781",447,0.00371642033632379,0.0174782477368435,0.000337856394211254,"Matt Ioannidis","CAR","DL",2022
"310","00-0033463",565,0.0037134395781948,0.0166841008580121,0.000337585416199528,"Carl Lawson","NYJ","DL",2022
"311","00-0036275",1419,0.0037049197416737,0.017597247913196,0.0003368108856067,"D'Andre Swift","DET","RB",2022
"312","00-0031256",213,0.00370344648928854,0.0167331367070621,0.000336676953571685,"Anthony Barr","DAL","LB",2022
"313","00-0036214",1373,0.00370177159718163,0.0166774343840769,0.000336524690652876,"Tyre Phillips","NYG","OL",2022
"314","00-0031596",279,0.00369205303207393,0.0162385127234936,0.000335641184733994,"David Mayo","WAS","LB",2022
"315","00-0034994",1000,0.00369101884480495,0.0164679000391303,0.000335547167709541,"Olisaemeka Udoh","MIN","OL",2022
"316","00-0034801",930,0.00366930784866847,0.0171454342988287,0.000333573440788042,"Josh Woods","DET","LB",2022
"317","00-0035655",1201,0.00366900432441793,0.0166730638963022,0.000333545847674358,"Will Harris","DET","DB",2022
"318","00-0037258",1922,0.00365508127825824,0.0168495173596311,0.000332280116205295,"Dameon Pierce","HOU","RB",2022
"319","00-0036716",1664,0.00364672094995198,0.0166451485877496,0.000331520086359271,"Amen Ogbongbemiga","LAC","LB",2022
"320","00-0032195",348,0.00364455832643979,0.0173056856770763,0.000331323484221799,"Ronald Darby","DEN","DB",2022
"321","00-0035562",1166,0.00364212398350152,0.0168788117878945,0.00033110218031832,"Jesper Horsted","LV","TE",2022
"322","00-0034465",846,0.00364154935333778,0.0173267971018697,0.000331049941212526,"Jeremy Reaves","WAS","DB",2022
"323","00-0027224",30,0.00364105826833387,0.0168383107738348,0.00033100529712126,"Jonathan Weeks","HOU","LS",2022
"324","00-0031298",223,0.00363754364254197,0.0168469452296611,0.000330685785685634,"Jimmie Ward","SF","DB",2022
"325","00-0035676",1216,0.00363219159988984,0.0159508502256509,0.000330199236353622,"A.J. Brown","PHI","WR",2022
"326","00-0036550",1575,0.00362670233018171,0.0171306233408457,0.0003297002118347,"Rashod Bateman","BAL","WR",2022
"327","00-0036633",1624,0.00362570619450848,0.0168612178498872,0.000329609654046226,"Caden Sterns","DEN","DB",2022
"328","00-0035707",1240,0.00362419953797697,0.0165166946589794,0.000329472685270634,"Devin White","TB","LB",2022
"329","00-0031957",313,0.00360397290110597,0.0158800802520496,0.000327633900100543,"Rakeem Nunez-Roches","TB","DL",2022
"330","00-0032637",423,0.00359165691388596,0.0172548000200595,0.000326514264898724,"Andrew Adams","TEN","DB",2022
"331","00-0035269",1086,0.0035909477321409,0.016794032926176,0.000326449793830991,"Matt Gay","LA","K",2022
"332","00-0037821",2121,0.00358656572525159,0.0169627957000512,0.000326051429568327,"Charles Cross","SEA","OL",2022
"333","00-0036383",1501,0.00357961452511538,0.0181003251465521,0.000325419502283216,"Eno Benjamin","NO","RB",2022
"334","00-0036866",1708,0.00357294142084943,0.0164858544017382,0.000324812856440857,"James Hudson","CLE","OL",2022
"335","00-0037304",1961,0.0035498832897257,0.0163493785434431,0.000322716662702337,"Connor Heyward","PIT","TE",2022
"336","00-0031947",312,0.00354186292743952,0.0165578147456626,0.000321987538858138,"Tyeler Davison","LAC","DL",2022
"337","00-0034368",801,0.00353359137499943,0.0161739992318649,0.000321235579545403,"Josey Jewell","DEN","LB",2022
"338","00-0034982",993,0.0035285000968701,0.0162086560937194,0.0003207727360791,"Dre Greenlaw","SF","LB",2022
"339","00-0032217",357,0.00351149523730716,0.0165134745536171,0.000319226839755197,"Donovan Smith","TB","OL",2022
"340","00-0035144",1030,0.0034962652361904,0.0172699071803281,0.000317842294199127,"Mack Wilson","NE","LB",2022
"341","00-0032762",437,0.00349619941337503,0.0171844852447151,0.00031783631030682,"Chris Jones","KC","DL",2022
"342","00-0034968",984,0.00349020650413741,0.0170368311082806,0.000317291500376128,"Darnell Savage","GB","DB",2022
"343","00-0034791",923,0.00348433067501734,0.0165112396384605,0.000316757334092486,"Nick Chubb","CLE","RB",2022
"344","00-0031581",272,0.00346647171932093,0.0161568900821246,0.000315133792665539,"Mark Glowinski","NYG","OL",2022
"345","00-0036414",1526,0.00346458036618407,0.0174974469335229,0.000314961851471279,"Cam Akers","LA","RB",2022
"346","00-0033120",511,0.00346438316424287,0.016480183319189,0.000314943924022079,"Kenny Clark","GB","DL",2022
"347","00-0036942",1769,0.00346230049787522,0.0163390710193299,0.000314754590715929,"Osa Odighizuwa","DAL","DL",2022
"348","00-0038094",2155,0.00344226187095434,0.0170166534128973,0.000312932897359486,"Jordan Stout","BAL","P",2022
"349","00-0034521",862,0.00342950546990725,0.0162198573851907,0.000311773224537022,"Allen Lazard","GB","WR",2022
"350","00-0034381",809,0.00342649157520022,0.0160893099353787,0.000311499234109111,"Josh Sweat","PHI","DL",2022
"351","00-0030387",155,0.0034238177050421,0.0177878904097398,0.000311256155003828,"Steven Means","BAL","LB",2022
"352","00-0036522",1570,0.00341853985435142,0.0173109331439476,0.000310776350395583,"Devery Hamilton","NYG","OL",2022
"353","00-0037814",2115,0.00341329833502802,0.0165134386021525,0.000310299848638911,"Luke Fortner","JAX","OL",2022
"354","00-0034673",882,0.00341228825637881,0.0167404317059918,0.000310208023307164,"Tremaine Edmunds","BUF","LB",2022
"355","00-0036417",1529,0.00341217027476323,0.0164452948392867,0.000310197297705749,"Damien Lewis","SEA","OL",2022
"356","00-0034540",865,0.00341208453904394,0.0168203251581522,0.000310189503549449,"Tony Brown","IND","DB",2022
"357","00-0037812",2113,0.00340407038011692,0.0168078085185544,0.000309460943646993,"Abraham Lucas","SEA","OL",2022
"358","00-0036619",1611,0.00340230850335504,0.0171156283527502,0.000309300773032276,"Dillon Radunz","TEN","OL",2022
"359","00-0032151",341,0.0033926643802637,0.0162417967737918,0.000308424034569427,"Jon Feliciano","NYG","OL",2022
"360","00-0036666",1651,0.00338577618714015,0.0163033367409695,0.000307797835194559,"Shaka Toney","WAS","DL",2022
"361","00-0036130",1336,0.00338181285422898,0.0168604537084816,0.000307437532202634,"Justin Madubuike","BAL","DL",2022
"362","00-0036050",1321,0.00336101392805787,0.0171781322378719,0.000305546720732534,"Benning Potoa'e","WAS","DL",2022
"363","00-0030459",161,0.00335839203735623,0.0168997156189038,0.000305308367032385,"Tyrann Mathieu","NO","DB",2022
"364","00-0036322",1453,0.00335281824037419,0.0166889184191201,0.000304801658215836,"Justin Jefferson","MIN","WR",2022
"365","00-0032146",338,0.0033272192562025,0.0163865911687259,0.000302474477836591,"Bud Dupree","TEN","LB",2022
"366","00-0028171",67,0.00330774664471761,0.016358937128917,0.000300704240428873,"Lawrence Guy","NE","DL",2022
"367","00-0034794",925,0.00329474574039963,0.0179698505554455,0.00029952234003633,"Jason Sanders","MIA","K",2022
"368","00-0035710",1242,0.0032821931030135,0.0160888160623028,0.000298381191183045,"Daniel Jones","NYG","QB",2022
"369","00-0035681",1221,0.00328186753148613,0.0165512666077286,0.000298351593771466,"Mike Edwards","TB","DB",2022
"370","00-0032415",394,0.00327131974124303,0.0161411841949046,0.000297392703749366,"Matt Judon","NE","LB",2022
"371","00-0034374",805,0.00326984507883098,0.0167708796646834,0.000297258643530089,"Jordan Whitehead","NYJ","DB",2022
"372","00-0035125",1023,0.00326776191795506,0.0165273332649691,0.000297069265268641,"Alec Ingold","MIA","RB",2022
"373","00-0036988",1805,0.00325623688770917,0.0160765089710049,0.000296021535246288,"Josh Palmer","LAC","WR",2022
"374","00-0033536",575,0.00325617706464644,0.0169434062549685,0.00029601609678604,"Mike Williams","LAC","WR",2022
"375","00-0037826",2125,0.00325202550426548,0.017031435181448,0.000295638682205953,"Drake Jackson","SF","DL",2022
"376","00-0036199",1367,0.00324796533694775,0.0160777373481336,0.000295269576086159,"Geno Stone","BAL","DB",2022
"377","00-0035408",1139,0.00324765441183394,0.0169343975735358,0.000295241310166722,"Nick Moore","BAL","LS",2022
"378","00-0030114",147,0.00324600298901258,0.016897661579788,0.000295091180819325,"Jordan Poyer","BUF","DB",2022
"379","00-0035365",1127,0.0032436976540627,0.0178667988466425,0.000294881604914791,"Tae Hayes","NE","DB",2022
"380","00-0035231",1057,0.0032263463053049,0.0165079683111165,0.000293304209573173,"Christian Wilkins","MIA","DL",2022
"381","00-0035588",1169,0.00322111917137169,0.0166519945550469,0.000292829015579245,"Garrett Bradbury","MIN","OL",2022
"382","00-0037457",2015,0.00321393421746742,0.0175425417909632,0.000292175837951583,"Jake Hansen","HOU","LB",2022
"383","00-0037493",2027,0.00319778533530927,0.0178287986020299,0.000290707757755388,"Mike Brown","TEN","DB",2022
"384","00-0035402",1137,0.00319157215908754,0.0167291303867487,0.000290142923553413,"Carl Granderson","NO","DL",2022
"385","00-0034674",883,0.00318897139507369,0.0168708314315865,0.000289906490461244,"Leighton Vander Esch","DAL","LB",2022
"386","00-0035640",1191,0.00318556006725754,0.0162200197012666,0.000289596369750686,"DK Metcalf","SEA","WR",2022
"387","00-0035654",1200,0.00315589861534193,0.0175954759357378,0.000286899874121994,"Chase Winovich","CLE","DL",2022
"388","00-0036577",1597,0.00315415030807721,0.0175394083038771,0.000286740937097928,"Jack Anderson","NYG","OL",2022
"389","00-0035330",1113,0.00314310279466527,0.0172941462945769,0.000285736617696842,"Anthony Pittman","DET","LB",2022
"390","00-0031389",243,0.00314309593767704,0.0173618966275907,0.000285735994334276,"Lamarcus Joyner","NYJ","DB",2022
"391","00-0029685",117,0.00314260278581906,0.0164729151412099,0.000285691162347187,"Greg Van Roten","BUF","OL",2022
"392","00-0032521",414,0.00314061934081129,0.0167420680937647,0.000285510849164662,"Mike Hilton","CIN","DB",2022
"393","00-0037817",2118,0.00313577983451005,0.0170962118968016,0.000285070894046368,"Zach Tom","GB","OL",2022
"394","00-0036997",1814,0.00312571022665838,0.0173079608234503,0.000284155475150762,"Javonte Williams","DEN","RB",2022
"395","00-0034386",814,0.00312428338983713,0.0165400066453448,0.000284025762712466,"Justin Watson","KC","WR",2022
"396","00-0034750",899,0.00311534932423359,0.0175398119615699,0.000283213574930326,"Rashaad Penny","SEA","RB",2022
"397","00-0036964",1786,0.0030968235088617,0.0166137574155816,0.000281529409896518,"Derrick Barnes","DET","LB",2022
"398","00-0034587",871,0.00308359350302366,0.0170453109545528,0.00028032668209306,"Abdullah Anderson","ATL","DL",2022
"399","00-0029709",120,0.00307834194321673,0.0172829762095321,0.000279849267565158,"Ty Nsekhe","LA","OL",2022
"400","00-0036338",1468,0.0030759847527764,0.0165356729039638,0.000279634977525128,"Troy Dye","MIN","LB",2022
"401","00-0030827",182,0.00305134301666808,0.0169154378411532,0.000277394819697098,"Tyler Shatley","JAX","OL",2022
"402","00-0033925",685,0.00303863551113826,0.0164551026352397,0.00027623959192166,"D'Onta Foreman","CAR","RB",2022
"403","00-0037332",1982,0.00302565670680926,0.0170790037422345,0.000275059700619023,"D'Anthony Bell","CLE","DB",2022
"404","00-0032162",343,0.00302427465680308,0.0158073529974899,0.000274934059709371,"T.Y. McGill","SF","DL",2022
"405","00-0033529",574,0.00302034134619717,0.016599543097449,0.000274576486017925,"Chase Roullier","WAS","OL",2022
"406","00-0036349",1476,0.00300849690123591,0.0168049204744006,0.000273499718294173,"Kamren Curl","WAS","DB",2022
"407","00-0029562",101,0.00299562598948934,0.0163976525710282,0.000272329635408122,"Lavonte David","TB","LB",2022
"408","00-0037006",1823,0.00298578069190301,0.0171555037078759,0.000271434608354819,"Wyatt Davis","NYG","OL",2022
"409","00-0036325",1455,0.00297911545220873,0.0159784800466441,0.000270828677473521,"Robert Hunt","MIA","OL",2022
"410","00-0036262",1409,0.00297513892564324,0.0156881028040327,0.000270467175058476,"Davon Hamilton","JAX","DL",2022
"411","00-0036271",1415,0.00293865316457033,0.0159404021110451,0.000267150287688212,"Quez Watkins","PHI","WR",2022
"412","00-0035946",1295,0.00292743416366547,0.016951871350132,0.000266130378515043,"Myles Adams","SEA","DL",2022
"413","00-0033526",573,0.00290288365902608,0.0165883278677682,0.000263898514456917,"Samaje Perine","CIN","RB",2022
"414","00-0027966",56,0.00287944888437008,0.0173808823039429,0.00026176808039728,"Mark Ingram","NO","RB",2022
"415","00-0033905",672,0.0028664900670721,0.0166405464111754,0.000260590006097463,"Larry Ogunjobi","PIT","DL",2022
"416","00-0035247",1070,0.00285605477003848,0.0164522402020646,0.000259641342730771,"Trysten Hill","ARI","DL",2022
"417","00-0035630",1183,0.00285504755185985,0.0166231221863664,0.000259549777441804,"Chris Lindstrom","ATL","OL",2022
"418","00-0036267",1413,0.00284429189577315,0.0164231780572336,0.000258571990524832,"Jedrick Wills","CLE","OL",2022
"419","00-0026027",13,0.00284064072390566,0.0179629521015445,0.000258240065809606,"J.J. Jansen","CAR","LS",2022
"420","00-0037057",1838,0.0028364549477681,0.0170725049458531,0.000257859540706191,"Keir Thomas","LA","LB",2022
"421","00-0037247",1911,0.00282950185804924,0.0168089335405509,0.00025722744164084,"George Pickens","PIT","WR",2022
"422","00-0030140",148,0.00281823633539203,0.0174991790630673,0.000256203303217458,"Tress Way","WAS","P",2022
"423","00-0035719",1246,0.00281739633012842,0.0162994286002313,0.000256126939102584,"Deebo Samuel","SF","WR",2022
"424","00-0034993",999,0.00280656242459392,0.016682849966172,0.000255142038599447,"Marcus Epps","PHI","DB",2022
"425","00-0036265",1411,0.00280453471179882,0.0164560394857318,0.00025495770107262,"A.J. Dillon","GB","RB",2022
"426","00-0036622",1614,0.00280179431028162,0.016561510844865,0.000254708573661965,"Josh Myers","GB","OL",2022
"427","00-0033881",653,0.00279966616500443,0.0166844617204481,0.000254515105909493,"Evan Engram","JAX","TE",2022
"428","00-0032401",389,0.00278811262746521,0.017248474264338,0.000253464784315019,"De'Vondre Campbell","GB","LB",2022
"429","00-0033947",698,0.00278560042388343,0.0168009747176903,0.000253236402171221,"Deatrich Wise","NE","DL",2022
"430","00-0030063",135,0.00277901729114531,0.0171992330828755,0.000252637935558665,"Johnathan Hankins","DAL","DL",2022
"431","00-0037662",2079,0.00276245869970507,0.0173054030209042,0.000251132609064098,"C.J. Brewer","BUF","DL",2022
"432","00-0032942",461,0.00276154871729917,0.0173062342083423,0.000251049883390834,"Kevon Seymour","BAL","DB",2022
"433","00-0034399",823,0.002760993144178,0.0166132972002617,0.000250999376743454,"Wyatt Teller","CLE","OL",2022
"434","00-0036232",1386,0.00276050085742317,0.0165213685525295,0.000250954623402106,"Harrison Bryant","CLE","TE",2022
"435","00-0037807",2108,0.00272982755153823,0.0170379090088571,0.00024816614104893,"Joshua Ezeudu","NYG","OL",2022
"436","00-0036659",1646,0.0027140216234906,0.0173056010379908,0.000246729238499145,"Camaron Cheeseman","WAS","LS",2022
"437","00-0034902",969,0.00269657771039652,0.0168526313327029,0.000245143428217866,"Sam Eguavoen","MIA","LB",2022
"438","00-0036648",1637,0.00268227493816711,0.0175249914787055,0.00024384317619701,"Nick Niemann","LAC","LB",2022
"439","00-0033923",684,0.00268016000812415,0.0166133874150704,0.000243650909829468,"Kareem Hunt","CLE","RB",2022
"440","00-0031279",219,0.00267981015563795,0.0167413166619014,0.000243619105057995,"Jake Matthews","ATL","OL",2022
"441","00-0034928",972,0.00265948490477644,0.0174141502280736,0.000241771354979677,"Steven Sims","PIT","WR",2022
"442","00-0030585",172,0.00264226423643286,0.017322749030221,0.000240205839675714,"Justin Pugh","ARI","OL",2022
"443","00-0032450",405,0.00263826048159607,0.016981575432836,0.000239841861963279,"Dwayne Washington","NO","RB",2022
"444","00-0035235",1060,0.00262992220678986,0.0165809869512083,0.000239083836980896,"Kaleb McGary","ATL","OL",2022
"445","00-0035249",1072,0.00262706581890527,0.0166856710125169,0.000238824165355025,"Josh Oliver","BAL","TE",2022
"446","00-0035233",1058,0.00261259159538275,0.0176164762563143,0.000237508326852978,"Andre Dillard","PHI","OL",2022
"447","00-0034411",827,0.00260625360871561,0.016046605146348,0.000236932146246873,"Russell Gage","TB","WR",2022
"448","00-0036625",1617,0.00260006018365341,0.0168973473684847,0.000236369107604855,"Benjamin St-Juste","WAS","DB",2022
"449","00-0038136",2194,0.00259973434958035,0.0167443641697989,0.000236339486325486,"Coby Bryant","SEA","DB",2022
"450","00-0034759",905,0.00259416573436862,0.017078103005926,0.000235833248578966,"Kolton Miller","LV","OL",2022
"451","00-0030092",143,0.00258448697862261,0.017338143658445,0.000234953361692964,"Sam Martin","BUF","P",2022
"452","00-0033928",688,0.00258041917763052,0.0176341794649935,0.000234583561602774,"Jourdan Lewis","DAL","DB",2022
"453","00-0034639",878,0.00257187293980424,0.0170153173757462,0.000233806630891294,"Mike Ford","ATL","DB",2022
"454","00-0034397",822,0.0025708022347188,0.017208680355637,0.000233709294065345,"Tim Settle","BUF","DL",2022
"455","00-0037257",1921,0.00257053042374022,0.0169436133732027,0.000233684583976384,"David Bell","CLE","WR",2022
"456","00-0034253",753,0.00256114345681614,0.0168750274321568,0.000232831223346922,"Dontrell Hilliard","TEN","RB",2022
"457","00-0035500",1151,0.0025567084310867,0.0160568343085573,0.0002324280391897,"Greg Dortch","ARI","WR",2022
"458","00-0031787",292,0.00255661105396005,0.0179477500576688,0.000232419186723641,"Jake Kumerow","BUF","WR",2022
"459","00-0038108",2169,0.00255048653663667,0.0165842572833006,0.000231862412421516,"Bailey Zappe","NE","QB",2022
"460","00-0031492",254,0.0025476896062866,0.0179084242769814,0.000231608146026055,"Jason Myers","SEA","K",2022
"461","00-0037810",2111,0.00254424364311532,0.0169241291015257,0.000231294876646847,"Troy Andersen","ATL","LB",2022
"462","00-0034071",715,0.00254136227517842,0.0175295146956342,0.000231032934107129,"Danny Johnson","WAS","DB",2022
"463","00-0033430",558,0.0025405390869709,0.0176118799727406,0.000230958098815537,"Greg Mabin","TEN","DB",2022
"464","00-0037239",1903,0.00253875740688791,0.017258729512515,0.000230796127898901,"Chris Olave","NO","WR",2022
"465","00-0035073",1014,0.00253861575661355,0.0167412548762501,0.000230783250601232,"Jonathan Harris","DEN","DL",2022
"466","00-0036309",1445,0.00253563576149763,0.0167495182441613,0.00023051234195433,"Darnell Mooney","CHI","WR",2022
"467","00-0038118",2177,0.00253357548329434,0.0171366499926613,0.000230325043935849,"Daniel Faalele","BAL","OL",2022
"468","00-0037073",1841,0.0025260213992281,0.0166294724076613,0.000229638309020736,"Jordan Davis","PHI","DL",2022
"469","00-0037191",1884,0.0025059466826935,0.015775299715915,0.000227813334790318,"Trent McDuffie","KC","DB",2022
"470","00-0036440",1545,0.00250197966158569,0.0166256627794281,0.00022745269650779,"Derrek Tuszka","LAC","LB",2022
"471","00-0035591",1170,0.00250092983564145,0.0171705773542197,0.000227357257785586,"Justin Hollins","GB","LB",2022
"472","00-0036867",1709,0.00249254074427952,0.0166854563941636,0.00022659461311632,"Chris Rumph","LAC","LB",2022
"473","00-0036333",1463,0.00248788136555669,0.0156579534045659,0.000226171033232426,"Alex Highsmith","PIT","LB",2022
"474","00-0034352",788,0.00248074052977618,0.0164460844673488,0.000225521866343289,"Connor Williams","MIA","OL",2022
"475","00-0033308",543,0.0024783221327446,0.0167515389660342,0.000225302012067691,"Matt Breida","NYG","RB",2022
"476","00-0034424",833,0.0024660470413888,0.016613702008133,0.000224186094671709,"Matthew Adams","CHI","LB",2022
"477","00-0034972",987,0.00246494005441338,0.0167420297633417,0.000224085459492125,"Alexander Mattison","MIN","RB",2022
"478","00-0036224",1381,0.00245896404495481,0.0173327719374299,0.000223542185904983,"Jonathan Greenard","HOU","DL",2022
"479","00-0035677",1217,0.00244247421058584,0.0169186073214188,0.000222043110053258,"Nasir Adderley","LAC","DB",2022
"480","00-0032141",334,0.00242047995504628,0.0164497410097502,0.000220043632276935,"Geoff Swaim","TEN","TE",2022
"481","00-0034978",991,0.00240808407475045,0.015868320301977,0.000218916734068222,"Ben Powers","BAL","OL",2022
"482","00-0029597",105,0.00240411475246493,0.0176134694283681,0.000218555886587721,"Justin Tucker","BAL","K",2022
"483","00-0033591",605,0.00239827620523096,0.0165887219294928,0.000218025109566451,"Noah Brown","DAL","WR",2022
"484","00-0031381",239,0.00239566723898386,0.0170850561236453,0.000217787930816715,"Davante Adams","LV","WR",2022
"485","00-0037269",1933,0.00239045351081315,0.0169491501847917,0.000217313955528468,"Eric Johnson","IND","DL",2022
"486","00-0033716",618,0.00238634225741575,0.0179253595074387,0.000216940205219614,"Calvin Munson","NE","LB",2022
"487","00-0035327",1110,0.00238592829734045,0.0175275797631697,0.000216902572485495,"C.J. Moore","DET","DB",2022
"488","00-0036244",1394,0.00238001026925572,0.0167402034565273,0.000216364569932338,"Colby Parkinson","SEA","TE",2022
"489","00-0036165",1350,0.00237946369492951,0.0170995320456957,0.000216314881357228,"Isaiah Hodgins","NYG","WR",2022
"490","00-0036967",1787,0.0023748480857641,0.0165436436570232,0.000215895280524009,"Joe Tryon","TB","LB",2022
"491","00-0033952",702,0.00236979817081214,0.0167804514061588,0.000215436197346558,"Grover Stewart","IND","DL",2022
"492","00-0032497",412,0.00236834973298869,0.0175042492344067,0.00021530452118079,"Reid Ferguson","BUF","LS",2022
"493","00-0034266",758,0.00234938991128825,0.0169800835817403,0.000213580901026205,"Kenny Young","NO","LB",2022
"494","00-0036511",1568,0.00234635788025644,0.0172722371791547,0.000213305261841495,"Milo Eifler","WAS","LB",2022
"495","00-0036634",1625,0.0023457305524586,0.016400015609949,0.000213248232041691,"Tony Fields","CLE","LB",2022
"496","00-0036258",1405,0.00234181767917528,0.0167638615302398,0.000212892516288661,"Jonah Jackson","DET","OL",2022
"497","00-0036339",1469,0.00234111036836128,0.0167146959309517,0.000212828215305571,"Kevin Dotson","PIT","OL",2022
"498","00-0033307",542,0.00233911916578815,0.0167894101723045,0.000212647196889831,"Kendrick Bourne","NE","WR",2022
"499","00-0036989",1806,0.0023299323947909,0.0168045601378006,0.000211812035890081,"Malcolm Koonce","LV","DL",2022
"500","00-0032442",403,0.0023078737781326,0.0164661638171004,0.000209806707102964,"Elandon Roberts","MIA","LB",2022
"501","00-0033563",593,0.00230186389277572,0.0168547731268087,0.000209260353888702,"Carlos Watkins","DAL","DL",2022
"502","00-0031041",193,0.00230047833851877,0.0170482146606496,0.000209134394410797,"Kyle Fuller","BAL","DB",2022
"503","00-0037841",2137,0.00228490975330799,0.0171057352437329,0.000207719068482545,"Quentin Lake","LA","DB",2022
"504","00-0029657",113,0.00228232112019846,0.0169410780039504,0.00020748373819986,"Akiem Hicks","TB","DL",2022
"505","00-0037512",2031,0.00227516701022974,0.0174571347754688,0.00020683336456634,"Isaiah Pola-Mao","LV","DB",2022
"506","00-0034832",947,0.00226991884523143,0.0164119792456769,0.000206356258657402,"Bradley Chubb","MIA","LB",2022
"507","00-0031566",269,0.00224230838686964,0.0183292357405687,0.000203846216988149,"Trey Flowers","MIA","LB",2022
"508","00-0037291",1950,0.00223705529499035,0.0173697328620672,0.00020336866318094,"Jalen Nailor","MIN","WR",2022
"509","00-0032268",367,0.00222323792146944,0.0170806762034662,0.000202112538315404,"Marcus Mariota","ATL","QB",2022
"510","00-0023853",7,0.00221853833760824,0.0170279751839469,0.000201685303418931,"Matt Prater","ARI","K",2022
"511","00-0036424",1535,0.00221491913269512,0.0173470898849508,0.000201356284790466,"Brycen Hopkins","LA","TE",2022
"512","00-0037316",1969,0.00220919934747329,0.0177282653069944,0.000200836304315753,"Mark Robinson","PIT","LB",2022
"513","00-0036081",1325,0.00219995117859431,0.016839180392141,0.000199995561690392,"Broderick Washington","BAL","DL",2022
"514","00-0035444",1148,0.00219981688728026,0.0167712488165291,0.000199983353389115,"Jordan Kunaszyk","CLE","LB",2022
"515","00-0032764",439,0.00219701932642531,0.0162840526487259,0.000199729029675028,"Derrick Henry","TEN","RB",2022
"516","00-0027962",55,0.00217197183922996,0.0162340537566862,0.000197451985384542,"Cameron Jordan","NO","DL",2022
"517","00-0035042",1010,0.00216826602398203,0.0184764022491448,0.000197115093089275,"Jamie Gillan","NYG","P",2022
"518","00-0035292",1100,0.00216535940654486,0.0170194564184337,0.000196850855140442,"David Long","TEN","LB",2022
"519","00-0033631",609,0.00216384402138957,0.0175497911514847,0.000196713092853597,"Rashaad Coward","ARI","OL",2022
"520","00-0036792",1677,0.00216174379221133,0.0175007668895096,0.000196522162928303,"Bryce Thompson","NO","DB",2022
"521","00-0033111",507,0.00215960324425904,0.0169406611694915,0.000196327567659912,"Pharoh Cooper","ARI","WR",2022
"522","00-0031203",207,0.00212407419352874,0.0175231202760411,0.000193097653957158,"Cairo Santos","CHI","K",2022
"523","00-0034975",990,0.00212202490930779,0.0166420417218102,0.000192911355391617,"Justice Hill","BAL","RB",2022
"524","00-0036865",1707,0.00210034035120431,0.0173003832334121,0.000190940031927665,"Jackson Carman","CIN","OL",2022
"525","00-0033870",642,0.00209955134061639,0.0163680070253994,0.000190868303692399,"Solomon Thomas","NYJ","DL",2022
"526","00-0034782",918,0.00209296851434738,0.0163324039909415,0.000190269864940671,"Harrison Phillips","MIN","DL",2022
"527","00-0033883",654,0.00209002886347794,0.0166791748699865,0.00019000262395254,"Jabrill Peppers","NE","DB",2022
"528","00-0035688",1226,0.00208864332911761,0.0173511791973015,0.000189876666283419,"Trey Pipkins","LAC","OL",2022
"529","00-0027885",46,0.00208857544018061,0.0169475071981725,0.000189870494561873,"Linval Joseph","PHI","DL",2022
"530","00-0033566",594,0.0020880146621693,0.0163485626826285,0.000189819514742664,"Desmond King","HOU","DB",2022
"531","00-0035003",1004,0.00207974425632108,0.0179059966379617,0.000189067659665553,"Jackson Barton","LV","OL",2022
"532","00-0036432",1541,0.00207805749890239,0.017329711516216,0.000188914318082035,"Clay Johnston","CIN","LB",2022
"533","00-0029285",92,0.00207245590186014,0.0178145666939788,0.000188405081987285,"Josh Norman","CAR","DB",2022
"534","00-0036869",1710,0.00207213049915521,0.017226679077932,0.000188375499923201,"Dan Moore","PIT","OL",2022
"535","00-0033945",697,0.00206808538949595,0.0161440428990616,0.00018800776268145,"Samson Ebukam","SF","DL",2022
"536","00-0034768",910,0.00205764598723873,0.0163313292586227,0.000187058726112611,"Chukwuma Okorafor","PIT","OL",2022
"537","00-0033376",552,0.00204853726774766,0.0166114558750531,0.000186230660704332,"Patrick Ricard","BAL","RB",2022
"538","00-0036914",1746,0.00204376208395456,0.0167608031133612,0.000185796553086778,"Gregory Rousseau","BUF","DL",2022
"539","00-0036219",1376,0.0020385205879623,0.0173915650632827,0.000185320053451118,"Marquez Callaway","NO","WR",2022
"540","00-0037336",1983,0.0020335117154437,0.0175015046671968,0.000184864701403973,"Brock Hoffman","DAL","OL",2022
"541","00-0036272",1416,0.00202781211411156,0.0170170669562899,0.000184346555828324,"Ben Bartch","JAX","OL",2022
"542","00-0031557",265,0.00201098752674178,0.0169830449161772,0.000182817047885617,"Jordan Phillips","BUF","DL",2022
"543","00-0036587",1599,0.00200909070919247,0.0173026708382121,0.000182644609926588,"Ar'Darius Washington","BAL","DB",2022
"544","00-0030968",188,0.00200228232252855,0.0166639917633297,0.000182025665684413,"Keith Smith","ATL","RB",2022
"545","00-0035607",1174,0.00199497611316708,0.0169538983055703,0.000181361464833371,"Marquise Copeland","LA","DL",2022
"546","00-0037808",2109,0.00199480256083428,0.0165299093010944,0.000181345687348571,"DeAngelo Malone","ATL","LB",2022
"547","00-0034325",775,0.00199473236510202,0.0177444658622448,0.000181339305918365,"Taylor Stallworth","HOU","DL",2022
"548","00-0032464",409,0.00198791071468217,0.0158778426184294,0.000180719155880197,"Kalif Raymond","DET","WR",2022
"549","00-0035757",1250,0.0019746563178679,0.0171702449223674,0.000179514210715264,"Jacob Bobenmoyer","DEN","LS",2022
"550","00-0031254",212,0.00196915137254182,0.0168120450430307,0.000179013761140166,"Denico Autry","TEN","DL",2022
"551","00-0030090",142,0.00196705401423003,0.017510210763769,0.00017882309220273,"Micah Hyde","BUF","DB",2022
"552","00-0036192",1361,0.00196582165260574,0.0175043105816092,0.000178711059327795,"A.J. Epenesa","BUF","DL",2022
"553","00-0033932",691,0.00195049619832794,0.0160207975050806,0.000177317836211631,"Kenny Golladay","NYG","WR",2022
"554","00-0033787",629,0.00194600361409299,0.0172458930820429,0.000176909419462999,"Jake Elliott","PHI","K",2022
"555","00-0033884",655,0.00194586595046983,0.0170866490755717,0.000176896904588166,"Tre'Davious White","BUF","DB",2022
"556","00-0031687",286,0.00194105195176992,0.0164712497909939,0.00017645926834272,"Raheem Mostert","MIA","RB",2022
"557","00-0037392",2000,0.00192337616612225,0.0163842029167728,0.000174852378738386,"Trevor Denbow","IND","DB",2022
"558","00-0035621",1177,0.00191339371220443,0.0173840062600523,0.000173944882927675,"Nsimba Webster","CHI","WR",2022
"559","00-0033782",626,0.00191211219526896,0.0172887168405996,0.000173828381388087,"DeMarcus Walker","TEN","DL",2022
"560","00-0036416",1528,0.00191055877484514,0.0168403213969839,0.000173687161349558,"Kristian Fulton","TEN","DB",2022
"561","00-0035383",1131,0.00190820071910881,0.0162620647931372,0.000173472792646256,"Nate Herbig","NYJ","OL",2022
"562","00-0033757",623,0.00190370938350241,0.0158762072261215,0.00017306448940931,"Robert Tonyan","GB","TE",2022
"563","00-0034844",954,0.00190051617148652,0.0168942797512639,0.000172774197407866,"Saquon Barkley","NYG","RB",2022
"564","00-0029542",100,0.00189432489808574,0.0163242456698004,0.000172211354371431,"Stephon Gilmore","IND","DB",2022
"565","00-0036729",1667,0.0018937433618667,0.018027487513162,0.000172158487442427,"Drue Chrisman","CIN","P",2022
"566","00-0035636",1187,0.00189259712977015,0.0175235219887969,0.000172054284524559,"L.J. Collier","SEA","DL",2022
"567","00-0038112",2171,0.00189239874962408,0.0183663265027055,0.000172036249965825,"Cam Jurgens","PHI","OL",2022
"568","00-0033579",601,0.00188713249582919,0.0164227091059598,0.000171557499620836,"Xavier Woods","CAR","DB",2022
"569","00-0033541",580,0.00188558232219938,0.0181684308188917,0.000171416574745398,"Taco Charlton","JAX","DL",2022
"570","00-0037844",2140,0.0018818703105011,0.0165860818317595,0.000171079119136464,"Russ Yeast","LA","DB",2022
"571","00-0037387",1999,0.0018807771265231,0.0173847460764124,0.000170979738774827,"Jalen Virgil","DEN","WR",2022
"572","00-0036423",1534,0.00187766421203804,0.0170140013095706,0.000170696746548913,"Albert Okwuegbunam","DEN","TE",2022
"573","00-0036347",1474,0.00186724681560056,0.0173886490207744,0.000169749710509142,"Blake Brandel","MIN","OL",2022
"574","00-0037297",1954,0.00186377206631667,0.0169275592224126,0.000169433824210606,"Cade Mays","CAR","OL",2022
"575","00-0033995",709,0.0018609284520817,0.016680531482035,0.000169175313825609,"Michael Dunn","CLE","OL",2022
"576","00-0037075",1843,0.00185559374928468,0.0170165288963905,0.000168690340844062,"Devonte Wyatt","GB","DL",2022
"577","00-0033860",638,0.00184189623194603,0.01631523593995,0.000167445111995094,"Davon Godchaux","NE","DL",2022
"578","00-0029608",109,0.00183968064100588,0.0171970950751873,0.000167243694636898,"T.Y. Hilton","DAL","WR",2022
"579","00-0037759",2103,0.00183416089017595,0.0167540696361185,0.000166741899106904,"DeMarvin Leal","PIT","DL",2022
"580","00-0030957",187,0.00182250818394262,0.0180850475368817,0.000165682562176602,"Casey Kreiter","NYG","LS",2022
"581","00-0037000",1817,0.00181739450287152,0.0165196158839617,0.000165217682079229,"Monty Rice","TEN","LB",2022
"582","00-0036644",1633,0.00181136594296171,0.0167239765373893,0.000164669631178337,"Cameron McGrone","IND","LB",2022
"583","00-0031280",220,0.00181121996088642,0.016563440652066,0.000164656360080584,"Derek Carr","LV","QB",2022
"584","00-0029701",119,0.00180486359893615,0.016614073427443,0.000164078508994195,"Ryan Tannehill","TEN","QB",2022
"585","00-0032104",325,0.00179473220399676,0.0171259247135681,0.000163157473090615,"Ameer Abdullah","LV","RB",2022
"586","00-0035821",1263,0.00177305316333507,0.0169076064922911,0.000161186651212279,"Corliss Waitman","DEN","P",2022
"587","00-0035084",1016,0.00176685292372113,0.0166700253950428,0.000160622993065557,"Yosuah Nijman","GB","OL",2022
"588","00-0033921",683,0.00175920900948685,0.0168055729159567,0.000159928091771532,"Chris Godwin","TB","WR",2022
"589","00-0034363",796,0.00175754860965855,0.0175186738305879,0.000159777146332596,"Deadrin Senat","TB","DL",2022
"590","00-0034396",821,0.00175445842902024,0.0172861515197299,0.000159496220820022,"Jermaine Carter","CLE","LB",2022
"591","00-0033367",551,0.00174686185049483,0.016320838761363,0.000158805622772257,"C.J. Board","TEN","WR",2022
"592","00-0035656",1202,0.00174201165721322,0.0169479172245584,0.000158364696110293,"Khalen Saunders","KC","DL",2022
"593","00-0036933",1761,0.00173153638672828,0.0174129981947829,0.00015741239879348,"Zaven Collins","ARI","LB",2022
"594","00-0037499",2028,0.00172067040742085,0.0177439931444799,0.000156424582492805,"Luiji Vilain","MIN","LB",2022
"595","00-0034320",774,0.00171030952219811,0.0160873074965459,0.000155482683836192,"Kentavius Street","NO","DL",2022
"596","00-0033948",699,0.00170799937112755,0.0168884414254694,0.000155272670102505,"Jamaal Williams","DET","RB",2022
"597","00-0036392",1508,0.00170490765599319,0.0171849336542019,0.00015499160509029,"Matt Peart","NYG","OL",2022
"598","00-0037823",2123,0.00170127454328603,0.0167924213996173,0.000154661322116912,"Christian Harris","HOU","LB",2022
"599","00-0031426",249,0.00170082985516898,0.0165912888077066,0.000154620895924453,"Joel Bitonio","CLE","OL",2022
"600","00-0027949",53,0.00169825769874893,0.0171710886203307,0.00015438706352263,"J.J. Watt","ARI","DL",2022
"601","00-0028339",72,0.00168434985810016,0.0173400862369942,0.000153122714372742,"Mario Addison","HOU","DL",2022
"602","00-0035179",1039,0.00167701882369897,0.0174519792721406,0.000152456256699906,"Jalen Dalton","ATL","DL",2022
"603","00-0036842",1688,0.0016766128027915,0.0172043554136358,0.000152419345708318,"Kene Nwangwu","MIN","RB",2022
"604","00-0035769",1254,0.00167281311105104,0.0178775676480083,0.000152073919186458,"Scotty Washington","NE","TE",2022
"605","00-0035112",1020,0.0016712573256202,0.0161412578781255,0.000151932484147291,"Patrick Mekari","BAL","OL",2022
"606","00-0027557",31,0.0016685704697036,0.0171891963620553,0.000151688224518509,"Morgan Cox","TEN","LS",2022
"607","00-0031258",214,0.00166853066269526,0.0177407752145963,0.000151684605699569,"Jeremiah Attaochu","LAC","LB",2022
"608","00-0030061",133,0.00166398755811549,0.0169905987220666,0.000151271596192318,"Zach Ertz","ARI","TE",2022
"609","00-0034356",791,0.00165887663097137,0.0171875155933074,0.000150806966451943,"Donte Jackson","CAR","DB",2022
"610","00-0033050",483,0.00165642039582476,0.0158245492179445,0.000150583672347705,"Xavien Howard","MIA","DB",2022
"611","00-0031584",274,0.00165531271944097,0.0163608617645517,0.000150482974494634,"Adrian Amos","GB","DB",2022
"612","00-0037093",1858,0.0016525290873194,0.0173436995883837,0.000150229917029036,"Dareke Young","SEA","WR",2022
"613","00-0036002",1308,0.00164803263347696,0.017209451255681,0.000149821148497906,"Elijah Riley","PIT","DB",2022
"614","00-0031367",236,0.00161734693244874,0.016790944135162,0.000147031539313522,"Gabe Jackson","SEA","OL",2022
"615","00-0034359",793,0.00160914696890989,0.0165057226080223,0.000146286088082717,"Tyquan Lewis","IND","DL",2022
"616","00-0031565",268,0.00160385490314005,0.0162506124404741,0.00014580499119455,"Danielle Hunter","MIN","LB",2022
"617","00-0027947",51,0.00159773560265683,0.0177031405569698,0.000145248691150621,"Tyron Smith","DAL","OL",2022
"618","00-0036908",1742,0.00159463526495768,0.0171914249537032,0.00014496684226888,"Thomas Graham","CLE","DB",2022
"619","00-0027686",35,0.00158853507049729,0.0173432756149241,0.000144412279136118,"Corey Peters","JAX","DL",2022
"620","00-0029621",110,0.00158429501226367,0.0176386417956362,0.000144026819296697,"Greg Zuerlein","NYJ","K",2022
"621","00-0030386",154,0.00158175048883542,0.0160358015739457,0.000143795498985039,"William Gholston","TB","DL",2022
"622","00-0030097",144,0.00158127372979552,0.0159577418132591,0.000143752157254138,"David Quessenberry","BUF","OL",2022
"623","00-0037280",1942,0.00158031293413142,0.0168221114909623,0.000143664812193765,"Matthew Butler","LV","DL",2022
"624","00-0037373",1993,0.0015465348444899,0.0173305512542246,0.000140594076771809,"Zyon Gilbert","NYG","DB",2022
"625","00-0035667",1210,0.0015461419252481,0.0168020544443418,0.000140558356840736,"Greg Gaines","LA","DL",2022
"626","00-0036327",1457,0.00154507533529127,0.0168625129873306,0.000140461394117388,"Ezra Cleveland","MIN","OL",2022
"627","00-0033798",632,0.00153251110268321,0.0169444304530505,0.000139319191153019,"Mason Schreck","HOU","TE",2022
"628","00-0031576",270,0.00153170989494868,0.016622804519968,0.000139246354086243,"Za'Darius Smith","MIN","LB",2022
"629","00-0036748",1670,0.00152673777079213,0.0164853773631503,0.000138794342799285,"Jerry Jacobs","DET","DB",2022
"630","00-0032215",356,0.00151642293544564,0.0176754644555097,0.000137856630495058,"Damien Wilson","CAR","LB",2022
"631","00-0035378",1129,0.00151537853193033,0.0159799114869061,0.000137761684720939,"Andrew Wingard","JAX","DB",2022
"632","00-0034970",986,0.00151160839929628,0.0171683363742983,0.000137418945390571,"Irv Smith","MIN","TE",2022
"633","00-0037296",1953,0.00151020841164516,0.0176296792414668,0.000137291673785924,"Gregory Junior","JAX","DB",2022
"634","00-0036755",1673,0.00150894034717637,0.0176134598957514,0.000137176395197852,"Jaret Patterson","WAS","RB",2022
"635","00-0037751",2096,0.00150732934393073,0.0171513621303927,0.000137029940357339,"Myjai Sanders","ARI","LB",2022
"636","00-0035844",1268,0.00150648278302007,0.0168455144522314,0.000136952980274552,"Kirk Merritt","NO","WR",2022
"637","00-0037607",2063,0.00150411370614566,0.0172494700601208,0.000136737609649605,"Ryan Stonehouse","TEN","P",2022
"638","00-0023459",6,0.00150267363348874,0.0160760818555885,0.000136606693953522,"Aaron Rodgers","GB","QB",2022
"639","00-0034347",784,0.00149566093724694,0.0159758269689767,0.000135969176113358,"James Daniels","PIT","OL",2022
"640","00-0036304",1441,0.00149193500215788,0.0172229837570665,0.000135630454741625,"John Reid","ATL","DB",2022
"641","00-0036259",1406,0.00148336623034838,0.016549325828808,0.000134851475486216,"Jauan Jennings","SF","WR",2022
"642","00-0033770",625,0.00148332397026249,0.0171907265198261,0.000134847633660227,"Justin Hardee","NYJ","DB",2022
"643","00-0038101",2162,0.00147861634722439,0.0170090977931247,0.00013441966792949,"Akayleb Evans","MIN","DB",2022
"644","00-0033702",617,0.00146915141372466,0.0178670148387637,0.000133559219429514,"Younghoe Koo","ATL","K",2022
"645","00-0035190",1042,0.00146295397062553,0.0171132397898909,0.000132995815511412,"A.J. Cole","LV","P",2022
"646","00-0035273",1089,0.00146160512619618,0.0177741652798461,0.000132873193290562,"Qadree Ollison","DAL","RB",2022
"647","00-0035334",1114,0.00145709007218744,0.0165752575728362,0.000132462733835222,"Kevin Strong","TEN","DL",2022
"648","00-0036290",1430,0.00145567993980293,0.0164394944509613,0.000132334539982084,"Cole Kmet","CHI","TE",2022
"649","00-0036998",1815,0.00144940038553265,0.0155723153537933,0.000131763671412059,"Jevon Holland","MIA","DB",2022
"650","00-0036857",1702,0.00144722652601817,0.0168519716646597,0.000131566047819834,"Chris Evans","CIN","RB",2022
"651","00-0031622",285,0.00144703676815955,0.0173271482176641,0.000131548797105414,"Bobby Hart","BUF","OL",2022
"652","00-0034522",863,0.00144703243353838,0.0183551288569645,0.000131548403048944,"KC McDermott","HOU","OL",2022
"653","00-0034355",790,0.0014459314788759,0.0157271168085545,0.000131448316261445,"M.J. Stewart","HOU","DB",2022
"654","00-0037034",1832,0.00144581936278059,0.0163218696101641,0.000131438123889145,"Dee Alford","ATL","DB",2022
"655","00-0035432",1145,0.00144560057283925,0.0171842583161385,0.000131418233894477,"Jason Moore","LAC","WR",2022
"656","00-0030074",140,0.00144523774551575,0.0174281236282533,0.00013138524959234,"David Bakhtiari","GB","OL",2022
"657","00-0036653",1641,0.00144300453990161,0.0165396584997648,0.000131182230900147,"Stone Forsythe","SEA","OL",2022
"658","00-0036813",1681,0.00143374074076599,0.0170972432070566,0.000130340067342362,"Christian Elliss","PHI","LB",2022
"659","00-0035519",1153,0.00142734078491446,0.0175986821685208,0.000129758253174042,"Isaiah Mack","SEA","DL",2022
"660","00-0036589",1600,0.00142195694579371,0.0169871578836668,0.000129268813253974,"Nick McCloud","NYG","DB",2022
"661","00-0028076",64,0.00142120161251541,0.0167506130781991,0.00012920014659231,"Marcus Cannon","NE","OL",2022
"662","00-0036979",1797,0.00141285764662781,0.0174330768136431,0.000128441604238892,"Alijah Vera-Tucker","NYJ","OL",2022
"663","00-0038131",2190,0.0014052248494686,0.0169090194530419,0.000127747713588054,"Ed Ingram","MIN","OL",2022
"664","00-0031933",307,0.00138615066843081,0.0160270132804198,0.000126013697130074,"Leonard Williams","NYG","DL",2022
"665","00-0036152",1344,0.00138509854987752,0.0171766918196706,0.000125918049988865,"Lamar Jackson","DEN","DB",2022
"666","00-0032103",324,0.0013836498395058,0.0170107858417352,0.000125786349045982,"Denzel Perryman","LV","LB",2022
"667","00-0035217",1049,0.00137916621501367,0.0170250678173915,0.000125378746819424,"Benny Snell","PIT","RB",2022
"668","00-0025580",10,0.00137895307998742,0.01696193090791,0.000125359370907947,"Mason Crosby","GB","K",2022
"669","00-0033783",627,0.00137835924501651,0.016451137876855,0.000125305385910592,"Ahkello Witherspoon","PIT","DB",2022
"670","00-0034109",722,0.00136937899896174,0.0168247927772898,0.000124488999905613,"Phillip Lindsay","IND","RB",2022
"671","00-0030294",151,0.00136914367668477,0.0167378901157584,0.000124467606971343,"Tony Jefferson","NYG","DB",2022
"672","00-0037393",2001,0.00136408785256471,0.0176078477024261,0.000124007986596792,"JoJo Domann","IND","LB",2022
"673","00-0034430",836,0.00136353850758405,0.0175217339858795,0.000123958046144005,"Andre Smith","TEN","LB",2022
"674","00-0035827",1265,0.00136102641427421,0.0166725321738803,0.000123729674024928,"Ross Matiscik","JAX","LS",2022
"675","00-0035437",1147,0.00135731059094791,0.016172494814128,0.000123391871904356,"Roderic Teamer","LV","DB",2022
"676","00-0037833",2131,0.00135454068107134,0.0162395781509781,0.000123140061915577,"Tariq Castro-Fields","WAS","DB",2022
"677","00-0036298",1437,0.00134143954459563,0.0167102164793659,0.000121949049508694,"Akeem Davis-Gaither","CIN","LB",2022
"678","00-0034173",740,0.00134117698049098,0.0163871610693605,0.000121925180044634,"Eddy Pineiro","CAR","K",2022
"679","00-0032891",455,0.00133597198309926,0.0172638959781909,0.000121451998463569,"Daryl Worley","BAL","DB",2022
"680","00-0038039",2144,0.00133586175633777,0.0158430007188882,0.000121441977848888,"Jack Jones","NE","DB",2022
"681","00-0036825",1683,0.00133358509276002,0.0165469217969114,0.000121235008432729,"Feleipe Franks","ATL","TE",2022
"682","00-0034951",977,0.00133197790193611,0.0173157445639306,0.00012108890017601,"Fred Johnson","PHI","OL",2022
"683","00-0035141",1028,0.00132581981650064,0.0164841074930891,0.000120529074227331,"Phil Haynes","SEA","OL",2022
"684","00-0036728",1666,0.00131415165531975,0.0171030832891143,0.000119468332301796,"Curtis Robinson","SF","LB",2022
"685","00-0030332",152,0.00130694283041374,0.0172623495045776,0.000118812984583068,"Brett Maher","DAL","K",2022
"686","00-0034502",856,0.00130391919569306,0.0175721376617785,0.000118538108699369,"Grant Haley","LA","DB",2022
"687","00-0033676",613,0.00129948513863937,0.0166107518597025,0.000118135012603579,"Elijah Wilkinson","ATL","OL",2022
"688","00-0036855",1700,0.00129681838839881,0.0172646705949385,0.000117892580763528,"Earnest Brown","LA","DL",2022
"689","00-0038126",2185,0.00129657762364179,0.0166740587493578,0.000117870693058345,"Perrion Winfrey","CLE","DL",2022
"690","00-0036255",1403,0.00129045563748049,0.0172135417767032,0.000117314148861862,"Denzel Mims","NYJ","WR",2022
"691","00-0037481",2021,0.00128343075132902,0.0169927405683148,0.000116675522848092,"Olakunle Fatukasi","DEN","LB",2022
"692","00-0036854",1699,0.00127556132133623,0.0172569142903589,0.000115960120121475,"Evan McPherson","CIN","K",2022
"693","00-0037743",2090,0.00127135536933315,0.0172890245818766,0.000115577760848468,"Dax Hill","CIN","DB",2022
"694","00-0037325",1977,0.00125432927704148,0.0170365119245232,0.000114029934276498,"Kalon Barnes","MIN","DB",2022
"695","00-0035208",1045,0.0012508441741047,0.0166079141725666,0.000113713106736791,"Olamide Zaccheaus","ATL","WR",2022
"696","00-0036845",1691,0.00124848908000314,0.0167792306488451,0.000113499007273012,"Quincy Roche","NYG","LB",2022
"697","00-0033511",569,0.00124215215858566,0.0177076985641122,0.000112922923507788,"Sean Harlow","ARI","OL",2022
"698","00-0036365",1488,0.00124027671871137,0.0175505290313235,0.000112752428973761,"Bryan Edwards","KC","WR",2022
"699","00-0035228",1054,0.00123697585928935,0.0159653988663283,0.000112452350844487,"Kyler Murray","ARI","QB",2022
"700","00-0036237",1390,0.00123097192647419,0.0168415670073682,0.000111906538770381,"Larrell Murchison","LA","DL",2022
"701","00-0035666",1209,0.00122178164190995,0.016723867215089,0.00011107105835545,"Bobby Evans","MIN","OL",2022
"702","00-0036195",1364,0.00121832329695315,0.0176599404504911,0.000110756663359377,"Charlie Heck","HOU","OL",2022
"703","00-0037281",1943,0.00121343676853638,0.015829779962172,0.000110312433503307,"Damone Clark","DAL","LB",2022
"704","00-0031941",311,0.00121139209551317,0.0175911044722629,0.000110126554137561,"Jamison Crowder","BUF","WR",2022
"705","00-0036399",1513,0.00121018185093268,0.0185846377711012,0.000110016531902971,"Netane Muti","LV","OL",2022
"706","00-0035266",1085,0.00120491402659849,0.0178527093168504,0.00010953763878168,"Michael Jordan","CAR","OL",2022
"707","00-0033577",600,0.00120314631036321,0.0171032474816025,0.000109376937305746,"Nathan Gerry","WAS","LB",2022
"708","00-0028899",76,0.00120188186837592,0.0171985300691724,0.000109261988034174,"Rodney McLeod","IND","DB",2022
"709","00-0036672",1654,0.00120042662444233,0.0168241775590082,0.000109129693131121,"Grant Stuard","IND","LB",2022
"710","00-0034437",840,0.00118984227061999,0.0165565216758032,0.000108167479147272,"Logan Cooke","JAX","P",2022
"711","00-0033124",513,0.00118722201474836,0.0169568575559363,0.000107929274068033,"Will Redmond","HOU","DB",2022
"712","00-0035823",1264,0.00118310946750583,0.0174403466187684,0.000107555406136893,"Ben Ellefson","MIN","TE",2022
"713","00-0036695",1661,0.00118307392648009,0.0174752207406221,0.000107552175134553,"Naquan Jones","TEN","DL",2022
"714","00-0037549",2042,0.00118274019227253,0.017383729748979,0.000107521835661139,"Darrell Baker","IND","DB",2022
"715","00-0036897",1732,0.00118144277496053,0.0182584385353958,0.000107403888632775,"Tay Gowan","MIN","DB",2022
"716","00-0031558",266,0.00117555462536488,0.0168490433375774,0.000106868602305898,"Maxx Williams","ARI","TE",2022
"717","00-0034366",799,0.00117520717571517,0.0173486252545542,0.000106837015974106,"Keke Coutee","IND","WR",2022
"718","00-0035686",1224,0.00116559310444119,0.0172326188341837,0.000105963009494654,"Michael Deiter","MIA","OL",2022
"719","00-0036011",1310,0.00116427752219092,0.0181959620591563,0.000105843411108266,"Bobby Price","DET","DB",2022
"720","00-0036885",1723,0.00114943930316694,0.0173302476582591,0.000104494482106086,"Tre Brown","SEA","DB",2022
"721","00-0035783",1256,0.00114566758827557,0.0173720727419496,0.000104151598934143,"Tyler Hall","LV","DB",2022
"722","00-0033592",606,0.00113810786631465,0.0166064370934165,0.00010346435148315,"Kyle Fuller","SEA","OL",2022
"723","00-0034511",858,0.00113149465399224,0.0174300623457112,0.000102863150362931,"Mike Love","BUF","DL",2022
"724","00-0035356",1122,0.00112990881735082,0.0165447526679242,0.000102718983395529,"Tyree Jackson","PHI","TE",2022
"725","00-0038105",2166,0.00112904954750933,0.0160715291059916,0.000102640867955393,"Damarri Mathis","DEN","DB",2022
"726","00-0036833",1686,0.00112371785228867,0.0170230805716711,0.000102156168389879,"Ryan Neuzil","ATL","OL",2022
"727","00-0036321",1452,0.00111334344032486,0.017018691027376,0.000101213040029533,"Chase Young","WAS","DL",2022
"728","00-0032528",415,0.00110542300783645,0.0177421077093606,0.000100493000712405,"Justin Murray","BUF","OL",2022
"729","00-0033912",678,0.00110167139728906,0.0168332313453182,0.000100151945208097,"Jordan Willis","SF","DL",2022
"730","00-0035274",1090,0.00109734521159729,0.0177226177393333,9.97586555997541e-05,"Ross Pierschbacher","DET","OL",2022
"731","00-0033548",586,0.00108093260756038,0.0164521762789178,9.82666006873069e-05,"Chidobe Awuzie","CIN","DB",2022
"732","00-0037287",1947,0.00107614553173752,0.0169840758941103,9.78314119761377e-05,"Vederian Lowe","MIN","OL",2022
"733","00-0029530",99,0.00107174147871676,0.0165533623062127,9.74310435197058e-05,"Justin Bethel","MIA","DB",2022
"734","00-0034334",777,0.00107017567495097,0.0177472976330363,9.72886977228157e-05,"Troy Apke","WAS","DB",2022
"735","00-0036421",1532,0.00106730479993993,0.0170542436255487,9.70277090854479e-05,"Terrell Burgess","NYG","DB",2022
"736","00-0037157",1876,0.00106672837282268,0.0166291401262045,9.69753066202432e-05,"Zonovan Knight","NYJ","RB",2022
"737","00-0037364",1992,0.00106331172580289,0.0181224397794888,9.66647023457174e-05,"Arron Mosby","CAR","LB",2022
"738","00-0032958",466,0.00105612583534912,0.0170746939208875,9.6011439577193e-05,"Will Parks","NYJ","DB",2022
"739","00-0034681",888,0.00105574870488646,0.0176978393830862,9.59771549896783e-05,"Chase Edmonds","DEN","RB",2022
"740","00-0036157",1345,0.00105387685181515,0.016880907305004,9.58069865286499e-05,"Kristian Welch","BAL","LB",2022
"741","00-0033929",689,0.00104650650615437,0.0166625612463357,9.51369551049426e-05,"Montravius Adams","PIT","DL",2022
"742","00-0035992",1305,0.00104616254300634,0.0175828076985576,9.51056857278494e-05,"Trystan Colon","BAL","OL",2022
"743","00-0032455",407,0.00104557639784686,0.0168277174678969,9.50523998042603e-05,"Austin Blythe","SEA","OL",2022
"744","00-0034250",751,0.00104407741838969,0.0163539401219371,9.49161289445175e-05,"Christian DiLauro","DEN","OL",2022
"745","00-0033545",583,0.00104368446369348,0.0169131967651178,9.48804057903168e-05,"Teez Tabor","SEA","DB",2022
"746","00-0032269",368,0.0010397067004157,0.0168573168804827,9.45187909468816e-05,"Henry Anderson","CAR","DL",2022
"747","00-0036678",1656,0.00103613853586565,0.0168478680519687,9.41944123514229e-05,"Dicaprio Bootle","KC","DB",2022
"748","00-0037246",1910,0.00103570901376373,0.0160716517086416,9.41553648876115e-05,"Jalen Pitre","HOU","DB",2022
"749","00-0036999",1816,0.00103300047750964,0.0172612716543654,9.3909134319058e-05,"Anthony Schwartz","CLE","WR",2022
"750","00-0031921",305,0.00101996905367464,0.0169649023835146,9.27244594249673e-05,"Kendall Lamm","MIA","OL",2022
"751","00-0034275",761,0.000995973383799773,0.0170117273048826,9.05430348908884e-05,"Folorunso Fatukasi","JAX","DL",2022
"752","00-0036310",1446,0.000995124410370004,0.0166202542194326,9.04658554881822e-05,"Hakeem Adeniji","CIN","OL",2022
"753","00-0036329",1459,0.000989589430163737,0.0164911275945057,8.99626754694307e-05,"Ashtyn Davis","NYJ","DB",2022
"754","00-0037130",1868,0.000989581787002592,0.016577754945753,8.99619806365993e-05,"Reed Blankenship","PHI","DB",2022
"755","00-0034297",769,0.000984586552052728,0.0164277784752983,8.95078683684298e-05,"Byron Pringle","CHI","WR",2022
"756","00-0034084",718,0.000983936622729273,0.0168469628483712,8.94487838844793e-05,"Michael Badgley","DET","K",2022
"757","00-0033131",516,0.000982850053027794,0.0167839856163323,8.93500048207085e-05,"Maliek Collins","HOU","DL",2022
"758","00-0037266",1930,0.000982799144104802,0.0170501278544517,8.93453767368002e-05,"Matt Waletzko","DAL","OL",2022
"759","00-0036926",1756,0.00098105216895937,0.0168973784059912,8.91865608144882e-05,"Payton Turner","NO","DL",2022
"760","00-0037468",2019,0.000979382631827332,0.0176559313298152,8.90347847115756e-05,"Raheem Layne","LAC","DB",2022
"761","00-0037544",2040,0.000974171146905036,0.0169461762382867,8.85610133550033e-05,"Nephi Sewell","NO","LB",2022
"762","00-0035219",1050,0.000969105536605747,0.0168571352045442,8.81005033277952e-05,"Isaiah Buggs","DET","DL",2022
"763","00-0032387",380,0.000966750522630284,0.0162047545129533,8.78864111482076e-05,"Jarran Reed","GB","DL",2022
"764","00-0033869",641,0.000964102213925313,0.0169593173931658,8.76456558113921e-05,"Mitchell Trubisky","PIT","QB",2022
"765","00-0036189",1360,0.000962150932302978,0.0179243703306789,8.7468266572998e-05,"Josh Thomas","ARI","DB",2022
"766","00-0036938",1766,0.000947743524712779,0.0167757475586456,8.61585022466162e-05,"Rashad Weaver","TEN","LB",2022
"767","00-0037527",2036,0.000946059152298598,0.0165827115002865,8.60053774816907e-05,"Segun Olubi","IND","LB",2022
"768","00-0033568",595,0.000945625482800335,0.0177685246414588,8.59659529818486e-05,"Nate Hairston","ARI","DB",2022
"769","00-0037460",2017,0.000944343304135722,0.0176493530404164,8.58493912850656e-05,"Johnny Johnson","HOU","WR",2022
"770","00-0035617",1176,0.000942129039443128,0.0160255451332453,8.56480944948299e-05,"Troy Reeder","LAC","LB",2022
"771","00-0036253",1402,0.000940350096836699,0.0164035622022771,8.54863724396999e-05,"Julian Blackmon","IND","DB",2022
"772","00-0027691",37,0.000937026956838117,0.0176800478374622,8.51842688034652e-05,"Andre Roberts","CAR","WR",2022
"773","00-0036286",1426,0.000924418855928952,0.01732408201092,8.40380778117229e-05,"K'Lavon Chaisson","JAX","LB",2022
"774","00-0036656",1644,0.000902619125272111,0.0176191769770888,8.20562841156465e-05,"Brady Breeze","DET","DB",2022
"775","00-0035359",1125,0.000901483742527665,0.0174549815068159,8.1953067502515e-05,"David Sills","NYG","WR",2022
"776","00-0032262",365,0.000899265438311884,0.0170792293207243,8.17514034828986e-05,"Landon Collins","NYG","DB",2022
"777","00-0034807",934,0.00089478983115924,0.0172924187003284,8.13445301053855e-05,"Ogbonnia Okoronkwo","HOU","DL",2022
"778","00-0035189",1041,0.000892514251228828,0.0162335110925827,8.11376592026207e-05,"Matthew Wright","KC","K",2022
"779","00-0036447",1548,0.00088598420538732,0.0178303600556415,8.05440186715746e-05,"David Bada","WAS","DL",2022
"780","00-0033582",603,0.000885982246654176,0.0182554231735126,8.05438406049251e-05,"Jeremiah Ledbetter","JAX","DL",2022
"781","00-0037224",1896,0.000884736050299664,0.0170484518951537,8.04305500272421e-05,"Cameron Dicker","LAC","P",2022
"782","00-0031308",224,0.000882424435666377,0.0175062567482091,8.02204032423979e-05,"Kevin Pierre-Louis","HOU","LB",2022
"783","00-0037445",2012,0.000879312874484169,0.0168119003393461,7.99375340440153e-05,"Demetrius Taylor","DET","DL",2022
"784","00-0035192",1043,0.000878632740579268,0.0172591950400798,7.98757036890244e-05,"Joey Slye","WAS","K",2022
"785","00-0036513",1569,0.000876980845378347,0.0171254687496674,7.97255313980315e-05,"Grant Hermanns","TB","OL",2022
"786","00-0035700",1236,0.00087246835848319,0.0169649884509967,7.93153053166536e-05,"Josh Jacobs","LV","RB",2022
"787","00-0036323",1454,0.000868662020799087,0.0168993605067684,7.89692746180988e-05,"Patrick Queen","BAL","LB",2022
"788","00-0036785",1675,0.00085739279986158,0.018278729061777,7.79447999874163e-05,"Coy Cronk","JAX","OL",2022
"789","00-0035098",1018,0.000847388273471105,0.0175858928334476,7.70352975882822e-05,"Micah Abernathy","ATL","DB",2022
"790","00-0033876",648,0.000843247678670414,0.0176717866589558,7.66588798791285e-05,"Derek Barnett","PHI","DL",2022
"791","00-0029895",127,0.000836045261336072,0.0170234018932398,7.60041146669157e-05,"Ryan Jensen","TB","OL",2022
"792","00-0037580",2052,0.000835445747094017,0.0175597415796038,7.59496133721834e-05,"Jared Bernhardt","ATL","WR",2022
"793","00-0036168",1353,0.000834976513193347,0.0173893285211865,7.59069557448497e-05,"Dominik Eberle","DET","K",2022
"794","00-0030010",130,0.000833393617519866,0.0176251994711969,7.57630561381696e-05,"Brandon Copeland","BAL","LB",2022
"795","00-0037637",2074,0.000823439302037096,0.0172039934213826,7.48581183670087e-05,"Brayden Thomas","LA","DL",2022
"796","00-0032574",419,0.000823014914866401,0.017332359979643,7.48195377151273e-05,"Michael Pierce","BAL","DL",2022
"797","00-0036264",1410,0.000820481806019321,0.0171739847379162,7.45892550926656e-05,"Jordan Love","GB","QB",2022
"798","00-0037249",1913,0.000811364502040751,0.0173652110638739,7.3760409276432e-05,"Nik Bonitto","DEN","LB",2022
"799","00-0033319",544,0.000807851132658134,0.0174923776343105,7.34410120598304e-05,"Nick Mullens","MIN","QB",2022
"800","00-0035291",1099,0.000806910854258369,0.0173874623010105,7.33555322053063e-05,"Trayveon Williams","CIN","RB",2022
"801","00-0038129",2188,0.00080365286381871,0.0165152410939946,7.30593512562463e-05,"Cade Otton","TB","TE",2022
"802","00-0031796",294,0.000803606182446285,0.0165686288598319,7.30551074951168e-05,"Justin Coleman","SEA","DB",2022
"803","00-0037331",1981,0.000802779234806134,0.0165910851614232,7.29799304369213e-05,"Zander Horvath","LAC","RB",2022
"804","00-0034248",750,0.000800724364538681,0.0161125527775161,7.2793124048971e-05,"Elijah Campbell","MIA","DB",2022
"805","00-0031360",231,0.000800317031851386,0.0171178749292236,7.27560938046715e-05,"Kyle Van Noy","LAC","LB",2022
"806","00-0037551",2043,0.00079724549005583,0.0167244555675144,7.24768627323482e-05,"Manny Jones","ARI","DL",2022
"807","00-0037276",1939,0.000795587867351133,0.0171893372817032,7.23261697591939e-05,"Ty Chandler","MIN","RB",2022
"808","00-0035895",1282,0.000793022687185487,0.0171903289878947,7.2092971562317e-05,"Joe Bachie","CIN","LB",2022
"809","00-0033293",535,0.000789198086994006,0.016640380162903,7.17452806358188e-05,"Aaron Jones","GB","RB",2022
"810","00-0036950",1775,0.000789056035626666,0.0170089583650437,7.17323668751514e-05,"Avery Williams","ATL","RB",2022
"811","00-0030565",169,0.000783987776392023,0.0170688848713439,7.12716160356385e-05,"Geno Smith","SEA","QB",2022
"812","00-0038125",2184,0.000783130842512431,0.0164335225475833,7.11937129556755e-05,"Roger McCreary","TEN","DB",2022
"813","00-0035150",1035,0.000782976435028335,0.0170531303472804,7.11796759116668e-05,"Kris Boyd","MIN","DB",2022
"814","00-0038114",2173,0.000778115697498465,0.0166836258461595,7.07377906816786e-05,"Max Mitchell","NYJ","OL",2022
"815","00-0029692",118,0.000770884936234448,0.0173655563911285,7.00804487485862e-05,"Bryan Anger","DAL","P",2022
"816","00-0034675",884,0.000767535397747362,0.0166808057173311,6.97759452497602e-05,"Jessie Bates","CIN","DB",2022
"817","00-0033292",534,0.000766252738723746,0.0167181384867344,6.96593398839769e-05,"Trent Taylor","CIN","WR",2022
"818","00-0029604",106,0.000753993882268887,0.0166897652060212,6.85448983880806e-05,"Kirk Cousins","MIN","QB",2022
"819","00-0033550",588,0.000747244199249045,0.0173793930711232,6.79312908408223e-05,"Davis Webb","NYG","QB",2022
"820","00-0037660",2077,0.00074156715396897,0.0169050515720567,6.74151958153609e-05,"Prince Emili","NO","DL",2022
"821","00-0033525",572,0.000740412625258001,0.0163840489546211,6.73102386598182e-05,"Ryan Anderson","PIT","LB",2022
"822","00-0038107",2168,0.00073643305051506,0.0162638577240881,6.69484591377328e-05,"Micheal Clemons","NYJ","DL",2022
"823","00-0035961",1298,0.000734702562632275,0.0169039752713612,6.67911420574796e-05,"Krys Barnes","GB","LB",2022
"824","00-0036875",1714,0.000731911940041496,0.0166080572648744,6.65374490946814e-05,"Rhamondre Stevenson","NE","RB",2022
"825","00-0032222",358,0.000729233270091095,0.0171648070201837,6.6293933644645e-05,"D.J. Humphries","ARI","OL",2022
"826","00-0028284",70,0.000728729040657022,0.0168693909467166,6.62480946051838e-05,"Patrick Scales","CHI","LS",2022
"827","00-0029822",124,0.00072746627729143,0.0166311066635147,6.61332979355846e-05,"Brandon McManus","DEN","K",2022
"828","00-0035764",1253,0.000721508144884621,0.0164268268991636,6.55916495349655e-05,"Calvin Throckmorton","NO","OL",2022
"829","00-0032394",385,0.000719157475417853,0.016350124111435,6.53779523107139e-05,"Nick Vannett","NYG","TE",2022
"830","00-0036437",1542,0.000717513964052347,0.0172792470577513,6.5228542186577e-05,"Tremayne Anchrum","LA","OL",2022
"831","00-0034198",744,0.00071722038807509,0.0176395883438024,6.52018534613718e-05,"Trent Sieg","LV","LS",2022
"832","00-0034360",794,0.000717218265481077,0.0161387627774038,6.52016604982797e-05,"Lorenzo Carter","ATL","LB",2022
"833","00-0031442",252,0.000713617628467428,0.0171144420348888,6.48743298606752e-05,"Taylor Lewan","TEN","OL",2022
"834","00-0035979",1303,0.000711074535496359,0.0171623404228505,6.46431395905781e-05,"Myles Dorn","MIN","DB",2022
"835","00-0030725",178,0.000702059748013137,0.0162889957455995,6.38236134557397e-05,"Cornelius Lucas","WAS","OL",2022
"836","00-0035819",1262,0.000694502002510641,0.0175232310700181,6.31365456827856e-05,"Binjimen Victor","BAL","WR",2022
"837","00-0033058",488,0.000684599122383132,0.0175476363761269,6.2236283853012e-05,"Reggie Ragland","CLE","LB",2022
"838","00-0037401",2005,0.000682311036896542,0.0169512584971872,6.20282760815038e-05,"Forrest Rhyne","IND","LB",2022
"839","00-0036162",1348,0.00068090723356081,0.017303425199372,6.19006575964373e-05,"Tyler Bass","BUF","K",2022
"840","00-0037382",1997,0.000680751175846154,0.018053022800515,6.18864705314685e-05,"Brandon Johnson","DEN","WR",2022
"841","00-0036957",1781,0.000675515719101235,0.0163552304918758,6.14105199182941e-05,"Drew Dalman","ATL","OL",2022
"842","00-0037095",1859,0.00067550920758876,0.0173547810255138,6.14099279626146e-05,"Christian Holmes","WAS","DB",2022
"843","00-0031054",195,0.000668116618373917,0.0170441255208009,6.07378743976288e-05,"DaQuan Jones","BUF","DL",2022
"844","00-0032933",459,0.000667321750691143,0.0165840485984779,6.06656136991948e-05,"Antonio Hamilton","ARI","DB",2022
"845","00-0035900",1283,0.000663272959856978,0.0170645312085898,6.02975418051798e-05,"Cole Christiansen","KC","LB",2022
"846","00-0037197",1890,0.000652674412018297,0.0163061434923022,5.93340374562089e-05,"Isiah Pacheco","KC","RB",2022
"847","00-0032211",354,0.000651238150426517,0.0163181816868723,5.92034682205925e-05,"Tyler Lockett","SEA","WR",2022
"848","00-0034278",763,0.000651122174779542,0.0158807733364612,5.91929249799584e-05,"Tremon Smith","HOU","DB",2022
"849","00-0032402",390,0.000648406947372926,0.016842175671745,5.89460861248114e-05,"Hassan Ridgeway","SF","DL",2022
"850","00-0031598",280,0.000642187333740032,0.0169159842976712,5.83806667036393e-05,"Nick Boyle","BAL","TE",2022
"851","00-0031361",232,0.000641930680211683,0.0173052095473555,5.83573345646985e-05,"Christian Kirksey","HOU","LB",2022
"852","00-0028394",73,0.00063923897243481,0.0171421077689748,5.811263385771e-05,"Jake McQuaide","DAL","LS",2022
"853","00-0035928",1290,0.000631820131883023,0.0173972561832043,5.74381938075475e-05,"Eric Banks","ARI","DL",2022
"854","00-0037293",1951,0.0006317727044576,0.0174442007529281,5.74338822234182e-05,"Devin Harper","DAL","LB",2022
"855","00-0034773",912,0.000629836385499989,0.0167289514677591,5.72578532272717e-05,"Vita Vea","TB","DL",2022
"856","00-0032971",471,0.000627615689624118,0.0166438259539785,5.70559717840108e-05,"Justin Simmons","DEN","DB",2022
"857","00-0033095",500,0.000623646590555448,0.0175101548831875,5.66951445959498e-05,"Garrett Griffin","DET","TE",2022
"858","00-0031870",300,0.00062255519748621,0.0167596718618456,5.65959270442009e-05,"Dean Marlowe","BUF","DB",2022
"859","00-0035414",1143,0.000620300206913192,0.0177207471235964,5.63909279011993e-05,"Jalen Guyton","LAC","WR",2022
"860","00-0032889",453,0.000619628834514542,0.0165032122923364,5.63298940467766e-05,"A'Shawn Robinson","LA","DL",2022
"861","00-0037155",1875,0.000603810687893006,0.0168067221361224,5.4891880717546e-05,"Tony Adams","NYJ","DB",2022
"862","00-0032763",438,0.000601879252525822,0.0173007244466043,5.47162956841656e-05,"Austin Johnson","LAC","DL",2022
"863","00-0036629",1621,0.000595793952364948,0.0161277666808787,5.41630865786317e-05,"Camryn Bynum","MIN","DB",2022
"864","00-0031615",283,0.000582215935431416,0.0167678922417517,5.2928721402856e-05,"Christian Ringo","BAL","DL",2022
"865","00-0034594",873,0.000581596512486869,0.0178346899553462,5.2872410226079e-05,"A.J. Moore","TEN","DB",2022
"866","00-0037001",1818,0.000579063776710483,0.0160827188313914,5.26421615191349e-05,"Quinn Meinerz","DEN","OL",2022
"867","00-0036352",1478,0.000578002050692459,0.0173076198943239,5.25456409720417e-05,"Carlos Davis","PIT","DL",2022
"868","00-0034193",743,0.000575449254359892,0.016290569274186,5.2313568578172e-05,"Kevin Rader","TEN","TE",2022
"869","00-0032575",420,0.000563671342266453,0.0167217468499178,5.12428492969503e-05,"Matt Skura","LA","OL",2022
"870","00-0037741",2088,0.000559688025679753,0.0159740355351127,5.08807296072503e-05,"Jahan Dotson","WAS","WR",2022
"871","00-0037321",1974,0.00055900317639003,0.0172617759601072,5.08184705809118e-05,"Chase Lucas","DET","DB",2022
"872","00-0034495",853,0.000558574364795262,0.017086404189618,5.07794877086602e-05,"Evan Brown","DET","OL",2022
"873","00-0037563",2047,0.000556106714519995,0.0166163739177454,5.05551558654541e-05,"Malik Davis","DAL","RB",2022
"874","00-0031610",282,0.000554859034357278,0.0170114300150694,5.04417303961162e-05,"Darren Waller","LV","TE",2022
"875","00-0036994",1811,0.000553232023209351,0.0163635351136529,5.02938202917592e-05,"Ernest Jones","LA","LB",2022
"876","00-0035685",1223,0.000549429120519996,0.0159129541148005,4.99481018654542e-05,"David Montgomery","CHI","RB",2022
"877","00-0036355",1480,0.000548536976540044,0.0169472899468882,4.98669978672767e-05,"Justin Herbert","LAC","QB",2022
"878","00-0035406",1138,0.000544266637081067,0.0168533984832983,4.94787851891879e-05,"Lil'Jordan Humphrey","NE","WR",2022
"879","00-0035358",1124,0.000543747806163501,0.016756528591062,4.94316187421364e-05,"Chase McLaughlin","IND","K",2022
"880","00-0036888",1726,0.000533498159808037,0.0167653056956936,4.84998327098215e-05,"Damar Hamlin","BUF","DB",2022
"881","00-0036987",1804,0.000532664297396305,0.0167582107352632,4.84240270360277e-05,"Brandon Stephens","BAL","DB",2022
"882","00-0032128",329,0.000522471211939631,0.0171077312020749,4.74973829036028e-05,"Chris Conley","TEN","WR",2022
"883","00-0027865",42,0.000519963927324036,0.0166515101950132,4.72694479385488e-05,"Brandon Graham","PHI","DL",2022
"884","00-0035236",1061,0.000517037435829129,0.0169859163502811,4.70034032571935e-05,"Byron Murphy","ARI","DB",2022
"885","00-0036816",1682,0.000516048993681915,0.0170768608618186,4.69135448801741e-05,"Riley Patterson","JAX","K",2022
"886","00-0036918",1750,0.000513244457714814,0.0169170351028685,4.66585870649831e-05,"Jacob Harris","LA","WR",2022
"887","00-0032063",320,0.000513014513044778,0.0172063775943739,4.66376830040707e-05,"Mike Davis","BAL","RB",2022
"888","00-0037381",1996,0.000511638861032092,0.0176672027890479,4.65126237301902e-05,"Sebastian Gutierrez","LV","OL",2022
"889","00-0037305",1962,0.000510397862470422,0.0170816789632432,4.63998056791293e-05,"Luke Tenuta","GB","OL",2022
"890","00-0032569",418,0.000504942574424397,0.0173898860981586,4.59038704022179e-05,"Wil Lutz","NO","K",2022
"891","00-0036617",1609,0.000503717961621737,0.0157996431864565,4.57925419656125e-05,"Asante Samuel","LAC","DB",2022
"892","00-0027993",60,0.000496243132395643,0.016751008020294,4.51130120359675e-05,"Rodney Hudson","ARI","OL",2022
"893","00-0034450",845,0.000482164003018202,0.017624619383068,4.38330911834729e-05,"Greg Joseph","MIN","K",2022
"894","00-0038102",2163,0.000481978997553195,0.01696513652165,4.38162725048359e-05,"Kenny Pickett","PIT","QB",2022
"895","00-0036213",1372,0.000481858227634454,0.0162724696879543,4.3805293421314e-05,"Raekwon Davis","MIA","DL",2022
"896","00-0036500",1560,0.000474271452928469,0.0165216073561842,4.31155866298608e-05,"Jamien Sherwood","NYJ","LB",2022
"897","00-0037302",1959,0.000471401019010969,0.0178038765720262,4.28546380919063e-05,"Austin Deculus","HOU","OL",2022
"898","00-0025630",11,0.000464009819555044,0.0175848245784901,4.21827108686404e-05,"Clark Harris","CIN","LS",2022
"899","00-0036293",1432,0.000457722221276919,0.0161037712057017,4.16111110251744e-05,"Jeremy Chinn","CAR","DB",2022
"900","00-0028946",79,0.000457587158316834,0.0173984459415088,4.15988325742576e-05,"Aaron Brewer","ARI","LS",2022
"901","00-0032192",347,0.00045134125936735,0.0176034976723843,4.103102357885e-05,"Daniel Munyer","TEN","OL",2022
"902","00-0032772",442,0.000449139791263331,0.0175973559966789,4.08308901148483e-05,"Ryan Smith","TB","DB",2022
"903","00-0037825",2124,0.000446703105393588,0.0157922602602931,4.06093732175989e-05,"Tyler Linderbaum","BAL","OL",2022
"904","00-0031061",196,0.000444711498084021,0.0169243182513014,4.04283180076383e-05,"Dontae Johnson","SF","DB",2022
"905","00-0035436",1146,0.000440733334463111,0.0170664425569669,4.00666667693737e-05,"Matt Sokol","NE","TE",2022
"906","00-0036559",1584,0.000439867356848561,0.0166456839965613,3.99879415316873e-05,"Shaun Wade","NE","DB",2022
"907","00-0037475",2020,0.000436273191813207,0.0177063918884782,3.96611992557461e-05,"Stone Smartt","LAC","TE",2022
"908","00-0033290",533,0.000436055331876476,0.0162158389941386,3.96413938069524e-05,"Jermaine Eluemunor","LV","OL",2022
"909","00-0037172",1878,0.000431877668217685,0.0171949114043986,3.92616062016077e-05,"Kyric Mcgowan","WAS","WR",2022
"910","00-0036306",1443,0.000431500641498245,0.0175439291763485,3.9227331045295e-05,"Daniel Thomas","JAX","DB",2022
"911","00-0025825",12,0.000429116050668618,0.0164061548656346,3.90105500607834e-05,"Brett Kern","PHI","P",2022
"912","00-0029421",98,0.000428941879285454,0.0166480170559497,3.89947162986776e-05,"Randy Bullock","TEN","K",2022
"913","00-0034682",889,0.00042506215769361,0.0177430712329214,3.86420143357828e-05,"Genard Avery","TB","LB",2022
"914","00-0036418",1530,0.000422686377391698,0.0168340063321974,3.84260343083362e-05,"Zack Baun","NO","LB",2022
"915","00-0037632",2072,0.000421961495325465,0.0176728884439221,3.83601359386786e-05,"Roger Carter","LA","TE",2022
"916","00-0035127",1024,0.000420587014733948,0.0161978993966786,3.82351831576316e-05,"Andre James","LV","OL",2022
"917","00-0036795",1678,0.000415734586712493,0.0171734306512088,3.77940533374994e-05,"Jake Curhan","SEA","OL",2022
"918","00-0038099",2160,0.000409860165342672,0.0183717354468243,3.7260015031152e-05,"Phidarian Mathis","WAS","DL",2022
"919","00-0035230",1056,0.000401469899708322,0.0162109969014251,3.64972636098475e-05,"Ed Oliver","BUF","DL",2022
"920","00-0032187",346,0.000399212767465156,0.0163415347165709,3.62920697695596e-05,"David Johnson","NO","RB",2022
"921","00-0034067",714,0.000390332180862817,0.0168570492497004,3.54847437148015e-05,"Scott Daly","DET","LS",2022
"922","00-0034571",867,0.000387732359885886,0.0185549444358207,3.52483963532623e-05,"Trenton Scott","PIT","OL",2022
"923","00-0035139",1026,0.000385265284378991,0.0176307939402225,3.50241167617264e-05,"Marquise Blair","PHI","DB",2022
"924","00-0037838",2134,0.000384558975474579,0.0170273832396292,3.49599068613254e-05,"Isaiah Likely","BAL","TE",2022
"925","00-0034808",935,0.000381176861867597,0.0179310588354567,3.46524419879634e-05,"John Kelly","CLE","RB",2022
"926","00-0037801",2105,0.000376546454149811,0.0174378373000845,3.4231495831801e-05,"Kavontae Turpin","DAL","WR",2022
"927","00-0034810",936,0.000372149506522482,0.0170379622636268,3.38317733202257e-05,"Sebastian Joseph","LAC","DL",2022
"928","00-0034375",806,0.00036804789093256,0.0165447470211928,3.34588991756872e-05,"Kyzir White","PHI","LB",2022
"929","00-0036373",1495,0.000366094080568087,0.0172420464955181,3.32812800516443e-05,"Rashard Lawrence","ARI","DL",2022
"930","00-0037587",2055,0.000360328563180232,0.0170788418581901,3.27571421072938e-05,"Nate Landman","ATL","LB",2022
"931","00-0032434",400,0.000353589472762066,0.016693267396077,3.21444975238242e-05,"Brandon Allen","CIN","QB",2022
"932","00-0037007",1824,0.00035293907357963,0.0168740135027673,3.20853703254209e-05,"Patrick Jones","MIN","LB",2022
"933","00-0036210",1370,0.000351064966832823,0.0168618755469184,3.19149969848021e-05,"Badara Traore","ARI","OL",2022
"934","00-0032780",446,0.000348656829486953,0.0175763613829559,3.16960754079048e-05,"Jordan Howard","NO","RB",2022
"935","00-0035457",1149,0.000346491359787807,0.0171625789284025,3.14992145261643e-05,"Tyron Johnson","CIN","WR",2022
"936","00-0037337",1984,0.000343929975996485,0.0179407200707233,3.12663614542259e-05,"Shaun Jolly","LA","DB",2022
"937","00-0032967",468,0.000340042974817636,0.0171130975538809,3.09129977106942e-05,"Vernon Butler","NYG","DL",2022
"938","00-0036641",1630,0.00034001107673439,0.0178963369402919,3.09100978849445e-05,"Richard LeCounte","LA","DB",2022
"939","00-0037758",2102,0.0003286476891664,0.0171134527230623,2.98770626514909e-05,"Cordale Flott","NYG","DB",2022
"940","00-0035850",1270,0.000324378310914889,0.0171031055010428,2.9488937355899e-05,"Kameron Cline","IND","DL",2022
"941","00-0035280",1095,0.000324068741079957,0.0166307164732578,2.94607946436324e-05,"Jake Bailey","NE","P",2022
"942","00-0034371",802,0.00032393753637891,0.0170272067098789,2.94488669435373e-05,"Da'Shawn Hand","TEN","DL",2022
"943","00-0034445",843,0.000323922922729455,0.0177059216972837,2.94475384299505e-05,"Nick Gates","NYG","OL",2022
"944","00-0035925",1288,0.000323538477665401,0.0173984571758012,2.94125888786729e-05,"Jarren Williams","DET","DB",2022
"945","00-0034388",816,0.000322328573804182,0.0175415812108894,2.9302597618562e-05,"Davontae Harris","TEN","DB",2022
"946","00-0037301",1958,0.00032192506660549,0.0172179837442776,2.92659151459536e-05,"Theo Jackson","MIN","DB",2022
"947","00-0038130",2189,0.000321869759240092,0.016944585502881,2.92608872036447e-05,"Andrew Booth","MIN","DB",2022
"948","00-0038098",2159,0.000321433973370608,0.017142419892488,2.92212703064189e-05,"Pierre Strong","NE","RB",2022
"949","00-0037661",2078,0.000320517780953939,0.0176931112952104,2.91379800867217e-05,"Ja'Marcus Ingram","BUF","DB",2022
"950","00-0037353",1987,0.000315778339575388,0.0163604769170478,2.87071217795808e-05,"Kader Kohou","MIA","DB",2022
"951","00-0036118",1333,0.000312040570803926,0.0167043655375496,2.83673246185387e-05,"Jovante Moffatt","ATL","DB",2022
"952","00-0035399",1136,0.000308719439354141,0.0171379373763962,2.80654035776492e-05,"Stanley Morgan","CIN","WR",2022
"953","00-0031893",301,0.000301010378775124,0.0167816193873206,2.73645798886477e-05,"Jesse Davis","PIT","OL",2022
"954","00-0037310",1965,0.000288952517017043,0.0172876188969774,2.6268410637913e-05,"James Houston","DET","LB",2022
"955","00-0036788",1676,0.000285748937658855,0.0165404022681631,2.5977176150805e-05,"Jack Heflin","NYG","DL",2022
"956","00-0027187",29,0.000284407478426711,0.0173135472123891,2.58552253115192e-05,"Matt Overton","DAL","LS",2022
"957","00-0036015",1312,0.000278792948949758,0.0177895206009018,2.53448135408871e-05,"Zack Johnson","TEN","OL",2022
"958","00-0032943",462,0.000273959372924349,0.0167671386790969,2.49053975385772e-05,"Riley Dixon","LA","P",2022
"959","00-0032384",378,0.000269633082926325,0.0171487605159373,2.45120984478477e-05,"Germain Ifedi","ATL","OL",2022
"960","00-0038117",2176,0.000269046380618506,0.0170954508303471,2.44587618744097e-05,"Wan'Dale Robinson","NYG","WR",2022
"961","00-0037645",2076,0.000266549813709108,0.0183990218034266,2.42318012462825e-05,"Nick Sciba","PIT","K",2022
"962","00-0036877",1716,0.000264956756538137,0.0170486930434134,2.40869778671034e-05,"Jaelon Darden","CLE","WR",2022
"963","00-0037488",2025,0.000263983309624931,0.0167712375485808,2.39984826931755e-05,"Nolan Turner","TB","DB",2022
"964","00-0031904",303,0.000263361907499816,0.0167730789280926,2.39419915908924e-05,"Bryce Callahan","LAC","DB",2022
"965","00-0036669",1652,0.000262453830446358,0.0175404061721302,2.3859439131487e-05,"Kylin Hill","GB","RB",2022
"966","00-0036406",1518,0.000260324250495622,0.0167216288255225,2.36658409541475e-05,"Tristan Wirfs","TB","OL",2022
"967","00-0034944",976,0.000258509817173862,0.0160918692386025,2.35008924703511e-05,"Chase Hansen","NO","LB",2022
"968","00-0036043",1319,0.000255700960230377,0.0175271331763259,2.32455418391252e-05,"Jace Whittaker","ARI","DB",2022
"969","00-0036413",1525,0.000243573472548442,0.0168027768587519,2.21430429589492e-05,"Darrell Taylor","SEA","LB",2022
"970","00-0036093",1329,0.000240550006481365,0.0176619865125683,2.18681824073968e-05,"Bill Murray","NE","OL",2022
"971","00-0028118",65,0.000237447158222333,0.0168242993005559,2.15861052929394e-05,"Tyrod Taylor","NYG","QB",2022
"972","00-0032734",434,0.000236058857275704,0.0173677504391551,2.14598961159731e-05,"Brennan Scarlett","MIA","LB",2022
"973","00-0034116",726,0.000235487094846231,0.0170783540637384,2.14079177132937e-05,"J.T. Gray","NO","DB",2022
"974","00-0035593",1171,0.000233400153394202,0.0168499767860793,2.12181957631093e-05,"Juwann Winfree","GB","WR",2022
"975","00-0031763",290,0.000231467265101984,0.0165886406542649,2.10424786456349e-05,"DeAndre Carter","LAC","WR",2022
"976","00-0023252",5,0.000226383805006264,0.0173825066299759,2.05803459096604e-05,"Robbie Gould","SF","K",2022
"977","00-0036235",1389,0.000222003858025769,0.016860670231077,2.01821689114335e-05,"Shaquille Quarterman","JAX","LB",2022
"978","00-0035572",1168,0.000220972208925449,0.0168802315863371,2.00883826295863e-05,"Parker Hesse","ATL","TE",2022
"979","00-0034115",725,0.000217911854071107,0.0167122375957796,1.98101685519188e-05,"Jeffery Wilson","MIA","RB",2022
"980","00-0034279",764,0.000214796238827734,0.0171365533889962,1.95269308025213e-05,"Equanimeous St. Brown","CHI","WR",2022
"981","00-0037100",1863,0.000212338414912102,0.0172737816074218,1.93034922647366e-05,"Chase Allen","CHI","TE",2022
"982","00-0036881",1719,0.000210971391287614,0.0177067418306826,1.91792173897831e-05,"Jay Tufele","CIN","DL",2022
"983","00-0033935",692,0.000205026526827947,0.0168888913171834,1.8638775166177e-05,"Trey Hendrickson","CIN","DL",2022
"984","00-0035277",1092,0.000199527776049904,0.0171182670625864,1.81388887318095e-05,"Michael Jackson","SEA","DB",2022
"985","00-0036552",1577,0.000198040508067115,0.0160158001958694,1.80036825515559e-05,"Azeez Ojulari","NYG","LB",2022
"986","00-0031561",267,0.00019750781181844,0.0169513681551784,1.79552556198582e-05,"Hroniss Grasu","LV","OL",2022
"987","00-0031734",288,0.000197376301348291,0.0176962705229169,1.79433001225719e-05,"Chris Reed","MIN","OL",2022
"988","00-0037487",2024,0.000195016530116899,0.0169435979865158,1.77287754651726e-05,"Deven Thompkins","TB","WR",2022
"989","00-0038096",2157,0.000187063281095285,0.0164218322908702,1.70057528268441e-05,"Josh Paschal","DET","DL",2022
"990","00-0033082",496,0.000185130702746762,0.0170389649339863,1.68300638860692e-05,"Lucas Patrick","CHI","OL",2022
"991","00-0031428",250,0.000183869799376886,0.0169375454168777,1.67154363069897e-05,"Allen Robinson","LA","WR",2022
"992","00-0034981",992,0.000178075597546568,0.0164295111317623,1.61886906860516e-05,"Foster Moreau","LV","TE",2022
"993","00-0034730",896,0.000177899156525022,0.0168970734597524,1.61726505931838e-05,"Marcell Harris","NYJ","LB",2022
"994","00-0037097",1861,0.000176728757334662,0.0169358923672919,1.60662506667875e-05,"Trenton Gill","CHI","P",2022
"995","00-0036040",1318,0.000174510283395652,0.016249203482409,1.58645712177866e-05,"Juwan Johnson","NO","TE",2022
"996","00-0037003",1820,0.00016657727683542,0.0178565097776022,1.514338880322e-05,"Chazz Surratt","NYJ","LB",2022
"997","00-0036181",1356,0.000166015153060779,0.0169110832183662,1.5092286641889e-05,"Teair Tart","TEN","DL",2022
"998","00-0033294",536,0.000165308196252741,0.0165422941954962,1.50280178411583e-05,"Chuck Clark","BAL","DB",2022
"999","00-0036297",1436,0.00016247526133654,0.0167194282964502,1.47704783033218e-05,"Darrynton Evans","CHI","RB",2022
"1000","00-0030098",145,0.000157604630324665,0.0175532286517014,1.43276936658786e-05,"Dustin Hopkins","LAC","K",2022
"1001","00-0036645",1634,0.000154467841624018,0.0176839977106702,1.40425310567289e-05,"Shemar Jean-Charles","GB","DB",2022
"1002","00-0030511",165,0.000149290234935844,0.0172861342591641,1.35718395396222e-05,"Brandon Williams","KC","DL",2022
"1003","00-0035542",1163,0.000146080623670659,0.0172648345371157,1.32800566973326e-05,"Kemon Hall","LAC","DB",2022
"1004","00-0035927",1289,0.000141680672896498,0.0168050122428226,1.28800611724089e-05,"Breiden Fehoko","LAC","DL",2022
"1005","00-0034887",967,0.000134280819971496,0.016773350779829,1.2207347270136e-05,"A.J. Johnson","SEA","LB",2022
"1006","00-0032107",326,0.000133351429837332,0.0166691260625697,1.21228572579392e-05,"Angelo Blackson","CHI","DL",2022
"1007","00-0036853",1698,0.000130163403026419,0.0171406691005176,1.18330366387654e-05,"Tyree Gillespie","JAX","DB",2022
"1008","00-0036887",1725,0.000129960658157963,0.0164222884488772,1.18146052870875e-05,"Luke Farrell","JAX","TE",2022
"1009","00-0035537",1161,0.00012721087281484,0.0160710461039825,1.15646248013491e-05,"Ty Johnson","NYJ","RB",2022
"1010","00-0036859",1704,0.000125315431819161,0.017853763923843,1.13923119835601e-05,"Jimmy Morrissey","HOU","OL",2022
"1011","00-0036364",1487,0.00012342647644631,0.0174061459498114,1.12205887678463e-05,"Lynn Bowden","NE","RB",2022
"1012","00-0034769",911,0.000121614327056997,0.0178363019342837,1.10558479142724e-05,"DeMarquis Gates","CHI","LB",2022
"1013","00-0035040",1009,0.000120701701233944,0.016368218224694,1.09728819303586e-05,"David Blough","ARI","QB",2022
"1014","00-0034967",983,0.000119845002625767,0.0170863935593899,1.0895000238706e-05,"Rashan Gary","GB","LB",2022
"1015","00-0032210",353,0.000119581216905165,0.0171558286644593,1.08710197186514e-05,"Frank Clark","KC","DL",2022
"1016","00-0035245",1069,0.000114624246778339,0.0170118191639387,1.04203860707581e-05,"Max Scharping","CIN","OL",2022
"1017","00-0035892",1281,0.000109002745895603,0.0176866629279543,9.90934053596393e-06,"Darryl Williams","JAX","OL",2022
"1018","00-0034999",1002,0.000105556214999244,0.0174161845706686,9.59601954538582e-06,"Ty Summers","NO","LB",2022
"1019","00-0037815",2116,0.000105184507144363,0.0171750443465187,9.56222792221482e-06,"Cameron Thomas","ARI","LB",2022
"1020","00-0036851",1696,0.000104559560864447,0.0173514381831211,9.50541462404068e-06,"Tyler Shelvin","CIN","DL",2022
"1021","00-0035643",1193,0.0001038827712467,0.016841564030165,9.44388829515457e-06,"Jeffery Simmons","TEN","DL",2022
"1022","00-0032986",475,0.000102142708062881,0.0163161856599583,9.28570073298918e-06,"J.P. Holtz","NO","TE",2022
"1023","00-0037138",1871,0.000101521605359474,0.017113725009824,9.22923685086125e-06,"Josh Sills","PHI","OL",2022
"1024","00-0037394",2002,9.07562094839954e-05,0.0178543123936818,8.25056449854504e-06,"Ethan Fernea","IND","WR",2022
"1025","00-0036369",1492,8.66125072107356e-05,0.016710968620015,7.87386429188506e-06,"John Simpson","BAL","OL",2022
"1026","00-0036852",1697,7.99829755350197e-05,0.01833388989454,7.2711795940927e-06,"D'Ante Smith","CIN","OL",2022
"1027","00-0037196",1889,7.71028814124102e-05,0.0172947757644613,7.00935285567365e-06,"Rasheed Walker","GB","OL",2022
"1028","00-0036975",1794,7.40007334706668e-05,0.0166874701541646,6.72733940642426e-06,"Walker Little","JAX","OL",2022
"1029","00-0036295",1434,7.37719293421087e-05,0.0170070994461583,6.70653903110079e-06,"Matt Hennessy","ATL","OL",2022
"1030","00-0036315",1450,7.27559575569556e-05,0.0169032081380297,6.61417795972324e-06,"Stantley Thomas-Oliver","CAR","DB",2022
"1031","00-0035345",1117,7.22254239711077e-05,0.0163418942427355,6.56594763373706e-06,"Chris Myarick","NYG","TE",2022
"1032","00-0035239",1064,7.12549936581435e-05,0.0163907790000503,6.47772669619487e-06,"Sean Murphy-Bunting","TB","DB",2022
"1033","00-0035965",1299,7.08608022138214e-05,0.0171507480901184,6.4418911103474e-06,"Tipa Galeai","GB","LB",2022
"1034","00-0033452",562,7.01556284547774e-05,0.0173486658286223,6.37778440497976e-06,"Austin Calitro","LV","LB",2022
"1035","00-0036139",1339,6.75904329460796e-05,0.0173837610327797,6.14458481327996e-06,"Rico Dowdle","DAL","RB",2022
"1036","00-0037753",2097,6.5984714343781e-05,0.0169111383377648,5.99861039488918e-06,"Cam Taylor-Britt","CIN","DB",2022
"1037","00-0032143",335,6.29342244323182e-05,0.0178181558622694,5.72129313021075e-06,"Danny Shelton","KC","DL",2022
"1038","00-0036348",1475,5.5782934481825e-05,0.0164496680531263,5.07117586198409e-06,"Josh Metellus","MIN","DB",2022
"1039","00-0035841",1267,5.5269712640455e-05,0.0174671521649803,5.02451933095045e-06,"Benito Jones","DET","DL",2022
"1040","00-0034401",825,5.36477430631556e-05,0.0166026060948389,4.87706755119597e-06,"Mike White","NYJ","QB",2022
"1041","00-0035976",1302,4.81654703485392e-05,0.0167572155591023,4.37867912259447e-06,"Dan Chisena","MIN","WR",2022
"1042","00-0036927",1757,4.79747922541905e-05,0.0165776675485373,4.36134475038095e-06,"Pete Werner","NO","LB",2022
"1043","00-0034229",748,4.61337300494171e-05,0.0174913449196803,4.19397545903791e-06,"Dakoda Shepley","DAL","OL",2022
"1044","00-0029261",90,4.55488640665743e-05,0.0162623183543864,4.14080582423403e-06,"Casey Hayward","ATL","DB",2022
"1045","00-0035290",1098,4.4822244016646e-05,0.0161551781523636,4.07474945605873e-06,"Jaquan Johnson","BUF","DB",2022
"1046","00-0036849",1694,4.18440574639182e-05,0.0163617526832905,3.80400522399256e-06,"Tutu Atwell","LA","WR",2022
"1047","00-0034162",734,3.64664466729418e-05,0.0170655381783091,3.31513151572198e-06,"J.K. Scott","LAC","P",2022
"1048","00-0037412",2007,3.26124786774046e-05,0.0167813558728222,2.96477078885496e-06,"Cal Adomitis","CIN","LS",2022
"1049","00-0032660",425,3.03039452639918e-05,0.0170370821280019,2.75490411490834e-06,"Brandin Bryant","BUF","DL",2022
"1050","00-0035370",1128,2.95613138307841e-05,0.0174982200759034,2.68739216643492e-06,"Saivion Smith","DET","DB",2022
"1051","00-0027114",28,2.28702875241828e-05,0.0169158362990163,2.07911704765298e-06,"Thomas Morstead","MIA","P",2022
"1052","00-0037813",2114,2.1783910763014e-05,0.0167348299768739,1.98035552391036e-06,"Channing Tindall","MIA","LB",2022
"1053","00-0036955",1779,1.85893000127207e-05,0.0160338568952776,1.68993636479279e-06,"Terrace Marshall","CAR","WR",2022
"1054","00-0035603",1173,1.63508556638335e-05,0.0179141068678429,1.48644142398487e-06,"Kendall Blanton","KC","TE",2022
"1055","00-0036831",1685,1.29801788721696e-05,0.0179807097384506,1.18001626110633e-06,"Kobe Jones","CAR","DL",2022
"1056","00-0037400",2004,1.24408339978144e-05,0.0181682784471293,1.13098490889221e-06,"D'vonte Price","IND","RB",2022
"1057","00-0033969",707,1.5854872928653e-06,0.0170381318250498,1.441352084423e-07,"Ifeadi Odenigbo","TB","DL",2022
"1058","00-0036163",1349,3.5494138036295e-07,0.0181088230792369,3.22673982148136e-08,"Justin Herron","LV","OL",2022
"1059","00-0032543",416,-8.35459245785154e-07,0.0185188217659552,-7.59508405259231e-08,"Alex Erickson","WAS","WR",2022
"1060","00-0036337",1467,-6.03749011489058e-06,0.0170939190952248,-5.48862737717325e-07,"James Lynch","MIN","DL",2022
"1061","00-0034394",820,-1.56303005090915e-05,0.0165157279577638,-1.42093640991741e-06,"Andrew Brown","CHI","DL",2022
"1062","00-0034867",964,-1.81029366205442e-05,0.0172790481678014,-1.64572151095856e-06,"Malik Turner","HOU","WR",2022
"1063","00-0031142",205,-2.20237263736972e-05,0.016875965509806,-2.00215694306338e-06,"Matt Feiler","LAC","OL",2022
"1064","00-0037831",2130,-2.42364344430822e-05,0.0170026664552727,-2.20331222209838e-06,"Nick Zakelj","SF","OL",2022
"1065","00-0033400",557,-2.71332842518985e-05,0.0166423000944503,-2.46666220471805e-06,"Matt Haack","IND","P",2022
"1066","00-0034720",892,-2.75843322660038e-05,0.0162993345092276,-2.50766656963671e-06,"Robert Spillane","PIT","LB",2022
"1067","00-0037267",1931,-3.18333357118141e-05,0.016744646330617,-2.89393961016492e-06,"Jerome Ford","CLE","RB",2022
"1068","00-0038147",2196,-3.21031718769895e-05,0.0172328742739582,-2.91847017063541e-06,"Daylen Baldwin","CLE","WR",2022
"1069","00-0037618",2070,-3.26793231474622e-05,0.0172562527800781,-2.9708475588602e-06,"Zachary Thomas","LA","OL",2022
"1070","00-0026190",18,-3.37778856390386e-05,0.0158558272130618,-3.07071687627623e-06,"Calais Campbell","BAL","DL",2022
"1071","00-0036802",1679,-4.16484202495574e-05,0.0167763038349573,-3.78622002268704e-06,"Jon Rhattigan","SEA","LB",2022
"1072","00-0038103",2164,-4.37404902556645e-05,0.016584739543394,-3.97640820506041e-06,"Cole Strange","NE","OL",2022
"1073","00-0035265",1084,-4.70925794203672e-05,0.0169096881530896,-4.28114358366974e-06,"John Cominsky","DET","DL",2022
"1074","00-0034438",841,-4.75027170579796e-05,0.0176878819047917,-4.31842882345269e-06,"Logan Woodside","ATL","QB",2022
"1075","00-0036431",1540,-4.75586605203856e-05,0.016882586772593,-4.32351459276232e-06,"Jordan Fuller","LA","DB",2022
"1076","00-0036120",1334,-4.97514036085334e-05,0.0170653643240204,-4.52285487350304e-06,"Alex Taylor","DAL","OL",2022
"1077","00-0037194",1887,-5.05111366108215e-05,0.0171421862906165,-4.59192151007469e-06,"Darian Kinnard","KC","OL",2022
"1078","00-0033930",690,-5.27799610850877e-05,0.0163987544333795,-4.79817828046251e-06,"Cameron Sutton","PIT","DB",2022
"1079","00-0035694",1230,-5.29792551424891e-05,0.0167089012218939,-4.81629592204447e-06,"Greg Little","MIA","OL",2022
"1080","00-0035881",1277,-6.1239779448374e-05,0.017713548986923,-5.56725267712491e-06,"Yasir Durant","NO","OL",2022
"1081","00-0037318",1971,-6.12970710126602e-05,0.0175352193234353,-5.57246100115093e-06,"Baylon Spector","BUF","LB",2022
"1082","00-0035761",1251,-6.18468554465955e-05,0.0171629479839726,-5.62244140423596e-06,"Ramiz Ahmed","GB","K",2022
"1083","00-0032087",323,-7.00262649657557e-05,0.0170968450531776,-6.36602408779597e-06,"Josh Lambo","TEN","K",2022
"1084","00-0031619",284,-7.37596446190912e-05,0.0165923274303381,-6.7054222380992e-06,"Christian Covington","LAC","DL",2022
"1085","00-0034909",971,-8.33592946173497e-05,0.0161262776485711,-7.57811769248634e-06,"Tristan Vizcaino","DAL","K",2022
"1086","00-0035532",1158,-8.47254712434622e-05,0.0168766685410331,-7.70231556758747e-06,"Deionte Thompson","JAX","DB",2022
"1087","00-0032677",429,-9.91696084131067e-05,0.0167596239817201,-9.01541894664607e-06,"Cory Littleton","CAR","LB",2022
"1088","00-0036882",1720,-0.000102680779822674,0.017373635214241,-9.33461634751582e-06,"Jabril Cox","DAL","LB",2022
"1089","00-0034413",828,-0.000104793281480778,0.0167917268115383,-9.52666195279796e-06,"Foyesade Oluokun","JAX","LB",2022
"1090","00-0035000",1003,-0.000105433379342211,0.0166993289139445,-9.58485266747373e-06,"Quinton Bell","ATL","LB",2022
"1091","00-0035237",1062,-0.000106500405470372,0.0167539471897099,-9.68185504276106e-06,"Jawaan Taylor","JAX","OL",2022
"1092","00-0032200",350,-0.000108672155225786,0.0175593727206871,-9.87928683870783e-06,"Ty Montgomery","NE","WR",2022
"1093","00-0037193",1886,-0.000109817646285523,0.017067467792122,-9.98342238959303e-06,"Bryan Cook","KC","DB",2022
"1094","00-0034500",855,-0.000112812165329599,0.0182781007823971,-1.02556513935999e-05,"Tae Davis","CLE","LB",2022
"1095","00-0033539",578,-0.000114131906916469,0.0167115608112682,-1.03756279014972e-05,"Jarrad Davis","NYG","LB",2022
"1096","00-0037596",2058,-0.000115971178854646,0.016791570957289,-1.05428344413315e-05,"Jack Gibbens","TEN","LB",2022
"1097","00-0033598",608,-0.000126161609324412,0.0170776022385658,-1.14692372113102e-05,"Eli Ankou","BUF","DL",2022
"1098","00-0035149",1034,-0.00012726674505034,0.0168619681122864,-1.15697040954855e-05,"Nick Allegretti","KC","OL",2022
"1099","00-0037524",2034,-0.000128845916411092,0.017016797167617,-1.17132651282811e-05,"Tay Martin","SF","WR",2022
"1100","00-0034687",891,-0.000130025840855525,0.01698587354602,-1.18205309868659e-05,"Korey Cunningham","NYG","OL",2022
"1101","00-0037149",1873,-0.000141633514357218,0.0181204353556604,-1.28757740324743e-05,"Joshua Onujiogu","SEA","DL",2022
"1102","00-0037557",2044,-0.000141911603636313,0.0167564026135029,-1.29010548760284e-05,"Ronnie Rivers","LA","RB",2022
"1103","00-0034676",885,-0.000143274397480183,0.0173604107841889,-1.30249452254712e-05,"James Washington","NYG","WR",2022
"1104","00-0036241",1393,-0.000147518386085379,0.0171409843819664,-1.34107623713981e-05,"Bryce Hall","NYJ","DB",2022
"1105","00-0036427",1537,-0.000148874467576454,0.0173359147213823,-1.35340425069504e-05,"Tyler Johnson","TB","WR",2022
"1106","00-0034614",876,-0.000149077334191824,0.0171997411666062,-1.35524849265295e-05,"Godwin Igwebuike","SEA","RB",2022
"1107","00-0034317",772,-0.000151844645958504,0.0174367934379898,-1.38040587235004e-05,"Keith Kirkwood","NO","WR",2022
"1108","00-0035329",1112,-0.000156979150826947,0.0174956942646674,-1.42708318933588e-05,"Donald Parham","LAC","TE",2022
"1109","00-0035223",1052,-0.000164602904786454,0.0169777396676278,-1.49639004351322e-05,"Ulysees Gilbert","TB","LB",2022
"1110","00-0037319",1972,-0.000170056174260705,0.0169803214723694,-1.54596522055186e-05,"Faion Hicks","DEN","DB",2022
"1111","00-0032753",435,-0.000170522466426853,0.0169459280107253,-1.55020424024412e-05,"Luke Rhodes","IND","LS",2022
"1112","00-0037245",1909,-0.000175031011842106,0.0173881031334973,-1.59119101674641e-05,"Lewis Cine","MIN","DB",2022
"1113","00-0036858",1703,-0.000178425594467695,0.0179481247875955,-1.62205085879723e-05,"Jalen Camp","HOU","WR",2022
"1114","00-0035609",1175,-0.00018273729346194,0.0167524868314876,-1.66124812238127e-05,"Jake Gervase","LA","LB",2022
"1115","00-0033893",663,-0.000184116794931661,0.0170756891793675,-1.67378904483328e-05,"Dalvin Cook","MIN","RB",2022
"1116","00-0036646",1635,-0.000191282607699868,0.0177232479643296,-1.73893279727153e-05,"Simi Fehoko","DAL","WR",2022
"1117","00-0030874",185,-0.000193190455646124,0.0169851328059566,-1.75627686951022e-05,"Damien Williams","ATL","RB",2022
"1118","00-0035876",1276,-0.000193877352063929,0.0178839545161749,-1.76252138239935e-05,"Andre Baccellia","ARI","WR",2022
"1119","00-0036149",1342,-0.000194530796635891,0.0173927135087195,-1.76846178759901e-05,"Javelin Guidry","ATL","DB",2022
"1120","00-0037686",2085,-0.000194628524670947,0.0165203104123018,-1.76935022428133e-05,"Tucker Addington","NE","LS",2022
"1121","00-0034792",924,-0.000200134107737561,0.0170255335268126,-1.81940097943237e-05,"Cornell Armstrong","ATL","DB",2022
"1122","00-0034263",755,-0.000206124429785791,0.0165211553370643,-1.8738584525981e-05,"Tarvarius Moore","SF","DB",2022
"1123","00-0026544",23,-0.00020874521820729,0.0179696295394568,-1.89768380188446e-05,"Chase Daniel","LAC","QB",2022
"1124","00-0036403",1517,-0.000214482002894367,0.0159511721703491,-1.94983638994879e-05,"Casey Toohill","WAS","DL",2022
"1125","00-0037055",1837,-0.000217011455224785,0.017096507544036,-1.97283141113441e-05,"Lance McCutcheon","LA","WR",2022
"1126","00-0035683",1222,-0.000219310887668709,0.016243039888686,-1.99373534244281e-05,"Dexter Lawrence","NYG","DL",2022
"1127","00-0037070",1840,-0.000223484064214089,0.0177318615007348,-2.03167331103717e-05,"Josh Thompson","TEN","DB",2022
"1128","00-0026197",19,-0.000223491785832529,0.0178659538578999,-2.03174350756844e-05,"Chad Henne","KC","QB",2022
"1129","00-0035260",1079,-0.000224075555248627,0.0167801743095617,-2.03705050226025e-05,"Renell Wren","PIT","DL",2022
"1130","00-0037264",1928,-0.000224880630183961,0.0171613955424168,-2.04436936530874e-05,"Delarrin Turner-Yell","DEN","DB",2022
"1131","00-0035156",1036,-0.000225738079717615,0.0168903631159578,-2.05216436106923e-05,"Jack Fox","DET","P",2022
"1132","00-0036705",1663,-0.000233156530124887,0.0174918718279788,-2.11960481931716e-05,"Sam Kamara","CLE","LB",2022
"1133","00-0032871",452,-0.000235928941828864,0.0175065563979279,-2.14480856208058e-05,"Antwaun Woods","ARI","DL",2022
"1134","00-0034426",834,-0.000237493847508698,0.0174549951356387,-2.1590349773518e-05,"Javon Wims","ARI","WR",2022
"1135","00-0027948",52,-0.000248135022116854,0.0176274443197131,-2.25577292833504e-05,"Blaine Gabbert","TB","QB",2022
"1136","00-0035891",1280,-0.000255619345267809,0.0171452251936643,-2.32381222970736e-05,"Cody White","PIT","WR",2022
"1137","00-0036176",1355,-0.000255752685036375,0.0178296990775357,-2.32502440942159e-05,"Mason Kinsey","TEN","WR",2022
"1138","00-0036305",1442,-0.000262882381673477,0.0160754823616829,-2.38983983339525e-05,"Trevis Gipson","CHI","LB",2022
"1139","00-0034780",917,-0.000265251415900576,0.016739510618044,-2.41137650818706e-05,"Isaac Yiadom","NO","DB",2022
"1140","00-0031852",298,-0.000265564368523271,0.0169668902996832,-2.41422153202974e-05,"David Andrews","NE","OL",2022
"1141","00-0037329",1979,-0.000267327462789152,0.0165031628991022,-2.43024966171957e-05,"Brittain Brown","LV","RB",2022
"1142","00-0037307",1963,-0.000268963525021867,0.0166567284948487,-2.44512295474425e-05,"Ja'Sir Taylor","LAC","DB",2022
"1143","00-0037561",2046,-0.000272549022647488,0.016973676393168,-2.47771838770444e-05,"Markquese Bell","DAL","DB",2022
"1144","00-0037603",2061,-0.00027550460598169,0.0172635531614181,-2.50458732710628e-05,"Jayden Peevy","TEN","DL",2022
"1145","00-0036620",1612,-0.000279588893574189,0.0169648993365365,-2.54171721431081e-05,"D'Wayne Eskridge","SEA","WR",2022
"1146","00-0033055",486,-0.000283821651517253,0.0164280305670104,-2.58019683197503e-05,"Jalen Ramsey","LA","DB",2022
"1147","00-0036277",1421,-0.000285812132123222,0.0175077932694942,-2.59829211021111e-05,"Quintez Cephus","DET","WR",2022
"1148","00-0034164",736,-0.0002891544280311,0.0173642426941994,-2.62867661846454e-05,"Trenton Cannon","TEN","RB",2022
"1149","00-0036537",1573,-0.000290190662828697,0.0176449726545313,-2.63809693480633e-05,"Josiah Bronson","MIA","DL",2022
"1150","00-0034514",859,-0.000294783897566994,0.0167124583401704,-2.6798536142454e-05,"Levi Wallace","PIT","DB",2022
"1151","00-0034251",752,-0.00029517159401802,0.0172102549614205,-2.68337812743655e-05,"Daniel Ekuale","NE","DL",2022
"1152","00-0030279",149,-0.000297037018865004,0.0169045492907298,-2.7003365351364e-05,"Keenan Allen","LAC","WR",2022
"1153","00-0037503",2030,-0.000298126513836336,0.016584161472322,-2.71024103487579e-05,"Darien Butler","LV","LB",2022
"1154","00-0029412",95,-0.00030117962504288,0.0163781496519055,-2.73799659129891e-05,"Vinny Curry","NYJ","DL",2022
"1155","00-0037602",2060,-0.000301256569570408,0.0175299845904569,-2.73869608700371e-05,"Sam Okuayinonu","TEN","DL",2022
"1156","00-0030869",184,-0.000304189471254692,0.0164082520263533,-2.76535882958811e-05,"Tyler Larsen","WAS","OL",2022
"1157","00-0033338",548,-0.000310100776284925,0.0182068252843447,-2.81909796622659e-05,"Cethan Carter","MIA","TE",2022
"1158","00-0035350",1119,-0.000310941232476508,0.0182042510816005,-2.82673847705916e-05,"Preston Williams","CAR","WR",2022
"1159","00-0037244",1908,-0.000313996702176329,0.0163275598657088,-2.85451547433026e-05,"Devin Lloyd","JAX","LB",2022
"1160","00-0035423",1144,-0.000315184076257987,0.0167774284600842,-2.86530978416351e-05,"Daniel Wise","KC","DL",2022
"1161","00-0035849",1269,-0.000315369133877485,0.0182932582242052,-2.86699212615896e-05,"Rodrigo Blankenship","ARI","K",2022
"1162","00-0037051",1835,-0.000315405495270875,0.0174149718669487,-2.86732268428068e-05,"Elijah Garcia","DEN","DL",2022
"1163","00-0028845",74,-0.000317032445846791,0.0173895245509046,-2.88211314406174e-05,"Josh Harris","LAC","LS",2022
"1164","00-0038116",2175,-0.000319559886016134,0.0164426702620169,-2.90508987287394e-05,"Arnold Ebiketie","ATL","LB",2022
"1165","00-0037573",2051,-0.00032272582604395,0.016516289337939,-2.93387114585409e-05,"Quandre Mosely","NE","DB",2022
"1166","00-0034969",985,-0.000326056525218927,0.0166634428396751,-2.96415022926298e-05,"Ben Banogu","IND","DL",2022
"1167","00-0036087",1327,-0.000327643720122326,0.0164226991065421,-2.97857927383933e-05,"Myles Bryant","NE","DB",2022
"1168","00-0037415",2008,-0.000333747420841364,0.0169730297758981,-3.03406746219422e-05,"Allan George","CIN","DB",2022
"1169","00-0036915",1747,-0.000333931567879898,0.0165175671855564,-3.0357415261809e-05,"Jeremiah Owusu-Koramoah","CLE","LB",2022
"1170","00-0035316",1109,-0.00033584125517009,0.0164223381343675,-3.05310231972809e-05,"Kaden Elliss","NO","LB",2022
"1171","00-0033872",644,-0.000338449170637476,0.0177763471985601,-3.07681064215887e-05,"Jamal Adams","SEA","DB",2022
"1172","00-0037581",2053,-0.000345740861925757,0.0173399597443583,-3.14309874477961e-05,"Stanley Berryhill","DET","WR",2022
"1173","00-0036856",1701,-0.000346537310827632,0.016726053396374,-3.15033918934211e-05,"Trey Hill","CIN","OL",2022
"1174","00-0036661",1648,-0.000349789581963566,0.0171066522657136,-3.17990529057788e-05,"Israel Mukuamu","DAL","DB",2022
"1175","00-0033633",610,-0.000350430039599293,0.017495842287111,-3.18572763272084e-05,"Tanner Gentry","BUF","WR",2022
"1176","00-0036647",1636,-0.000355052460029875,0.0176235730274108,-3.22774963663522e-05,"Cornell Powell","KC","WR",2022
"1177","",1,-0.000357066314842991,0.0168005272638015,-3.24605740766355e-05,NA,NA,NA,NA
"1178","00-0036260",1407,-0.000357459986187257,0.0175482757837198,-3.24963623806597e-05,"Javon Kinlaw","SF","DL",2022
"1179","00-0037830",2129,-0.000359988149203976,0.0170621311308409,-3.27261953821797e-05,"Samuel Womack","SF","DB",2022
"1180","00-0032062",319,-0.000360979885354581,0.0170482294055433,-3.28163532140528e-05,"Blake Bell","KC","TE",2022
"1181","00-0031051",194,-0.000361589360753884,0.0170554333575194,-3.28717600685349e-05,"John Brown","BUF","WR",2022
"1182","00-0036944",1771,-0.000363570800119627,0.0170582362190369,-3.30518909199661e-05,"Jaycee Horn","CAR","DB",2022
"1183","00-0033435",559,-0.000364466048203119,0.0178337982820283,-3.31332771093745e-05,"Breon Borders","CHI","DB",2022
"1184","00-0033297",538,-0.000366645732350358,0.0168180540978867,-3.33314302136689e-05,"D.J. Jones","DEN","DL",2022
"1185","00-0036671",1653,-0.000373648346284417,0.0177043613108664,-3.39680314804015e-05,"Dax Milne","WAS","WR",2022
"1186","00-0033940",694,-0.000375555584307215,0.0175459526943348,-3.41414167552014e-05,"Jaleel Johnson","ATL","DL",2022
"1187","00-0037076",1844,-0.000375979269905668,0.017378666039496,-3.4179933627788e-05,"Sean Rhyan","GB","OL",2022
"1188","00-0033540",579,-0.000376924814445255,0.017154572890152,-3.42658922222959e-05,"Takkarist McKinley","DAL","DL",2022
"1189","00-0036059",1322,-0.000378176264859706,0.0172906884210041,-3.43796604417915e-05,"Tyler Mabry","SEA","TE",2022
"1190","00-0037429",2010,-0.000379758568926328,0.0168004253606981,-3.45235062660299e-05,"Raheem Blackshear","CAR","RB",2022
"1191","00-0036810",1680,-0.000381120127863577,0.0175101307809591,-3.46472843512343e-05,"Cade Johnson","SEA","WR",2022
"1192","00-0032669",427,-0.000386334867049361,0.0177705213850464,-3.51213515499419e-05,"Taylor Bertolet","LAC","K",2022
"1193","00-0032355",370,-0.000391424687818752,0.0174775196558776,-3.55840625289774e-05,"Chester Rogers","CLE","WR",2022
"1194","00-0035118",1022,-0.000391783551706678,0.0170026223977052,-3.56166865187889e-05,"Matt Orzech","LA","LS",2022
"1195","00-0033326",546,-0.000393825997465194,0.0167800193526406,-3.58023634059267e-05,"Aviante Collins","DAL","OL",2022
"1196","00-0032149",339,-0.000396144777310725,0.0176801042513538,-3.60131615737022e-05,"John Miller","JAX","OL",2022
"1197","00-0036636",1627,-0.000397759572985263,0.0174381584607851,-3.61599611804785e-05,"Brenden Jaimes","LAC","OL",2022
"1198","00-0026625",24,-0.000399076916452351,0.0173017794426012,-3.62797196774864e-05,"Brian Hoyer","NE","QB",2022
"1199","00-0035202",1044,-0.000399316276240268,0.0179460951518843,-3.63014796582061e-05,"Del'Shawn Phillips","BAL","LB",2022
"1200","00-0030035",131,-0.000406215624063197,0.0165335260744127,-3.69286930966543e-05,"Adam Thielen","MIN","WR",2022
"1201","00-0034831",946,-0.000406706496216358,0.0160630187220897,-3.69733178378507e-05,"Rasheem Green","HOU","DL",2022
"1202","00-0037601",2059,-0.000410901200134772,0.0175748038531639,-3.73546545577066e-05,"Xavier Newman-Johnson","TEN","OL",2022
"1203","00-0034204",746,-0.000411775270047409,0.0168788574977303,-3.74341154588554e-05,"Olasunkanmi Adeniyi","TEN","LB",2022
"1204","00-0033302",540,-0.000412818417937788,0.0171407264471695,-3.75289470852534e-05,"Adrian Colbert","CHI","DB",2022
"1205","00-0036974",1793,-0.000413829910131354,0.0162535075866729,-3.76209009210322e-05,"Tyson Campbell","JAX","DB",2022
"1206","00-0034177",741,-0.000416815174324393,0.0179593500738659,-3.78922885749448e-05,"Tim Boyle","CHI","QB",2022
"1207","00-0031136",204,-0.000417650855024351,0.0175292003391686,-3.79682595476683e-05,"Chris Boswell","PIT","K",2022
"1208","00-0037420",2009,-0.000417731058277139,0.017355622606056,-3.79755507524671e-05,"Kwamie Lassiter","CIN","WR",2022
"1209","00-0031282",221,-0.000419589506288711,0.0170461916877729,-3.8144500571701e-05,"Justin Britt","HOU","OL",2022
"1210","00-0033963",705,-0.000432381145041359,0.01635707177818,-3.93073768219418e-05,"Tanzel Smart","NYJ","DL",2022
"1211","00-0036408",1520,-0.000435159550493797,0.0162578964215584,-3.95599591357997e-05,"Cesar Ruiz","NO","OL",2022
"1212","00-0036635",1626,-0.000442784286696798,0.0167888189991675,-4.02531169724362e-05,"Ihmir Smith-Marsette","KC","WR",2022
"1213","00-0034446",844,-0.000450509807107397,0.0174402684445799,-4.09554370097633e-05,"Jalen Davis","CIN","DB",2022
"1214","00-0036082",1326,-0.000450838885259138,0.0175732571868558,-4.09853532053762e-05,"Liam McCullough","ATL","LS",2022
"1215","00-0037198",1891,-0.00045118231874622,0.0170999070332058,-4.10165744314745e-05,"Nazeeh Johnson","KC","DB",2022
"1216","00-0036203",1369,-0.000452657522713684,0.0173598787183735,-4.11506838830621e-05,"Keandre Jones","CIN","LB",2022
"1217","00-0036217",1375,-0.00045379516123234,0.0173872569010467,-4.12541055665764e-05,"Blake Ferguson","MIA","LS",2022
"1218","00-0032419",396,-0.000456656245600769,0.0172661534412272,-4.15142041455245e-05,"Joe Haeg","CLE","OL",2022
"1219","00-0037008",1825,-0.000463720992729279,0.0163264439491372,-4.21564538844799e-05,"Ambry Thomas","SF","DB",2022
"1220","00-0033132",517,-0.000465492544319157,0.0168035607507859,-4.23175040290143e-05,"Kevin Byard","TEN","DB",2022
"1221","00-0037262",1926,-0.000471904109641663,0.0173139615776759,-4.29003736037876e-05,"Thomas Booker","HOU","DL",2022
"1222","00-0036419",1531,-0.000476570806792616,0.0163255532556924,-4.33246187993287e-05,"Terrell Lewis","CHI","LB",2022
"1223","00-0036114",1332,-0.000477713604503441,0.0172726373330398,-4.34285095003129e-05,"A.J. Green","CLE","DB",2022
"1224","00-0038149",2197,-0.000478712419068737,0.0173395190009576,-4.35193108244307e-05,"Josh Ali","ATL","WR",2022
"1225","00-0036425",1536,-0.000487080391229093,0.0164903696518586,-4.42800355662811e-05,"DeeJay Dallas","SEA","RB",2022
"1226","00-0034301",770,-0.000493619061397259,0.0176768543548404,-4.48744601270235e-05,"Darrel Williams","ARI","RB",2022
"1227","00-0034335",778,-0.000495576307132297,0.0170959604430793,-4.50523915574815e-05,"Marcus Allen","PIT","LB",2022
"1228","00-0036313",1448,-0.000498368890098137,0.017826002041647,-4.53062627361943e-05,"Braden Mann","NYJ","P",2022
"1229","00-0037665",2082,-0.000502876130884483,0.0164234925732211,-4.57160118985894e-05,"Sam Williams","DAL","DL",2022
"1230","00-0037517",2033,-0.000509141144444823,0.017062918381891,-4.6285558585893e-05,"Luke Masterson","LV","LB",2022
"1231","00-0036573",1594,-0.000513894084280608,0.0172382347831893,-4.67176440255099e-05,"Rachad Wildgoose","WAS","DB",2022
"1232","00-0036395",1510,-0.000515233439710701,0.0162393169626929,-4.68394036100637e-05,"K'Von Wallace","PHI","DB",2022
"1233","00-0036510",1567,-0.000517822690809913,0.0173615669607208,-4.70747900736284e-05,"Kenny Yeboah","NYJ","TE",2022
"1234","00-0034991",997,-0.000519458113452244,0.0173363333594916,-4.72234648592949e-05,"Drew Forbes","CLE","OL",2022
"1235","00-0036493",1558,-0.00052440248426131,0.0173038287774125,-4.76729531146646e-05,"Deon Jackson","IND","RB",2022
"1236","00-0036354",1479,-0.000526077307020365,0.0173184452739217,-4.78252097291241e-05,"Kyle Hinton","MIN","OL",2022
"1237","00-0027855",39,-0.000527229025559489,0.0177237765694969,-4.7929911414499e-05,"Ndamukong Suh","PHI","DL",2022
"1238","00-0037571",2050,-0.000528312837032086,0.0170639274182604,-4.80284397301896e-05,"Storey Jackson","CLE","LB",2022
"1239","00-0035857",1271,-0.000530030629252563,0.017280141731307,-4.81846026593239e-05,"Chris Williams","IND","DL",2022
"1240","00-0037537",2038,-0.000531255810013588,0.0176251089666431,-4.8295982728508e-05,"Lewis Kidd","NO","OL",2022
"1241","00-0033303",541,-0.00053207841382927,0.0179532525368244,-4.837076489357e-05,"Harrison Butker","KC","K",2022
"1242","00-0034052",712,-0.000532793085779863,0.0171048471693122,-4.84357350708966e-05,"Brandon Zylstra","DET","WR",2022
"1243","00-0035916",1286,-0.000533820985353189,0.0164547701059228,-4.85291804866535e-05,"T.J. Carter","LA","DL",2022
"1244","00-0037827",2126,-0.00053713700399913,0.0176282185166195,-4.88306367271937e-05,"Tyrion Davis-Price","SF","RB",2022
"1245","00-0037395",2003,-0.000538306948993671,0.016636254826172,-4.8936995363061e-05,"Dallis Flowers","IND","DB",2022
"1246","00-0036604",1604,-0.000539574477669285,0.0172596342286876,-4.90522252426623e-05,"Jordan Meredith","LV","OL",2022
"1247","00-0038111",2170,-0.000543180849014794,0.0166036279254435,-4.93800771831631e-05,"Kyler Gordon","CHI","DB",2022
"1248","00-0035985",1304,-0.000548512056549547,0.0171408261079182,-4.98647324135952e-05,"David Moa","LAC","DL",2022
"1249","00-0036860",1705,-0.000552510059327711,0.0170167374881842,-5.02281872116101e-05,"Jake Funk","IND","RB",2022
"1250","00-0035527",1156,-0.000553074565415331,0.018025183609646,-5.02795059468483e-05,"Andy Isabella","BAL","WR",2022
"1251","00-0032065",321,-0.000558577157996475,0.0173195261877952,-5.07797416360431e-05,"Bradley Pinion","ATL","P",2022
"1252","00-0029061",83,-0.000558909113901258,0.0176788219291889,-5.08099194455689e-05,"Julian Stanford","DET","LB",2022
"1253","00-0035306",1106,-0.000562617626569465,0.0176735243691449,-5.11470569608604e-05,"Darryl Johnson","SEA","LB",2022
"1254","00-0033907",674,-0.000566193104974178,0.0164241874997027,-5.1472100452198e-05,"Dawuane Smoot","JAX","DL",2022
"1255","00-0033072",493,-0.000566893883109228,0.0170850552353188,-5.15358075553844e-05,"Leonard Floyd","LA","LB",2022
"1256","00-0036904",1739,-0.000574598547316016,0.0166562602956158,-5.22362315741833e-05,"Robert Rochell","LA","DB",2022
"1257","00-0033888",658,-0.00057512464940952,0.0168448666415342,-5.22840590372291e-05,"Ryan Ramczyk","NO","OL",2022
"1258","00-0033898",667,-0.000576719373319331,0.0167981674753057,-5.2429033938121e-05,"Justin Evans","NO","DB",2022
"1259","00-0032058",317,-0.000580671049446518,0.0165620570136883,-5.27882772224107e-05,"Tevin Coleman","SF","RB",2022
"1260","00-0036575",1595,-0.000581878132145077,0.0169018744076486,-5.28980120131888e-05,"Larnel Coleman","CAR","OL",2022
"1261","00-0036296",1435,-0.000583038864775952,0.0172957325934061,-5.30035331614502e-05,"Jabari Zuniga","NO","DL",2022
"1262","00-0033129",515,-0.000585148441625008,0.0171918396077475,-5.31953128750008e-05,"Carl Nassib","TB","LB",2022
"1263","00-0026968",26,-0.000591879000796749,0.01540089267969,-5.38071818906136e-05,"Ryan Succop","TB","K",2022
"1264","00-0037240",1904,-0.00059885262164264,0.0172991314791247,-5.44411474220582e-05,"Jameson Williams","DET","WR",2022
"1265","00-0033546",584,-0.000603665127181468,0.0170556205075116,-5.4878647925588e-05,"Dalvin Tomlinson","MIN","DL",2022
"1266","00-0032560",417,-0.000604127408877592,0.0166899090415825,-5.49206735343266e-05,"Charles Washington","ARI","DB",2022
"1267","00-0036341",1470,-0.000606756597218193,0.0169536178015915,-5.51596906561994e-05,"Khalid Kareem","IND","DL",2022
"1268","00-0035264",1083,-0.000608467409141609,0.01706307131901,-5.53152190128736e-05,"Jarrett Stidham","LV","QB",2022
"1269","00-0036314",1449,-0.000615277786213074,0.0161425497358487,-5.59343442011885e-05,"Markus Bailey","CIN","LB",2022
"1270","00-0030041",132,-0.000615737821353935,0.0169164684841583,-5.59761655776304e-05,"Nickell Robey","LV","DB",2022
"1271","00-0033659",611,-0.000618659228977192,0.0168755997408841,-5.62417480888356e-05,"Joseph Jones","TEN","LB",2022
"1272","00-0032726",433,-0.000623276471839652,0.0175464490043802,-5.66614974399683e-05,"Ka'imi Fairbairn","HOU","K",2022
"1273","00-0036248",1397,-0.000627436168904036,0.0169178210798498,-5.70396517185487e-05,"Austin Jackson","MIA","OL",2022
"1274","00-0037313",1967,-0.000634413361663392,0.017129010686199,-5.76739419693993e-05,"Montaric Brown","JAX","DB",2022
"1275","00-0034728",895,-0.000637245005686053,0.0159417496465727,-5.79313641532776e-05,"Jaire Alexander","GB","DB",2022
"1276","00-0036627",1619,-0.000644489358448313,0.0178604457925577,-5.85899416771194e-05,"Dez Fitzpatrick","TEN","WR",2022
"1277","00-0037141",1872,-0.000645229129061162,0.0165290816580575,-5.86571935510147e-05,"Joey Blount","SEA","DB",2022
"1278","00-0035412",1141,-0.000649042969248662,0.0168879304623065,-5.90039062953329e-05,"Andrew Dowell","NO","LB",2022
"1279","00-0037384",1998,-0.000649266455834726,0.0173460972682349,-5.90242232577024e-05,"Ja'Quan McMillian","DEN","DB",2022
"1280","00-0033863",639,-0.000655163538683362,0.0176310301031547,-5.95603216984875e-05,"Dan Skipper","DET","OL",2022
"1281","00-0026189",17,-0.000664701897417644,0.0169032867456531,-6.04274452197858e-05,"DeSean Jackson","BAL","WR",2022
"1282","00-0032156",342,-0.000670676934941887,0.0177971777405932,-6.09706304492625e-05,"Trevor Siemian","CHI","QB",2022
"1283","00-0035525",1154,-0.000671193432263254,0.0162438519937297,-6.10175847512049e-05,"Devin Bush","PIT","LB",2022
"1284","00-0036223",1380,-0.000673052569982211,0.0169436155393536,-6.11865972711101e-05,"Jonathan Taylor","IND","RB",2022
"1285","00-0034657",880,-0.000675786218811764,0.0174359871943393,-6.14351108010695e-05,"Matt Dickerson","ATL","DL",2022
"1286","00-0032768",441,-0.000677131393497073,0.016836966261959,-6.15573994088248e-05,"Cody Whitehair","CHI","OL",2022
"1287","00-0036503",1563,-0.000677797118167384,0.0176188272289054,-6.16179198333985e-05,"Hamsah Nasirildeen","NYJ","LB",2022
"1288","00-0037205",1893,-0.000682492118877997,0.0174297846742273,-6.20447380798179e-05,"Brenden Schooler","NE","DB",2022
"1289","00-0037153",1874,-0.000682789688954975,0.01711740576876,-6.20717899049978e-05,"Vi Jones","SEA","LB",2022
"1290","00-0030757",179,-0.000683542126179615,0.01719384009728,-6.21401932890559e-05,"Mike Pennel","CHI","DL",2022
"1291","00-0038040",2145,-0.000683996441701289,0.0174163812156226,-6.21814947001172e-05,"Zamir White","LV","RB",2022
"1292","00-0035243",1067,-0.000686377829062088,0.0167180452139826,-6.23979844601898e-05,"Miles Sanders","PHI","RB",2022
"1293","00-0034391",818,-0.000701445799257184,0.017364218211648,-6.37677999324713e-05,"Siran Neal","BUF","DB",2022
"1294","00-0037606",2062,-0.00070463311168114,0.0172942777137977,-6.40575556073763e-05,"Caleb Shudak","TEN","K",2022
"1295","00-0035806",1261,-0.000710809865244293,0.0164764352440929,-6.46190786585721e-05,"Jamycal Hasty","JAX","RB",2022
"1296","00-0035390",1134,-0.000720185803688214,0.0177790449026785,-6.54714366989285e-05,"Anthony Rush","DAL","DL",2022
"1297","00-0037377",1995,-0.000729957347295355,0.0178653820754064,-6.63597588450322e-05,"Trenton Thompson","NYG","DB",2022
"1298","00-0035942",1293,-0.000732243486690573,0.0171946282329895,-6.6567589699143e-05,"Christian Rozeboom","LA","LB",2022
"1299","00-0031384",241,-0.000738167094885971,0.0167954563092811,-6.71060995350883e-05,"Richard Rodgers","LAC","TE",2022
"1300","00-0034997",1001,-0.000739680239599324,0.0173622311969716,-6.7243658145393e-05,"Gerri Green","CHI","DL",2022
"1301","00-0032135",333,-0.000747519374668842,0.0173789672978002,-6.79563067880766e-05,"Jesse James","CLE","TE",2022
"1302","00-0036872",1712,-0.000749347013795486,0.0181265616023942,-6.81224557995897e-05,"Joshuah Bledsoe","NE","DB",2022
"1303","00-0029239",87,-0.000757027692049492,0.0161957566380016,-6.88206992772266e-05,"Brandon Bolden","LV","RB",2022
"1304","00-0029664",114,-0.000761066895851454,0.0170658265774512,-6.91878996228595e-05,"Josh Gordon","TEN","WR",2022
"1305","00-0037818",2119,-0.000762902388705142,0.016757682434713,-6.93547626095584e-05,"Zion Johnson","LAC","OL",2022
"1306","00-0032214",355,-0.000770135665911739,0.0168272901513726,-7.00123332647036e-05,"Tyler Kroft","SF","TE",2022
"1307","00-0037112",1866,-0.000775863209425912,0.0174761897338437,-7.05330190387193e-05,"Jake Tonges","CHI","TE",2022
"1308","00-0034578",870,-0.00077698887684447,0.017492245624382,-7.06353524404064e-05,"Reggie Bonnafon","WAS","RB",2022
"1309","00-0036534",1572,-0.000777898098327483,0.0167941153873994,-7.07180089388621e-05,"Shane Zylstra","DET","TE",2022
"1310","00-0031364",235,-0.000778276779823651,0.0163686522747511,-7.07524345294228e-05,"Jadeveon Clowney","CLE","DL",2022
"1311","00-0037539",2039,-0.000779030467758417,0.0170649329364632,-7.08209516144015e-05,"Lucas Krull","NO","TE",2022
"1312","00-0035276",1091,-0.000779148289398187,0.0171939492883129,-7.08316626725625e-05,"Blake Cashman","HOU","LB",2022
"1313","00-0029747",122,-0.000780823782982669,0.0161634051055138,-7.09839802711517e-05,"Chris Banjo","ARI","DB",2022
"1314","00-0037664",2081,-0.000783325591792308,0.0159585225419464,-7.12114174356643e-05,"Alec Pierce","IND","WR",2022
"1315","00-0036239",1391,-0.000787470931472619,0.0168786552632737,-7.15882664975108e-05,"Jonathan Garvin","GB","LB",2022
"1316","00-0036344",1472,-0.000790471951072773,0.0175945503476767,-7.18610864611612e-05,"Harrison Hand","CHI","DB",2022
"1317","00-0030663",174,-0.000799822766949103,0.0171418860308535,-7.27111606317367e-05,"Willie Snead","SF","WR",2022
"1318","00-0033890",660,-0.000800296179007347,0.0173390164546842,-7.2754198091577e-05,"Budda Baker","ARI","DB",2022
"1319","00-0034387",815,-0.000803454176243897,0.0174043558539078,-7.30412887494452e-05,"Bilal Nichols","LV","DL",2022
"1320","00-0037341",1985,-0.000814064512246909,0.0172860305629019,-7.4005864749719e-05,"Roderick Perry","CLE","DL",2022
"1321","00-0036020",1313,-0.000817107271676138,0.0168214810823286,-7.42824792432852e-05,"Salvon Ahmed","MIA","RB",2022
"1322","00-0032392",384,-0.000817181047774114,0.0158767957163232,-7.42891861612831e-05,"Austin Hooper","TEN","TE",2022
"1323","00-0034623",877,-0.000823200097516286,0.0175811872900647,-7.48363725014806e-05,"Andre Chachere","PHI","DB",2022
"1324","00-0031806",297,-0.000823629329265301,0.0174261831642521,-7.48753935695728e-05,"Malcolm Brown","LA","RB",2022
"1325","00-0033296",537,-0.000830301453130254,0.0172076481487845,-7.54819502845686e-05,"Alex Armah","WAS","RB",2022
"1326","00-0037406",2006,-0.00083813993478619,0.016944989107095,-7.61945395260172e-05,"Sterling Weatherford","CHI","LB",2022
"1327","00-0036913",1745,-0.000840751412021073,0.0171806279914874,-7.64319465473702e-05,"Kadarius Toney","KC","WR",2022
"1328","00-0031911",304,-0.000841579979487745,0.0172685004464397,-7.65072708625222e-05,"Rick Lovato","PHI","LS",2022
"1329","00-0037308",1964,-0.000842141620359927,0.0167100429346205,-7.65583291236297e-05,"Lecitus Smith","ARI","OL",2022
"1330","00-0036977",1796,-0.000852675812473833,0.0164141194815742,-7.75159829521666e-05,"Ben Cleveland","BAL","OL",2022
"1331","00-0036996",1813,-0.000856018074558334,0.0162757878591945,-7.78198249598486e-05,"Greg Newsome","CLE","DB",2022
"1332","00-0031382",240,-0.000857140364040915,0.0170639952743782,-7.79218512764468e-05,"Jarvis Landry","NO","WR",2022
"1333","00-0033725",619,-0.000857256292659413,0.0174796904574496,-7.79323902417649e-05,"Corey Clement","ARI","RB",2022
"1334","00-0032792",449,-0.000860352600408286,0.0167830200891667,-7.82138727643896e-05,"Nate Sudfeld","DET","QB",2022
"1335","00-0033871",643,-0.000862141212227605,0.0169397237490174,-7.83764738388732e-05,"Corey Davis","NYJ","WR",2022
"1336","00-0032977",473,-0.00086772274234509,0.0177749135327797,-7.88838856677354e-05,"Rashard Higgins","CAR","WR",2022
"1337","00-0038142",2195,-0.000868702176728996,0.0175819447022832,-7.89729251571814e-05,"David Ojabo","BAL","LB",2022
"1338","00-0035413",1142,-0.000871630594964347,0.0161943903159979,-7.92391449967588e-05,"Luke Gifford","DAL","LB",2022
"1339","00-0029630",111,-0.000874155997664295,0.0166222712694157,-7.94687270603904e-05,"Michael Brockers","DET","DL",2022
"1340","00-0035142",1029,-0.000874574712198302,0.0176032321978259,-7.95067920180275e-05,"Ugochukwu Amadi","KC","DB",2022
"1341","00-0034816",939,-0.000876720324573804,0.0168474483443924,-7.97018476885276e-05,"Ronald Jones","KC","RB",2022
"1342","00-0035468",1150,-0.000879665519868481,0.0169114681689524,-7.99695927153164e-05,"Zack Bailey","LAC","OL",2022
"1343","00-0028908",77,-0.000881208485407963,0.0165728518810561,-8.01098623098148e-05,"Michael Thomas","CIN","DB",2022
"1344","00-0035544",1164,-0.000882030962680591,0.0176983479420024,-8.01846329709628e-05,"Tom Kennedy","DET","WR",2022
"1345","00-0037260",1924,-0.00088457162703233,0.0180880457879839,-8.04156024574845e-05,"D.J. Davidson","NYG","DL",2022
"1346","00-0031484",253,-0.000894234387421688,0.017470504192735,-8.12940352201535e-05,"Chris Manhertz","JAX","TE",2022
"1347","00-0036764",1674,-0.000894378682932228,0.0178117998686122,-8.13071529938389e-05,"Tyler Coyle","DAL","DB",2022
"1348","00-0035286",1096,-0.000895350219631595,0.0171581534935475,-8.13954745119632e-05,"Cole Holcomb","WAS","LB",2022
"1349","00-0036367",1490,-0.000901904312296333,0.0170269771315567,-8.19913011178485e-05,"Lucas Niang","KC","OL",2022
"1350","00-0036943",1770,-0.000910164275165795,0.0179949837179577,-8.27422068332541e-05,"Mitchell Fraboni","DEN","LS",2022
"1351","00-0034930",974,-0.000913024625513664,0.0169457286084997,-8.30022386830603e-05,"Trinity Benson","DET","WR",2022
"1352","00-0038046",2150,-0.000913057370430345,0.0182908131241404,-8.30052154936677e-05,"Charlie Kolar","BAL","TE",2022
"1353","00-0037043",1833,-0.000913223453613377,0.0178917610810393,-8.30203139648525e-05,"Amare Barno","CAR","DL",2022
"1354","00-0037354",1988,-0.000913469530891534,0.0169580091705646,-8.30426846265031e-05,"Verone McKinley","MIA","DB",2022
"1355","00-0028008",62,-0.000917374552795369,0.0164219714985695,-8.33976866177608e-05,"Justin Houston","BAL","LB",2022
"1356","00-0037663",2080,-0.000938607917453053,0.0170150416307075,-8.53279924957321e-05,"Jermaine Johnson","NYJ","DL",2022
"1357","00-0033300",539,-0.000941772929228544,0.0171925188407079,-8.56157208389585e-05,"Conor McDermott","NE","OL",2022
"1358","00-0036567",1589,-0.000944097809343521,0.0164749600490865,-8.58270735766837e-05,"Elijah Mitchell","SF","RB",2022
"1359","00-0036886",1724,-0.000948747744712159,0.0170830906453382,-8.62497949738326e-05,"Josh Ball","DAL","OL",2022
"1360","00-0035910",1285,-0.000948909308474983,0.0174586694174096,-8.62644825886348e-05,"T.J. Smith","MIN","DL",2022
"1361","00-0037843",2139,-0.000957063569375824,0.0168862347066883,-8.70057790341658e-05,"Daniel Hardy","LA","LB",2022
"1362","00-0032773",443,-0.000963160002912403,0.01692910830319,-8.75600002647639e-05,"Nick Kwiatkoski","ATL","LB",2022
"1363","00-0036902",1737,-0.000964585852009814,0.0172786888120786,-8.76896229099831e-05,"Joseph Ossai","CIN","DL",2022
"1364","00-0033681",614,-0.000969954204564445,0.0165645842974761,-8.81776549604041e-05,"Keelan Cole","LV","WR",2022
"1365","00-0037263",1927,-0.000972879724171195,0.0170893526946841,-8.84436112882905e-05,"Tyler Allgeier","ATL","RB",2022
"1366","00-0035363",1126,-0.000973363468769289,0.0173010398099616,-8.84875880699353e-05,"Joe Giles-Harris","BUF","LB",2022
"1367","00-0033951",701,-0.000976019802646766,0.0173175843021149,-8.87290729678878e-05,"Marlon Mack","DEN","RB",2022
"1368","00-0022824",4,-0.000977659288773847,0.0170924686375997,-8.88781171612588e-05,"Andy Lee","ARI","P",2022
"1369","00-0037085",1852,-0.00098110919068511,0.0169135280164952,-8.91917446077373e-05,"Tyler Badie","DEN","RB",2022
"1370","00-0038120",2179,-0.000982805579084964,0.0171172571800299,-8.93459617349967e-05,"Breece Hall","NYJ","RB",2022
"1371","00-0035026",1008,-0.000982939120381611,0.0169377964249653,-8.93581018528737e-05,"Kevin Givens","SF","DL",2022
"1372","00-0038097",2158,-0.000983024628136078,0.0169056539040819,-8.9365875285098e-05,"Cade York","CLE","K",2022
"1373","00-0035263",1082,-0.000988111747040981,0.017920131026487,-8.98283406400892e-05,"Wes Martin","WAS","OL",2022
"1374","00-0035698",1234,-0.000991686146134477,0.017157077967358,-9.01532860122252e-05,"Chuma Edoga","ATL","OL",2022
"1375","00-0034168",738,-0.000996372956544669,0.0173875881734803,-9.0579359685879e-05,"Hunter Bradley","ARI","LS",2022
"1376","00-0036457",1550,-0.00099657551034491,0.0175138302430605,-9.05977736677191e-05,"Ty'Son Williams","ARI","RB",2022
"1377","00-0038122",2181,-0.000998537372255699,0.0165879476837656,-9.07761247505181e-05,"Desmond Ridder","ATL","QB",2022
"1378","00-0034941",975,-0.00100187000497436,0.016544850954435,-9.10790913613053e-05,"Mitch Wishnowsky","SF","P",2022
"1379","00-0032150",340,-0.00100838111991477,0.0166733674044992,-9.16710109013425e-05,"Steven Nelson","HOU","DB",2022
"1380","00-0035663",1206,-0.00101172704490681,0.0166362535673972,-9.19751859006192e-05,"Taylor Rapp","LA","DB",2022
"1381","00-0037077",1845,-0.00101264967182927,0.0168872082090235,-9.20590610753881e-05,"Sam Howell","WAS","QB",2022
"1382","00-0038092",2153,-0.00101625799686545,0.0170251038242107,-9.23870906241318e-05,"Erik Ezukanma","MIA","WR",2022
"1383","00-0036555",1580,-0.00101902205442629,0.0166864094953524,-9.26383685842079e-05,"Chuba Hubbard","CAR","RB",2022
"1384","00-0036984",1801,-0.00101997039199658,0.0176525703720196,-9.2724581090598e-05,"Trey Sermon","PHI","RB",2022
"1385","00-0037090",1856,-0.0010260152894138,0.0170708077166879,-9.32741172194367e-05,"Tariq Carpenter","GB","DB",2022
"1386","00-0031362",233,-0.00102752948796663,0.0160824367743019,-9.34117716333297e-05,"Trai Turner","WAS","OL",2022
"1387","00-0033551",589,-0.00102772617039153,0.0164098531092847,-9.34296518537756e-05,"Rasul Douglas","GB","DB",2022
"1388","00-0036970",1789,-0.00102891784786817,0.0173924509244886,-9.35379861698339e-05,"Kyle Pitts","ATL","TE",2022
"1389","00-0027723",38,-0.00103010038253653,0.0171465920719376,-9.36454893215023e-05,"Al Woods","SEA","DL",2022
"1390","00-0036032",1315,-0.00103687320162761,0.0171443266231304,-9.42612001479647e-05,"Sean McKeon","DAL","TE",2022
"1391","00-0036655",1643,-0.00104057772867059,0.0171701715446723,-9.45979753336896e-05,"Cole Van Lanen","JAX","OL",2022
"1392","00-0034987",995,-0.00104818573225825,0.0168256039717655,-9.52896120234769e-05,"E.J. Speed","IND","LB",2022
"1393","00-0036280",1422,-0.00105665350979803,0.0162080896594011,-9.60594099816395e-05,"Malik Harrison","BAL","LB",2022
"1394","00-0035924",1287,-0.00105836374488758,0.0172715597304187,-9.62148858988713e-05,"Jonathan Ward","TEN","RB",2022
"1395","00-0034264",756,-0.00106025032491675,0.0171237325579717,-9.63863931742502e-05,"Jalyn Holmes","CHI","DL",2022
"1396","00-0035145",1031,-0.00106256478880515,0.0177723029488887,-9.65967989822862e-05,"Austin Seibert","DET","K",2022
"1397","00-0034505",857,-0.00106377978286291,0.0173961536762495,-9.67072529875372e-05,"Ike Boettger","BUF","OL",2022
"1398","00-0035971",1300,-0.0010639609266988,0.0173238760160434,-9.67237206089819e-05,"Delontae Scott","CAR","DL",2022
"1399","00-0037046",1834,-0.00106666978087109,0.0168990946094835,-9.69699800791902e-05,"Donovan Jeter","WAS","DL",2022
"1400","00-0036292",1431,-0.0010667961563979,0.0168164528764372,-9.69814687634459e-05,"Jaylon Johnson","CHI","DB",2022
"1401","00-0035628",1181,-0.00106868120150129,0.017299949116665,-9.71528365001174e-05,"D'Ernest Johnson","CLE","RB",2022
"1402","00-0036228",1383,-0.00106936153191113,0.0174070673416723,-9.72146847191934e-05,"Dezmon Patmon","BUF","WR",2022
"1403","00-0032145",337,-0.00107437724684355,0.0167037791402332,-9.76706588039593e-05,"Cameron Erving","CAR","OL",2022
"1404","00-0036626",1618,-0.00107462809860747,0.0173526499577081,-9.769346350977e-05,"Dyami Brown","WAS","WR",2022
"1405","00-0037052",1836,-0.0010802724194729,0.0171140316954055,-9.82065835884457e-05,"T.J. Carter","LA","DB",2022
"1406","00-0036371",1494,-0.00108182604010849,0.016638189567141,-9.83478218280441e-05,"Leki Fotu","ARI","DL",2022
"1407","00-0032892",456,-0.00108751110776518,0.0173339754856424,-9.8864646160471e-05,"Nick Vigil","ARI","LB",2022
"1408","00-0034825",942,-0.00108954731331228,0.016526154011037,-9.90497557556616e-05,"Arden Key","JAX","LB",2022
"1409","00-0033051",484,-0.00109002970226315,0.0161343396648484,-9.90936092966496e-05,"David Onyemata","NO","DL",2022
"1410","00-0036850",1695,-0.00109165549539822,0.0180405914387667,-9.92414086725656e-05,"Cam Sample","CIN","DL",2022
"1411","00-0033910",677,-0.00109183290327982,0.0170517879590475,-9.92575366618018e-05,"Dan Feeney","NYJ","OL",2022
"1412","00-0035890",1279,-0.00109210137292239,0.0173204367154321,-9.92819429929444e-05,"Tershawn Wharton","KC","DL",2022
"1413","00-0035594",1172,-0.00109390475806624,0.0169591018450364,-9.94458870969309e-05,"Travis Homer","SEA","RB",2022
"1414","00-0034318",773,-0.00109433168471554,0.0165779874514941,-9.94846986105036e-05,"Henry Mondeaux","NYG","DL",2022
"1415","00-0034760",906,-0.00109580109649528,0.0172917304812413,-9.96182814995711e-05,"Nathan Shepherd","NYJ","DL",2022
"1416","00-0036905",1740,-0.0010961647782948,0.0164864735241407,-9.96513434813452e-05,"Larry Borom","CHI","OL",2022
"1417","00-0036664",1650,-0.00109681388429203,0.0173792690983028,-9.9710353117457e-05,"William Bradley-King","WAS","DL",2022
"1418","00-0036614",1606,-0.00110247294076071,0.0164225365375188,-0.000100224812796429,"Jamin Davis","WAS","LB",2022
"1419","00-0036841",1687,-0.00110501115953092,0.0177134378334545,-0.000100455559957357,"Austin Trammell","LA","WR",2022
"1420","00-0036982",1800,-0.00110866829324452,0.0166743643880263,-0.000100788026658593,"Chauncey Golston","DAL","DL",2022
"1421","00-0036596",1602,-0.00110973383169303,0.0160779247887215,-0.000100884893790275,"Robert Jones","MIA","OL",2022
"1422","00-0035184",1040,-0.00111595666123316,0.017457949067443,-0.00010145060556665,"Devine Ozigbo","DEN","RB",2022
"1423","00-0037348",1986,-0.00111803053719195,0.0170589235363053,-0.000101639139744722,"Tanner Conner","MIA","WR",2022
"1424","00-0036569",1591,-0.00111835235276209,0.0170008856659962,-0.000101668395705644,"Gary Brightwell","NYG","RB",2022
"1425","00-0036896",1731,-0.00111960392504393,0.0168268063380696,-0.000101782175003993,"Victor Dimukeje","ARI","LB",2022
"1426","00-0035787",1257,-0.00112448570519551,0.0169456518231767,-0.000102225973199592,"Jared Pinkney","LA","TE",2022
"1427","00-0036374",1496,-0.00112592542911067,0.0170565428270411,-0.00010235685719188,"L'Jarius Sneed","KC","DB",2022
"1428","00-0034091",719,-0.00112637738828285,0.0164133394472612,-0.00010239794438935,"George Odum","SF","DB",2022
"1429","00-0036336",1466,-0.00113675936500642,0.01779085239711,-0.000103341760455129,"Anthony McFarland","PIT","RB",2022
"1430","00-0034372",803,-0.00114065789525742,0.0176829561874507,-0.000103696172296129,"Joel Iyiegbuniwe","CAR","LB",2022
"1431","00-0034488",851,-0.00114838644752608,0.0160845829790703,-0.000104398767956916,"Tavierre Thomas","HOU","DB",2022
"1432","00-0036936",1764,-0.00114873534084046,0.0166016255861276,-0.000104430485530951,"Rondale Moore","ARI","WR",2022
"1433","00-0032389",382,-0.00115596868830003,0.0177266586511983,-0.00010508806257273,"Mackensie Alexander","DAL","DB",2022
"1434","00-0036234",1388,-0.00116529550879844,0.0170791439074982,-0.000105935955345313,"Logan Stenberg","DET","OL",2022
"1435","00-0034838",951,-0.00116597711872397,0.0174434889398017,-0.000105997919883998,"Royce Freeman","HOU","RB",2022
"1436","00-0029255",89,-0.00116807521971642,0.016288916324956,-0.000106188656337856,"Bobby Wagner","LA","LB",2022
"1437","00-0036894",1729,-0.00117168673279335,0.0167577933214584,-0.000106516975708486,"Pat Freiermuth","PIT","TE",2022
"1438","00-0032437",402,-0.00118542064185254,0.0168563678731717,-0.000107765512895685,"Kamu Grugier-Hill","ARI","LB",2022
"1439","00-0037181",1880,-0.00119004499780675,0.0172928600714188,-0.000108185908891523,"Rayshad Nichols","BAL","DL",2022
"1440","00-0036928",1758,-0.00119643363741894,0.0173041720031809,-0.000108766694310813,"Kyle Trask","TB","QB",2022
"1441","00-0032257",364,-0.00119671359127522,0.0180033377009055,-0.000108792144661383,"Duke Johnson","BUF","RB",2022
"1442","00-0034417",830,-0.00120579249819835,0.0166711384239602,-0.000109617499836213,"Matt Pryor","IND","OL",2022
"1443","00-0036390",1506,-0.00120785233867794,0.0166162055194124,-0.000109804758061631,"Michael Ojemudia","CHI","DB",2022
"1444","00-0034751",900,-0.00120990406002162,0.0177512823437064,-0.000109991278183783,"Josh Jackson","ARI","DB",2022
"1445","00-0036968",1788,-0.00121114704795908,0.0170446379707661,-0.000110104277087189,"Brady Christensen","CAR","OL",2022
"1446","00-0036677",1655,-0.00122273622443374,0.0173962817099301,-0.000111157838584886,"Zayne Anderson","KC","DB",2022
"1447","00-0031799",295,-0.00122324352011655,0.0170801935393119,-0.000111203956374231,"Anthony Harris","PHI","DB",2022
"1448","00-0029764",123,-0.0012324656532571,0.017414991596756,-0.000112042332114282,"Cody Davis","NE","DB",2022
"1449","00-0035669",1212,-0.00123610911833747,0.0168830890119591,-0.000112373556212497,"Nick Scott","LA","DB",2022
"1450","00-0037356",1990,-0.00123991636885855,0.0177016640434372,-0.000112719669896231,"Ben Stille","CLE","DL",2022
"1451","00-0036543",1574,-0.00124360461372397,0.0170431168719933,-0.000113054964883997,"Spencer Brown","CAR","RB",2022
"1452","00-0027944",50,-0.00125007089914971,0.0170152570779286,-0.00011364280901361,"Julio Jones","TB","WR",2022
"1453","00-0027973",58,-0.00125545150471466,0.0171879293774294,-0.00011413195497406,"Andy Dalton","NO","QB",2022
"1454","00-0034957",980,-0.00125902557195773,0.0172267901125014,-0.000114456870177975,"Calvin Anderson","DEN","OL",2022
"1455","00-0037251",1915,-0.00125960359583101,0.0166173069684061,-0.000114509417802819,"Alex Wright","CLE","DL",2022
"1456","00-0033107",504,-0.00126189912371523,0.0177416533970988,-0.00011471810215593,"William Jackson","PIT","DB",2022
"1457","00-0036985",1802,-0.00126761331324619,0.0164480465900416,-0.000115237573931472,"Robert Hainsey","TB","OL",2022
"1458","00-0033544",582,-0.00126804453230245,0.0169476538027142,-0.000115276775663859,"Quincy Wilson","PIT","DB",2022
"1459","00-0037708",2086,-0.00127627527934597,0.0178244970064156,-0.000116025025395089,"Maurice Alexander","DET","WR",2022
"1460","00-0035262",1081,-0.00127742389310144,0.0166698181992193,-0.000116129444827404,"Drue Tranquill","LAC","LB",2022
"1461","00-0034646",879,-0.00127744908576034,0.0164895236586831,-0.000116131735069122,"Brandon Powell","LA","WR",2022
"1462","00-0036892",1727,-0.0012818628933065,0.0176459677151273,-0.000116532990300591,"Alex Leatherwood","CHI","OL",2022
"1463","00-0036558",1583,-0.00128344407454574,0.0181336634451444,-0.000116676734049613,"Daviyon Nixon","SEA","DL",2022
"1464","00-0035689",1227,-0.00128941234939813,0.0173143230289517,-0.000117219304490739,"Dawson Knox","BUF","TE",2022
"1465","00-0032403",391,-0.00129022577704972,0.0175789189507574,-0.000117293252459066,"Juston Burris","CAR","DB",2022
"1466","00-0031353",229,-0.00129677979545938,0.0157565992688557,-0.000117889072314489,"Michael Schofield","CHI","OL",2022
"1467","00-0036226",1382,-0.00129864790908632,0.0171484752236111,-0.000118058900826029,"Jacob Eason","SF","QB",2022
"1468","00-0037570",2049,-0.00129867148258896,0.0175247421941329,-0.000118061043871724,"Dennis Houston","DAL","WR",2022
"1469","00-0035076",1015,-0.00131462254307213,0.0172410793027362,-0.000119511140279285,"Curtis Bolton","LV","LB",2022
"1470","00-0031346",228,-0.00131641432359275,0.0167873050295144,-0.000119674029417523,"Justin Ellis","NYG","DL",2022
"1471","00-0033073",494,-0.00132495598702849,0.0175405652324735,-0.000120450544275317,"Emmanuel Ogbah","MIA","DL",2022
"1472","00-0035695",1231,-0.00132519971418151,0.016315409513749,-0.000120472701289228,"Trayvon Mullen","DAL","DB",2022
"1473","00-0037089",1855,-0.00133417551273503,0.0174538983889245,-0.000121288682975911,"Ja'Tyre Carter","CHI","OL",2022
"1474","00-0031040",192,-0.00133521349721802,0.016804918887303,-0.000121383045201638,"Khalil Mack","LAC","LB",2022
"1475","00-0033260",525,-0.00133656545260779,0.0168894498218347,-0.000121505950237072,"Thomas Hennessy","NYJ","LS",2022
"1476","00-0033125",514,-0.00134233922822011,0.017328409663532,-0.000122030838929101,"Joe Schobert","TEN","LB",2022
"1477","00-0036554",1579,-0.00136099998867141,0.0170214895024654,-0.000123727271697401,"Nico Collins","HOU","WR",2022
"1478","00-0030513",166,-0.00136634343942819,0.0170024053451325,-0.000124213039948017,"Latavius Murray","DEN","RB",2022
"1479","00-0036077",1324,-0.00136641376682767,0.0167837424474139,-0.00012421943334797,"Juju Hughes","ARI","DB",2022
"1480","00-0035533",1159,-0.00137443943111562,0.0168034182480326,-0.000124949039192329,"Ryan Connelly","MIN","LB",2022
"1481","00-0034354",789,-0.00137827422377399,0.0176309409800083,-0.000125297656706726,"Kemoko Turay","SF","DL",2022
"1482","00-0033856",635,-0.00138478474836444,0.0171330814001333,-0.000125889522578585,"Leonard Fournette","TB","RB",2022
"1483","00-0036570",1592,-0.00139090694064248,0.0175687427105654,-0.000126446085512953,"Rodarius Williams","NYG","DB",2022
"1484","00-0035680",1220,-0.00139105446071408,0.0173676925575719,-0.000126459496428552,"Quincy Williams","NYJ","LB",2022
"1485","00-0037633",2073,-0.00139292736087277,0.016832013380579,-0.000126629760079342,"Jake Hummel","LA","LB",2022
"1486","00-0035638",1189,-0.00139355113797123,0.017754817907515,-0.000126686467088293,"Greedy Williams","CLE","DB",2022
"1487","00-0037483",2023,-0.00139407034221924,0.0171724442476372,-0.000126733667474476,"Kaylon Geiger","TB","WR",2022
"1488","00-0036628",1620,-0.00140176992408302,0.0160840037820304,-0.000127433629462093,"John Bates","WAS","TE",2022
"1489","00-0034683",890,-0.00140639950485336,0.0171383464629022,-0.000127854500441214,"Darius Phillips","DEN","DB",2022
"1490","00-0036941",1768,-0.00141171193030398,0.0154359891689679,-0.000128337448209453,"Andre Cisco","JAX","DB",2022
"1491","00-0037842",2138,-0.00141457152477509,0.0169374193181843,-0.00012859741134319,"Derion Kendrick","LA","DB",2022
"1492","00-0033114",508,-0.00142030062988344,0.0167696865496533,-0.000129118239080313,"Mike Thomas","BAL","WR",2022
"1493","00-0035752",1248,-0.00143496799122948,0.0178237148154989,-0.000130451635566316,"Chris Streveler","NYJ","QB",2022
"1494","00-0031130",203,-0.00143611149443496,0.0164924845987896,-0.000130555590403178,"Christian Jones","SEA","LB",2022
"1495","00-0036145",1340,-0.00143646107039686,0.0165583935330684,-0.000130587370036078,"Lawrence Cager","NYG","TE",2022
"1496","00-0038045",2149,-0.00144110352229151,0.0176385479457198,-0.00013100941111741,"Isaiah Spiller","LAC","RB",2022
"1497","00-0036650",1639,-0.00145516740608396,0.0183739200804451,-0.000132287946007633,"Larry Rountree","LAC","RB",2022
"1498","00-0033199",520,-0.00145684739124548,0.0170334081388622,-0.000132440671931407,"Taybor Pepper","SF","LS",2022
"1499","00-0031097",200,-0.0014645155780086,0.016422651489458,-0.000133137779818964,"Terrance Mitchell","TEN","DB",2022
"1500","00-0031923",306,-0.00147061301012906,0.0174610792186512,-0.000133692091829914,"Greg Mancz","BUF","OL",2022
"1501","00-0029008",82,-0.00147182297006718,0.0174856614951699,-0.000133802088187926,"Charley Hughlett","CLE","LS",2022
"1502","00-0036995",1812,-0.00147197865236643,0.0168832039046747,-0.000133816241124221,"Baron Browning","DEN","LB",2022
"1503","00-0033917",681,-0.00148385014747854,0.0168499697598811,-0.000134895467952595,"Tarell Basham","TEN","DL",2022
"1504","00-0034721",893,-0.00148401776036036,0.0176535099519311,-0.000134910705487305,"Corey Bojorquez","CLE","P",2022
"1505","00-0036188",1359,-0.00148543992418555,0.0176277223093238,-0.000135039993107777,"Antonio Williams","NYG","RB",2022
"1506","00-0037482",2022,-0.00149090878781606,0.0176699068212558,-0.000135537162528733,"Don Gardner","TB","DB",2022
"1507","00-0036560",1585,-0.00149965587334705,0.0173247310834098,-0.000136332352122459,"Tommy Doyle","BUF","OL",2022
"1508","00-0036692",1660,-0.00150579838999924,0.0166661478502851,-0.000136890762727204,"Miller Forristall","CLE","TE",2022
"1509","00-0034376",807,-0.00150772996278937,0.0168046108640881,-0.000137066360253579,"Taron Johnson","BUF","DB",2022
"1510","00-0036637",1628,-0.00151564374416355,0.0162169869203447,-0.000137785794923959,"Noah Gray","KC","TE",2022
"1511","00-0034612",874,-0.00152127791360505,0.0174275216889038,-0.000138297992145913,"Demone Harris","HOU","DL",2022
"1512","00-0035670",1213,-0.00152459045511672,0.0173503245649623,-0.000138599132283338,"Dakota Allen","DEN","LB",2022
"1513","00-0036316",1451,-0.00153283275264773,0.017582742749478,-0.000139348432058885,"Chris Claybrooks","JAX","DB",2022
"1514","00-0036945",1772,-0.00153360544263554,0.0172685830523031,-0.000139418676603231,"Justin Fields","CHI","QB",2022
"1515","00-0035665",1208,-0.00153569921833971,0.0167164302289992,-0.000139609019849065,"David Long","LA","DB",2022
"1516","00-0034797",927,-0.00153827148206795,0.0161503897553115,-0.000139842862006177,"Jerome Baker","MIA","LB",2022
"1517","00-0035657",1203,-0.00154288333384195,0.0171120989324404,-0.000140262121258359,"Damien Harris","NE","RB",2022
"1518","00-0034833",948,-0.0015438762405185,0.0172159995285623,-0.000140352385501682,"Isaiah Wynn","NE","OL",2022
"1519","00-0035705",1239,-0.00155316565608792,0.016092318330414,-0.000141196877826174,"Jalen Thompson","ARI","DB",2022
"1520","00-0029606",107,-0.00155366228904901,0.0166994792271305,-0.000141242026277183,"Harrison Smith","MIN","DB",2022
"1521","00-0033954",703,-0.00155857738159696,0.017563109689984,-0.000141688852872451,"Jayon Brown","LV","LB",2022
"1522","00-0038106",2167,-0.00155863365945311,0.0168912924030721,-0.000141693969041191,"Eyioma Uwazurike","DEN","DL",2022
"1523","00-0032265",366,-0.00156537815548107,0.0166713603168038,-0.000142307105043734,"Mario Edwards","TEN","DL",2022
"1524","00-0029193",86,-0.00156825043023686,0.0165323975254219,-0.000142568220930624,"Bruce Irvin","SEA","LB",2022
"1525","00-0037061",1839,-0.00157536799498566,0.0173584506842159,-0.000143215272271424,"De'Shaan Dixon","JAX","LB",2022
"1526","00-0019596",2,-0.00157612589011905,0.0159906058047476,-0.000143284171829005,"Tom Brady","TB","QB",2022
"1527","00-0028986",80,-0.0015788128456559,0.0166926503664241,-0.000143528440514173,"Case Keenum","BUF","QB",2022
"1528","00-0034400",824,-0.00158240542825923,0.0177689820637667,-0.000143855038932658,"Jordan Wilkins","IND","RB",2022
"1529","00-0032399",388,-0.00158373306183704,0.01712173312176,-0.000143975732894277,"Miles Killebrew","PIT","DB",2022
"1530","00-0037274",1937,-0.00159293854647686,0.0170408189367403,-0.00014481259513426,"Esezi Otomewo","MIN","DL",2022
"1531","00-0036469",1553,-0.00159666498137265,0.0175001210682075,-0.000145151361942968,"Matt Ammendola","GB","K",2022
"1532","00-0035384",1132,-0.00159921057960541,0.017142903127443,-0.000145382779964128,"Iosua Opeta","PHI","OL",2022
"1533","00-0033038",478,-0.00160532931105058,0.0161874172727697,-0.000145939028277325,"Eric Murray","HOU","DB",2022
"1534","00-0033580",602,-0.00161075408793386,0.0176713923185083,-0.000146432189812169,"Tanner Vallejo","ARI","LB",2022
"1535","00-0034158",730,-0.0016117676712599,0.0161920063593328,-0.0001465243337509,"Brian O'Neill","MIN","OL",2022
"1536","00-0036689",1658,-0.00161520815630478,0.0177891656333191,-0.000146837105118616,"Marvin Wilson","PHI","DL",2022
"1537","00-0038042",2147,-0.00162069481103091,0.0173272425896854,-0.000147335891911901,"Jake Camarda","TB","P",2022
"1538","00-0031800",296,-0.00162504718583364,0.0163368115211583,-0.000147731562348513,"Taylor Heinicke","WAS","QB",2022
"1539","00-0037236",1900,-0.00162593845080457,0.0162471097487616,-0.000147812586436779,"Aidan Hutchinson","DET","DL",2022
"1540","00-0036899",1734,-0.00163137865131871,0.0173829256480854,-0.000148307150119883,"Aaron Robinson","NYG","DB",2022
"1541","00-0027881",45,-0.00163763004207527,0.0165168123929206,-0.00014887545837048,"Jerry Hughes","HOU","DL",2022
"1542","00-0036167",1352,-0.00165719234175006,0.0160264077117703,-0.000150653849250006,"Tae Crowder","PIT","LB",2022
"1543","00-0029681",116,-0.00167174740955097,0.0175754665983118,-0.000151977037231906,"Janoris Jenkins","SF","DB",2022
"1544","00-0035099",1019,-0.00167555222443487,0.0165240087422679,-0.000152322929494079,"Khari Blasingame","CHI","RB",2022
"1545","00-0035352",1120,-0.00167962586361089,0.0169084090941418,-0.000152693260328263,"Tyrel Dodson","BUF","LB",2022
"1546","00-0031868",299,-0.00168451553543473,0.0164189506768419,-0.000153137775948612,"Damiere Byrd","ATL","WR",2022
"1547","00-0035790",1258,-0.00169277997973936,0.0171244737840752,-0.000153889089067214,"Ray Wilborn","DEN","LB",2022
"1548","00-0033949",700,-0.00169361206712266,0.0175067340250811,-0.000153964733374787,"Joshua Dobbs","TEN","QB",2022
"1549","00-0034787",920,-0.0016980305445639,0.0162608467052177,-0.000154366413142173,"Chris Board","DET","LB",2022
"1550","00-0035020",1005,-0.00170025678311249,0.0173876257106713,-0.000154568798464772,"Demetrius Flannigan-Fowles","SF","LB",2022
"1551","00-0033103",502,-0.00170151228758472,0.0168271381877803,-0.000154682935234975,"Artie Burns","SEA","DB",2022
"1552","00-0036527",1571,-0.00171073837956893,0.0170573231722081,-0.000155521670869903,"D.J. Turner","LV","WR",2022
"1553","00-0036397",1512,-0.00172680997579744,0.0169250628277445,-0.000156982725072494,"Shane Lemieux","NYG","OL",2022
"1554","00-0033958",704,-0.00173151420543885,0.017857300883478,-0.000157410382312623,"Nathan Peterman","CHI","QB",2022
"1555","00-0036287",1427,-0.00173638255117001,0.0168134433304818,-0.000157852959197274,"Noah Igbinoghene","MIA","DB",2022
"1556","00-0034726",894,-0.00174348392305748,0.0171131642037542,-0.000158498538459771,"Dallin Leavitt","GB","DB",2022
"1557","00-0035343",1116,-0.00174394492782386,0.0171191619029559,-0.000158540447983987,"Jonathan Ledbetter","ARI","DL",2022
"1558","00-0022531",3,-0.00174907833110296,0.0172886721482647,-0.00015900712100936,"Jason Peters","DAL","OL",2022
"1559","00-0036992",1809,-0.0017502693341668,0.0175211685074844,-0.000159115394015164,"Elijah Molden","TEN","DB",2022
"1560","00-0034337",779,-0.00175199026268959,0.0171165040646399,-0.00015927184206269,"Greg Stroman","CHI","DB",2022
"1561","00-0037254",1918,-0.00176724282825366,0.0159567808704254,-0.000160658438932151,"Terrel Bernard","BUF","LB",2022
"1562","00-0037184",1881,-0.00177711810087516,0.0173770894620838,-0.000161556190988651,"Josh Ross","BAL","LB",2022
"1563","00-0037222",1895,-0.00177712396909321,0.0158950998995191,-0.000161556724463019,"A.J. Thomas","CHI","DB",2022
"1564","00-0036993",1810,-0.00178107212931613,0.0174371790754175,-0.000161915648119648,"Ifeatu Melifonwu","DET","DB",2022
"1565","00-0030694",176,-0.00179645993653451,0.0161233807366408,-0.000163314539684956,"James Hurst","NO","OL",2022
"1566","00-0036465",1552,-0.00180318351013971,0.0178945508511714,-0.000163925773649065,"Aaron Patrick","DEN","LB",2022
"1567","00-0034899",968,-0.00180421632045403,0.0171236710239031,-0.000164019665495821,"John Wolford","LA","QB",2022
"1568","00-0036921",1753,-0.00180875604705366,0.0173661841515178,-0.000164432367913969,"Tarron Jackson","PHI","DL",2022
"1569","00-0036282",1424,-0.0018280602179745,0.0165972803697648,-0.000166187292543136,"Grant Delpit","CLE","DB",2022
"1570","00-0036883",1721,-0.00183145127338219,0.0173766415247881,-0.000166495570307472,"Tommy Togiai","CLE","DL",2022
"1571","00-0033752",622,-0.00183689210481209,0.0183469337344243,-0.000166990191346553,"Storm Norton","LAC","OL",2022
"1572","00-0036903",1738,-0.00184107934985848,0.0169176258100245,-0.000167370849987134,"Bobby Brown","LA","DL",2022
"1573","00-0034485",849,-0.00184500752183062,0.0165932135254976,-0.000167727956530057,"Jonathan Owens","HOU","DB",2022
"1574","00-0034277",762,-0.00184539098014026,0.0161375300198486,-0.000167762816376387,"DeShon Elliott","DET","DB",2022
"1575","00-0037004",1821,-0.00184656101905199,0.0166729420452661,-0.000167869183550181,"Hunter Long","MIA","TE",2022
"1576","00-0037009",1826,-0.00185452662814804,0.017152719918358,-0.00016859332983164,"Rashawn Slater","LAC","OL",2022
"1577","00-0037084",1851,-0.00186420674161558,0.017247494857195,-0.000169473340146871,"Kyron Johnson","PHI","LB",2022
"1578","00-0031417",248,-0.00186626461025828,0.0168118808715002,-0.000169660419114389,"Ja'Wuan James","BAL","OL",2022
"1579","00-0037265",1929,-0.00187299114223855,0.0169629180746437,-0.000170271922021686,"Snoop Conner","JAX","RB",2022
"1580","00-0034812",937,-0.0018786753980509,0.0172208291857462,-0.000170788672550081,"Travin Howard","LA","LB",2022
"1581","00-0036704",1662,-0.00188228126005043,0.0168623064772293,-0.000171116478186402,"Caleb Johnson","JAX","LB",2022
"1582","00-0033894",664,-0.00188593350302309,0.0166963810428351,-0.000171448500274826,"Marcus Williams","BAL","DB",2022
"1583","00-0034073",716,-0.00188701436349617,0.0163071319494806,-0.000171546760317834,"Ross Dwelley","SF","TE",2022
"1584","00-0035993",1306,-0.001888305165731,0.0164506070434261,-0.000171664105975546,"Tyler Huntley","BAL","QB",2022
"1585","00-0035933",1291,-0.00190004199558862,0.0164657177163154,-0.000172731090508056,"Michael Hoecht","LA","DL",2022
"1586","00-0033093",499,-0.00190308823560996,0.0164345402307233,-0.000173008021419088,"Jonathan Bullard","MIN","DL",2022
"1587","00-0030500",163,-0.00192487496080483,0.0169626892156088,-0.000174988632800439,"Nicholas Williams","NYG","DL",2022
"1588","00-0034163",735,-0.00193538881353554,0.0161031498671363,-0.00017594443759414,"Jake Martin","DEN","DL",2022
"1589","00-0031357",230,-0.00194313027641801,0.0173902751223778,-0.000176648206947092,"C.J. Goodwin","DAL","DB",2022
"1590","00-0037096",1860,-0.00194424399171603,0.0162668970213063,-0.000176749453792367,"Elijah Hicks","CHI","DB",2022
"1591","00-0036415",1527,-0.00197140324443124,0.0166327529829542,-0.000179218476766476,"Van Jefferson","LA","WR",2022
"1592","00-0036986",1803,-0.00197669773163957,0.0166507207811613,-0.000179699793785415,"Nahshon Wright","DAL","DB",2022
"1593","00-0031237",209,-0.00197764932364468,0.0162845891765146,-0.000179786302149516,"Teddy Bridgewater","MIA","QB",2022
"1594","00-0038091",2152,-0.00198831535473469,0.0172331379338787,-0.000180755941339517,"J.T. Woods","LAC","DB",2022
"1595","00-0029585",103,-0.00198996876607839,0.0171877136596842,-0.000180906251461672,"Chandler Jones","LV","DL",2022
"1596","00-0027103",27,-0.0019953024030446,0.0173755323847932,-0.000181391127549509,"Kevin Huber","CIN","P",2022
"1597","00-0034754",903,-0.00199905731488695,0.0166136917267003,-0.000181732483171541,"Oren Burks","SF","LB",2022
"1598","00-0032320",369,-0.00200344039856565,0.01679351788482,-0.00018213094532415,"Erik Harris","ATL","DB",2022
"1599","00-0033858",637,-0.00200659030560338,0.016828535859377,-0.000182417300509398,"Jonnu Smith","NE","TE",2022
"1600","00-0037317",1970,-0.0020075364746673,0.0163789076659095,-0.000182503315878846,"Nick Muse","MIN","TE",2022
"1601","00-0034142",728,-0.00201539600368084,0.0173190920435287,-0.00018321781851644,"J.C. Hassenauer","PIT","OL",2022
"1602","00-0034846",956,-0.00201957528465713,0.0173427549510715,-0.000183597753150648,"Shaquille Leonard","IND","LB",2022
"1603","00-0033547",585,-0.00202167724240983,0.0168566371301482,-0.000183788840219075,"Zach Cunningham","TEN","LB",2022
"1604","00-0037621",2071,-0.00202683741703791,0.0166372178717903,-0.000184257947003446,"Ryder Anderson","NYG","DL",2022
"1605","00-0030575",170,-0.00203113526305653,0.0179606372826279,-0.000184648660277867,"Xavier Rhodes","DAL","DB",2022
"1606","00-0034960",982,-0.00204444277689169,0.0165304726092889,-0.000185858434262881,"Jakobi Meyers","NE","WR",2022
"1607","00-0036096",1330,-0.00204808089235436,0.0178456397874602,-0.000186189172032215,"J.J. Taylor","NE","RB",2022
"1608","00-0035903",1284,-0.00204816929710783,0.01747516527678,-0.000186197208827985,"Joe Gaziano","LAC","DL",2022
"1609","00-0035222",1051,-0.002051494409929,0.0162623755448872,-0.000186499491811728,"Zach Gentry","PIT","TE",2022
"1610","00-0030761",180,-0.00206039301804714,0.0170658227997368,-0.000187308456186104,"Joe Thomas","CHI","LB",2022
"1611","00-0036871",1711,-0.00206147139156412,0.0166199991381157,-0.000187406490142193,"Nate Hobbs","LV","DB",2022
"1612","00-0030456",160,-0.0020632120468728,0.0171818554743062,-0.000187564731533891,"Giovani Bernard","TB","RB",2022
"1613","00-0036616",1608,-0.00207010629109994,0.0160912184951341,-0.000188191481009085,"Christian Darrisaw","MIN","OL",2022
"1614","00-0037241",1905,-0.00207792504122633,0.016621160726669,-0.000188902276475121,"Trevor Penning","NO","OL",2022
"1615","00-0036621",1613,-0.00208311675298988,0.0162568895818017,-0.000189374250271807,"Nick Bolton","KC","LB",2022
"1616","00-0036615",1607,-0.00209874128390232,0.0170519279269588,-0.000190794662172938,"Caleb Farley","TEN","DB",2022
"1617","00-0036368",1491,-0.00209937201936856,0.0166398165248041,-0.000190852001760778,"Tanner Muse","SEA","LB",2022
"1618","00-0033251",524,-0.00210707724931959,0.0161715129306491,-0.000191552477210872,"Zach Pascal","PHI","WR",2022
"1619","00-0036917",1749,-0.0021097137613402,0.0174682480894589,-0.000191792160121836,"Zech McPhearson","PHI","DB",2022
"1620","00-0034753",902,-0.00210976424773345,0.0162310982927932,-0.00019179674979395,"Mark Andrews","BAL","TE",2022
"1621","00-0035062",1013,-0.00211092407061062,0.0168620843674274,-0.000191902188237329,"Sam Mustipher","CHI","OL",2022
"1622","00-0035133",1025,-0.0021110068501169,0.0166635171688085,-0.000191909713646991,"Keisean Nixon","GB","DB",2022
"1623","00-0037270",1934,-0.00211272815433538,0.0170501583500284,-0.000192066195848671,"Otito Ogbonnia","LAC","DL",2022
"1624","00-0037252",1916,-0.00211445804135309,0.0169026201189871,-0.000192223458304826,"Greg Dulcich","DEN","TE",2022
"1625","00-0036273",1417,-0.00211527714882947,0.0175452125782469,-0.000192297922620861,"Jake Hanson","GB","OL",2022
"1626","00-0036630",1622,-0.00212295832709155,0.0166368202106202,-0.000192996211553778,"Tylan Wallace","BAL","WR",2022
"1627","00-0036030",1314,-0.00212452213876388,0.0167917246863598,-0.000193138376251262,"Ladarius Hamilton","GB","LB",2022
"1628","00-0032420",397,-0.00213417980804529,0.0169221964816703,-0.000194016346185936,"Brandon Shell","MIA","OL",2022
"1629","00-0035633",1186,-0.00213789754845687,0.0168506752821876,-0.000194354322586988,"Corey Ballentine","GB","DB",2022
"1630","00-0037129",1867,-0.0021391432501892,0.0161502676900378,-0.000194467568199018,"Josh Blackwell","CHI","DB",2022
"1631","00-0036133",1338,-0.00214126844296655,0.017283852533934,-0.000194660767542414,"James Proche","BAL","WR",2022
"1632","00-0027952",54,-0.002143271505926,0.0164273863318644,-0.000194842864175091,"Robert Quinn","PHI","LB",2022
"1633","00-0035649",1198,-0.0021438944130238,0.0171807572737812,-0.000194899492093073,"Nate Davis","TEN","OL",2022
"1634","00-0036441",1546,-0.00214779176933135,0.0164503716335426,-0.000195253797211941,"Kenneth Murray","LAC","LB",2022
"1635","00-0030421",158,-0.00215024448703031,0.0161951945201445,-0.00019547677154821,"Jamie Collins","NE","LB",2022
"1636","00-0035567",1167,-0.00215546209813242,0.0175145322449569,-0.00019595109983022,"Craig Reynolds","DET","RB",2022
"1637","00-0035242",1066,-0.00216124646156461,0.0160494316737283,-0.000196476951051328,"Erik McCoy","NO","OL",2022
"1638","00-0029144",84,-0.00216224765084951,0.0178524916598673,-0.000196567968259046,"Tom Compton","DEN","OL",2022
"1639","00-0031554",263,-0.00216919085576166,0.0166070466978598,-0.000197199168705605,"Eric Kendricks","MIN","LB",2022
"1640","00-0036090",1328,-0.0021781600284278,0.0179444405494185,-0.000198014548038891,"De'Jon Harris","WAS","LB",2022
"1641","00-0036005",1309,-0.00218213624246633,0.0174776298664839,-0.000198376022042393,"Noah Togiai","PHI","TE",2022
"1642","00-0036482",1556,-0.00218507547654601,0.017181132501455,-0.000198643225140547,"Mike Strachan","IND","WR",2022
"1643","00-0031079",198,-0.00219278224616795,0.0168513753245377,-0.000199343840560723,"Pat O'Donnell","GB","P",2022
"1644","00-0032366",371,-0.00219932155026151,0.0173720111161559,-0.000199938322751047,"Tyler Matakevich","BUF","LB",2022
"1645","00-0033503",568,-0.00221540143401594,0.0172862828018799,-0.000201400130365086,"Arthur Maulet","PIT","DB",2022
"1646","00-0035386",1133,-0.00222361745210159,0.0163199334380602,-0.000202147041100145,"T.J. Edwards","PHI","LB",2022
"1647","00-0036624",1616,-0.00222484899825916,0.0166153376399747,-0.000202258999841742,"Alim McNeill","DET","DL",2022
"1648","00-0037615",2067,-0.00222551875193799,0.0172528206639597,-0.000202319886539817,"Nakobe Dean","PHI","LB",2022
"1649","00-0036618",1610,-0.00223634842290762,0.0166313649061732,-0.000203304402082511,"Samuel Cosmi","WAS","OL",2022
"1650","00-0031388",242,-0.00223849271283295,0.0174865338270158,-0.000203499337530268,"Aaron Donald","LA","DL",2022
"1651","00-0026293",20,-0.00223933078518851,0.0163220418380834,-0.000203575525926228,"Matt Slater","NE","WR",2022
"1652","00-0037031",1831,-0.00224516292196132,0.0172457763226267,-0.000204105720178302,"Nikola Kalinic","IND","TE",2022
"1653","00-0031433",251,-0.0022519671328061,0.016592859177194,-0.000204724284800555,"Billy Turner","DEN","OL",2022
"1654","00-0036356",1481,-0.00225267444390641,0.0162168945180557,-0.000204788585809674,"Isaiah Simmons","ARI","LB",2022
"1655","00-0029892",126,-0.00225768708561209,0.0157518482991943,-0.00020524428051019,"Kyle Juszczyk","SF","RB",2022
"1656","00-0034989",996,-0.00226362657040301,0.0172923513582678,-0.000205784233673001,"Justin Skule","TB","OL",2022
"1657","00-0035311",1108,-0.00226497070065802,0.0173072959226779,-0.000205906427332547,"Myles Gaskin","MIA","RB",2022
"1658","00-0034112",723,-0.00226977836651002,0.0167637420354539,-0.000206343487864547,"Austin Schlottmann","MIN","OL",2022
"1659","00-0033926",686,-0.00226996081068101,0.0173338931066641,-0.000206360073698274,"Shaquill Griffin","JAX","DB",2022
"1660","00-0035659",1204,-0.00227186809928889,0.0164287217771496,-0.000206533463571718,"Terry McLaurin","WAS","WR",2022
"1661","00-0032518",413,-0.00227621809938531,0.0177810058730822,-0.000206928918125938,"Justin Zimmer","MIA","DL",2022
"1662","00-0037303",1960,-0.00228196651472885,0.0161656101591032,-0.000207451501338986,"Matt Henningsen","DEN","DL",2022
"1663","00-0036247",1396,-0.00230268110004114,0.0173850855206683,-0.000209334645458285,"Freddie Swain","DEN","WR",2022
"1664","00-0035304",1105,-0.00230646501267057,0.0175201369343373,-0.000209678637515506,"Cullen Gillaspia","SEA","RB",2022
"1665","00-0035726",1247,-0.00230678956490537,0.0162855409546863,-0.000209708142264125,"Jakob Johnson","LV","RB",2022
"1666","00-0037594",2057,-0.00231131969116217,0.0168621411082215,-0.000210119971923834,"Julius Chestnut","TEN","RB",2022
"1667","00-0036013",1311,-0.00232138663231359,0.0175718879566472,-0.000211035148392145,"Arryn Siposs","PHI","P",2022
"1668","00-0034171",739,-0.00232206956216845,0.0169496108673732,-0.000211097232924405,"Jason Cabinda","DET","RB",2022
"1669","00-0035215",1047,-0.00232496598885542,0.0181000406578853,-0.000211360544441402,"Deonte Harty","NO","WR",2022
"1670","00-0029890",125,-0.00233922256579267,0.0166565695298262,-0.000212656596890243,"Mike Purcell","DEN","DL",2022
"1671","00-0031785",291,-0.00234015889496187,0.0164317628054078,-0.000212741717723806,"Troy Hill","LA","DB",2022
"1672","00-0036846",1692,-0.00234360040481144,0.0168110748979522,-0.000213054582255585,"Tre Norwood","PIT","DB",2022
"1673","00-0029672",115,-0.00234603839630836,0.0169950475342081,-0.000213276217846214,"Riley Reiff","CHI","OL",2022
"1674","00-0035956",1297,-0.00235367495222891,0.0157734615927246,-0.000213970450202628,"Giovanni Ricci","CAR","TE",2022
"1675","00-0037083",1850,-0.00235419400699138,0.0169543920114507,-0.000214017636999216,"Kingsley Enagbare","GB","LB",2022
"1676","00-0036603",1603,-0.00236026164931292,0.0169973321226234,-0.000214569240846629,"Alaric Jackson","LA","OL",2022
"1677","00-0036215",1374,-0.00236123337399276,0.0176769013968383,-0.000214657579453888,"Danny Pinter","IND","OL",2022
"1678","00-0037805",2107,-0.00236623160700951,0.0169356389284553,-0.000215111964273592,"Jeremy Ruckert","NYJ","TE",2022
"1679","00-0036584",1598,-0.00237196813915009,0.0168173582816736,-0.000215633467195462,"Foster Sarell","LAC","OL",2022
"1680","00-0029000",81,-0.00237577596035828,0.0171852444143193,-0.000215979632759844,"Cole Beasley","BUF","WR",2022
"1681","00-0035625",1180,-0.00237659433892598,0.0172851818071838,-0.000216054030811453,"Juan Thornhill","KC","DB",2022
"1682","00-0033879",651,-0.00237967608386909,0.0169917353806188,-0.000216334189442645,"O.J. Howard","HOU","TE",2022
"1683","00-0036991",1808,-0.00238067056810998,0.016762287335074,-0.000216424597100907,"Amari Rodgers","HOU","WR",2022
"1684","00-0034817",940,-0.00238629056580006,0.017729415073408,-0.000216935505981824,"Geron Christian","MIA","OL",2022
"1685","00-0035531",1157,-0.00239414803019989,0.0170216728508578,-0.000217649820927263,"Austin Bryant","DET","LB",2022
"1686","00-0037137",1870,-0.00239638960310388,0.0171449979986607,-0.000217853600282171,"Josh Jobe","PHI","DB",2022
"1687","00-0033555",591,-0.00240564879170502,0.0160553458074494,-0.000218695344700456,"Mack Hollins","LV","WR",2022
"1688","00-0036959",1782,-0.0024071798722677,0.0173579910801238,-0.000218834533842518,"Michael Bandy","LAC","WR",2022
"1689","00-0036961",1783,-0.00241123828801694,0.0162643150867081,-0.000219203480728813,"Richie Grant","ATL","DB",2022
"1690","00-0032233",360,-0.00242776406612989,0.0177559368052256,-0.000220705824193627,"Cedric Ogbuehi","NYJ","OL",2022
"1691","00-0034361",795,-0.00242818692058915,0.0162322823664195,-0.000220744265508105,"Justin Reid","KC","DB",2022
"1692","00-0033662",612,-0.00242882468340461,0.0171144551414248,-0.000220802243945874,"Cooper Rush","DAL","QB",2022
"1693","00-0035831",1266,-0.00244247947405691,0.0175586866989405,-0.000222043588550628,"James Robinson","NYJ","RB",2022
"1694","00-0033063",489,-0.00244400490313668,0.0169972193967344,-0.000222182263921517,"Zach Wood","NO","LS",2022
"1695","00-0033572",598,-0.00244775824241957,0.0165817062735489,-0.000222523476583598,"Jamal Agnew","JAX","WR",2022
"1696","00-0036048",1320,-0.00245359399035265,0.017514397588912,-0.000223053999122969,"John Molchon","TB","OL",2022
"1697","00-0037459",2016,-0.00246336843089784,0.016418943987343,-0.000223942584627076,"Kurt Hinish","HOU","DL",2022
"1698","00-0031580",271,-0.0024813878327131,0.0167375102616632,-0.000225580712064827,"Shaquille Mason","TB","OL",2022
"1699","00-0035754",1249,-0.00248774934174834,0.0177935107743603,-0.000226159031068031,"Jonathan Kongbo","DEN","DL",2022
"1700","00-0037822",2122,-0.00248966288293949,0.0174957063900947,-0.000226332989358136,"Brian Asamoah","MIN","LB",2022
"1701","00-0030402",156,-0.00249508849447821,0.0175612442186649,-0.000226826226770747,"Akeem Spence","SF","DL",2022
"1702","00-0037081",1848,-0.00250705349064877,0.0166623815654251,-0.000227913953695343,"Braxton Jones","CHI","OL",2022
"1703","00-0038113",2172,-0.002512846374436,0.0164490554736855,-0.000228440579494181,"Brandon Smith","CAR","LB",2022
"1704","00-0035713",1243,-0.00251334675632554,0.016506882249964,-0.000228486068756867,"Brian Burns","CAR","DL",2022
"1705","00-0037074",1842,-0.00251748459607053,0.0161859220789512,-0.000228862236006412,"Quay Walker","GB","LB",2022
"1706","00-0037202",1892,-0.00254041845512059,0.0164636466294188,-0.00023094713228369,"DaMarcus Mitchell","NE","DL",2022
"1707","00-0031545",259,-0.00256158728567013,0.0169671850569711,-0.000232871571424557,"Kevin White","NO","WR",2022
"1708","00-0035668",1211,-0.00256470709333842,0.0170983379994173,-0.000233155190303493,"David Edwards","LA","OL",2022
"1709","00-0033936",693,-0.00257637754536319,0.0171740624764462,-0.000234216140487562,"C.J. Beathard","JAX","QB",2022
"1710","00-0036266",1412,-0.00258173754774416,0.0172865014675968,-0.000234703413431287,"Jordan Elliott","CLE","DL",2022
"1711","00-0036654",1642,-0.00258365954113263,0.0173365993525828,-0.000234878140102967,"Demetric Felton","CLE","RB",2022
"1712","00-0037535",2037,-0.00258496645285479,0.017821335069214,-0.000234996950259527,"DaMarcus Fields","WAS","DB",2022
"1713","00-0034431",837,-0.0025860685152321,0.0170463014045323,-0.000235097137748373,"Zaire Franklin","IND","LB",2022
"1714","00-0037299",1956,-0.00258665570016448,0.0174649039019261,-0.000235150518196771,"Keaontay Ingram","ARI","RB",2022
"1715","00-0034382",810,-0.00259361061026192,0.0164616953087047,-0.000235782782751083,"Marquis Haynes","CAR","DL",2022
"1716","00-0035346",1118,-0.00259628194728,0.016571904110822,-0.000236025631570909,"Nik Needham","MIA","DB",2022
"1717","00-0036438",1543,-0.00260227179111337,0.016433329938946,-0.000236570162828489,"Stephen Sullivan","CAR","TE",2022
"1718","00-0037300",1957,-0.00260989802861367,0.016662901612309,-0.000237263457146697,"Mike Woods","CLE","WR",2022
"1719","00-0034414",829,-0.00261090610452047,0.0169317033405785,-0.000237355100410952,"Boston Scott","PHI","RB",2022
"1720","00-0033324",545,-0.00262375557279516,0.0174097064667586,-0.000238523233890469,"Tashawn Bower","LV","DL",2022
"1721","00-0037845",2141,-0.00262769045148031,0.018234292851328,-0.000238880950134574,"A.J. Arcuri","LA","OL",2022
"1722","00-0032165",345,-0.00262832628645102,0.0164803518125227,-0.000238938753313729,"Marcus Peters","BAL","DB",2022
"1723","00-0035862",1274,-0.00263375717760145,0.0167270492737501,-0.000239432470691041,"Essang Bassey","DEN","DB",2022
"1724","00-0029963",129,-0.00264422587123651,0.0169194392528844,-0.00024038417011241,"Christopher Hubbard","CLE","OL",2022
"1725","00-0037273",1936,-0.00264651228566741,0.0176313052735814,-0.000240592025969764,"Kyle Philips","TEN","WR",2022
"1726","00-0034184",742,-0.00266174530686027,0.0167021569417605,-0.000241976846078206,"Gus Edwards","BAL","RB",2022
"1727","00-0028292",71,-0.00266310460306335,0.0164526185898879,-0.000242100418460305,"Nick Bellore","SEA","LB",2022
"1728","00-0036230",1384,-0.00266667142611955,0.0174437234756244,-0.000242424675101777,"Prince Tega Wanogho","KC","OL",2022
"1729","00-0035393",1135,-0.00266847790371286,0.017912355723326,-0.000242588900337533,"Anthony Chesley","TB","DB",2022
"1730","00-0036240",1392,-0.00267300417791595,0.0182111876465114,-0.000243000379810541,"Chris Jackson","TEN","DB",2022
"1731","00-0034051",711,-0.00268313124371231,0.0166731937958478,-0.000243921022155664,"Christian Kuntz","PIT","LS",2022
"1732","00-0035771",1255,-0.00269496063493374,0.0164134281836788,-0.000244996421357613,"Mitchell Wilcox","CIN","TE",2022
"1733","00-0034435",838,-0.00269995579721781,0.0158421310596301,-0.000245450527019801,"Keion Crossen","MIA","DB",2022
"1734","00-0036956",1780,-0.0027051522638164,0.0165428927843858,-0.000245922933074219,"Darren Hall","ATL","DB",2022
"1735","00-0037132",1869,-0.0027100998542542,0.0170800458799452,-0.000246372714023109,"Britain Covey","PHI","WR",2022
"1736","00-0035859",1272,-0.00271753230322408,0.0177139400257415,-0.000247048391202189,"Blake Gillikin","NO","P",2022
"1737","00-0033284",531,-0.00271851553455232,0.0162705952540451,-0.000247137775868393,"Taylor Moton","CAR","OL",2022
"1738","00-0028063",63,-0.00272684345986865,0.0181057905093636,-0.000247894859988059,"Taiwan Jones","BUF","RB",2022
"1739","00-0036506",1565,-0.00272881109642635,0.0173448602809013,-0.000248073736038759,"Isaiah Dunn","SEA","DB",2022
"1740","00-0037092",1857,-0.00273790401313564,0.0181448175557207,-0.000248900364830512,"Chris Paul","WAS","OL",2022
"1741","00-0031260",215,-0.0027380620155537,0.0165143377174353,-0.0002489147286867,"Logan Thomas","WAS","TE",2022
"1742","00-0034613",875,-0.00273851064583684,0.0177824723142062,-0.000248955513257894,"Tanner Hudson","CIN","TE",2022
"1743","00-0036847",1693,-0.00275013668081255,0.016962293245241,-0.000250012425528414,"Pressley Harvin","PIT","P",2022
"1744","00-0037005",1822,-0.00275407205719129,0.0163663172643054,-0.00025037018701739,"Tommy Tremble","CAR","TE",2022
"1745","00-0032807",451,-0.00275541636407374,0.0163991211213901,-0.000250492396733976,"Clayton Fejedelem","MIA","DB",2022
"1746","00-0034490",852,-0.00275695221725313,0.0168752236054569,-0.000250632019750284,"Ezekiel Turner","ARI","LB",2022
"1747","00-0034125",727,-0.0027643510627229,0.0171358894773816,-0.000251304642065718,"Kendal Vickers","BUF","DL",2022
"1748","00-0034203",745,-0.00276460992748159,0.0168314598215394,-0.000251328175225599,"Darious Williams","JAX","DB",2022
"1749","00-0033392",555,-0.00277119295636449,0.0174676556923778,-0.000251926632396771,"Harvey Langi","LV","LB",2022
"1750","00-0034261",754,-0.00277567780236032,0.0168815768696032,-0.00025233434566912,"Austin Corbett","CAR","OL",2022
"1751","00-0037278",1941,-0.00277754284486718,0.0168183765912945,-0.000252503894987926,"Luke Wattenberg","DEN","OL",2022
"1752","00-0035238",1063,-0.00278616645994925,0.0166937458239198,-0.000253287859995386,"Cody Ford","ARI","OL",2022
"1753","00-0037012",1829,-0.00279421490694038,0.0169071198124705,-0.00025401953699458,"Trey Lance","SF","QB",2022
"1754","00-0037013",1830,-0.00280472482665634,0.0171366117749532,-0.000254974984241485,"Zach Wilson","NYJ","QB",2022
"1755","00-0034114",724,-0.00280779933428825,0.0171108161603494,-0.000255254484935295,"Coleman Shelton","LA","OL",2022
"1756","00-0033275",526,-0.00281434437502904,0.0167854927181816,-0.000255849488639003,"Phillip Walker","CAR","QB",2022
"1757","00-0033740",621,-0.00281454292042019,0.0175638349274004,-0.000255867538220018,"Jordan Roos","TEN","OL",2022
"1758","00-0035541",1162,-0.00281934473957087,0.0162936157175511,-0.000256304067233715,"Michael Dogbe","ARI","DL",2022
"1759","00-0034845",955,-0.00282237737915341,0.0175141797459887,-0.000256579761741219,"Sony Michel","LAC","RB",2022
"1760","00-0030615",173,-0.00282784896901751,0.0163703001522739,-0.000257077179001592,"James Winchester","KC","LS",2022
"1761","00-0029164",85,-0.00283421073945912,0.0175084320270537,-0.000257655521769011,"Mike Remmers","NYJ","OL",2022
"1762","00-0035357",1123,-0.00284350395731902,0.0171700953059768,-0.000258500359756275,"Cameron Lewis","BUF","DB",2022
"1763","00-0033854",634,-0.00285677724443681,0.0163958614418724,-0.000259707022221528,"Dare Ogunbowale","HOU","RB",2022
"1764","00-0037749",2095,-0.00285979422719512,0.0174337391265737,-0.000259981293381375,"Jack Coco","GB","LS",2022
"1765","00-0035147",1033,-0.00286132662437943,0.0165340099148245,-0.000260120602216312,"Rashad Fenton","ATL","DB",2022
"1766","00-0033196",519,-0.002863302461439,0.0168521017785268,-0.000260300223767182,"Zach Triner","TB","LS",2022
"1767","00-0033699",616,-0.00287207428646785,0.0161707857718579,-0.000261097662406168,"Austin Ekeler","LAC","RB",2022
"1768","00-0032667",426,-0.00287676256584196,0.016354704034247,-0.000261523869621997,"Roy Robertson-Harris","JAX","DL",2022
"1769","00-0032918",458,-0.00287738890041338,0.0167617261749808,-0.000261580809128489,"C.J. Ham","MIN","RB",2022
"1770","00-0035293",1101,-0.00288310345781126,0.0179755338816649,-0.000262100314346478,"Xavier Crawford","SEA","DB",2022
"1771","00-0038134",2192,-0.00289863048036763,0.0167419883614901,-0.000263511861851602,"Kenneth Walker","SEA","RB",2022
"1772","00-0035642",1192,-0.00290075207500106,0.0160528223673201,-0.000263704734091005,"Josh Allen","JAX","LB",2022
"1773","00-0029714",121,-0.00290546661371058,0.016675213658521,-0.000264133328519144,"Andrew DePaola","MIN","LS",2022
"1774","00-0035210",1046,-0.00291292864627973,0.0170786063652093,-0.00026481169511634,"Herb Miller","CLE","DB",2022
"1775","00-0034955",979,-0.0029243580591829,0.0175334845187321,-0.000265850732652991,"Brett Rypien","DEN","QB",2022
"1776","00-0037585",2054,-0.00292590470224898,0.0175796574260719,-0.000265991336568089,"Timmy Horne","ATL","DL",2022
"1777","00-0035289",1097,-0.00292752464068559,0.016524984282873,-0.00026613860369869,"Gardner Minshew","PHI","QB",2022
"1778","00-0037298",1955,-0.00293704587499499,0.0171279013270056,-0.00026700417045409,"Sam Roberts","NE","DL",2022
"1779","00-0036752",1671,-0.00293710926125787,0.0167344748855372,-0.000267009932841624,"A.J. Parker","SF","DB",2022
"1780","00-0037286",1946,-0.00294193967918711,0.0168874188148328,-0.000267449061744282,"Kevin Harris","NE","RB",2022
"1781","00-0033387",554,-0.00294656633729889,0.0170903138924782,-0.000267869667027172,"Jacob Hollister","SEA","TE",2022
"1782","00-0036879",1717,-0.00294861001870393,0.016677756812211,-0.000268055456245811,"Sam Ehlinger","IND","QB",2022
"1783","00-0034389",817,-0.00294867881392867,0.0171845995823009,-0.000268061710357152,"Dane Cruikshank","CHI","DB",2022
"1784","00-0036148",1341,-0.00295090873952765,0.0170173018246992,-0.00026826443086615,"Domenique Davis","CIN","DL",2022
"1785","00-0037754",2098,-0.00295260018122267,0.0168416095805039,-0.00026841819829297,"Nicholas Petit-Frere","TEN","OL",2022
"1786","00-0034842",952,-0.00295541189842322,0.0165460135831567,-0.000268673808947565,"Taven Bryan","CLE","DL",2022
"1787","00-0034745",898,-0.0029610714076626,0.0175710710085682,-0.000269188309787509,"Tracy Walker","DET","DB",2022
"1788","00-0034973",988,-0.00296322746389112,0.0167053048045794,-0.000269384314899193,"Maxx Crosby","LV","DL",2022
"1789","00-0037500",2029,-0.00296457594232249,0.0166374411548009,-0.000269506903847499,"Ryan Wright","MIN","P",2022
"1790","00-0027942",48,-0.00296586545944616,0.0162611123449136,-0.000269624132676924,"A.J. Green","ARI","WR",2022
"1791","00-0037516",2032,-0.0029662535896653,0.0163731008272202,-0.0002696594172423,"Sam Webb","LV","DB",2022
"1792","00-0031122",202,-0.00296726937436943,0.0169522299965845,-0.000269751761306311,"Andrew Norwell","WAS","OL",2022
"1793","00-0028278",69,-0.00296922523900712,0.0164529024604221,-0.000269929567182466,"Josh Bynes","BAL","LB",2022
"1794","00-0037816",2117,-0.00297256673193191,0.0169289645068005,-0.000270233339266537,"Romeo Doubs","GB","WR",2022
"1795","00-0035703",1238,-0.00297370319566703,0.0167440979220628,-0.000270336654151548,"Miles Boykin","PIT","WR",2022
"1796","00-0037829",2128,-0.00298716372207454,0.0165471313568874,-0.000271560338370413,"Spencer Burford","SF","OL",2022
"1797","00-0036250",1399,-0.00298846980458648,0.0164226413955898,-0.000271679073144225,"Tyler Davis","GB","TE",2022
"1798","00-0036658",1645,-0.00298893558403898,0.0167968441023856,-0.000271721416730816,"Isaiah McDuffie","GB","LB",2022
"1799","00-0027688",36,-0.00299779375349313,0.0167109069597968,-0.000272526704863012,"Colt McCoy","ARI","QB",2022
"1800","00-0031795",293,-0.00300225778251741,0.0173464764116233,-0.000272932525683401,"DeShawn Williams","DEN","DL",2022
"1801","00-0036251",1400,-0.00300586960115742,0.0176143622238161,-0.000273260872832493,"Zack Moss","IND","RB",2022
"1802","00-0037330",1980,-0.00302007992082276,0.0173814842696668,-0.000274552720074796,"Jesse Luketa","ARI","LB",2022
"1803","00-0033045",480,-0.00303023681441594,0.0176102147797038,-0.000275476074037812,"Ezekiel Elliott","DAL","RB",2022
"1804","00-0036901",1736,-0.0030321120599793,0.0162520756678517,-0.000275646550907209,"Eric Stokes","GB","DB",2022
"1805","00-0037560",2045,-0.00303246956632042,0.0181215361196662,-0.000275679051483674,"Chandler Wooten","CAR","LB",2022
"1806","00-0035763",1252,-0.00303734600596772,0.0171754323512714,-0.000276122364178884,"Malcolm Roach","NO","DL",2022
"1807","00-0036400",1514,-0.00306025813713159,0.0170101986463903,-0.000278205285193781,"Cam Brown","NYG","LB",2022
"1808","00-0036289",1429,-0.00306642098540407,0.0175431779304365,-0.000278765544127642,"Ross Blacklock","MIN","DL",2022
"1809","00-0037283",1945,-0.00307171446044523,0.0171431695668641,-0.000279246769131384,"John Ridgeway","WAS","DL",2022
"1810","00-0037835",2133,-0.0030818396328523,0.0171151177505774,-0.000280167239350209,"Luke Goedeke","TB","OL",2022
"1811","00-0033543",581,-0.00308882191291724,0.0176852459996496,-0.000280801992083385,"Sidney Jones","LV","DB",2022
"1812","00-0032127",328,-0.00309432462923585,0.0168562064766638,-0.000281302239021441,"Markus Golden","ARI","LB",2022
"1813","00-0038123",2182,-0.00310069087810164,0.0166003140974824,-0.000281880988918331,"Dane Belton","NYG","DB",2022
"1814","00-0036884",1722,-0.00311115710234836,0.0163363757356053,-0.000282832463849851,"Marco Wilson","ARI","DB",2022
"1815","00-0036378",1499,-0.00311365478977276,0.0163959838396013,-0.000283059526342978,"Michael Danna","KC","DL",2022
"1816","00-0037082",1849,-0.0031158708542584,0.0165375289528743,-0.000283260986750763,"Dominique Robinson","CHI","DL",2022
"1817","00-0032228",359,-0.00312181873120956,0.0168800661345237,-0.000283801702837233,"Joe Cardona","NE","LS",2022
"1818","00-0031608",281,-0.00313154265047216,0.016434411813084,-0.000284685695497469,"Quandre Diggs","SEA","DB",2022
"1819","00-0036221",1378,-0.00313240407656585,0.017311359272913,-0.000284764006960532,"Brandon Jones","MIA","DB",2022
"1820","00-0035021",1006,-0.00314068227392426,0.0173316605600034,-0.000285516570356751,"Ashton Dulin","IND","WR",2022
"1821","00-0034677",886,-0.00314458492629347,0.0162938500623656,-0.00028587135693577,"Justin Jones","CHI","DL",2022
"1822","00-0036691",1659,-0.00315034008315235,0.0165786799745448,-0.00028639455301385,"Tory Carter","TEN","RB",2022
"1823","00-0037355",1989,-0.00315350560929845,0.0170461708412811,-0.000286682328118041,"Braylon Sanders","MIA","WR",2022
"1824","00-0031740",289,-0.00316732927937696,0.0170553497588639,-0.000287939025397906,"Neville Hewitt","HOU","LB",2022
"1825","00-0031690",287,-0.00316941317851267,0.0170195608159162,-0.000288128470773879,"Eric Tomlinson","DEN","TE",2022
"1826","00-0036754",1672,-0.00318313313104973,0.0162275617721109,-0.000289375739186339,"Brock Wright","DET","TE",2022
"1827","00-0037229",1898,-0.00318801941533622,0.0164583570536429,-0.000289819946848747,"Ikem Ekwonu","CAR","OL",2022
"1828","00-0037078",1846,-0.00318836750782566,0.0166706366714265,-0.000289851591620515,"Cole Turner","WAS","TE",2022
"1829","00-0032059",318,-0.00319127446277603,0.0171679743700754,-0.000290115860252366,"P.J. Williams","NO","DB",2022
"1830","00-0036394",1509,-0.00319235745490609,0.0169411777743195,-0.000290214314082372,"Darnay Holmes","NYG","DB",2022
"1831","00-0032144",336,-0.00319778555582728,0.0172445674557612,-0.00029070777780248,"Melvin Gordon","KC","RB",2022
"1832","00-0036256",1404,-0.00320680005062416,0.017364638325644,-0.000291527277329469,"Colton McKivitz","SF","OL",2022
"1833","00-0036504",1564,-0.00321133944526266,0.0171123770717379,-0.000291939949569333,"Brandin Echols","NYJ","DB",2022
"1834","00-0035631",1184,-0.00323756244154687,0.0170081201813374,-0.000294323858322443,"Drew Sample","CIN","TE",2022
"1835","00-0036576",1596,-0.00323828524565031,0.0174838357923937,-0.000294389567786392,"Phil Hoskins","KC","DL",2022
"1836","00-0035229",1055,-0.00324036102874628,0.0157531058158407,-0.00029457827534057,"T.J. Hockenson","MIN","TE",2022
"1837","00-0035048",1011,-0.00325748059085358,0.0168032250555336,-0.000296134599168508,"Wyatt Ray","DEN","DL",2022
"1838","00-0037079",1847,-0.00325880199794017,0.01687829677742,-0.00029625472708547,"Tariq Woolen","SEA","DB",2022
"1839","00-0037755",2099,-0.00327527492192193,0.0168210456588543,-0.000297752265629266,"Jelani Woods","IND","TE",2022
"1840","00-0037839",2135,-0.00327796483613486,0.0172055651102525,-0.000297996803284987,"Cobie Durant","LA","DB",2022
"1841","00-0036462",1551,-0.00327852483776916,0.0171656306471943,-0.000298047712524469,"Innis Gaines","GB","DB",2022
"1842","00-0035022",1007,-0.00328434815639658,0.0167346371043195,-0.000298577105126962,"Penny Hart","SEA","WR",2022
"1843","00-0036649",1638,-0.0032961631689801,0.0164170363803827,-0.000299651197180009,"Quinton Bohanna","DAL","DL",2022
"1844","00-0034858",962,-0.00330585145596866,0.0167749246594135,-0.000300531950542605,"Terrell Edmunds","PIT","DB",2022
"1845","00-0035094",1017,-0.00330969376274406,0.0165887921003787,-0.000300881251158551,"Bryan Mone","SEA","DL",2022
"1846","00-0037811",2112,-0.00332478153703479,0.0163143093157759,-0.000302252867003163,"Chad Muma","JAX","LB",2022
"1847","00-0030431",159,-0.00332897178824881,0.0164911731269873,-0.00030263379893171,"Robert Woods","TEN","WR",2022
"1848","00-0036643",1632,-0.0033461833159564,0.017003433936218,-0.000304198483268763,"K.J. Britt","TB","LB",2022
"1849","00-0033538",577,-0.00334875130700444,0.0175471946356024,-0.000304431937000403,"Garett Bolles","DEN","OL",2022
"1850","00-0035248",1071,-0.00335236371500539,0.017315551637544,-0.000304760337727762,"Zach Allen","ARI","DL",2022
"1851","00-0036682",1657,-0.00335479833654518,0.0165048746843983,-0.000304981666958653,"Malik Herring","KC","DL",2022
"1852","00-0035889",1278,-0.00336105541164663,0.0172873765696755,-0.000305550491967876,"Tommy Townsend","KC","P",2022
"1853","00-0037431",2011,-0.00336160119035109,0.0169198053722235,-0.000305600108213735,"Kingsley Jonathan","BUF","DL",2022
"1854","00-0030383",153,-0.00337985976050723,0.0169686568720073,-0.00030725997822793,"Duron Harmon","LV","DB",2022
"1855","00-0033927",687,-0.00338921557915058,0.0168615392383436,-0.000308110507195507,"John Johnson","CLE","DB",2022
"1856","00-0036663",1649,-0.0033945928308165,0.0169056116008227,-0.000308599348256046,"Matt Farniok","DAL","OL",2022
"1857","00-0031241",210,-0.00340679351373029,0.0174983703886909,-0.000309708501248208,"Devon Kennard","BAL","LB",2022
"1858","00-0034591",872,-0.00340847504544897,0.016420955470192,-0.000309861367768088,"J.C. Jackson","LAC","DB",2022
"1859","00-0036497",1559,-0.00341143516389827,0.0168369709651044,-0.000310130469445297,"Tim Jones","JAX","WR",2022
"1860","00-0036332",1462,-0.00341335322317423,0.0170975023617938,-0.000310304838470385,"Josiah Deguara","GB","TE",2022
"1861","00-0034903",970,-0.00341443854400177,0.0178692828813805,-0.000310403504000161,"Tevaughn Campbell","JAX","DB",2022
"1862","00-0035157",1037,-0.00342187112497695,0.0172851597609637,-0.000311079193179723,"Darius Harris","KC","LB",2022
"1863","00-0034080",717,-0.00342803660258499,0.0171439675516588,-0.00031163969114409,"Jeremiah Kolone","LA","OL",2022
"1864","00-0027981",59,-0.00343030136448228,0.017409818592386,-0.000311845578589298,"Kyle Rudolph","TB","TE",2022
"1865","00-0032897",457,-0.00343631377526164,0.0168106732449698,-0.000312392161387422,"Derek Watt","PIT","RB",2022
"1866","00-0038093",2154,-0.00344735672608831,0.0160263523516159,-0.000313396066008028,"Neil Farrell","LV","DL",2022
"1867","00-0036948",1773,-0.00345658134965563,0.0171043360116728,-0.000314234668150512,"Ta'Quon Graham","ATL","DL",2022
"1868","00-0033973",708,-0.00345760821408444,0.016985085678274,-0.000314328019462222,"Elijah Lee","CHI","LB",2022
"1869","00-0032408",392,-0.00347087188786706,0.0171768911041825,-0.000315533807987914,"Blake Martinez","LV","LB",2022
"1870","00-0034959",981,-0.00347161942821907,0.0167290726815135,-0.000315601766201733,"Andrew Beck","DEN","TE",2022
"1871","00-0037616",2068,-0.00347514110421279,0.0163923846226743,-0.000315921918564799,"Nick Cross","IND","DB",2022
"1872","00-0031269",216,-0.00348582914900571,0.0171354054667869,-0.000316893559000519,"T.J. Carrie","CAR","DB",2022
"1873","00-0034789",921,-0.00349965354226493,0.0166526531703462,-0.000318150322024084,"Minkah Fitzpatrick","PIT","DB",2022
"1874","00-0033246",523,-0.00350109086977722,0.0159413571483486,-0.000318280988161566,"Johnny Mundt","MIN","TE",2022
"1875","00-0029249",88,-0.00350179664552528,0.0170796211991756,-0.000318345149593207,"Melvin Ingram","MIA","LB",2022
"1876","00-0034286",767,-0.00352190479041867,0.0170562111547599,-0.000320173162765334,"Richie James","NYG","WR",2022
"1877","00-0036557",1582,-0.00353576487456718,0.01749661689718,-0.000321433170415199,"Jaylon Moore","SF","OL",2022
"1878","00-0030792",181,-0.00353911279725225,0.0171130077638138,-0.000321737527022932,"Justin McCray","HOU","OL",2022
"1879","00-0035650",1199,-0.00355285571815527,0.0172355086110637,-0.000322986883468661,"Justin Layne","CAR","DB",2022
"1880","00-0037175",1879,-0.00355722130451092,0.0173065863464643,-0.000323383754955538,"Anthony Brown","BAL","QB",2022
"1881","00-0033570",596,-0.00355788618786828,0.0173312643138679,-0.000323444198897116,"Anthony Walker","CLE","LB",2022
"1882","00-0033892",662,-0.00355894859206198,0.0171349472877816,-0.000323540781096543,"Marcus Maye","NO","DB",2022
"1883","00-0032203",351,-0.00356369352872026,0.0166005688996392,-0.000323972138974569,"Andrus Peat","NO","OL",2022
"1884","00-0032950",463,-0.00356616557357327,0.0169268272896994,-0.000324196870324843,"Carson Wentz","WAS","QB",2022
"1885","00-0030463",162,-0.00356838955624502,0.0179193670619815,-0.000324399050567729,"A.J. Klein","BUF","LB",2022
"1886","00-0035795",1259,-0.00357690590919991,0.0171519724278219,-0.000325173264472719,"James Pierre","PIT","DB",2022
"1887","00-0033765",624,-0.00358735060238591,0.0158319368291205,-0.000326122782035083,"Dylan Cole","TEN","LB",2022
"1888","00-0028002",61,-0.00359834464031942,0.0175470011554523,-0.000327122240029038,"Randall Cobb","GB","WR",2022
"1889","00-0037760",2104,-0.00361606436982078,0.0172745005135496,-0.000328733124529162,"Jeff Gunter","CIN","DL",2022
"1890","00-0026300",21,-0.00363796110092561,0.0180734176518267,-0.000330723736447783,"Josh Johnson","SF","QB",2022
"1891","00-0034545",866,-0.00363930910460495,0.0169522332820773,-0.000330846282236813,"Brandon Facyson","IND","DB",2022
"1892","00-0035632",1185,-0.00364708829933328,0.0166586009758137,-0.000331553481757571,"Amani Hooker","TEN","DB",2022
"1893","00-0036930",1759,-0.00365027059129432,0.0170950709173081,-0.000331842781026757,"Landon Young","NO","OL",2022
"1894","00-0032969",470,-0.00365461575000691,0.0176864778041285,-0.000332237795455173,"Nick Martin","WAS","OL",2022
"1895","00-0037282",1944,-0.00365821477746443,0.0172966116651084,-0.000332564979769493,"James Mitchell","DET","TE",2022
"1896","00-0036068",1323,-0.00366269130385143,0.0171956375379436,-0.000332971936713767,"Jamir Jones","PIT","LB",2022
"1897","00-0035696",1232,-0.00366660444525299,0.0172139642289763,-0.000333327676841181,"Duke Shelley","MIN","DB",2022
"1898","00-0033941",695,-0.00367710471600911,0.0167771736572288,-0.000334282246909919,"Rayshawn Jenkins","JAX","DB",2022
"1899","00-0037593",2056,-0.00368934393123284,0.0180264314072478,-0.000335394902839349,"Tre Avery","TEN","DB",2022
"1900","00-0036590",1601,-0.00369204075266797,0.0165948458620287,-0.000335640068424361,"Quintin Morris","BUF","TE",2022
"1901","00-0036388",1504,-0.0036937410400849,0.0168876745931198,-0.000335794640007719,"Xavier McKinney","NYG","DB",2022
"1902","00-0031022",190,-0.0036993119455148,0.0176628855875714,-0.000336301085955891,"Laurent Duvernay-Tardif","NYJ","OL",2022
"1903","00-0029413",96,-0.00370872239490677,0.0168021233497288,-0.000337156581355161,"Ben Jones","TEN","OL",2022
"1904","00-0035328",1111,-0.00371705954655869,0.0173590054613171,-0.000337914504232608,"Matt Nelson","DET","OL",2022
"1905","00-0029263",91,-0.00371857996487503,0.0164541034736485,-0.000338052724079548,"Russell Wilson","DEN","QB",2022
"1906","00-0034346",783,-0.00372823634037668,0.0164948357189515,-0.00033893057639788,"Will Hernandez","ARI","OL",2022
"1907","00-0036422",1533,-0.00374288030463274,0.0168454208883769,-0.000340261845875704,"Adam Trautman","NO","TE",2022
"1908","00-0034818",941,-0.00375307433470342,0.0167209459667075,-0.000341188575882129,"Derrick Nnadi","KC","DL",2022
"1909","00-0036952",1777,-0.00375976316054335,0.0167066272715457,-0.000341796650958487,"Jonathon Cooper","DEN","LB",2022
"1910","00-0033784",628,-0.00376198441826087,0.0165183419360869,-0.000341998583478261,"Eddie Jackson","CHI","DB",2022
"1911","00-0036366",1489,-0.00379401884755484,0.0165528170500603,-0.000344910804323167,"Neville Gallimore","DAL","DL",2022
"1912","00-0026143",14,-0.00379912829516115,0.0167635712655315,-0.000345375299560104,"Matt Ryan","IND","QB",2022
"1913","00-0034954",978,-0.00381782431667989,0.0165671484783255,-0.00034707493787999,"Malik Reed","PIT","LB",2022
"1914","00-0035804",1260,-0.00382137324615588,0.0162207898151628,-0.000347397567832353,"Jonas Griffith","DEN","LB",2022
"1915","00-0031363",234,-0.00382399953281162,0.0174349442268787,-0.000347636321164693,"Michael Palardy","NE","P",2022
"1916","00-0037288",1948,-0.00383137404788993,0.0165018848486849,-0.000348306731626357,"Christian Benford","BUF","DB",2022
"1917","00-0037840",2136,-0.0038406748878145,0.0168476991548899,-0.000349152262528591,"Kyren Williams","LA","RB",2022
"1918","00-0036450",1549,-0.00384358587054764,0.0169074296216546,-0.000349416897322513,"Ke'Shawn Vaughn","TB","RB",2022
"1919","00-0037235",1899,-0.00384535167360738,0.0165453652265868,-0.000349577424873398,"Travon Walker","JAX","LB",2022
"1920","00-0032975",472,-0.00386458835355492,0.0171581945081309,-0.000351326213959538,"Jonathan Williams","WAS","RB",2022
"1921","00-0034496",854,-0.00387860832225825,0.0166874014045625,-0.000352600756568932,"Sean Chandler","CAR","DB",2022
"1922","00-0037248",1912,-0.00388735999522019,0.0173473333535838,-0.000353396363201836,"James Cook","BUF","RB",2022
"1923","00-0036375",1497,-0.00390459920098619,0.0168995345699683,-0.000354963563726018,"Amik Robertson","LV","DB",2022
"1924","00-0036303",1440,-0.00392103410051539,0.0168803064098407,-0.000356457645501399,"Josiah Scott","PHI","DB",2022
"1925","00-0031550",262,-0.00392161697369307,0.0161147047940002,-0.000356510633972097,"Shaq Thompson","CAR","LB",2022
"1926","00-0038090",2151,-0.00393184728814679,0.0168294040918448,-0.000357440662558799,"Skyy Moore","KC","WR",2022
"1927","00-0037375",1994,-0.00395967118865393,0.0169283259286818,-0.000359970108059448,"Christopher Hinton","LAC","DL",2022
"1928","00-0037314",1968,-0.00396750992298089,0.0171971558452719,-0.00036068272027099,"Isaiah Thomas","CLE","DL",2022
"1929","00-0032436",401,-0.00397477121169877,0.0169701282978314,-0.000361342837427161,"Jeff Driskel","HOU","QB",2022
"1930","00-0036924",1755,-0.00399743367574295,0.0164700279112297,-0.000363403061431177,"Michael Carter","NYJ","RB",2022
"1931","00-0032765",440,-0.00401006071154237,0.0170623271580617,-0.000364550973776579,"Michael Thomas","NO","WR",2022
"1932","00-0036311",1447,-0.00401834659303846,0.0165754264711014,-0.000365304235730769,"Bravvion Roy","CAR","DL",2022
"1933","00-0034843",953,-0.00403179110809153,0.0160231036528636,-0.000366526464371957,"Mike Hughes","DET","DB",2022
"1934","00-0036307",1444,-0.00404281665394027,0.0163694394004284,-0.000367528786721842,"Kindle Vildor","CHI","DB",2022
"1935","00-0036844",1690,-0.00406022425658009,0.0173794564454111,-0.000369111296052735,"Garret Wallow","HOU","LB",2022
"1936","00-0035623",1178,-0.00406489583466955,0.0174793917659272,-0.000369535984969959,"Chandler Brewer","LA","OL",2022
"1937","00-0036334",1464,-0.00407644265157982,0.0168495774741083,-0.000370585695598165,"Saahdiq Charles","WAS","OL",2022
"1938","00-0035355",1121,-0.00408600191369209,0.0171402711516484,-0.000371454719426554,"Blake Hance","JAX","OL",2022
"1939","00-0037456",2014,-0.00409940446567103,0.0165727586464986,-0.000372673133242821,"Troy Hairston","HOU","RB",2022
"1940","00-0033897",666,-0.00410367728404864,0.0174854241967164,-0.000373061571277149,"Joe Mixon","CIN","RB",2022
"1941","00-0036194",1363,-0.0041153381222099,0.016484029167652,-0.000374121647473627,"Devin Asiasi","CIN","TE",2022
"1942","00-0036898",1733,-0.00412038977992295,0.0162781509863739,-0.000374580889083904,"Davis Mills","HOU","QB",2022
"1943","00-0036906",1741,-0.00412143753805851,0.0159774028357362,-0.000374676139823501,"Khalil Herbert","CHI","RB",2022
"1944","00-0036922",1754,-0.00413047109348587,0.0170573445718195,-0.000375497372135079,"Patrick Johnson","PHI","LB",2022
"1945","00-0035692",1228,-0.0041364761294779,0.0158098122016913,-0.000376043284497991,"Clelin Ferrell","LV","DL",2022
"1946","00-0033455",563,-0.00414760616783884,0.0170465440324298,-0.000377055106167167,"Anthony Firkser","ATL","TE",2022
"1947","00-0036631",1623,-0.00415527528907998,0.0173854029180401,-0.000377752299007271,"Royce Newman","GB","OL",2022
"1948","00-0035117",1021,-0.00417657611176843,0.0173345315804661,-0.000379688737433494,"Lester Cotton","MIA","OL",2022
"1949","00-0035624",1179,-0.00418058881273684,0.0174664767645178,-0.000380053528430622,"N'Keal Harry","CHI","WR",2022
"1950","00-0034265",757,-0.00418188184075855,0.0166390983846923,-0.000380171076432595,"Anthony Averett","LV","DB",2022
"1951","00-0036402",1516,-0.00419427442119866,0.0171126138336891,-0.000381297674654423,"Carter Coughlin","NYG","LB",2022
"1952","00-0031273",218,-0.00420635832317064,0.0169121751300905,-0.000382396211197331,"Cameron Brate","TB","TE",2022
"1953","00-0037208",1894,-0.00421892790913758,0.0168670797916614,-0.000383538900830689,"Jack Cochrane","KC","LB",2022
"1954","00-0031503",256,-0.00422634028809391,0.0171698838961771,-0.000384212753463082,"Jameis Winston","NO","QB",2022
"1955","00-0035939",1292,-0.00425440070150479,0.0166726924703375,-0.000386763700136799,"Bryce Perkins","LA","QB",2022
"1956","00-0031583",273,-0.00429071471931752,0.0161231911481117,-0.000390064974483411,"Grady Jarrett","ATL","DL",2022
"1957","00-0037464",2018,-0.00429443487311975,0.0172114074782122,-0.000390403170283613,"Jacobi Francis","HOU","DB",2022
"1958","00-0034856",960,-0.00429907226178914,0.0157467095160122,-0.00039082475107174,"Denzel Ward","CLE","DB",2022
"1959","00-0036652",1640,-0.00431054554347395,0.0171168310153941,-0.00039186777667945,"Racey McMath","TEN","WR",2022
"1960","00-0036326",1456,-0.0043171158308777,0.0158611623020748,-0.000392465075534336,"Chase Claypool","CHI","WR",2022
"1961","00-0032071",322,-0.00433784047324735,0.0167851133731589,-0.000394349133931578,"Trenton Brown","NE","OL",2022
"1962","00-0034855",959,-0.00434428354447215,0.0159036694394511,-0.000394934867679287,"Baker Mayfield","LA","QB",2022
"1963","00-0035258",1077,-0.00436189445386938,0.0161404520158261,-0.000396535859442671,"Hjalte Froholdt","CLE","OL",2022
"1964","00-0035639",1190,-0.00437723044206006,0.0166421757159202,-0.000397930040187278,"Parris Campbell","IND","WR",2022
"1965","00-0036105",1331,-0.00437863050774696,0.0169393135542317,-0.000398057318886087,"Nick Leverett","TB","OL",2022
"1966","00-0026498",22,-0.00440458211540535,0.0163735111219389,-0.00040041655594594,"Matthew Stafford","LA","QB",2022
"1967","00-0033557",592,-0.00442010680242902,0.0165216099623543,-0.000401827891129911,"Jalen Reeves-Maybin","HOU","LB",2022
"1968","00-0032688",430,-0.00442819061661055,0.0168245862393987,-0.000402562783328232,"Robby Anderson","ARI","WR",2022
"1969","00-0035672",1214,-0.00446107076768882,0.0169095326663793,-0.000405551887971711,"Cody Barton","SEA","LB",2022
"1970","00-0032416",395,-0.004530660013091,0.0166532382695778,-0.000411878183008273,"Quinton Jefferson","SEA","DL",2022
"1971","00-0034208",747,-0.00453241657098144,0.0170288052710405,-0.000412037870089222,"Mike Boone","DEN","RB",2022
"1972","00-0033065",491,-0.00454402762595869,0.0169383831291059,-0.000413093420541699,"Le'Raven Clark","TEN","OL",2022
"1973","00-0036572",1593,-0.00456603241197733,0.0169772518362435,-0.000415093855634303,"Shi Smith","CAR","WR",2022
"1974","00-0032602",422,-0.00457116310391851,0.0175327467216421,-0.00041556028217441,"J.D. McKissic","WAS","RB",2022
"1975","00-0034468",847,-0.00461229849809361,0.0167095800540835,-0.000419299863463056,"Chandon Sullivan","MIN","DB",2022
"1976","00-0035244",1068,-0.00463039551858758,0.0166428950524924,-0.000420945047144325,"Lonnie Johnson","TEN","DB",2022
"1977","00-0033046",481,-0.00465759382640027,0.0166459451325849,-0.000423417620581842,"Jihad Ward","NYG","LB",2022
"1978","00-0036249",1398,-0.00466372021987465,0.017441987335567,-0.00042397456544315,"Julian Okwara","DET","LB",2022
"1979","00-0034234",749,-0.00468490073109338,0.0168309652778367,-0.000425900066463035,"Poona Ford","SEA","DL",2022
"1980","00-0027943",49,-0.00468678539447706,0.0162495797896225,-0.000426071399497914,"Patrick Peterson","MIN","DB",2022
"1981","00-0032385",379,-0.00469107320479449,0.0178891424440103,-0.000426461200435863,"Sterling Shepard","NYG","WR",2022
"1982","00-0036727",1665,-0.00471954282941799,0.0170968471966137,-0.000429049348128908,"Adam Prentice","NO","RB",2022
"1983","00-0036429",1539,-0.0047227072622333,0.0170246263543244,-0.000429337023839391,"Charlie Woerner","SF","TE",2022
"1984","00-0035950",1296,-0.00473632126993534,0.0160390768232585,-0.000430574660903213,"Myles Hartsfield","CAR","DB",2022
"1985","00-0031039",191,-0.00474186200928352,0.0161700444952319,-0.00043107836448032,"James Ferentz","NE","OL",2022
"1986","00-0032382",376,-0.00474393604116637,0.0166705073526444,-0.000431266912833306,"Keanu Neal","TB","DB",2022
"1987","00-0036391",1507,-0.00474555298915578,0.01642958607171,-0.000431413908105071,"Lloyd Cushenberry","DEN","OL",2022
"1988","00-0037491",2026,-0.00476768692778079,0.0173332547316777,-0.000433426084343708,"J.J. Russell","TB","LB",2022
"1989","00-0037363",1991,-0.00477202248802045,0.0179901626874328,-0.000433820226183677,"Marquan McCall","CAR","DL",2022
"1990","00-0035252",1074,-0.00481218670247956,0.0172631134323899,-0.000437471518407233,"Yodny Cajuste","NE","OL",2022
"1991","00-0026158",15,-0.00481420247373641,0.0164309146525136,-0.000437654770339673,"Joe Flacco","NYJ","QB",2022
"1992","00-0037250",1914,-0.0048250356232952,0.017105322628267,-0.000438639602117746,"Martin Emerson","CLE","DB",2022
"1993","00-0035298",1102,-0.00483962541027944,0.0162465696934837,-0.00043996594638904,"Scott Miller","TB","WR",2022
"1994","00-0033481",567,-0.00486030766303224,0.0176888459811845,-0.000441846151184749,"Marcus Kemp","KC","WR",2022
"1995","00-0036990",1807,-0.00487897699039158,0.0172021296861898,-0.000443543362762871,"Divine Deablo","LV","LB",2022
"1996","00-0034804",932,-0.00488620592565044,0.0162667708623775,-0.000444200538695495,"Brian Allen","LA","OL",2022
"1997","00-0034104",721,-0.00490930221489721,0.0169905357918726,-0.000446300201354292,"Cam Sims","WAS","WR",2022
"1998","00-0034803",931,-0.00492553457404976,0.0172190084322837,-0.00044777587036816,"Joseph Noteboom","LA","OL",2022
"1999","00-0034743",897,-0.004939079302624,0.0167693245247769,-0.000449007209329455,"Rashaan Evans","ATL","LB",2022
"2000","00-0033336",547,-0.0049478087356321,0.0173690101617024,-0.000449800794148373,"Eric Wilson","GB","LB",2022
"2001","00-0037828",2127,-0.00496592163710617,0.0176543058176339,-0.000451447421555106,"Danny Gray","SF","WR",2022
"2002","00-0031325",225,-0.00496684440579274,0.0174468475091278,-0.000451531309617522,"Sammy Watkins","BAL","WR",2022
"2003","00-0036363",1486,-0.00501291399387693,0.01657190442568,-0.000455719453988812,"Josh Jones","ARI","OL",2022
"2004","00-0037984",2142,-0.00504663970010068,0.016698043071923,-0.00045878542728188,"Damarion Williams","BAL","DB",2022
"2005","00-0033906",673,-0.00504769770068847,0.0165954854852814,-0.000458881609153498,"Alvin Kamara","NO","RB",2022
"2006","00-0034364",797,-0.00508117408913555,0.0168126170222746,-0.000461924917194141,"Jordan Akins","HOU","TE",2022
"2007","00-0037261",1925,-0.00508150013138369,0.0167471344339269,-0.000461954557398517,"Khalil Shakir","BUF","WR",2022
"2008","00-0030578",171,-0.00509613767681799,0.0181287548716822,-0.00046328524334709,"Cordarrelle Patterson","ATL","RB",2022
"2009","00-0035995",1307,-0.00509805962022094,0.0167142014678469,-0.000463459965474631,"Grayland Arnold","HOU","DB",2022
"2010","00-0035973",1301,-0.00510706354043043,0.0176087480242979,-0.000464278503675493,"Patrick Taylor","GB","RB",2022
"2011","00-0038135",2193,-0.00512331802208218,0.0156426356857502,-0.000465756183825652,"Jaquan Brisker","CHI","DB",2022
"2012","00-0032951",464,-0.00513573388941976,0.017416799757804,-0.00046688489903816,"Laquon Treadwell","SEA","WR",2022
"2013","00-0032242",362,-0.005140409131805,0.0167100155969013,-0.000467309921073182,"Rob Havenstein","LA","OL",2022
"2014","00-0035270",1087,-0.00517667659530121,0.017005772958605,-0.000470606963209201,"Amani Oruwariye","DET","DB",2022
"2015","00-0034436",839,-0.00518347126176861,0.0174665321858627,-0.000471224660160783,"Will Clapp","LAC","OL",2022
"2016","00-0036480",1555,-0.00518672946507337,0.0169754211378479,-0.000471520860461216,"Dayo Odeyingbo","IND","DL",2022
"2017","00-0034827",943,-0.00519591151128506,0.0177386061544913,-0.000472355591935006,"D.J. Moore","CAR","WR",2022
"2018","00-0032134",332,-0.00521590475714631,0.0163778707649976,-0.000474173159740574,"C.J. Uzomah","NYJ","TE",2022
"2019","00-0035860",1273,-0.00521856734851235,0.0171436734484378,-0.000474415213501122,"Tony Jones","SEA","RB",2022
"2020","00-0031067",197,-0.00522807380988075,0.0168407085277816,-0.000475279437261886,"Cameron Fleming","DEN","OL",2022
"2021","00-0038119",2178,-0.00524368048153473,0.0173665150973623,-0.000476698225594067,"Jalyn Armour-Davis","BAL","DB",2022
"2022","00-0033282",529,-0.00526273840792228,0.0163110756654077,-0.000478430764356571,"Curtis Samuel","WAS","WR",2022
"2023","00-0037011",1828,-0.00527115686950786,0.0171652029491136,-0.000479196079046169,"Tre' McKitty","LAC","TE",2022
"2024","00-0033878",650,-0.00530513018292759,0.0167219516431167,-0.000482284562084326,"Adoree' Jackson","NYG","DB",2022
"2025","00-0036335",1465,-0.00531680398469759,0.0161937906673247,-0.00048334581679069,"D.J. Wonnum","MIN","LB",2022
"2026","00-0034790",922,-0.00532912667632634,0.0170305488630209,-0.000484466061484212,"Derwin James","LAC","DB",2022
"2027","00-0037819",2120,-0.00532993644276448,0.016411738496856,-0.000484539676614953,"Leo Chenal","KC","LB",2022
"2028","00-0033057",487,-0.00533631299940913,0.0166909001048582,-0.000485119363582648,"Jack Conklin","CLE","OL",2022
"2029","00-0032775",445,-0.0053381144278191,0.0163063301188351,-0.000485283129801737,"Demarcus Robinson","BAL","WR",2022
"2030","00-0031095",199,-0.00536142746212805,0.0168807144971123,-0.000487402496557095,"Charles Leno","WAS","OL",2022
"2031","00-0035674",1215,-0.00537304079009817,0.0167458699905843,-0.000488458253645288,"Jerry Tillery","LV","DL",2022
"2032","00-0031500",255,-0.00538041429218323,0.0168668257726193,-0.000489128572016658,"Efe Obada","WAS","DL",2022
"2033","00-0033903",670,-0.00539385605299156,0.0170479091209433,-0.00049035055027196,"Josh Jones","SEA","DB",2022
"2034","00-0037087",1854,-0.00541149731592023,0.016723986466792,-0.000491954301447293,"Trestan Ebner","CHI","RB",2022
"2035","00-0036396",1511,-0.00541405204197197,0.0161574369450338,-0.000492186549270179,"Jack Driscoll","PHI","OL",2022
"2036","00-0037259",1923,-0.00544029577072123,0.017404828855464,-0.000494572342792839,"Micah McFadden","NYG","LB",2022
"2037","00-0037268",1932,-0.00544708413659617,0.0167837928253952,-0.000495189466963288,"Zyon McCollum","TB","DB",2022
"2038","00-0036182",1357,-0.00546869652807209,0.016952182160213,-0.000497154229824735,"Nick Westbrook-Ikhine","TEN","WR",2022
"2039","00-0033052",485,-0.00546924349686045,0.0168750324711723,-0.000497203954260041,"Jaylon Smith","NYG","LB",2022
"2040","00-0036439",1544,-0.00549642050890686,0.0168084947282517,-0.000499674591718805,"Tyrie Cleveland","PHI","WR",2022
"2041","00-0032965",467,-0.00551912842858165,0.0166228270566383,-0.000501738948052877,"Ronnie Stanley","BAL","OL",2022
"2042","00-0027862",41,-0.00553512842473377,0.0169154906757349,-0.000503193493157615,"Tyson Alualu","PIT","DL",2022
"2043","00-0030706",177,-0.00553714430127078,0.0165058585050038,-0.00050337675466098,"Josh Andrews","NO","OL",2022
"2044","00-0036171",1354,-0.00556049961172888,0.0170289178834976,-0.000505499964702626,"Aaron Brewer","TEN","OL",2022
"2045","00-0036409",1521,-0.00556476712615253,0.0177191614243506,-0.000505887920559321,"Jordyn Brooks","SEA","LB",2022
"2046","00-0033118",509,-0.00561221665343875,0.0170597963411031,-0.000510201513948978,"Kenyan Drake","BAL","RB",2022
"2047","00-0034527",864,-0.00562107454040128,0.0157450145591161,-0.000511006776400117,"Ryan Neal","SEA","DB",2022
"2048","00-0030108",146,-0.00562368052506084,0.0169400776197853,-0.00051124368409644,"Ryan Griffin","CHI","TE",2022
"2049","00-0031549",261,-0.00563808382129598,0.0168445202014431,-0.000512553074663271,"Nelson Agholor","NE","WR",2022
"2050","00-0036916",1748,-0.00566165690132624,0.0159761552404255,-0.00051469608193875,"Milton Williams","PHI","DL",2022
"2051","00-0033576",599,-0.00569139194170493,0.0157440731580066,-0.000517399267427721,"Eric Saubert","DEN","TE",2022
"2052","00-0026166",16,-0.00569991893223861,0.0161184679067733,-0.000518174448385328,"Duane Brown","NYJ","OL",2022
"2053","00-0037323",1976,-0.00570708379075,0.015896441539632,-0.000518825799159091,"Rodney Thomas","IND","DB",2022
"2054","00-0032234",361,-0.00573240396655349,0.0164719813600679,-0.000521127633323045,"Laken Tomlinson","NYJ","OL",2022
"2055","00-0037272",1935,-0.0057603843704079,0.0166340796446627,-0.000523671306400718,"Montrell Washington","DEN","WR",2022
"2056","00-0036909",1743,-0.00577649858524644,0.0163956740043726,-0.000525136235022403,"Khyiris Tonga","MIN","DL",2022
"2057","00-0036951",1776,-0.0057789279188616,0.0176362162847437,-0.000525357083532873,"Frank Darby","ATL","WR",2022
"2058","00-0038104",2165,-0.00578530979521253,0.0164411704740705,-0.00052593725411023,"Tyquan Thornton","NE","WR",2022
"2059","00-0035864",1275,-0.00579314192926509,0.0168354680508458,-0.000526649266296826,"Kendall Hinton","DEN","WR",2022
"2060","00-0033588",604,-0.00580016353332966,0.0165312650555401,-0.00052728759393906,"Isaac Rochell","LV","DL",2022
"2061","00-0037617",2069,-0.00582103597209973,0.0161690877933951,-0.000529185088372703,"Hassan Haskins","TEN","RB",2022
"2062","00-0035227",1053,-0.00582990553250466,0.0163917053868426,-0.000529991412045878,"P.J. Locke","DEN","DB",2022
"2063","00-0036407",1519,-0.00587311897766255,0.0165341117903029,-0.000533919907060232,"Jerry Jeudy","DEN","WR",2022
"2064","00-0033908",675,-0.00587370797087934,0.0170202099305403,-0.000533973451898122,"Cooper Kupp","LA","WR",2022
"2065","00-0037804",2106,-0.00589041599396322,0.0171989460283615,-0.000535492363087565,"Zach Carter","CIN","DL",2022
"2066","00-0035646",1196,-0.00590896476840223,0.0161391812751707,-0.000537178615309294,"Sione Takitaki","CLE","LB",2022
"2067","00-0036401",1515,-0.00590950943262543,0.0168681378067773,-0.000537228130238675,"Shaun Bradley","PHI","LB",2022
"2068","00-0034296",768,-0.00592520257745064,0.0161387238510965,-0.00053865477976824,"Ben Niemann","ARI","LB",2022
"2069","00-0034798",928,-0.00593046834529196,0.0165713685347642,-0.000539133485935633,"Durham Smythe","MIA","TE",2022
"2070","00-0036568",1590,-0.00594829779889299,0.0168139879171146,-0.000540754345353909,"Roy Lopez","HOU","DL",2022
"2071","00-0032052",314,-0.00596481755005394,0.0172105434645165,-0.000542256140913994,"Dante Fowler","DAL","LB",2022
"2072","00-0036843",1689,-0.00596519583630592,0.0171247953763194,-0.000542290530573266,"Isaiahh Loudermilk","PIT","DL",2022
"2073","00-0037745",2092,-0.00600257531606393,0.0162822447380237,-0.000545688665096721,"Velus Jones","CHI","WR",2022
"2074","00-0033793",631,-0.00600407565787244,0.0166692152262677,-0.000545825059806585,"Corey Levin","TEN","OL",2022
"2075","00-0036302",1439,-0.006009424483106,0.0159736079450625,-0.000546311316646,"Jaylinn Hawkins","ATL","DB",2022
"2076","00-0035146",1032,-0.00602916256309964,0.0169329820389815,-0.000548105687554513,"Trace McSorley","ARI","QB",2022
"2077","00-0034350",786,-0.0060433290924038,0.0161616950349257,-0.000549393553854891,"Uchenna Nwosu","SEA","LB",2022
"2078","00-0035510",1152,-0.00606938286849239,0.0169603305010898,-0.000551762078953854,"Jeff Smith","NYJ","WR",2022
"2079","00-0034054",713,-0.00608819011554172,0.0174315765982183,-0.000553471828685611,"River Cracraft","MIA","WR",2022
"2080","00-0034992",998,-0.00610686246030837,0.0166202628159167,-0.000555169314573489,"Armon Watts","CHI","DL",2022
"2081","00-0028224",68,-0.00617107045010102,0.0165035256511567,-0.000561006404554638,"Chris Harris","NO","DB",2022
"2082","00-0036198",1366,-0.00619172046656669,0.0161223964684544,-0.00056288367877879,"Michael Onwenu","NE","OL",2022
"2083","00-0032395",386,-0.00619455923370345,0.0159881442332525,-0.000563141748518496,"Graham Glasgow","DEN","OL",2022
"2084","00-0033880",652,-0.00622806198229878,0.0165013669720766,-0.000566187452936253,"Charles Harris","DET","LB",2022
"2085","00-0037740",2087,-0.00623834824529928,0.0168685230870471,-0.00056712256775448,"Garrett Wilson","NYJ","WR",2022
"2086","00-0032655",424,-0.00624584905682085,0.0175523143094913,-0.000567804459710987,"Romeo Okwara","DET","LB",2022
"2087","00-0033549",587,-0.00629826750779782,0.0162300275862565,-0.000572569773436165,"Duke Riley","MIA","LB",2022
"2088","00-0033439",560,-0.00631306417653794,0.0173337214064197,-0.000573914925139813,"Pharaoh Brown","CLE","TE",2022
"2089","00-0037311",1966,-0.00631601394188051,0.0162764994851628,-0.000574183085625501,"Ko Kieft","TB","TE",2022
"2090","00-0030829",183,-0.00633941674676229,0.0175512271703505,-0.000576310613342027,"Josh Wells","TB","OL",2022
"2091","00-0032466",410,-0.00635419149683041,0.0172590695206557,-0.000577653772439128,"George Fant","NYJ","OL",2022
"2092","00-0032774",444,-0.00638796185798263,0.0169283765406678,-0.000580723805271148,"Deon Bush","KC","DB",2022
"2093","00-0035664",1207,-0.0063990626618401,0.016486237737484,-0.000581732969258191,"Darrell Henderson","JAX","RB",2022
"2094","00-0038127",2186,-0.00644841484595258,0.0168787425668059,-0.000586219531450235,"Logan Hall","TB","DL",2022
"2095","00-0032432",399,-0.00648918112980024,0.0169002336839367,-0.000589925557254567,"Wes Schweitzer","WAS","OL",2022
"2096","00-0038043",2148,-0.00652054962293045,0.0163899447786977,-0.000592777238448222,"Joshua Williams","KC","DB",2022
"2097","00-0037667",2084,-0.00656649456955428,0.0164093032177744,-0.000596954051777662,"Kerby Joseph","DET","DB",2022
"2098","00-0033537",576,-0.00658160005583051,0.0174075177651239,-0.000598327277802774,"Deshaun Watson","CLE","QB",2022
"2099","00-0037086",1853,-0.00659942886326875,0.0170276279274666,-0.000599948078478978,"Grant Calcaterra","PHI","TE",2022
"2100","00-0029567",102,-0.00665562608611511,0.0174500957764173,-0.000605056916919556,"Nick Foles","IND","QB",2022
"2101","00-0036285",1425,-0.00667825503562353,0.0167030419338679,-0.000607114094147594,"A.J. Terrell","ATL","DB",2022
"2102","00-0036862",1706,-0.00670743734204084,0.0159305196762267,-0.000609767031094622,"Ben Skowronek","LA","WR",2022
"2103","00-0032968",469,-0.00671312179793915,0.0167293577394149,-0.00061028379981265,"Myles Jack","PIT","LB",2022
"2104","00-0031595",278,-0.00678596461966917,0.0176323454589393,-0.000616905874515379,"Michael Burton","KC","RB",2022
"2105","00-0037569",2048,-0.00683109412451325,0.0168390434435223,-0.000621008556773932,"Peyton Hendershot","DAL","TE",2022
"2106","00-0035708",1241,-0.00684853970836839,0.0164077005718095,-0.00062259451894258,"Oshane Ximines","NYG","LB",2022
"2107","00-0027940",47,-0.00690853583093966,0.0171054979521718,-0.000628048711903605,"Von Miller","BUF","LB",2022
"2108","00-0036276",1420,-0.00691836119759536,0.016923940416264,-0.000628941927054124,"Jacob Phillips","CLE","LB",2022
"2109","00-0035254",1076,-0.00692945185084008,0.0167915088110387,-0.000629950168258189,"Anthony Nelson","TB","LB",2022
"2110","00-0035644",1194,-0.00695499804703783,0.0164485478212133,-0.000632272549730712,"Noah Fant","SEA","TE",2022
"2111","00-0031236",208,-0.00705284541046475,0.0167309777640703,-0.000641167764587704,"Brandin Cooks","HOU","WR",2022
"2112","00-0034344",781,-0.00706206118685035,0.01625840202454,-0.000642005562440941,"Marcus Davenport","NO","DL",2022
"2113","00-0036962",1784,-0.00706414268563822,0.0164094741472721,-0.000642194789603474,"Trevon Moehrig","LV","DB",2022
"2114","00-0034348",785,-0.00706752654265129,0.0166411499394804,-0.0006425024129683,"Courtland Sutton","DEN","WR",2022
"2115","00-0033918",682,-0.00708975743852404,0.0170557927533791,-0.000644523403502185,"Fabian Moreau","NYG","DB",2022
"2116","00-0034762",907,-0.00718567133336238,0.016625699372413,-0.000653242848487489,"Billy Price","ARI","OL",2022
"2117","00-0036949",1774,-0.00721716588043156,0.0164584872800429,-0.000656105989130142,"Adetokunbo Ogundeji","ATL","LB",2022
"2118","00-0036123",1335,-0.00722453393807958,0.0169723982706367,-0.000656775812552689,"Brandon Walton","TB","OL",2022
"2119","00-0030564",168,-0.00722487564109154,0.0171846674391681,-0.000656806876462867,"DeAndre Hopkins","ARI","WR",2022
"2120","00-0037611",2064,-0.00730494788963931,0.0165280481139559,-0.000664086171785392,"Kayvon Thibodeaux","NYG","LB",2022
"2121","00-0032129",330,-0.00731188925735983,0.0167656722753277,-0.00066471720521453,"Jordan Hicks","MIN","LB",2022
"2122","00-0036252",1401,-0.00732512251693228,0.0168495635505464,-0.000665920228812026,"Michael Pittman","IND","WR",2022
"2123","00-0029316",94,-0.00738482322481617,0.0175596799290974,-0.000671347565892379,"Kelvin Beachum","ARI","OL",2022
"2124","00-0034756",904,-0.00739730805111739,0.0169272952705682,-0.00067248255010158,"Tre Flowers","CIN","DB",2022
"2125","00-0033011",477,-0.00739973342519979,0.0165465695486754,-0.000672703038654526,"Connor McGovern","NYJ","OL",2022
"2126","00-0038128",2187,-0.00741480429876627,0.0173342506589882,-0.000674073118069661,"Malik Willis","TEN","QB",2022
"2127","00-0032054",316,-0.00750040581651594,0.0165210618222418,-0.000681855074228722,"Breshad Perriman","TB","WR",2022
"2128","00-0035637",1188,-0.00750811479712668,0.0176426031493733,-0.00068255589064788,"Rock Ya-Sin","LV","DB",2022
"2129","00-0036202",1368,-0.00753649212998631,0.0172498715099755,-0.000685135648180573,"Dieter Eiselen","CHI","OL",2022
"2130","00-0033595",607,-0.0075503203784864,0.0173431931544187,-0.000686392761680582,"Pat O'Connor","TB","DL",2022
"2131","00-0036972",1791,-0.0075869624015878,0.0170154162541647,-0.0006897238546898,"Mac Jones","NE","QB",2022
"2132","00-0036428",1538,-0.00758734580041941,0.0170793900000308,-0.000689758709129038,"Justin Strnad","DEN","LB",2022
"2133","00-0034860",963,-0.00760326778735473,0.0168640996865141,-0.000691206162486793,"Dante Pettis","CHI","WR",2022
"2134","00-0037109",1865,-0.00762555971561505,0.0175081962304705,-0.00069323270141955,"Jack Sanborn","CHI","LB",2022
"2135","00-0035278",1093,-0.00763109691509927,0.0166795141260879,-0.000693736083190842,"Byron Cowart","IND","DL",2022
"2136","00-0036934",1762,-0.00768926656042716,0.016431814514404,-0.000699024232766106,"Jaelan Phillips","MIA","LB",2022
"2137","00-0034577",869,-0.00769409716632929,0.0175420651923393,-0.000699463378757208,"Kyle Allen","HOU","QB",2022
"2138","00-0034974",989,-0.00772389072926691,0.0166082286498057,-0.00070217188447881,"Julian Love","NYG","DB",2022
"2139","00-0036893",1728,-0.00773193188503237,0.0174347670944786,-0.000702902898639307,"Najee Harris","PIT","RB",2022
"2140","00-0033913",679,-0.00778986156472339,0.0174490179468766,-0.000708169233156672,"Chris Wormley","PIT","DL",2022
"2141","00-0037192",1885,-0.00779931803917992,0.016692178940866,-0.00070902891265272,"George Karlaftis","KC","DL",2022
"2142","00-0036502",1562,-0.00785062099225908,0.0169558244102201,-0.000713692817478098,"Jason Pinnock","NYG","DB",2022
"2143","00-0033090",498,-0.00785458141252392,0.017135176080392,-0.000714052855683992,"Hunter Henry","NE","TE",2022
"2144","00-0036274",1418,-0.0078823013779875,0.0169861964214451,-0.000716572852544318,"Jeff Okudah","DET","DB",2022
"2145","00-0037277",1940,-0.00788425959201256,0.017402673507384,-0.000716750872001142,"Teagan Quitoriano","HOU","TE",2022
"2146","00-0036980",1798,-0.00792449219452685,0.0169050565136809,-0.000720408381320623,"Elijah Moore","NYJ","WR",2022
"2147","00-0037809",2110,-0.00792610952636374,0.0165347505776281,-0.000720555411487613,"Chigoziem Okonkwo","TEN","TE",2022
"2148","00-0035300",1103,-0.00800805052939147,0.016686544375896,-0.000728004593581043,"Dennis Daley","TEN","OL",2022
"2149","00-0033445",561,-0.00802346551441726,0.0157162055393372,-0.000729405955856114,"Nicholas Morrow","CHI","LB",2022
"2150","00-0036328",1458,-0.00812049101650762,0.0168448686842274,-0.000738226456046147,"Antonio Gibson","WAS","RB",2022
"2151","00-0032208",352,-0.00812570617331293,0.0168485004619317,-0.000738700561210266,"Phillip Dorsett","HOU","WR",2022
"2152","00-0033110",506,-0.00820425570121552,0.0173018983147284,-0.000745841427383229,"Tyler Higbee","LA","TE",2022
"2153","00-0035662",1205,-0.00830976195451032,0.0166377709820965,-0.000755432904955483,"Marquise Brown","ARI","WR",2022
"2154","00-0037327",1978,-0.00832405065010806,0.0174204708934084,-0.000756731877282551,"Skylar Thompson","MIA","QB",2022
"2155","00-0036940",1767,-0.00837205628668499,0.0170596094393926,-0.000761096026062272,"Odafe Oweh","BAL","LB",2022
"2156","00-0034515",860,-0.00840653285513925,0.0166348281156137,-0.000764230259558113,"Dee Delaney","TB","DB",2022
"2157","00-0035702",1237,-0.00842532745020785,0.0162485805969586,-0.000765938859109805,"Dalton Risner","DEN","OL",2022
"2158","00-0034011",710,-0.00847218811679501,0.0164510729714596,-0.000770198919708637,"Dan Arnold","JAX","TE",2022
"2159","00-0037744",2091,-0.00848725165238709,0.0169559188930508,-0.00077156833203519,"Trey McBride","ARI","TE",2022
"2160","00-0036187",1358,-0.00848959429676313,0.0165393099996222,-0.000771781299705739,"Reggie Gilliam","BUF","RB",2022
"2161","00-0036483",1557,-0.00862426437003502,0.0162858041461818,-0.000784024033639547,"Will Fries","IND","OL",2022
"2162","00-0033914",680,-0.00863345574859579,0.0164458913699972,-0.000784859613508708,"Alex Anzalone","DET","LB",2022
"2163","00-0036300",1438,-0.00868603985612694,0.0160583866773311,-0.000789639986920631,"Mykal Walker","ATL","LB",2022
"2164","00-0036920",1752,-0.00875169916139394,0.0169329231504281,-0.000795609014672176,"Marlon Tuipulotu","PHI","DL",2022
"2165","00-0034145",729,-0.00882311876125229,0.0165505678183232,-0.00080210170556839,"Chris Lammons","KC","DB",2022
"2166","00-0033553",590,-0.00888916231257216,0.0167733341058654,-0.000808105664779288,"James Conner","ARI","RB",2022
"2167","00-0032255",363,-0.00907478523041483,0.0160550967019581,-0.000824980475492257,"A.J. Cann","HOU","OL",2022
"2168","00-0034357",792,-0.0091080012295659,0.016504498309055,-0.000828000111778718,"Isaiah Oliver","ATL","DB",2022
"2169","00-0037237",1901,-0.00911380066678393,0.0167138264834037,-0.000828527333343993,"Derek Stingley","HOU","DB",2022
"2170","00-0034765",909,-0.0091462635606692,0.0168803460639357,-0.000831478505515382,"Tre'Quan Smith","NO","WR",2022
"2171","00-0037525",2035,-0.00918860299793858,0.0171543511020943,-0.000835327545267144,"Jordan Mason","SF","RB",2022
"2172","00-0033909",676,-0.00923833096539566,0.0171338866763889,-0.000839848269581424,"Pat Elflein","CAR","OL",2022
"2173","00-0032790",448,-0.00927098224617179,0.0165622149881262,-0.000842816567833799,"DeAndre Houston-Carson","CHI","DB",2022
"2174","00-0037106",1864,-0.00927971845385838,0.0165008042806138,-0.00084361076853258,"Jaylon Jones","CHI","DB",2022
"2175","00-0033792",630,-0.00931598784821106,0.0166399364397573,-0.000846907986201005,"Rudy Ford","GB","DB",2022
"2176","00-0036876",1715,-0.00938230611567354,0.0160805534084358,-0.000852936919606685,"Kylen Granson","IND","TE",2022
"2177","00-0032725",432,-0.00939865646892098,0.0168289213186127,-0.000854423315356453,"Stephen Anderson","ARI","TE",2022
"2178","00-0036556",1581,-0.00969225103898654,0.0169188377196662,-0.000881113730816958,"Brevin Jordan","HOU","TE",2022
"2179","00-0036935",1763,-0.00975541548830199,0.0172718667974163,-0.000886855953481999,"Kelvin Joseph","DAL","DB",2022
"2180","00-0032132",331,-0.00989648872079551,0.0166307457685793,-0.000899680792799592,"Max Garcia","ARI","OL",2022
"2181","00-0033386",553,-0.0100737257894627,0.016330916954182,-0.000915793253587518,"Cody Hollister","TEN","WR",2022
"2182","00-0034367",800,-0.010236173126216,0.0165990531392492,-0.000930561193292366,"Nyheim Hines","BUF","RB",2022
"2183","00-0034836",950,-0.0108165484361639,0.0162944650311197,-0.000983322585105807,"Braden Smith","IND","OL",2022
"2184","00-0037613",2066,-0.0108979007617414,0.0171175125743975,-0.000990718251067404,"Kenyon Green","HOU","OL",2022
"2185","00-0032380",374,-0.0111490007531402,0.0167789297627452,-0.00101354552301274,"Laremy Tunsil","HOU","OL",2022
"2186","00-0034342",780,-0.0112389629739336,0.0173068760758531,-0.00102172390672124,"Quenton Nelson","IND","OL",2022
"2187","00-0034270",759,-0.0113353968150314,0.0171539785246707,-0.00103049061954831,"Tyler Conklin","NYJ","TE",2022
"2188","00-0032398",387,-0.0114225539519999,0.0170138330040239,-0.00103841399563636,"Chris Moore","HOU","WR",2022
"2189","00-0035234",1059,-0.0115737399776213,0.0168475921484303,-0.00105215817978375,"Tytus Howard","HOU","OL",2022
"2190","00-0032412",393,-0.0118950978738035,0.0172612892916758,-0.00108137253398214,"Dean Lowry","GB","DL",2022
"2191","00-0033964",706,-0.0123743509536285,0.0170039165542672,-0.00112494099578441,"Al-Quadin Muhammad","CHI","DL",2022
"2192","00-0032383",377,-0.0125571577637388,0.0168735374519727,-0.00114155979670352,"Ryan Kelly","IND","OL",2022
"2193","00-0036561",1586,-0.0126917746027887,0.0166705898236531,-0.00115379769116261,"Keith Taylor","CAR","DB",2022
"2194","00-0037757",2101,-0.0133370472861759,0.0167075555319622,-0.00121245884419781,"Bernhard Raimann","IND","OL",2022
"2195","00-0034392",819,-0.0141995205047632,0.0165999403085904,-0.00129086550043302,"Scott Quessenberry","HOU","OL",2022
"2196","00-0030288",150,-0.0153139220366384,0.0168272633742657,-0.00139217473060349,"Rex Burkhead","HOU","RB",2022
"2197","00-0033217",521,-0.0156762461981551,0.0173574111831651,-0.00142511329074137,"Mo Alie-Cox","IND","TE",2022
