"","nfl_id","player_idx","apm","apm_sd","apm_per_play","full_name","team","position","season"
"1","00-0033536",817,0.0234624198093347,0.0212011990271604,0.00213294725539407,"Mike Williams","LAC","WR",2021
"2","00-0031408",373,0.0221077796095406,0.0208095135286593,0.00200979814632188,"Mike Evans","TB","WR",2021
"3","00-0036087",1724,0.0208751048353101,0.0204588543950288,0.00189773680321001,"Myles Bryant","NE","DB",2021
"4","00-0033297",767,0.0203097724622891,0.0205725742290998,0.00184634295111719,"D.J. Jones","SF","DL",2021
"5","00-0033307",772,0.0192098136647096,0.0205379394244857,0.00174634669679178,"Kendrick Bourne","NE","WR",2021
"6","00-0036362",1908,0.0186723941496317,0.0206595369119448,0.00169749037723925,"Willie Gay","KC","LB",2021
"7","00-0032392",552,0.0182296722089905,0.0199894629895716,0.00165724292809005,"Austin Hooper","CLE","TE",2021
"8","00-0033009",687,0.0182027493902545,0.0213969038951253,0.00165479539911404,"Tyler Boyd","CIN","WR",2021
"9","00-0032134",491,0.0180937043558313,0.0200805784131127,0.00164488221416648,"C.J. Uzomah","CIN","TE",2021
"10","00-0030506",247,0.0180929660248884,0.0212624934047928,0.00164481509317167,"Travis Kelce","KC","TE",2021
"11","00-0032445",577,0.0180634818457594,0.021285999478293,0.00164213471325086,"Ted Karras","NE","OL",2021
"12","00-0036976",2268,0.0179790551123634,0.0208196172675881,0.0016344595556694,"Spencer Brown","BUF","OL",2021
"13","00-0033040",692,0.0178671174803833,0.0201444056533406,0.00162428340730757,"Tyreek Hill","KC","WR",2021
"14","00-0023459",7,0.017820393900564,0.0201382729328814,0.00162003580914218,"Aaron Rodgers","GB","QB",2021
"15","00-0033935",950,0.0176417535005105,0.0207226574195038,0.00160379577277368,"Trey Hendrickson","CIN","DL",2021
"16","00-0031381",364,0.0171669023357061,0.0211297371574848,0.00156062748506419,"Davante Adams","GB","WR",2021
"17","00-0034352",1062,0.017000476981498,0.0210913361806747,0.00154549790740891,"Connor Williams","DAL","OL",2021
"18","00-0032071",477,0.0165428391654756,0.0213051749593614,0.00150389446958869,"Trenton Brown","NE","OL",2021
"19","00-0028002",91,0.0164226656443828,0.0210384368167933,0.0014929696040348,"Randall Cobb","GB","WR",2021
"20","00-0030564",257,0.0160741336179259,0.0201620016851748,0.0014612848743569,"DeAndre Hopkins","ARI","WR",2021
"21","00-0019596",2,0.0160697858625541,0.0209972388105872,0.00146088962386856,"Tom Brady","TB","QB",2021
"22","00-0034301",1040,0.0156857890240212,0.0204070815230389,0.00142598082036556,"Darrel Williams","KC","RB",2021
"23","00-0030431",235,0.0156428921861248,0.0207402895723151,0.00142208110782953,"Robert Woods","LA","WR",2021
"24","00-0036660",2093,0.0153591023415795,0.0202465343755417,0.00139628203105269,"Trey Smith","KC","OL",2021
"25","00-0032057",471,0.0152964527524577,0.0200577486234558,0.00139058661385979,"Jaquiski Tartt","SF","DB",2021
"26","00-0033874",903,0.0152620056847286,0.0212387885261248,0.00138745506224805,"Marshon Lattimore","NO","DB",2021
"27","00-0031555",396,0.0152197111729443,0.0216971211170616,0.0013836101066313,"Eric Rowe","MIA","DB",2021
"28","00-0036623",2060,0.0152015605922504,0.0206937438107423,0.00138196005384095,"Creed Humphrey","KC","OL",2021
"29","00-0033873",902,0.0151933835407764,0.020628535733462,0.00138121668552512,"Patrick Mahomes","KC","QB",2021
"30","00-0035250",1401,0.0151893387405346,0.020979674653198,0.00138084897641223,"Devin Singletary","BUF","RB",2021
"31","00-0034234",1020,0.0150671647681132,0.0206806224681301,0.00136974225164665,"Poona Ford","SEA","DL",2021
"32","00-0035689",1589,0.0149800479906319,0.020048587274616,0.0013618225446029,"Dawson Knox","BUF","TE",2021
"33","00-0036246",1802,0.0148396531514793,0.0196834391220853,0.00134905937740721,"Jon Runyan","GB","OL",2021
"34","00-0035084",1337,0.0147717417716185,0.0197328956711291,0.00134288561560168,"Yosuah Nijman","GB","OL",2021
"35","00-0036932",2231,0.0146854693491673,0.0212623765519567,0.00133504266810612,"Micah Parsons","DAL","LB",2021
"36","00-0030578",262,0.0146256405541276,0.0209588816022394,0.00132960368673887,"Cordarrelle Patterson","ATL","RB",2021
"37","00-0034812",1248,0.0144674511929284,0.0216399491371946,0.00131522283572077,"Travin Howard","LA","LB",2021
"38","00-0031763",432,0.0144640872586522,0.0205478277358891,0.00131491702351384,"DeAndre Carter","WAS","WR",2021
"39","00-0035382",1469,0.0144525164805208,0.0212768565469265,0.0013138651345928,"Ryan Bates","BUF","OL",2021
"40","00-0034344",1054,0.014405802553691,0.0204528939283634,0.00130961841397191,"Marcus Davenport","NO","DL",2021
"41","00-0034374",1079,0.0143891960714527,0.0203508612407456,0.00130810873376843,"Jordan Whitehead","TB","DB",2021
"42","00-0034857",1277,0.0143778337513749,0.0203797877393717,0.00130707579557954,"Josh Allen","BUF","QB",2021
"43","00-0028075",96,0.0142448045781507,0.0212401240061704,0.00129498223437733,"Buster Skrine","TEN","DB",2021
"44","00-0031795",436,0.0142393997951509,0.019943070199144,0.00129449089046827,"DeShawn Williams","DEN","DL",2021
"45","00-0036631",2068,0.0142319330856167,0.0194491203535107,0.00129381209869243,"Royce Newman","GB","OL",2021
"46","00-0033908",932,0.014168046100928,0.0200559043870104,0.00128800419099346,"Cooper Kupp","LA","WR",2021
"47","00-0032775",631,0.0141166073386246,0.0206836295311808,0.00128332793987497,"Demarcus Robinson","KC","WR",2021
"48","00-0032217",518,0.0140979275236703,0.0199826146634301,0.00128162977487912,"Donovan Smith","TB","OL",2021
"49","00-0033921",941,0.0140492248536982,0.0206842425576002,0.00127720225942711,"Chris Godwin","TB","WR",2021
"50","00-0029895",187,0.0139973716084874,0.019830134203026,0.00127248832804431,"Ryan Jensen","TB","OL",2021
"51","00-0036223",1783,0.0138737087541145,0.0215539337955115,0.00126124625037405,"Jonathan Taylor","IND","RB",2021
"52","00-0036942",2241,0.0138284388850975,0.0201385011315166,0.00125713080773613,"Osa Odighizuwa","DAL","DL",2021
"53","00-0032391",551,0.0135595697544865,0.0203617527610912,0.00123268815949877,"Joe Thuney","KC","OL",2021
"54","00-0031936",456,0.0135037634341492,0.0208251559655322,0.00122761485764993,"Mitch Morse","BUF","OL",2021
"55","00-0036845",2159,0.0134343015385496,0.0209449107320414,0.00122130013986815,"Quincy Roche","NYG","LB",2021
"56","00-0034845",1271,0.0133344153231703,0.0206379661746267,0.00121221957483367,"Sony Michel","LA","RB",2021
"57","00-0027962",82,0.0132219279378817,0.0209052653062197,0.00120199344889833,"Cameron Jordan","NO","DL",2021
"58","00-0031242",321,0.0132181222532797,0.0212808156610756,0.00120164747757089,"Shamar Stephen","DEN","DL",2021
"59","00-0033288",760,0.0132077394754643,0.0195243222908866,0.00120070358867857,"George Kittle","SF","TE",2021
"60","00-0027881",68,0.0132048460532554,0.021369554972994,0.00120044055029594,"Jerry Hughes","BUF","DL",2021
"61","00-0033856",891,0.0132045202931146,0.0203051629171596,0.00120041093573769,"Leonard Fournette","TB","RB",2021
"62","00-0033047",695,0.0131767705537778,0.0209928602421846,0.00119788823216162,"Anthony Brown","DAL","DB",2021
"63","00-0030575",261,0.0131080394904546,0.0202523891583582,0.00119163995367769,"Xavier Rhodes","IND","DB",2021
"64","00-0036133",1738,0.0129845188142603,0.0213547076050523,0.0011804108012964,"James Proche","BAL","WR",2021
"65","00-0035530",1509,0.0128914306378653,0.020901588235556,0.00117194823980593,"Khari Willis","IND","DB",2021
"66","00-0035383",1470,0.012871235858916,0.021262382923938,0.00117011235081055,"Nate Herbig","PHI","OL",2021
"67","00-0031567",403,0.0127816272250068,0.0209404738188218,0.00116196611136425,"Daryl Williams","BUF","OL",2021
"68","00-0036361",1907,0.0126717896990434,0.020502353404813,0.00115198088173122,"Trevon Diggs","DAL","DB",2021
"69","00-0035676",1577,0.0126644534253058,0.020723346350018,0.00115131394775507,"A.J. Brown","TEN","WR",2021
"70","00-0035230",1382,0.0125790287754065,0.0216023334502668,0.0011435480704915,"Ed Oliver","BUF","DL",2021
"71","00-0034903",1286,0.0124714898439749,0.0208155379127903,0.00113377180399772,"Tevaughn Campbell","LAC","DB",2021
"72","00-0031388",368,0.0124255005901661,0.0197162510698682,0.00112959096274237,"Aaron Donald","LA","DL",2021
"73","00-0027793",58,0.0123940454259765,0.0216133956991473,0.0011267314023615,"Antonio Brown","TB","WR",2021
"74","00-0033293",764,0.0123778515013074,0.0206305846113168,0.00112525922739158,"Aaron Jones","GB","RB",2021
"75","00-0031588",412,0.0123684167157789,0.0201491891019735,0.00112440151961626,"Stefon Diggs","BUF","WR",2021
"76","00-0033884",912,0.0123181598079568,0.02031075853073,0.00111983270981426,"Tre'Davious White","BUF","DB",2021
"77","00-0032395",554,0.0122783345533173,0.0225675492653902,0.00111621223211975,"Graham Glasgow","DEN","OL",2021
"78","00-0034473",1132,0.0122397678741543,0.0211188417366178,0.00111270617037766,"Dennis Gardeck","ARI","LB",2021
"79","00-0034983",1314,0.0122269836112084,0.0205848812595136,0.00111154396465531,"Hunter Renfrow","LV","WR",2021
"80","00-0035253",1403,0.0120695177464452,0.0200803311764911,0.00109722888604047,"Chauncey Gardner-Johnson","NO","DB",2021
"81","00-0032197",508,0.0120300910046606,0.0215885700164499,0.00109364463678732,"Randy Gregory","DAL","DL",2021
"82","00-0036995",2286,0.011962944124418,0.0209068596575564,0.00108754037494709,"Baron Browning","DEN","LB",2021
"83","00-0036406",1946,0.0119121793058466,0.0203199818792332,0.0010829253914406,"Tristan Wirfs","TB","OL",2021
"84","00-0033549",828,0.0118825567089286,0.0199143752659865,0.00108023242808442,"Duke Riley","MIA","LB",2021
"85","00-0035719",1610,0.0118718878679751,0.0209107083487958,0.00107926253345228,"Deebo Samuel","SF","WR",2021
"86","00-0034521",1144,0.0118704163739955,0.0209757971414155,0.00107912876127232,"Allen Lazard","GB","WR",2021
"87","00-0034325",1047,0.011833587014712,0.0216425013797874,0.00107578063770109,"Taylor Stallworth","IND","DL",2021
"88","00-0035717",1608,0.0118289580449301,0.0205658374441598,0.00107535982226637,"Nick Bosa","SF","DL",2021
"89","00-0032415",564,0.0118136276314398,0.0200826805704332,0.00107396614831271,"Matt Judon","NE","LB",2021
"90","00-0036695",2112,0.0115683559060166,0.0214427017933528,0.00105166871872878,"Naquan Jones","TEN","DL",2021
"91","00-0035713",1605,0.0115424371227419,0.0208170728972167,0.0010493124657038,"Brian Burns","CAR","DL",2021
"92","00-0026564",32,0.0115422863522242,0.0204954656728356,0.00104929875929311,"Steve McLendon","TB","DL",2021
"93","00-0036952",2250,0.0115004755058042,0.0198370524654822,0.00104549777325493,"Jonathon Cooper","DEN","LB",2021
"94","00-0032243",525,0.0114524661302796,0.0209723204167929,0.00104113328457087,"Ali Marpet","TB","OL",2021
"95","00-0033913",936,0.0114384205713858,0.0207557302375761,0.00103985641558053,"Chris Wormley","PIT","DL",2021
"96","00-0031411",375,0.0114168789836127,0.0219528993834987,0.00103789808941934,"Demarcus Lawrence","DAL","DL",2021
"97","00-0036259",1814,0.0113776916577013,0.0204484362649148,0.00103433560524558,"Jauan Jennings","SF","WR",2021
"98","00-0036423",1963,0.0113047382374411,0.0200211559297146,0.00102770347613101,"Albert Okwuegbunam","DEN","TE",2021
"99","00-0025424",15,0.011222335642076,0.0209065329792726,0.00102021233109781,"Eric Weddle","LA","DB",2021
"100","00-0034389",1094,0.0111196907095808,0.0210546296641013,0.00101088097359825,"Dane Cruikshank","TEN","DB",2021
"101","00-0027949",78,0.0110859320838943,0.0205949628781191,0.00100781200762675,"J.J. Watt","ARI","DL",2021
"102","00-0032803",645,0.0110391501350645,0.0215163560739277,0.00100355910318768,"Jalen Mills","NE","DB",2021
"103","00-0036415",1955,0.0109545110074318,0.0202035315221295,0.000995864637039253,"Van Jefferson","LA","WR",2021
"104","00-0029249",130,0.0109541645121278,0.0202528850459879,0.000995833137466163,"Melvin Ingram","KC","LB",2021
"105","00-0034272",1030,0.010910984041053,0.0204682695267449,0.000991907640095729,"Marquez Valdes-Scantling","GB","WR",2021
"106","00-0036561",2027,0.0108914861678568,0.0212527871471211,0.0009901351061688,"Keith Taylor","CAR","DB",2021
"107","00-0031734",429,0.0108545798427606,0.0209781076798046,0.000986779985705508,"Chris Reed","IND","OL",2021
"108","00-0033051",698,0.0108500410689241,0.0211594066378414,0.000986367369902195,"David Onyemata","NO","DL",2021
"109","00-0030062",197,0.0108230801175445,0.0204644608363536,0.000983916374322228,"Darius Slay","PHI","DB",2021
"110","00-0034752",1208,0.010756916532863,0.0204376089545368,0.000977901502987543,"Orlando Brown","KC","OL",2021
"111","00-0031142",310,0.0107558687558943,0.0205793832605915,0.000977806250535846,"Matt Feiler","LAC","OL",2021
"112","00-0036981",2272,0.010751101299865,0.0199379045286109,0.000977372845442272,"Christian Barmore","NE","DL",2021
"113","00-0032109",485,0.0107248435404274,0.019952398690499,0.00097498577640249,"Kwon Alexander","NO","LB",2021
"114","00-0033118",729,0.0106390409169702,0.0202296486845604,0.000967185537906386,"Kenyan Drake","LV","RB",2021
"115","00-0033090",715,0.0106386305751614,0.0202190122281137,0.000967148234105579,"Hunter Henry","NE","TE",2021
"116","00-0034791",1233,0.0106299974358914,0.02124477711773,0.000966363403262856,"Nick Chubb","CLE","RB",2021
"117","00-0030781",275,0.0106100314779779,0.0198714012718991,0.000964548316179812,"Trey Hopkins","CIN","OL",2021
"118","00-0036196",1763,0.010540770160759,0.020937629069413,0.000958251832796269,"Gabriel Davis","BUF","WR",2021
"119","00-0034775",1222,0.0104746534333253,0.0222619625137101,0.000952241221211391,"Christian Kirk","ARI","WR",2021
"120","00-0030584",263,0.0104440293730453,0.0198458706001386,0.000949457215731395,"Eric Fisher","IND","OL",2021
"121","00-0035699",1596,0.0104400477237815,0.0191161490168195,0.000949095247616502,"Jamel Dean","TB","DB",2021
"122","00-0027061",39,0.0104253439436618,0.0208978753982976,0.00094775854033289,"Jared Cook","LAC","TE",2021
"123","00-0036479",1988,0.0104183163695249,0.0210035054859872,0.000947119669956808,"Kwity Paye","IND","DL",2021
"124","00-0033512",811,0.0103947186650757,0.0200466465804289,0.000944974424097789,"Damontae Kazee","DAL","DB",2021
"125","00-0036358",1904,0.0103795843009689,0.0200930642969028,0.000943598572815359,"CeeDee Lamb","DAL","WR",2021
"126","00-0036614",2051,0.0102915450034145,0.0203096062180847,0.000935595000310409,"Jamin Davis","WAS","LB",2021
"127","00-0032454",581,0.0102123675278775,0.020287927354917,0.000928397047988864,"Jayron Kearse","DAL","DB",2021
"128","00-0031585",410,0.0101978902669942,0.0193261408262409,0.000927080933363107,"MyCole Pruitt","TEN","TE",2021
"129","00-0036394",1935,0.0101964672541337,0.0205966940156042,0.000926951568557607,"Darnay Holmes","NYG","DB",2021
"130","00-0035525",1506,0.0101934728867143,0.020349610301998,0.000926679353337661,"Devin Bush","PIT","LB",2021
"131","00-0035020",1324,0.0101850418002001,0.0203979493202139,0.000925912890927279,"Demetrius Flannigan-Fowles","SF","LB",2021
"132","00-0032892",659,0.0101800719179676,0.0203837776585473,0.000925461083451596,"Nick Vigil","MIN","LB",2021
"133","00-0033057",702,0.0100986090038772,0.0211876034305064,0.000918055363988839,"Jack Conklin","CLE","OL",2021
"134","00-0034807",1245,0.0100546085078671,0.0211763612098549,0.000914055318897006,"Ogbonnia Okoronkwo","LA","LB",2021
"135","00-0034356",1066,0.0100132728972286,0.0204745702467065,0.000910297536111689,"Donte Jackson","CAR","DB",2021
"136","00-0034673",1179,0.0100125928257768,0.0204139172584391,0.000910235711434258,"Tremaine Edmunds","BUF","LB",2021
"137","00-0031941",458,0.0099765893832664,0.0214428928952326,0.000906962671206037,"Jamison Crowder","NYJ","WR",2021
"138","00-0032132",490,0.00995012930912323,0.0212437733244265,0.000904557209920293,"Max Garcia","ARI","OL",2021
"139","00-0033460",801,0.00990064952735728,0.0215053832456203,0.000900059047941571,"John Ross","NYG","WR",2021
"140","00-0035649",1557,0.0098968409546375,0.0198141380961232,0.000899712814057954,"Nate Davis","TEN","OL",2021
"141","00-0027685",51,0.00987665062189433,0.0209340523912623,0.000897877329263121,"Emmanuel Sanders","BUF","WR",2021
"142","00-0027944",75,0.0098446417399987,0.0211180140154382,0.000894967430908972,"Julio Jones","TEN","WR",2021
"143","00-0033050",697,0.00984306046866558,0.0209353708626431,0.000894823678969598,"Xavien Howard","MIA","DB",2021
"144","00-0033541",821,0.00980390221899389,0.0209846069503794,0.000891263838090353,"Taco Charlton","PIT","DL",2021
"145","00-0033120",731,0.00976149941690793,0.0201213262228996,0.000887409037900721,"Kenny Clark","GB","DL",2021
"146","00-0036936",2235,0.00975476062387963,0.020005666282817,0.000886796420352694,"Rondale Moore","ARI","WR",2021
"147","00-0036262",1817,0.00974605285032689,0.020427857598679,0.000886004804575171,"Davon Hamilton","JAX","DL",2021
"148","00-0033831",887,0.00973659756789249,0.020651107994941,0.000885145233444772,"Andrew Wylie","KC","OL",2021
"149","00-0031345",348,0.00970804131406729,0.0210027627582713,0.000882549210369754,"Jimmy Garoppolo","SF","QB",2021
"150","00-0034681",1186,0.00970552395760057,0.0202746256717879,0.00088232035978187,"Chase Edmonds","ARI","RB",2021
"151","00-0033888",915,0.00968626272135298,0.0203756145091946,0.000880569338304816,"Ryan Ramczyk","NO","OL",2021
"152","00-0036192",1760,0.00964685970094148,0.0208237485204987,0.000876987245540134,"A.J. Epenesa","BUF","DL",2021
"153","00-0033093",717,0.00962962281649743,0.0211766015039974,0.000875420256045221,"Jonathan Bullard","ATL","DL",2021
"154","00-0028129",102,0.009551817880526,0.0210210995943606,0.000868347080047818,"Jason Kelce","PHI","OL",2021
"155","00-0030380",227,0.00944374684217433,0.0205897525334204,0.000858522440197666,"Benson Mayowa","SEA","LB",2021
"156","00-0034967",1304,0.00941618047146549,0.0204494113001414,0.000856016406496863,"Rashan Gary","GB","LB",2021
"157","00-0036271",1825,0.00941579143277943,0.0207780467506791,0.000855981039343584,"Quez Watkins","PHI","WR",2021
"158","00-0029890",185,0.00941248059198333,0.0205747813199579,0.000855680053816666,"Mike Purcell","DEN","DL",2021
"159","00-0036977",2269,0.00939389705920382,0.0214037015634498,0.000853990641745802,"Ben Cleveland","BAL","OL",2021
"160","00-0036741",2128,0.00937691050781051,0.021409648526572,0.000852446409800955,"Jack Stoll","PHI","TE",2021
"161","00-0027867",65,0.00937371815177924,0.020410646912795,0.000852156195616295,"Jason Pierre-Paul","TB","DL",2021
"162","00-0030288",223,0.00936644046976164,0.0207030261988926,0.000851494588160149,"Rex Burkhead","HOU","RB",2021
"163","00-0035357",1461,0.00932772740978293,0.0211538694022621,0.000847975219071175,"Cameron Lewis","BUF","DB",2021
"164","00-0032574",597,0.00931591416216506,0.021353560902036,0.000846901287469551,"Michael Pierce","MIN","DL",2021
"165","00-0034377",1082,0.00919171031068347,0.0208287511282849,0.000835610028243952,"Avonte Maddox","PHI","DB",2021
"166","00-0026498",30,0.0091431974672905,0.0203101856207625,0.000831199769753682,"Matthew Stafford","LA","QB",2021
"167","00-0034678",1184,0.00913906132983336,0.0203692748104128,0.000830823757257579,"Alex Cappa","TB","OL",2021
"168","00-0034261",1025,0.0091248833715464,0.0199387737517714,0.000829534851958763,"Austin Corbett","LA","OL",2021
"169","00-0036130",1735,0.00912482230270049,0.0207298978508557,0.000829529300245499,"Justin Madubuike","BAL","DL",2021
"170","00-0033572",842,0.00909414250630764,0.0202746837043616,0.000826740227846149,"Jamal Agnew","JAX","WR",2021
"171","00-0036360",1906,0.00909165791605517,0.0209027099594389,0.000826514356005015,"Clyde Edwards-Helaire","KC","RB",2021
"172","00-0034982",1313,0.00905587191557347,0.0205929919981298,0.000823261083233952,"Dre Greenlaw","SF","LB",2021
"173","00-0032146",497,0.00905151962995382,0.0216557725702542,0.000822865420904893,"Bud Dupree","TEN","LB",2021
"174","00-0035702",1598,0.00903653834112172,0.0203181265281207,0.00082150348555652,"Dalton Risner","DEN","OL",2021
"175","00-0031241",320,0.00902348492183326,0.0214259925150603,0.000820316811075751,"Devon Kennard","ARI","LB",2021
"176","00-0036222",1782,0.00900904354675706,0.0208331750744505,0.000819003958796096,"Isaiah Rodgers","IND","DB",2021
"177","00-0036410",1950,0.00900238628221953,0.0207930541426683,0.000818398752929048,"Tee Higgins","CIN","WR",2021
"178","00-0034787",1230,0.00899167998754181,0.0203734378797416,0.000817425453412892,"Chris Board","BAL","LB",2021
"179","00-0035667",1571,0.00898158116775006,0.0216435655220963,0.000816507378886369,"Greg Gaines","LA","DL",2021
"180","00-0033902",926,0.00896937726224177,0.0210311428053208,0.00081539793293107,"Tanoh Kpassagnon","NO","DL",2021
"181","00-0030528",253,0.00896618066936836,0.0219039001243874,0.000815107333578942,"Robert Alford","ARI","DB",2021
"182","00-0033055",701,0.00896054017388591,0.0209157937263271,0.000814594561262355,"Jalen Ramsey","LA","DB",2021
"183","00-0036355",1901,0.00889591747129161,0.0210806741520232,0.000808719770117419,"Justin Herbert","LAC","QB",2021
"184","00-0029669",168,0.00889203257668902,0.0201349495390515,0.00080836659788082,"Dont'a Hightower","NE","LB",2021
"185","00-0034830",1258,0.00886932417584023,0.0202556582444998,0.000806302197803657,"Hayden Hurst","ATL","TE",2021
"186","00-0036937",2236,0.00886119372172803,0.0194815674715792,0.000805563065611639,"Paulson Adebo","NO","DB",2021
"187","00-0032781",635,0.0088587059922317,0.0205216829379256,0.0008053369083847,"Matt Ioannidis","WAS","DL",2021
"188","00-0036387",1928,0.00880966423596325,0.0200983351075421,0.00080087856690575,"Jalen Reagor","PHI","WR",2021
"189","00-0036637",2074,0.00879212242457315,0.0202850637042481,0.000799283856779378,"Noah Gray","KC","TE",2021
"190","00-0033904",928,0.00877951927305286,0.0212330741554172,0.000798138115732079,"Dion Dawkins","BUF","OL",2021
"191","00-0036895",2199,0.00876956327782203,0.0213530765016194,0.000797233025256548,"Elerson Smith","NYG","LB",2021
"192","00-0034302",1041,0.00873054396961071,0.0209513375869953,0.000793685815419156,"Frankie Luvu","CAR","LB",2021
"193","00-0036036",1706,0.00866632289420729,0.0202968291214989,0.000787847535837026,"Terence Steele","DAL","OL",2021
"194","00-0033072",709,0.00860378628520192,0.020524153822061,0.000782162389563811,"Leonard Floyd","LA","LB",2021
"195","00-0033876",905,0.00857087067624546,0.0203680784640863,0.00077917006147686,"Derek Barnett","PHI","DL",2021
"196","00-0026990",37,0.00855798049847244,0.0210012009095056,0.000777998227133858,"Malcolm Jenkins","NO","DB",2021
"197","00-0036912",2214,0.00850694079145691,0.0202465321224627,0.00077335825376881,"DeVonta Smith","PHI","WR",2021
"198","00-0031852",443,0.00849609172766134,0.0214180309311654,0.00077237197524194,"David Andrews","NE","OL",2021
"199","00-0036371",1916,0.00844489080444701,0.0214489907140634,0.000767717345858819,"Leki Fotu","ARI","DL",2021
"200","00-0032602",602,0.00844362557903548,0.0206227705277213,0.000767602325366861,"J.D. McKissic","WAS","RB",2021
"201","00-0036357",1903,0.0084323908092829,0.0208184930237221,0.000766580982662082,"Henry Ruggs","LV","WR",2021
"202","00-0034797",1236,0.00841412279390035,0.0207041718166915,0.000764920253990941,"Jerome Baker","MIA","LB",2021
"203","00-0034641",1171,0.00835931974866662,0.0214051992834113,0.000759938158969693,"Chris Jones","TEN","DB",2021
"204","00-0035292",1431,0.00833004784218405,0.0204795009026492,0.000757277076562186,"David Long","TEN","LB",2021
"205","00-0030527",252,0.00832914645000523,0.0203296867692513,0.000757195131818657,"Alec Ogletree","CHI","LB",2021
"206","00-0032950",666,0.00830374434218197,0.0201944400415946,0.00075488584928927,"Carson Wentz","IND","QB",2021
"207","00-0033082",712,0.00826451696594064,0.0202835710252112,0.000751319724176422,"Lucas Patrick","GB","OL",2021
"208","00-0032764",623,0.00825607311054358,0.0201397965906123,0.000750552100958507,"Derrick Henry","TEN","RB",2021
"209","00-0036933",2232,0.00823222050628364,0.0203190655973779,0.000748383682389421,"Zaven Collins","ARI","LB",2021
"210","00-0034387",1092,0.00823087316265326,0.0201634139671306,0.000748261196604842,"Bilal Nichols","CHI","DL",2021
"211","00-0031404",372,0.00822311632438055,0.0209443030023184,0.000747556029489141,"Adrian Phillips","NE","DB",2021
"212","00-0029607",158,0.0082164392327711,0.0207589797223071,0.000746949021161009,"Demario Davis","NO","LB",2021
"213","00-0032239",523,0.00815722348666995,0.0208399228162695,0.00074156577151545,"Byron Jones","MIA","DB",2021
"214","00-0034440",1122,0.00804877974159682,0.021517193592574,0.000731707249236074,"Justin Jackson","LAC","RB",2021
"215","00-0033221",746,0.00799247853416408,0.021028858137756,0.00072658895765128,"Daniel Brunskill","SF","OL",2021
"216","00-0036427",1967,0.00796097859949618,0.0198975693869102,0.000723725327226926,"Tyler Johnson","TB","WR",2021
"217","00-0031101",305,0.0079266084944105,0.0191046347842036,0.000720600772219137,"Shaquil Barrett","TB","LB",2021
"218","00-0035239",1390,0.00791919834572927,0.0208166221000495,0.000719927122339025,"Sean Murphy-Bunting","TB","DB",2021
"219","00-0037009",2300,0.007908900673077,0.0212090058703697,0.000718990970279727,"Rashawn Slater","LAC","OL",2021
"220","00-0034675",1181,0.0079006474585999,0.0212693397643302,0.000718240678054537,"Jessie Bates","CIN","DB",2021
"221","00-0034834",1262,0.00789061417192971,0.0202683288911789,0.000717328561084519,"Sam Hubbard","CIN","DL",2021
"222","00-0027993",90,0.00788544968154749,0.0211314776954909,0.000716859061958863,"Rodney Hudson","ARI","OL",2021
"223","00-0036040",1708,0.00786654079063045,0.0207337566819936,0.000715140071875496,"Juwan Johnson","NO","TE",2021
"224","00-0035640",1549,0.00786398297996658,0.0216200360429857,0.000714907543633325,"DK Metcalf","SEA","WR",2021
"225","00-0034417",1109,0.00780519585001803,0.0204826264709927,0.000709563259092548,"Matt Pryor","IND","OL",2021
"226","00-0036924",2225,0.00779609921743547,0.0214700769928843,0.000708736292494133,"Michael Carter","NYJ","RB",2021
"227","00-0036407",1947,0.00779489001018772,0.0205824430341082,0.00070862636456252,"Jerry Jeudy","DEN","WR",2021
"228","00-0030090",208,0.0077885324095489,0.0201250838550471,0.000708048400868082,"Micah Hyde","BUF","DB",2021
"229","00-0033894",921,0.00776111547409168,0.0194138297601461,0.000705555952190152,"Marcus Williams","NO","DB",2021
"230","00-0036417",1957,0.00770217470087878,0.0207299774467697,0.000700197700079889,"Damien Lewis","SEA","OL",2021
"231","00-0034348",1058,0.00768013999751795,0.020467856209292,0.000698194545228904,"Courtland Sutton","DEN","WR",2021
"232","00-0036339",1887,0.00766061104975203,0.0206899793680651,0.000696419186341094,"Kevin Dotson","PIT","OL",2021
"233","00-0031237",319,0.00764919244322377,0.0206146263258083,0.000695381131202161,"Teddy Bridgewater","DEN","QB",2021
"234","00-0034804",1242,0.00752399404828891,0.0200474812352195,0.000683999458935356,"Brian Allen","LA","OL",2021
"235","00-0032269",534,0.00749454454360027,0.0214406970541017,0.000681322231236388,"Henry Anderson","NE","DL",2021
"236","00-0035141",1352,0.00748634013813443,0.0212608468163779,0.000680576376194039,"Phil Haynes","SEA","OL",2021
"237","00-0033430",795,0.00746770096993784,0.0212266157001121,0.000678881906357985,"Greg Mabin","TEN","DB",2021
"238","00-0033077",711,0.00744367084178132,0.0207923204967454,0.000676697349252847,"Dak Prescott","DAL","QB",2021
"239","00-0033890",917,0.00743455157713555,0.0206298996877139,0.000675868325194141,"Budda Baker","ARI","DB",2021
"240","00-0034828",1256,0.00742380913217982,0.0197522745260105,0.000674891739289075,"Harold Landry","TEN","LB",2021
"241","00-0027857",61,0.0074160844437161,0.0207125988910109,0.000674189494883282,"Trent Williams","SF","OL",2021
"242","00-0033875",904,0.00741508528999504,0.0210309680671266,0.000674098662726822,"Haason Reddick","CAR","LB",2021
"243","00-0035670",1574,0.00741341003820231,0.0216314780499259,0.000673946367109301,"Dakota Allen","JAX","LB",2021
"244","00-0032054",470,0.00738846856621632,0.0212008865297663,0.00067167896056512,"Breshad Perriman","TB","WR",2021
"245","00-0032234",522,0.00730950081153099,0.0213070637993489,0.000664500073775545,"Laken Tomlinson","SF","OL",2021
"246","00-0033503",808,0.00728519512082516,0.0204848679808076,0.00066229046552956,"Arthur Maulet","PIT","DB",2021
"247","00-0035707",1602,0.00728455027982914,0.020910838570683,0.000662231843620831,"Devin White","TB","LB",2021
"248","00-0032059",473,0.00723970201812036,0.0212165712460523,0.000658154728920033,"P.J. Williams","NO","DB",2021
"249","00-0036367",1912,0.00721495000944919,0.0208710753102905,0.000655904546313563,"Lucas Niang","KC","OL",2021
"250","00-0036935",2234,0.00718442752527906,0.0221861538253176,0.000653129775025369,"Kelvin Joseph","DAL","DB",2021
"251","00-0031580",406,0.00716867658144171,0.0212605992691603,0.000651697871040156,"Shaquille Mason","NE","OL",2021
"252","00-0033010",688,0.00716459500580752,0.0217550623290859,0.000651326818709774,"Sheldon Day","CLE","DL",2021
"253","00-0035021",1325,0.00716420703842962,0.0200549688466848,0.000651291548948147,"Ashton Dulin","IND","WR",2021
"254","00-0032518",589,0.00715503799254883,0.021448770403021,0.000650457999322621,"Justin Zimmer","BUF","DL",2021
"255","00-0034418",1110,0.00713347034944406,0.0195095578146429,0.000648497304494914,"Cedrick Wilson","DAL","WR",2021
"256","00-0033280",755,0.00712129755925573,0.0206752802928075,0.000647390687205066,"Christian McCaffrey","CAR","RB",2021
"257","00-0032383",545,0.00707148403220387,0.0209600525342355,0.000642862184745807,"Ryan Kelly","IND","OL",2021
"258","00-0026166",24,0.00706795653535617,0.0207893925768087,0.000642541503214197,"Duane Brown","SEA","OL",2021
"259","00-0035663",1567,0.00701932664065022,0.0206655911520214,0.000638120603695475,"Taylor Rapp","LA","DB",2021
"260","00-0030496",244,0.00700177216538301,0.0210017926735387,0.000636524742307547,"Le'Veon Bell","TB","RB",2021
"261","00-0035149",1357,0.00698405461042886,0.0222645951073673,0.000634914055493533,"Nick Allegretti","KC","OL",2021
"262","00-0026997",38,0.00693789212479975,0.0214620264628651,0.000630717465890887,"Alex Mack","SF","OL",2021
"263","00-0035112",1342,0.00691857858842676,0.0217863202514487,0.000628961689856978,"Patrick Mekari","BAL","OL",2021
"264","00-0034011",973,0.00691564259325066,0.0212348781199185,0.000628694781204605,"Dan Arnold","JAX","TE",2021
"265","00-0032127",487,0.00683074192098815,0.0209799797666703,0.00062097653827165,"Markus Golden","ARI","LB",2021
"266","00-0034281",1036,0.00680821930027041,0.0202665527953897,0.00061892902729731,"Bradley Bozeman","BAL","OL",2021
"267","00-0035593",1528,0.0068063026519295,0.0222150148707512,0.000618754786539046,"Juwann Winfree","GB","WR",2021
"268","00-0036994",2285,0.00680492099303145,0.0215719911772804,0.000618629181184678,"Ernest Jones","LA","LB",2021
"269","00-0033551",830,0.00680415106201254,0.02087016630235,0.000618559187455686,"Rasul Douglas","GB","DB",2021
"270","00-0027943",74,0.00679170398275263,0.0208804352101219,0.000617427634795694,"Patrick Peterson","MIN","DB",2021
"271","00-0031040",292,0.00678220338799812,0.0217643841337273,0.000616563944363466,"Khalil Mack","CHI","LB",2021
"272","00-0034730",1198,0.00676312664425582,0.0204229231836936,0.000614829694932347,"Marcell Harris","SF","LB",2021
"273","00-0036183",1758,0.00675761959810159,0.0218040177558276,0.000614329054372872,"Kristian Wilkerson","NE","WR",2021
"274","00-0035831",1636,0.00675271655762011,0.0211643631806318,0.00061388332342001,"James Robinson","JAX","RB",2021
"275","00-0036265",1819,0.00673392475788165,0.0213106288109534,0.000612174977989241,"A.J. Dillon","GB","RB",2021
"276","00-0033757",871,0.00672998397970974,0.020710067246119,0.000611816725428159,"Robert Tonyan","GB","TE",2021
"277","00-0031740",430,0.00672973621137782,0.0206091891698225,0.000611794201034347,"Neville Hewitt","HOU","LB",2021
"278","00-0030068",202,0.00671927917814161,0.0209066544349139,0.000610843561649237,"Marquise Goodwin","CHI","WR",2021
"279","00-0027942",73,0.00671818626505161,0.0202333667136754,0.000610744205913783,"A.J. Green","ARI","WR",2021
"280","00-0033466",802,0.0066982190278987,0.0205822729575127,0.000608929002536245,"Isaiah McKenzie","BUF","WR",2021
"281","00-0034790",1232,0.00667567812706605,0.0204876280547165,0.000606879829733277,"Derwin James","LAC","DB",2021
"282","00-0031387",367,0.00666398652828714,0.0204928949379011,0.000605816957117013,"Eric Ebron","PIT","TE",2021
"283","00-0032521",591,0.00665967506201333,0.0203065790363001,0.000605425005637575,"Mike Hilton","CIN","DB",2021
"284","00-0034419",1111,0.00665777376281934,0.020338137043524,0.000605252160256304,"Braxton Berrios","NYJ","WR",2021
"285","00-0036347",1895,0.00665033019024694,0.0213753102110959,0.000604575471840631,"Blake Brandel","MIN","OL",2021
"286","00-0032242",524,0.00661277459268585,0.0207425175161847,0.000601161326607805,"Rob Havenstein","LA","OL",2021
"287","00-0027865",64,0.00659845097778052,0.0216723853884488,0.000599859179798229,"Brandon Graham","PHI","DL",2021
"288","00-0036865",2175,0.00659807484704268,0.0199852489342975,0.000599824986094789,"Jackson Carman","CIN","OL",2021
"289","00-0034373",1078,0.00659432252230293,0.0207807806609785,0.000599483865663903,"Dorance Armstrong","DAL","DL",2021
"290","00-0034763",1215,0.00657884908562997,0.021029071582327,0.000598077189602725,"Brandon Parker","LV","OL",2021
"291","00-0036293",1846,0.00655151614165148,0.0216419295174604,0.000595592376513771,"Jeremy Chinn","CAR","DB",2021
"292","00-0035228",1380,0.00654966917611811,0.0206300729689518,0.000595424470556191,"Kyler Murray","ARI","QB",2021
"293","00-0034429",1113,0.00654044437264074,0.021123240736263,0.000594585852058249,"Jordan Mailata","PHI","OL",2021
"294","00-0035413",1484,0.00648821203764427,0.0203168725688894,0.000589837457967661,"Luke Gifford","DAL","LB",2021
"295","00-0035301",1437,0.00647670951401967,0.0212265137433184,0.000588791774001788,"Donovan Wilson","DAL","DB",2021
"296","00-0024270",12,0.00645829922310105,0.0207553083498417,0.000587118111191005,"Andrew Whitworth","LA","OL",2021
"297","00-0036167",1751,0.00642648379099612,0.020114429496088,0.000584225799181465,"Tae Crowder","NYG","LB",2021
"298","00-0034785",1229,0.00642276689171255,0.0211071510250608,0.000583887899246595,"Mason Cole","MIN","OL",2021
"299","00-0036159",1746,0.00641924725756917,0.0211310403963404,0.000583567932506288,"Josh Uche","NE","LB",2021
"300","00-0036900",2204,0.00641322376242897,0.0213639357850563,0.000583020342038997,"Ja'Marr Chase","CIN","WR",2021
"301","00-0035629",1540,0.00639580567877818,0.0205993849466074,0.000581436879888925,"Jonah Williams","CIN","OL",2021
"302","00-0029604",156,0.00637786307364195,0.021168624024155,0.00057980573396745,"Kirk Cousins","MIN","QB",2021
"303","00-0035710",1604,0.00637745954836107,0.0205010166579647,0.000579769049851006,"Daniel Jones","NYG","QB",2021
"304","00-0033787",879,0.00635714268509784,0.0217333840734445,0.000577922062281622,"Jake Elliott","PHI","K",2021
"305","00-0034832",1260,0.00631771154117257,0.0215086874508543,0.00057433741283387,"Bradley Chubb","DEN","LB",2021
"306","00-0033839",889,0.00629432939565608,0.0212413092567283,0.000572211763241461,"Dede Westbrook","MIN","WR",2021
"307","00-0032144",495,0.00629176637414874,0.0206734529599789,0.000571978761286249,"Melvin Gordon","DEN","RB",2021
"308","00-0033594",850,0.00629105891183612,0.0231261780687695,0.000571914446530556,"Chris Carson","SEA","RB",2021
"309","00-0036345",1893,0.00628802592173757,0.0199824320377639,0.000571638720157961,"K.J. Osborn","MIN","WR",2021
"310","00-0036337",1885,0.00626611613492068,0.020476436807343,0.000569646921356426,"James Lynch","MIN","DL",2021
"311","00-0034159",1002,0.0062541146774315,0.0209987964849381,0.0005685558797665,"Will Dissly","SEA","TE",2021
"312","00-0036163",1748,0.00625135865476455,0.0197768286332695,0.000568305332251323,"Justin Herron","NE","OL",2021
"313","00-0029892",186,0.00624725218603521,0.0208778900660518,0.000567932016912292,"Kyle Juszczyk","SF","RB",2021
"314","00-0033025",690,0.0062284108784975,0.0214217734370448,0.0005662191707725,"Jalen Richard","LV","RB",2021
"315","00-0035390",1473,0.00622701453876793,0.0210914708747833,0.000566092230797085,"Anthony Rush","ATL","DL",2021
"316","00-0030279",222,0.00619273891267279,0.0212014272817321,0.000562976264788435,"Keenan Allen","LAC","WR",2021
"317","00-0036276",1830,0.00619192695237387,0.021147502556997,0.000562902450215807,"Jacob Phillips","CLE","LB",2021
"318","00-0035236",1387,0.00618364637395146,0.0199327138314664,0.000562149670359223,"Byron Murphy","ARI","DB",2021
"319","00-0036261",1816,0.00617196530253011,0.021065058861341,0.000561087754775465,"Brandon Aiyuk","SF","WR",2021
"320","00-0036905",2208,0.0061472810019268,0.0217609984545629,0.000558843727447891,"Larry Borom","CHI","OL",2021
"321","00-0034116",992,0.00613595081276281,0.0215457525311656,0.000557813710251165,"J.T. Gray","NO","DB",2021
"322","00-0031298",338,0.00612855965580192,0.0210008827639242,0.000557141786891084,"Jimmie Ward","SF","DB",2021
"323","00-0030386",230,0.00611480881930303,0.0203370839927176,0.00055589171084573,"William Gholston","TB","DL",2021
"324","00-0034335",1051,0.00611472261073444,0.0204111125826495,0.000555883873703131,"Marcus Allen","PIT","LB",2021
"325","00-0033103",721,0.00611128993516763,0.0209569199638488,0.000555571812287967,"Artie Burns","CHI","DB",2021
"326","00-0033920",940,0.00608253640210298,0.0213712634243545,0.000552957854736635,"Derek Rivers","HOU","DL",2021
"327","00-0032787",640,0.00606529690223831,0.0215658786045317,0.00055139062747621,"Cole Toner","HOU","OL",2021
"328","00-0035617",1535,0.00605457521368358,0.0201225868176841,0.000550415928516689,"Troy Reeder","LA","LB",2021
"329","00-0035290",1429,0.00603756621554605,0.0213908190715741,0.000548869655958732,"Jaquan Johnson","BUF","DB",2021
"330","00-0033109",724,0.00602775532387433,0.0199084476225237,0.000547977756715849,"Javon Hargrave","PHI","DL",2021
"331","00-0031136",309,0.00601755958826209,0.0216235722682932,0.00054705087166019,"Chris Boswell","PIT","K",2021
"332","00-0034096",985,0.00601550664147447,0.0209221405580266,0.000546864240134042,"Emmanuel Moseley","SF","DB",2021
"333","00-0032145",496,0.00601231625674646,0.0204960004516958,0.00054657420515877,"Cameron Erving","CAR","OL",2021
"334","00-0035668",1572,0.00600828160197041,0.0204977017990262,0.000546207418360947,"David Edwards","LA","OL",2021
"335","00-0029419",141,0.00598749827130642,0.0203565593761615,0.00054431802466422,"Dennis Kelly","GB","OL",2021
"336","00-0036919",2221,0.0059712818885704,0.0207705169215328,0.000542843808051855,"Kenneth Gainwell","PHI","RB",2021
"337","00-0027656",49,0.00596070042524588,0.0210888740404912,0.000541881856840535,"Rob Gronkowski","TB","TE",2021
"338","00-0032398",555,0.00592038670016678,0.0215091849917723,0.000538216972742434,"Chris Moore","HOU","WR",2021
"339","00-0035925",1664,0.00591910936259537,0.0210442498100396,0.000538100851145034,"Jarren Williams","NYG","DB",2021
"340","00-0036322",1871,0.00591548481526528,0.0205695283402969,0.000537771346842299,"Justin Jefferson","MIN","WR",2021
"341","00-0029657",166,0.00591189677412892,0.0218490798232055,0.000537445161284447,"Akiem Hicks","CHI","DL",2021
"342","00-0032129",489,0.00588691450258716,0.0200943449999021,0.000535174045689742,"Jordan Hicks","ARI","LB",2021
"343","00-0035591",1526,0.00587976735027665,0.0204483605486159,0.000534524304570605,"Justin Hollins","LA","LB",2021
"344","00-0036885",2192,0.00586514868191866,0.020532288688867,0.000533195334719879,"Tre Brown","SEA","DB",2021
"345","00-0033528",815,0.00582866961167281,0.0205637346925031,0.000529879055606619,"Jeremy Sprinkle","DAL","TE",2021
"346","00-0032980",683,0.00582211329228936,0.0219728522469611,0.00052928302657176,"Marcus Johnson","TEN","WR",2021
"347","00-0034614",1166,0.005817434449541,0.0212143372021125,0.000528857677231,"Godwin Igwebuike","DET","RB",2021
"348","00-0031019",289,0.00578144199064682,0.0206158065900288,0.000525585635513347,"Corey Linsley","LAC","OL",2021
"349","00-0036366",1911,0.00574938818798578,0.0213841929342302,0.000522671653453253,"Neville Gallimore","DAL","DL",2021
"350","00-0030181",218,0.00574429631662617,0.0200688426019232,0.000522208756056925,"Jack Doyle","IND","TE",2021
"351","00-0031598",416,0.00572821317519827,0.0211084810421651,0.000520746652290752,"Nick Boyle","BAL","TE",2021
"352","00-0033860",894,0.00572532134842889,0.0202904893737813,0.000520483758948081,"Davon Godchaux","NE","DL",2021
"353","00-0036913",2215,0.00571553651745562,0.0211554305837912,0.000519594228859602,"Kadarius Toney","NYG","WR",2021
"354","00-0036240",1798,0.00565804240383493,0.0206580796194648,0.000514367491257721,"Chris Jackson","TEN","DB",2021
"355","00-0036941",2240,0.00561454533065685,0.0212088722192386,0.000510413211877896,"Andre Cisco","JAX","DB",2021
"356","00-0027860",62,0.00560332217486016,0.0199046926063184,0.000509392924987288,"Joe Haden","PIT","DB",2021
"357","00-0030035",193,0.0055806973363034,0.0199995298920741,0.000507336121482127,"Adam Thielen","MIN","WR",2021
"358","00-0032464",584,0.00554700447722566,0.020134280486046,0.000504273134293242,"Kalif Raymond","DET","WR",2021
"359","00-0027947",76,0.0055260748030584,0.0210936006500524,0.000502370436641673,"Tyron Smith","DAL","OL",2021
"360","00-0035804",1625,0.0054994190588337,0.0209097602230207,0.0004999471871667,"Jonas Griffith","DEN","LB",2021
"361","00-0029316",138,0.00549625798145893,0.0211416383730745,0.000499659816496266,"Kelvin Beachum","ARI","OL",2021
"362","00-0035889",1652,0.00548100336141504,0.0216982766507651,0.000498273032855913,"Tommy Townsend","KC","P",2021
"363","00-0036843",2157,0.00548005754018707,0.0208392973221369,0.000498187049107916,"Isaiahh Loudermilk","PIT","DL",2021
"364","00-0036749",2131,0.00547317431536842,0.0211244776232062,0.00049756130139713,"Tommy Kraemer","DET","OL",2021
"365","00-0029413",140,0.00545086026808171,0.0222374763574081,0.000495532751643792,"Ben Jones","TEN","OL",2021
"366","00-0032626",603,0.00544567333405022,0.0220777393155252,0.000495061212186384,"Geronimo Allison","DET","WR",2021
"367","00-0032955",670,0.00542496411796439,0.0210418967992506,0.000493178556178581,"Kyler Fackrell","LAC","LB",2021
"368","00-0035327",1446,0.00540264900829742,0.0205594890924234,0.00049114990984522,"C.J. Moore","DET","DB",2021
"369","00-0033886",914,0.00538158778876008,0.0199904585224923,0.000489235253523644,"T.J. Watt","PIT","LB",2021
"370","00-0029630",161,0.00536691819922851,0.020713305699331,0.000487901654475319,"Michael Brockers","DET","DL",2021
"371","00-0034594",1159,0.00535769998350302,0.021974492049257,0.000487063634863911,"A.J. Moore","HOU","DB",2021
"372","00-0029597",155,0.00535198716623498,0.0216796861447997,0.000486544287839544,"Justin Tucker","BAL","K",2021
"373","00-0029263",133,0.00533575987015093,0.0212469435159187,0.00048506907910463,"Russell Wilson","SEA","QB",2021
"374","00-0029632",162,0.0053244095670893,0.0208225412337231,0.000484037233371754,"Mohamed Sanu","SF","WR",2021
"375","00-0036081",1719,0.00527994249487886,0.0203309419997044,0.000479994772261714,"Broderick Washington","BAL","DL",2021
"376","00-0036530",2010,0.00527867785349636,0.0214124493496649,0.000479879804863306,"Mark Gilbert","DET","DB",2021
"377","00-0033868",897,0.0052713052395692,0.0201394410937811,0.000479209567233563,"Myles Garrett","CLE","DL",2021
"378","00-0035189",1366,0.00523500294052321,0.0214109260627013,0.000475909358229383,"Matthew Wright","JAX","K",2021
"379","00-0032210",514,0.00523282640475121,0.021400771352584,0.000475711491341019,"Frank Clark","KC","DL",2021
"380","00-0035215",1372,0.00521376790144729,0.0213401546758247,0.000473978900131572,"Deonte Harris","NO","WR",2021
"381","00-0036613",2050,0.00519744643764731,0.0201660046764318,0.00047249513069521,"Jaylen Waddle","MIA","WR",2021
"382","00-0029822",182,0.00518213640547742,0.0216512217234133,0.000471103309588856,"Brandon McManus","DEN","K",2021
"383","00-0034856",1276,0.00516386212824668,0.0214616070610711,0.000469442011658789,"Denzel Ward","CLE","DB",2021
"384","00-0034297",1039,0.005163166477365,0.0205024695660492,0.000469378770669545,"Byron Pringle","KC","WR",2021
"385","00-0032939",663,0.00514894287494771,0.0207690391307626,0.000468085715904337,"Vonn Bell","CIN","DB",2021
"386","00-0031938",457,0.00512052418045411,0.0209835829667339,0.0004655021982231,"Carl Davis","NE","DL",2021
"387","00-0036553",2019,0.00512017332798778,0.0209617570173914,0.000465470302544344,"Carlos Basham","BUF","DL",2021
"388","00-0028171",103,0.00511996359332032,0.0201987187311067,0.000465451235756393,"Lawrence Guy","NE","DL",2021
"389","00-0036795",2145,0.00511966817297949,0.0212411282095652,0.000465424379361772,"Jake Curhan","SEA","OL",2021
"390","00-0033553",831,0.0051060252929452,0.0200162373220025,0.000464184117540473,"James Conner","ARI","RB",2021
"391","00-0026300",29,0.0051046440367725,0.0218151904058199,0.0004640585487975,"Josh Johnson","BAL","QB",2021
"392","00-0031308",340,0.00506339735240101,0.0216712807154806,0.000460308850218274,"Kevin Pierre-Louis","HOU","LB",2021
"393","00-0032763",622,0.00503397466173297,0.0211577839020586,0.000457634060157543,"Austin Johnson","NYG","DL",2021
"394","00-0036620",2057,0.00495161623141295,0.0209049205600024,0.00045014693012845,"D'Wayne Eskridge","SEA","WR",2021
"395","00-0031503",384,0.00493623827326006,0.0210395191759427,0.000448748933932733,"Jameis Winston","NO","QB",2021
"396","00-0033862",895,0.00489683750346811,0.0215412585506278,0.000445167045769829,"Zane Gonzalez","CAR","K",2021
"397","00-0031285",335,0.00488296584056062,0.0213332520244581,0.000443905985505511,"Devonta Freeman","BAL","RB",2021
"398","00-0036854",2167,0.00485026069459468,0.0204903438356311,0.000440932790417699,"Evan McPherson","CIN","K",2021
"399","00-0034829",1257,0.00481798319412826,0.0208116816044398,0.000437998472193478,"Mike Gesicki","MIA","TE",2021
"400","00-0033065",707,0.00481483993569142,0.0216086101856468,0.000437712721426492,"Le'Raven Clark","PHI","OL",2021
"401","00-0026625",33,0.00480847774851638,0.0215590592601816,0.000437134340774216,"Brian Hoyer","NE","QB",2021
"402","00-0034115",991,0.00479183324799908,0.0205550033315393,0.000435621204363553,"Jeffery Wilson","SF","RB",2021
"403","00-0036370",1915,0.00475378526239603,0.0215141868077404,0.000432162296581458,"Joshua Kelley","LAC","RB",2021
"404","00-0029000",120,0.0047411172383037,0.0203680177102956,0.000431010658027609,"Cole Beasley","BUF","WR",2021
"405","00-0036356",1902,0.0047294990335061,0.0197327402557838,0.000429954457591464,"Isaiah Simmons","ARI","LB",2021
"406","00-0034351",1061,0.00472061214730379,0.0208434036950068,0.000429146558845799,"Dallas Goedert","PHI","TE",2021
"407","00-0032780",634,0.00471766158297219,0.020929751737034,0.000428878325724744,"Jordan Howard","PHI","RB",2021
"408","00-0027940",72,0.00470990742681295,0.0200849712490181,0.000428173402437541,"Von Miller","LA","LB",2021
"409","00-0032135",492,0.0046888747522321,0.0211762172137978,0.000426261341112009,"Jesse James","CHI","TE",2021
"410","00-0033784",877,0.00467058175588691,0.0204875946587267,0.000424598341444265,"Eddie Jackson","CHI","DB",2021
"411","00-0033215",744,0.00466941038599482,0.0214228765070684,0.000424491853272257,"Cyril Grayson","TB","WR",2021
"412","00-0036199",1766,0.00465609988262228,0.020684418423173,0.000423281807511116,"Geno Stone","BAL","DB",2021
"413","00-0036503",1998,0.00464016866046005,0.0213469106942263,0.000421833514587277,"Hamsah Nasirildeen","NYJ","LB",2021
"414","00-0033752",870,0.00460622222476265,0.0217038094880633,0.000418747474978423,"Storm Norton","LAC","OL",2021
"415","00-0031357",353,0.00460292476218492,0.0215073957571644,0.000418447705653175,"C.J. Goodwin","DAL","DB",2021
"416","00-0034994",1320,0.00459579695857424,0.0213986812850043,0.000417799723506749,"Olisaemeka Udoh","MIN","OL",2021
"417","00-0034652",1174,0.00459344705810483,0.0218459089825037,0.000417586096191349,"Cameron Batson","TEN","WR",2021
"418","00-0032786",639,0.0045633703874748,0.0210843733706204,0.0004148518534068,"Marqui Christian","CHI","DB",2021
"419","00-0031610",418,0.00455995642866203,0.0208364956359351,0.00041454149351473,"Darren Waller","LV","TE",2021
"420","00-0034164",1007,0.00449399414325627,0.021245707605237,0.000408544922114206,"Trenton Cannon","SF","RB",2021
"421","00-0032401",557,0.00448878916685873,0.0214287415253409,0.000408071742441703,"De'Vondre Campbell","GB","LB",2021
"422","00-0030615",265,0.00447780846415368,0.021771139555127,0.000407073496741244,"James Winchester","KC","LS",2021
"423","00-0031544",387,0.00446766402800357,0.0215714915057294,0.000406151275273052,"Amari Cooper","DAL","WR",2021
"424","00-0034145",999,0.00446382670451244,0.0221563805871446,0.000405802427682949,"Chris Lammons","KC","DB",2021
"425","00-0033547",826,0.00445765663153502,0.0198120232676543,0.000405241511957729,"Zach Cunningham","TEN","LB",2021
"426","00-0034867",1280,0.00444630103818382,0.0202616450660839,0.000404209185289438,"Malik Turner","DAL","WR",2021
"427","00-0035835",1638,0.00443696572115862,0.0219817090804085,0.000403360520105329,"Nathan Cottrell","JAX","RB",2021
"428","00-0035140",1351,0.00442952335132832,0.0207380000922159,0.000402683941029847,"Mecole Hardman","KC","WR",2021
"429","00-0031595",413,0.00442398242768056,0.0211352619668916,0.000402180220698233,"Michael Burton","KC","RB",2021
"430","00-0036350",1898,0.00438245839503499,0.0213790466263969,0.000398405308639545,"Kenny Willekes","MIN","DL",2021
"431","00-0034842",1268,0.00438211487404883,0.0205687858972415,0.000398374079458984,"Taven Bryan","JAX","DL",2021
"432","00-0033591",848,0.00436593966391901,0.0209569518243003,0.000396903605810819,"Noah Brown","DAL","WR",2021
"433","00-0036306",1857,0.00435910763961617,0.0209397606147011,0.000396282512692379,"Daniel Thomas","JAX","DB",2021
"434","00-0032766",624,0.00435626202937568,0.0210707283574159,0.000396023820852335,"Jason Spriggs","ATL","OL",2021
"435","00-0033912",935,0.00434445255235508,0.0204511746797414,0.00039495023203228,"Jordan Willis","SF","DL",2021
"436","00-0034161",1004,0.00432314396085378,0.0221914526721193,0.000393013087350343,"Daniel Carlson","LV","K",2021
"437","00-0033481",806,0.0043127314309453,0.0205237838134635,0.0003920664937223,"Marcus Kemp","KC","WR",2021
"438","00-0034782",1228,0.00431141011209354,0.0212342700526474,0.000391946373826686,"Harrison Phillips","BUF","DL",2021
"439","00-0033290",762,0.00431025707084984,0.0211061434684832,0.00039184155189544,"Jermaine Eluemunor","LV","OL",2021
"440","00-0035217",1374,0.0043097234729316,0.0203815983242456,0.000391793042993782,"Benny Snell","PIT","RB",2021
"441","00-0036944",2242,0.0042947147155957,0.0209152889458853,0.0003904286105087,"Jaycee Horn","CAR","DB",2021
"442","00-0029592",154,0.00428356917586107,0.0216470896759402,0.000389415379623734,"Kevin Zeitler","BAL","OL",2021
"443","00-0030648",266,0.00427231330154158,0.0202646220730164,0.000388392118321961,"Alejandro Villanueva","BAL","OL",2021
"444","00-0031581",407,0.00425193501605428,0.0201357197984419,0.000386539546914025,"Mark Glowinski","IND","OL",2021
"445","00-0034274",1031,0.00424483643647438,0.0216614302014163,0.000385894221497671,"Parry Nickerson","MIN","DB",2021
"446","00-0029799",181,0.00424172029593238,0.0206340528618822,0.000385610935993853,"Lerentee McCray","JAX","DL",2021
"447","00-0029193",127,0.00423014475806108,0.0207745588799736,0.000384558614369189,"Bruce Irvin","CHI","LB",2021
"448","00-0030561",255,0.00422536218478723,0.0207654294280494,0.000384123834980657,"Lane Johnson","PHI","OL",2021
"449","00-0034833",1261,0.00420811363579189,0.0208424546761798,0.00038255578507199,"Isaiah Wynn","NE","OL",2021
"450","00-0034803",1241,0.00416558207193357,0.0211629987514889,0.000378689279266688,"Joseph Noteboom","LA","OL",2021
"451","00-0036376",1920,0.00416157335748702,0.020540462665977,0.000378324850680638,"Tyler Biadasz","DAL","OL",2021
"452","00-0027648",48,0.00413285733292595,0.0200659648375727,0.000375714302993269,"Rodger Saffold","TEN","OL",2021
"453","00-0036442",1978,0.00412094753452285,0.0212670978165726,0.000374631594047532,"Joe Burrow","CIN","QB",2021
"454","00-0030883",282,0.00409070541641787,0.0226724472163488,0.000371882310583442,"Josh Mauro","ARI","DL",2021
"455","00-0033783",876,0.00405982164004765,0.0213454928239039,0.000369074694549786,"Ahkello Witherspoon","PIT","DB",2021
"456","00-0034381",1086,0.00405903544647856,0.0203474796184953,0.000369003222407142,"Josh Sweat","PHI","DL",2021
"457","00-0036616",2053,0.00402882118522786,0.0210599794290115,0.000366256471384351,"Christian Darrisaw","MIN","OL",2021
"458","00-0032211",515,0.00402566011520818,0.0205214867683035,0.000365969101382562,"Tyler Lockett","SEA","WR",2021
"459","00-0030573",260,0.00401830286463861,0.0208503780766512,0.000365300260421692,"Sheldon Richardson","MIN","DL",2021
"460","00-0030070",203,0.00401235635402189,0.0219147924180657,0.000364759668547445,"John Jenkins","MIA","DL",2021
"461","00-0036235",1793,0.00400161016968694,0.0212691135053232,0.000363782742698813,"Shaquille Quarterman","JAX","LB",2021
"462","00-0035603",1532,0.00399436863771889,0.0206954295689246,0.000363124421610808,"Kendall Blanton","LA","TE",2021
"463","00-0035414",1485,0.00397634437490979,0.0204699211922702,0.000361485852264527,"Jalen Guyton","LAC","WR",2021
"464","00-0033699",862,0.00397269599585392,0.0200676401391446,0.000361154181441265,"Austin Ekeler","LAC","RB",2021
"465","00-0031353",352,0.00394665831050474,0.0205428911110814,0.000358787119136795,"Michael Schofield","LAC","OL",2021
"466","00-0031553",394,0.00394600420163777,0.0209156347958088,0.000358727654694343,"Benardrick McKinney","NYG","LB",2021
"467","00-0035408",1481,0.0039350638372538,0.0219550661135341,0.000357733076113981,"Nick Moore","BAL","LS",2021
"468","00-0034193",1014,0.00393031777438189,0.0208458677556771,0.000357301615852899,"Kevin Rader","PIT","TE",2021
"469","00-0034278",1034,0.00393012335978211,0.0200388548758874,0.000357283941798374,"Tremon Smith","HOU","DB",2021
"470","00-0034680",1185,0.00392582766235241,0.0209904108392912,0.00035689342385022,"Armani Watts","KC","DB",2021
"471","00-0034285",1037,0.00392374801411681,0.0210685156991985,0.00035670436491971,"Zach Sieler","MIA","DL",2021
"472","00-0034277",1033,0.003923744097933,0.020758212934283,0.000356704008903,"DeShon Elliott","BAL","DB",2021
"473","00-0027686",52,0.00392246490801775,0.0225310556213103,0.000356587718910705,"Corey Peters","ARI","DL",2021
"474","00-0035698",1595,0.0039132140420802,0.0205170101396643,0.0003557467310982,"Chuma Edoga","NYJ","OL",2021
"475","00-0035272",1417,0.0039058993731633,0.0191609546865255,0.000355081761196664,"Andrew Van Ginkel","MIA","LB",2021
"476","00-0035681",1582,0.00389190451332403,0.0205542848191065,0.000353809501211276,"Mike Edwards","TB","DB",2021
"477","00-0034414",1108,0.00388992866789058,0.0217927901967224,0.000353629878899144,"Boston Scott","PHI","RB",2021
"478","00-0033943",955,0.00388287041910348,0.0205341202689745,0.000352988219918498,"Josh Reynolds","DET","WR",2021
"479","00-0034855",1275,0.00384626014580164,0.020610206859203,0.000349660013254694,"Baker Mayfield","CLE","QB",2021
"480","00-0035190",1367,0.00383017861010409,0.0217711404039682,0.000348198055464009,"A.J. Cole","LV","P",2021
"481","00-0032889",656,0.00381309777218047,0.0206163081076098,0.000346645252016406,"A'Shawn Robinson","LA","DL",2021
"482","00-0036314",1864,0.00381264799549212,0.0209540184163653,0.000346604363226556,"Markus Bailey","CIN","LB",2021
"483","00-0025630",18,0.00380960418261829,0.0216479980803493,0.0003463276529653,"Clark Harris","CIN","LS",2021
"484","00-0036641",2077,0.00380289118417885,0.0216549411556993,0.000345717380379896,"Richard LeCounte","CLE","DB",2021
"485","00-0036664",2097,0.00380032767893614,0.0223047835695015,0.00034548433444874,"William Bradley-King","WAS","DL",2021
"486","00-0032053",469,0.00379547665931537,0.0204197133085763,0.000345043332665033,"Brandon Scherff","WAS","OL",2021
"487","00-0032164",505,0.0037895460446428,0.0198792273388783,0.000344504185876618,"Arik Armstead","SF","DL",2021
"488","00-0029239",129,0.00378123818012771,0.0214860725379069,0.000343748925466155,"Brandon Bolden","NE","RB",2021
"489","00-0035956",1674,0.00376351840569328,0.0209787681014104,0.000342138036881207,"Giovanni Ricci","CAR","RB",2021
"490","00-0035521",1505,0.00371128186336729,0.021807456306202,0.000337389260306117,"Derick Roberson","TEN","LB",2021
"491","00-0036359",1905,0.00370143077741484,0.020971799928188,0.000336493707037712,"Damon Arnette","KC","DB",2021
"492","00-0035664",1568,0.00369827546822721,0.021482340956972,0.000336206860747928,"Darrell Henderson","LA","RB",2021
"493","00-0035289",1428,0.00368957678188419,0.0222368461166495,0.000335416071080381,"Gardner Minshew","PHI","QB",2021
"494","00-0031549",391,0.0036885336400358,0.0207004781604761,0.000335321240003254,"Nelson Agholor","NE","WR",2021
"495","00-0030455",238,0.00364489079320691,0.0203882106965043,0.000331353708473355,"Star Lotulelei","BUF","DL",2021
"496","00-0032762",621,0.00364411878803353,0.0200912787660333,0.000331283526184866,"Chris Jones","KC","DL",2021
"497","00-0029653",165,0.00364314817872157,0.0216844336644484,0.000331195288974688,"Fletcher Cox","PHI","DL",2021
"498","00-0036559",2025,0.00357052533931078,0.0224612074369597,0.000324593212664616,"Shaun Wade","NE","DB",2021
"499","00-0030382",228,0.0035559670884963,0.0197285166121593,0.000323269735317845,"Kevin Minter","TB","LB",2021
"500","00-0031402",371,0.00355433689545198,0.0202711312286847,0.00032312153595018,"Zack Martin","DAL","OL",2021
"501","00-0036972",2265,0.00355127678520424,0.0206135400460923,0.000322843344109476,"Mac Jones","NE","QB",2021
"502","00-0035544",1518,0.00354008711921627,0.0214626629636599,0.000321826101746934,"Tom Kennedy","DET","WR",2021
"503","00-0033681",860,0.00351496489369506,0.0207634688600698,0.000319542263063188,"Keelan Cole","NYJ","WR",2021
"504","00-0032399",556,0.0035131247894631,0.0207797266594256,0.000319374980860282,"Miles Killebrew","PIT","DB",2021
"505","00-0036291",1844,0.00351077020811943,0.0213491855391773,0.000319160928010857,"Marlon Davidson","ATL","DL",2021
"506","00-0035757",1615,0.00350681206140295,0.0224364493581526,0.000318801096491178,"Jacob Bobenmoyer","DEN","LS",2021
"507","00-0034253",1024,0.00349957711271817,0.0210385474083401,0.00031814337388347,"Dontrell Hilliard","TEN","RB",2021
"508","00-0032578",599,0.00349541663573134,0.0238554596693357,0.000317765148702849,"Woodrow Hamilton","NYG","DL",2021
"509","00-0035306",1439,0.00348136463725224,0.0221996692129701,0.000316487694295658,"Darryl Johnson","CAR","DL",2021
"510","00-0036327",1875,0.00347597563565222,0.0211860987523265,0.000315997785059293,"Ezra Cleveland","MIN","OL",2021
"511","00-0036999",2290,0.00346762842812609,0.02128434579076,0.000315238948011463,"Anthony Schwartz","CLE","WR",2021
"512","00-0035697",1594,0.00346636323093987,0.0201544942867794,0.000315123930085442,"Germaine Pratt","CIN","LB",2021
"513","00-0034372",1077,0.00345284193426122,0.0223316672893887,0.000313894721296474,"Joel Iyiegbuniwe","CHI","LB",2021
"514","00-0033548",827,0.0034423515603066,0.0205641827630694,0.000312941050936963,"Chidobe Awuzie","CIN","DB",2021
"515","00-0035632",1543,0.00342968942029491,0.0208232648735705,0.000311789947299537,"Amani Hooker","TEN","DB",2021
"516","00-0032848",649,0.00342127896842307,0.0217282539230173,0.000311025360765734,"Kevin Peterson","ARI","DB",2021
"517","00-0027723",57,0.0034185072733916,0.0206960451115685,0.000310773388490146,"Al Woods","SEA","DL",2021
"518","00-0031433",378,0.00340843507753377,0.0202400565790954,0.000309857734321252,"Billy Turner","GB","OL",2021
"519","00-0035166",1362,0.00339885436764585,0.020236597269605,0.000308986760695078,"Azeez Al-Shaair","SF","LB",2021
"520","00-0024417",13,0.00339410865375495,0.0209902811733562,0.000308555332159541,"Sam Koch","BAL","P",2021
"521","00-0035316",1444,0.00339149674293196,0.0215036577328011,0.000308317885721088,"Kaden Elliss","NO","LB",2021
"522","00-0036783",2142,0.00337804276738354,0.0218419866005879,0.000307094797034867,"Ryan McCollum","DET","OL",2021
"523","00-0031558",399,0.00336284617884688,0.0219982132066809,0.00030571328898608,"Maxx Williams","ARI","TE",2021
"524","00-0036412",1952,0.00336260190570457,0.0215699900789594,0.000305691082336779,"K.J. Hamler","DEN","WR",2021
"525","00-0031565",401,0.00335985443301126,0.0206516351545187,0.000305441312091933,"Danielle Hunter","MIN","DL",2021
"526","00-0036615",2052,0.00335054859737684,0.0210232990511958,0.000304595327034258,"Caleb Farley","TEN","DB",2021
"527","00-0036984",2275,0.00334331255147575,0.0210867101001864,0.000303937504679614,"Trey Sermon","SF","RB",2021
"528","00-0031041",293,0.00332859934565936,0.0201679623016817,0.000302599940514488,"Kyle Fuller","DEN","DB",2021
"529","00-0036957",2255,0.00332221477907747,0.0220117926708322,0.000302019525370679,"Drew Dalman","ATL","OL",2021
"530","00-0035386",1472,0.00331989826610577,0.0203505521297806,0.000301808933282343,"T.J. Edwards","PHI","LB",2021
"531","00-0030092",209,0.00331069235095923,0.0230118731907338,0.000300972031905384,"Sam Martin","DEN","P",2021
"532","00-0036220",1780,0.00329779031726165,0.019674058585525,0.000299799119751059,"Derrick Brown","CAR","DL",2021
"533","00-0032387",548,0.00329594394595336,0.0209222746212041,0.000299631267813942,"Jarran Reed","KC","DL",2021
"534","00-0033702",863,0.00329157518449786,0.0214843945302226,0.000299234107681624,"Younghoe Koo","ATL","K",2021
"535","00-0036344",1892,0.00328054220274681,0.0218386022532735,0.000298231109340619,"Harrison Hand","MIN","DB",2021
"536","00-0032149",499,0.00327487660247603,0.0207373598745557,0.000297716054770548,"John Miller","CAR","OL",2021
"537","00-0036236",1794,0.00327346052221294,0.0213747711295,0.000297587320201176,"Nick Harris","CLE","OL",2021
"538","00-0028339",110,0.00326263439798425,0.0214058475462202,0.000296603127089477,"Mario Addison","BUF","DL",2021
"539","00-0034383",1088,0.00325617041223495,0.019545393041865,0.000296015492021359,"Dalton Schultz","DAL","TE",2021
"540","00-0029647",164,0.00325178702622723,0.0216749839467533,0.000295617002384294,"Kyle Wilber","LV","LB",2021
"541","00-0035341",1452,0.00323359332304421,0.0218556496629266,0.000293963029367655,"Trenton Irwin","CIN","WR",2021
"542","00-0032952",668,0.00322985750207565,0.0208879437866102,0.000293623409279605,"Noah Spence","CIN","DL",2021
"543","00-0027862",63,0.00322838802975634,0.0209702211600803,0.00029348982088694,"Tyson Alualu","PIT","DL",2021
"544","00-0034158",1001,0.00320575651134964,0.0203866932200661,0.000291432410122694,"Brian O'Neill","MIN","OL",2021
"545","00-0034781",1227,0.003189574356272,0.0216701124696192,0.000289961305115636,"Dorian O'Daniel","KC","LB",2021
"546","00-0036343",1891,0.00317565712031471,0.0210366205498513,0.000288696101846792,"Khaleke Hudson","WAS","LB",2021
"547","00-0031921",451,0.00316337887895376,0.0217185463508624,0.000287579898086706,"Kendall Lamm","TEN","OL",2021
"548","00-0033946",957,0.00315616725801702,0.0221259095216059,0.000286924296183365,"David Sharpe","BAL","OL",2021
"549","00-0036212",1773,0.00315067722434865,0.0207525169062368,0.000286425202213514,"Tua Tagovailoa","MIA","QB",2021
"550","00-0034780",1226,0.00314225689076281,0.0204831179728511,0.000285659717342074,"Isaac Yiadom","GB","DB",2021
"551","00-0025565",16,0.00313867643573643,0.0220892081477916,0.000285334221430585,"Nick Folk","NE","K",2021
"552","00-0029144",125,0.00313566190055116,0.0202145656814879,0.000285060172777378,"Tom Compton","SF","OL",2021
"553","00-0026158",23,0.00311502942095553,0.0216984927180539,0.000283184492814139,"Joe Flacco","NYJ","QB",2021
"554","00-0033895",922,0.00311390697029701,0.0206534593476749,0.000283082451845183,"Gerald Everett","SEA","TE",2021
"555","00-0032107",484,0.00311323983346581,0.0213923911834634,0.000283021803042346,"Angelo Blackson","CHI","DL",2021
"556","00-0034445",1123,0.00311003011117618,0.0218021244838095,0.000282730010106925,"Nick Gates","NYG","OL",2021
"557","00-0028037",93,0.00307950047386086,0.0213140201683882,0.000279954588532806,"K.J. Wright","LV","LB",2021
"558","00-0036127",1734,0.00307876037062885,0.0217220618754534,0.000279887306420805,"Nigel Warrior","SEA","DB",2021
"559","00-0034736",1201,0.00307334718445444,0.0219550733870511,0.000279395198586767,"Steven Parker","NYG","DB",2021
"560","00-0032543",594,0.00305620441084239,0.0212786312764223,0.000277836764622036,"Alex Erickson","CAR","WR",2021
"561","00-0035252",1402,0.00305314288771146,0.0221599852082836,0.000277558444337406,"Yodny Cajuste","NE","OL",2021
"562","00-0034778",1224,0.0030300620953305,0.0205918357358083,0.000275460190484591,"Carlton Davis","TB","DB",2021
"563","00-0035830",1635,0.00302613650453226,0.0218126734025015,0.000275103318593842,"J.R. Reed","NYG","DB",2021
"564","00-0036228",1786,0.00302398180800993,0.0219464587711468,0.000274907437091812,"Dezmon Patmon","IND","WR",2021
"565","00-0029528",143,0.00301658164416658,0.0211039096015356,0.000274234694924234,"Bobby Massie","DEN","OL",2021
"566","00-0031176",313,0.00299747398213347,0.0211435011064392,0.000272497634739406,"Nevin Lawson","JAX","DB",2021
"567","00-0033571",841,0.00299638644263018,0.0195260765460879,0.000272398767511834,"Matt Milano","BUF","LB",2021
"568","00-0034813",1249,0.00299473930813986,0.0220954176965659,0.000272249028012715,"Justin Lawler","LA","LB",2021
"569","00-0031346",349,0.00297672355942337,0.0207553628225985,0.000270611232674852,"Justin Ellis","BAL","DL",2021
"570","00-0036704",2116,0.00296564189198331,0.020636935987918,0.000269603808362119,"Caleb Johnson","CHI","LB",2021
"571","00-0036465",1985,0.00295675852083703,0.0210819891641117,0.000268796229167002,"Aaron Patrick","DEN","LB",2021
"572","00-0036266",1820,0.00295598386256174,0.020234743446378,0.000268725805687431,"Jordan Elliott","CLE","DL",2021
"573","00-0035423",1488,0.00295546480228924,0.0206849757395356,0.000268678618389931,"Daniel Wise","WAS","DL",2021
"574","00-0034759",1212,0.00293856780738872,0.0207082591594986,0.000267142527944429,"Kolton Miller","LV","OL",2021
"575","00-0029606",157,0.0029369263301012,0.0212331398060261,0.000266993302736472,"Harrison Smith","MIN","DB",2021
"576","00-0030946",283,0.00291529114781858,0.0208032451172275,0.000265026467983507,"Kerry Hyder","SEA","DL",2021
"577","00-0032147",498,0.00290792797775983,0.0211990217744463,0.000264357088887258,"Ty Sambrailo","TEN","OL",2021
"578","00-0027103",40,0.00290145713301121,0.0220786944150671,0.000263768830273746,"Kevin Huber","CIN","P",2021
"579","00-0034382",1087,0.00289834107843668,0.0214632360442532,0.000263485552585152,"Marquis Haynes","CAR","DL",2021
"580","00-0034198",1015,0.00289741453770906,0.0207430474138119,0.000263401321609914,"Trent Sieg","LV","LS",2021
"581","00-0036330",1878,0.00289391759686224,0.0207453227809334,0.000263083417896567,"Cameron Dantzler","MIN","DB",2021
"582","00-0036434",1973,0.00288930100136915,0.0200446056031955,0.000262663727397195,"Chapelle Russell","JAX","LB",2021
"583","00-0031260",326,0.00288794922676836,0.02128102764406,0.000262540838797123,"Logan Thomas","WAS","TE",2021
"584","00-0036755",2134,0.00287704086170018,0.0216685442650364,0.000261549169245471,"Jaret Patterson","WAS","RB",2021
"585","00-0034753",1209,0.00286363515701971,0.0209793229713289,0.000260330468819973,"Mark Andrews","BAL","TE",2021
"586","00-0034371",1076,0.0028508692905198,0.0221551954794918,0.0002591699355018,"Da'Shawn Hand","TEN","DL",2021
"587","00-0036002",1693,0.00284468164555116,0.0204151480448157,0.000258607422322833,"Elijah Riley","NYJ","DB",2021
"588","00-0035094",1338,0.00284076058976469,0.0206286074544465,0.000258250962705881,"Bryan Mone","SEA","DL",2021
"589","00-0036288",1841,0.00283009958006841,0.0208258019997571,0.000257281780006219,"Yetur Gross-Matos","CAR","DL",2021
"590","00-0034682",1187,0.00282652843294803,0.021215671229816,0.000256957130268002,"Genard Avery","PHI","LB",2021
"591","00-0036906",2209,0.00281333571399147,0.0206671929247554,0.000255757792181043,"Khalil Herbert","CHI","RB",2021
"592","00-0035247",1398,0.00279677992952878,0.0216058538256826,0.000254252720866253,"Trysten Hill","DAL","DL",2021
"593","00-0034203",1016,0.00279253927507794,0.0196833594657409,0.000253867206825267,"Darious Williams","LA","DB",2021
"594","00-0033376",784,0.00277926433628093,0.0209891683835446,0.000252660394207357,"Patrick Ricard","BAL","RB",2021
"595","00-0034522",1145,0.0027779452582328,0.0222184771688455,0.000252540478021164,"KC McDermott","JAX","OL",2021
"596","00-0034796",1235,0.00277641653181236,0.0204459680665796,0.000252401502892033,"Lamar Jackson","BAL","QB",2021
"597","00-0031258",325,0.0027652472225079,0.0214637652944109,0.000251386111137082,"Jeremiah Attaochu","CHI","LB",2021
"598","00-0037002",2293,0.00275656252892552,0.0199223795655975,0.000250596593538684,"Landon Dickerson","PHI","OL",2021
"599","00-0033929",947,0.0027292476924472,0.0199592422292558,0.000248113426586109,"Montravius Adams","PIT","DL",2021
"600","00-0032426",569,0.00271074443314182,0.0222529398504622,0.000246431312103802,"Alex Collins","SEA","RB",2021
"601","00-0034496",1138,0.00270623967449731,0.0205602244650563,0.000246021788590665,"Sean Chandler","CAR","DB",2021
"602","00-0033511",810,0.00269801132865932,0.0206254165397817,0.000245273757150847,"Sean Harlow","ARI","OL",2021
"603","00-0036401",1942,0.00269465768891561,0.0211541230535687,0.00024496888081051,"Shaun Bradley","PHI","LB",2021
"604","00-0035992",1689,0.00267726400472641,0.0208907074084917,0.00024338763679331,"Trystan Colon","BAL","OL",2021
"605","00-0026190",26,0.00267656050900638,0.0200628529858128,0.000243323682636943,"Calais Campbell","BAL","DL",2021
"606","00-0036633",2070,0.0026740953200025,0.0214184490268089,0.000243099574545681,"Caden Sterns","DEN","DB",2021
"607","00-0032116",486,0.00264889266258484,0.0214017600079984,0.000240808423871349,"Darius Philon","LV","DL",2021
"608","00-0032560",595,0.00264474835144358,0.0212326605996439,0.000240431668313053,"Charles Washington","ARI","DB",2021
"609","00-0036389",1930,0.00263824855561566,0.0206817669203725,0.000239840777783242,"Jalen Hurts","PHI","QB",2021
"610","00-0034602",1161,0.0026332312873406,0.0207123939814587,0.000239384662485509,"Bunmi Rotimi","WAS","DL",2021
"611","00-0036874",2182,0.00263089602393772,0.0208336307612713,0.00023917236581252,"Patrick Surtain","DEN","DB",2021
"612","00-0036182",1757,0.00262562749918167,0.0197358026679491,0.000238693409016516,"Nick Westbrook-Ikhine","TEN","WR",2021
"613","00-0035192",1368,0.00262144298065922,0.0217348355866934,0.000238312998241747,"Joey Slye","WAS","K",2021
"614","00-0034750",1206,0.00261975568514359,0.0215225794367511,0.000238159607740326,"Rashaad Penny","SEA","RB",2021
"615","00-0036369",1914,0.00260671915369866,0.0206333104216456,0.00023697446851806,"John Simpson","LV","OL",2021
"616","00-0035665",1569,0.0025997166978031,0.0199349856005093,0.000236337881618464,"David Long","LA","DB",2021
"617","00-0027696",55,0.00258733972992312,0.0218906031659924,0.000235212702720284,"Jimmy Graham","CHI","TE",2021
"618","00-0036899",2203,0.00258081277826607,0.0214730613801882,0.000234619343478734,"Aaron Robinson","NYG","DB",2021
"619","00-0032641",605,0.00254852691151826,0.0207384337343629,0.000231684264683479,"Donte Deayon","LA","DB",2021
"620","00-0034810",1247,0.00253732000614915,0.0218083753139636,0.000230665455104468,"Sebastian Joseph","LA","DL",2021
"621","00-0036505",2000,0.00253500567439821,0.0212570422223966,0.000230455061308928,"Jonathan Marshall","NYJ","DL",2021
"622","00-0033292",763,0.00253247820706656,0.0222629269672723,0.000230225291551506,"Trent Taylor","CIN","WR",2021
"623","00-0031615",419,0.00252456799552621,0.0215972357843414,0.000229506181411473,"Christian Ringo","NO","DL",2021
"624","00-0031235",317,0.00252094514767595,0.0207127770032694,0.000229176831606904,"Odell Beckham","LA","WR",2021
"625","00-0036430",1970,0.00251545565884507,0.0236956523272304,0.000228677787167734,"Khalil Davis","PIT","DL",2021
"626","00-0036105",1728,0.00251316664484591,0.0219177844819242,0.000228469694985992,"Nick Leverett","TB","OL",2021
"627","00-0036363",1909,0.0025115637917745,0.0207708943244847,0.000228323981070409,"Josh Jones","ARI","OL",2021
"628","00-0034514",1141,0.00250690869080373,0.0212856690834613,0.000227900790073066,"Levi Wallace","BUF","DB",2021
"629","00-0035375",1467,0.0024745860185579,0.0217614094401985,0.000224962365323445,"Brandon Rusnak","JAX","DB",2021
"630","00-0036643",2079,0.00245516314134463,0.020299589459127,0.000223196649213149,"K.J. Britt","TB","LB",2021
"631","00-0036956",2254,0.00245195703252222,0.0199173376613777,0.000222905184774747,"Darren Hall","ATL","DB",2021
"632","00-0034404",1104,0.00244557414756108,0.0211698046463422,0.000222324922505553,"Kylie Fitts","ARI","LB",2021
"633","00-0035255",1405,0.00243780233208207,0.0219398604204676,0.000221618393825642,"Kendall Sheffield","ATL","DB",2021
"634","00-0036149",1742,0.00243690762568559,0.0197701330934531,0.000221537056880508,"Javelin Guidry","NYJ","DB",2021
"635","00-0034019",974,0.0024339309875305,0.0208895409480411,0.000221266453411864,"Malik McDowell","CLE","DL",2021
"636","00-0032637",604,0.00242947841315966,0.0198585116656936,0.000220861673923606,"Andrew Adams","TB","DB",2021
"637","00-0036628",2065,0.00242940536321034,0.0202405457727067,0.000220855033019122,"John Bates","WAS","TE",2021
"638","00-0036546",2015,0.00241430385997552,0.0229882383676082,0.000219482169088683,"Trill Williams","MIA","DB",2021
"639","00-0034367",1074,0.00241367475673984,0.0218654572129755,0.00021942497788544,"Nyheim Hines","IND","RB",2021
"640","00-0036157",1745,0.00240722414800602,0.0212220296699411,0.000218838558909638,"Kristian Welch","BAL","LB",2021
"641","00-0036587",2044,0.0024004923748997,0.0216499530624746,0.000218226579536336,"Ar'Darius Washington","BAL","DB",2021
"642","00-0032969",677,0.00239933551944351,0.0214030247664311,0.000218121410858501,"Nick Martin","LV","OL",2021
"643","00-0036672",2104,0.00239474039022973,0.021373438174776,0.000217703671839066,"Grant Stuard","TB","LB",2021
"644","00-0031367",359,0.00239035678381736,0.0215940285899531,0.000217305162165215,"Gabe Jackson","SEA","OL",2021
"645","00-0036618",2055,0.0023824586544017,0.0206204665260732,0.000216587150400155,"Samuel Cosmi","WAS","OL",2021
"646","00-0033928",946,0.00235602111408228,0.0208840200663662,0.000214183737643844,"Jourdan Lewis","DAL","DB",2021
"647","00-0034378",1083,0.0023346635756131,0.022234109444915,0.000212242143237554,"Ito Smith","DAL","RB",2021
"648","00-0035860",1646,0.0023248293297222,0.0207679449847789,0.000211348120883836,"Tony Jones","NO","RB",2021
"649","00-0034317",1043,0.00232365121619766,0.0217327866898762,0.000211241019654333,"Keith Kirkwood","CAR","WR",2021
"650","00-0032871",651,0.00231632813004208,0.0217751521280508,0.00021057528454928,"Antwaun Woods","IND","DL",2021
"651","00-0035662",1566,0.0022892947407259,0.0200856561485372,0.000208117703702354,"Marquise Brown","BAL","WR",2021
"652","00-0035985",1687,0.00228621446100977,0.0221371553659506,0.000207837678273615,"David Moa","NYG","DL",2021
"653","00-0036663",2096,0.00227302851822846,0.0217266742734075,0.000206638956202587,"Matt Farniok","DAL","OL",2021
"654","00-0031856",444,0.00227111898933462,0.0215279573566674,0.000206465362666783,"Brandon King","NE","LB",2021
"655","00-0036431",1971,0.0022711169292964,0.0211463051118187,0.000206465175390582,"Jordan Fuller","LA","DB",2021
"656","00-0029701",174,0.00226126805161061,0.0214148757954385,0.000205569822873692,"Ryan Tannehill","TEN","QB",2021
"657","00-0027114",41,0.00223498798330268,0.021492924820347,0.000203180725754789,"Thomas Morstead","ATL","P",2021
"658","00-0036908",2211,0.00223491288427615,0.0230024933308019,0.000203173898570559,"Thomas Graham","CHI","DB",2021
"659","00-0035156",1359,0.00223004681449342,0.0213904932179401,0.000202731528590311,"Jack Fox","DET","P",2021
"660","00-0026189",25,0.00222852026691392,0.0210200211079796,0.000202592751537629,"DeSean Jackson","LV","WR",2021
"661","00-0029608",159,0.00222753079824481,0.0219701984709865,0.000202502799840437,"T.Y. Hilton","IND","WR",2021
"662","00-0035246",1397,0.00221067963977872,0.0206025917346122,0.00020097087634352,"J.J. Arcega-Whiteside","PHI","WR",2021
"663","00-0036076",1716,0.00220679695274989,0.021879925246259,0.000200617904795445,"Chauncey Rivers","GB","LB",2021
"664","00-0035400",1476,0.00220023756259799,0.0232152025256204,0.000200021596599817,"Keaton Sutherland","CIN","OL",2021
"665","00-0034168",1009,0.0021976957480725,0.0211735275257793,0.000199790522552045,"Hunter Bradley","GB","LS",2021
"666","00-0035218",1375,0.00219697788784859,0.0218933309952653,0.00019972526253169,"Sutton Smith","LV","RB",2021
"667","00-0031624",422,0.00218479828770364,0.0222208989845268,0.000198618026154877,"Edmond Robinson","SEA","LB",2021
"668","00-0033281",756,0.0021745859880327,0.0212326791025279,0.0001976896352757,"Marlon Humphrey","BAL","DB",2021
"669","00-0036654",2087,0.00217109514588958,0.021026775039685,0.000197372285989961,"Demetric Felton","CLE","RB",2021
"670","00-0032520",590,0.00216816734129602,0.0215041460769272,0.000197106121936001,"Rashod Hill","MIN","OL",2021
"671","00-0036568",2033,0.00214935644312043,0.0204785551051239,0.000195396040283676,"Roy Lopez","HOU","DL",2021
"672","00-0036250",1806,0.00214701466700637,0.0215789801321004,0.000195183151546033,"Tyler Davis","GB","TE",2021
"673","00-0033217",745,0.00213937485167125,0.0207136666754521,0.000194488622879205,"Mo Alie-Cox","IND","TE",2021
"674","00-0034139",997,0.00213737716286897,0.0220718442679404,0.00019430701480627,"Emmanuel Ellerbee","ATL","LB",2021
"675","00-0026858",34,0.00211677283973646,0.0232287302166883,0.000192433894521496,"Graham Gano","NYG","K",2021
"676","00-0029901",188,0.00211322915976603,0.0212554978969245,0.000192111741796912,"Rashaan Melvin","CAR","DB",2021
"677","00-0033926",944,0.00210061026033475,0.0207536195682613,0.000190964569121341,"Shaquill Griffin","JAX","DB",2021
"678","00-0027981",89,0.00209018626197622,0.0212214497387055,0.000190016932906929,"Kyle Rudolph","NYG","TE",2021
"679","00-0035519",1504,0.00207012550602556,0.021358916169899,0.000188193227820505,"Isaiah Mack","BAL","DL",2021
"680","00-0032496",587,0.00206164410361935,0.0207051597244906,0.000187422191238122,"Matthias Farley","TEN","DB",2021
"681","00-0036080",1718,0.00206145513019549,0.0213777457214706,0.000187405011835953,"Easop Winston","NO","WR",2021
"682","00-0032379",541,0.00205920760377858,0.0203904645686111,0.000187200691252598,"Eli Apple","CIN","DB",2021
"683","00-0035437",1492,0.00204888896654672,0.0213699307983911,0.000186262633322429,"Roderic Teamer","LV","DB",2021
"684","00-0032222",519,0.00204878467588597,0.0208181430853998,0.00018625315235327,"D.J. Humphries","ARI","OL",2021
"685","00-0027914",70,0.00204695796213601,0.0206458032398228,0.00018608708746691,"Andrew Sendejo","IND","DB",2021
"686","00-0032043",467,0.00204611952213996,0.0208486376807846,0.000186010865649087,"Quinton Spain","CIN","OL",2021
"687","00-0033927",945,0.00204545824642764,0.0208478314292011,0.00018595074967524,"John Johnson","CLE","DB",2021
"688","00-0036551",2017,0.00203739890855099,0.0228673533901677,0.000185218082595545,"Aaron Banks","SF","OL",2021
"689","00-0036562",2028,0.00201767473578817,0.0221482474166232,0.000183424975980743,"Daelin Hayes","BAL","LB",2021
"690","00-0034067",979,0.00201717859223233,0.0222277541442369,0.000183379872021121,"Scott Daly","DET","LS",2021
"691","00-0036882",2189,0.00201675851728319,0.0222138622363221,0.000183341683389381,"Jabril Cox","DAL","LB",2021
"692","00-0036277",1831,0.00200475519398855,0.0218756294183328,0.000182250472180777,"Quintez Cephus","DET","WR",2021
"693","00-0035641",1550,0.00200384830350531,0.0213765953624154,0.000182168027591392,"Casey Tucker","PHI","OL",2021
"694","00-0034597",1160,0.00200339851455479,0.0215695182256795,0.000182127137686799,"Ryan Nall","CHI","RB",2021
"695","00-0036888",2194,0.00199757031297578,0.0202913568578099,0.000181597301179616,"Damar Hamlin","BUF","DB",2021
"696","00-0029869",183,0.00199275915876136,0.0216676542133401,0.00018115992352376,"Will Compton","LV","LB",2021
"697","00-0031369",360,0.00198745100558497,0.0200468952121641,0.000180677364144088,"Brandon Linder","JAX","OL",2021
"698","00-0034659",1175,0.00198696105766058,0.0226230167625107,0.000180632823423689,"Sharif Finch","NO","LB",2021
"699","00-0034887",1283,0.00198606585005176,0.0209875904158972,0.000180551440913796,"A.J. Johnson","DEN","LB",2021
"700","00-0028924",117,0.00198460735284188,0.0206370946149276,0.000180418850258353,"Tashaun Gipson","CHI","DB",2021
"701","00-0033344",778,0.00196949244542341,0.0219697029078221,0.000179044767765764,"Hardy Nickerson","HOU","LB",2021
"702","00-0032450",580,0.00196740406962817,0.0220287877003352,0.000178854915420743,"Dwayne Washington","NO","RB",2021
"703","00-0036292",1845,0.0019659343402543,0.0204521463448661,0.000178721303659482,"Jaylon Johnson","CHI","DB",2021
"704","00-0034515",1142,0.00195615075659321,0.020225120698577,0.000177831886963019,"Dee Delaney","TB","DB",2021
"705","00-0034350",1060,0.0019542953578966,0.020562133448638,0.000177663214354237,"Uchenna Nwosu","LAC","LB",2021
"706","00-0034590",1157,0.00195421856890485,0.0219171868927044,0.000177656233536804,"Frank Herron","CAR","DL",2021
"707","00-0029567",149,0.00195152969388516,0.0213784225917746,0.000177411790353196,"Nick Foles","CHI","QB",2021
"708","00-0030228",220,0.00194413071493466,0.0214806846996173,0.000176739155903151,"A.J. Bouye","CAR","DB",2021
"709","00-0034114",990,0.00191490505302294,0.0205443852941167,0.00017408227754754,"Coleman Shelton","LA","OL",2021
"710","00-0035133",1348,0.00191447496702892,0.0207790717603444,0.000174043178820811,"Keisean Nixon","LV","DB",2021
"711","00-0026035",21,0.00190536772684614,0.0220556025372425,0.000173215247895103,"Danny Amendola","HOU","WR",2021
"712","00-0033222",747,0.00190195344385522,0.0216914668242362,0.000172904858532293,"Deante Burton","DAL","DB",2021
"713","00-0036198",1765,0.00189246900675665,0.0202076091574211,0.000172042636977878,"Michael Onwenu","NE","OL",2021
"714","00-0035295",1434,0.00189227625825543,0.019854051145857,0.000172025114386857,"Isaiah Prince","CIN","OL",2021
"715","00-0032380",542,0.00188906545274079,0.0218434018962811,0.000171733222976436,"Laremy Tunsil","HOU","OL",2021
"716","00-0029681",171,0.00187828711592937,0.0210381719834331,0.000170753374175397,"Janoris Jenkins","TEN","DB",2021
"717","00-0032151",501,0.00185939950686198,0.020721392769969,0.000169036318805634,"Jon Feliciano","BUF","OL",2021
"718","00-0034173",1011,0.00185093088440259,0.0222991334844687,0.000168266444036599,"Eddy Pineiro","NYJ","K",2021
"719","00-0032203",511,0.00184871694327552,0.0212986180981944,0.000168065176661411,"Andrus Peat","NO","OL",2021
"720","00-0031039",291,0.00184793301518503,0.0208897282756959,0.000167993910471366,"James Ferentz","NE","OL",2021
"721","00-0036045",1710,0.00184755740765545,0.0212352012587327,0.000167959764332314,"Cam Gill","TB","LB",2021
"722","00-0031933",453,0.00184193638692997,0.0204032812252212,0.000167448762448179,"Leonard Williams","NYG","DL",2021
"723","00-0036989",2280,0.00180362940466447,0.0212619791819011,0.000163966309514952,"Malcolm Koonce","LV","DL",2021
"724","00-0036586",2043,0.00177002295081552,0.0226690448147478,0.000160911177346865,"Barrington Wade","DEN","LB",2021
"725","00-0027875",67,0.00175891332433746,0.0220040196821175,0.000159901211303406,"Bryan Bulaga","LAC","OL",2021
"726","00-0035928",1666,0.00174967959467448,0.0220424063856323,0.000159061781334043,"Eric Banks","DET","DL",2021
"727","00-0035562",1521,0.00173536939303261,0.0217385084276784,0.000157760853912055,"Jesper Horsted","CHI","TE",2021
"728","00-0036396",1937,0.0017325385595534,0.0208042127053515,0.000157503505413946,"Jack Driscoll","PHI","OL",2021
"729","00-0034639",1170,0.00171446966030455,0.0217739044617365,0.000155860878209505,"Mike Ford","DEN","DB",2021
"730","00-0031054",297,0.00170492943946461,0.0205092028661998,0.000154993585405873,"DaQuan Jones","CAR","DL",2021
"731","00-0036901",2205,0.00168862906450396,0.0205545027529497,0.000153511733136723,"Eric Stokes","GB","DB",2021
"732","00-0036418",1958,0.0016870212995184,0.0221725490760858,0.000153365572683491,"Zack Baun","NO","LB",2021
"733","00-0033580",845,0.00168201967033286,0.0214514164455594,0.000152910879121169,"Tanner Vallejo","ARI","LB",2021
"734","00-0035680",1581,0.00167968091573537,0.0210391731255597,0.000152698265066852,"Quincy Williams","NYJ","LB",2021
"735","00-0036391",1932,0.001673632705047,0.0217557157662917,0.000152148427731546,"Lloyd Cushenberry","DEN","OL",2021
"736","00-0036256",1812,0.00166047213997853,0.0233562213374628,0.000150952012725321,"Colton McKivitz","SF","OL",2021
"737","00-0034941",1294,0.00165795605572455,0.0212850264473128,0.000150723277793141,"Mitch Wishnowsky","SF","P",2021
"738","00-0034577",1153,0.00165637687962037,0.0228036151523592,0.000150579716329125,"Kyle Allen","WAS","QB",2021
"739","00-0036727",2123,0.00164629362202948,0.0206911310641895,0.000149663056548134,"Adam Prentice","NO","RB",2021
"740","00-0036298",1851,0.00164096598450134,0.0207923389214718,0.000149178725863758,"Akeem Davis-Gaither","CIN","LB",2021
"741","00-0031389",369,0.00163697111041559,0.0228660870833617,0.000148815555492326,"Lamarcus Joyner","NYJ","DB",2021
"742","00-0035227",1379,0.00162208532684377,0.0220454338522222,0.000147462302440343,"P.J. Locke","DEN","DB",2021
"743","00-0036534",2011,0.00161581197941744,0.0216517207719044,0.000146891998128859,"Shane Zylstra","DET","TE",2021
"744","00-0035743",1613,0.00161205976809331,0.021495104599158,0.000146550888008483,"Brett Toth","PHI","OL",2021
"745","00-0033094",718,0.00160191347158402,0.0225088173323626,0.000145628497416729,"Marvin Hall","ATL","WR",2021
"746","00-0035646",1555,0.00160156129562514,0.021259076217749,0.000145596481420467,"Sione Takitaki","CLE","LB",2021
"747","00-0034379",1084,0.0015847552517627,0.0220353881504542,0.000144068659251154,"Rick Leonard","ATL","OL",2021
"748","00-0033567",838,0.00158168211465616,0.0215979594219689,0.00014378928315056,"Brian Hill","SF","RB",2021
"749","00-0034533",1148,0.0015773784852467,0.022416109280293,0.000143398044113336,"Trayvon Henderson","CIN","DB",2021
"750","00-0034578",1154,0.00156875479264717,0.021434612216089,0.000142614072058834,"Reggie Bonnafon","CAR","RB",2021
"751","00-0036577",2040,0.00156453574571634,0.0216861399593887,0.000142230522337849,"Jack Anderson","PHI","OL",2021
"752","00-0036028",1701,0.00155651561668706,0.0214974674087538,0.000141501419698824,"Francis Bernard","DAL","LB",2021
"753","00-0035286",1426,0.00154402351975713,0.0214417414710824,0.000140365774523375,"Cole Holcomb","WAS","LB",2021
"754","00-0036056",1712,0.00153114972369484,0.0216675188891418,0.000139195429426804,"Gavin Heslop","SEA","DB",2021
"755","00-0036368",1913,0.00152764524976173,0.0214370341533353,0.00013887684088743,"Tanner Muse","SEA","LB",2021
"756","00-0032233",521,0.0015227080298611,0.0221585349946399,0.000138428002714646,"Cedric Ogbuehi","TEN","OL",2021
"757","00-0035315",1443,0.00149540032892756,0.022917922080025,0.00013594548444796,"Cortez Broughton","KC","DL",2021
"758","00-0023252",6,0.00149045317944064,0.0214594065704591,0.000135495743585513,"Robbie Gould","SF","K",2021
"759","00-0036482",1991,0.0014659764938864,0.0216610040287658,0.000133270590353309,"Mike Strachan","IND","WR",2021
"760","00-0035269",1415,0.00146248787752047,0.0221645838449308,0.000132953443410952,"Matt Gay","LA","K",2021
"761","00-0030585",264,0.00145814293468382,0.0216096050547963,0.00013255844860762,"Justin Pugh","ARI","OL",2021
"762","00-0034777",1223,0.00145440064948748,0.0210350763949022,0.000132218240862498,"D.J. Chark","JAX","WR",2021
"763","00-0035248",1399,0.00143263133156558,0.0200425359890718,0.000130239211960508,"Zach Allen","ARI","DL",2021
"764","00-0036870",2180,0.00143144581673986,0.0222779145261158,0.000130131437885441,"Buddy Johnson","PIT","LB",2021
"765","00-0035311",1442,0.00142945681456783,0.0208651171173852,0.000129950619506167,"Myles Gaskin","MIA","RB",2021
"766","00-0034058",978,0.00141873724812507,0.0222915073611937,0.000128976113465915,"Jon Toth","WAS","OL",2021
"767","00-0033303",771,0.00141274843437689,0.0214029802381532,0.000128431675852444,"Harrison Butker","KC","K",2021
"768","00-0033854",890,0.00140685252425813,0.0213484811264501,0.000127895684023467,"Dare Ogunbowale","JAX","RB",2021
"769","00-0031957",461,0.00140542716705912,0.0199787213247734,0.000127766106096284,"Rakeem Nunez-Roches","TB","DL",2021
"770","00-0036705",2117,0.00140292052569187,0.0217259240974642,0.000127538229608352,"Sam Kamara","CHI","LB",2021
"771","00-0036411",1951,0.00140259397026671,0.0201238709178532,0.000127508542751519,"Antoine Winfield","TB","DB",2021
"772","00-0035891",1654,0.00139825039460074,0.0207708288580642,0.000127113672236431,"Cody White","PIT","WR",2021
"773","00-0031062",299,0.00139207942663744,0.0218644659889256,0.000126552675148858,"James White","NE","RB",2021
"774","00-0036596",2046,0.0013896559624261,0.0208602928002736,0.000126332360220555,"Robert Jones","MIA","OL",2021
"775","00-0035547",1519,0.00138123523197386,0.021364102944351,0.000125566839270351,"Joe Fortson","KC","TE",2021
"776","00-0036764",2135,0.00137995156086647,0.0213968444707345,0.000125450141896952,"Tyler Coyle","DAL","DB",2021
"777","00-0032455",582,0.00137775163510274,0.0215284141686765,0.000125250148645704,"Austin Blythe","KC","OL",2021
"778","00-0033956",965,0.0013708627290993,0.0211727600236659,0.000124623884463573,"Marquel Lee","LV","LB",2021
"779","00-0035927",1665,0.00136785298794796,0.0205767253917159,0.000124350271631633,"Breiden Fehoko","LAC","DL",2021
"780","00-0037008",2299,0.00136547061721261,0.0206442294997793,0.000124133692473873,"Ambry Thomas","SF","DB",2021
"781","00-0032734",615,0.00135073047871188,0.0202980135680901,0.000122793679882898,"Brennan Scarlett","MIA","LB",2021
"782","00-0035073",1335,0.0013500016278791,0.0212711659142775,0.000122727420716282,"Jonathan Harris","DEN","DL",2021
"783","00-0030706",271,0.00134210962444944,0.021159607133887,0.00012200996585904,"Josh Andrews","ATL","OL",2021
"784","00-0036439",1975,0.00133943003846647,0.0218053994679075,0.000121766367133316,"Tyrie Cleveland","DEN","WR",2021
"785","00-0036297",1850,0.00133721909901452,0.0212550394074222,0.000121565372637684,"Darrynton Evans","TEN","RB",2021
"786","00-0036725",2122,0.00132931668226878,0.0219531217150355,0.000120846971115344,"Andre Mintze","DEN","LB",2021
"787","00-0035624",1537,0.00132289947897792,0.0221665991198001,0.000120263588997993,"N'Keal Harry","NE","WR",2021
"788","00-0030294",224,0.00131898258409845,0.0221227846988356,0.000119907507645314,"Tony Jefferson","BAL","DB",2021
"789","00-0032150",500,0.00131827105686518,0.0215861487490043,0.00011984282335138,"Steven Nelson","PHI","DB",2021
"790","00-0035261",1409,0.00131579208214945,0.0207488066264578,0.000119617462013586,"Tony Pollard","DAL","RB",2021
"791","00-0028899",115,0.00131298871024932,0.0216906592501095,0.000119362610022665,"Rodney McLeod","PHI","DB",2021
"792","00-0032319",535,0.00130229616471196,0.0217610431353422,0.00011839056042836,"Ross Travis","DET","TE",2021
"793","00-0035760",1617,0.00130147002721392,0.021509230464473,0.000118315457019447,"Jacques Patrick","BAL","RB",2021
"794","00-0036816",2152,0.00129372506061316,0.0229140112158824,0.000117611369146651,"Riley Patterson","DET","K",2021
"795","00-0036959",2256,0.00129094467732991,0.0214813748289585,0.000117358607029992,"Michael Bandy","LAC","WR",2021
"796","00-0028278",107,0.00128557330892583,0.0215649159375628,0.000116870300811439,"Josh Bynes","BAL","LB",2021
"797","00-0024243",11,0.00127752110320389,0.0208632841119293,0.000116138282109444,"Marcedes Lewis","GB","TE",2021
"798","00-0036352",1900,0.00127460229034945,0.0227985798534367,0.000115872935486314,"Carlos Davis","PIT","DL",2021
"799","00-0033347",779,0.00127162535478165,0.0206415795192807,0.00011560230498015,"Josh Tupou","CIN","DL",2021
"800","00-0034957",1300,0.00126780436497747,0.0223693165885874,0.000115254942270679,"Calvin Anderson","DEN","OL",2021
"801","00-0035513",1502,0.00126755359654269,0.0212350124833911,0.000115232145140245,"Amani Bledsoe","TEN","DL",2021
"802","00-0034345",1055,0.00126744040494454,0.0214612218418665,0.000115221854994958,"Frank Ragnow","DET","OL",2021
"803","00-0035705",1601,0.00125219905112713,0.0203197932417589,0.000113836277375194,"Jalen Thompson","ARI","DB",2021
"804","00-0032162",504,0.00124678490951691,0.0218125176597678,0.000113344082683355,"T.Y. McGill","MIN","DL",2021
"805","00-0033592",849,0.00124638390304761,0.0202637195040556,0.000113307627549783,"Kyle Fuller","SEA","OL",2021
"806","00-0031838",441,0.00124437044804549,0.0211114549697435,0.000113124586185954,"James Vaughters","ATL","LB",2021
"807","00-0036032",1704,0.00123876507016671,0.0206895402025606,0.000112615006378791,"Sean McKeon","DAL","TE",2021
"808","00-0033266",752,0.00123742645881113,0.0218428136294202,0.000112493314437375,"JoJo Natson","CLE","WR",2021
"809","00-0032701",612,0.00123714687017941,0.0225646459911445,0.000112467897289037,"Jake Brendel","SF","OL",2021
"810","00-0028008",92,0.00123102017205604,0.021302392670461,0.000111910924732367,"Justin Houston","BAL","LB",2021
"811","00-0036194",1761,0.0012272486166818,0.0232071680068113,0.000111568056061982,"Devin Asiasi","NE","TE",2021
"812","00-0031334",346,0.00121640707662836,0.0224154036336692,0.00011058246151167,"Jason Verrett","SF","DB",2021
"813","00-0026982",36,0.00121571551427202,0.0219311993807788,0.000110519592206547,"Andre Smith","BAL","OL",2021
"814","00-0036598",2047,0.00120155997084547,0.0213264413252323,0.000109232724622316,"Landen Akers","LA","WR",2021
"815","00-0034977",1310,0.00119999367860024,0.0207068792992625,0.000109090334418204,"Sheldrick Redwine","MIA","DB",2021
"816","00-0032897",660,0.0011835131485454,0.0211396220865866,0.000107592104413219,"Derek Watt","PIT","RB",2021
"817","00-0036251",1807,0.00116872682237192,0.0217493295590571,0.000106247892942901,"Zack Moss","BUF","RB",2021
"818","00-0036214",1775,0.00115592609779099,0.021963764710509,0.000105084190708272,"Tyre Phillips","BAL","OL",2021
"819","00-0032204",512,0.00114959801434206,0.0231130003038557,0.000104508910394733,"Chaz Green","PIT","OL",2021
"820","00-0031806",440,0.00114669757420344,0.0220469748794905,0.000104245234018494,"Malcolm Brown","MIA","RB",2021
"821","00-0033546",825,0.00113872118865738,0.0208547068824112,0.000103520108059762,"Dalvin Tomlinson","MIN","DL",2021
"822","00-0031636",425,0.00113327760950525,0.0210992267159231,0.00010302523722775,"Justin Hamilton","DEN","DL",2021
"823","00-0033127",736,0.00112558332750971,0.0223214501879816,0.000102325757046337,"Will Fuller","MIA","WR",2021
"824","00-0033045",693,0.00112467165837741,0.0205376968729064,0.00010224287803431,"Ezekiel Elliott","DAL","RB",2021
"825","00-0031273",331,0.00109881751627082,0.0212408513884122,9.98925014791651e-05,"Cameron Brate","TB","TE",2021
"826","00-0036420",1960,0.00109643725421146,0.0214093469556394,9.96761140192239e-05,"McTelvin Agim","DEN","DL",2021
"827","00-0036213",1774,0.00109202975837467,0.0214520456393345,9.92754325795151e-05,"Raekwon Davis","MIA","DL",2021
"828","00-0036571",2036,0.00108928762212505,0.0217249264673791,9.9026147465914e-05,"Marquez Stevenson","BUF","WR",2021
"829","00-0035527",1508,0.0010859822089727,0.0236326060735477,9.87256553611546e-05,"Andy Isabella","ARI","WR",2021
"830","00-0035363",1464,0.00108265907000368,0.0214353516481705,9.8423551818516e-05,"Joe Giles-Harris","BUF","LB",2021
"831","00-0036629",2066,0.00107318290860695,0.0207624982474924,9.75620826006322e-05,"Camryn Bynum","MIN","DB",2021
"832","00-0034461",1129,0.00107245771897113,0.0218713815880438,9.7496156270103e-05,"Bruce Hector","DET","DL",2021
"833","00-0034747",1205,0.00106627218886989,0.0222573518047133,9.69338353518082e-05,"Marcell Ateman","LV","WR",2021
"834","00-0036247",1803,0.00106185862653979,0.0206149437138419,9.65326024127083e-05,"Freddie Swain","SEA","WR",2021
"835","00-0035480",1497,0.0010521354277444,0.021513337217805,9.5648675249491e-05,"Malik Taylor","GB","WR",2021
"836","00-0035117",1343,0.00104144493528937,0.0228247444593045,9.46768122990336e-05,"Lester Cotton","LV","OL",2021
"837","00-0036853",2166,0.00103805133843034,0.0212255451292199,9.43683034936677e-05,"Tyree Gillespie","LV","DB",2021
"838","00-0029692",173,0.00103383511135801,0.0211563277597863,9.39850101234559e-05,"Bryan Anger","DAL","P",2021
"839","00-0035184",1364,0.00103304088950701,0.0224177195012898,9.39128081370007e-05,"Devine Ozigbo","NE","RB",2021
"840","00-0031923",452,0.00103183702406503,0.0215447229093451,9.38033658240934e-05,"Greg Mancz","MIA","OL",2021
"841","00-0031744",431,0.00102141707125535,0.0227619862238479,9.28560973868504e-05,"Matt LaCosse","NE","TE",2021
"842","00-0031584",409,0.00101421291450484,0.0205745341400374,9.22011740458947e-05,"Adrian Amos","GB","DB",2021
"843","00-0036289",1842,0.00101197435404259,0.0203444256080266,9.1997668549326e-05,"Ross Blacklock","HOU","DL",2021
"844","00-0031958",462,0.00100722853527281,0.0211167507855971,9.15662304793463e-05,"Austin Reiter","MIA","OL",2021
"845","00-0035147",1356,0.00100448336754124,0.0201953455600385,9.13166697764767e-05,"Rashad Fenton","KC","DB",2021
"846","00-0035952",1673,0.000998281466982308,0.0230654080257851,9.07528606347553e-05,"Mike Horton","CAR","OL",2021
"847","00-0036393",1934,0.000995992793414212,0.0211163102931894,9.0544799401292e-05,"Davion Taylor","PHI","LB",2021
"848","00-0036232",1790,0.000991936328118761,0.0204633018756204,9.01760298289782e-05,"Harrison Bryant","CLE","TE",2021
"849","00-0035222",1377,0.000984998402046976,0.0204626109205292,8.95453092769978e-05,"Zach Gentry","PIT","TE",2021
"850","00-0033526",814,0.000981646842306262,0.0205392116523071,8.9240622027842e-05,"Samaje Perine","CIN","RB",2021
"851","00-0032094",480,0.000970368537403067,0.021517269377984,8.8215321582097e-05,"Tyrell Adams","JAX","LB",2021
"852","00-0034960",1302,0.000966839805005002,0.0198417253475762,8.78945277277274e-05,"Jakobi Meyers","NE","WR",2021
"853","00-0036397",1938,0.000966653021577017,0.0215030068474404,8.78775474160924e-05,"Shane Lemieux","NYG","OL",2021
"854","00-0033199",743,0.000958893893983118,0.0208791063954753,8.71721721802835e-05,"Taybor Pepper","SF","LS",2021
"855","00-0034956",1299,0.000955845751361245,0.0212261904993332,8.68950683055678e-05,"Josh Watson","HOU","LB",2021
"856","00-0035384",1471,0.000952904255903023,0.0209058282897286,8.66276596275476e-05,"Iosua Opeta","PHI","OL",2021
"857","00-0034391",1095,0.000944289424952996,0.0209443528823815,8.58444931775451e-05,"Siran Neal","BUF","DB",2021
"858","00-0034766",1218,0.000936876606976718,0.0210297257354073,8.51706006342471e-05,"Christopher Herndon","MIN","TE",2021
"859","00-0036085",1722,0.000934518956362159,0.0212808481307712,8.49562687601963e-05,"Javin White","NYJ","LB",2021
"860","00-0031384",366,0.000931983513913059,0.0202016573680733,8.47257739920963e-05,"Richard Rodgers","PHI","TE",2021
"861","00-0034450",1126,0.000926621246286977,0.0209071096637827,8.42382951169979e-05,"Greg Joseph","MIN","K",2021
"862","00-0036812",2149,0.000922836314552488,0.0218096837722222,8.38942104138625e-05,"Tuf Borland","MIN","LB",2021
"863","00-0031052",296,0.00091794690855297,0.0213386186185623,8.34497189593609e-05,"Bashaud Breeland","ARI","DB",2021
"864","00-0031130",308,0.000911700445445885,0.0202922094206034,8.28818586768987e-05,"Christian Jones","CHI","LB",2021
"865","00-0035910",1662,0.00091083401681098,0.02220481404059,8.28030924373618e-05,"T.J. Smith","MIN","DL",2021
"866","00-0034366",1073,0.000902028180439096,0.0222544650168153,8.20025618580997e-05,"Keke Coutee","IND","WR",2021
"867","00-0036083",1720,0.000901148086341361,0.0214582203228656,8.19225533037601e-05,"Nick Bowers","LV","TE",2021
"868","00-0030332",226,0.000894627029756478,0.0205220582918834,8.13297299778616e-05,"Brett Maher","NO","K",2021
"869","00-0032592",601,0.000877625064254348,0.0206134978437872,7.97840967503953e-05,"Sharrod Neasman","LA","DB",2021
"870","00-0036234",1792,0.000868178391691844,0.02074528635852,7.89253083356222e-05,"Logan Stenberg","DET","OL",2021
"871","00-0033095",719,0.00086784914464537,0.021246395125183,7.88953767859427e-05,"Garrett Griffin","NO","TE",2021
"872","00-0036308",1859,0.000860816571064209,0.0216775414594104,7.82560519149281e-05,"Isaiah Coulter","CHI","WR",2021
"873","00-0029794",180,0.000858113057210755,0.0221697055308219,7.80102779282504e-05,"Daren Bates","ATL","LB",2021
"874","00-0035643",1552,0.000853208129037692,0.0203031418070782,7.75643753670629e-05,"Jeffery Simmons","TEN","DL",2021
"875","00-0035669",1573,0.000851144167524331,0.0210607687265328,7.73767425022119e-05,"Nick Scott","LA","DB",2021
"876","00-0035609",1534,0.000848133080870082,0.0221354052571759,7.71030073518256e-05,"Jake Gervase","LA","DB",2021
"877","00-0036711",2118,0.0008474276890381,0.0225052748833009,7.70388808216454e-05,"Charles Snowden","CHI","LB",2021
"878","00-0036215",1776,0.000840969272022435,0.0214951803794531,7.64517520020395e-05,"Danny Pinter","IND","OL",2021
"879","00-0035294",1433,0.000827221556678604,0.0213830398516186,7.52019596980549e-05,"Blessuan Austin","SEA","DB",2021
"880","00-0031017",288,0.000824131625724671,0.0219202320513665,7.4921056884061e-05,"Dakota Dozier","MIN","OL",2021
"881","00-0034751",1207,0.000781185662969135,0.0211829473824104,7.10168784517395e-05,"Josh Jackson","KC","DB",2021
"882","00-0036069",1715,0.000777740238664275,0.0222394339634423,7.07036580603887e-05,"Scottie Phillips","HOU","RB",2021
"883","00-0027224",44,0.000776262966489964,0.0201802463283779,7.05693605899968e-05,"Jonathan Weeks","HOU","LS",2021
"884","00-0034433",1116,0.000766344926307803,0.0211966010705852,6.96677205734366e-05,"Nick Bawden","NYJ","RB",2021
"885","00-0035260",1408,0.000763665523049312,0.0223426869447126,6.94241384590283e-05,"Renell Wren","CIN","DL",2021
"886","00-0030459",240,0.000762572605255051,0.0201923876132,6.93247822959137e-05,"Tyrann Mathieu","KC","DB",2021
"887","00-0034929",1291,0.00075311583006237,0.0219091868268653,6.84650754602155e-05,"Quinn Bailey","DEN","OL",2021
"888","00-0034858",1278,0.000743759216909931,0.0199213536725851,6.76144742645392e-05,"Terrell Edmunds","PIT","DB",2021
"889","00-0036425",1965,0.000743502165811285,0.0217235944399131,6.75911059828441e-05,"DeeJay Dallas","SEA","RB",2021
"890","00-0036703",2115,0.000739505839898797,0.0218554311989523,6.72278036271634e-05,"Brian Johnson","WAS","K",2021
"891","00-0035881",1650,0.00073479854827231,0.021543642983557,6.67998680247555e-05,"Yasir Durant","NE","OL",2021
"892","00-0036964",2260,0.000730002416311117,0.0199527724485507,6.63638560282833e-05,"Derrick Barnes","DET","LB",2021
"893","00-0035806",1626,0.000727659576294205,0.0214075668784338,6.61508705722004e-05,"Jamycal Hasty","SF","RB",2021
"894","00-0031156",311,0.000720789395285312,0.0200310570807799,6.55263086623011e-05,"Tyler Ott","SEA","LS",2021
"895","00-0032881",654,0.000718727345233713,0.0230546851151448,6.53388495667012e-05,"Tommylee Lewis","MIA","WR",2021
"896","00-0036519",2007,0.000718096681607206,0.0217955738749128,6.5281516509746e-05,"Matt Bushman","KC","TE",2021
"897","00-0031299",339,0.000717053239813664,0.0216667738949076,6.51866581648786e-05,"Jordan Matthews","SF","WR",2021
"898","00-0030562",256,0.000713647988909781,0.0216912748307683,6.48770899008892e-05,"Desmond Trufant","LV","DB",2021
"899","00-0032268",533,0.000711861867696517,0.0217780200239182,6.47147152451379e-05,"Marcus Mariota","LV","QB",2021
"900","00-0034376",1081,0.00071161531984338,0.019987737902253,6.46923018039436e-05,"Taron Johnson","BUF","DB",2021
"901","00-0036084",1721,0.000710277571083738,0.0228891815025917,6.45706882803398e-05,"Madre Harper","CAR","DB",2021
"902","00-0033936",951,0.00070834445266755,0.021836392044931,6.43949502425045e-05,"C.J. Beathard","JAX","QB",2021
"903","00-0030663",267,0.000704030595584119,0.0225211877508566,6.40027814167381e-05,"Willie Snead","CAR","WR",2021
"904","00-0036691",2110,0.000687958168484251,0.0224126901141003,6.25416516803865e-05,"Tory Carter","TEN","TE",2021
"905","00-0036382",1924,0.000673178533115115,0.0218818407015168,6.11980484650104e-05,"K.J. Hill","LAC","WR",2021
"906","00-0027701",56,0.000669444774435223,0.0202631142908764,6.08586158577475e-05,"Everson Griffen","MIN","DL",2021
"907","00-0036792",2144,0.000667926703921162,0.0221913883651607,6.07206094473784e-05,"Bryce Thompson","NO","DB",2021
"908","00-0031628",423,0.000651295191391825,0.020394143654226,5.92086537628932e-05,"Darryl Roberts","WAS","DB",2021
"909","00-0036305",1856,0.000650051219066011,0.0206453258247272,5.90955653696374e-05,"Trevis Gipson","CHI","LB",2021
"910","00-0036630",2067,0.000643878830000938,0.0203985042619347,5.85344390909944e-05,"Tylan Wallace","BAL","WR",2021
"911","00-0032971",679,0.000636762724990188,0.0205606826872137,5.78875204536535e-05,"Justin Simmons","DEN","DB",2021
"912","00-0036858",2170,0.000633285770678223,0.0220996689829232,5.75714336980202e-05,"Jalen Camp","HOU","WR",2021
"913","00-0033725",866,0.00063188093207817,0.0207286966472562,5.74437210980155e-05,"Corey Clement","DAL","RB",2021
"914","00-0036909",2212,0.000630781682341516,0.0211512757859259,5.73437893037742e-05,"Khyiris Tonga","CHI","DL",2021
"915","00-0036668",2100,0.000627314950623185,0.0227074104536718,5.7028631874835e-05,"Marquiss Spencer","DEN","DL",2021
"916","00-0035500",1499,0.000623693171733526,0.0227818381806181,5.66993792485024e-05,"Greg Dortch","ARI","WR",2021
"917","00-0033785",878,0.000621074714503609,0.0223149615120113,5.64613376821462e-05,"Zach Banner","PIT","OL",2021
"918","00-0034800",1239,0.000620991463051257,0.0205138046456559,5.64537693682961e-05,"B.J. Hill","CIN","DL",2021
"919","00-0029679",170,0.000613374115087115,0.0212352193066507,5.57612831897377e-05,"Brandon Brooks","PHI","OL",2021
"920","00-0033957",966,0.000612652338373125,0.021364783183888,5.56956671248296e-05,"Rodney Adams","CHI","WR",2021
"921","00-0033538",818,0.000604860813552495,0.0209152111611333,5.49873466865905e-05,"Garett Bolles","DEN","OL",2021
"922","00-0036988",2279,0.000603122148872006,0.021296071004786,5.48292862610915e-05,"Josh Palmer","LAC","WR",2021
"923","00-0029119",123,0.000601303041694043,0.0211232128329208,5.46639128812766e-05,"Derek Carrier","LV","TE",2021
"924","00-0031576",405,0.000600752742121574,0.0207615794596445,5.46138856474159e-05,"Za'Darius Smith","GB","LB",2021
"925","00-0034392",1096,0.000586516337785066,0.0211874600688133,5.33196670713696e-05,"Scott Quessenberry","LAC","OL",2021
"926","00-0033471",805,0.000584044380917321,0.0206469104421078,5.30949437197565e-05,"Isaiah Ford","MIA","WR",2021
"927","00-0033048",696,0.00058289012629771,0.0227946700123157,5.299001148161e-05,"Kavon Frazier","LV","DB",2021
"928","00-0036145",1741,0.000570376281012063,0.0214164412372711,5.18523891829148e-05,"Lawrence Cager","CLE","WR",2021
"929","00-0035202",1369,0.000564855681760659,0.0211899620073077,5.13505165236962e-05,"Del'Shawn Phillips","NYJ","LB",2021
"930","00-0030097",210,0.000564438192810966,0.0207628623971771,5.13125629828151e-05,"David Quessenberry","TEN","OL",2021
"931","00-0033469",804,0.000564149544381125,0.0217696659775272,5.12863222164659e-05,"Vincent Taylor","HOU","DL",2021
"932","00-0029764",179,0.000561628977343824,0.0213170103716658,5.10571797585294e-05,"Cody Davis","NE","DB",2021
"933","00-0034731",1199,0.000560858590512687,0.0209491763467344,5.09871445920625e-05,"Reginald McKenzie","BAL","OL",2021
"934","00-0035660",1565,0.000554292059031377,0.0213557283738037,5.03901871846706e-05,"Kahale Warring","JAX","TE",2021
"935","00-0035637",1546,0.000552071007506076,0.0206459899834736,5.01882734096433e-05,"Rock Ya-Sin","IND","DB",2021
"936","00-0035499",1498,0.000551615660995714,0.0215932986230888,5.01468782723376e-05,"Kyron Brown","DAL","DB",2021
"937","00-0031632",424,0.000542586888463829,0.021834896364693,4.9326080769439e-05,"Denzelle Good","LV","OL",2021
"938","00-0036736",2127,0.000533190403574612,0.0209811571445374,4.84718548704192e-05,"Kayode Awosika","PHI","OL",2021
"939","00-0035336",1451,0.000531928208692011,0.0219736563988711,4.83571098810919e-05,"Deion Calhoun","WAS","OL",2021
"940","00-0027872",66,0.000530455104683379,0.0207405779924051,4.82231913348527e-05,"Kareem Jackson","DEN","DB",2021
"941","00-0033788",880,0.000528003055237111,0.0217870753952499,4.80002777488283e-05,"Will Holden","DET","OL",2021
"942","00-0034646",1172,0.000527141568855736,0.0201449507822504,4.79219608050669e-05,"Brandon Powell","LA","WR",2021
"943","00-0034399",1101,0.000523882805544398,0.0213107294903625,4.76257095949452e-05,"Wyatt Teller","CLE","OL",2021
"944","00-0034395",1098,0.000518840056054066,0.0211950748269178,4.71672778230969e-05,"Daurice Fountain","KC","WR",2021
"945","00-0035901",1658,0.000517330805774983,0.0229005901941564,4.70300732522712e-05,"Jeff Cotton","JAX","WR",2021
"946","00-0036824",2153,0.00050938573235149,0.0219534783578791,4.63077938501354e-05,"Dorian Etheridge","ATL","LB",2021
"947","00-0033792",883,0.000509280160352031,0.021312428201518,4.62981963956392e-05,"Rudy Ford","JAX","DB",2021
"948","00-0034789",1231,0.000503877561310021,0.0204015399866907,4.58070510281837e-05,"Minkah Fitzpatrick","PIT","DB",2021
"949","00-0033059",704,0.000501630237934014,0.0218110208855656,4.56027489030922e-05,"T.J. Green","HOU","DB",2021
"950","00-0033659",857,0.000500322081599625,0.0209088915486059,4.54838255999659e-05,"Joseph Jones","TEN","LB",2021
"951","00-0033779",874,0.000499375616674022,0.0217995596059861,4.5397783334002e-05,"Dee Virgin","CHI","DB",2021
"952","00-0036768",2137,0.000490925508698725,0.0216232337236869,4.46295916998841e-05,"Jaquan Hardy","DAL","RB",2021
"953","00-0036438",1974,0.000489832696878813,0.021652355049348,4.45302451708012e-05,"Stephen Sullivan","CAR","TE",2021
"954","00-0034606",1162,0.000484253344557796,0.0213255164413307,4.4023031323436e-05,"Ryan Winslow","SF","P",2021
"955","00-0036799",2146,0.000477285551780736,0.0228157430781937,4.33895956164305e-05,"Josh Johnson","SEA","RB",2021
"956","00-0034502",1139,0.000476993295274592,0.022333609389469,4.33630268431447e-05,"Grant Haley","LA","DB",2021
"957","00-0036954",2252,0.000470401010095554,0.0206664729809343,4.27637281905049e-05,"Levi Onwuzurike","DET","DL",2021
"958","00-0031935",455,0.000468171661880562,0.0201366839328973,4.25610601709602e-05,"Preston Smith","GB","LB",2021
"959","00-0035633",1544,0.000466748124683977,0.0218252955526657,4.24316476985434e-05,"Corey Ballentine","DET","DB",2021
"960","00-0031071",301,0.000466393041258057,0.0226618799128563,4.23993673870961e-05,"Caraun Reid","LAC","DL",2021
"961","00-0035880",1649,0.00044712513270715,0.0224451404672347,4.06477393370137e-05,"Javaris Davis","MIA","DB",2021
"962","00-0037003",2294,0.000443299280179089,0.0216447571996427,4.02999345617353e-05,"Chazz Surratt","MIN","LB",2021
"963","00-0033579",844,0.000440056734721788,0.0203080559058417,4.00051577019807e-05,"Xavier Woods","MIN","DB",2021
"964","00-0033863",896,0.000436641193143638,0.0218340889616727,3.96946539221489e-05,"Dan Skipper","DET","OL",2021
"965","00-0031349",351,0.000427736528495957,0.020666660494443,3.88851389541779e-05,"Matt Paradis","CAR","OL",2021
"966","00-0028394",112,0.00042485445582614,0.0213202344397106,3.86231323478309e-05,"Jake McQuaide","DAL","LS",2021
"967","00-0034457",1128,0.000423701454823699,0.0222312619551755,3.85183140748817e-05,"Josh Adams","NO","RB",2021
"968","00-0033073",710,0.000418597434814146,0.0218230145146796,3.80543122558315e-05,"Emmanuel Ogbah","MIA","DL",2021
"969","00-0036734",2126,0.000398578974127854,0.0221391283061,3.62344521934413e-05,"Pooka Williams","CIN","RB",2021
"970","00-0036802",2148,0.000396001920793468,0.0205506386149816,3.6000174617588e-05,"Jon Rhattigan","SEA","LB",2021
"971","00-0031622",421,0.000385598140314734,0.0221341188195701,3.50543763922485e-05,"Bobby Hart","BUF","OL",2021
"972","00-0031263",327,0.000384400254768234,0.0218282035639432,3.49454777062031e-05,"Avery Williamson","DEN","LB",2021
"973","00-0036666",2099,0.000383060024585552,0.0210751789424325,3.48236385986865e-05,"Shaka Toney","WAS","DL",2021
"974","00-0036165",1749,0.000382336026430774,0.0218931326931501,3.47578205846158e-05,"Isaiah Hodgins","BUF","WR",2021
"975","00-0029963",191,0.0003813774240656,0.0217511891146307,3.46706749150546e-05,"Christopher Hubbard","CLE","OL",2021
"976","00-0036657",2090,0.000381299374711242,0.022127704217271,3.46635795192038e-05,"Seth Williams","DEN","WR",2021
"977","00-0036483",1992,0.000379175703264768,0.0223711415932304,3.44705184786153e-05,"Will Fries","IND","OL",2021
"978","00-0033798",885,0.000376171555842666,0.0217252103262012,3.41974141675151e-05,"Mason Schreck","CIN","TE",2021
"979","00-0028872",114,0.000373748798692049,0.021773446596828,3.3977163517459e-05,"Johnny Hekker","LA","P",2021
"980","00-0028180",104,0.000361535869317975,0.0220039826986701,3.2866897210725e-05,"Malcolm Smith","CLE","LB",2021
"981","00-0034250",1022,0.000354710934038822,0.0214919410992941,3.22464485489838e-05,"Christian DiLauro","TEN","OL",2021
"982","00-0035402",1477,0.000341459687438776,0.0209052628200066,3.10417897671615e-05,"Carl Granderson","NO","DL",2021
"983","00-0030565",258,0.000330905442509414,0.0208789505941605,3.00823129554012e-05,"Geno Smith","SEA","QB",2021
"984","00-0027691",54,0.000325179275140396,0.0216611905285264,2.95617522854905e-05,"Andre Roberts","LAC","WR",2021
"985","00-0029269",134,0.000325023271428358,0.0215667217066481,2.95475701298507e-05,"Travis Benjamin","SF","WR",2021
"986","00-0035102",1341,0.000323683245138047,0.0220673045603264,2.94257495580043e-05,"Brandon Dillon","NYJ","TE",2021
"987","00-0036034",1705,0.000320055301783481,0.0218937536554318,2.9095936525771e-05,"Aaron Parker","CAR","WR",2021
"988","00-0036523",2008,0.000318554980038555,0.0219252774315732,2.89595436398687e-05,"Trey Ragas","LV","RB",2021
"989","00-0035370",1465,0.000317238839153917,0.0221186062119296,2.88398944685379e-05,"Saivion Smith","DET","DB",2021
"990","00-0029738",177,0.000310523454049133,0.0214096524639476,2.82294049135575e-05,"Darren Fells","TB","TE",2021
"991","00-0033566",837,0.000306178497500437,0.0204555683803285,2.78344088636761e-05,"Desmond King","HOU","DB",2021
"992","00-0032381",543,0.000299399883483509,0.0204111394846171,2.72181712257735e-05,"Taylor Decker","DET","OL",2021
"993","00-0033052",699,0.000280930605167029,0.0206885899437486,2.55391459242753e-05,"Jaylon Smith","NYG","LB",2021
"994","00-0034438",1120,0.000279633837312882,0.0227666882457651,2.54212579375347e-05,"Logan Woodside","TEN","QB",2021
"995","00-0034836",1264,0.000274809316157749,0.0203348946046986,2.49826651052499e-05,"Braden Smith","IND","OL",2021
"996","00-0034131",995,0.000273026153536054,0.0226915516500571,2.48205594123686e-05,"Kurt Benkert","GB","QB",2021
"997","00-0032480",586,0.000268515382996665,0.0217687677253271,2.44104893633332e-05,"Eddie Yarbrough","MIN","DL",2021
"998","00-0032958",672,0.000263243126629966,0.0212671137083367,2.39311933299969e-05,"Will Parks","NYJ","DB",2021
"999","00-0033414",793,0.000261639816772245,0.0214905622709043,2.37854378883859e-05,"Eric Smith","ARI","OL",2021
"1000","00-0036013",1698,0.00026161957960524,0.0223952624988113,2.37835981459309e-05,"Arryn Siposs","PHI","P",2021
"1001","00-0033838",888,0.000258505740991914,0.0222415277066461,2.35005219083558e-05,"Trey Edmunds","PIT","RB",2021
"1002","00-0036106",1729,0.000257729540670435,0.0213533321740807,2.34299582427668e-05,"Parnell Motley","DET","DB",2021
"1003","00-0036204",1769,0.000254190869503609,0.0222982316314662,2.31082608639645e-05,"Lacale London","CHI","DL",2021
"1004","00-0031097",304,0.000251153704469972,0.0206168097346598,2.28321549518156e-05,"Terrance Mitchell","HOU","DB",2021
"1005","00-0032449",579,0.000249720910390558,0.0223751311894153,2.27019009445961e-05,"Lachlan Edwards","CAR","P",2021
"1006","00-0035265",1412,0.000238680518933762,0.0220982606830998,2.16982289939784e-05,"John Cominsky","ATL","DL",2021
"1007","00-0036373",1917,0.000237541163300754,0.0210776435322622,2.15946512091594e-05,"Rashard Lawrence","ARI","DL",2021
"1008","00-0033375",783,0.000237537176584962,0.0205760593305425,2.15942887804511e-05,"Tim Patrick","DEN","WR",2021
"1009","00-0036336",1884,0.000224942535350215,0.0216665484692436,2.04493213954741e-05,"Anthony McFarland","PIT","RB",2021
"1010","00-0036210",1772,0.000224314713959998,0.0221121631876976,2.03922467236362e-05,"Badara Traore","JAX","OL",2021
"1011","00-0036661",2094,0.000221454345217373,0.0213653238992052,2.01322132015793e-05,"Israel Mukuamu","DAL","DB",2021
"1012","00-0034449",1125,0.000219864299450998,0.0218862823415779,1.99876635864543e-05,"Buddy Howell","LA","RB",2021
"1013","00-0034999",1322,0.000218136899210933,0.0207026886418911,1.98306272009939e-05,"Ty Summers","GB","LB",2021
"1014","00-0034672",1178,0.000216330139617472,0.0210813923408372,1.96663763288611e-05,"Ethan Wolf","NO","TE",2021
"1015","00-0031799",438,0.000213316683401728,0.0208695005142343,1.93924257637935e-05,"Anthony Harris","PHI","DB",2021
"1016","00-0029672",169,0.000206623719796428,0.0209387103289589,1.8783974526948e-05,"Riley Reiff","CIN","OL",2021
"1017","00-0034993",1319,0.000206287088426247,0.0206759377796071,1.87533716751134e-05,"Marcus Epps","PHI","DB",2021
"1018","00-0031203",316,0.000202486014578446,0.0210087212623203,1.84078195071315e-05,"Cairo Santos","CHI","K",2021
"1019","00-0036863",2174,0.00020244053551636,0.0221415636386346,1.84036850469418e-05,"Chris Garrett","LA","LB",2021
"1020","00-0033467",803,0.00019858555450572,0.0222168219130495,1.80532322277927e-05,"Brian Allen","CLE","DB",2021
"1021","00-0035995",1691,0.000170781651691499,0.0222116548679171,1.55256046992272e-05,"Grayland Arnold","HOU","DB",2021
"1022","00-0034446",1124,0.000168163726984621,0.0209082533617618,1.52876115440565e-05,"Jalen Davis","CIN","DB",2021
"1023","00-0036229",1787,0.000165595704086011,0.0210636632944873,1.50541549169101e-05,"Jordan Glasgow","IND","LB",2021
"1024","00-0035518",1503,0.000159088338459714,0.0228491717648315,1.44625762236104e-05,"Braxton Hoyett","NO","DL",2021
"1025","00-0035223",1378,0.000153355465333035,0.0205887336256151,1.39414059393668e-05,"Ulysees Gilbert","PIT","LB",2021
"1026","00-0036879",2186,0.00015000061599334,0.0213334385114207,1.36364196357582e-05,"Sam Ehlinger","IND","QB",2021
"1027","00-0036429",1969,0.000146991810419675,0.0206810050134479,1.33628918563341e-05,"Charlie Woerner","SF","TE",2021
"1028","00-0036996",2287,0.000143530066776687,0.0207491687413966,1.30481878887898e-05,"Greg Newsome","CLE","DB",2021
"1029","00-0036869",2179,0.000140958733763568,0.020457284004628,1.28144303421425e-05,"Dan Moore","PIT","OL",2021
"1030","00-0036398",1939,0.000139042587402704,0.0219282309947059,1.26402352184277e-05,"John Hightower","PHI","WR",2021
"1031","00-0034162",1005,0.000132250421445032,0.0213544306982184,1.2022765585912e-05,"J.K. Scott","JAX","P",2021
"1032","00-0033939",952,0.000129354987212075,0.0214467255647579,1.17595442920068e-05,"Vince Biegel","MIA","LB",2021
"1033","00-0031559",400,0.000126128096301819,0.0208970230279401,1.14661905728926e-05,"Jordan Richards","BAL","DB",2021
"1034","00-0033006",686,0.000124281299400583,0.0210675055629393,1.12982999455076e-05,"Jaydon Mickens","JAX","WR",2021
"1035","00-0034331",1048,0.000120856362619362,0.0223701969843151,1.09869420563056e-05,"Jaylen Samuels","HOU","RB",2021
"1036","00-0035431",1490,0.000117491201182093,0.0212980496812311,1.06810182892812e-05,"Koda Martin","ARI","OL",2021
"1037","00-0032797",644,0.000112137298399377,0.0226684952279757,1.01942998544888e-05,"Jordan Lucas","IND","DB",2021
"1038","00-0031254",323,0.000104925565265877,0.0217685385853603,9.53868775144338e-06,"Denico Autry","TEN","DL",2021
"1039","00-0035961",1677,0.000104658450545539,0.0202143241849841,9.51440459504896e-06,"Krys Barnes","GB","LB",2021
"1040","00-0036673",2105,9.85500456199274e-05,0.0221568861051884,8.95909505635704e-06,"Justin Hilliard","NYG","LB",2021
"1041","00-0037004",2295,9.56091200185722e-05,0.0215289913325629,8.69173818350656e-06,"Hunter Long","MIA","TE",2021
"1042","00-0034364",1071,9.10788219844285e-05,0.0208728519591496,8.27989290767532e-06,"Jordan Akins","HOU","TE",2021
"1043","00-0033589",847,9.09075640369587e-05,0.022391783652305,8.26432400335988e-06,"David Moore","GB","WR",2021
"1044","00-0034723",1194,8.77700266895069e-05,0.0214932759867276,7.97909333540972e-06,"Nick Thurman","ATL","DL",2021
"1045","00-0035285",1425,8.62193342841104e-05,0.0221050815900335,7.83812129855549e-06,"Jordan Miller","NO","DB",2021
"1046","00-0032438",575,8.22102253505424e-05,0.02231095883274,7.47365685004931e-06,"Maurice Canady","DAL","DB",2021
"1047","00-0032198",509,7.97956634170235e-05,0.0223171377277394,7.2541512197294e-06,"Ibraheim Campbell","IND","DB",2021
"1048","00-0035742",1612,7.94546781764732e-05,0.0216191635192735,7.22315256149756e-06,"Cameron Nizialek","PIT","P",2021
"1049","00-0033298",768,7.65808102080441e-05,0.0214271706971744,6.96189183709492e-06,"Pita Taumoepenu","DEN","LB",2021
"1050","00-0033793",884,7.62238068406306e-05,0.0229819518790696,6.92943698551188e-06,"Corey Levin","TEN","OL",2021
"1051","00-0036152",1744,7.46037055965136e-05,0.0219920874151751,6.78215505422851e-06,"Lamar Jackson","NYJ","DB",2021
"1052","00-0033542",822,7.40930387755264e-05,0.0221515512375439,6.73573079777513e-06,"Forrest Lamp","NO","OL",2021
"1053","00-0036432",1972,7.30235908376504e-05,0.0202897188828304,6.63850825796822e-06,"Clay Johnston","CIN","LB",2021
"1054","00-0034928",1290,6.70643639726401e-05,0.0217488208204667,6.0967603611491e-06,"Steven Sims","PIT","WR",2021
"1055","00-0033554",832,6.11982797472426e-05,0.0229034775964889,5.56347997702205e-06,"Tedric Thompson","CLE","DB",2021
"1056","00-0036120",1733,5.99908768894239e-05,0.0207431446528282,5.45371608085672e-06,"Alex Taylor","CLE","OL",2021
"1057","00-0036939",2238,5.58838401597673e-05,0.0224155218762118,5.08034910543339e-06,"Kawaan Baker","NO","WR",2021
"1058","00-0032977",682,4.9828915594561e-05,0.0202886064073751,4.52990141768736e-06,"Rashard Higgins","CLE","WR",2021
"1059","00-0029889",184,4.91516843614992e-05,0.0227114089800654,4.46833494195447e-06,"Patrick Omameh","CAR","OL",2021
"1060","00-0036645",2080,4.74459947528064e-05,0.0212286819901905,4.31327225025513e-06,"Shemar Jean-Charles","GB","DB",2021
"1061","00-0033891",918,4.3302597059155e-05,0.020824904710722,3.93659973265045e-06,"Zay Jones","LV","WR",2021
"1062","00-0035187",1365,4.06498885417591e-05,0.0220293122155602,3.69544441288719e-06,"Austin Walter","NYJ","RB",2021
"1063","00-0035457",1496,3.99607243402413e-05,0.0218010575674207,3.63279312184012e-06,"Tyron Johnson","LV","WR",2021
"1064","00-0035045",1330,3.59695275460513e-05,0.0221383366632591,3.26995704964102e-06,"D.J. Montgomery","NYJ","WR",2021
"1065","00-0034746",1204,3.56008939281994e-05,0.0213233652294653,3.23644490256358e-06,"Maurice Hurst","SF","DL",2021
"1066","00-0036582",2041,3.55565588195591e-05,0.0213101355790659,3.23241443814174e-06,"Nate McCrary","BAL","RB",2021
"1067","00-0035848",1641,3.35462036538379e-05,0.0228948967942608,3.04965487762162e-06,"DeMichael Harris","IND","WR",2021
"1068","00-0036543",2014,3.1798208294275e-05,0.0216884445380901,2.89074620857046e-06,"Spencer Brown","CAR","RB",2021
"1069","00-0034545",1149,2.82260331074049e-05,0.0211057160279043,2.56600300976408e-06,"Brandon Facyson","LV","DB",2021
"1070","00-0036670",2102,2.44453264845697e-05,0.0215798871622914,2.22230240768815e-06,"Jermar Jefferson","DET","RB",2021
"1071","00-0032784",637,1.7908104078249e-05,0.0213313568724943,1.628009461659e-06,"Kevin Hogan","TEN","QB",2021
"1072","00-0035838",1639,1.4664708724918e-05,0.0223965116129399,1.33315533862891e-06,"Matt Cole","SEA","WR",2021
"1073","00-0036517",2006,1.40686875200322e-05,0.0227509283814801,1.2789715927302e-06,"Hamilcar Rashed","NYJ","DL",2021
"1074","00-0036655",2088,1.36951788837951e-05,0.0210601775699742,1.24501626216319e-06,"Cole Van Lanen","GB","OL",2021
"1075","00-0033930",948,9.45514725094768e-06,0.0200015006915013,8.59558840995244e-07,"Cameron Sutton","PIT","DB",2021
"1076","00-0035600",1530,-5.26834552581324e-06,0.0214075700419116,-4.78940502346658e-07,"Freedom Akinmoladun","NYJ","DL",2021
"1077","00-0034754",1210,-1.08836280893806e-05,0.0198014670718459,-9.89420735398237e-07,"Oren Burks","GB","LB",2021
"1078","00-0028092",98,-1.33592659224604e-05,0.0216208939821141,-1.21447872022368e-06,"Richard Sherman","TB","DB",2021
"1079","00-0030513",249,-1.40890956091077e-05,0.0194527157913161,-1.28082687355525e-06,"Latavius Murray","BAL","RB",2021
"1080","00-0034208",1018,-1.46680155105076e-05,0.0211061201734688,-1.33345595550069e-06,"Mike Boone","DEN","RB",2021
"1081","00-0036249",1805,-2.17706182081354e-05,0.0213850737718797,-1.97914710983049e-06,"Julian Okwara","DET","LB",2021
"1082","00-0033359",781,-2.42341812351446e-05,0.0220628301087256,-2.20310738501314e-06,"Adam Pankey","MIA","OL",2021
"1083","00-0035118",1344,-3.35910548260933e-05,0.0220128895878245,-3.05373225691757e-06,"Matt Orzech","LA","LS",2021
"1084","00-0032890",657,-3.70079106909532e-05,0.0204853965075223,-3.36435551735938e-06,"James Bradberry","NYG","DB",2021
"1085","00-0035898",1656,-3.86323256909156e-05,0.0224678503511758,-3.51202960826506e-06,"Darius Bradwell","LAC","RB",2021
"1086","00-0033053",700,-3.99560817990882e-05,0.0222314230247771,-3.63237107264439e-06,"Sean Davis","NE","DB",2021
"1087","00-0035350",1457,-4.41000704948445e-05,0.0216980128987338,-4.00909731771314e-06,"Preston Williams","MIA","WR",2021
"1088","00-0033387",787,-5.01412470126655e-05,0.020896042798748,-4.55829518296959e-06,"Jacob Hollister","JAX","TE",2021
"1089","00-0036243",1800,-6.31036855515866e-05,0.0223152013472783,-5.73669868650787e-06,"Vernon Scott","GB","DB",2021
"1090","00-0033958",967,-6.32120040418223e-05,0.0228909247383603,-5.74654582198385e-06,"Nathan Peterman","LV","QB",2021
"1091","00-0031911",450,-6.75300205914091e-05,0.0217750775031264,-6.13909278103719e-06,"Rick Lovato","PHI","LS",2021
"1092","00-0036535",2012,-7.25967894435333e-05,0.0214106168237577,-6.5997081312303e-06,"William Sherman","NE","OL",2021
"1093","00-0035531",1510,-7.89626361974176e-05,0.0202146117551068,-7.17842147249251e-06,"Austin Bryant","DET","LB",2021
"1094","00-0034735",1200,-8.10159014794343e-05,0.0219647601917183,-7.36508195267585e-06,"Codey McElroy","TB","TE",2021
"1095","00-0034121",993,-8.17022389256208e-05,0.0223417708537224,-7.42747626596553e-06,"Tegray Scales","PIT","LB",2021
"1096","00-0033107",723,-8.51679478730685e-05,0.0210850177864923,-7.7425407157335e-06,"William Jackson","WAS","DB",2021
"1097","00-0032262",531,-8.9014585523176e-05,0.0201868541266459,-8.09223504756145e-06,"Landon Collins","WAS","DB",2021
"1098","00-0031095",303,-9.05764411560593e-05,0.0204626205763829,-8.23422192327812e-06,"Charles Leno","WAS","OL",2021
"1099","00-0034726",1195,-0.000100109953494154,0.0207473766731058,-9.1009048631049e-06,"Dallin Leavitt","LV","DB",2021
"1100","00-0036560",2026,-0.000109016154664933,0.0206631116833298,-9.91055951499389e-06,"Tommy Doyle","BUF","OL",2021
"1101","",1,-0.000115541978508857,0.0216781366142651,-1.05038162280779e-05,NA,NA,NA,NA
"1102","00-0031395",370,-0.000119191908052591,0.0220098868707575,-1.0835628004781e-05,"Garrett Gilbert","WAS","QB",2021
"1103","00-0030098",211,-0.000119216275853103,0.0224681904543081,-1.0837843259373e-05,"Dustin Hopkins","LAC","K",2021
"1104","00-0033729",867,-0.000121065265680032,0.0207252464555287,-1.10059332436393e-05,"Cameron Johnston","HOU","P",2021
"1105","00-0034588",1156,-0.000132032952495358,0.0212899041303536,-1.20029956813962e-05,"Trent Harris","NYG","LB",2021
"1106","00-0036881",2188,-0.000136301386906741,0.0224387442295375,-1.23910351733401e-05,"Jay Tufele","JAX","DL",2021
"1107","00-0035040",1328,-0.000136882898263348,0.0218811754237374,-1.24438998421225e-05,"David Blough","DET","QB",2021
"1108","00-0029284",135,-0.000147610853998537,0.0218263961957587,-1.34191685453216e-05,"Mike Daniels","CIN","DL",2021
"1109","00-0027969",86,-0.000149091222004138,0.0204584072920187,-1.35537474549216e-05,"Cameron Heyward","PIT","DL",2021
"1110","00-0035638",1547,-0.000156772932049468,0.0204739716377825,-1.42520847317698e-05,"Greedy Williams","CLE","DB",2021
"1111","00-0034456",1127,-0.000164917159189949,0.0228261338945351,-1.49924690172681e-05,"David Steinmetz","WAS","OL",2021
"1112","00-0028374",111,-0.000165667816216762,0.0214524783767471,-1.50607105651602e-05,"Kyle Nelson","IND","LS",2021
"1113","00-0033091",716,-0.000171024216490126,0.022366842023469,-1.55476560445569e-05,"KeiVarae Russell","NO","DB",2021
"1114","00-0035343",1454,-0.000180707773617609,0.0226451291927334,-1.64279794197827e-05,"Jonathan Ledbetter","ARI","DL",2021
"1115","00-0033948",959,-0.000183720971574504,0.0212929522441654,-1.67019065067731e-05,"Jamaal Williams","DET","RB",2021
"1116","00-0036481",1990,-0.000184764607205065,0.0222084670114576,-1.67967824731877e-05,"Shawn Davis","GB","DB",2021
"1117","00-0034806",1244,-0.000185531001940509,0.0218157676127441,-1.68664547218645e-05,"Micah Kiser","DEN","LB",2021
"1118","00-0030465",242,-0.000186519581051821,0.0219843804975456,-1.69563255501655e-05,"Kenjon Barner","TB","RB",2021
"1119","00-0034401",1103,-0.000192376267529415,0.0209853431521776,-1.74887515935832e-05,"Mike White","NYJ","QB",2021
"1120","00-0035144",1354,-0.000200961621186518,0.0211202478690493,-1.82692382896834e-05,"Mack Wilson","CLE","LB",2021
"1121","00-0032660",607,-0.000207414779966321,0.0218976832920057,-1.88558890878474e-05,"Brandin Bryant","BUF","DL",2021
"1122","00-0036390",1931,-0.000208615852499995,0.0212380352299864,-1.89650774999996e-05,"Michael Ojemudia","DEN","DB",2021
"1123","00-0034764",1216,-0.000209364016486151,0.0204173047833531,-1.90330924078319e-05,"Michael Gallup","DAL","WR",2021
"1124","00-0035164",1361,-0.000216265942924699,0.0217504596537707,-1.96605402658817e-05,"Cody Thompson","SEA","WR",2021
"1125","00-0034921",1289,-0.000216607337291297,0.0217765178589606,-1.96915761173907e-05,"Elliott Fry","CIN","K",2021
"1126","00-0031556",397,-0.000223535421735759,0.0210739531066391,-2.03214019759781e-05,"Nate Orchard","WAS","DL",2021
"1127","00-0032573",596,-0.000225193929230173,0.020930912539436,-2.04721753845611e-05,"Patrick Onwuasor","LV","LB",2021
"1128","00-0034944",1295,-0.000236238955894317,0.0212579670192382,-2.14762687176652e-05,"Chase Hansen","NO","LB",2021
"1129","00-0035998",1692,-0.000236279048266061,0.021600083003332,-2.14799134787328e-05,"Michael Jacquet","JAX","DB",2021
"1130","00-0036860",2172,-0.000238622559100161,0.0209503676659483,-2.16929599181964e-05,"Jake Funk","LA","RB",2021
"1131","00-0035277",1421,-0.00023880115339805,0.0220447574200743,-2.17091957634591e-05,"Michael Jackson","SEA","DB",2021
"1132","00-0036624",2061,-0.000245079831817242,0.0212314075092295,-2.22799847106584e-05,"Alim McNeill","DET","DL",2021
"1133","00-0031575",404,-0.000257028932779708,0.0219060303617574,-2.33662666163371e-05,"Jamil Douglas","WAS","OL",2021
"1134","00-0035276",1420,-0.000259002547322695,0.0217204667789062,-2.3545686120245e-05,"Blake Cashman","NYJ","LB",2021
"1135","00-0035849",1642,-0.000273560290591972,0.0221856992167633,-2.48691173265429e-05,"Rodrigo Blankenship","IND","K",2021
"1136","00-0036990",2281,-0.000275811824590851,0.0208347030806497,-2.50738022355319e-05,"Divine Deablo","LV","LB",2021
"1137","00-0036851",2164,-0.000276188482195044,0.0212090816333636,-2.51080438359131e-05,"Tyler Shelvin","CIN","DL",2021
"1138","00-0030074",204,-0.000280959715054658,0.0221435697130555,-2.55417922776962e-05,"David Bakhtiari","GB","OL",2021
"1139","00-0032448",578,-0.000282183714760813,0.0215460979359012,-2.56530649782557e-05,"Stephen Weatherly","DEN","LB",2021
"1140","00-0028097",99,-0.000287174551619849,0.0209605110088386,-2.61067774199863e-05,"Lee Smith","ATL","TE",2021
"1141","00-0036910",2213,-0.000289085736517563,0.0213281451103393,-2.62805215015967e-05,"C.J. Saunders","CAR","WR",2021
"1142","00-0036096",1726,-0.000290676031151363,0.0216218220999731,-2.6425093741033e-05,"J.J. Taylor","NE","RB",2021
"1143","00-0035862",1647,-0.000290687365604584,0.0219646559271214,-2.64261241458713e-05,"Essang Bassey","LAC","DB",2021
"1144","00-0035942",1669,-0.000293604042476772,0.0219081298358784,-2.66912765887975e-05,"Christian Rozeboom","LA","LB",2021
"1145","00-0036319",1868,-0.000298316014060499,0.0215559545473852,-2.71196376418635e-05,"Sterling Hofrichter","TB","P",2021
"1146","00-0035291",1430,-0.000300170545198854,0.0210896816373482,-2.7288231381714e-05,"Trayveon Williams","CIN","RB",2021
"1147","00-0033121",732,-0.000300780217968139,0.0223128716110188,-2.73436561789218e-05,"B.J. Goodson","NYJ","LB",2021
"1148","00-0036515",2005,-0.000304401550244622,0.0222361051709276,-2.76728682040566e-05,"Chris Naggar","CLE","K",2021
"1149","00-0032195",507,-0.000308950661481437,0.0201259832039129,-2.80864237710397e-05,"Ronald Darby","DEN","DB",2021
"1150","00-0033595",851,-0.000309167369290464,0.0209463458489641,-2.81061244809513e-05,"Pat O'Connor","TB","DL",2021
"1151","00-0033588",846,-0.000310620815423136,0.0219750862987624,-2.82382559475578e-05,"Isaac Rochell","IND","DL",2021
"1152","00-0035987",1688,-0.000321173646795516,0.0224140529610753,-2.91976042541378e-05,"Aaron Fuller","SEA","WR",2021
"1153","00-0034125",994,-0.000323287799883879,0.0224033946830418,-2.93897999894436e-05,"Kendal Vickers","LV","DL",2021
"1154","00-0032960",673,-0.000324795350027231,0.0219910972921265,-2.95268500024756e-05,"Wynton McManis","MIA","LB",2021
"1155","00-0034084",982,-0.00032815910154889,0.0205089471033946,-2.98326455953536e-05,"Michael Badgley","IND","K",2021
"1156","00-0033857",892,-0.000330373652183367,0.0218843287636542,-3.00339683803061e-05,"JuJu Smith-Schuster","PIT","WR",2021
"1157","00-0031999",465,-0.000339095534410235,0.0217878888585608,-3.08268667645668e-05,"Justin March","LV","LB",2021
"1158","00-0033819",886,-0.000340276149788962,0.0208387132311251,-3.09341954353602e-05,"Jamal Carter","TEN","LB",2021
"1159","00-0036788",2143,-0.000342881258627218,0.021555915209144,-3.11710235115653e-05,"Jack Heflin","GB","DL",2021
"1160","00-0032793",643,-0.000344009010738183,0.0214364045255604,-3.12735464307439e-05,"Blake Countess","LA","DB",2021
"1161","00-0034628",1168,-0.000348922195004543,0.0220645013096516,-3.17201995458675e-05,"Jaryd Jones-Smith","BAL","OL",2021
"1162","00-0036138",1740,-0.000349671547331658,0.0210260850798117,-3.17883224846962e-05,"Luther Kirk","ATL","DB",2021
"1163","00-0036365",1910,-0.000352911082280881,0.0203133378300979,-3.20828256618983e-05,"Bryan Edwards","LV","WR",2021
"1164","00-0032384",546,-0.000353998418867797,0.0207696772402375,-3.2181674442527e-05,"Germain Ifedi","CHI","OL",2021
"1165","00-0032580",600,-0.000364629919100188,0.0208681580452114,-3.31481744636534e-05,"Jonathan Jones","NE","DB",2021
"1166","00-0036659",2092,-0.000364727372938531,0.0222269460558803,-3.31570339035028e-05,"Camaron Cheeseman","WAS","LS",2021
"1167","00-0035883",1651,-0.000364826705856214,0.0225442158911547,-3.31660641687467e-05,"Maurice Ffrench","LAC","WR",2021
"1168","00-0028845",113,-0.00036529253134441,0.0222345938113753,-3.32084119404009e-05,"Josh Harris","ATL","LS",2021
"1169","00-0034431",1115,-0.000366673434507618,0.020934693581905,-3.33339485916016e-05,"Zaire Franklin","IND","LB",2021
"1170","00-0027647",47,-0.000367094638322501,0.0203705561795879,-3.33722398475001e-05,"Devin McCourty","NE","DB",2021
"1171","00-0030402",232,-0.000370007333085768,0.0220026844308003,-3.36370302805244e-05,"Akeem Spence","DEN","DL",2021
"1172","00-0035962",1678,-0.000373643519613831,0.0197503651913954,-3.39675926921664e-05,"Henry Black","GB","DB",2021
"1173","00-0036576",2039,-0.000374919856326965,0.0218382499848109,-3.40836233024514e-05,"Phil Hoskins","CAR","DL",2021
"1174","00-0035780",1621,-0.000375362133687449,0.0241950467482655,-3.41238303352226e-05,"Rojesterman Farris","DEN","DB",2021
"1175","00-0034686",1190,-0.000379262100315245,0.0206511390523258,-3.44783727559314e-05,"Auden Tate","CIN","WR",2021
"1176","00-0034424",1112,-0.000382295237479485,0.019996193305309,-3.4754112498135e-05,"Matthew Adams","IND","LB",2021
"1177","00-0036678",2107,-0.000389197377427168,0.0211835757001495,-3.53815797661062e-05,"Dicaprio Bootle","KC","DB",2021
"1178","00-0031264",328,-0.000393010308554955,0.0212316085182127,-3.57282098686323e-05,"Chris Smith","HOU","LB",2021
"1179","00-0031280",333,-0.000397028374478256,0.0201571241038954,-3.60934885889323e-05,"Derek Carr","LV","QB",2021
"1180","00-0026197",27,-0.000399177838463078,0.0223389897494784,-3.62888944057343e-05,"Chad Henne","KC","QB",2021
"1181","00-0023853",10,-0.00040063437735132,0.0219590931448875,-3.64213070319382e-05,"Matt Prater","ARI","K",2021
"1182","00-0030083",206,-0.000404966029195447,0.021928065986174,-3.68150935632224e-05,"Oday Aboushi","LAC","OL",2021
"1183","00-0029709",175,-0.000419382150031928,0.0214567555838075,-3.81256500029026e-05,"Ty Nsekhe","DAL","OL",2021
"1184","00-0031079",302,-0.00042146612019506,0.021294106703612,-3.83151018359145e-05,"Pat O'Donnell","CHI","P",2021
"1185","00-0036537",2013,-0.000427775079193358,0.0209664012881933,-3.88886435630326e-05,"Josiah Bronson","DAL","DL",2021
"1186","00-0031426",376,-0.000428978260433874,0.0199770125161884,-3.89980236758067e-05,"Joel Bitonio","CLE","OL",2021
"1187","00-0036619",2056,-0.000430858177070463,0.0200129344235362,-3.91689251882239e-05,"Dillon Radunz","TEN","OL",2021
"1188","00-0034805",1243,-0.000456320359166948,0.01994619718741,-4.14836690151771e-05,"John Franklin-Myers","NYJ","DL",2021
"1189","00-0031545",388,-0.00046099771556933,0.0215265188314437,-4.19088832335755e-05,"Kevin White","NO","WR",2021
"1190","00-0030986",286,-0.000462036492588632,0.0216339605075233,-4.20033175080575e-05,"Ethan Westbrooks","NO","DL",2021
"1191","00-0036310",1861,-0.000463984320392512,0.0199107158818341,-4.21803927629556e-05,"Hakeem Adeniji","CIN","OL",2021
"1192","00-0036304",1855,-0.000475040113737736,0.0208159287434333,-4.31854648852487e-05,"John Reid","SEA","DB",2021
"1193","00-0036946",2244,-0.000476913019771877,0.0212782170050713,-4.33557290701706e-05,"Kellen Mond","MIN","QB",2021
"1194","00-0034160",1003,-0.000488026671129981,0.0222867399555641,-4.43660610118164e-05,"Michael Dickson","SEA","P",2021
"1195","00-0035177",1363,-0.0004904061155859,0.0217101285439541,-4.45823741441727e-05,"Willie Harvey","CLE","LB",2021
"1196","00-0036779",2140,-0.00049061524573623,0.0212745571857954,-4.46013859760209e-05,"Hunter Kampmoyer","LAC","TE",2021
"1197","00-0036474",1987,-0.000493074839138599,0.0216367522022221,-4.48249853762363e-05,"Sammis Reyes","WAS","TE",2021
"1198","00-0036801",2147,-0.00050189908598318,0.0220992770649751,-4.56271896348346e-05,"Bryan Mills","MIN","DB",2021
"1199","00-0036168",1752,-0.000502846956384001,0.0223710385011553,-4.57133596712728e-05,"Dominik Eberle","CAR","K",2021
"1200","00-0033156",740,-0.000503806320334771,0.0213640369446214,-4.58005745758883e-05,"Joey Bosa","LAC","LB",2021
"1201","00-0032436",573,-0.000505833776433766,0.0220109925932619,-4.5984888766706e-05,"Jeff Driskel","HOU","QB",2021
"1202","00-0035758",1616,-0.000507764816604966,0.0218426061245552,-4.61604378731787e-05,"Lirim Hajrullahu","CAR","K",2021
"1203","00-0031279",332,-0.000508741953003613,0.0200088468003862,-4.62492684548739e-05,"Jake Matthews","ATL","OL",2021
"1204","00-0035428",1489,-0.000511507039439262,0.0212111564096416,-4.65006399490238e-05,"Daniel Helm","LV","TE",2021
"1205","00-0037006",2297,-0.000513510858479365,0.0221278527479376,-4.66828053163059e-05,"Wyatt Davis","MIN","OL",2021
"1206","00-0033923",942,-0.000514042986556372,0.0222451689909573,-4.67311805960338e-05,"Kareem Hunt","CLE","RB",2021
"1207","00-0031319",341,-0.000516106929166063,0.0220504714155138,-4.69188117423694e-05,"Diontae Spencer","DEN","WR",2021
"1208","00-0036918",2220,-0.000517925020161866,0.0220896682090767,-4.70840927419878e-05,"Jacob Harris","LA","TE",2021
"1209","00-0034988",1317,-0.000523865203567921,0.0204471492577269,-4.76241094152656e-05,"Kaden Smith","NYG","TE",2021
"1210","00-0036450",1980,-0.000524095435315022,0.021031957367289,-4.76450395740929e-05,"Ke'Shawn Vaughn","TB","RB",2021
"1211","00-0030196",219,-0.000524492697881078,0.0201966687435036,-4.76811543528253e-05,"Jeff Heath","NO","DB",2021
"1212","00-0036557",2023,-0.000525630477971811,0.0210468807613988,-4.77845889065283e-05,"Jaylon Moore","SF","OL",2021
"1213","00-0034613",1165,-0.000526546872424631,0.020520080619551,-4.78678974931482e-05,"Tanner Hudson","SF","TE",2021
"1214","00-0033319",774,-0.000528626366940249,0.0214790720541515,-4.80569424491136e-05,"Nick Mullens","CLE","QB",2021
"1215","00-0036714",2119,-0.00052927078805364,0.0211863280178064,-4.81155261866946e-05,"Alex Kessman","CAR","K",2021
"1216","00-0030066",200,-0.000537732286523359,0.0221091918165322,-4.88847533203054e-05,"Brian Winters","ARI","OL",2021
"1217","00-0036777",2139,-0.000543836861065114,0.0225749183297842,-4.94397146422831e-05,"Ben Deluca","LAC","DB",2021
"1218","00-0030148",215,-0.000546191525115635,0.0225159101229879,-4.96537750105123e-05,"Damion Square","CIN","DL",2021
"1219","00-0034837",1265,-0.000556822687816905,0.0212835330387287,-5.06202443469913e-05,"Calvin Ridley","ATL","WR",2021
"1220","00-0034955",1298,-0.000557595761301836,0.0208881343072053,-5.06905237547123e-05,"Brett Rypien","DEN","QB",2021
"1221","00-0034154",1000,-0.000558544909109578,0.0213540520699548,-5.07768099190525e-05,"Jacob Tuioti-Mariner","CAR","LB",2021
"1222","00-0034631",1169,-0.000567493953796485,0.0205364851858037,-5.15903594360441e-05,"Vyncint Smith","NYJ","WR",2021
"1223","00-0036841",2155,-0.00056901463867282,0.0228560595491876,-5.17286035157109e-05,"Austin Trammell","ATL","WR",2021
"1224","00-0036688",2108,-0.00057111466371365,0.0219190708947796,-5.19195148830591e-05,"Kiondre Thomas","LAC","DB",2021
"1225","00-0036202",1767,-0.000572648642342474,0.023389423203817,-5.20589674856795e-05,"Dieter Eiselen","CHI","OL",2021
"1226","00-0035696",1593,-0.000578927315896944,0.021070724276788,-5.26297559906313e-05,"Duke Shelley","CHI","DB",2021
"1227","00-0036915",2217,-0.000582591138635842,0.0206850624809309,-5.29628307850765e-05,"Jeremiah Owusu-Koramoah","CLE","LB",2021
"1228","00-0035971",1680,-0.000589546142189072,0.0216721954876615,-5.35951038353702e-05,"Delontae Scott","PIT","DL",2021
"1229","00-0036653",2086,-0.000598956652686414,0.0219428799862347,-5.4450604789674e-05,"Stone Forsythe","SEA","OL",2021
"1230","00-0034400",1102,-0.00059958290920412,0.0212603972949208,-5.45075372003745e-05,"Jordan Wilkins","TEN","RB",2021
"1231","00-0034397",1100,-0.000600058521282248,0.0211654385622606,-5.45507746620225e-05,"Tim Settle","WAS","DL",2021
"1232","00-0035412",1483,-0.000606622117747061,0.021260651141016,-5.51474652497329e-05,"Andrew Dowell","NO","LB",2021
"1233","00-0030449",237,-0.000611769720746806,0.021902960264705,-5.56154291588005e-05,"Margus Hunt","CHI","DL",2021
"1234","00-0035621",1536,-0.000617859277312948,0.0222344388471431,-5.6169025210268e-05,"Nsimba Webster","CHI","WR",2021
"1235","00-0034573",1151,-0.000618532437469809,0.0204676742789335,-5.62302215881644e-05,"Charvarius Ward","KC","DB",2021
"1236","00-0035208",1370,-0.000618780994845066,0.0198678162595761,-5.62528177131878e-05,"Olamide Zaccheaus","ATL","WR",2021
"1237","00-0033995",972,-0.000618848935881872,0.0222661925032103,-5.62589941710793e-05,"Michael Dunn","CLE","OL",2021
"1238","00-0036453",1981,-0.000625438272642204,0.0213919774399531,-5.68580247856549e-05,"Paul Quessenberry","HOU","TE",2021
"1239","00-0035975",1682,-0.000626876661155913,0.021870833321845,-5.69887873778103e-05,"Jake Bargas","MIN","RB",2021
"1240","00-0031376",362,-0.000629657857978274,0.0210233875110394,-5.72416234525704e-05,"Jerick McKinnon","KC","RB",2021
"1241","00-0036392",1933,-0.000633854757339362,0.0196327567135736,-5.76231597581238e-05,"Matt Peart","NYG","OL",2021
"1242","00-0035157",1360,-0.000636032591283217,0.0213674110078358,-5.78211446621106e-05,"Darius Harris","KC","LB",2021
"1243","00-0032772",628,-0.00064722063389495,0.021520815651613,-5.88382394449955e-05,"Ryan Smith","LAC","DB",2021
"1244","00-0036340",1888,-0.000650873064375942,0.0224876480416169,-5.91702785796311e-05,"Antonio Gandy-Golden","WAS","WR",2021
"1245","00-0035829",1634,-0.000653543646891459,0.0225802049207467,-5.94130588083144e-05,"Austen Pleasants","CAR","OL",2021
"1246","00-0033083",713,-0.000654467049210679,0.0215615998445315,-5.94970044736981e-05,"Darian Thompson","DAL","DB",2021
"1247","00-0036868",2178,-0.000655337538458603,0.0227925219377204,-5.9576139859873e-05,"Jordan Smith","JAX","LB",2021
"1248","00-0035407",1480,-0.000668132019364327,0.0216814539014659,-6.07392744876661e-05,"Derrick Kelly","NYG","OL",2021
"1249","00-0034349",1059,-0.000674192022539473,0.0220080449251078,-6.12901838672248e-05,"Kerryon Johnson","PHI","RB",2021
"1250","00-0034808",1246,-0.000674816345979526,0.0220002781539278,-6.13469405435932e-05,"John Kelly","CLE","RB",2021
"1251","00-0034430",1114,-0.000675853066522569,0.0212139034526399,-6.14411878656881e-05,"Andre Smith","BUF","LB",2021
"1252","00-0036219",1779,-0.000676704749376263,0.0208735533758812,-6.15186135796602e-05,"Marquez Callaway","NO","WR",2021
"1253","00-0036216",1777,-0.000677060870293057,0.022477476042255,-6.15509882084597e-05,"Curtis Weaver","CLE","DL",2021
"1254","00-0035981",1685,-0.000677967580890444,0.0212116975964881,-6.16334164445858e-05,"Nakia Griffin-Stewart","KC","TE",2021
"1255","00-0036286",1839,-0.000691180444381304,0.0207882556054071,-6.28345858528458e-05,"K'Lavon Chaisson","JAX","LB",2021
"1256","00-0036634",2071,-0.000694621411030693,0.0218576777856931,-6.31474010027903e-05,"Tony Fields","CLE","LB",2021
"1257","00-0031175",312,-0.000700612792434501,0.0219305199856797,-6.36920720395001e-05,"Cassius Marsh","CHI","LB",2021
"1258","00-0034354",1064,-0.000709420305028601,0.0213037700903863,-6.44927550026e-05,"Kemoko Turay","IND","DL",2021
"1259","00-0034684",1189,-0.000711297803608618,0.0216290827170377,-6.46634366916925e-05,"Johnny Townsend","KC","P",2021
"1260","00-0034357",1067,-0.000711804394158248,0.0220564580684214,-6.47094903780226e-05,"Isaiah Oliver","ATL","DB",2021
"1261","00-0032943",665,-0.000711963816561482,0.0207980475834308,-6.47239833237711e-05,"Riley Dixon","NYG","P",2021
"1262","00-0033550",829,-0.000714383752147507,0.0221115541070406,-6.49439774679552e-05,"Davis Webb","BUF","QB",2021
"1263","00-0030525",251,-0.000725135461460915,0.0206356531666157,-6.59214055873559e-05,"Tavon Austin","JAX","WR",2021
"1264","00-0033529",816,-0.00072567477488612,0.0211180319388327,-6.59704340805563e-05,"Chase Roullier","WAS","OL",2021
"1265","00-0036677",2106,-0.000731326409187219,0.0210499558571595,-6.64842190170199e-05,"Zayne Anderson","KC","DB",2021
"1266","00-0036255",1811,-0.000732223484314318,0.0208183634509842,-6.65657713013017e-05,"Denzel Mims","NYJ","WR",2021
"1267","00-0036205",1770,-0.00073660802780587,0.0220893309413663,-6.696436616417e-05,"Ledarius Mack","CHI","DL",2021
"1268","00-0031534",385,-0.000738744319350205,0.0218368707679279,-6.71585744863823e-05,"La'el Collins","DAL","OL",2021
"1269","00-0031687",426,-0.000741380988086044,0.0223426196654329,-6.73982716441858e-05,"Raheem Mostert","SF","RB",2021
"1270","00-0036815",2151,-0.000743654440781378,0.0218334121735049,-6.76049491619434e-05,"Myron Mitchell","MIN","WR",2021
"1271","00-0032778",632,-0.000745151629884224,0.021412267750931,-6.77410572622022e-05,"Tajae Sharpe","ATL","WR",2021
"1272","00-0031330",343,-0.000758684026276548,0.0212224923062339,-6.89712751160499e-05,"Morgan Moses","NYJ","OL",2021
"1273","00-0036889",2195,-0.000760182084437883,0.0213537749221546,-6.91074622216257e-05,"James Wiggins","ARI","DB",2021
"1274","00-0033505",809,-0.000760996170999345,0.0212708224725524,-6.91814700908496e-05,"Cameron Tom","MIA","OL",2021
"1275","00-0033877",906,-0.000762657495064137,0.0214461849121312,-6.93324995512852e-05,"Malik Hooker","DAL","DB",2021
"1276","00-0030957",284,-0.000763802028205026,0.021637092270323,-6.94365480186388e-05,"Casey Kreiter","NYG","LS",2021
"1277","00-0030850",279,-0.000774359048272721,0.0217076192299527,-7.03962771157019e-05,"Cody Parkey","NO","K",2021
"1278","00-0036573",2038,-0.000775752818926218,0.0210032893999592,-7.05229835387471e-05,"Rachad Wildgoose","NYJ","DB",2021
"1279","00-0033945",956,-0.000778353083979518,0.0209791531014534,-7.07593712708652e-05,"Samson Ebukam","SF","DL",2021
"1280","00-0033112",727,-0.000783297508059901,0.0225223874505248,-7.12088643690819e-05,"Temarrick Hemingway","WAS","TE",2021
"1281","00-0033555",833,-0.000783968471162563,0.0208368797354337,-7.12698610147784e-05,"Mack Hollins","MIA","WR",2021
"1282","00-0033563",836,-0.000795414865234097,0.0202936934522958,-7.23104422940088e-05,"Carlos Watkins","DAL","DL",2021
"1283","00-0031713",428,-0.000795471741381457,0.0222353321858892,-7.23156128528597e-05,"Xavier Williams","HOU","DL",2021
"1284","00-0034575",1152,-0.000795870562713483,0.0214787082993821,-7.23518693375893e-05,"David Wells","ARI","TE",2021
"1285","00-0035708",1603,-0.000799762043838394,0.0206149602925295,-7.27056403489449e-05,"Oshane Ximines","NYG","LB",2021
"1286","00-0036938",2237,-0.000802760590636588,0.0218330193510905,-7.29782355124171e-05,"Rashad Weaver","TEN","LB",2021
"1287","00-0029530",144,-0.000818521932425206,0.0213118224564795,-7.44110847659278e-05,"Justin Bethel","NE","DB",2021
"1288","00-0036975",2267,-0.000823135799828306,0.0215509783815201,-7.48305272571188e-05,"Walker Little","JAX","OL",2021
"1289","00-0035850",1643,-0.000823756553230778,0.0222016799345203,-7.48869593846162e-05,"Kameron Cline","IND","DL",2021
"1290","00-0032753",617,-0.000823974124685129,0.0214120851099933,-7.4906738607739e-05,"Luke Rhodes","IND","LS",2021
"1291","00-0030874",281,-0.000827225475978801,0.0213717413768929,-7.52023159980728e-05,"Damien Williams","CHI","RB",2021
"1292","00-0034844",1270,-0.000840911748629508,0.0198705120147405,-7.64465226026826e-05,"Saquon Barkley","NYG","RB",2021
"1293","00-0034835",1263,-0.000841321318724719,0.0235657682869221,-7.64837562477017e-05,"Malik Jefferson","IND","LB",2021
"1294","00-0037007",2298,-0.00084425748129619,0.0223338681314878,-7.67506801178355e-05,"Patrick Jones","MIN","DL",2021
"1295","00-0036462",1984,-0.000847077736113814,0.0218098006043596,-7.70070669194376e-05,"Innis Gaines","GB","DB",2021
"1296","00-0035268",1414,-0.000847372749889116,0.0214148404410225,-7.7033886353556e-05,"Ryquell Armstead","JAX","RB",2021
"1297","00-0032433",571,-0.000855966493425384,0.0222173809041457,-7.7815135765944e-05,"Kyle Murphy","NO","OL",2021
"1298","00-0036252",1808,-0.00085786514045332,0.0205674014980607,-7.79877400412109e-05,"Michael Pittman","IND","WR",2021
"1299","00-0031333",345,-0.00086100039834678,0.0231237002352417,-7.82727634860709e-05,"Ha Ha Clinton-Dix","DEN","DB",2021
"1300","00-0035822",1629,-0.000867177889447296,0.0214753659312025,-7.88343535861178e-05,"Doug Costin","CIN","DL",2021
"1301","00-0035821",1628,-0.000869562988356116,0.0220432422240578,-7.90511807596469e-05,"Corliss Waitman","PIT","P",2021
"1302","00-0036176",1755,-0.000882566800730423,0.0215472416921068,-8.02333455209476e-05,"Mason Kinsey","TEN","WR",2021
"1303","00-0035003",1323,-0.000886572966466904,0.0239137120018523,-8.05975424060822e-05,"Jackson Barton","LV","OL",2021
"1304","00-0036639",2076,-0.00090071028836022,0.0209156998559013,-8.18827534872927e-05,"Jamar Johnson","DEN","DB",2021
"1305","00-0034361",1070,-0.000902830613547304,0.01969939540043,-8.20755103224822e-05,"Justin Reid","HOU","DB",2021
"1306","00-0028076",97,-0.000917886083870518,0.021509732011004,-8.34441894427744e-05,"Marcus Cannon","HOU","OL",2021
"1307","00-0026544",31,-0.000922863458618364,0.0227218253857145,-8.38966780562149e-05,"Chase Daniel","LAC","QB",2021
"1308","00-0036137",1739,-0.000925903860954783,0.0209383855106317,-8.41730782686166e-05,"Azur Kamara","CAR","DL",2021
"1309","00-0035233",1384,-0.000936692254852046,0.0208751683543443,-8.5153841350186e-05,"Andre Dillard","PHI","OL",2021
"1310","00-0034756",1211,-0.000937618798352925,0.0199601331356816,-8.52380725775387e-05,"Tre Flowers","CIN","DB",2021
"1311","00-0036315",1865,-0.000940703759871001,0.0219040411791305,-8.55185236246364e-05,"Stantley Thomas-Oliver","CAR","DB",2021
"1312","00-0036300",1852,-0.000947590594681582,0.0205567621753708,-8.61445995165075e-05,"Mykal Walker","ATL","LB",2021
"1313","00-0036636",2073,-0.000948202297049256,0.0215568208991283,-8.62002088226597e-05,"Brenden Jaimes","LAC","OL",2021
"1314","00-0031331",344,-0.000948453172986325,0.0210032777809867,-8.62230157260296e-05,"Pierre Desir","TB","DB",2021
"1315","00-0036583",2042,-0.000961991944350782,0.0216463547568346,-8.74538131227983e-05,"Tony Poljan","BAL","TE",2021
"1316","00-0034384",1089,-0.000963415423072899,0.0208775610604952,-8.75832202793545e-05,"D.J. Reed","SEA","DB",2021
"1317","00-0036730",2125,-0.000964311550650503,0.021889360934717,-8.7664686422773e-05,"Darius Hodge","MIA","DL",2021
"1318","00-0030456",239,-0.000966376563266956,0.021920743201397,-8.78524148424506e-05,"Giovani Bernard","TB","RB",2021
"1319","00-0036859",2171,-0.000970339911074268,0.0216117782924588,-8.82127191885698e-05,"Jimmy Morrissey","HOU","OL",2021
"1320","00-0032791",642,-0.000971827800309676,0.0218283175148153,-8.83479818463342e-05,"Jakeem Grant","CHI","WR",2021
"1321","00-0036426",1966,-0.000976421802694298,0.0207003951060823,-8.87656184267544e-05,"Alton Robinson","SEA","DL",2021
"1322","00-0027963",83,-0.000976574359087518,0.0214660837651461,-8.87794871897744e-05,"James Carpenter","NO","OL",2021
"1323","00-0034847",1273,-0.000979395307173961,0.0204522209426573,-8.90359370158146e-05,"Mike McGlinchey","SF","OL",2021
"1324","00-0031372",361,-0.000979724173073335,0.0204732996630985,-8.90658339157577e-05,"Bradley Roby","NO","DB",2021
"1325","00-0034386",1091,-0.00098673881090424,0.0221321536846798,-8.97035282640218e-05,"Justin Watson","TB","WR",2021
"1326","00-0036405",1945,-0.000987329690478751,0.0224765968858,-8.97572445889774e-05,"Chris Williamson","TEN","DB",2021
"1327","00-0029621",160,-0.000987744517476967,0.0217978062419557,-8.97949561342698e-05,"Greg Zuerlein","DAL","K",2021
"1328","00-0035219",1376,-0.000988475002418213,0.0221996137310835,-8.98613638562012e-05,"Isaiah Buggs","LV","DL",2021
"1329","00-0033196",742,-0.00098962161436729,0.0219052115084286,-8.99656013061173e-05,"Zach Triner","TB","LS",2021
"1330","00-0033132",739,-0.00100814595150649,0.0204058861417785,-9.16496319551357e-05,"Kevin Byard","TEN","DB",2021
"1331","00-0030725",272,-0.00101008275966223,0.0213291937452129,-9.18257054238389e-05,"Cornelius Lucas","WAS","OL",2021
"1332","00-0035328",1447,-0.00101211042791841,0.0207410070988413,-9.20100389016732e-05,"Matt Nelson","DET","OL",2021
"1333","00-0032771",627,-0.00101541656517351,0.0222731943872911,-9.23105968339558e-05,"Parker Ehinger","DET","OL",2021
"1334","00-0036963",2259,-0.00102525833747877,0.0206295233514567,-9.32053034071609e-05,"Amon-Ra St. Brown","DET","WR",2021
"1335","00-0031597",415,-0.00102837964434964,0.0215851596296086,-9.34890585772396e-05,"Tye Smith","MIN","DB",2021
"1336","00-0036287",1840,-0.00102862673215903,0.0219994523363638,-9.35115211053668e-05,"Noah Igbinoghene","MIA","DB",2021
"1337","00-0036400",1941,-0.00102906406097356,0.0216990005563628,-9.35512782703234e-05,"Cam Brown","NYG","LB",2021
"1338","00-0031380",363,-0.0010509231858609,0.0220303632175904,-9.55384714419001e-05,"Darqueze Dennard","SF","DB",2021
"1339","00-0036884",2191,-0.0010527396566799,0.0210141754483168,-9.57036051527178e-05,"Marco Wilson","ARI","DB",2021
"1340","00-0033124",734,-0.00105686599505995,0.0208716020285299,-9.6078726823632e-05,"Will Redmond","IND","DB",2021
"1341","00-0023682",9,-0.00106097812093821,0.0222873942152771,-9.64525564489285e-05,"Ryan Fitzpatrick","WAS","QB",2021
"1342","00-0035404",1478,-0.00107095370205262,0.0212606675437816,-9.73594274593293e-05,"Porter Gustin","CLE","DL",2021
"1343","00-0036380",1923,-0.00107096681312532,0.0195182312562068,-9.73606193750288e-05,"Alohi Gilman","LAC","DB",2021
"1344","00-0034490",1136,-0.00108564546882452,0.0216686424465683,-9.86950426204107e-05,"Ezekiel Turner","ARI","LB",2021
"1345","00-0035145",1355,-0.00109701355182989,0.0224883886057128,-9.97285047118085e-05,"Austin Seibert","DET","K",2021
"1346","00-0027688",53,-0.00110508240168414,0.0213877405842351,-0.00010046203651674,"Colt McCoy","ARI","QB",2021
"1347","00-0034054",977,-0.001106861241969,0.0216421316089559,-0.000100623749269909,"River Cracraft","SF","WR",2021
"1348","00-0030463",241,-0.00112568661877178,0.0218144128307846,-0.000102335147161071,"A.J. Klein","BUF","LB",2021
"1349","00-0033676",859,-0.00112619120767416,0.0222309117549698,-0.000102381018879469,"Elijah Wilkinson","CHI","OL",2021
"1350","00-0033631",854,-0.00113540201479701,0.0231080415006139,-0.000103218364981546,"Rashaad Coward","PIT","OL",2021
"1351","00-0033662",858,-0.00113740925876985,0.0218743243058317,-0.00010340084170635,"Cooper Rush","DAL","QB",2021
"1352","00-0033064",706,-0.00113903801459522,0.0214058157989087,-0.000103548910417747,"Adam Gotsis","JAX","DL",2021
"1353","00-0036375",1919,-0.00113937214109664,0.0213411476092009,-0.00010357928555424,"Amik Robertson","LV","DB",2021
"1354","00-0033110",725,-0.00115237544268768,0.020485293822196,-0.000104761403880698,"Tyler Higbee","LA","TE",2021
"1355","00-0033455",800,-0.00115914670211913,0.0212161661303072,-0.000105376972919921,"Anthony Firkser","TEN","TE",2021
"1356","00-0031051",295,-0.00116544331367474,0.0229750681487762,-0.000105949392152249,"John Brown","TB","WR",2021
"1357","00-0032965",674,-0.00116661271716492,0.0221316139646452,-0.000106055701560447,"Ronnie Stanley","BAL","OL",2021
"1358","00-0030541",254,-0.0011671906523111,0.0216530006370495,-0.000106108241119191,"Blidi Wreh-Wilson","TB","DB",2021
"1359","00-0035639",1548,-0.0011704162303299,0.0219398534063741,-0.000106401475484537,"Parris Campbell","IND","WR",2021
"1360","00-0036309",1860,-0.00119334685732949,0.0207140036175402,-0.000108486077939045,"Darnell Mooney","CHI","WR",2021
"1361","00-0036922",2224,-0.00119393848719759,0.0198262833293906,-0.000108539862472509,"Patrick Johnson","PHI","LB",2021
"1362","00-0035695",1592,-0.00119567854992793,0.0215833244073749,-0.000108698049993448,"Trayvon Mullen","LV","DB",2021
"1363","00-0035826",1632,-0.00119748798099362,0.0227234424320839,-0.000108862543726693,"Josh Hammond","JAX","WR",2021
"1364","00-0034909",1287,-0.00120154743075301,0.0209819990690176,-0.00010923158461391,"Tristan Vizcaino","LAC","K",2021
"1365","00-0033161",741,-0.00120280618377931,0.0210234877694036,-0.00010934601670721,"Isaiah Williams","NYJ","OL",2021
"1366","00-0036230",1788,-0.00120532850649779,0.0213667657473571,-0.000109575318772527,"Prince Tega Wanogho","KC","OL",2021
"1367","00-0030140",214,-0.00121149488186022,0.0214177209648632,-0.000110135898350929,"Tress Way","WAS","P",2021
"1368","00-0034163",1006,-0.00121348013633322,0.0210855018916603,-0.000110316376030293,"Jacob Martin","HOU","DL",2021
"1369","00-0034527",1146,-0.00121487797570594,0.0206440106781927,-0.000110443452336904,"Ryan Neal","SEA","DB",2021
"1370","00-0033011",689,-0.00121684110298387,0.0207327099915078,-0.000110621918453079,"Connor McGovern","NYJ","OL",2021
"1371","00-0033889",916,-0.00121878463033807,0.0214187522701642,-0.000110798602758007,"Cam Robinson","JAX","OL",2021
"1372","00-0032432",570,-0.00122737847617546,0.020850524705334,-0.000111579861470496,"Wes Schweitzer","WAS","OL",2021
"1373","00-0035714",1606,-0.00123182081517674,0.0213709053788079,-0.000111983710470613,"Mazzi Wilkins","BAL","DB",2021
"1374","00-0036669",2101,-0.00123425322802673,0.0218612878612348,-0.000112204838911521,"Kylin Hill","GB","RB",2021
"1375","00-0035409",1482,-0.00123533962795563,0.0212873440897743,-0.000112303602541421,"Shy Tuttle","NO","DL",2021
"1376","00-0028284",108,-0.00124419259352952,0.0211432137426722,-0.000113108417593592,"Patrick Scales","CHI","LS",2021
"1377","00-0034394",1097,-0.00124486696226597,0.022399675891681,-0.000113169723842361,"Andrew Brown","LAC","DL",2021
"1378","00-0036700",2114,-0.00124663036282818,0.0215107388772451,-0.00011333003298438,"Daniel Archibong","PIT","DL",2021
"1379","00-0033490",807,-0.00125763689523205,0.0230479124960775,-0.000114330626839277,"Ben Braden","GB","OL",2021
"1380","00-0034648",1173,-0.00126048220412567,0.0226039667991631,-0.000114589291284152,"Ryan Santoso","LA","K",2021
"1381","00-0036187",1759,-0.00126653149808166,0.0203046763780998,-0.000115139227098333,"Reggie Gilliam","BUF","RB",2021
"1382","00-0029562",148,-0.00126746740306259,0.0206551197625347,-0.000115224309369327,"Lavonte David","TB","LB",2021
"1383","00-0028986",119,-0.00127174753988947,0.0219147981747021,-0.000115613412717224,"Case Keenum","CLE","QB",2021
"1384","00-0035573",1524,-0.00127647785680318,0.0217504481394251,-0.000116043441527562,"Kareem Orr","LA","DB",2021
"1385","00-0035127",1347,-0.00127707271816705,0.0215615338043777,-0.000116097519833369,"Andre James","LV","OL",2021
"1386","00-0032671",609,-0.00128327230944173,0.020801076211381,-0.000116661119040157,"Morgan Fox","CAR","DL",2021
"1387","00-0033950",960,-0.00128833323223347,0.0221232297567725,-0.000117121202930316,"Wayne Gallman","MIN","RB",2021
"1388","00-0036563",2029,-0.00129654179534811,0.0214479143059009,-0.000117867435940737,"Deommodore Lenoir","SF","DB",2021
"1389","00-0035076",1336,-0.00130274914854503,0.0209888965445253,-0.000118431740776821,"Curtis Bolton","DET","LB",2021
"1390","00-0035373",1466,-0.00131120697883318,0.0228152675702451,-0.00011920063443938,"Connor Strachan","HOU","LB",2021
"1391","00-0033302",770,-0.00131308936191171,0.0205929771783415,-0.000119371760173792,"Adrian Colbert","CLE","DB",2021
"1392","00-0035258",1406,-0.00131902468702165,0.0215099600703488,-0.000119911335183786,"Hjalte Froholdt","CLE","OL",2021
"1393","00-0035418",1486,-0.00132679746187473,0.0206337880015899,-0.000120617951079521,"Brandon Knight","BAL","OL",2021
"1394","00-0033524",813,-0.00132726665421524,0.0204111802446016,-0.000120660604928658,"Kevin King","GB","DB",2021
"1395","00-0034996",1321,-0.00133189446470736,0.0211909282457714,-0.000121081314973396,"Tim Harris","BUF","DB",2021
"1396","00-0033716",864,-0.0013360328090453,0.0208105277308564,-0.000121457528095027,"Calvin Munson","MIA","LB",2021
"1397","00-0035935",1668,-0.00134807144880363,0.0216916606525821,-0.00012255194989124,"J.J. Koski","LA","WR",2021
"1398","00-0036998",2289,-0.00135069344067246,0.019814529783131,-0.000122790312788406,"Jevon Holland","MIA","DB",2021
"1399","00-0036221",1781,-0.00135379370609595,0.0212151689918468,-0.000123072155099632,"Brandon Jones","MIA","DB",2021
"1400","00-0034439",1121,-0.00135734170091775,0.0215984194505182,-0.000123394700083432,"Ryan Izzo","TEN","TE",2021
"1401","00-0032160",503,-0.0013584934993579,0.0221617301321496,-0.000123499409032536,"Tyrell Williams","DET","WR",2021
"1402","00-0033951",961,-0.00137119242848682,0.021527742041111,-0.000124653857135165,"Marlon Mack","IND","RB",2021
"1403","00-0032353",537,-0.00138736008949543,0.0211094105313404,-0.000126123644499585,"Chris Milton","MIA","DB",2021
"1404","00-0036226",1785,-0.00139261410175873,0.0230296866927699,-0.000126601281978066,"Jacob Eason","SEA","QB",2021
"1405","00-0033910",934,-0.00139495348052544,0.0211766760608009,-0.00012681395277504,"Dan Feeney","NYJ","OL",2021
"1406","00-0031934",454,-0.00140147419477645,0.0224138138285234,-0.000127406744979677,"Devin Smith","CAR","WR",2021
"1407","00-0034676",1182,-0.00140700891523437,0.0206951433076878,-0.000127909901384943,"James Washington","PIT","WR",2021
"1408","00-0036506",2001,-0.0014103067008153,0.0210257699709728,-0.000128209700074118,"Isaiah Dunn","NYJ","DB",2021
"1409","00-0026143",22,-0.00141128420633734,0.0206930593202577,-0.000128298564212485,"Matt Ryan","ATL","QB",2021
"1410","00-0034607",1163,-0.00141141018287076,0.0217091911373317,-0.000128310016624614,"Michael Joseph","CHI","DB",2021
"1411","00-0036556",2022,-0.00142956594099263,0.0214078880770867,-0.000129960540090239,"Brevin Jordan","HOU","TE",2021
"1412","00-0035787",1623,-0.00142972574966456,0.0209214407260119,-0.000129975068151323,"Jared Pinkney","DET","TE",2021
"1413","00-0036892",2196,-0.00143245563290171,0.0200887837451145,-0.000130223239354701,"Alex Leatherwood","LV","OL",2021
"1414","00-0032259",529,-0.00143403135712136,0.0202482115701141,-0.000130366487011032,"Ereck Flowers","WAS","OL",2021
"1415","00-0032677",610,-0.00143406778178659,0.0198766556765707,-0.000130369798344235,"Cory Littleton","LV","LB",2021
"1416","00-0036208",1771,-0.00143790834356391,0.0220060052771832,-0.000130718940323992,"Artavis Pierce","CLE","RB",2021
"1417","00-0031991",464,-0.00144584808321144,0.021619153448115,-0.000131440734837404,"De'Vante Bausby","NE","DB",2021
"1418","00-0033909",933,-0.00146529014897991,0.0201865449432377,-0.00013320819536181,"Pat Elflein","CAR","OL",2021
"1419","00-0035444",1493,-0.00146721449000969,0.0209490144653692,-0.000133383135455427,"Jordan Kunaszyk","WAS","LB",2021
"1420","00-0036502",1997,-0.00147422159521961,0.0209865990659283,-0.000134020145019964,"Jason Pinnock","NYJ","DB",2021
"1421","00-0035287",1427,-0.00147947079994744,0.0215620004178668,-0.000134497345449767,"KeeSean Johnson","SF","WR",2021
"1422","00-0035752",1614,-0.00148386374632199,0.0213249989626105,-0.00013489670421109,"Chris Streveler","BAL","QB",2021
"1423","00-0033765",872,-0.00148578769453446,0.0210593271659186,-0.000135071608594042,"Dylan Cole","TEN","LB",2021
"1424","00-0035783",1622,-0.00148685273058565,0.0221045740792431,-0.000135168430053241,"Tyler Hall","LA","DB",2021
"1425","00-0035688",1588,-0.00149262498244926,0.0220957473190392,-0.00013569318022266,"Trey Pipkins","LAC","OL",2021
"1426","00-0037010",2301,-0.00150084773846797,0.0214760830695576,-0.000136440703497088,"Liam Eichenberg","MIA","OL",2021
"1427","00-0036500",1995,-0.00152159827953402,0.0211647847418124,-0.000138327116321275,"Jamien Sherwood","NYJ","LB",2021
"1428","00-0034437",1119,-0.0015254031005467,0.022536766393423,-0.000138673009140609,"Logan Cooke","JAX","P",2021
"1429","00-0027975",88,-0.00152849475141064,0.0230642923322241,-0.000138954068310058,"Jabaal Sheard","MIA","DL",2021
"1430","00-0035592",1527,-0.00152872783496549,0.0223445281234889,-0.000138975257724136,"Travis Fulgham","DEN","WR",2021
"1431","00-0032200",510,-0.00153779592712312,0.0201934643387616,-0.000139799629738465,"Ty Montgomery","NO","WR",2021
"1432","00-0034839",1267,-0.00154517767239665,0.0218615830286732,-0.000140470697490605,"Sam Beal","NYG","DB",2021
"1433","00-0033324",775,-0.00155370976150619,0.0219789076689392,-0.000141246341955108,"Tashawn Bower","MIN","DL",2021
"1434","00-0033393",789,-0.00155372392357252,0.0215407182610479,-0.000141247629415684,"Kenny Moore","IND","DB",2021
"1435","00-0034311",1042,-0.00156280744694755,0.0219458162752997,-0.000142073404267959,"Johnny Stanton","CLE","RB",2021
"1436","00-0036857",2169,-0.00157378961734072,0.0204543397316493,-0.000143071783394611,"Chris Evans","CIN","RB",2021
"1437","00-0036904",2207,-0.00157466113153142,0.0209816290422146,-0.000143151011957401,"Robert Rochell","LA","DB",2021
"1438","00-0035763",1618,-0.0015761320511251,0.0213128874638013,-0.000143284731920463,"Malcolm Roach","NO","DL",2021
"1439","00-0036552",2018,-0.00157706695432994,0.0212224851168281,-0.000143369723120904,"Azeez Ojulari","NYG","LB",2021
"1440","00-0035275",1419,-0.00158092553735579,0.0218571830526293,-0.000143720503395981,"Jordan Scarlett","MIA","RB",2021
"1441","00-0035042",1329,-0.00161452270925243,0.0213256551728968,-0.000146774791750221,"Jamie Gillan","BUF","P",2021
"1442","00-0034165",1008,-0.00161836450251013,0.0209076286135109,-0.000147124045682739,"Colby Gossett","ATL","OL",2021
"1443","00-0036526",2009,-0.00162996155731375,0.0223783557199014,-0.000148178323392159,"Dillon Stoner","LV","WR",2021
"1444","00-0031779",433,-0.00163095945756349,0.022037569414564,-0.000148269041596681,"B.J. Finney","PIT","OL",2021
"1445","00-0035307",1440,-0.00164022100283321,0.021464681265524,-0.000149111000257564,"Jimmy Moreland","HOU","DB",2021
"1446","00-0034683",1188,-0.00164213882531908,0.0206674589819525,-0.00014928534775628,"Darius Phillips","CIN","DB",2021
"1447","00-0036231",1789,-0.00164559998667721,0.020700974109814,-0.000149599998788837,"Kyle Dugger","NE","DB",2021
"1448","00-0036698",2113,-0.00164695752300094,0.0225194077934089,-0.000149723411181904,"Mekhi Sargent","JAX","RB",2021
"1449","00-0027973",87,-0.00165023075812657,0.021972609672456,-0.000150020978011506,"Andy Dalton","CHI","QB",2021
"1450","00-0036043",1709,-0.00165850827223465,0.022469672335177,-0.000150773479294059,"Jace Whittaker","ARI","DB",2021
"1451","00-0033960",968,-0.00166196048233383,0.0211207344227575,-0.000151087316575803,"Danny Isidora","ARI","OL",2021
"1452","00-0030387",231,-0.00166957697144843,0.0218051271278849,-0.00015177972467713,"Steven Means","ATL","LB",2021
"1453","00-0035823",1630,-0.00167185500915502,0.0214408814211659,-0.000151986819014093,"Ben Ellefson","MIN","TE",2021
"1454","00-0030114",213,-0.00167682341866364,0.020317666565688,-0.000152438492605785,"Jordan Poyer","BUF","DB",2021
"1455","00-0029134",124,-0.00168298224206974,0.0219812816855222,-0.000152998385642704,"Beau Brinkley","LAC","LS",2021
"1456","00-0033568",839,-0.00169832301389872,0.0215453049955885,-0.00015439300126352,"Nate Hairston","DEN","DB",2021
"1457","00-0033893",920,-0.00169893331560964,0.0211470451126122,-0.00015444848323724,"Dalvin Cook","MIN","RB",2021
"1458","00-0033392",788,-0.00170225000104773,0.021592811555721,-0.000154750000095248,"Harvey Langi","NE","LB",2021
"1459","00-0035683",1583,-0.0017053513748257,0.021218319611344,-0.000155031943165972,"Dexter Lawrence","NYG","DL",2021
"1460","00-0031550",392,-0.00171098859769057,0.0213973341972273,-0.00015554441797187,"Shaq Thompson","CAR","LB",2021
"1461","00-0033557",834,-0.00172306063397476,0.0194006317310189,-0.000156641875815887,"Jalen Reeves-Maybin","DET","LB",2021
"1462","00-0036102",1727,-0.00172875776423435,0.0227253810628639,-0.000157159796748577,"Jordan Steckler","HOU","OL",2021
"1463","00-0036638",2075,-0.0017422130198214,0.0214257699559177,-0.000158383001801945,"Darrick Forrest","WAS","DB",2021
"1464","00-0035651",1559,-0.00174673787991309,0.0208608155009203,-0.000158794352719372,"Jaylon Ferguson","BAL","LB",2021
"1465","00-0035532",1511,-0.00175143714681683,0.0207821136362786,-0.00015922155880153,"Deionte Thompson","ARI","DB",2021
"1466","00-0034968",1305,-0.00175180281435475,0.0202403931683342,-0.000159254801304977,"Darnell Savage","GB","DB",2021
"1467","00-0034973",1308,-0.00175774769181208,0.0204286616965698,-0.000159795244710189,"Maxx Crosby","LV","DL",2021
"1468","00-0036774",2138,-0.00175967014523876,0.0217140713353099,-0.000159970013203524,"Nick Ralston","DAL","RB",2021
"1469","00-0036005",1694,-0.00176002157165801,0.0222449204794466,-0.000160001961059819,"Noah Togiai","PHI","TE",2021
"1470","00-0036982",2273,-0.00176004014590244,0.0203161450363641,-0.000160003649627495,"Chauncey Golston","DAL","DL",2021
"1471","00-0034612",1164,-0.00176074810421974,0.0217170469346604,-0.000160068009474522,"Demone Harris","HOU","DL",2021
"1472","00-0036511",2004,-0.00176088471861218,0.0221616041442614,-0.000160080428964743,"Milo Eifler","WAS","LB",2021
"1473","00-0034142",998,-0.0017610012592237,0.0215774559715335,-0.000160091023565791,"J.C. Hassenauer","PIT","OL",2021
"1474","00-0032257",528,-0.00176145685166524,0.0216116043559498,-0.000160132441060476,"Duke Johnson","MIA","RB",2021
"1475","00-0030572",259,-0.00178864842488089,0.0218805374722178,-0.000162604402261899,"D.J. Hayden","WAS","DB",2021
"1476","00-0036224",1784,-0.0018003042345588,0.0197693157398203,-0.000163664021323527,"Jonathan Greenard","HOU","DL",2021
"1477","00-0035356",1460,-0.00180195381919917,0.0207554320731119,-0.00016381398356356,"Tyree Jackson","PHI","TE",2021
"1478","00-0036754",2133,-0.00180195736416539,0.0209292760196686,-0.000163814305833217,"Brock Wright","DET","TE",2021
"1479","00-0036395",1936,-0.00181081153802933,0.0201113301372193,-0.000164619230729939,"K'Von Wallace","PHI","DB",2021
"1480","00-0036388",1929,-0.00181474563509701,0.021633486296443,-0.00016497687591791,"Xavier McKinney","NYG","DB",2021
"1481","00-0033790",881,-0.00181518353761798,0.0214552529442552,-0.000165016685237998,"Jordan Evans","CIN","LB",2021
"1482","00-0034913",1288,-0.00181975173700042,0.0226054043162541,-0.000165431976090947,"Chris Blewitt","CLE","K",2021
"1483","00-0036728",2124,-0.00182055223363463,0.0217604860325556,-0.000165504748512239,"Curtis Robinson","SF","LB",2021
"1484","00-0036847",2161,-0.0018230054701972,0.0222031609227145,-0.000165727770017927,"Pressley Harvin","PIT","P",2021
"1485","00-0036203",1768,-0.00182309389058047,0.0214084977765284,-0.000165735808234588,"Keandre Jones","CIN","LB",2021
"1486","00-0036269",1823,-0.00182395653321103,0.0216824578944594,-0.000165814230291912,"La'Mical Perine","NYJ","RB",2021
"1487","00-0025394",14,-0.00183996771979511,0.0219249669671349,-0.000167269792708646,"Adrian Peterson","SEA","RB",2021
"1488","00-0035630",1541,-0.00184485316603342,0.0209738345350564,-0.000167713924184857,"Chris Lindstrom","ATL","OL",2021
"1489","00-0030067",201,-0.00185560428227733,0.0213977556398361,-0.000168691298388848,"Terron Armstead","NO","OL",2021
"1490","00-0031961",463,-0.00186021002311693,0.0221460099689179,-0.000169110002101539,"Mark Nzeocha","SF","LB",2021
"1491","00-0035825",1631,-0.00186518201075004,0.0223087013211348,-0.000169562000977276,"Tavien Feaster","ARI","RB",2021
"1492","00-0036665",2098,-0.00186895950925275,0.0212598926926801,-0.000169905409932068,"Mark Webb","LAC","DB",2021
"1493","00-0036050",1711,-0.00186995592256149,0.0226382465547937,-0.000169995992960135,"Benning Potoa'e","TB","DL",2021
"1494","00-0035067",1334,-0.00187413034738634,0.0232640373179634,-0.000170375486126031,"Ian Bunting","DAL","TE",2021
"1495","00-0034270",1029,-0.00188239888868676,0.0209683771703758,-0.000171127171698797,"Tyler Conklin","MIN","TE",2021
"1496","00-0036852",2165,-0.00188412125520847,0.0221684614477572,-0.000171283750473497,"D'Ante Smith","CIN","OL",2021
"1497","00-0031363",357,-0.00189052748054387,0.0207971033489493,-0.000171866134594897,"Michael Palardy","MIA","P",2021
"1498","00-0036346",1894,-0.00189725823921815,0.0213580382259045,-0.000172478021747104,"Antoine Brooks","LA","DB",2021
"1499","00-0036626",2063,-0.0018981420539284,0.0210878430786648,-0.000172558368538946,"Dyami Brown","WAS","WR",2021
"1500","00-0035973",1681,-0.00191975905830586,0.0208581374796372,-0.000174523550755079,"Patrick Taylor","GB","RB",2021
"1501","00-0033246",748,-0.00192196486815607,0.0211821545867337,-0.000174724078923279,"Johnny Mundt","LA","TE",2021
"1502","00-0036927",2228,-0.0019228086578327,0.0204665788826295,-0.0001748007870757,"Pete Werner","NO","LB",2021
"1503","00-0031364",358,-0.00192534727884699,0.0208666540523692,-0.000175031570804272,"Jadeveon Clowney","CLE","DL",2021
"1504","00-0036658",2091,-0.00192805314043403,0.0219674743724894,-0.000175277558221275,"Isaiah McDuffie","GB","LB",2021
"1505","00-0031800",439,-0.00193187391020853,0.0207676593438803,-0.000175624900928048,"Taylor Heinicke","WAS","QB",2021
"1506","00-0036480",1989,-0.00193324911102796,0.0215863611868414,-0.00017574991918436,"Dayo Odeyingbo","IND","DL",2021
"1507","00-0033901",925,-0.00193462164687982,0.0210163581199971,-0.000175874695170893,"Ethan Pocic","SEA","OL",2021
"1508","00-0036780",2141,-0.00193555066883226,0.0217147543270021,-0.000175959151712024,"Forrest Merrill","LAC","DL",2021
"1509","00-0035900",1657,-0.00194040715940767,0.0217038078911944,-0.000176400650855243,"Cole Christiansen","LAC","LB",2021
"1510","00-0032782",636,-0.00194560108980231,0.0216516504335647,-0.000176872826345665,"Wendell Smallwood","WAS","RB",2021
"1511","00-0033131",738,-0.00194734444529063,0.0205246062408413,-0.000177031313208239,"Maliek Collins","HOU","DL",2021
"1512","00-0033952",962,-0.00194893154189354,0.0201760683603361,-0.000177175594717594,"Grover Stewart","IND","DL",2021
"1513","00-0031502",383,-0.00195251675319849,0.02193670019115,-0.000177501523018044,"Jordan Berry","MIN","P",2021
"1514","00-0036875",2183,-0.00195513157011458,0.0217826579724186,-0.00017773923364678,"Rhamondre Stevenson","NE","RB",2021
"1515","00-0034959",1301,-0.00195579632282159,0.0209868330676867,-0.000177799665711054,"Andrew Beck","DEN","TE",2021
"1516","00-0027856",60,-0.00195836186548433,0.0221191354162132,-0.000178032896862212,"Gerald McCoy","LV","DL",2021
"1517","00-0036744",2129,-0.00195852239391492,0.0219435113282135,-0.000178047490355901,"Tavante Beckett","DET","LB",2021
"1518","00-0028292",109,-0.00196639063580622,0.0208890991530571,-0.000178762785073293,"Nick Bellore","SEA","LB",2021
"1519","00-0032875",652,-0.00197487487831589,0.0219077246587335,-0.000179534079846899,"Ken Crawley","NO","DB",2021
"1520","00-0034487",1134,-0.00197536953829044,0.0209677533019014,-0.000179579048935495,"Trent Sherfield","SF","WR",2021
"1521","00-0036313",1863,-0.00197547798114608,0.0213746180160405,-0.000179588907376916,"Braden Mann","NYJ","P",2021
"1522","00-0030383",229,-0.00198033732516617,0.0192136339580111,-0.000180030665924197,"Duron Harmon","ATL","DB",2021
"1523","00-0034978",1311,-0.0019892010370929,0.0207563219292192,-0.000180836457917536,"Ben Powers","BAL","OL",2021
"1524","00-0028237",106,-0.00199066483274977,0.0215854437908629,-0.000180969530249979,"Chris Hogan","NO","WR",2021
"1525","00-0036424",1964,-0.00199524584670957,0.0221887815240998,-0.000181385986064507,"Brycen Hopkins","LA","TE",2021
"1526","00-0035946",1671,-0.00200146737290384,0.0223129133802367,-0.000181951579354895,"Myles Adams","SEA","DL",2021
"1527","00-0034794",1234,-0.00200521894991837,0.0219742793785758,-0.000182292631810761,"Jason Sanders","MIA","K",2021
"1528","00-0032888",655,-0.00200644279819743,0.0214082026170174,-0.000182403890745221,"Karl Joseph","PIT","DB",2021
"1529","00-0034768",1219,-0.00201909835501161,0.0212800206408538,-0.000183554395910147,"Chukwuma Okorafor","PIT","OL",2021
"1530","00-0031181",315,-0.00202745862423061,0.0200575435499557,-0.000184314420384601,"Ricardo Allen","CIN","DB",2021
"1531","00-0036813",2150,-0.00202942159312604,0.0228758484741887,-0.000184492872102368,"Christian Elliss","PHI","LB",2021
"1532","00-0036980",2271,-0.00203463299523174,0.0199718843254964,-0.000184966635930158,"Elijah Moore","NYJ","WR",2021
"1533","00-0033066",708,-0.00203937723557643,0.0226729176849151,-0.000185397930506948,"Andrew Billings","KC","DL",2021
"1534","00-0033871",900,-0.00204206517858215,0.0204739279493546,-0.000185642288962013,"Corey Davis","NYJ","WR",2021
"1535","00-0025825",19,-0.00204846795234222,0.0215777863095097,-0.000186224359303838,"Brett Kern","TEN","P",2021
"1536","00-0033697",861,-0.00205325540355205,0.0198613119758358,-0.000186659582141095,"Michael Davis","LAC","DB",2021
"1537","00-0034266",1028,-0.00205373714829752,0.0203347079105828,-0.000186703377117956,"Kenny Young","DEN","LB",2021
"1538","00-0034319",1045,-0.00207625002571462,0.0218256024140106,-0.000188750002337692,"Deon Yelder","NYG","TE",2021
"1539","00-0033954",963,-0.00208132507465964,0.021885901511369,-0.000189211370423604,"Jayon Brown","TEN","LB",2021
"1540","00-0035139",1350,-0.00210144607618483,0.0215064826504085,-0.00019104055238044,"Marquise Blair","SEA","DB",2021
"1541","00-0032143",494,-0.0021017402191777,0.021306144981133,-0.000191067292652518,"Danny Shelton","NYG","DL",2021
"1542","00-0035944",1670,-0.00210183631789713,0.0219414638678727,-0.000191076028899739,"Jonah Williams","LA","DL",2021
"1543","00-0037012",2303,-0.00210290771705485,0.0211740465265474,-0.000191173428823168,"Trey Lance","SF","QB",2021
"1544","00-0036444",1979,-0.00210835679752456,0.021887182591826,-0.00019166879977496,"Jashon Cornell","DET","DL",2021
"1545","00-0034109",987,-0.00211319719142081,0.0217562066583929,-0.00019210883558371,"Phillip Lindsay","MIA","RB",2021
"1546","00-0035844",1640,-0.00212156723770456,0.0235876095421632,-0.000192869748882233,"Kirk Merritt","MIA","WR",2021
"1547","00-0034677",1183,-0.00212445217715484,0.0208194718323733,-0.000193132016104986,"Justin Jones","LAC","DL",2021
"1548","00-0033658",856,-0.00213911329483877,0.0209935313822153,-0.000194464844985343,"Blake Jarwin","DAL","TE",2021
"1549","00-0032228",520,-0.0021470024722573,0.0213260754467388,-0.000195182042932482,"Joe Cardona","NE","LS",2021
"1550","00-0032877",653,-0.00216386917046822,0.0216197177211728,-0.000196715379133475,"Marcus Henry","ARI","OL",2021
"1551","00-0036217",1778,-0.0021673085455132,0.0225562230769271,-0.000197028049592109,"Blake Ferguson","MIA","LS",2021
"1552","00-0032062",474,-0.00218044430696986,0.0208905870042516,-0.000198222209724533,"Blake Bell","KC","TE",2021
"1553","00-0034465",1130,-0.00218438179166914,0.0205248489880572,-0.000198580162879013,"Jeremy Reaves","WAS","DB",2021
"1554","00-0036992",2283,-0.00218629004984756,0.0199841959409022,-0.000198753640895233,"Elijah Molden","TEN","DB",2021
"1555","00-0032410",561,-0.00218872716566672,0.0217075521181378,-0.000198975196878793,"Rashard Robinson","TB","DB",2021
"1556","00-0036409",1949,-0.00219170177319364,0.020538981540803,-0.000199245615744876,"Jordyn Brooks","SEA","LB",2021
"1557","00-0033289",761,-0.00219711852972012,0.0208323640741767,-0.000199738048156375,"Corn Elder","WAS","DB",2021
"1558","00-0036589",2045,-0.00220221249636886,0.0220035760203772,-0.000200201136033532,"Nick McCloud","BUF","DB",2021
"1559","00-0029061",122,-0.00220290424216362,0.0210007656259771,-0.000200264022014875,"Julian Stanford","CAR","LB",2021
"1560","00-0022824",4,-0.0022035082576464,0.0213650756836558,-0.00020031893251331,"Andy Lee","ARI","P",2021
"1561","00-0032726",614,-0.002213546155989,0.0220940175626075,-0.000201231468726273,"Ka'imi Fairbairn","HOU","K",2021
"1562","00-0032385",547,-0.00222705988886314,0.0220845364443294,-0.000202459989896649,"Sterling Shepard","NYG","WR",2021
"1563","00-0034674",1180,-0.00222888818227771,0.0208118510941435,-0.000202626198388883,"Leighton Vander Esch","DAL","LB",2021
"1564","00-0036967",2261,-0.00223429152623375,0.0197447920080284,-0.000203117411475795,"Joe Tryon","TB","LB",2021
"1565","00-0035832",1637,-0.00223842237176088,0.0224168887220768,-0.000203492942887353,"Tre'Vour Wallace-Simms","JAX","OL",2021
"1566","00-0035448",1494,-0.00223979657495861,0.0209402024657088,-0.000203617870450783,"Damarea Crockett","DEN","RB",2021
"1567","00-0029570",151,-0.00223988224144295,0.0209241893770582,-0.000203625658312995,"Nate Ebner","NYG","DB",2021
"1568","00-0028946",118,-0.00224577892357996,0.0207619526210615,-0.000204161720325451,"Aaron Brewer","ARI","LS",2021
"1569","00-0036940",2239,-0.00225396408409091,0.0209146010570394,-0.000204905825826446,"Odafe Oweh","BAL","LB",2021
"1570","00-0031619",420,-0.00226018524090541,0.020233164913125,-0.000205471385536856,"Christian Covington","LAC","DL",2021
"1571","00-0033452",799,-0.00226224551347607,0.0211143990875905,-0.000205658683043279,"Austin Calitro","CIN","LB",2021
"1572","00-0034368",1075,-0.00226940051868992,0.0212373172662495,-0.00020630913806272,"Josey Jewell","DEN","LB",2021
"1573","00-0034051",975,-0.00226971170096347,0.0224499654183781,-0.000206337427360316,"Christian Kuntz","PIT","LS",2021
"1574","00-0036825",2154,-0.00227608555013721,0.0218175781473933,-0.000206916868194292,"Feleipe Franks","ATL","QB",2021
"1575","00-0029212",128,-0.00227633985265404,0.0214750816258334,-0.000206939986604913,"Tahir Whitehead","ARI","LB",2021
"1576","00-0036611",2049,-0.00229328257846322,0.0220983805055365,-0.000208480234405747,"Raymond Johnson","NYG","DL",2021
"1577","00-0036294",1847,-0.00232077603285763,0.0211778249845181,-0.000210979639350694,"Logan Wilson","CIN","LB",2021
"1578","00-0033720",865,-0.00232648059429761,0.021477436491155,-0.000211498235845237,"Colin Thompson","CAR","TE",2021
"1579","00-0034798",1237,-0.00232746964062865,0.020058741578048,-0.000211588149148059,"Durham Smythe","MIA","TE",2021
"1580","00-0029546",146,-0.00232931328464153,0.0215323872763619,-0.00021175575314923,"Senio Kelemete","LAC","OL",2021
"1581","00-0036903",2206,-0.0023348723040867,0.0217897663907203,-0.000212261118553336,"Bobby Brown","LA","DL",2021
"1582","00-0031348",350,-0.00233583978756148,0.0199174136170894,-0.000212349071596498,"Anthony Hitchens","KC","LB",2021
"1583","00-0031554",395,-0.00234271807929868,0.0199938898337279,-0.000212974370845335,"Eric Kendricks","MIN","LB",2021
"1584","00-0027557",46,-0.002356422985521,0.0211792022277122,-0.000214220271411,"Morgan Cox","TEN","LS",2021
"1585","00-0033770",873,-0.00237505193832967,0.0214928575331934,-0.000215913812575424,"Justin Hardee","NYJ","DB",2021
"1586","00-0036970",2263,-0.0023806088728516,0.0209786693120634,-0.000216418988441054,"Kyle Pitts","ATL","TE",2021
"1587","00-0034177",1012,-0.00238361627312243,0.0213049553603321,-0.000216692388465676,"Tim Boyle","DET","QB",2021
"1588","00-0034532",1147,-0.00238644255324555,0.0222017656985882,-0.000216949323022323,"Jordan Franks","KC","TE",2021
"1589","00-0035957",1675,-0.00239977058268556,0.0220906794806738,-0.000218160962062324,"Rodney Smith","DET","RB",2021
"1590","00-0026293",28,-0.00241323369372083,0.0218734482346454,-0.000219384881247348,"Matt Slater","NE","WR",2021
"1591","00-0033925",943,-0.00241407852819924,0.0205361270497107,-0.000219461684381749,"D'Onta Foreman","TEN","RB",2021
"1592","00-0036166",1750,-0.00241540714147407,0.020375104213272,-0.000219582467406734,"Dane Jackson","BUF","DB",2021
"1593","00-0035249",1400,-0.00242668282753916,0.0204861380645231,-0.000220607529776287,"Josh Oliver","BAL","TE",2021
"1594","00-0035808",1627,-0.00242869620583365,0.0217346458131559,-0.000220790564166695,"Jared Mayden","PHI","DB",2021
"1595","00-0036692",2111,-0.00243927957807001,0.0215141908931435,-0.000221752688915455,"Miller Forristall","CLE","TE",2021
"1596","00-0033058",703,-0.00243971688992723,0.0208453010628437,-0.000221792444538839,"Reggie Ragland","NYG","LB",2021
"1597","00-0035422",1487,-0.002447177538284,0.0208485338645558,-0.000222470685298546,"Chris Westry","BAL","DB",2021
"1598","00-0035602",1531,-0.00246681954435481,0.021552670321281,-0.000224256322214074,"Alex Bachman","NYG","WR",2021
"1599","00-0028063",95,-0.00246747713889874,0.0215267446958982,-0.000224316103536249,"Taiwan Jones","BUF","RB",2021
"1600","00-0029955",189,-0.00246855267861612,0.0225251249651401,-0.000224413879874193,"LaRoy Reynolds","NE","LB",2021
"1601","00-0032954",669,-0.00247090360740398,0.0211535307579006,-0.000224627600673089,"Isaac Seumalo","PHI","OL",2021
"1602","00-0034380",1085,-0.00247377242992789,0.0204547927365677,-0.000224888402720717,"Will Richardson","JAX","OL",2021
"1603","00-0032413",563,-0.00247605970398219,0.0214429218863937,-0.000225096336725653,"Ronald Blair","NYJ","DL",2021
"1604","00-0034801",1240,-0.00247748291922226,0.0210561021189177,-0.000225225719929297,"Josh Woods","DET","LB",2021
"1605","00-0031067",300,-0.00248091394116504,0.022246605191771,-0.000225537631015004,"Cameron Fleming","DEN","OL",2021
"1606","00-0036622",2059,-0.00248827978092154,0.0207224569865696,-0.00022620725281105,"Josh Myers","GB","OL",2021
"1607","00-0036181",1756,-0.00251298864358306,0.0202907116504124,-0.000228453513053005,"Teair Tart","TEN","DL",2021
"1608","00-0026968",35,-0.00252920856043158,0.0213123912111671,-0.000229928050948325,"Ryan Succop","TB","K",2021
"1609","00-0033338",777,-0.0025311873360076,0.0209582356720718,-0.000230107939637055,"Cethan Carter","MIA","TE",2021
"1610","00-0034669",1177,-0.00253176252429693,0.0211896955306404,-0.000230160229481539,"Jordan Veasy","HOU","WR",2021
"1611","00-0031338",347,-0.00253799091477443,0.0209249421847116,-0.000230726446797675,"Terrence Brooks","HOU","DB",2021
"1612","00-0036986",2277,-0.00254039306374711,0.0206013218692227,-0.00023094482397701,"Nahshon Wright","DAL","DB",2021
"1613","00-0036469",1986,-0.00254759478316059,0.0221446807012503,-0.000231599525741872,"Matt Ammendola","NYJ","K",2021
"1614","00-0029285",136,-0.00255140899540714,0.0203082787808943,-0.00023194627230974,"Josh Norman","SF","DB",2021
"1615","00-0032087",479,-0.00255859032515453,0.0207982182046869,-0.000232599120468593,"Josh Lambo","PIT","K",2021
"1616","00-0033106",722,-0.00255975141005636,0.0209394456160501,-0.000232704673641487,"Jared Goff","DET","QB",2021
"1617","00-0029714",176,-0.0025630059552819,0.0212188741939793,-0.000233000541389263,"Andrew DePaola","MIN","LS",2021
"1618","00-0036281",1834,-0.00257480095217644,0.0200744485419297,-0.000234072813834222,"C.J. Henderson","CAR","DB",2021
"1619","00-0036029",1702,-0.00258007905322858,0.0212993525902467,-0.000234552641202598,"Ron'Dell Carter","HOU","LB",2021
"1620","00-0036985",2276,-0.00258370949659534,0.0224026606692948,-0.000234882681508668,"Robert Hainsey","TB","OL",2021
"1621","00-0031587",411,-0.00259125271145361,0.0201343796746159,-0.000235568428313965,"Bobby McCain","WAS","DB",2021
"1622","00-0035718",1609,-0.00259220397160098,0.0211063040344836,-0.00023565490650918,"Quinnen Williams","NYJ","DL",2021
"1623","00-0036507",2002,-0.00260544838250543,0.0216388652831152,-0.00023685894386413,"Michael Dwumfour","HOU","DL",2021
"1624","00-0031022",290,-0.0026166209367834,0.0214912232875497,-0.000237874630616672,"Laurent Duvernay-Tardif","NYJ","OL",2021
"1625","00-0037000",2291,-0.00261918706582815,0.0205817782529664,-0.000238107915075286,"Monty Rice","TEN","LB",2021
"1626","00-0036428",1968,-0.00262089100585671,0.0206617432315006,-0.000238262818714246,"Justin Strnad","DEN","LB",2021
"1627","00-0035541",1516,-0.0026270139836218,0.021878027921404,-0.000238819453056527,"Michael Dogbe","ARI","DL",2021
"1628","00-0028908",116,-0.00263607651893552,0.021239587415279,-0.000239643319903229,"Michael Thomas","CIN","DB",2021
"1629","00-0031360",354,-0.0026434523892193,0.0202511074052185,-0.000240313853565391,"Kyle Van Noy","NE","LB",2021
"1630","00-0033649",855,-0.00265111964891365,0.0215582627533726,-0.000241010877173968,"Kai Nacua","NYJ","DB",2021
"1631","00-0034229",1019,-0.00265898709376215,0.0222169430486764,-0.000241726099432923,"Dakoda Shepley","SEA","OL",2021
"1632","00-0031256",324,-0.00266836314470562,0.0210604548362402,-0.000242578467700511,"Anthony Barr","MIN","LB",2021
"1633","00-0036635",2072,-0.00266890304085654,0.0213245446028052,-0.000242627549168776,"Ihmir Smith-Marsette","MIN","WR",2021
"1634","00-0032773",629,-0.00268107505370814,0.0219758259628562,-0.000243734095791649,"Nick Kwiatkoski","LV","LB",2021
"1635","00-0036342",1890,-0.00269261838225191,0.0204138213866824,-0.000244783489295628,"Keith Ismael","WAS","OL",2021
"1636","00-0036086",1723,-0.00272700615298587,0.0221760610344811,-0.000247909650271443,"Rashod Berry","DET","LB",2021
"1637","00-0036961",2257,-0.00272925248231169,0.0212262986351853,-0.000248113862028335,"Richie Grant","ATL","DB",2021
"1638","00-0035684",1584,-0.00273860640079054,0.0204355458412096,-0.000248964218253686,"Deandre Baker","KC","DB",2021
"1639","00-0036569",2034,-0.00274582103426264,0.0209976371430451,-0.000249620094023876,"Gary Brightwell","NYG","RB",2021
"1640","00-0034815",1250,-0.00274763689175665,0.0201171973553958,-0.000249785171977878,"Fred Warner","SF","LB",2021
"1641","00-0036273",1827,-0.00275583533922708,0.0217701649054676,-0.00025053048538428,"Jake Hanson","GB","OL",2021
"1642","00-0035674",1576,-0.00276760076242726,0.0207648307248807,-0.000251600069311569,"Jerry Tillery","LAC","DL",2021
"1643","00-0034591",1158,-0.00277443377921158,0.0205876148537981,-0.000252221252655598,"J.C. Jackson","NE","DB",2021
"1644","00-0033545",824,-0.00277504031799101,0.0218620383440105,-0.000252276392544637,"Teez Tabor","CHI","DB",2021
"1645","00-0035279",1422,-0.00277903638207719,0.0206749922583805,-0.000252639671097927,"Charles Omenihu","SF","DL",2021
"1646","00-0032255",527,-0.00278283169153279,0.0215630051018044,-0.000252984699230253,"A.J. Cann","JAX","OL",2021
"1647","00-0030442",236,-0.00278962089641138,0.0213259098661428,-0.000253601899673762,"John Simon","PIT","DL",2021
"1648","00-0033294",765,-0.00280906600875907,0.0205015229689397,-0.000255369637159916,"Chuck Clark","BAL","DB",2021
"1649","00-0033282",757,-0.00281176408583242,0.0225390849862394,-0.000255614916893857,"Curtis Samuel","WAS","WR",2021
"1650","00-0034987",1316,-0.00281614381945238,0.0203655574246695,-0.000256013074495671,"E.J. Speed","IND","LB",2021
"1651","00-0036090",1725,-0.00283860683641902,0.0218003883511153,-0.000258055166947184,"De'Jon Harris","WAS","LB",2021
"1652","00-0036558",2024,-0.00284263724333754,0.0232944213003109,-0.00025842156757614,"Daviyon Nixon","CAR","DL",2021
"1653","00-0029560",147,-0.00285105437231132,0.0214089421354893,-0.000259186761119211,"Dre Kirkpatrick","SF","DB",2021
"1654","00-0034799",1238,-0.00285757281080047,0.0217541915404089,-0.000259779346436406,"Kalen Ballage","PIT","RB",2021
"1655","00-0032141",493,-0.00287836586035607,0.0201959718429265,-0.000261669623668734,"Geoff Swaim","TEN","TE",2021
"1656","00-0036930",2230,-0.00288196664870806,0.0223574173996165,-0.000261996968064369,"Landon Young","NO","OL",2021
"1657","00-0029664",167,-0.00288443966415762,0.021005731988024,-0.000262221787650693,"Josh Gordon","KC","WR",2021
"1658","00-0036030",1703,-0.00288691045295766,0.0217788445438282,-0.000262446404814332,"Ladarius Hamilton","GB","LB",2021
"1659","00-0030757",273,-0.002888556613254,0.0222443161521955,-0.000262596055750364,"Mike Pennel","ATL","DL",2021
"1660","00-0033869",898,-0.00289184203041895,0.0231844908702745,-0.000262894730038087,"Mitchell Trubisky","BUF","QB",2021
"1661","00-0032208",513,-0.00289384055875302,0.0217872207664395,-0.000263076414432093,"Phillip Dorsett","HOU","WR",2021
"1662","00-0032998",685,-0.00291400504376247,0.0220096591328903,-0.000264909549432951,"Jared Norris","WAS","LB",2021
"1663","00-0035533",1512,-0.00292861341644131,0.0209038721273864,-0.000266237583312846,"Ryan Connelly","MIN","LB",2021
"1664","00-0033903",927,-0.00293849130250458,0.0216268660557988,-0.000267135572954962,"Josh Jones","SEA","DB",2021
"1665","00-0034071",980,-0.0029533342963661,0.0207593609205861,-0.000268484936033282,"Danny Johnson","WAS","DB",2021
"1666","00-0035346",1456,-0.00296252695524477,0.0200939700104304,-0.000269320632294979,"Nik Needham","MIA","DB",2021
"1667","00-0031297",337,-0.00296342516267074,0.0219016056932404,-0.000269402287515522,"Dee Ford","SF","DL",2021
"1668","00-0035979",1684,-0.00296707578133813,0.0222678927171292,-0.00026973416193983,"Myles Dorn","MIN","DB",2021
"1669","00-0035895",1655,-0.00297225300776634,0.0200001459477729,-0.000270204818887849,"Joe Bachie","CIN","LB",2021
"1670","00-0031870",446,-0.00297408794827023,0.0197627460029888,-0.00027037163166093,"Dean Marlowe","DET","DB",2021
"1671","00-0034112",989,-0.00297446572668279,0.0226730366683397,-0.000270405975152981,"Austin Schlottmann","DEN","OL",2021
"1672","00-0036421",1961,-0.00298855595353822,0.0203299433741826,-0.000271686904867111,"Terrell Burgess","LA","DB",2021
"1673","00-0032156",502,-0.00299040328396115,0.0222120596749757,-0.000271854843996468,"Trevor Siemian","NO","QB",2021
"1674","00-0030076",205,-0.00299091469154018,0.0212027435319796,-0.000271901335594562,"J.C. Tretter","CLE","OL",2021
"1675","00-0036947",2245,-0.00299364326208804,0.0210615704105802,-0.000272149387462549,"Jalen Mayfield","ATL","OL",2021
"1676","00-0036457",1983,-0.00299453973289485,0.0217855883516791,-0.000272230884808622,"Ty'Son Williams","BAL","RB",2021
"1677","00-0035677",1578,-0.00300055821380358,0.0208077564936952,-0.000272778019436689,"Nasir Adderley","LAC","DB",2021
"1678","00-0035510",1501,-0.00300316338700738,0.0208303863884133,-0.000273014853364307,"Jeff Smith","NYJ","WR",2021
"1679","00-0035692",1590,-0.00303228487192236,0.0214727006439543,-0.000275662261083851,"Clelin Ferrell","LV","DL",2021
"1680","00-0027539",45,-0.0030346951236215,0.021574043804555,-0.000275881374874682,"Anthony Levine","BAL","DB",2021
"1681","00-0033734",869,-0.00303688170641034,0.0217157482752536,-0.000276080155128213,"Jamal Perry","MIA","DB",2021
"1682","00-0033386",786,-0.00304682170023449,0.0212150718746415,-0.000276983790930408,"Cody Hollister","TEN","WR",2021
"1683","00-0035125",1345,-0.0030682618333205,0.0216480113826742,-0.000278932893938227,"Alec Ingold","LV","RB",2021
"1684","00-0036934",2233,-0.00307098769204086,0.02145432280034,-0.000279180699276441,"Jaelan Phillips","MIA","LB",2021
"1685","00-0035432",1491,-0.00308352762663474,0.0228198964221998,-0.000280320693330431,"Jason Moore","LAC","WR",2021
"1686","00-0031690",427,-0.00308420557305314,0.0211137160906488,-0.000280382324823013,"Eric Tomlinson","BAL","TE",2021
"1687","00-0032956",671,-0.00309297971557781,0.0209692481432891,-0.000281179974143438,"Andy Janovich","CLE","RB",2021
"1688","00-0032785",638,-0.0030956580137467,0.0197554652847717,-0.000281423455795155,"Halapoulivaati Vaitai","DET","OL",2021
"1689","00-0032245",526,-0.00310568535469777,0.0208908118151793,-0.000282335032245252,"Sean Mannion","MIN","QB",2021
"1690","00-0035965",1679,-0.00310620942007305,0.0208985534509065,-0.000282382674552096,"Tipa Galeai","GB","DL",2021
"1691","00-0031500",382,-0.00312010657313868,0.0201987499648375,-0.000283646052103517,"Efe Obada","BUF","DL",2021
"1692","00-0033964",969,-0.00312326035032939,0.0205161790494834,-0.000283932759120854,"Al-Quadin Muhammad","IND","DL",2021
"1693","00-0029421",142,-0.00315272946595071,0.021510988727799,-0.000286611769631882,"Randy Bullock","TEN","K",2021
"1694","00-0036550",2016,-0.00315354849327478,0.020360377922362,-0.000286686226661343,"Rashod Bateman","BAL","WR",2021
"1695","00-0036270",1824,-0.00316705559121261,0.0208533864768159,-0.000287914144655692,"Kamal Martin","CAR","LB",2021
"1696","00-0035358",1462,-0.00319392499158778,0.0219170549311185,-0.000290356817417071,"Chase McLaughlin","CLE","K",2021
"1697","00-0034765",1217,-0.0031981430731546,0.0208426131761001,-0.000290740279377691,"Tre'Quan Smith","NO","WR",2021
"1698","00-0032870",650,-0.00319984012181649,0.0224789491117229,-0.000290894556528772,"Aldrick Rosas","DET","K",2021
"1699","00-0035538",1515,-0.00320459620803647,0.0214203778328623,-0.000291326928003315,"Emeke Egbule","LAC","LB",2021
"1700","00-0036267",1821,-0.003218323416984,0.0207982413695559,-0.000292574856089455,"Jedrick Wills","CLE","OL",2021
"1701","00-0033914",937,-0.00326173101685282,0.0212695691700344,-0.000296521001532074,"Alex Anzalone","DET","LB",2021
"1702","00-0031382",365,-0.00326469075360537,0.0202941219003208,-0.000296790068509579,"Jarvis Landry","CLE","WR",2021
"1703","00-0032403",559,-0.00326475919477438,0.0206187374682142,-0.000296796290434034,"Juston Burris","CAR","DB",2021
"1704","00-0034488",1135,-0.00327048701438015,0.0204830337247523,-0.000297317001307286,"Tavierre Thomas","HOU","DB",2021
"1705","00-0035099",1339,-0.00327133015978172,0.0211806117140796,-0.000297393650889247,"Khari Blasingame","TEN","RB",2021
"1706","00-0029643",163,-0.00327348881006962,0.0214180249949233,-0.000297589891824511,"Whitney Mercilus","GB","DL",2021
"1707","00-0035526",1507,-0.0032925456398771,0.0206763907853031,-0.000299322330897918,"Elgton Jenkins","GB","OL",2021
"1708","00-0022924",5,-0.00329407896544769,0.0208578365416221,-0.000299461724131608,"Ben Roethlisberger","PIT","QB",2021
"1709","00-0036983",2274,-0.00330909963594224,0.0195169217322857,-0.000300827239631113,"Kendrick Green","PIT","OL",2021
"1710","00-0033969",970,-0.00331932698672644,0.020725341708451,-0.000301756998793312,"Ifeadi Odenigbo","CLE","DL",2021
"1711","00-0035061",1332,-0.0033297764854297,0.0222691183766514,-0.000302706953220882,"Alex Bars","CHI","OL",2021
"1712","00-0036284",1837,-0.00333255731537617,0.0215777135629538,-0.000302959755943288,"Mekhi Becton","NYJ","OL",2021
"1713","00-0030312",225,-0.00333899580828082,0.0218667613700665,-0.000303545073480075,"Jahleel Addae","IND","DB",2021
"1714","00-0036278",1832,-0.00334955878757789,0.0207917961567329,-0.000304505344325263,"Jason Huntley","PHI","RB",2021
"1715","00-0034275",1032,-0.00336636294944242,0.0208366379516803,-0.000306032995403856,"Folorunso Fatukasi","NYJ","DL",2021
"1716","00-0035304",1438,-0.00336798896193566,0.0212549558876206,-0.000306180814721423,"Cullen Gillaspia","NYG","RB",2021
"1717","00-0036010",1696,-0.00337302757013822,0.0205728043970688,-0.000306638870012566,"Jalen Elliott","DET","DB",2021
"1718","00-0036493",1994,-0.00338964421830378,0.0221098709528861,-0.000308149474391253,"Deon Jackson","IND","RB",2021
"1719","00-0036920",2222,-0.00339823163002689,0.0222953832807529,-0.000308930148184263,"Marlon Tuipulotu","PHI","DL",2021
"1720","00-0036767",2136,-0.00340178921018821,0.0213977138224832,-0.000309253564562565,"Austin Faoliu","DAL","DL",2021
"1721","00-0033123",733,-0.00340902853030525,0.0208861858932665,-0.000309911684573205,"Yannick Ngakoue","LV","DL",2021
"1722","00-0032466",585,-0.00341554003433544,0.0202645141802643,-0.00031050363948504,"George Fant","NYJ","OL",2021
"1723","00-0032813",648,-0.00342154048563545,0.0217520440073419,-0.000311049135057768,"Elijhaa Penny","NYG","RB",2021
"1724","00-0031269",329,-0.00342639263772223,0.0216307052374273,-0.00031149023979293,"T.J. Carrie","IND","DB",2021
"1725","00-0035650",1558,-0.00343006808535286,0.0203766044569669,-0.000311824371395714,"Justin Layne","PIT","DB",2021
"1726","00-0036011",1697,-0.00343072984765069,0.0208980238449565,-0.000311884531604608,"Bobby Price","DET","DB",2021
"1727","00-0036260",1815,-0.00344005151190925,0.0212439856436489,-0.000312731955628113,"Javon Kinlaw","SF","DL",2021
"1728","00-0035687",1587,-0.00344145073397033,0.0209236650251005,-0.000312859157633667,"Bobby Okereke","IND","LB",2021
"1729","00-0036632",2069,-0.00344301576843564,0.0215680928638643,-0.000313001433494149,"Joshua Kaindoh","KC","DL",2021
"1730","00-0036846",2160,-0.0034639779870872,0.0202736659536005,-0.0003149070897352,"Tre Norwood","PIT","DB",2021
"1731","00-0036162",1747,-0.00346877658750244,0.020472026745227,-0.000315343326136585,"Tyler Bass","BUF","K",2021
"1732","00-0034342",1052,-0.00347945525198043,0.0210711076082076,-0.000316314113816403,"Quenton Nelson","IND","OL",2021
"1733","00-0036264",1818,-0.00349139111204756,0.0211181159656346,-0.000317399192004324,"Jordan Love","GB","QB",2021
"1734","00-0033038",691,-0.00350032564475367,0.019371472768555,-0.000318211422250334,"Eric Murray","HOU","DB",2021
"1735","00-0036907",2210,-0.00351971250883349,0.0205879434669349,-0.000319973864439408,"Dazz Newsome","CHI","WR",2021
"1736","00-0032416",565,-0.00352624030856178,0.0206257080309389,-0.000320567300778344,"Quinton Jefferson","LV","DL",2021
"1737","00-0031061",298,-0.0035503588994627,0.020644857819063,-0.000322759899951155,"Dontae Johnson","SF","DB",2021
"1738","00-0035048",1331,-0.00355061860375884,0.0210272225259994,-0.000322783509432622,"Wyatt Ray","CIN","DL",2021
"1739","00-0036311",1862,-0.00355165047839601,0.0209141736254975,-0.000322877316217819,"Bravvion Roy","CAR","DL",2021
"1740","00-0035645",1554,-0.00355931561758987,0.0220607909884105,-0.000323574147053624,"Gunner Olszewski","NE","WR",2021
"1741","00-0035950",1672,-0.00357335433522194,0.0216107029850538,-0.000324850394111085,"Myles Hartsfield","CAR","DB",2021
"1742","00-0035924",1663,-0.00357517594349778,0.0223515258836986,-0.000325015994863434,"Jonathan Ward","ARI","RB",2021
"1743","00-0035210",1371,-0.00357680321484017,0.0228836913879801,-0.000325163928621834,"Herb Miller","CLE","DB",2021
"1744","00-0034088",983,-0.00359495689970319,0.0217048529132751,-0.000326814263609381,"Robert Jackson","BAL","DB",2021
"1745","00-0035507",1500,-0.00359829205498865,0.0205063267207994,-0.000327117459544423,"Kyle Phillips","NYJ","DL",2021
"1746","00-0028042",94,-0.00359857059908335,0.0210879834015705,-0.00032714278173485,"Luke Stocker","MIN","TE",2021
"1747","00-0036896",2200,-0.00360636346080599,0.0210433762013672,-0.000327851223709636,"Victor Dimukeje","ARI","LB",2021
"1748","00-0035355",1459,-0.00362596558172095,0.0209285010140256,-0.000329633234701904,"Blake Hance","CLE","OL",2021
"1749","00-0036842",2156,-0.00364088989334579,0.0219773048397759,-0.000330989990304163,"Kene Nwangwu","MIN","RB",2021
"1750","00-0033400",790,-0.00365479366216491,0.0212750386597778,-0.000332253969287719,"Matt Haack","BUF","P",2021
"1751","00-0031546",389,-0.0036767519694746,0.0206188045387153,-0.000334250179043145,"Trae Waynes","CIN","DB",2021
"1752","00-0028118",101,-0.00367798571875047,0.0206339603911781,-0.000334362338068225,"Tyrod Taylor","HOU","QB",2021
"1753","00-0027939",71,-0.00368909312513264,0.0206914733311997,-0.000335372102284786,"Cam Newton","CAR","QB",2021
"1754","00-0036244",1801,-0.00368909759043129,0.0204536194240378,-0.000335372508221026,"Colby Parkinson","SEA","TE",2021
"1755","00-0035549",1520,-0.00369483503659618,0.0218645555281264,-0.000335894094236017,"Noah Dawkins","NYJ","LB",2021
"1756","00-0022531",3,-0.00369575094843177,0.0211555884749393,-0.000335977358948343,"Jason Peters","CHI","OL",2021
"1757","00-0032052",468,-0.00370419132134697,0.0205210119999461,-0.000336744665576997,"Dante Fowler","ATL","LB",2021
"1758","00-0036856",2168,-0.00371813392542487,0.021432891069162,-0.000338012175038624,"Trey Hill","CIN","OL",2021
"1759","00-0032774",630,-0.00372950063340347,0.0201505074078524,-0.000339045512127588,"Deon Bush","CHI","DB",2021
"1760","00-0036338",1886,-0.00373512450755889,0.0218358301455122,-0.000339556773414445,"Troy Dye","MIN","LB",2021
"1761","00-0032081",478,-0.00374351585465412,0.021695820161189,-0.000340319623150375,"Nick Dzubnar","TEN","LB",2021
"1762","00-0036282",1835,-0.00375300341141718,0.0193957995884944,-0.000341182128310653,"Grant Delpit","CLE","DB",2021
"1763","00-0034773",1221,-0.00375583568130982,0.0197037913006322,-0.000341439607391802,"Vita Vea","TB","DL",2021
"1764","00-0036689",2109,-0.00376912570211789,0.0219787739271486,-0.000342647791101627,"Marvin Wilson","PHI","DL",2021
"1765","00-0032382",544,-0.00376912655973065,0.0207930230655717,-0.000342647869066423,"Keanu Neal","DAL","LB",2021
"1766","00-0027965",84,-0.00377601292411046,0.0215583099763108,-0.00034327390219186,"Jimmy Smith","BAL","DB",2021
"1767","00-0034771",1220,-0.00380426864076561,0.020847163992258,-0.000345842603705965,"Mason Rudolph","PIT","QB",2021
"1768","00-0033446",798,-0.00380616209468842,0.0228347412066052,-0.000346014735880766,"Jordan Simmons","LV","OL",2021
"1769","00-0036849",2162,-0.00380729002279774,0.0221877133148996,-0.000346117274799795,"Tutu Atwell","LA","WR",2021
"1770","00-0031557",398,-0.00382705960071993,0.0220235485850448,-0.000347914509156357,"Jordan Phillips","ARI","DL",2021
"1771","00-0034762",1214,-0.00382836980646302,0.020839389755113,-0.000348033618769365,"Billy Price","NYG","OL",2021
"1772","00-0030665",268,-0.00383043970396342,0.0206207267791453,-0.000348221791269402,"Daniel Sorensen","KC","DB",2021
"1773","00-0036650",2084,-0.0038377212966408,0.0224251474945638,-0.000348883754240072,"Larry Rountree","LAC","RB",2021
"1774","00-0036118",1732,-0.00384752421885438,0.0209537985921231,-0.000349774928986762,"Jovante Moffatt","CLE","DB",2021
"1775","00-0030669",269,-0.00385354917831291,0.0210067439844037,-0.000350322652573901,"Albert Wilson","MIA","WR",2021
"1776","00-0032497",588,-0.00388184209095835,0.0216141782522984,-0.000352894735541669,"Reid Ferguson","BUF","LS",2021
"1777","00-0034587",1155,-0.0038989156403002,0.0224019472491618,-0.000354446876390928,"Abdullah Anderson","GB","DL",2021
"1778","00-0034468",1131,-0.00390310266781638,0.0205459361366129,-0.000354827515256035,"Chandon Sullivan","GB","DB",2021
"1779","00-0035352",1458,-0.00390837641223637,0.0218379182312027,-0.000355306946566943,"Tyrel Dodson","BUF","LB",2021
"1780","00-0036385",1926,-0.00390944934194325,0.0217459605008804,-0.000355404485631204,"Thakarius Keyes","CHI","DB",2021
"1781","00-0033598",852,-0.00391594812483487,0.0210194945941015,-0.000355995284075897,"Eli Ankou","BUF","DL",2021
"1782","00-0034435",1117,-0.00391927809476995,0.0203016573061825,-0.00035629800861545,"Keion Crossen","NYG","DB",2021
"1783","00-0036491",1993,-0.00392094923021853,0.0218341423570144,-0.000356449930019866,"Tarik Black","NYJ","WR",2021
"1784","00-0030471",243,-0.00394105399815174,0.0212888150070315,-0.000358277636195612,"Shawn Williams","ATL","DB",2021
"1785","00-0033269",753,-0.00394796305532437,0.0219959499209637,-0.000358905732302216,"Rigoberto Sanchez","IND","P",2021
"1786","00-0035659",1564,-0.00394975294356,0.0212859199441382,-0.000359068449414546,"Terry McLaurin","WAS","WR",2021
"1787","00-0034365",1072,-0.0039547865244029,0.0212829697915167,-0.000359526047672991,"Ian Thomas","CAR","TE",2021
"1788","00-0033283",758,-0.00397990593108997,0.0207665052742113,-0.000361809630099088,"Tyus Bowser","BAL","LB",2021
"1789","00-0036844",2158,-0.00398044535945598,0.020645297067887,-0.000361858669041452,"Garret Wallow","HOU","LB",2021
"1790","00-0033308",773,-0.00398408507864332,0.0212355459775497,-0.000362189552603938,"Matt Breida","BUF","RB",2021
"1791","00-0035393",1474,-0.0039931223874742,0.0215234357830211,-0.000363011126134018,"Anthony Chesley","IND","DB",2021
"1792","00-0035827",1633,-0.00400135759750051,0.0205151410098891,-0.000363759781590955,"Ross Matiscik","JAX","LS",2021
"1793","00-0036413",1953,-0.00400150833954472,0.0203649471841882,-0.000363773485413157,"Darrell Taylor","SEA","DL",2021
"1794","00-0036379",1922,-0.00400694093557113,0.0223032819385408,-0.000364267357779194,"Bradlee Anae","DAL","DL",2021
"1795","00-0031362",356,-0.00401280800651763,0.0206772420266349,-0.000364800727865239,"Trai Turner","PIT","OL",2021
"1796","00-0036991",2282,-0.00401404769555428,0.021563582888915,-0.000364913426868571,"Amari Rodgers","GB","WR",2021
"1797","00-0034974",1309,-0.00402258848692225,0.0203668135769127,-0.000365689862447477,"Julian Love","NYG","DB",2021
"1798","00-0034320",1046,-0.00403551907058476,0.0215979865059598,-0.00036686537005316,"Kentavius Street","SF","DL",2021
"1799","00-0032528",593,-0.00404074406797707,0.0217270069849881,-0.000367340369816097,"Justin Murray","ARI","OL",2021
"1800","00-0034951",1296,-0.00404239689923961,0.0209767925199476,-0.000367490627203601,"Fred Johnson","CIN","OL",2021
"1801","00-0034831",1259,-0.00404783926589972,0.0204035468742291,-0.000367985387809065,"Rasheem Green","SEA","DL",2021
"1802","00-0033870",899,-0.00407895347593204,0.0207013878659413,-0.000370813952357458,"Solomon Thomas","LV","DL",2021
"1803","00-0036307",1858,-0.0040795955936695,0.0203787929981274,-0.000370872326697227,"Kindle Vildor","CHI","DB",2021
"1804","00-0036748",2130,-0.00408178647862625,0.020826238690389,-0.000371071498056931,"Jerry Jacobs","DET","DB",2021
"1805","00-0034899",1284,-0.0040819331299525,0.022258092472505,-0.000371084829995682,"John Wolford","LA","QB",2021
"1806","00-0029542",145,-0.00411744801830755,0.0221216225765412,-0.000374313456209777,"Stephon Gilmore","CAR","DB",2021
"1807","00-0035026",1327,-0.0041330560074201,0.0214245632778582,-0.000375732364310919,"Kevin Givens","SF","DL",2021
"1808","00-0035654",1560,-0.0041334440967567,0.0208753593147713,-0.0003757676451597,"Chase Winovich","NE","DL",2021
"1809","00-0034860",1279,-0.00414244913197606,0.0211499570450043,-0.000376586284725097,"Dante Pettis","NYG","WR",2021
"1810","00-0036399",1940,-0.0041432039298807,0.0212759743510775,-0.000376654902716428,"Netane Muti","DEN","OL",2021
"1811","00-0033296",766,-0.00415344774208591,0.0205799411443976,-0.000377586158371446,"Alex Armah","WAS","RB",2021
"1812","00-0030063",198,-0.00415420564827798,0.0203319960266309,-0.000377655058934362,"Johnathan Hankins","LV","DL",2021
"1813","00-0036724",2121,-0.00415615342959682,0.0219528814136862,-0.000377832129963347,"Mac McCain","PHI","DB",2021
"1814","00-0035984",1686,-0.00416463007032387,0.0205850225578107,-0.000378602733665806,"Blake Lynch","MIN","LB",2021
"1815","00-0036321",1870,-0.00416946703736547,0.0210650933679629,-0.000379042457942315,"Chase Young","WAS","DL",2021
"1816","00-0034846",1272,-0.00417017724506931,0.0203551138179134,-0.000379107022279029,"Darius Leonard","IND","LB",2021
"1817","00-0035903",1659,-0.00417071811112834,0.0217625920336601,-0.000379156191920758,"Joe Gaziano","LAC","DL",2021
"1818","00-0035657",1563,-0.00420755057105093,0.0207314643762512,-0.000382504597368266,"Damien Harris","NE","RB",2021
"1819","00-0033973",971,-0.00422274486127983,0.0210409914047311,-0.000383885896479984,"Elijah Lee","CLE","LB",2021
"1820","00-0034251",1023,-0.00422927515257259,0.0208568012359507,-0.000384479559324781,"Daniel Ekuale","NE","DL",2021
"1821","00-0033336",776,-0.00424688933839665,0.0208365239903455,-0.00038608084894515,"Eric Wilson","HOU","LB",2021
"1822","00-0033560",835,-0.00424814371551865,0.021631332697377,-0.000386194883228968,"Julien Davenport","IND","OL",2021
"1823","00-0031492",381,-0.00425386439552855,0.0202832077465484,-0.00038671494504805,"Jason Myers","SEA","K",2021
"1824","00-0027948",77,-0.00425443563711609,0.0226438118527738,-0.000386766876101462,"Blaine Gabbert","TB","QB",2021
"1825","00-0034874",1282,-0.0042707938805595,0.0203552478708645,-0.000388253989141772,"Roquan Smith","CHI","LB",2021
"1826","00-0030041",194,-0.00427277169646462,0.0222005588965627,-0.000388433790587693,"Nickell Robey","DET","DB",2021
"1827","00-0034687",1191,-0.00427405056472935,0.0211487192605462,-0.000388550051339032,"Korey Cunningham","NYG","OL",2021
"1828","00-0032725",613,-0.00428470744464401,0.0213895091187853,-0.000389518858604001,"Stephen Anderson","LAC","TE",2021
"1829","00-0035857",1644,-0.00430399799735135,0.0216690645249664,-0.000391272545213759,"Chris Williams","IND","DL",2021
"1830","00-0031608",417,-0.00431074184365357,0.0203916989330908,-0.000391885622150325,"Quandre Diggs","SEA","DB",2021
"1831","00-0029568",150,-0.00431485479350293,0.0204649539966717,-0.000392259526682084,"Malik Jackson","CLE","DL",2021
"1832","00-0036320",1869,-0.00431725705141181,0.020839070830821,-0.00039247791376471,"Joseph Charlton","JAX","P",2021
"1833","00-0035859",1645,-0.00433650022248147,0.0216821171299312,-0.000394227292952861,"Blake Gillikin","NO","P",2021
"1834","00-0031796",437,-0.00433740550699768,0.0200358770168928,-0.000394309591545243,"Justin Coleman","MIA","DB",2021
"1835","00-0034729",1197,-0.00434569257353195,0.0219359892864225,-0.000395062961230178,"Jamarco Jones","SEA","OL",2021
"1836","00-0033782",875,-0.00435628861917068,0.0207167589757243,-0.000396026238106426,"DeMarcus Walker","HOU","DL",2021
"1837","00-0032378",540,-0.00436197667180748,0.020300718425605,-0.00039654333380068,"DeForest Buckner","IND","DL",2021
"1838","00-0033275",754,-0.00436208436099431,0.0221219604114819,-0.000396553123726756,"Phillip Walker","CAR","QB",2021
"1839","00-0034359",1068,-0.00438014016180853,0.0227847723068951,-0.000398194560164411,"Tyquan Lewis","IND","DL",2021
"1840","00-0035715",1607,-0.00438075091561684,0.0211728245682026,-0.000398250083237894,"Derrick Gore","KC","RB",2021
"1841","00-0025580",17,-0.0043867918883437,0.0214709909788958,-0.0003987992625767,"Mason Crosby","GB","K",2021
"1842","00-0031844",442,-0.00438721794171425,0.0210810934985613,-0.000398837994701295,"Deshazor Everett","WAS","DB",2021
"1843","00-0035666",1570,-0.00438934827293884,0.0219163885703444,-0.000399031661176258,"Bobby Evans","LA","OL",2021
"1844","00-0034104",986,-0.00439241575657334,0.0216663257881183,-0.000399310523324849,"Cam Sims","WAS","WR",2021
"1845","00-0029685",172,-0.0044008919238687,0.0213170663858922,-0.000400081083988063,"Greg Van Roten","NYJ","OL",2021
"1846","00-0032065",476,-0.00442000771905953,0.0213123669236861,-0.000401818883550866,"Bradley Pinion","TB","P",2021
"1847","00-0030761",274,-0.00442080282964778,0.0200276237663384,-0.000401891166331617,"Joe Thomas","BAL","LB",2021
"1848","00-0026027",20,-0.00442815263645339,0.0212491702863103,-0.000402559330586671,"J.J. Jansen","CAR","LS",2021
"1849","00-0035022",1326,-0.0044324774176013,0.0211195917769341,-0.000402952492509209,"Penny Hart","SEA","WR",2021
"1850","00-0031547",390,-0.00444406128272791,0.0202338941071489,-0.000404005571157083,"DeVante Parker","MIA","WR",2021
"1851","00-0027662",50,-0.00445787060586592,0.0203908811511137,-0.00040526096416963,"Carlos Dunlap","SEA","LB",2021
"1852","00-0031410",374,-0.00447246994684578,0.0216707002789605,-0.00040658817698598,"Xavier Su'a-Filo","CIN","OL",2021
"1853","00-0036656",2089,-0.00448424629460497,0.0226155083042902,-0.000407658754054997,"Brady Breeze","DET","DB",2021
"1854","00-0031596",414,-0.00448604859495363,0.0200171906364077,-0.000407822599541239,"David Mayo","WAS","LB",2021
"1855","00-0036233",1791,-0.0044881270415973,0.0204853893237979,-0.000408011549236118,"Donovan Peoples-Jones","CLE","WR",2021
"1856","00-0034265",1027,-0.00449133709179686,0.0209814858465798,-0.000408303371981533,"Anthony Averett","BAL","DB",2021
"1857","00-0034171",1010,-0.0044916225458463,0.0210369799875588,-0.000408329322349664,"Jason Cabinda","DET","RB",2021
"1858","00-0027885",69,-0.00450002377466273,0.020658366247633,-0.000409093070423884,"Linval Joseph","LAC","DL",2021
"1859","00-0030064",199,-0.00450592636840858,0.0212941117343059,-0.000409629669855325,"Jon Bostic","WAS","LB",2021
"1860","00-0032419",566,-0.00450900241921951,0.0205718598934861,-0.000409909310838137,"Joe Haeg","PIT","OL",2021
"1861","00-0036274",1828,-0.00451827796201626,0.0214699346086319,-0.000410752542001478,"Jeff Okudah","DET","DB",2021
"1862","00-0034333",1049,-0.00452712100334908,0.0211600524978777,-0.000411556454849917,"Daron Payne","WAS","DL",2021
"1863","00-0033367",782,-0.00453331430863882,0.0211214491457072,-0.000412119482603529,"C.J. Board","NYG","WR",2021
"1864","00-0032807",646,-0.00453795737176433,0.0214922402987293,-0.000412541579251302,"Clayton Fejedelem","MIA","DB",2021
"1865","00-0036077",1717,-0.00454691498422966,0.0219491944626992,-0.000413355907657242,"Juju Hughes","LA","DB",2021
"1866","00-0035906",1660,-0.00456649841859807,0.0213431893718893,-0.000415136219872552,"Jessie Lemonier","DET","DL",2021
"1867","00-0036422",1962,-0.00457411918301246,0.0201875200938817,-0.000415829016637496,"Adam Trautman","NO","TE",2021
"1868","00-0035976",1683,-0.00457707672441882,0.0222933130592772,-0.000416097884038075,"Dan Chisena","MIN","WR",2021
"1869","00-0032770",626,-0.00458142152465393,0.0205245936671806,-0.00041649286587763,"Tavon Young","BAL","DB",2021
"1870","00-0035101",1340,-0.00458824653832109,0.022405889543886,-0.000417113321665553,"Davion Davis","HOU","WR",2021
"1871","00-0034204",1017,-0.00459675565747032,0.0207358446168044,-0.000417886877951847,"Olasunkanmi Adeniyi","TEN","LB",2021
"1872","00-0034505",1140,-0.00459926073835621,0.0207757937836733,-0.000418114612577837,"Ike Boettger","BUF","OL",2021
"1873","00-0032951",667,-0.00460579256824885,0.0198898899631387,-0.00041870841529535,"Laquon Treadwell","JAX","WR",2021
"1874","00-0033125",735,-0.00461935180372472,0.0205339835247497,-0.000419941073065883,"Joe Schobert","PIT","LB",2021
"1875","00-0032942",664,-0.00464372164465662,0.0206107869426317,-0.000422156513150602,"Kevon Seymour","BAL","DB",2021
"1876","00-0033063",705,-0.00464596242942678,0.0217047739311631,-0.00042236022085698,"Zach Wood","NO","LS",2021
"1877","00-0034346",1056,-0.00466870174225992,0.0198822190764789,-0.000424427431114538,"Will Hernandez","NYG","OL",2021
"1878","00-0030829",278,-0.00471054250369402,0.0212668899188856,-0.000428231136699457,"Josh Wells","TB","OL",2021
"1879","00-0033955",964,-0.00471167340798539,0.0206391451581678,-0.00042833394618049,"Jeremy McNichols","TEN","RB",2021
"1880","00-0035656",1562,-0.0047178747663859,0.0222144744757257,-0.000428897706035082,"Khalen Saunders","KC","DL",2021
"1881","00-0035703",1599,-0.00472151701741743,0.0217883285144255,-0.000429228819765221,"Miles Boykin","BAL","WR",2021
"1882","00-0031253",322,-0.00472290323852024,0.0207091764197224,-0.000429354839865476,"K'Waun Williams","SF","DB",2021
"1883","00-0035273",1418,-0.00473062623168613,0.0212503791189332,-0.000430056930153285,"Qadree Ollison","ATL","RB",2021
"1884","00-0032525",592,-0.0047336960171261,0.0207220842298056,-0.000430336001556919,"Jarrod Wilson","SF","DB",2021
"1885","00-0035245",1396,-0.00473928087854497,0.0204240745173802,-0.000430843716231361,"Max Scharping","HOU","OL",2021
"1886","00-0034816",1251,-0.00476011719792522,0.0212404706844518,-0.000432737927084111,"Ronald Jones","TB","RB",2021
"1887","00-0036662",2095,-0.00476368124228201,0.0227342822327423,-0.000433061931116547,"Kary Vincent","PHI","DB",2021
"1888","00-0029255",131,-0.00477259366613061,0.0207301793674597,-0.000433872151466419,"Bobby Wagner","SEA","LB",2021
"1889","00-0029959",190,-0.00477656061741362,0.0219088240029514,-0.000434232783401238,"Carson Tinker","LA","LS",2021
"1890","00-0036059",1713,-0.00478563301459725,0.0212678258394002,-0.000435057546781568,"Tyler Mabry","SEA","TE",2021
"1891","00-0032424",568,-0.0047888343978151,0.0213768196401822,-0.000435348581619554,"D.J. Reader","CIN","DL",2021
"1892","00-0036510",2003,-0.00478990313590909,0.0223874161119637,-0.000435445739628099,"Kenny Yeboah","NYJ","TE",2021
"1893","00-0032320",536,-0.00481100667119795,0.019972794468873,-0.000437364242836177,"Erik Harris","ATL","DB",2021
"1894","00-0033403",791,-0.0048193264072817,0.0209163556031857,-0.000438120582480155,"Cameron Malveaux","PHI","DL",2021
"1895","00-0034668",1176,-0.00483300328659867,0.0212572027817993,-0.000439363935145334,"Aaron Stinnie","TB","OL",2021
"1896","00-0031947",459,-0.0048446518116304,0.0205440765568782,-0.0004404228919664,"Tyeler Davison","ATL","DL",2021
"1897","00-0035280",1423,-0.00486639614485565,0.0210668130438784,-0.000442399649532332,"Jake Bailey","NE","P",2021
"1898","00-0036646",2081,-0.00486803580447566,0.0214150252707768,-0.000442548709497787,"Simi Fehoko","DAL","WR",2021
"1899","00-0033129",737,-0.00487798680098871,0.020180846682398,-0.000443453345544428,"Carl Nassib","LV","DL",2021
"1900","00-0032463",583,-0.00488069323276501,0.0213070345347083,-0.000443699384796819,"Kyle Peko","TEN","DL",2021
"1901","00-0035238",1389,-0.00488452556985997,0.0204375761340613,-0.000444047779078179,"Cody Ford","BUF","OL",2021
"1902","00-0033611",853,-0.00489893181643237,0.0212508128719292,-0.000445357437857488,"Ricky Seals-Jones","WAS","TE",2021
"1903","00-0037011",2302,-0.00491727082491266,0.0202672867124017,-0.000447024620446605,"Tre' McKitty","LAC","TE",2021
"1904","00-0034248",1021,-0.00495920083254222,0.0218161046807488,-0.00045083643932202,"Elijah Campbell","MIA","DB",2021
"1905","00-0036334",1882,-0.00496909663258811,0.021465512758216,-0.00045173605750801,"Saahdiq Charles","WAS","OL",2021
"1906","00-0035300",1436,-0.00498181000653885,0.0209322228884579,-0.000452891818776259,"Dennis Daley","CAR","OL",2021
"1907","00-0036173",1754,-0.00498257202733775,0.0220276005385595,-0.00045296109339434,"Tommy Hudson","TEN","TE",2021
"1908","00-0036316",1866,-0.00498387089073763,0.0209923551508643,-0.000453079171885239,"Chris Claybrooks","JAX","DB",2021
"1909","00-0036871",2181,-0.00498598536674041,0.0205120350599969,-0.000453271396976401,"Nate Hobbs","LV","DB",2021
"1910","00-0036114",1731,-0.00501498355445408,0.0213977134087506,-0.000455907595859462,"A.J. Green","CLE","DB",2021
"1911","00-0029577",152,-0.00504224047019815,0.0211790673505651,-0.000458385497290741,"Danny Trevathan","CHI","LB",2021
"1912","00-0033260",751,-0.00505337344784512,0.0216374722046962,-0.000459397586167738,"Thomas Hennessy","NYJ","LS",2021
"1913","00-0036403",1944,-0.00505423859402559,0.0211028302625837,-0.000459476235820508,"Casey Toohill","WAS","DL",2021
"1914","00-0034966",1303,-0.00505917274325314,0.0212229529763554,-0.000459924794841195,"D'Angelo Ross","NE","DB",2021
"1915","00-0036926",2227,-0.00508147280878448,0.0221488036018097,-0.000461952073525862,"Payton Turner","NO","DL",2021
"1916","00-0035399",1475,-0.00510607556482969,0.0200812459125338,-0.00046418868771179,"Stanley Morgan","CIN","WR",2021
"1917","00-0029008",121,-0.00511322428055228,0.0213346632988169,-0.000464838570959299,"Charley Hughlett","CLE","LS",2021
"1918","00-0034296",1038,-0.00511452687460761,0.0202176028519475,-0.000464956988600692,"Ben Niemann","KC","LB",2021
"1919","00-0033885",913,-0.00512368342271379,0.0198796159898094,-0.00046578940206489,"David Njoku","CLE","TE",2021
"1920","00-0036254",1810,-0.00512693472028656,0.0209789086458306,-0.000466084974571505,"Collin Johnson","NYG","WR",2021
"1921","00-0035704",1600,-0.00512732131233416,0.021446475983414,-0.000466120119303106,"Drew Lock","DEN","QB",2021
"1922","00-0035625",1538,-0.00515339295575773,0.0204285672564685,-0.000468490268705248,"Juan Thornhill","KC","DB",2021
"1923","00-0035993",1690,-0.00516135785981141,0.021414900211353,-0.000469214350891946,"Tyler Huntley","BAL","QB",2021
"1924","00-0034485",1133,-0.00516475981354252,0.0205116846643626,-0.000469523619412956,"Jonathan Owens","HOU","DB",2021
"1925","00-0036652",2085,-0.00518433832979056,0.0220062037015034,-0.000471303484526414,"Racey McMath","TEN","WR",2021
"1926","00-0030694",270,-0.00519448952104909,0.0208961725722164,-0.000472226320095371,"James Hurst","NO","OL",2021
"1927","00-0034334",1050,-0.00520038681623896,0.0208472867689398,-0.000472762437839906,"Troy Apke","WAS","DB",2021
"1928","00-0033897",924,-0.00520079249377498,0.0208778725798435,-0.000472799317615907,"Joe Mixon","CIN","RB",2021
"1929","00-0036268",1822,-0.00521259112551322,0.0207593579430493,-0.000473871920501202,"Laviska Shenault","JAX","WR",2021
"1930","00-0036007",1695,-0.00521868477977482,0.0214398857459154,-0.000474425889070439,"Raequan Williams","PHI","DL",2021
"1931","00-0034721",1193,-0.00521966951898105,0.0211343945132251,-0.000474515410816459,"Corey Bojorquez","GB","P",2021
"1932","00-0034843",1269,-0.00521994793425907,0.021034929221185,-0.000474540721296279,"Mike Hughes","KC","DB",2021
"1933","00-0034571",1150,-0.00522169053851085,0.0212105415315128,-0.000474699139864623,"Trenton Scott","CAR","OL",2021
"1934","00-0031325",342,-0.00523234299223055,0.0210193735573688,-0.000475667544748232,"Sammy Watkins","BAL","WR",2021
"1935","00-0033932",949,-0.00524738043219094,0.021095962482917,-0.000477034584744631,"Kenny Golladay","NYG","WR",2021
"1936","00-0032434",572,-0.00525464419042096,0.0217597480527133,-0.000477694926401905,"Brandon Allen","CIN","QB",2021
"1937","00-0032442",576,-0.00526742538114594,0.0208627479720972,-0.000478856852831449,"Elandon Roberts","MIA","LB",2021
"1938","00-0030503",246,-0.00527217127461592,0.0207951282120679,-0.000479288297692356,"Alex Okafor","KC","DL",2021
"1939","00-0036351",1899,-0.00527967382484434,0.020811023580558,-0.000479970347713122,"James Smith-Williams","WAS","DL",2021
"1940","00-0036383",1925,-0.00528557248105533,0.0219559597070362,-0.000480506589186848,"Eno Benjamin","ARI","RB",2021
"1941","00-0033439",797,-0.00528702711101442,0.0207007780453335,-0.000480638828274038,"Pharaoh Brown","HOU","TE",2021
"1942","00-0036962",2258,-0.00528877464083089,0.0215355534928021,-0.00048079769462099,"Trevon Moehrig","LV","DB",2021
"1943","00-0035406",1479,-0.00530154188622769,0.0207722394331139,-0.000481958353293426,"Lil'Jordan Humphrey","NO","WR",2021
"1944","00-0035726",1611,-0.00530200762767687,0.019927664743468,-0.00048200069342517,"Jakob Johnson","NE","RB",2021
"1945","00-0030869",280,-0.00530503397365422,0.0216736988924058,-0.000482275815786747,"Tyler Larsen","WAS","OL",2021
"1946","00-0035693",1591,-0.00531092570019203,0.0209275171143244,-0.000482811427290185,"Johnathan Abram","LV","DB",2021
"1947","00-0031177",314,-0.00531729196988003,0.0210091580792587,-0.000483390179080002,"Brent Urban","DAL","DL",2021
"1948","00-0036566",2031,-0.00534763749140091,0.0220565287748712,-0.000486148862854628,"Deonte Brown","CAR","OL",2021
"1949","00-0036332",1880,-0.00535180975296749,0.0204054579926189,-0.000486528159360681,"Josiah Deguara","GB","TE",2021
"1950","00-0035567",1522,-0.0053553839471279,0.0217461308872082,-0.000486853086102536,"Craig Reynolds","DET","RB",2021
"1951","00-0031893",447,-0.00535700266281695,0.02130594852868,-0.000487000242074268,"Jesse Davis","MIA","OL",2021
"1952","00-0036979",2270,-0.00536601710316496,0.0202177318854975,-0.00048781973665136,"Alijah Vera-Tucker","NYJ","OL",2021
"1953","00-0033543",823,-0.00537217017855544,0.0208488369582331,-0.000488379107141404,"Sidney Jones","SEA","DB",2021
"1954","00-0036603",2048,-0.00539327824196031,0.0223632016231144,-0.000490298021996392,"Alaric Jackson","LA","OL",2021
"1955","00-0035588",1525,-0.00539618030818153,0.0202084690822698,-0.000490561846198321,"Garrett Bradbury","MIN","OL",2021
"1956","00-0036914",2216,-0.00539759529311123,0.0201474173521357,-0.00049069048119193,"Gregory Rousseau","BUF","DL",2021
"1957","00-0032975",681,-0.00541097706904271,0.0208992258834535,-0.00049190700627661,"Jonathan Williams","WAS","RB",2021
"1958","00-0033084",714,-0.00543042153548007,0.0197883379262355,-0.000493674685043643,"Kendall Fuller","WAS","DB",2021
"1959","00-0035270",1416,-0.00544437514947543,0.0204716689064889,-0.000494943195406857,"Amani Oruwariye","DET","DB",2021
"1960","00-0036248",1804,-0.0054464860176612,0.019939854112751,-0.000495135092514655,"Austin Jackson","MIA","OL",2021
"1961","00-0036341",1889,-0.0054470841476612,0.021988672873579,-0.0004951894679692,"Khalid Kareem","CIN","DL",2021
"1962","00-0035243",1394,-0.00545398670201196,0.0204939083923145,-0.000495816972910178,"Miles Sanders","PHI","RB",2021
"1963","00-0034743",1202,-0.0054661901397339,0.0202211102258365,-0.000496926376339445,"Rashaan Evans","TEN","LB",2021
"1964","00-0033918",939,-0.00547077100042934,0.0211089631800918,-0.000497342818220849,"Fabian Moreau","ATL","DB",2021
"1965","00-0035537",1514,-0.00548361966236316,0.0203034214099176,-0.000498510878396651,"Ty Johnson","NYJ","RB",2021
"1966","00-0031105",306,-0.0054952721407309,0.0207754844563126,-0.0004995701946119,"Zach Kerr","CIN","DL",2021
"1967","00-0036020",1700,-0.00550093637776915,0.0215160215166383,-0.000500085125251741,"Salvon Ahmed","MIA","RB",2021
"1968","00-0036318",1867,-0.00553372844058996,0.021866512865098,-0.000503066221871814,"Lachavious Simmons","CHI","OL",2021
"1969","00-0036570",2035,-0.00554273610634365,0.0224797172569263,-0.000503885100576695,"Rodarius Williams","NYG","DB",2021
"1970","00-0034396",1099,-0.00554995352743967,0.0201184858572451,-0.000504541229767242,"Jermaine Carter","CAR","LB",2021
"1971","00-0029164",126,-0.00555057644537174,0.0204832320038338,-0.000504597858670158,"Mike Remmers","KC","OL",2021
"1972","00-0032809",647,-0.00557351666471396,0.0212593567780794,-0.000506683333155814,"Joe Walker","ARI","LB",2021
"1973","00-0035259",1407,-0.00557444205988389,0.0205686730543999,-0.000506767459989445,"Trevon Wesco","NYJ","TE",2021
"1974","00-0031551",393,-0.00557468167702545,0.0212243002594692,-0.00050678924336595,"Eddie Goldman","CHI","DL",2021
"1975","00-0033251",749,-0.00559143831314675,0.0208936437166664,-0.000508312573922431,"Zach Pascal","IND","WR",2021
"1976","00-0033905",929,-0.0055947590942314,0.0205031087941707,-0.000508614463111945,"Larry Ogunjobi","CIN","DL",2021
"1977","00-0032098",481,-0.00559872785164503,0.0205472754618231,-0.000508975259240457,"Daniel Brown","NYJ","TE",2021
"1978","00-0032655",606,-0.00562249835935106,0.0216917828497356,-0.00051113621448646,"Romeo Okwara","DET","LB",2021
"1979","00-0036239",1797,-0.00562302455607271,0.0206697897558346,-0.000511184050552064,"Jonathan Garvin","GB","LB",2021
"1980","00-0033357",780,-0.00562358585561254,0.0205266029534778,-0.000511235077782958,"Taysom Hill","NO","QB",2021
"1981","00-0035135",1349,-0.00564179962543144,0.0222374410567383,-0.000512890875039222,"Tim Ward","NYJ","DL",2021
"1982","00-0035240",1391,-0.0056441256055396,0.0212907967644098,-0.000513102327776327,"Jahlani Tavai","NE","LB",2021
"1983","00-0032366",539,-0.0056771249001991,0.0208257152700526,-0.000516102263654463,"Tyler Matakevich","BUF","LB",2021
"1984","00-0034728",1196,-0.00567952437027069,0.0214982363869019,-0.000516320397297335,"Jaire Alexander","GB","DB",2021
"1985","00-0031787",435,-0.00569152272503476,0.0204489861765306,-0.000517411156821342,"Jake Kumerow","BUF","WR",2021
"1986","00-0034981",1312,-0.00569922857717098,0.0211053781836846,-0.000518111688833725,"Foster Moreau","LV","TE",2021
"1987","00-0033540",820,-0.00570535547955262,0.0219588145310494,-0.00051866867995933,"Takkarist McKinley","CLE","DL",2021
"1988","00-0034388",1093,-0.00571303221916557,0.0208660023769564,-0.000519366565378688,"Davontae Harris","LAC","DB",2021
"1989","00-0032355",538,-0.00572155017824797,0.0205991957283741,-0.00052014092529527,"Chester Rogers","TEN","WR",2021
"1990","00-0029747",178,-0.00572241235620705,0.0221405279098816,-0.000520219305109732,"Chris Banjo","ARI","DB",2021
"1991","00-0027966",85,-0.00572491177652433,0.0208079067534189,-0.000520446525138575,"Mark Ingram","NO","RB",2021
"1992","00-0033576",843,-0.00574098609333404,0.0197848521926086,-0.000521907826666731,"Eric Saubert","DEN","TE",2021
"1993","00-0035317",1445,-0.00578055861088116,0.0222106347590457,-0.000525505328261924,"Joshua Miles","ARI","OL",2021
"1994","00-0027955",81,-0.0057839176653321,0.020385801728225,-0.000525810696848372,"Nate Solder","NYG","OL",2021
"1995","00-0033941",954,-0.00578926791157175,0.0206143146414577,-0.000526297082870159,"Rayshawn Jenkins","JAX","DB",2021
"1996","00-0035890",1653,-0.00579981518473271,0.0201335549787522,-0.000527255925884792,"Tershawn Wharton","KC","DL",2021
"1997","00-0036349",1897,-0.00580249654913681,0.0200400958677686,-0.000527499686285164,"Kamren Curl","WAS","DB",2021
"1998","00-0030010",192,-0.00581417869800886,0.0203077623114711,-0.000528561699818988,"Brandon Copeland","ATL","LB",2021
"1999","00-0034407",1105,-0.00581864752393498,0.0202865168690669,-0.000528967956721362,"Ray-Ray McCloud","PIT","WR",2021
"2000","00-0035607",1533,-0.00582937475799682,0.0211683989485841,-0.000529943159817893,"Marquise Copeland","LA","DL",2021
"2001","00-0036649",2083,-0.00584514814712613,0.0211087127755513,-0.000531377104284194,"Quinton Bohanna","DAL","DL",2021
"2002","00-0032389",550,-0.0058767809396842,0.0198313767632694,-0.000534252812698564,"Mackensie Alexander","MIN","DB",2021
"2003","00-0036883",2190,-0.00588086144297876,0.0210372076322122,-0.000534623767543524,"Tommy Togiai","CLE","DL",2021
"2004","00-0033791",882,-0.0058816749421509,0.0214892073769494,-0.000534697722013719,"Brandon Wilson","CIN","DB",2021
"2005","00-0034760",1213,-0.00588360670851794,0.0205159830339757,-0.000534873337137995,"Nathan Shepherd","NYJ","DL",2021
"2006","00-0034869",1281,-0.00590716128601153,0.0206872040605355,-0.000537014662364685,"Sam Darnold","CAR","QB",2021
"2007","00-0030161",217,-0.00591253918539536,0.0213922668387851,-0.000537503562308669,"Bradley McDougald","JAX","DB",2021
"2008","00-0031442",379,-0.00591508626092274,0.0207981069202694,-0.00053773511462934,"Taylor Lewan","TEN","OL",2021
"2009","00-0034984",1315,-0.00591724864758507,0.0207267948793661,-0.000537931695235007,"Kingsley Keke","GB","DL",2021
"2010","00-0035908",1661,-0.00593298005924927,0.021298708125611,-0.000539361823568116,"Gabe Nabers","LAC","RB",2021
"2011","00-0028103",100,-0.00595401890136882,0.0211083314627101,-0.000541274445578983,"Pernell McPhee","BAL","LB",2021
"2012","00-0036564",2030,-0.00597818482844063,0.0210062306878147,-0.000543471348040057,"Talanoa Hufanga","SF","DB",2021
"2013","00-0035628",1539,-0.00598398656749678,0.0207970074473389,-0.000543998778863344,"D'Ernest Johnson","CLE","RB",2021
"2014","00-0035864",1648,-0.00600271773686248,0.0205449175252867,-0.000545701612442044,"Kendall Hinton","DEN","WR",2021
"2015","00-0035229",1381,-0.00601263666369849,0.0206927478824792,-0.000546603333063499,"T.J. Hockenson","DET","TE",2021
"2016","00-0034954",1297,-0.00601687489130756,0.0204198905347685,-0.000546988626482506,"Malik Reed","DEN","LB",2021
"2017","00-0034264",1026,-0.00602484198850052,0.0218193357724057,-0.000547712908045502,"Jalyn Holmes","NO","DL",2021
"2018","00-0032265",532,-0.00602623397019201,0.0218401183796306,-0.000547839451835638,"Mario Edwards","CHI","DL",2021
"2019","00-0033878",907,-0.00604126278756093,0.021362879745496,-0.000549205707960085,"Adoree' Jackson","NYG","DB",2021
"2020","00-0036554",2020,-0.00604711035714898,0.0207945087553294,-0.000549737305195362,"Nico Collins","HOU","WR",2021
"2021","00-0036325",1873,-0.00605231549301508,0.0208009673748107,-0.000550210499365007,"Robert Hunt","MIA","OL",2021
"2022","00-0036627",2064,-0.00606208446638198,0.0216103265797061,-0.000551098587852908,"Dez Fitzpatrick","TEN","WR",2021
"2023","00-0031951",460,-0.00606374181867113,0.0202767884349501,-0.00055124925624283,"James O'Shaughnessy","JAX","TE",2021
"2024","00-0034623",1167,-0.00607310322615607,0.021737381788458,-0.000552100293286915,"Andre Chachere","PHI","DB",2021
"2025","00-0036887",2193,-0.00609224528608778,0.0202741554422637,-0.000553840480553434,"Luke Farrell","JAX","TE",2021
"2026","00-0036402",1943,-0.00610279533612351,0.0216537028893,-0.000554799576011228,"Carter Coughlin","NYG","LB",2021
"2027","00-0034779",1225,-0.00610591113634848,0.0207258187841455,-0.000555082830577135,"Ronnie Harrison","CLE","DB",2021
"2028","00-0029293",137,-0.00611744115213186,0.0205684379835227,-0.000556131013830169,"Marvin Jones","JAX","WR",2021
"2029","00-0033883",911,-0.00612275662084461,0.0208421413185673,-0.000556614238258601,"Jabrill Peppers","NYG","DB",2021
"2030","00-0036440",1976,-0.00613463256664573,0.0206817160897552,-0.000557693869695067,"Derrek Tuszka","PIT","LB",2021
"2031","00-0034343",1053,-0.00613535329901128,0.0214682709386746,-0.000557759390819207,"Josh Rosen","ATL","QB",2021
"2032","00-0034052",976,-0.00617181493311021,0.0209624249228244,-0.000561074084828201,"Brandon Zylstra","CAR","WR",2021
"2033","00-0034969",1306,-0.00618239109860414,0.0210817495472629,-0.000562035554418558,"Ben Banogu","IND","DL",2021
"2034","00-0036897",2201,-0.00619158977947685,0.0217543659528615,-0.000562871798134259,"Tay Gowan","PHI","DB",2021
"2035","00-0035235",1386,-0.00621995826359395,0.0197083648177303,-0.000565450751235813,"Kaleb McGary","ATL","OL",2021
"2036","00-0034937",1293,-0.00622692491906018,0.0217445892412136,-0.000566084083550926,"John Leglue","PIT","OL",2021
"2037","00-0035216",1373,-0.00623251713023928,0.0203453668697668,-0.000566592466385389,"Diontae Johnson","PIT","WR",2021
"2038","00-0035764",1619,-0.00625069437399657,0.0201159321348595,-0.000568244943090598,"Calvin Throckmorton","NO","OL",2021
"2039","00-0035263",1411,-0.00628084617098127,0.0207934800852056,-0.000570986015543752,"Wes Martin","NYG","OL",2021
"2040","00-0034436",1118,-0.0063433216988153,0.0214377556483347,-0.000576665608983209,"Will Clapp","NO","OL",2021
"2041","00-0036302",1853,-0.00636103265412909,0.0206328256917741,-0.000578275695829918,"Jaylinn Hawkins","ATL","DB",2021
"2042","00-0035254",1404,-0.00637351515371824,0.0205633779220594,-0.00057941046851984,"Anthony Nelson","TB","LB",2021
"2043","00-0030085",207,-0.00638448226924678,0.0208952299001616,-0.000580407479022434,"Kenny Stills","NO","WR",2021
"2044","00-0036295",1848,-0.00641297472096275,0.0214263639864817,-0.000582997701905704,"Matt Hennessy","ATL","OL",2021
"2045","00-0036866",2176,-0.00642301997036819,0.0215170142577462,-0.000583910906397108,"James Hudson","CLE","OL",2021
"2046","00-0032103",482,-0.00642543538826579,0.0197555503461192,-0.000584130489842344,"Denzel Perryman","LV","LB",2021
"2047","00-0031428",377,-0.00642800650043936,0.0205817138746708,-0.000584364227312669,"Allen Robinson","CHI","WR",2021
"2048","00-0036335",1883,-0.00643629475331388,0.0208383257860132,-0.000585117704846716,"D.J. Wonnum","MIN","DL",2021
"2049","00-0032402",558,-0.0064631037506503,0.020659535375828,-0.000587554886422755,"Hassan Ridgeway","PHI","DL",2021
"2050","00-0034279",1035,-0.00646664590943604,0.0212007288609664,-0.000587876900857822,"Equanimeous St. Brown","GB","WR",2021
"2051","00-0035231",1383,-0.00647177468832753,0.0206744034640646,-0.000588343153484321,"Christian Wilkins","MIA","DL",2021
"2052","00-0032768",625,-0.00647227647615893,0.021227428823425,-0.000588388770559903,"Cody Whitehair","CHI","OL",2021
"2053","00-0032058",472,-0.00648290351434298,0.0211413092553697,-0.000589354864940271,"Tevin Coleman","NYJ","RB",2021
"2054","00-0036671",2103,-0.00648643403046534,0.0216384271500641,-0.000589675820951394,"Dax Milne","WAS","WR",2021
"2055","00-0032420",567,-0.00648818263659628,0.0206607487980924,-0.000589834785145116,"Brandon Shell","SEA","OL",2021
"2056","00-0033733",868,-0.00649122909999462,0.0208582716218398,-0.000590111736363147,"Greg Ward","PHI","WR",2021
"2057","00-0036867",2177,-0.00649352106762304,0.0206360115304863,-0.00059032009705664,"Chris Rumph","LAC","LB",2021
"2058","00-0033940",953,-0.00655327564864107,0.019700903188988,-0.000595752331694643,"Jaleel Johnson","HOU","DL",2021
"2059","00-0033111",726,-0.00655995049821511,0.0221308528013585,-0.000596359136201373,"Pharoh Cooper","NYG","WR",2021
"2060","00-0036993",2284,-0.00656358064442029,0.0217975400748418,-0.000596689149492754,"Ifeatu Melifonwu","DET","DB",2021
"2061","00-0035535",1513,-0.00657110831829045,0.0206717551024069,-0.00059737348348095,"Darius Slayton","NYG","WR",2021
"2062","00-0032104",483,-0.00660446177159529,0.0205956728265428,-0.000600405615599572,"Ameer Abdullah","CAR","RB",2021
"2063","00-0032261",530,-0.00663640329355671,0.020720578677647,-0.000603309390323338,"Malcom Brown","JAX","DL",2021
"2064","00-0036296",1849,-0.00668982261826024,0.0210621494907113,-0.000608165692569113,"Jabari Zuniga","NYJ","DL",2021
"2065","00-0036238",1796,-0.00670565040183087,0.020022604597081,-0.000609604581984624,"John Penisini","DET","DL",2021
"2066","00-0033872",901,-0.00672312203176379,0.0204367429761419,-0.000611192911978526,"Jamal Adams","SEA","DB",2021
"2067","00-0035679",1580,-0.00673151133894002,0.0209557704808276,-0.000611955576267274,"Connor McGovern","DAL","OL",2021
"2068","00-0032408",560,-0.006734738469346,0.0215857532971309,-0.000612248951758727,"Blake Martinez","NYG","LB",2021
"2069","00-0036348",1896,-0.00674907982625018,0.0205113817753191,-0.000613552711477289,"Josh Metellus","MIN","DB",2021
"2070","00-0034132",996,-0.00675272900606901,0.0208109912593381,-0.000613884455097183,"Christian Blake","ATL","WR",2021
"2071","00-0031566",402,-0.00675710877192432,0.0207830484736953,-0.000614282615629484,"Trey Flowers","DET","LB",2021
"2072","00-0036014",1699,-0.00678070382983814,0.0220271832353406,-0.000616427620894377,"Steven Wirtel","GB","LS",2021
"2073","00-0032215",517,-0.00678602178889106,0.0201302874594205,-0.000616911071717369,"Damien Wilson","JAX","LB",2021
"2074","00-0036283",1836,-0.00681976919623574,0.021631613606667,-0.000619979017839613,"Kenny Robinson","CAR","DB",2021
"2075","00-0031543",386,-0.00682033464924174,0.0219012778068301,-0.00062003042265834,"Ty Long","LAC","P",2021
"2076","00-0036131",1736,-0.00686443897346118,0.0210616092978223,-0.000624039906678289,"Solomon Kindley","MIA","OL",2021
"2077","00-0036876",2184,-0.00687143342737492,0.0214018443659679,-0.000624675766124993,"Kylen Granson","IND","TE",2021
"2078","00-0036893",2197,-0.00687399677207699,0.021208674310998,-0.000624908797461545,"Najee Harris","PIT","RB",2021
"2079","00-0036110",1730,-0.00689409299653808,0.0214833777004104,-0.000626735726958007,"Ja'Marcus Bradley","CLE","WR",2021
"2080","00-0035342",1453,-0.00689957294892396,0.0230340688739284,-0.000627233904447633,"Patrick Laird","MIA","RB",2021
"2081","00-0033906",930,-0.00691253436303206,0.0196992704576803,-0.000628412214821097,"Alvin Kamara","NO","RB",2021
"2082","00-0034838",1266,-0.00691742194249573,0.0210408476033931,-0.000628856540226884,"Royce Freeman","HOU","RB",2021
"2083","00-0031282",334,-0.00691895255501221,0.0207985258819641,-0.000628995686819292,"Justin Britt","HOU","OL",2021
"2084","00-0031904",449,-0.00692571580859921,0.021059171259437,-0.000629610528054474,"Bryce Callahan","DEN","DB",2021
"2085","00-0033879",908,-0.00692690553981086,0.0212964018514192,-0.000629718685437351,"O.J. Howard","TB","TE",2021
"2086","00-0035330",1449,-0.00693262103607604,0.0204600455976343,-0.000630238276006913,"Anthony Pittman","DET","LB",2021
"2087","00-0036877",2185,-0.00694415765698557,0.0207520786740787,-0.000631287059725961,"Jaelon Darden","TB","WR",2021
"2088","00-0036258",1813,-0.00695085940502827,0.0199491709579767,-0.000631896309548025,"Jonah Jackson","DET","OL",2021
"2089","00-0033114",728,-0.00695576084489858,0.0213377484097532,-0.00063234189499078,"Mike Thomas","CIN","WR",2021
"2090","00-0036408",1948,-0.00696224247589797,0.0199185562342873,-0.000632931134172542,"Cesar Ruiz","NO","OL",2021
"2091","00-0036894",2198,-0.00697083142897286,0.0198008112810614,-0.000633711948088441,"Pat Freiermuth","PIT","TE",2021
"2092","00-0036237",1795,-0.00697593560110218,0.0211425701448787,-0.000634175963736562,"Larrell Murchison","TEN","DL",2021
"2093","00-0031296",336,-0.00698764405456429,0.0211017561564237,-0.000635240368596754,"C.J. Mosley","NYJ","LB",2021
"2094","00-0035771",1620,-0.00702066079990621,0.0210419038184233,-0.000638241890900565,"Mitchell Wilcox","CIN","TE",2021
"2095","00-0035542",1517,-0.00702696497075457,0.0214482729362583,-0.000638814997341325,"Kemon Hall","LAC","DB",2021
"2096","00-0036414",1954,-0.0070353352487324,0.021510522983235,-0.000639575931702946,"Cam Akers","LA","RB",2021
"2097","00-0032967",675,-0.00709589023251337,0.0208018754564509,-0.000645080930228488,"Vernon Butler","BUF","DL",2021
"2098","00-0032128",488,-0.0071189804337777,0.0201719996852874,-0.000647180039434336,"Chris Conley","HOU","WR",2021
"2099","00-0036997",2288,-0.00714016607583021,0.0201448539080493,-0.000649106006893655,"Javonte Williams","DEN","RB",2021
"2100","00-0030061",196,-0.00717695486820823,0.0202761221016874,-0.000652450442564385,"Zach Ertz","ARI","TE",2021
"2101","00-0030500",245,-0.00719826769140307,0.0206582988500892,-0.000654387971945734,"Nicholas Williams","DET","DL",2021
"2102","00-0035672",1575,-0.00719930325092107,0.0215024542064082,-0.000654482113720098,"Cody Barton","SEA","LB",2021
"2103","00-0036850",2163,-0.00720795160536594,0.0216126836101253,-0.00065526832776054,"Cameron Sample","CIN","DL",2021
"2104","00-0032986",684,-0.00721344455060747,0.0212419350221907,-0.000655767686418861,"J.P. Holtz","CHI","TE",2021
"2105","00-0036132",1737,-0.00724307723679175,0.0207778263043041,-0.000658461566981069,"Ben Bredeson","NYG","OL",2021
"2106","00-0032891",658,-0.00725994174182901,0.0219611603519809,-0.000659994703802637,"Daryl Worley","BAL","DB",2021
"2107","00-0036617",2054,-0.00726065535451092,0.021489727246873,-0.000660059577682811,"Asante Samuel","LAC","DB",2021
"2108","00-0035700",1597,-0.00726170950162485,0.0204777979416798,-0.000660155409238623,"Josh Jacobs","LV","RB",2021
"2109","00-0033570",840,-0.00727087048141291,0.0214042778378968,-0.000660988225582991,"Anthony Walker","CLE","LB",2021
"2110","00-0036971",2264,-0.00728628538996176,0.0212191919235435,-0.000662389580905614,"Trevor Lawrence","JAX","QB",2021
"2111","00-0027187",43,-0.00729922663519561,0.021135165807358,-0.000663566057745055,"Matt Overton","LAC","LS",2021
"2112","00-0036949",2247,-0.007323689185125,0.0209270744252625,-0.000665789925920454,"Adetokunbo Ogundeji","ATL","LB",2021
"2113","00-0032970",678,-0.00733566958171347,0.0209342940526415,-0.000666879052883043,"Jordan Jenkins","HOU","DL",2021
"2114","00-0023534",8,-0.00735155557325609,0.0226735875010268,-0.000668323233932372,"Dustin Colquitt","CLE","P",2021
"2115","00-0033405",792,-0.00735749967509834,0.0221775787418337,-0.000668863606827122,"Torry McTyer","WAS","DB",2021
"2116","00-0036331",1879,-0.00738139727733603,0.0210904414460681,-0.000671036116121457,"Devin Duvernay","BAL","WR",2021
"2117","00-0036303",1854,-0.0074329772392913,0.0223508297178609,-0.000675725203571936,"Josiah Scott","PHI","DB",2021
"2118","00-0036280",1833,-0.00745926354417137,0.0211707127270574,-0.000678114867651943,"Malik Harrison","BAL","LB",2021
"2119","00-0032667",608,-0.00746291419206268,0.0209734470419341,-0.000678446744732971,"Roy Robertson-Harris","JAX","DL",2021
"2120","00-0035958",1676,-0.00747643061627969,0.0206298240354673,-0.000679675510570881,"Sam Tecklenburg","CAR","OL",2021
"2121","00-0036917",2219,-0.00749436388938744,0.0206706731314332,-0.000681305808126131,"Zech McPhearson","PHI","DB",2021
"2122","00-0032779",633,-0.00751539751278762,0.0221598378240395,-0.000683217955707965,"Caleb Benenoch","NO","OL",2021
"2123","00-0035359",1463,-0.00751998493999636,0.0213532305640591,-0.000683634994545124,"David Sills","NYG","WR",2021
"2124","00-0036151",1743,-0.00757090722807979,0.0211817694223966,-0.000688264293461799,"Bryce Huff","NYJ","DL",2021
"2125","00-0035262",1410,-0.00758570847280686,0.0206450708933948,-0.00068960986116426,"Drue Tranquill","LAC","LB",2021
"2126","00-0034817",1252,-0.00760800266302978,0.0206379301545831,-0.00069163660572998,"Geron Christian","HOU","OL",2021
"2127","00-0035636",1545,-0.00761541406656879,0.0210752884215491,-0.000692310369688071,"L.J. Collier","SEA","DL",2021
"2128","00-0034720",1192,-0.00761791701140833,0.0196344567491099,-0.00069253791012803,"Robert Spillane","PIT","LB",2021
"2129","00-0034355",1065,-0.00762920432197974,0.0204138584587323,-0.000693564029270885,"M.J. Stewart","CLE","DB",2021
"2130","00-0031122",307,-0.00766170748508405,0.0206654377275755,-0.000696518862280368,"Andrew Norwell","JAX","OL",2021
"2131","00-0034318",1044,-0.00766669892580252,0.0209434182470316,-0.000696972629618411,"Henry Mondeaux","PIT","DL",2021
"2132","00-0033300",769,-0.00773166325446619,0.0215075514941341,-0.000702878477678745,"Conor McDermott","NYJ","OL",2021
"2133","00-0036948",2246,-0.00773440148818482,0.0204845099225072,-0.000703127408016802,"Ta'Quon Graham","ATL","DL",2021
"2134","00-0036416",1956,-0.00784171507555297,0.02038527351295,-0.000712883188686633,"Kristian Fulton","TEN","DB",2021
"2135","00-0036456",1982,-0.00786027441070848,0.0216006103996359,-0.000714570400973499,"Dominique Dafney","GB","TE",2021
"2136","00-0035345",1455,-0.00788495236969224,0.0207550337956015,-0.000716813851790204,"Chris Myarick","CIN","TE",2021
"2137","00-0034818",1253,-0.00788744923992071,0.0206605710369973,-0.000717040839992792,"Derrick Nnadi","KC","DL",2021
"2138","00-0035686",1586,-0.00789310348876064,0.0190508836227715,-0.000717554862614603,"Michael Deiter","MIA","OL",2021
"2139","00-0033892",919,-0.00791273004262621,0.0211949573526522,-0.000719339094784201,"Marcus Maye","NYJ","DB",2021
"2140","00-0036898",2202,-0.00791673713788525,0.0200254440586866,-0.000719703376171387,"Davis Mills","HOU","QB",2021
"2141","00-0035655",1561,-0.00791696097417769,0.0215014934550645,-0.000719723724925244,"Will Harris","DET","DB",2021
"2142","00-0035062",1333,-0.00791734414086322,0.0210031042464197,-0.000719758558260293,"Sam Mustipher","CHI","OL",2021
"2143","00-0036945",2243,-0.00791866176971126,0.0202638284075518,-0.000719878342701024,"Justin Fields","CHI","QB",2021
"2144","00-0034347",1057,-0.00792075489208187,0.0201734396431003,-0.000720068626552898,"James Daniels","CHI","OL",2021
"2145","00-0034375",1080,-0.00792277703294579,0.0211693748488274,-0.000720252457540526,"Kyzir White","LAC","LB",2021
"2146","00-0033917",938,-0.00794299442157864,0.0202472074565668,-0.000722090401961694,"Tarell Basham","DAL","DL",2021
"2147","00-0032968",676,-0.00796467164094566,0.0215993374215014,-0.000724061058267788,"Myles Jack","JAX","LB",2021
"2148","00-0034385",1090,-0.0079845885461409,0.02124897279039,-0.000725871686012809,"Ja'Whaun Bentley","NE","LB",2021
"2149","00-0036326",1874,-0.00805509967318011,0.0197061752840652,-0.000732281788470919,"Chase Claypool","PIT","WR",2021
"2150","00-0034972",1307,-0.00808258223126028,0.0208270488587176,-0.000734780202841844,"Alexander Mattison","MIN","RB",2021
"2151","00-0035281",1424,-0.00808474772141304,0.0209848734511334,-0.000734977065583003,"Joe Jackson","KC","DL",2021
"2152","00-0036285",1838,-0.00809163144323987,0.0219587968046136,-0.000735602858476351,"A.J. Terrell","ATL","DB",2021
"2153","00-0035455",1495,-0.00817207961075406,0.0225521250958826,-0.000742916328250369,"Albert Huggins","NO","DL",2021
"2154","00-0034360",1069,-0.00820191004098512,0.0211694366911694,-0.000745628185544101,"Lorenzo Carter","NYG","LB",2021
"2155","00-0033435",796,-0.00821600231307972,0.0214275360708195,-0.000746909301189066,"Breon Borders","ARI","DB",2021
"2156","00-0033896",923,-0.00824979666685783,0.021056785161337,-0.000749981515168893,"Adam Shaheen","MIA","TE",2021
"2157","00-0034413",1107,-0.00827567673593015,0.0199408785922347,-0.000752334248720923,"Foyesade Oluokun","ATL","LB",2021
"2158","00-0034930",1292,-0.00830079526221906,0.021236753359244,-0.000754617751110824,"Trinity Benson","DET","WR",2021
"2159","00-0035237",1388,-0.00830505406566002,0.0200747680996623,-0.000755004915060001,"Jawaan Taylor","JAX","OL",2021
"2160","00-0034111",988,-0.00831143130473709,0.0222584340640838,-0.000755584664067008,"Trey Marshall","LAC","DB",2021
"2161","00-0036328",1876,-0.00837567459754799,0.0221453180922243,-0.000761424963413453,"Antonio Gibson","WAS","RB",2021
"2162","00-0036068",1714,-0.00842126860451091,0.0211448696278788,-0.000765569873137356,"Jamir Jones","JAX","LB",2021
"2163","00-0036037",1707,-0.00843296676195215,0.020922313864469,-0.00076663334199565,"Sam Franklin","CAR","DB",2021
"2164","00-0027952",79,-0.00844533538348389,0.0211045485182724,-0.000767757762134899,"Robert Quinn","CHI","LB",2021
"2165","00-0035594",1529,-0.00846733602077501,0.0210989789334045,-0.000769757820070455,"Travis Homer","SEA","RB",2021
"2166","00-0036953",2251,-0.00848228995776819,0.0214769308173359,-0.000771117268888018,"Teven Jenkins","CHI","OL",2021
"2167","00-0033119",730,-0.00853604982011772,0.0206587043116945,-0.000776004529101611,"Jacoby Brissett","MIA","QB",2021
"2168","00-0036323",1872,-0.00857747991319602,0.0198931411181395,-0.000779770901199638,"Patrick Queen","BAL","LB",2021
"2169","00-0033421",794,-0.00862775290571855,0.0213756869681969,-0.000784341173247141,"Antony Auclair","HOU","TE",2021
"2170","00-0035685",1585,-0.00863373751865315,0.0204761251895,-0.000784885228968468,"David Montgomery","CHI","RB",2021
"2171","00-0030792",276,-0.00870264225775324,0.0205892079367,-0.000791149296159386,"Justin McCray","HOU","OL",2021
"2172","00-0034353",1063,-0.00870886880140955,0.0214237691236868,-0.000791715345582687,"Anthony Miller","PIT","WR",2021
"2173","00-0032009",466,-0.0087186672274991,0.0213136044630426,-0.000792606111590827,"Adam Humphries","WAS","WR",2021
"2174","00-0036929",2229,-0.00878165482303495,0.021325684016384,-0.00079833225663954,"Ian Book","NO","QB",2021
"2175","00-0034827",1255,-0.00881833099254268,0.0199858692287617,-0.000801666453867516,"D.J. Moore","CAR","WR",2021
"2176","00-0031868",445,-0.0088457167737922,0.0207534560675631,-0.000804156070344746,"Damiere Byrd","CHI","WR",2021
"2177","00-0030968",285,-0.00885467428147669,0.0201669146867895,-0.000804970389225154,"Keith Smith","ATL","RB",2021
"2178","00-0035244",1395,-0.00890029834842087,0.0205987054719997,-0.000809118031674624,"Lonnie Johnson","HOU","DB",2021
"2179","00-0031270",330,-0.0089063681521041,0.0209340394913949,-0.000809669832009463,"Shelby Harris","DEN","DL",2021
"2180","00-0029261",132,-0.0089088850151939,0.0207123871044944,-0.0008098986377449,"Casey Hayward","LV","DB",2021
"2181","00-0030046",195,-0.00892763984718357,0.0205740036968762,-0.000811603622471234,"Jordan Mills","NO","OL",2021
"2182","00-0036197",1764,-0.00899807285411708,0.0206865034039094,-0.000818006623101553,"Jake Fromm","NYG","QB",2021
"2183","00-0029585",153,-0.00904091861771852,0.0207419590853063,-0.000821901692519866,"Chandler Jones","ARI","LB",2021
"2184","00-0036925",2226,-0.00905853065985272,0.0221308430028743,-0.000823502787259338,"JaCoby Stevens","PHI","LB",2021
"2185","00-0033096",720,-0.00908703486438446,0.0208358453263842,-0.000826094078580406,"Shaq Lawson","NYJ","DL",2021
"2186","00-0036333",1881,-0.0091247379326387,0.020498887216308,-0.000829521630239881,"Alex Highsmith","PIT","LB",2021
"2187","00-0036642",2078,-0.00915413946967861,0.0208871463157037,-0.00083219449724351,"Tedarrell Slaton","GB","DL",2021
"2188","00-0033381",785,-0.00915478611729557,0.0206538591307421,-0.000832253283390507,"Adam Butler","MIA","DL",2021
"2189","00-0035572",1523,-0.00915671631904794,0.0209803885644665,-0.000832428756277085,"Parker Hesse","ATL","TE",2021
"2190","00-0031785",434,-0.00918263781048961,0.0209150363180541,-0.000834785255499056,"Troy Hill","CLE","DB",2021
"2191","00-0033907",931,-0.00919916549446795,0.0207175098661808,-0.00083628777222436,"Dawuane Smoot","JAX","DL",2021
"2192","00-0035334",1450,-0.00924959008984919,0.0217399656842798,-0.000840871826349927,"Kevin Strong","TEN","DL",2021
"2193","00-0027136",42,-0.00926725022731956,0.0218808679831084,-0.000842477293392687,"Jason McCourty","MIA","DB",2021
"2194","00-0036378",1921,-0.00930494508641832,0.0205438208923231,-0.000845904098765301,"Michael Danna","KC","DL",2021
"2195","00-0036951",2249,-0.00932633213150916,0.0219814059099329,-0.000847848375591742,"Frank Darby","ATL","WR",2021
"2196","00-0036253",1809,-0.00941014794557664,0.0218454587403336,-0.000855467995052422,"Julian Blackmon","IND","DB",2021
"2197","00-0036950",2248,-0.00944733849385684,0.0205284877698139,-0.000858848953986986,"Avery Williams","ATL","DB",2021
"2198","00-0035242",1393,-0.00946106278868488,0.0201799806370861,-0.000860096617153171,"Erik McCoy","NO","OL",2021
"2199","00-0034854",1274,-0.00947521656452268,0.0208915243862932,-0.000861383324047517,"KhaDarel Hodge","DET","WR",2021
"2200","00-0034825",1254,-0.0094957640093379,0.0211265825322538,-0.000863251273576172,"Arden Key","SF","DL",2021
"2201","00-0032388",549,-0.00953877097134876,0.020496822604642,-0.000867160997395342,"Deion Jones","ATL","LB",2021
"2202","00-0036171",1753,-0.00969199876716735,0.0210370094480509,-0.000881090797015213,"Aaron Brewer","TEN","OL",2021
"2203","00-0035308",1441,-0.00970418511024658,0.0213793532334564,-0.000882198646386053,"Tommy Sweeney","BUF","TE",2021
"2204","00-0036880",2187,-0.00970519955343926,0.0210743202196253,-0.000882290868494478,"Penei Sewell","DET","OL",2021
"2205","00-0036916",2218,-0.00974748825665038,0.0215099930446525,-0.000886135296059126,"Milton Williams","PHI","DL",2021
"2206","00-0036572",2037,-0.00977649938771173,0.0212337372988321,-0.000888772671610158,"Shi Smith","CAR","WR",2021
"2207","00-0033539",819,-0.00983281197314449,0.0214389418650978,-0.00089389199755859,"Jarrad Davis","NYJ","LB",2021
"2208","00-0032412",562,-0.0098405507904608,0.0204366598192237,-0.000894595526405528,"Dean Lowry","GB","DL",2021
"2209","00-0032394",553,-0.00984376737411377,0.0214203741984764,-0.000894887943101252,"Nick Vannett","NO","TE",2021
"2210","00-0031484",380,-0.00990314456543519,0.0218683077126386,-0.000900285869585017,"Chris Manhertz","JAX","TE",2021
"2211","00-0032741",616,-0.00991695541948353,0.0211341192647317,-0.00090154140177123,"Peyton Barber","LV","RB",2021
"2212","00-0031016",287,-0.00994324522354315,0.0198266745314803,-0.000903931383958468,"Ross Cockrell","TB","DB",2021
"2213","00-0030411",233,-0.00997255574720655,0.0199508762033926,-0.000906595977018778,"Logan Ryan","NYG","DB",2021
"2214","00-0036716",2120,-0.00998508965175538,0.0212383036734922,-0.000907735422886853,"Amen Ogbongbemiga","LAC","LB",2021
"2215","00-0036648",2082,-0.0100104604334499,0.0213969065876455,-0.000910041857586358,"Nick Niemann","LAC","LB",2021
"2216","00-0033258",750,-0.0100350575937128,0.0205830814393448,-0.000912277963064803,"Darrell Daniels","ARI","TE",2021
"2217","00-0035150",1358,-0.0100522935975829,0.0204446303868881,-0.000913844872507536,"Kris Boyd","MIN","DB",2021
"2218","00-0036974",2266,-0.0100542433272927,0.0200055213115307,-0.000914022120662974,"Tyson Campbell","JAX","DB",2021
"2219","00-0036921",2223,-0.0101123486930778,0.0220047090005315,-0.000919304426643434,"Tarron Jackson","PHI","DL",2021
"2220","00-0030108",212,-0.0101705535356119,0.0204154565214672,-0.000924595775964714,"Ryan Griffin","NYJ","TE",2021
"2221","00-0034073",981,-0.0103057661095335,0.0212475563077023,-0.000936887828139407,"Ross Dwelley","SF","TE",2021
"2222","00-0035378",1468,-0.0103261770784515,0.0209243838412557,-0.000938743370768321,"Andrew Wingard","JAX","DB",2021
"2223","00-0029410",139,-0.0103583867122714,0.0218345161729962,-0.000941671519297396,"Tavon Wilson","SF","DB",2021
"2224","00-0030155",216,-0.0104355710200475,0.0208959589116067,-0.000948688274549773,"Demetrius Harris","ARI","TE",2021
"2225","00-0035126",1346,-0.01049548829997,0.0210332487526937,-0.000954135299997272,"Antoine Wesley","ARI","WR",2021
"2226","00-0031583",408,-0.01051215142819,0.0198917986339606,-0.000955650129835455,"Grady Jarrett","ATL","DL",2021
"2227","00-0032758",618,-0.010535345474374,0.0216291316309003,-0.000957758679488541,"Vernon Hargreaves","CIN","DB",2021
"2228","00-0037005",2296,-0.0105625502737608,0.0201398710973515,-0.000960231843069167,"Tommy Tremble","CAR","TE",2021
"2229","00-0033880",909,-0.0105800581782385,0.0201385084542827,-0.000961823470748953,"Charles Harris","DET","LB",2021
"2230","00-0030273",221,-0.0106193615554381,0.0209772179634319,-0.000965396505039831,"Lane Taylor","HOU","OL",2021
"2231","00-0034495",1137,-0.0106796598289837,0.0204709387613121,-0.000970878166271248,"Evan Brown","DET","OL",2021
"2232","00-0036386",1927,-0.01070590916279,0.0208589755399115,-0.000973264469344549,"Andrew Thomas","NYG","OL",2021
"2233","00-0035241",1392,-0.0107709478616181,0.0216061770017229,-0.000979177078328922,"Joejuan Williams","NE","DB",2021
"2234","00-0032063",475,-0.0107950884570967,0.0204825213619443,-0.000981371677917884,"Mike Davis","ATL","RB",2021
"2235","00-0036441",1977,-0.0108035545342297,0.0216089092530587,-0.000982141321293609,"Kenneth Murray","LAC","LB",2021
"2236","00-0031898",448,-0.0108119229252572,0.0197870967205503,-0.00098290208411429,"Alex Singleton","PHI","LB",2021
"2237","00-0036752",2132,-0.0108484007634492,0.0206782243975243,-0.000986218251222652,"A.J. Parker","DET","DB",2021
"2238","00-0032437",574,-0.0108504146030145,0.0196067315125097,-0.000986401327546773,"Kamu Grugier-Hill","HOU","LB",2021
"2239","00-0037013",2304,-0.0108755906857856,0.0206267561487478,-0.000988690062344145,"Zach Wilson","NYJ","QB",2021
"2240","00-0033947",958,-0.0109069851188944,0.0198276371363622,-0.000991544101717672,"Deatrich Wise","NE","DL",2021
"2241","00-0036374",1918,-0.0109451278495394,0.0204046182186823,-0.000995011622685397,"L'Jarius Sneed","KC","DB",2021
"2242","00-0028224",105,-0.0109901272391229,0.0206166012752156,-0.000999102476283899,"Chris Harris","LAC","DB",2021
"2243","00-0035298",1435,-0.010995988871012,0.021988141209967,-0.00099963535191018,"Scott Miller","TB","WR",2021
"2244","00-0034902",1285,-0.0110430935753096,0.0200847897254703,-0.00100391759775542,"Sam Eguavoen","MIA","LB",2021
"2245","00-0033881",910,-0.0110817222363732,0.0216440991668909,-0.00100742929421574,"Evan Engram","NYG","TE",2021
"2246","00-0034091",984,-0.0111080401794385,0.020413292817471,-0.0010098218344944,"George Odum","IND","DB",2021
"2247","00-0030827",277,-0.0111420072167518,0.0203579709458613,-0.00101290974697744,"Tyler Shatley","JAX","OL",2021
"2248","00-0032761",620,-0.011159996032306,0.0216714991476552,-0.001014545093846,"Robert Nkemdiche","SEA","DL",2021
"2249","00-0032918",661,-0.0111786890746341,0.0204022343506438,-0.00101624446133038,"C.J. Ham","MIN","RB",2021
"2250","00-0035329",1448,-0.0112281382323805,0.0209773876715751,-0.00102073983930732,"Donald Parham","LAC","TE",2021
"2251","00-0032933",662,-0.0113466649274179,0.0208152636852627,-0.00103151499340163,"Antonio Hamilton","ARI","DB",2021
"2252","00-0035293",1432,-0.0113842347261273,0.0217408600814164,-0.00103493042964793,"Xavier Crawford","CHI","DB",2021
"2253","00-0030511",248,-0.0114529202770122,0.0210188973358278,-0.00104117457063747,"Brandon Williams","BAL","DL",2021
"2254","00-0033523",812,-0.0115272887067563,0.020794795856398,-0.00104793533697785,"Jonathan Allen","WAS","DL",2021
"2255","00-0036621",2058,-0.0116445958108883,0.0209048998471551,-0.00105859961917167,"Nick Bolton","KC","LB",2021
"2256","00-0036195",1762,-0.0116651070122551,0.020211873076204,-0.00106046427384137,"Charlie Heck","HOU","OL",2021
"2257","00-0033284",759,-0.0116697781804503,0.0210032406371287,-0.00106088892549548,"Taylor Moton","CAR","OL",2021
"2258","00-0030421",234,-0.0117565224442434,0.0202106977113171,-0.00106877476765849,"Jamie Collins","NE","LB",2021
"2259","00-0036275",1829,-0.0117801008314762,0.0211860299871321,-0.00107091825740693,"D'Andre Swift","DET","RB",2021
"2260","00-0036290",1843,-0.0118401115544309,0.0203284509037997,-0.00107637377767554,"Cole Kmet","CHI","TE",2021
"2261","00-0036955",2253,-0.0118649903323076,0.0206468079339704,-0.00107863548475523,"Terrace Marshall","CAR","WR",2021
"2262","00-0032187",506,-0.0121229239391839,0.0207726884987193,-0.00110208399447126,"David Johnson","HOU","RB",2021
"2263","00-0035647",1556,-0.0122808458100405,0.0216438480857496,-0.0011164405281855,"Montez Sweat","WAS","DL",2021
"2264","00-0036504",1999,-0.0122907377643682,0.0199640196798535,-0.00111733979676074,"Brandin Echols","NYJ","DB",2021
"2265","00-0032688",611,-0.0122935191293235,0.0201123184283933,-0.00111759264812032,"Robby Anderson","CAR","WR",2021
"2266","00-0034411",1106,-0.0123268239057468,0.0213803860858696,-0.00112062035506789,"Russell Gage","ATL","WR",2021
"2267","00-0030520",250,-0.0123343214109559,0.0217307061698177,-0.00112130194645054,"Mike Glennon","NYG","QB",2021
"2268","00-0036555",2021,-0.0125581697188165,0.0207076018121797,-0.00114165179261969,"Chuba Hubbard","CAR","RB",2021
"2269","00-0036567",2032,-0.0125773018793545,0.0209611690951863,-0.00114339107994132,"Elijah Mitchell","SF","RB",2021
"2270","00-0027954",80,-0.0125835866379345,0.0213270950207014,-0.00114396242163041,"Ryan Kerrigan","PHI","DL",2021
"2271","00-0037001",2292,-0.0126069355809302,0.02041322817443,-0.00114608505281184,"Quinn Meinerz","DEN","OL",2021
"2272","00-0031045",294,-0.0126092612028678,0.0209320193706122,-0.00114629647298798,"Carlos Hyde","JAX","RB",2021
"2273","00-0035642",1551,-0.012771921844574,0.0200505485739415,-0.00116108380405219,"Josh Allen","JAX","LB",2021
"2274","00-0035933",1667,-0.012774685246024,0.0211592154983295,-0.00116133502236582,"Michael Hoecht","LA","DL",2021
"2275","00-0035644",1553,-0.0127889906997465,0.0202344091553544,-0.00116263551815877,"Noah Fant","DEN","TE",2021
"2276","00-0035795",1624,-0.012996272686526,0.0197927291097242,-0.00118147933513872,"James Pierre","PIT","DB",2021
"2277","00-0036419",1959,-0.0130201735584243,0.0208202510027873,-0.00118365214167493,"Terrell Lewis","LA","LB",2021
"2278","00-0034185",1013,-0.0136226902675619,0.0215958054484437,-0.00123842638796017,"Tyler Lancaster","GB","DL",2021
"2279","00-0035142",1353,-0.0136389667048844,0.020210667442737,-0.0012399060640804,"Ugochukwu Amadi","SEA","DB",2021
"2280","00-0034745",1203,-0.0136849516994358,0.0213811435952641,-0.00124408651813052,"Tracy Walker","DET","DB",2021
"2281","00-0032759",619,-0.0137068350742703,0.0197512559073683,-0.00124607591584275,"Sheldon Rankins","NYJ","DL",2021
"2282","00-0035266",1413,-0.0137358543254892,0.0205306696372787,-0.00124871402958993,"Michael Jordan","CAR","OL",2021
"2283","00-0034516",1143,-0.0139612836014708,0.021034339417395,-0.00126920760013371,"Tre Herndon","JAX","DB",2021
"2284","00-0032575",598,-0.0139931836149944,0.0212350450009483,-0.00127210760136313,"Matt Skura","NYG","OL",2021
"2285","00-0033858",893,-0.014144479718196,0.0208830896111946,-0.00128586179256328,"Jonnu Smith","NE","TE",2021
"2286","00-0036272",1826,-0.0142805029921397,0.0217804400627338,-0.00129822754473997,"Ben Bartch","JAX","OL",2021
"2287","00-0027855",59,-0.0143587640914703,0.0201279498496432,-0.00130534219013366,"Ndamukong Suh","TB","DL",2021
"2288","00-0036501",1996,-0.0144194521802472,0.0204455111522444,-0.00131085928911338,"Michael Carter","NYJ","DB",2021
"2289","00-0032214",516,-0.0144348954029483,0.022029593554991,-0.00131226321844985,"Tyler Kroft","NYJ","TE",2021
"2290","00-0036862",2173,-0.0147860162283487,0.0204402304597854,-0.00134418329348624,"Ben Skowronek","LA","WR",2021
"2291","00-0035234",1385,-0.0153004215896128,0.0210748076160833,-0.00139094741723753,"Tytus Howard","HOU","OL",2021
"2292","00-0035678",1579,-0.0157791097018223,0.0203784924464768,-0.00143446451834748,"Dre'Mont Jones","DEN","DL",2021
"2293","00-0033046",694,-0.0161273604069256,0.0217423924263024,-0.00146612367335687,"Jihad Ward","JAX","LB",2021
"2294","00-0036241",1799,-0.0163806927934148,0.0205642165612285,-0.00148915389031044,"Bryce Hall","NYJ","DB",2021
"2295","00-0036968",2262,-0.0165566741158026,0.0200897574846273,-0.00150515219234569,"Brady Christensen","CAR","OL",2021
"2296","00-0036987",2278,-0.0171172802077907,0.0207029272650333,-0.00155611638252643,"Brandon Stephens","BAL","DB",2021
"2297","00-0036625",2062,-0.0172782064133376,0.021362065367015,-0.00157074603757614,"Benjamin St-Juste","WAS","DB",2021
"2298","00-0031361",355,-0.0182744796005695,0.0209390191129877,-0.0016613163273245,"Christian Kirksey","HOU","LB",2021
"2299","00-0032790",641,-0.0187565394045823,0.0207232348816416,-0.00170513994587112,"DeAndre Houston-Carson","CHI","DB",2021
"2300","00-0034992",1318,-0.0187594255975775,0.0211413071147532,-0.0017054023270525,"Armon Watts","MIN","DL",2021
"2301","00-0035631",1542,-0.0192643291681706,0.0213557320192123,-0.00175130265165187,"Drew Sample","CIN","TE",2021
"2302","00-0031236",318,-0.020245465664078,0.0207634240193788,-0.00184049687855254,"Brandin Cooks","HOU","WR",2021
"2303","00-0036329",1877,-0.0210805063754018,0.0212098631306349,-0.00191640967049107,"Ashtyn Davis","NYJ","DB",2021
"2304","00-0032972",680,-0.0225912194266822,0.0202161917814814,-0.00205374722060748,"Devontae Booker","NYG","RB",2021
