"","Year","Coach","G...3","W...4","L...5","T","W-L%","G...8","W...9","L...10","Result","Offense","Defense","team"
"1","2025","Jonathan Gannon","17","3","14","0",".176","","","","","Drew Petzing","Nick Rallis","ARI"
"2","2024","Jonathan Gannon","17","8","9","0",".471","","","","","Drew Petzing","Nick Rallis","ARI"
"3","2023","Jonathan Gannon","17","4","13","0",".235","","","","","Drew Petzing","Nick Rallis","ARI"
"4","2022","Kliff Kingsbury","17","4","13","0",".235","","","","","","Vance Joseph","ARI"
"5","2021","Kliff Kingsbury","17","11","6","0",".647","1","0","1","Lost WC","","Vance Joseph","ARI"
"6","2020","Kliff Kingsbury","16","8","8","0",".500","","","","","","Vance Joseph","ARI"
"7","2019","Kliff Kingsbury","16","5","10","1",".344","","","","","","Vance Joseph","ARI"
"8","2018","Steve Wilks","16","3","13","0",".188","","","","","Byron Leftwich, Mike McCoy","Al Holcomb","ARI"
"9","2017","Bruce Arians","16","8","8","0",".500","","","","","Harold Goodwin","James Bettcher","ARI"
"10","2016","Bruce Arians","16","7","8","1",".469","","","","","Harold Goodwin","James Bettcher","ARI"
"11","2015","Bruce Arians","16","13","3","0",".813","2","1","1","Lost Conf","Harold Goodwin","James Bettcher","ARI"
"12","2014","Bruce Arians","16","11","5","0",".688","1","0","1","Lost WC","Harold Goodwin","Todd Bowles","ARI"
"13","2013","Bruce Arians","16","10","6","0",".625","0","0","0","","Harold Goodwin","Todd Bowles","ARI"
"14","2012","Ken Whisenhunt","16","5","11","0",".313","0","0","0","","Mike Miller","Ray Horton","ARI"
"15","2011","Ken Whisenhunt","16","8","8","0",".500","0","0","0","","Mike Miller","Ray Horton","ARI"
"16","2010","Ken Whisenhunt","16","5","11","0",".313","0","0","0","","","Bill Davis","ARI"
"17","2009","Ken Whisenhunt","16","10","6","0",".625","2","1","1","Lost Div","","Bill Davis","ARI"
"18","2008","Ken Whisenhunt","16","9","7","0",".563","4","3","1","Lost SB","Todd Haley","Clancy Pendergast","ARI"
"19","2007","Ken Whisenhunt","16","8","8","0",".500","0","0","0","","Todd Haley","Clancy Pendergast","ARI"
"20","2006","Dennis Green","16","5","11","0",".313","0","0","0","","Mike Kruczek, Keith Rowen","Clancy Pendergast","ARI"
"21","2005","Dennis Green","16","5","11","0",".313","0","0","0","","Keith Rowen","Clancy Pendergast","ARI"
"22","2004","Dennis Green","16","6","10","0",".375","0","0","0","","Alex Wood","Clancy Pendergast","ARI"
"23","2003","Dave McGinnis","16","4","12","0",".250","0","0","0","","Jerry Sullivan","Larry Marmie","ARI"
"24","2002","Dave McGinnis","16","5","11","0",".313","0","0","0","","Rich Olson","Larry Marmie","ARI"
"25","2001","Dave McGinnis","16","7","9","0",".438","0","0","0","","Rich Olson","Larry Marmie","ARI"
"26","2000","Vince Tobin","7","2","5","0",".286","0","0","0","","Marc Trestman","Larry Marmie, Dave McGinnis","ARI"
"27","2000","Dave McGinnis","9","1","8","0",".111","0","0","0","","Marc Trestman","Larry Marmie","ARI"
"28","1999","Vince Tobin","16","6","10","0",".375","0","0","0","","Marc Trestman","Dave McGinnis","ARI"
"29","1998","Vince Tobin","16","9","7","0",".563","2","1","1","Lost Div","Marc Trestman","Dave McGinnis","ARI"
"30","1997","Vince Tobin","16","4","12","0",".250","0","0","0","","Dick Jamieson","Dave McGinnis","ARI"
"31","1996","Vince Tobin","16","7","9","0",".438","0","0","0","","Jim Fassel","Dave McGinnis","ARI"
"32","1995","Buddy Ryan","16","4","12","0",".250","0","0","0","","Dave Atkins","Ronnie Jones","ARI"
"33","1994","Buddy Ryan","16","8","8","0",".500","0","0","0","","Dave Atkins","Ronnie Jones","ARI"
"34","1993","Joe Bugel","16","7","9","0",".438","0","0","0","","Jerry Rhome","Fritz Shurmur","ARI"
"35","1992","Joe Bugel","16","4","12","0",".250","0","0","0","","Jerry Rhome","Fritz Shurmur","ARI"
"36","1991","Joe Bugel","16","4","12","0",".250","0","0","0","","Jerry Rhome","Fritz Shurmur","ARI"
"37","1990","Joe Bugel","16","5","11","0",".313","0","0","0","","Jerry Rhome","Joe Pascale","ARI"
"38","1989","Hank Kuhlmann","5","0","5","0",".000","0","0","0","","Jim Shofner","","ARI"
"39","1989","Gene Stallings","11","5","6","0",".455","0","0","0","","Jim Shofner","","ARI"
"40","1988","Gene Stallings","16","7","9","0",".438","0","0","0","","Jim Shofner","","ARI"
"41","1987","Gene Stallings","15","7","8","0",".467","0","0","0","","Jim Shofner","","ARI"
"42","1986","Gene Stallings","16","4","11","1",".281","0","0","0","","Jim Shofner","","ARI"
"43","1985","Jim Hanifan","16","5","11","0",".313","0","0","0","","Dick Jamieson","Floyd Peters","ARI"
"44","1984","Jim Hanifan","16","9","7","0",".563","0","0","0","","Rod Dowhower","Tom Bettis, Floyd Peters","ARI"
"45","1983","Jim Hanifan","16","8","7","1",".531","0","0","0","","Rod Dowhower","Tom Bettis, Floyd Peters","ARI"
"46","1982","Jim Hanifan","9","5","4","0",".556","1","0","1","Lost WC","","Tom Bettis, Floyd Peters","ARI"
"47","1981","Jim Hanifan","16","7","9","0",".438","0","0","0","","","Tom Bettis","ARI"
"48","1980","Jim Hanifan","16","5","11","0",".313","0","0","0","","","Tom Bettis","ARI"
"49","1979","Larry Wilson","3","2","1","0",".667","0","0","0","","","Tom Bettis","ARI"
"50","1979","Bud Wilkinson","13","3","10","0",".231","0","0","0","","","Tom Bettis","ARI"
"51","1978","Bud Wilkinson","16","6","10","0",".375","0","0","0","","","Tom Bettis","ARI"
"52","1977","Don Coryell","14","7","7","0",".500","0","0","0","","","Ray Willsey","ARI"
"53","1976","Don Coryell","14","10","4","0",".714","0","0","0","","","Ray Willsey","ARI"
"54","1975","Don Coryell","14","11","3","0",".786","1","0","1","Lost Div","","Ray Willsey","ARI"
"55","1974","Don Coryell","14","10","4","0",".714","1","0","1","Lost Div","","Ray Willsey","ARI"
"56","1973","Don Coryell","14","4","9","1",".321","0","0","0","","","Ray Willsey","ARI"
"57","1972","Bob Hollway","14","4","9","1",".321","0","0","0","","Lew Carpenter","Chuck Drulis","ARI"
"58","1971","Bob Hollway","14","4","9","1",".308","0","0","0","","Lew Carpenter","Dick Voris","ARI"
"59","1970","Charley Winner","14","8","5","1",".615","0","0","0","","","Chuck Drulis","ARI"
"60","1969","Charley Winner","14","4","9","1",".308","0","0","0","","","Chuck Drulis","ARI"
"61","1968","Charley Winner","14","9","4","1",".692","0","0","0","","","Chuck Drulis","ARI"
"62","1967","Charley Winner","14","6","7","1",".462","0","0","0","","","Chuck Drulis","ARI"
"63","1966","Charley Winner","14","8","5","1",".615","0","0","0","","","Chuck Drulis","ARI"
"64","1965","Wally Lemm","14","5","9","0",".357","0","0","0","","","Chuck Drulis","ARI"
"65","1964","Wally Lemm","14","9","3","2",".750","0","0","0","","","Chuck Drulis","ARI"
"66","1963","Wally Lemm","14","9","5","0",".643","0","0","0","","","Chuck Drulis","ARI"
"67","1962","Wally Lemm","14","4","9","1",".308","0","0","0","","","Chuck Drulis","ARI"
"68","1961","Chuck Drulis","2","2","0","0","1.000","0","0","0","","","","ARI"
"69","1961","Ray Prochaska","2","2","0","0","1.000","0","0","0","","","","ARI"
"70","1961","Ray Willsey","2","2","0","0","1.000","0","0","0","","","","ARI"
"71","1961","Pop Ivy","12","5","7","0",".417","0","0","0","","","","ARI"
"72","1960","Pop Ivy","12","6","5","1",".545","0","0","0","","","","ARI"
"73","1959","Pop Ivy","12","2","10","0",".167","0","0","0","","","","ARI"
"74","1958","Pop Ivy","12","2","9","1",".182","0","0","0","","","","ARI"
"75","1957","Ray Richards","12","3","9","0",".250","0","0","0","","","","ARI"
"76","1956","Ray Richards","12","7","5","0",".583","0","0","0","","","","ARI"
"77","1955","Ray Richards","12","4","7","1",".364","0","0","0","","","","ARI"
"78","1954","Joe Stydahar","12","2","10","0",".167","0","0","0","","","","ARI"
"79","1953","Joe Stydahar","12","1","10","1",".091","0","0","0","","","","ARI"
"80","1952","Joe Kuharich","12","4","8","0",".333","0","0","0","","","","ARI"
"81","1951","Phil Handler","2","1","1","0",".500","0","0","0","","","","ARI"
"82","1951","Cecil Isbell","2","1","1","0",".500","0","0","0","","","","ARI"
"83","1951","Curly Lambeau","10","2","8","0",".200","0","0","0","","","","ARI"
"84","1950","Curly Lambeau","12","5","7","0",".417","0","0","0","","","","ARI"
"85","1949","Buddy Parker","12","6","5","1",".545","0","0","0","","","","ARI"
"86","1949","Phil Handler","6","2","4","0",".333","0","0","0","","","","ARI"
"87","1948","Jimmy Conzelman","12","11","1","0",".917","1","0","1","Lost Champ","","","ARI"
"88","1947","Jimmy Conzelman","12","9","3","0",".750","1","1","0","Won Champ","","","ARI"
"89","1946","Jimmy Conzelman","11","6","5","0",".545","0","0","0","","","","ARI"
"90","1945","Phil Handler","10","1","9","0",".100","0","0","0","","","","ARI"
"91","1944","Phil Handler","10","0","10","0",".000","0","0","0","","","","ARI"
"92","1944","Walt Kiesling","10","0","10","0",".000","0","0","0","","","","ARI"
"93","1943","Phil Handler","10","0","10","0",".000","0","0","0","","","","ARI"
"94","1942","Jimmy Conzelman","11","3","8","0",".273","0","0","0","","","","ARI"
"95","1941","Jimmy Conzelman","11","3","7","1",".300","0","0","0","","","","ARI"
"96","1940","Jimmy Conzelman","11","2","7","2",".222","0","0","0","","","","ARI"
"97","1939","Ernie Nevers","11","1","10","0",".091","0","0","0","","","","ARI"
"98","1938","Milan Creighton","11","2","9","0",".182","0","0","0","","","","ARI"
"99","1937","Milan Creighton","11","5","5","1",".500","0","0","0","","","","ARI"
"100","1936","Milan Creighton","12","3","8","1",".273","0","0","0","","","","ARI"
"101","1935","Milan Creighton","12","6","4","2",".600","0","0","0","","","","ARI"
"102","1934","Paul Schissler","11","5","6","0",".455","0","0","0","","","","ARI"
"103","1933","Paul Schissler","11","1","9","1",".100","0","0","0","","","","ARI"
"104","1932","Jack Chevigny","10","2","6","2",".250","0","0","0","","","","ARI"
"105","1931","Ernie Nevers","8","5","3","0",".625","0","0","0","","","","ARI"
"106","1931","Roy Andrews","1","0","1","0",".000","0","0","0","","","","ARI"
"107","1930","Ernie Nevers","13","5","6","2",".455","0","0","0","","","","ARI"
"108","1929","Dewey Scanlon","13","6","6","1",".500","0","0","0","","","","ARI"
"109","1928","Fred Gillies","6","1","5","0",".167","0","0","0","","","","ARI"
"110","1927","Guy Chamberlin","11","3","7","1",".300","0","0","0","","","","ARI"
"111","1926","Norm Barry","12","5","6","1",".455","0","0","0","","","","ARI"
"112","1925","Norm Barry","14","11","2","1",".846","0","0","0","Won Champ","","","ARI"
"113","1924","Arnie Horween","10","5","4","1",".556","0","0","0","","","","ARI"
"114","1923","Arnie Horween","12","8","4","0",".667","0","0","0","","","","ARI"
"115","1922","Paddy Driscoll","11","8","3","0",".727","0","0","0","","","","ARI"
"116","1921","Paddy Driscoll","8","3","3","2",".500","0","0","0","","","","ARI"
"117","1920","Paddy Driscoll","10","6","2","2",".750","0","0","0","","","","ARI"
"118","2025","Raheem Morris","17","8","9","0",".471","","","","","Zac Robinson","Jeff Ulbrich","ATL"
"119","2024","Raheem Morris","17","8","9","0",".471","","","","","Zac Robinson","Jimmy Lake","ATL"
"120","2023","Arthur Smith","17","7","10","0",".412","","","","","Dave Ragone","Ryan Nielsen","ATL"
"121","2022","Arthur Smith","17","7","10","0",".412","","","","","Dave Ragone","Dean Pees","ATL"
"122","2021","Arthur Smith","17","7","10","0",".412","","","","","Dave Ragone","Dean Pees","ATL"
"123","2020","Raheem Morris","11","4","7","0",".364","","","","","Dirk Koetter","Jeff Ulbrich","ATL"
"124","2020","Dan Quinn","5","0","5","0",".000","","","","","Dirk Koetter","Raheem Morris, Jeff Ulbrich","ATL"
"125","2019","Dan Quinn","16","7","9","0",".438","","","","","Dirk Koetter","","ATL"
"126","2018","Dan Quinn","16","7","9","0",".438","0","0","0","","Steve Sarkisian","Marquand Manuel","ATL"
"127","2017","Dan Quinn","16","10","6","0",".625","2","1","1","Lost Div","Steve Sarkisian","Marquand Manuel","ATL"
"128","2016","Dan Quinn","16","11","5","0",".688","3","2","1","Lost SB","Kyle Shanahan","Richard Smith","ATL"
"129","2015","Dan Quinn","16","8","8","0",".500","0","0","0","","Kyle Shanahan","Richard Smith","ATL"
"130","2014","Mike Smith","16","6","10","0",".375","0","0","0","","Dirk Koetter","Mike Nolan","ATL"
"131","2013","Mike Smith","16","4","12","0",".250","0","0","0","","Dirk Koetter","Mike Nolan","ATL"
"132","2012","Mike Smith","16","13","3","0",".813","2","1","1","Lost Conf","Dirk Koetter","Mike Nolan","ATL"
"133","2011","Mike Smith","16","10","6","0",".625","1","0","1","Lost WC","Mike Mularkey","Brian VanGorder","ATL"
"134","2010","Mike Smith","16","13","3","0",".813","1","0","1","Lost Div","Mike Mularkey","Brian VanGorder","ATL"
"135","2009","Mike Smith","16","9","7","0",".563","0","0","0","","Mike Mularkey","Brian VanGorder","ATL"
"136","2008","Mike Smith","16","11","5","0",".688","1","0","1","Lost WC","Mike Mularkey","Brian VanGorder","ATL"
"137","2007","Emmitt Thomas","3","1","2","0",".333","0","0","0","","Hue Jackson","Mike Zimmer","ATL"
"138","2007","Bobby Petrino","13","3","10","0",".231","0","0","0","","Hue Jackson","Mike Zimmer","ATL"
"139","2006","Jim Mora","16","7","9","0",".438","0","0","0","","Greg Knapp","Ed Donatell","ATL"
"140","2005","Jim Mora","16","8","8","0",".500","0","0","0","","Greg Knapp","Ed Donatell","ATL"
"141","2004","Jim Mora","16","11","5","0",".688","2","1","1","Lost Conf","Greg Knapp","Ed Donatell","ATL"
"142","2003","Wade Phillips","3","2","1","0",".667","0","0","0","","Pete Mangurian","","ATL"
"143","2003","Dan Reeves","13","3","10","0",".231","0","0","0","","Pete Mangurian","Wade Phillips","ATL"
"144","2002","Dan Reeves","16","9","6","1",".594","2","1","1","Lost Div","","Wade Phillips","ATL"
"145","2001","Dan Reeves","16","7","9","0",".438","0","0","0","","George Sefcik","Don Blackmon","ATL"
"146","2000","Dan Reeves","16","4","12","0",".250","0","0","0","","George Sefcik","Rich Brooks","ATL"
"147","1999","Dan Reeves","16","5","11","0",".313","0","0","0","","George Sefcik","Rich Brooks","ATL"
"148","1998","Dan Reeves","16","14","2","0",".875","3","2","1","Lost SB","George Sefcik","Rich Brooks","ATL"
"149","1997","Dan Reeves","16","7","9","0",".438","0","0","0","","George Sefcik","Rich Brooks","ATL"
"150","1996","June Jones","16","3","13","0",".188","0","0","0","","","Rod Rust","ATL"
"151","1995","June Jones","16","9","7","0",".563","1","0","1","Lost WC","","Joe Haering","ATL"
"152","1994","June Jones","16","7","9","0",".438","0","0","0","","","Jim Bates","ATL"
"153","1993","Jerry Glanville","16","6","10","0",".375","0","0","0","","June Jones","Doug Shively","ATL"
"154","1992","Jerry Glanville","16","6","10","0",".375","0","0","0","","June Jones","Doug Shively","ATL"
"155","1991","Jerry Glanville","16","10","6","0",".625","2","1","1","Lost Div","June Jones","Doug Shively","ATL"
"156","1990","Jerry Glanville","16","5","11","0",".313","0","0","0","","Ray Sherman","Doug Shively","ATL"
"157","1989","Jim Hanifan","4","0","4","0",".000","0","0","0","","Rod Dowhower","","ATL"
"158","1989","Marion Campbell","12","3","9","0",".250","0","0","0","","Rod Dowhower","","ATL"
"159","1988","Marion Campbell","16","5","11","0",".313","0","0","0","","Rod Dowhower","","ATL"
"160","1987","Marion Campbell","15","3","12","0",".200","0","0","0","","Rod Dowhower","","ATL"
"161","1986","Dan Henning","16","7","8","1",".469","0","0","0","","","Marion Campbell","ATL"
"162","1985","Dan Henning","16","4","12","0",".250","0","0","0","","","John Marshall","ATL"
"163","1984","Dan Henning","16","4","12","0",".250","0","0","0","","Bob Fry","John Marshall","ATL"
"164","1983","Dan Henning","16","7","9","0",".438","0","0","0","","Bob Fry","John Marshall","ATL"
"165","1982","Leeman Bennett","9","5","4","0",".556","1","0","1","Lost WC","","Jerry Glanville","ATL"
"166","1981","Leeman Bennett","16","7","9","0",".438","0","0","0","","","Jerry Glanville","ATL"
"167","1980","Leeman Bennett","16","12","4","0",".750","1","0","1","Lost Div","","Jerry Glanville","ATL"
"168","1979","Leeman Bennett","16","6","10","0",".375","0","0","0","","","Jerry Glanville","ATL"
"169","1978","Leeman Bennett","16","9","7","0",".563","2","1","1","Lost Div","","","ATL"
"170","1977","Leeman Bennett","14","7","7","0",".500","0","0","0","","","","ATL"
"171","1976","Pat Peppler","9","3","6","0",".333","0","0","0","","Bill Nelsen, John Rauch","Fred Bruney","ATL"
"172","1976","Marion Campbell","5","1","4","0",".200","0","0","0","","Bill Nelsen, John Rauch","Fred Bruney","ATL"
"173","1975","Marion Campbell","14","4","10","0",".286","0","0","0","","Bill Nelsen","Fred Bruney","ATL"
"174","1974","Marion Campbell","6","1","5","0",".167","0","0","0","","","","ATL"
"175","1974","Norm Van Brocklin","8","2","6","0",".250","0","0","0","","","Marion Campbell","ATL"
"176","1973","Norm Van Brocklin","14","9","5","0",".643","0","0","0","","","Marion Campbell","ATL"
"177","1972","Norm Van Brocklin","14","7","7","0",".500","0","0","0","","","Marion Campbell","ATL"
"178","1971","Norm Van Brocklin","14","7","6","1",".538","0","0","0","","","Marion Campbell","ATL"
"179","1970","Norm Van Brocklin","14","4","8","2",".333","0","0","0","","","Marion Campbell","ATL"
"180","1969","Norm Van Brocklin","14","6","8","0",".429","0","0","0","","","Marion Campbell","ATL"
"181","1968","Norm Van Brocklin","11","2","9","0",".182","0","0","0","","Lew Carpenter","Hal Herring","ATL"
"182","1968","Norb Hecker","3","0","3","0",".000","0","0","0","","Lew Carpenter","Hal Herring","ATL"
"183","1967","Norb Hecker","14","1","12","1",".077","0","0","0","","","Hal Herring","ATL"
"184","1966","Norb Hecker","14","3","11","0",".214","0","0","0","","Tom Fears","Hal Herring","ATL"
"185","2025","John Harbaugh","17","8","9","0",".471","","","","","Todd Monken","Zach Orr","BAL"
"186","2024","John Harbaugh","17","12","5","0",".706","2","1","1","Lost Div","Todd Monken","Zach Orr","BAL"
"187","2023","John Harbaugh","17","13","4","0",".765","2","1","1","Lost Conf","Todd Monken","Mike Macdonald","BAL"
"188","2022","John Harbaugh","17","10","7","0",".588","1","0","1","Lost WC","Greg Roman","Mike Macdonald","BAL"
"189","2021","John Harbaugh","17","8","9","0",".471","","","","","Greg Roman","Don Martindale","BAL"
"190","2020","John Harbaugh","16","11","5","0",".688","2","1","1","Lost Div","Greg Roman","Don Martindale","BAL"
"191","2019","John Harbaugh","16","14","2","0",".875","1","0","1","Lost Div","Greg Roman","Don Martindale","BAL"
"192","2018","John Harbaugh","16","10","6","0",".625","1","0","1","Lost WC","Marty Mornhinweg","Don Martindale","BAL"
"193","2017","John Harbaugh","16","9","7","0",".563","","","","","Marty Mornhinweg","Dean Pees","BAL"
"194","2016","John Harbaugh","16","8","8","0",".500","","","","","Marty Mornhinweg, Marc Trestman","Dean Pees","BAL"
"195","2015","John Harbaugh","16","5","11","0",".313","","","","","Marc Trestman","Dean Pees","BAL"
"196","2014","John Harbaugh","16","10","6","0",".625","2","1","1","Lost Div","Gary Kubiak","Dean Pees","BAL"
"197","2013","John Harbaugh","16","8","8","0",".500","0","0","0","","Jim Caldwell","Dean Pees","BAL"
"198","2012","John Harbaugh","16","10","6","0",".625","4","4","0","Won SB","Jim Caldwell, Cam Cameron","Dean Pees","BAL"
"199","2011","John Harbaugh","16","12","4","0",".750","2","1","1","Lost Conf","Cam Cameron","Chuck Pagano","BAL"
"200","2010","John Harbaugh","16","12","4","0",".750","2","1","1","Lost Div","Cam Cameron","Greg Mattison","BAL"
"201","2009","John Harbaugh","16","9","7","0",".563","2","1","1","Lost Div","Cam Cameron","Greg Mattison","BAL"
"202","2008","John Harbaugh","16","11","5","0",".688","3","2","1","Lost Conf","Cam Cameron","Rex Ryan","BAL"
"203","2007","Brian Billick","16","5","11","0",".313","0","0","0","","Rick Neuheisel","Rex Ryan","BAL"
"204","2006","Brian Billick","16","13","3","0",".813","1","0","1","Lost Div","Jim Fassel","Rex Ryan","BAL"
"205","2005","Brian Billick","16","6","10","0",".375","0","0","0","","Jim Fassel","Rex Ryan","BAL"
"206","2004","Brian Billick","16","9","7","0",".563","0","0","0","","Matt Cavanaugh","Mike Nolan","BAL"
"207","2003","Brian Billick","16","10","6","0",".625","1","0","1","Lost WC","Matt Cavanaugh","Mike Nolan","BAL"
"208","2002","Brian Billick","16","7","9","0",".438","0","0","0","","Matt Cavanaugh","Mike Nolan","BAL"
"209","2001","Brian Billick","16","10","6","0",".625","2","1","1","Lost Div","Matt Cavanaugh","Marvin Lewis","BAL"
"210","2000","Brian Billick","16","12","4","0",".750","4","4","0","Won SB","Matt Cavanaugh","Marvin Lewis","BAL"
"211","1999","Brian Billick","16","8","8","0",".500","0","0","0","","Matt Cavanaugh","Marvin Lewis","BAL"
"212","1998","Ted Marchibroda","16","6","10","0",".375","0","0","0","","","Marvin Lewis","BAL"
"213","1997","Ted Marchibroda","16","6","9","1",".406","0","0","0","","","Marvin Lewis","BAL"
"214","1996","Ted Marchibroda","16","4","12","0",".250","0","0","0","","","Marvin Lewis","BAL"
"215","2025","Sean McDermott","17","12","5","0",".706","2","1","1","","Joe Brady","Bobby Babich","BUF"
"216","2024","Sean McDermott","17","13","4","0",".765","3","2","1","Lost Conf","Joe Brady","Bobby Babich","BUF"
"217","2023","Sean McDermott","17","11","6","0",".647","2","1","1","Lost Div","Joe Brady, Ken Dorsey","","BUF"
"218","2022","Sean McDermott","16","13","3","0",".813","2","1","1","Lost Div","Ken Dorsey","Leslie Frazier","BUF"
"219","2021","Sean McDermott","17","11","6","0",".647","2","1","1","Lost Div","Brian Daboll","Leslie Frazier","BUF"
"220","2020","Sean McDermott","16","13","3","0",".813","3","2","1","Lost Conf","Brian Daboll","Leslie Frazier","BUF"
"221","2019","Sean McDermott","16","10","6","0",".625","1","0","1","Lost WC","Brian Daboll","Leslie Frazier","BUF"
"222","2018","Sean McDermott","16","6","10","0",".375","0","0","0","","Brian Daboll","Leslie Frazier","BUF"
"223","2017","Sean McDermott","16","9","7","0",".563","1","0","1","Lost WC","Rick Dennison","Leslie Frazier","BUF"
"224","2016","Anthony Lynn","1","0","1","0",".000","0","0","0","","Greg Roman","Dennis Thurman","BUF"
"225","2016","Rex Ryan","15","7","8","0",".467","0","0","0","","Anthony Lynn, Greg Roman","Dennis Thurman","BUF"
"226","2015","Rex Ryan","16","8","8","0",".500","","","","","Greg Roman","Dennis Thurman","BUF"
"227","2014","Doug Marrone","16","9","7","0",".563","0","0","0","","Nathaniel Hackett","Jim Schwartz","BUF"
"228","2013","Doug Marrone","16","6","10","0",".375","0","0","0","","Nathaniel Hackett","Mike Pettine","BUF"
"229","2012","Chan Gailey","16","6","10","0",".375","0","0","0","","Curtis Modkins","Dave Wannstedt","BUF"
"230","2011","Chan Gailey","16","6","10","0",".375","0","0","0","","Curtis Modkins","George Edwards","BUF"
"231","2010","Chan Gailey","16","4","12","0",".250","0","0","0","","Curtis Modkins","George Edwards","BUF"
"232","2009","Perry Fewell","7","3","4","0",".429","0","0","0","","Alex Van Pelt","","BUF"
"233","2009","Dick Jauron","9","3","6","0",".333","0","0","0","","Alex Van Pelt","Perry Fewell","BUF"
"234","2008","Dick Jauron","16","7","9","0",".438","0","0","0","","Turk Schonert","Perry Fewell","BUF"
"235","2007","Dick Jauron","16","7","9","0",".438","0","0","0","","Steve Fairchild","Perry Fewell","BUF"
"236","2006","Dick Jauron","16","7","9","0",".438","0","0","0","","Steve Fairchild","Perry Fewell","BUF"
"237","2005","Mike Mularkey","16","5","11","0",".313","0","0","0","","Tom Clements","Jerry Gray","BUF"
"238","2004","Mike Mularkey","16","9","7","0",".563","0","0","0","","Tom Clements","Jerry Gray","BUF"
"239","2003","Gregg Williams","16","6","10","0",".375","0","0","0","","Kevin Gilbride","Jerry Gray","BUF"
"240","2002","Gregg Williams","16","8","8","0",".500","0","0","0","","Kevin Gilbride","Jerry Gray","BUF"
"241","2001","Gregg Williams","16","3","13","0",".188","0","0","0","","Mike Sheppard","Jerry Gray","BUF"
"242","2000","Wade Phillips","16","8","8","0",".500","0","0","0","","Joe Pendry","Ted Cottrell","BUF"
"243","1999","Wade Phillips","16","11","5","0",".688","1","0","1","Lost WC","Joe Pendry","Ted Cottrell","BUF"
"244","1998","Wade Phillips","16","10","6","0",".625","1","0","1","Lost WC","Joe Pendry","Ted Cottrell","BUF"
"245","1997","Marv Levy","16","6","10","0",".375","0","0","0","","Dan Henning","Wade Phillips","BUF"
"246","1996","Marv Levy","16","10","6","0",".625","1","0","1","Lost WC","Tom Bresnahan","Wade Phillips","BUF"
"247","1995","Marv Levy","16","10","6","0",".625","2","1","1","Lost Div","Tom Bresnahan","Wade Phillips","BUF"
"248","1994","Marv Levy","16","7","9","0",".438","0","0","0","","Tom Bresnahan","Walt Corey","BUF"
"249","1993","Marv Levy","16","12","4","0",".750","3","2","1","Lost SB","Tom Bresnahan","Walt Corey","BUF"
"250","1992","Marv Levy","16","11","5","0",".688","4","3","1","Lost SB","Tom Bresnahan","Walt Corey","BUF"
"251","1991","Marv Levy","16","13","3","0",".813","3","2","1","Lost SB","Ted Marchibroda","Walt Corey","BUF"
"252","1990","Marv Levy","16","13","3","0",".813","3","2","1","Lost SB","Ted Marchibroda","Walt Corey","BUF"
"253","1989","Marv Levy","16","9","7","0",".563","1","0","1","Lost Div","Ted Marchibroda","Walt Corey","BUF"
"254","1988","Marv Levy","16","12","4","0",".750","2","1","1","Lost Conf","Jim Ringo","Walt Corey","BUF"
"255","1987","Marv Levy","15","7","8","0",".467","0","0","0","","Jim Ringo","Walt Corey","BUF"
"256","1986","Marv Levy","7","2","5","0",".286","0","0","0","","Jim Ringo","Herb Paterra","BUF"
"257","1986","Hank Bullough","9","2","7","0",".222","0","0","0","","Jim Ringo","Herb Paterra","BUF"
"258","1985","Hank Bullough","12","2","10","0",".167","0","0","0","","Jim Ringo","","BUF"
"259","1985","Kay Stephenson","4","0","4","0",".000","0","0","0","","Jim Ringo","Hank Bullough","BUF"
"260","1984","Kay Stephenson","16","2","14","0",".125","0","0","0","","","Don Lawrence","BUF"
"261","1983","Kay Stephenson","16","8","8","0",".500","0","0","0","","","Bob Zeman","BUF"
"262","1982","Chuck Knox","9","4","5","0",".444","0","0","0","","Ray Prochaska","Tom Catlin","BUF"
"263","1981","Chuck Knox","16","10","6","0",".625","2","1","1","Lost Div","Ray Prochaska","Tom Catlin","BUF"
"264","1980","Chuck Knox","16","11","5","0",".688","1","0","1","Lost Div","Ray Prochaska","Tom Catlin","BUF"
"265","1979","Chuck Knox","16","7","9","0",".438","0","0","0","","Ray Prochaska","Tom Catlin","BUF"
"266","1978","Chuck Knox","16","5","11","0",".313","0","0","0","","Ray Prochaska","Tom Catlin","BUF"
"267","1977","Jim Ringo","14","3","11","0",".214","0","0","0","","","Richie McCabe","BUF"
"268","1976","Jim Ringo","9","0","9","0",".000","0","0","0","","","Richie McCabe","BUF"
"269","1976","Lou Saban","5","2","3","0",".400","0","0","0","","","Richie McCabe","BUF"
"270","1975","Lou Saban","14","8","6","0",".571","0","0","0","","","","BUF"
"271","1974","Lou Saban","14","9","5","0",".643","1","0","1","Lost Div","","","BUF"
"272","1973","Lou Saban","14","9","5","0",".643","0","0","0","","","","BUF"
"273","1972","Lou Saban","14","4","9","1",".321","0","0","0","","","","BUF"
"274","1971","Harvey Johnson","14","1","13","0",".071","0","0","0","","","","BUF"
"275","1970","John Rauch","14","3","10","1",".231","0","0","0","","","","BUF"
"276","1969","John Rauch","14","4","10","0",".286","0","0","0","","","","BUF"
"277","1968","Harvey Johnson","12","1","10","1",".091","0","0","0","","","","BUF"
"278","1968","Joe Collier","2","0","2","0",".000","0","0","0","","","","BUF"
"279","1967","Joe Collier","14","4","10","0",".286","0","0","0","","","","BUF"
"280","1966","Joe Collier","14","9","4","1",".692","1","0","1","Lost Conf","","","BUF"
"281","1965","Lou Saban","14","10","3","1",".769","1","1","0","Won Champ","","","BUF"
"282","1964","Lou Saban","14","12","2","0",".857","1","1","0","Won Champ","","","BUF"
"283","1963","Lou Saban","14","7","6","1",".538","1","0","1","Lost Div","","","BUF"
"284","1962","Lou Saban","14","7","6","1",".538","0","0","0","","","","BUF"
"285","1961","Buster Ramsey","14","6","8","0",".429","0","0","0","","","","BUF"
"286","1960","Buster Ramsey","14","5","8","1",".385","0","0","0","","","","BUF"
"287","2025","Dave Canales","17","8","9","0",".471","1","0","1","","Brad Idzik","Ejiro Evero","CAR"
"288","2024","Dave Canales","17","5","12","0",".294","","","","","Brad Idzik","Ejiro Evero","CAR"
"289","2023","Chris Tabor","6","1","5","0",".167","","","","","Thomas Brown","Ejiro Evero","CAR"
"290","2023","Frank Reich","11","1","10","0",".091","","","","","Thomas Brown","Ejiro Evero","CAR"
"291","2022","Steve Wilks","12","6","6","0",".500","","","","","Ben McAdoo","Al Holcomb, Phil Snow","CAR"
"292","2022","Matt Rhule","5","1","4","0",".200","","","","","Ben McAdoo","Al Holcomb, Phil Snow","CAR"
"293","2021","Matt Rhule","17","5","12","0",".294","","","","","Joe Brady, Jeff Nixon","Phil Snow","CAR"
"294","2020","Matt Rhule","16","5","11","0",".313","","","","","Joe Brady","Phil Snow","CAR"
"295","2019","Perry Fewell","4","0","4","0",".000","","","","","Norv Turner, Scott Turner","Eric Washington","CAR"
"296","2019","Ron Rivera","12","5","7","0",".417","","","","","Norv Turner, Scott Turner","Eric Washington","CAR"
"297","2018","Ron Rivera","16","7","9","0",".438","","","","","Norv Turner","Eric Washington","CAR"
"298","2017","Ron Rivera","16","11","5","0",".688","1","0","1","Lost WC","Mike Shula","Steve Wilks","CAR"
"299","2016","Ron Rivera","16","6","10","0",".375","","","","","Mike Shula","Sean McDermott","CAR"
"300","2015","Ron Rivera","16","15","1","0",".938","3","2","1","Lost SB","Mike Shula","Sean McDermott","CAR"
"301","2014","Ron Rivera","16","7","8","1",".469","2","1","1","Lost Div","Mike Shula","Sean McDermott","CAR"
"302","2013","Ron Rivera","16","12","4","0",".750","1","0","1","Lost Div","Mike Shula","Sean McDermott","CAR"
"303","2012","Ron Rivera","16","7","9","0",".438","0","0","0","","Rob Chudzinski","Sean McDermott","CAR"
"304","2011","Ron Rivera","16","6","10","0",".375","0","0","0","","Rob Chudzinski","Sean McDermott","CAR"
"305","2010","John Fox","16","2","14","0",".125","0","0","0","","Jeff Davidson","Ron Meeks","CAR"
"306","2009","John Fox","16","8","8","0",".500","0","0","0","","Jeff Davidson","Ron Meeks","CAR"
"307","2008","John Fox","16","12","4","0",".750","1","0","1","Lost Div","Jeff Davidson","Mike Trgovac","CAR"
"308","2007","John Fox","16","7","9","0",".438","0","0","0","","Jeff Davidson","Mike Trgovac","CAR"
"309","2006","John Fox","16","8","8","0",".500","0","0","0","","Dan Henning","Mike Trgovac","CAR"
"310","2005","John Fox","16","11","5","0",".688","3","2","1","Lost Conf","Dan Henning","Mike Trgovac","CAR"
"311","2004","John Fox","16","7","9","0",".438","0","0","0","","Dan Henning","Mike Trgovac","CAR"
"312","2003","John Fox","16","11","5","0",".688","4","3","1","Lost SB","Dan Henning","Mike Trgovac","CAR"
"313","2002","John Fox","16","7","9","0",".438","0","0","0","","Dan Henning","Jack Del Rio","CAR"
"314","2001","George Seifert","16","1","15","0",".063","0","0","0","","Richard Williamson","John Marshall","CAR"
"315","2000","George Seifert","16","7","9","0",".438","0","0","0","","Bill Musgrave, Richard Williamson","John Marshall","CAR"
"316","1999","George Seifert","16","8","8","0",".500","0","0","0","","Gil Haskell","John Marshall","CAR"
"317","1998","Dom Capers","16","4","12","0",".250","0","0","0","","Gil Haskell","Vic Fangio","CAR"
"318","1997","Dom Capers","16","7","9","0",".438","0","0","0","","Joe Pendry","Vic Fangio","CAR"
"319","1996","Dom Capers","16","12","4","0",".750","2","1","1","Lost Conf","Joe Pendry","Vic Fangio","CAR"
"320","1995","Dom Capers","16","7","9","0",".438","0","0","0","","Joe Pendry","Vic Fangio","CAR"
"321","2025","Ben Johnson","17","11","6","0",".647","2","1","1","","Declan Doyle","Dennis Allen","CHI"
"322","2024","Thomas Brown","5","1","4","0",".200","","","","","Chris Beatty, Shane Waldron","Eric Washington","CHI"
"323","2024","Matt Eberflus","12","4","8","0",".333","","","","","Chris Beatty, Thomas Brown, Shane Waldron","Eric Washington","CHI"
"324","2023","Matt Eberflus","17","7","10","0",".412","","","","","Luke Getsy","Alan Williams","CHI"
"325","2022","Matt Eberflus","17","3","14","0",".176","","","","","Luke Getsy","Alan Williams","CHI"
"326","2021","Matt Nagy","17","6","11","0",".353","","","","","Bill Lazor","Sean Desai","CHI"
"327","2020","Matt Nagy","16","8","8","0",".500","1","0","1","Lost WC","Bill Lazor","Chuck Pagano","CHI"
"328","2019","Matt Nagy","16","8","8","0",".500","","","","","Mark Helfrich","Chuck Pagano","CHI"
"329","2018","Matt Nagy","16","12","4","0",".750","1","0","1","Lost WC","Mark Helfrich","Vic Fangio","CHI"
"330","2017","John Fox","16","5","11","0",".313","","","","","Dowell Loggains","Vic Fangio","CHI"
"331","2016","John Fox","16","3","13","0",".188","","","","","Dowell Loggains","Vic Fangio","CHI"
"332","2015","John Fox","16","6","10","0",".375","","","","","Adam Gase","Vic Fangio","CHI"
"333","2014","Marc Trestman","16","5","11","0",".313","0","0","0","","Aaron Kromer","Mel Tucker","CHI"
"334","2013","Marc Trestman","16","8","8","0",".500","0","0","0","","Aaron Kromer","Mel Tucker","CHI"
"335","2012","Lovie Smith","16","10","6","0",".625","0","0","0","","Mike Tice","Rod Marinelli","CHI"
"336","2011","Lovie Smith","16","8","8","0",".500","0","0","0","","Mike Martz","Rod Marinelli","CHI"
"337","2010","Lovie Smith","16","11","5","0",".688","2","1","1","Lost Conf","Mike Martz","Rod Marinelli","CHI"
"338","2009","Lovie Smith","16","7","9","0",".438","0","0","0","","Ron Turner","Bob Babich","CHI"
"339","2008","Lovie Smith","16","9","7","0",".563","0","0","0","","Ron Turner","Bob Babich","CHI"
"340","2007","Lovie Smith","16","7","9","0",".438","0","0","0","","Ron Turner","Bob Babich","CHI"
"341","2006","Lovie Smith","16","13","3","0",".813","3","2","1","Lost SB","Ron Turner","Ron Rivera","CHI"
"342","2005","Lovie Smith","16","11","5","0",".688","1","0","1","Lost Div","Ron Turner","Ron Rivera","CHI"
"343","2004","Lovie Smith","16","5","11","0",".313","0","0","0","","Terry Shea","Ron Rivera","CHI"
"344","2003","Dick Jauron","16","7","9","0",".438","0","0","0","","John Shoop","Greg Blache","CHI"
"345","2002","Dick Jauron","16","4","12","0",".250","0","0","0","","John Shoop","Greg Blache","CHI"
"346","2001","Dick Jauron","16","13","3","0",".813","1","0","1","Lost Div","John Shoop","Greg Blache","CHI"
"347","2000","Dick Jauron","16","5","11","0",".313","0","0","0","","Gary Crowton","Greg Blache","CHI"
"348","1999","Dick Jauron","16","6","10","0",".375","0","0","0","","Gary Crowton","Greg Blache","CHI"
"349","1998","Dave Wannstedt","16","4","12","0",".250","0","0","0","","Matt Cavanaugh","Bob Slowik","CHI"
"350","1997","Dave Wannstedt","16","4","12","0",".250","0","0","0","","Matt Cavanaugh","Bob Slowik","CHI"
"351","1996","Dave Wannstedt","16","7","9","0",".438","0","0","0","","Ron Turner","Bob Slowik","CHI"
"352","1995","Dave Wannstedt","16","9","7","0",".563","0","0","0","","Ron Turner","Bob Slowik","CHI"
"353","1994","Dave Wannstedt","16","9","7","0",".563","2","1","1","Lost Div","Ron Turner","Bob Slowik","CHI"
"354","1993","Dave Wannstedt","16","7","9","0",".438","0","0","0","","Ron Turner","Bob Slowik","CHI"
"355","1992","Mike Ditka","16","5","11","0",".313","0","0","0","","Greg Landry","Vince Tobin","CHI"
"356","1991","Mike Ditka","16","11","5","0",".688","1","0","1","Lost WC","Greg Landry","Vince Tobin","CHI"
"357","1990","Mike Ditka","16","11","5","0",".688","2","1","1","Lost Div","Greg Landry","Vince Tobin","CHI"
"358","1989","Mike Ditka","16","6","10","0",".375","0","0","0","","Greg Landry","Vince Tobin","CHI"
"359","1988","Mike Ditka","16","12","4","0",".750","2","1","1","Lost Conf","Ed Hughes","Vince Tobin","CHI"
"360","1987","Mike Ditka","15","11","4","0",".733","1","0","1","Lost Div","Ed Hughes","Vince Tobin","CHI"
"361","1986","Mike Ditka","16","14","2","0",".875","1","0","1","Lost Div","Ed Hughes","Vince Tobin","CHI"
"362","1985","Mike Ditka","16","15","1","0",".938","3","3","0","Won SB","Ed Hughes","Buddy Ryan","CHI"
"363","1984","Mike Ditka","16","10","6","0",".625","2","1","1","Lost Conf","Ed Hughes","Buddy Ryan","CHI"
"364","1983","Mike Ditka","16","8","8","0",".500","0","0","0","","Ed Hughes","Buddy Ryan","CHI"
"365","1982","Mike Ditka","9","3","6","0",".333","0","0","0","","Ed Hughes","Buddy Ryan","CHI"
"366","1981","Neill Armstrong","16","6","10","0",".375","0","0","0","","Ted Marchibroda","Buddy Ryan","CHI"
"367","1980","Neill Armstrong","16","7","9","0",".438","0","0","0","","Ken Meyer","Buddy Ryan","CHI"
"368","1979","Neill Armstrong","16","10","6","0",".625","1","0","1","Lost WC","Ken Meyer","Buddy Ryan","CHI"
"369","1978","Neill Armstrong","16","7","9","0",".438","0","0","0","","Ken Meyer","Buddy Ryan","CHI"
"370","1977","Jack Pardee","14","9","5","0",".643","1","0","1","Lost Div","Sid Gillman","","CHI"
"371","1976","Jack Pardee","14","7","7","0",".500","0","0","0","","","","CHI"
"372","1975","Jack Pardee","14","4","10","0",".286","0","0","0","","","","CHI"
"373","1974","Abe Gibron","14","4","10","0",".286","0","0","0","","","","CHI"
"374","1973","Abe Gibron","14","3","11","0",".214","0","0","0","","","","CHI"
"375","1972","Abe Gibron","14","4","9","1",".321","0","0","0","","","","CHI"
"376","1971","Jim Dooley","14","6","8","0",".429","0","0","0","","Perry Moss","","CHI"
"377","1970","Jim Dooley","14","6","8","0",".429","0","0","0","","Perry Moss","","CHI"
"378","1969","Jim Dooley","14","1","13","0",".071","0","0","0","","","","CHI"
"379","1968","Jim Dooley","14","7","7","0",".500","0","0","0","","","","CHI"
"380","1967","George Halas","14","7","6","1",".538","0","0","0","","","Jim Dooley","CHI"
"381","1966","George Halas","14","5","7","2",".417","0","0","0","","","Jim Dooley","CHI"
"382","1965","George Halas","14","9","5","0",".643","0","0","0","","","George Allen","CHI"
"383","1964","George Halas","14","5","9","0",".357","0","0","0","","","George Allen","CHI"
"384","1963","George Halas","14","11","1","2",".917","1","1","0","Won Champ","","","CHI"
"385","1962","George Halas","14","9","5","0",".643","0","0","0","","","Clark Shaughnessy","CHI"
"386","1961","George Halas","14","8","6","0",".571","0","0","0","","","Clark Shaughnessy","CHI"
"387","1960","George Halas","12","5","6","1",".455","0","0","0","","","Clark Shaughnessy","CHI"
"388","1959","George Halas","12","8","4","0",".667","0","0","0","","","Clark Shaughnessy","CHI"
"389","1958","George Halas","12","8","4","0",".667","0","0","0","","","","CHI"
"390","1957","Paddy Driscoll","12","5","7","0",".417","0","0","0","","","","CHI"
"391","1956","Paddy Driscoll","12","9","2","1",".818","1","0","1","Lost Champ","","","CHI"
"392","1955","George Halas","12","8","4","0",".667","0","0","0","","","","CHI"
"393","1954","George Halas","12","8","4","0",".667","0","0","0","","","","CHI"
"394","1953","George Halas","12","3","8","1",".273","0","0","0","","","","CHI"
"395","1952","George Halas","12","5","7","0",".417","0","0","0","","","","CHI"
"396","1951","George Halas","12","7","5","0",".583","0","0","0","","","","CHI"
"397","1950","George Halas","12","9","3","0",".750","1","0","1","Lost Div","","","CHI"
"398","1949","George Halas","12","9","3","0",".750","0","0","0","","","","CHI"
"399","1948","George Halas","12","10","2","0",".833","0","0","0","","","","CHI"
"400","1947","George Halas","12","8","4","0",".667","0","0","0","","","","CHI"
"401","1946","George Halas","11","8","2","1",".800","1","1","0","Won Champ","","","CHI"
"402","1945","Hunk Anderson","10","3","7","0",".300","0","0","0","","","","CHI"
"403","1945","Luke Johnsos","10","3","7","0",".300","0","0","0","","","","CHI"
"404","1944","Hunk Anderson","10","6","3","1",".667","0","0","0","","","","CHI"
"405","1944","Luke Johnsos","10","6","3","1",".667","0","0","0","","","","CHI"
"406","1943","Hunk Anderson","10","8","1","1",".889","1","1","0","Won Champ","","","CHI"
"407","1943","Luke Johnsos","10","8","1","1",".889","1","1","0","Won Champ","","","CHI"
"408","1942","Hunk Anderson","6","6","0","0","1.000","1","0","1","Lost Champ","","","CHI"
"409","1942","Luke Johnsos","6","6","0","0","1.000","1","0","1","Lost Champ","","","CHI"
"410","1942","George Halas","5","5","0","0","1.000","0","0","0","Lost Champ","","","CHI"
"411","1941","George Halas","11","10","1","0",".909","2","2","0","Won Champ","","","CHI"
"412","1940","George Halas","11","8","3","0",".727","1","1","0","Won Champ","","","CHI"
"413","1939","George Halas","11","8","3","0",".727","0","0","0","","","","CHI"
"414","1938","George Halas","11","6","5","0",".545","0","0","0","","","","CHI"
"415","1937","George Halas","11","9","1","1",".900","1","0","1","Lost Champ","","","CHI"
"416","1936","George Halas","12","9","3","0",".750","0","0","0","","","","CHI"
"417","1935","George Halas","12","6","4","2",".600","0","0","0","","","","CHI"
"418","1934","George Halas","13","13","0","0","1.000","1","0","1","Lost Champ","","","CHI"
"419","1933","George Halas","13","10","2","1",".833","1","1","0","Won Champ","","","CHI"
"420","1932","Ralph Jones","14","7","1","6",".875","0","0","0","Won Champ","","","CHI"
"421","1931","Ralph Jones","13","8","5","0",".615","0","0","0","","","","CHI"
"422","1930","Ralph Jones","14","9","4","1",".692","0","0","0","","","","CHI"
"423","1929","George Halas","15","4","9","2",".308","0","0","0","","","","CHI"
"424","1928","George Halas","13","7","5","1",".583","0","0","0","","","","CHI"
"425","1927","George Halas","14","9","3","2",".750","0","0","0","","","","CHI"
"426","1926","George Halas","16","12","1","3",".923","0","0","0","","","","CHI"
"427","1925","George Halas","17","9","5","3",".643","0","0","0","","","","CHI"
"428","1924","George Halas","11","6","1","4",".857","0","0","0","","","","CHI"
"429","1923","George Halas","12","9","2","1",".818","0","0","0","","","","CHI"
"430","1922","George Halas","12","9","3","0",".750","0","0","0","","","","CHI"
"431","1921","George Halas","11","9","1","1",".900","0","0","0","Won Champ","","","CHI"
"432","1920","George Halas","13","10","1","2",".909","0","0","0","","","","CHI"
"433","2025","Zac Taylor","17","6","11","0",".353","","","","","Dan Pitcher","Al Golden","CIN"
"434","2024","Zac Taylor","17","9","8","0",".529","","","","","Dan Pitcher","Lou Anarumo","CIN"
"435","2023","Zac Taylor","17","9","8","0",".529","","","","","Brian Callahan","Lou Anarumo","CIN"
"436","2022","Zac Taylor","16","12","4","0",".750","3","2","1","Lost Conf","Brian Callahan","Lou Anarumo","CIN"
"437","2021","Zac Taylor","17","10","7","0",".588","4","3","1","Lost SB","Brian Callahan","Lou Anarumo","CIN"
"438","2020","Zac Taylor","16","4","11","1",".281","","","","","Brian Callahan","Lou Anarumo","CIN"
"439","2019","Zac Taylor","16","2","14","0",".125","","","","","Brian Callahan","Lou Anarumo","CIN"
"440","2018","Marvin Lewis","16","6","10","0",".375","","","","","Bill Lazor","Teryl Austin","CIN"
"441","2017","Marvin Lewis","16","7","9","0",".438","","","","","Bill Lazor, Ken Zampese","Paul Guenther","CIN"
"442","2016","Marvin Lewis","16","6","9","1",".406","","","","","Ken Zampese","Paul Guenther","CIN"
"443","2015","Marvin Lewis","16","12","4","0",".750","1","0","1","Lost WC","Hue Jackson","Paul Guenther","CIN"
"444","2014","Marvin Lewis","16","10","5","1",".656","1","0","1","Lost WC","Hue Jackson","Paul Guenther","CIN"
"445","2013","Marvin Lewis","16","11","5","0",".688","1","0","1","Lost WC","Jay Gruden","Mike Zimmer","CIN"
"446","2012","Marvin Lewis","16","10","6","0",".625","1","0","1","Lost WC","Jay Gruden","Mike Zimmer","CIN"
"447","2011","Marvin Lewis","16","9","7","0",".563","1","0","1","Lost WC","Jay Gruden","Mike Zimmer","CIN"
"448","2010","Marvin Lewis","16","4","12","0",".250","0","0","0","","Bob Bratkowski","Mike Zimmer","CIN"
"449","2009","Marvin Lewis","16","10","6","0",".625","1","0","1","Lost WC","Bob Bratkowski","Mike Zimmer","CIN"
"450","2008","Marvin Lewis","16","4","11","1",".281","0","0","0","","Bob Bratkowski","Mike Zimmer","CIN"
"451","2007","Marvin Lewis","16","7","9","0",".438","0","0","0","","Bob Bratkowski","Chuck Bresnahan","CIN"
"452","2006","Marvin Lewis","16","8","8","0",".500","0","0","0","","Bob Bratkowski","Chuck Bresnahan","CIN"
"453","2005","Marvin Lewis","16","11","5","0",".688","1","0","1","Lost WC","Bob Bratkowski","Chuck Bresnahan","CIN"
"454","2004","Marvin Lewis","16","8","8","0",".500","0","0","0","","Bob Bratkowski","Leslie Frazier","CIN"
"455","2003","Marvin Lewis","16","8","8","0",".500","0","0","0","","Bob Bratkowski","Leslie Frazier","CIN"
"456","2002","Dick LeBeau","16","2","14","0",".125","0","0","0","","Bob Bratkowski","Mark Duffner","CIN"
"457","2001","Dick LeBeau","16","6","10","0",".375","0","0","0","","Bob Bratkowski","Mark Duffner","CIN"
"458","2000","Dick LeBeau","13","4","9","0",".308","0","0","0","","Ken Anderson","","CIN"
"459","2000","Bruce Coslet","3","0","3","0",".000","0","0","0","","Ken Anderson","Dick LeBeau","CIN"
"460","1999","Bruce Coslet","16","4","12","0",".250","0","0","0","","Ken Anderson","Dick LeBeau","CIN"
"461","1998","Bruce Coslet","16","3","13","0",".188","0","0","0","","Ken Anderson","Dick LeBeau","CIN"
"462","1997","Bruce Coslet","16","7","9","0",".438","0","0","0","","Ken Anderson","Dick LeBeau","CIN"
"463","1996","Bruce Coslet","9","7","2","0",".778","0","0","0","","Ken Anderson","Larry Peccatiello","CIN"
"464","1996","David Shula","7","1","6","0",".143","0","0","0","","Ken Anderson, Bruce Coslet","Larry Peccatiello","CIN"
"465","1995","David Shula","16","7","9","0",".438","0","0","0","","Bruce Coslet","Larry Peccatiello","CIN"
"466","1994","David Shula","16","3","13","0",".188","0","0","0","","Bruce Coslet","Larry Peccatiello","CIN"
"467","1993","David Shula","16","3","13","0",".188","0","0","0","","Mike Pope","Ron Lynn","CIN"
"468","1992","David Shula","16","5","11","0",".313","0","0","0","","","Ron Lynn","CIN"
"469","1991","Sam Wyche","16","3","13","0",".188","0","0","0","","","Dick LeBeau","CIN"
"470","1990","Sam Wyche","16","9","7","0",".563","2","1","1","Lost Div","","Dick LeBeau","CIN"
"471","1989","Sam Wyche","16","8","8","0",".500","0","0","0","","Bruce Coslet","Dick LeBeau","CIN"
"472","1988","Sam Wyche","16","12","4","0",".750","3","2","1","Lost SB","Bruce Coslet","Dick LeBeau","CIN"
"473","1987","Sam Wyche","15","4","11","0",".267","0","0","0","","Bruce Coslet","Dick LeBeau","CIN"
"474","1986","Sam Wyche","16","10","6","0",".625","0","0","0","","Bruce Coslet","Dick LeBeau","CIN"
"475","1985","Sam Wyche","16","7","9","0",".438","0","0","0","","","Dick LeBeau","CIN"
"476","1984","Sam Wyche","16","8","8","0",".500","0","0","0","","","Dick LeBeau","CIN"
"477","1983","Forrest Gregg","16","7","9","0",".438","0","0","0","","","Hank Bullough","CIN"
"478","1982","Forrest Gregg","9","7","2","0",".778","1","0","1","Lost WC","Lindy Infante","Hank Bullough","CIN"
"479","1981","Forrest Gregg","16","12","4","0",".750","3","2","1","Lost SB","Lindy Infante","Hank Bullough","CIN"
"480","1980","Forrest Gregg","16","6","10","0",".375","0","0","0","","","Hank Bullough","CIN"
"481","1979","Homer Rice","16","4","12","0",".250","0","0","0","","","Howard Brinker","CIN"
"482","1978","Homer Rice","11","4","7","0",".364","0","0","0","","","Howard Brinker","CIN"
"483","1978","Bill Johnson","5","0","5","0",".000","0","0","0","","","Howard Brinker","CIN"
"484","1977","Bill Johnson","14","8","6","0",".571","0","0","0","","","Howard Brinker","CIN"
"485","1976","Bill Johnson","14","10","4","0",".714","0","0","0","","","Howard Brinker","CIN"
"486","1975","Paul Brown","14","11","3","0",".786","1","0","1","Lost Div","","Chuck Weber","CIN"
"487","1974","Paul Brown","14","7","7","0",".500","0","0","0","","","Chuck Weber","CIN"
"488","1973","Paul Brown","14","10","4","0",".714","1","0","1","Lost Div","","Chuck Weber","CIN"
"489","1972","Paul Brown","14","8","6","0",".571","0","0","0","","","Chuck Weber","CIN"
"490","1971","Paul Brown","14","4","10","0",".286","0","0","0","","","Chuck Weber","CIN"
"491","1970","Paul Brown","14","8","6","0",".571","1","0","1","Lost Div","","Chuck Weber","CIN"
"492","1969","Paul Brown","14","4","9","1",".308","0","0","0","","","Tom Bass","CIN"
"493","1968","Paul Brown","14","3","11","0",".214","0","0","0","","","","CIN"
"494","2025","Kevin Stefanski","17","5","12","0",".294","","","","","Tommy Rees","Jim Schwartz","CLE"
"495","2024","Kevin Stefanski","17","3","14","0",".176","","","","","Ken Dorsey","Jim Schwartz","CLE"
"496","2023","Kevin Stefanski","17","11","6","0",".647","1","0","1","Lost WC","Alex Van Pelt","Jim Schwartz","CLE"
"497","2022","Kevin Stefanski","17","7","10","0",".412","","","","","Alex Van Pelt","Joe Woods","CLE"
"498","2021","Kevin Stefanski","17","8","9","0",".471","","","","","Alex Van Pelt","Joe Woods","CLE"
"499","2020","Kevin Stefanski","16","11","5","0",".688","2","1","1","Lost Div","Alex Van Pelt","Joe Woods","CLE"
"500","2019","Freddie Kitchens","16","6","10","0",".375","","","","","Todd Monken","Steve Wilks","CLE"
"501","2018","Gregg Williams","8","5","3","0",".625","","","","","Todd Haley, Freddie Kitchens","","CLE"
"502","2018","Hue Jackson","8","2","5","1",".313","","","","","Todd Haley, Freddie Kitchens","Gregg Williams","CLE"
"503","2017","Hue Jackson","16","0","16","0",".000","","","","","","Gregg Williams","CLE"
"504","2016","Hue Jackson","16","1","15","0",".063","","","","","","Ray Horton","CLE"
"505","2015","Mike Pettine","16","3","13","0",".188","","","","","John DeFilippo","Jim O'Neil","CLE"
"506","2014","Mike Pettine","16","7","9","0",".438","0","0","0","","Kyle Shanahan","Jim O'Neil","CLE"
"507","2013","Rob Chudzinski","16","4","12","0",".250","0","0","0","","Norv Turner","Ray Horton","CLE"
"508","2012","Pat Shurmur","16","5","11","0",".313","0","0","0","","Brad Childress","Dick Jauron","CLE"
"509","2011","Pat Shurmur","16","4","12","0",".250","0","0","0","","","Dick Jauron","CLE"
"510","2010","Eric Mangini","16","5","11","0",".313","0","0","0","","Brian Daboll","Rob Ryan","CLE"
"511","2009","Eric Mangini","16","5","11","0",".313","0","0","0","","Brian Daboll","Rob Ryan","CLE"
"512","2008","Romeo Crennel","16","4","12","0",".250","0","0","0","","Rob Chudzinski","Mel Tucker","CLE"
"513","2007","Romeo Crennel","16","10","6","0",".625","0","0","0","","Rob Chudzinski","Todd Grantham","CLE"
"514","2006","Romeo Crennel","16","4","12","0",".250","0","0","0","","Maurice Carthon, Jeff Davidson","Todd Grantham","CLE"
"515","2005","Romeo Crennel","16","6","10","0",".375","0","0","0","","Maurice Carthon","Todd Grantham","CLE"
"516","2004","Terry Robiskie","5","1","4","0",".200","0","0","0","","Rob Chudzinski","Dave Campo","CLE"
"517","2004","Butch Davis","11","3","8","0",".273","0","0","0","","Rob Chudzinski, Terry Robiskie","Dave Campo","CLE"
"518","2003","Butch Davis","16","5","11","0",".313","0","0","0","","Bruce Arians","Dave Campo","CLE"
"519","2002","Butch Davis","16","9","7","0",".563","1","0","1","Lost WC","Bruce Arians","Foge Fazio","CLE"
"520","2001","Butch Davis","16","7","9","0",".438","0","0","0","","Bruce Arians","Foge Fazio","CLE"
"521","2000","Chris Palmer","16","3","13","0",".188","0","0","0","","Pete Carmichael","Romeo Crennel","CLE"
"522","1999","Chris Palmer","16","2","14","0",".125","0","0","0","","","Bob Slowik","CLE"
"523","1995","Bill Belichick","16","5","11","0",".313","0","0","0","","Steve Crosby","Rick Venturi","CLE"
"524","1994","Bill Belichick","16","11","5","0",".688","2","1","1","Lost Div","Steve Crosby","Nick Saban","CLE"
"525","1993","Bill Belichick","16","7","9","0",".438","0","0","0","","","Nick Saban","CLE"
"526","1992","Bill Belichick","16","7","9","0",".438","0","0","0","","","Nick Saban","CLE"
"527","1991","Bill Belichick","16","6","10","0",".375","0","0","0","","","Nick Saban","CLE"
"528","1990","Jim Shofner","7","1","6","0",".143","0","0","0","","","Jim Vechiarella","CLE"
"529","1990","Bud Carson","9","2","7","0",".222","0","0","0","","Jim Shofner","Jim Vechiarella","CLE"
"530","1989","Bud Carson","16","9","6","1",".594","2","1","1","Lost Conf","Marc Trestman","Dan Radakovich","CLE"
"531","1988","Marty Schottenheimer","16","10","6","0",".625","1","0","1","Lost WC","","Dave Adolph","CLE"
"532","1987","Marty Schottenheimer","15","10","5","0",".667","2","1","1","Lost Conf","Lindy Infante","Dave Adolph","CLE"
"533","1986","Marty Schottenheimer","16","12","4","0",".750","2","1","1","Lost Conf","Lindy Infante","Dave Adolph","CLE"
"534","1985","Marty Schottenheimer","16","8","8","0",".500","1","0","1","Lost Div","Joe Pendry","Tom Bettis","CLE"
"535","1984","Marty Schottenheimer","8","4","4","0",".500","0","0","0","","Joe Scannella","","CLE"
"536","1984","Sam Rutigliano","8","1","7","0",".125","0","0","0","","Joe Scannella","Marty Schottenheimer","CLE"
"537","1983","Sam Rutigliano","16","9","7","0",".563","0","0","0","","Larrye Weaver","Marty Schottenheimer","CLE"
"538","1982","Sam Rutigliano","9","4","5","0",".444","1","0","1","Lost WC","","Marty Schottenheimer","CLE"
"539","1981","Sam Rutigliano","16","5","11","0",".313","0","0","0","","","Marty Schottenheimer","CLE"
"540","1980","Sam Rutigliano","16","11","5","0",".688","1","0","1","Lost Div","","Marty Schottenheimer","CLE"
"541","1979","Sam Rutigliano","16","9","7","0",".563","0","0","0","","","","CLE"
"542","1978","Sam Rutigliano","16","8","8","0",".500","0","0","0","","","","CLE"
"543","1977","Dick Modzelewski","1","0","1","0",".000","0","0","0","","","","CLE"
"544","1977","Forrest Gregg","13","6","7","0",".462","0","0","0","","","Dick Modzelewski","CLE"
"545","1976","Forrest Gregg","14","9","5","0",".643","0","0","0","","","Dick Modzelewski","CLE"
"546","1975","Forrest Gregg","14","3","11","0",".214","0","0","0","","","Richie McCabe","CLE"
"547","1974","Nick Skorich","14","4","10","0",".286","0","0","0","","Dick Wood","Richie McCabe","CLE"
"548","1973","Nick Skorich","14","7","5","2",".571","0","0","0","","","Howard Brinker","CLE"
"549","1972","Nick Skorich","14","10","4","0",".714","1","0","1","Lost Div","Ray Prochaska","Howard Brinker","CLE"
"550","1971","Nick Skorich","14","9","5","0",".643","1","0","1","Lost Div","Ray Prochaska","Howard Brinker","CLE"
"551","1970","Blanton Collier","14","7","7","0",".500","0","0","0","","Nick Skorich","Howard Brinker","CLE"
"552","1969","Blanton Collier","14","10","3","1",".769","2","1","1","Lost Conf","Nick Skorich","Howard Brinker","CLE"
"553","1968","Blanton Collier","14","10","4","0",".714","2","1","1","Lost Conf","Nick Skorich","Howard Brinker","CLE"
"554","1967","Blanton Collier","14","9","5","0",".643","1","0","1","Lost Div","","Howard Brinker","CLE"
"555","1966","Blanton Collier","14","9","5","0",".643","0","0","0","","","Howard Brinker","CLE"
"556","1965","Blanton Collier","14","11","3","0",".786","1","0","1","Lost Champ","","Howard Brinker","CLE"
"557","1964","Blanton Collier","14","10","3","1",".769","1","1","0","Won Champ","","Howard Brinker","CLE"
"558","1963","Blanton Collier","14","10","4","0",".714","0","0","0","","","","CLE"
"559","1962","Paul Brown","14","7","6","1",".538","0","0","0","","","","CLE"
"560","1961","Paul Brown","14","8","5","1",".615","0","0","0","","","","CLE"
"561","1960","Paul Brown","12","8","3","1",".727","0","0","0","","","","CLE"
"562","1959","Paul Brown","12","7","5","0",".583","0","0","0","","","","CLE"
"563","1958","Paul Brown","12","9","3","0",".750","1","0","1","Lost Div","","","CLE"
"564","1957","Paul Brown","12","9","2","1",".818","1","0","1","Lost Champ","","","CLE"
"565","1956","Paul Brown","12","5","7","0",".417","0","0","0","","","","CLE"
"566","1955","Paul Brown","12","9","2","1",".818","1","1","0","Won Champ","","","CLE"
"567","1954","Paul Brown","12","9","3","0",".750","1","1","0","Won Champ","","","CLE"
"568","1953","Paul Brown","12","11","1","0",".917","1","0","1","Lost Champ","","","CLE"
"569","1952","Paul Brown","12","8","4","0",".667","1","0","1","Lost Champ","","","CLE"
"570","1951","Paul Brown","12","11","1","0",".917","1","0","1","Lost Champ","","","CLE"
"571","1950","Paul Brown","12","10","2","0",".833","2","2","0","Won Champ","","","CLE"
"572","1949","Paul Brown","12","9","1","2",".900","2","2","0","Won Champ","","","CLE"
"573","1948","Paul Brown","14","14","0","0","1.000","1","1","0","Won Champ","","","CLE"
"574","1947","Paul Brown","14","12","1","1",".923","1","1","0","Won Champ","","","CLE"
"575","1946","Paul Brown","14","12","2","0",".857","1","1","0","Won Champ","","","CLE"
"576","2025","Brian Schottenheimer","17","7","9","1",".441","","","","","Klayton Adams","Matt Eberflus","DAL"
"577","2024","Mike McCarthy","17","7","10","0",".412","","","","","Brian Schottenheimer","Mike Zimmer","DAL"
"578","2023","Mike McCarthy","17","12","5","0",".706","1","0","1","Lost WC","Brian Schottenheimer","Dan Quinn","DAL"
"579","2022","Mike McCarthy","17","12","5","0",".706","2","1","1","Lost Div","Kellen Moore","Dan Quinn","DAL"
"580","2021","Mike McCarthy","17","12","5","0",".706","1","0","1","Lost WC","Kellen Moore","Dan Quinn","DAL"
"581","2020","Mike McCarthy","16","6","10","0",".375","","","","","Kellen Moore","Mike Nolan","DAL"
"582","2019","Jason Garrett","16","8","8","0",".500","","","","","Kellen Moore","Rod Marinelli","DAL"
"583","2018","Jason Garrett","16","10","6","0",".625","2","1","1","Lost Div","Scott Linehan","Rod Marinelli","DAL"
"584","2017","Jason Garrett","16","9","7","0",".563","","","","","Scott Linehan","Rod Marinelli","DAL"
"585","2016","Jason Garrett","16","13","3","0",".813","1","0","1","Lost Div","Scott Linehan","Rod Marinelli","DAL"
"586","2015","Jason Garrett","16","4","12","0",".250","","","","","Scott Linehan","Rod Marinelli","DAL"
"587","2014","Jason Garrett","16","12","4","0",".750","2","1","1","Lost Div","Bill Callahan","Rod Marinelli","DAL"
"588","2013","Jason Garrett","16","8","8","0",".500","0","0","0","","Bill Callahan","Monte Kiffin","DAL"
"589","2012","Jason Garrett","16","8","8","0",".500","0","0","0","","Bill Callahan","Rob Ryan","DAL"
"590","2011","Jason Garrett","16","8","8","0",".500","0","0","0","","","Rob Ryan","DAL"
"591","2010","Jason Garrett","8","5","3","0",".625","0","0","0","","","Paul Pasqualoni","DAL"
"592","2010","Wade Phillips","8","1","7","0",".125","0","0","0","","Jason Garrett","Paul Pasqualoni","DAL"
"593","2009","Wade Phillips","16","11","5","0",".688","2","1","1","Lost Div","Jason Garrett","","DAL"
"594","2008","Wade Phillips","16","9","7","0",".563","0","0","0","","Jason Garrett","Brian Stewart","DAL"
"595","2007","Wade Phillips","16","13","3","0",".813","1","0","1","Lost Div","Jason Garrett","Brian Stewart","DAL"
"596","2006","Bill Parcells","16","9","7","0",".563","1","0","1","Lost WC","","Mike Zimmer","DAL"
"597","2005","Bill Parcells","16","9","7","0",".563","0","0","0","","","Mike Zimmer","DAL"
"598","2004","Bill Parcells","16","6","10","0",".375","0","0","0","","Maurice Carthon","Mike Zimmer","DAL"
"599","2003","Bill Parcells","16","10","6","0",".625","1","0","1","Lost WC","Maurice Carthon","Mike Zimmer","DAL"
"600","2002","Dave Campo","16","5","11","0",".313","0","0","0","","Bruce Coslet","Mike Zimmer","DAL"
"601","2001","Dave Campo","16","5","11","0",".313","0","0","0","","Jack Reilly","Mike Zimmer","DAL"
"602","2000","Dave Campo","16","5","11","0",".313","0","0","0","","Jack Reilly","Mike Zimmer","DAL"
"603","1999","Chan Gailey","16","8","8","0",".500","1","0","1","Lost WC","","Dave Campo","DAL"
"604","1998","Chan Gailey","16","10","6","0",".625","1","0","1","Lost WC","","Dave Campo","DAL"
"605","1997","Barry Switzer","16","6","10","0",".375","0","0","0","","Ernie Zampese","Dave Campo","DAL"
"606","1996","Barry Switzer","16","10","6","0",".625","2","1","1","Lost Div","Ernie Zampese","Dave Campo","DAL"
"607","1995","Barry Switzer","16","12","4","0",".750","3","3","0","Won SB","Ernie Zampese","Dave Campo","DAL"
"608","1994","Barry Switzer","16","12","4","0",".750","2","1","1","Lost Conf","Ernie Zampese","Butch Davis","DAL"
"609","1993","Jimmy Johnson","16","12","4","0",".750","3","3","0","Won SB","Norv Turner","Butch Davis","DAL"
"610","1992","Jimmy Johnson","16","13","3","0",".813","3","3","0","Won SB","Norv Turner","Dave Wannstedt","DAL"
"611","1991","Jimmy Johnson","16","11","5","0",".688","2","1","1","Lost Div","Norv Turner","Dave Wannstedt","DAL"
"612","1990","Jimmy Johnson","16","7","9","0",".438","0","0","0","","David Shula","Dave Wannstedt","DAL"
"613","1989","Jimmy Johnson","16","1","15","0",".063","0","0","0","","David Shula","Dave Wannstedt","DAL"
"614","1988","Tom Landry","16","3","13","0",".188","0","0","0","","","Ernie Stautner","DAL"
"615","1987","Tom Landry","15","7","8","0",".467","0","0","0","","","Ernie Stautner","DAL"
"616","1986","Tom Landry","16","7","9","0",".438","0","0","0","","","Ernie Stautner","DAL"
"617","1985","Tom Landry","16","10","6","0",".625","1","0","1","Lost Div","","Ernie Stautner","DAL"
"618","1984","Tom Landry","16","9","7","0",".563","0","0","0","","","Ernie Stautner","DAL"
"619","1983","Tom Landry","16","12","4","0",".750","1","0","1","Lost WC","","Ernie Stautner","DAL"
"620","1982","Tom Landry","9","6","3","0",".667","3","2","1","Lost Conf","","Ernie Stautner","DAL"
"621","1981","Tom Landry","16","12","4","0",".750","2","1","1","Lost Conf","","Ernie Stautner","DAL"
"622","1980","Tom Landry","16","12","4","0",".750","3","2","1","Lost Conf","Dan Reeves","Ernie Stautner","DAL"
"623","1979","Tom Landry","16","11","5","0",".688","1","0","1","Lost Div","Dan Reeves","Ernie Stautner","DAL"
"624","1978","Tom Landry","16","12","4","0",".750","3","2","1","Lost SB","Dan Reeves","Ernie Stautner","DAL"
"625","1977","Tom Landry","14","12","2","0",".857","3","3","0","Won SB","Dan Reeves","Ernie Stautner","DAL"
"626","1976","Tom Landry","14","11","3","0",".786","1","0","1","Lost Div","Jim Myers","Ernie Stautner","DAL"
"627","1975","Tom Landry","14","10","4","0",".714","3","2","1","Lost SB","Jim Myers","Ernie Stautner","DAL"
"628","1974","Tom Landry","14","8","6","0",".571","0","0","0","","Jim Myers","Ernie Stautner","DAL"
"629","1973","Tom Landry","14","10","4","0",".714","2","1","1","Lost Conf","Jim Myers","Ernie Stautner","DAL"
"630","1972","Tom Landry","14","10","4","0",".714","2","1","1","Lost Conf","Jim Myers","","DAL"
"631","1971","Tom Landry","14","11","3","0",".786","3","3","0","Won SB","Jim Myers","","DAL"
"632","1970","Tom Landry","14","10","4","0",".714","3","2","1","Lost SB","Jim Myers","","DAL"
"633","1969","Tom Landry","14","11","2","1",".846","1","0","1","Lost Div","","","DAL"
"634","1968","Tom Landry","14","12","2","0",".857","1","0","1","Lost Div","","","DAL"
"635","1967","Tom Landry","14","9","5","0",".643","2","1","1","Lost Conf","","Dick Nolan","DAL"
"636","1966","Tom Landry","14","10","3","1",".769","1","0","1","Lost Conf","","Dick Nolan","DAL"
"637","1965","Tom Landry","14","7","7","0",".500","0","0","0","","","","DAL"
"638","1964","Tom Landry","14","5","8","1",".385","0","0","0","","","","DAL"
"639","1963","Tom Landry","14","4","10","0",".286","0","0","0","","","","DAL"
"640","1962","Tom Landry","14","5","8","1",".385","0","0","0","","","","DAL"
"641","1961","Tom Landry","14","4","9","1",".308","0","0","0","","","","DAL"
"642","1960","Tom Landry","12","0","11","1",".000","0","0","0","","","","DAL"
"643","2025","Sean Payton","17","14","3","0",".824","1","1","0","","Joe Lombardi","Vance Joseph","DEN"
"644","2024","Sean Payton","17","10","7","0",".588","1","0","1","Lost WC","Joe Lombardi","Vance Joseph","DEN"
"645","2023","Sean Payton","17","8","9","0",".471","","","","","Joe Lombardi","Vance Joseph","DEN"
"646","2022","Jerry Rosburg","2","1","1","0",".500","","","","","Justin Outten","Ejiro Evero","DEN"
"647","2022","Nathaniel Hackett","15","4","11","0",".267","","","","","Justin Outten","Ejiro Evero","DEN"
"648","2021","Vic Fangio","17","7","10","0",".412","","","","","Pat Shurmur","Ed Donatell","DEN"
"649","2020","Vic Fangio","16","5","11","0",".313","","","","","Pat Shurmur","Ed Donatell","DEN"
"650","2019","Vic Fangio","16","7","9","0",".438","","","","","Rich Scangarello","Ed Donatell","DEN"
"651","2018","Vance Joseph","16","6","10","0",".375","","","","","Bill Musgrave","Joe Woods","DEN"
"652","2017","Vance Joseph","16","5","11","0",".313","","","","","Mike McCoy, Bill Musgrave","Joe Woods","DEN"
"653","2016","Gary Kubiak","16","9","7","0",".563","","","","","Rick Dennison","Wade Phillips","DEN"
"654","2015","Gary Kubiak","16","12","4","0",".750","3","3","0","Won SB","Rick Dennison","Wade Phillips","DEN"
"655","2014","John Fox","16","12","4","0",".750","1","0","1","Lost Div","Adam Gase","Jack Del Rio","DEN"
"656","2013","John Fox","16","13","3","0",".813","3","2","1","Lost SB","Adam Gase","Jack Del Rio","DEN"
"657","2012","John Fox","16","13","3","0",".813","1","0","1","Lost Div","Mike McCoy","Jack Del Rio","DEN"
"658","2011","John Fox","16","8","8","0",".500","2","1","1","Lost Div","Mike McCoy","Dennis Allen","DEN"
"659","2010","Eric Studesville","4","1","3","0",".250","0","0","0","","Mike McCoy","Don Martindale","DEN"
"660","2010","Josh McDaniels","12","3","9","0",".250","0","0","0","","Mike McCoy","Don Martindale","DEN"
"661","2009","Josh McDaniels","16","8","8","0",".500","0","0","0","","Mike McCoy","Mike Nolan","DEN"
"662","2008","Mike Shanahan","16","8","8","0",".500","0","0","0","","Rick Dennison","Bob Slowik","DEN"
"663","2007","Mike Shanahan","16","7","9","0",".438","0","0","0","","Rick Dennison","Bob Slowik","DEN"
"664","2006","Mike Shanahan","16","9","7","0",".563","0","0","0","","Rick Dennison","Larry Coyer","DEN"
"665","2005","Mike Shanahan","16","13","3","0",".813","2","1","1","Lost Conf","Gary Kubiak","Larry Coyer","DEN"
"666","2004","Mike Shanahan","16","10","6","0",".625","1","0","1","Lost WC","Gary Kubiak","Larry Coyer","DEN"
"667","2003","Mike Shanahan","16","10","6","0",".625","1","0","1","Lost WC","Gary Kubiak","Larry Coyer","DEN"
"668","2002","Mike Shanahan","16","9","7","0",".563","0","0","0","","Gary Kubiak","Ray Rhodes","DEN"
"669","2001","Mike Shanahan","16","8","8","0",".500","0","0","0","","Gary Kubiak","Ray Rhodes","DEN"
"670","2000","Mike Shanahan","16","11","5","0",".688","1","0","1","Lost WC","Gary Kubiak","Greg Robinson","DEN"
"671","1999","Mike Shanahan","16","6","10","0",".375","0","0","0","","Gary Kubiak","Greg Robinson","DEN"
"672","1998","Mike Shanahan","16","14","2","0",".875","3","3","0","Won SB","Gary Kubiak","Greg Robinson","DEN"
"673","1997","Mike Shanahan","16","12","4","0",".750","4","4","0","Won SB","Gary Kubiak","Greg Robinson","DEN"
"674","1996","Mike Shanahan","16","13","3","0",".813","1","0","1","Lost Div","Gary Kubiak","Greg Robinson","DEN"
"675","1995","Mike Shanahan","16","8","8","0",".500","0","0","0","","Gary Kubiak","Greg Robinson","DEN"
"676","1994","Wade Phillips","16","7","9","0",".438","0","0","0","","Jim Fassel","Charlie Waters","DEN"
"677","1993","Wade Phillips","16","9","7","0",".563","1","0","1","Lost WC","Jim Fassel","Charlie Waters","DEN"
"678","1992","Dan Reeves","16","8","8","0",".500","0","0","0","","George Henshaw","Wade Phillips","DEN"
"679","1991","Dan Reeves","16","12","4","0",".750","2","1","1","Lost Conf","Mike Shanahan","Wade Phillips","DEN"
"680","1990","Dan Reeves","16","5","11","0",".313","0","0","0","","Chan Gailey","Wade Phillips","DEN"
"681","1989","Dan Reeves","16","11","5","0",".688","3","2","1","Lost SB","Chan Gailey","Wade Phillips","DEN"
"682","1988","Dan Reeves","16","8","8","0",".500","0","0","0","","","Joe Collier","DEN"
"683","1987","Dan Reeves","15","10","4","1",".700","3","2","1","Lost SB","Mike Shanahan","Joe Collier","DEN"
"684","1986","Dan Reeves","16","11","5","0",".688","3","2","1","Lost SB","Mike Shanahan","Joe Collier","DEN"
"685","1985","Dan Reeves","16","11","5","0",".688","0","0","0","","Mike Shanahan","Joe Collier","DEN"
"686","1984","Dan Reeves","16","13","3","0",".813","1","0","1","Lost Div","","Joe Collier","DEN"
"687","1983","Dan Reeves","16","9","7","0",".563","1","0","1","Lost WC","John Hadl","Joe Collier","DEN"
"688","1982","Dan Reeves","9","2","7","0",".222","0","0","0","","Rod Dowhower","Joe Collier","DEN"
"689","1981","Dan Reeves","16","10","6","0",".625","0","0","0","","Rod Dowhower","Joe Collier","DEN"
"690","1980","Red Miller","16","8","8","0",".500","0","0","0","","Rod Dowhower","Joe Collier","DEN"
"691","1979","Red Miller","16","10","6","0",".625","1","0","1","Lost WC","","Joe Collier","DEN"
"692","1978","Red Miller","16","10","6","0",".625","1","0","1","Lost Div","","Joe Collier","DEN"
"693","1977","Red Miller","14","12","2","0",".857","3","2","1","Lost SB","","Joe Collier","DEN"
"694","1976","John Ralston","14","9","5","0",".643","0","0","0","","Max Coley","Joe Collier","DEN"
"695","1975","John Ralston","14","6","8","0",".429","0","0","0","","Max Coley","Joe Collier","DEN"
"696","1974","John Ralston","14","7","6","1",".536","0","0","0","","Max Coley","Joe Collier","DEN"
"697","1973","John Ralston","14","7","5","2",".571","0","0","0","","Max Coley","Joe Collier","DEN"
"698","1972","John Ralston","14","5","9","0",".357","0","0","0","","Max Coley","Joe Collier","DEN"
"699","1971","Jerry Smith","5","2","3","0",".400","0","0","0","","","","DEN"
"700","1971","Lou Saban","9","2","6","1",".250","0","0","0","","","","DEN"
"701","1970","Lou Saban","14","5","8","1",".385","0","0","0","","","","DEN"
"702","1969","Lou Saban","14","5","8","1",".385","0","0","0","","","","DEN"
"703","1968","Lou Saban","14","5","9","0",".357","0","0","0","","","","DEN"
"704","1967","Lou Saban","14","3","11","0",".214","0","0","0","","","","DEN"
"705","1966","Ray Malavasi","12","4","8","0",".333","0","0","0","","","","DEN"
"706","1966","Mac Speedie","2","0","2","0",".000","0","0","0","","","","DEN"
"707","1965","Mac Speedie","14","4","10","0",".286","0","0","0","","","","DEN"
"708","1964","Mac Speedie","10","2","7","1",".222","0","0","0","","","","DEN"
"709","1964","Jack Faulkner","4","0","4","0",".000","0","0","0","","","","DEN"
"710","1963","Jack Faulkner","14","2","11","1",".154","0","0","0","","","","DEN"
"711","1962","Jack Faulkner","14","7","7","0",".500","0","0","0","","","","DEN"
"712","1961","Frank Filchock","14","3","11","0",".214","0","0","0","","","","DEN"
"713","1960","Frank Filchock","14","4","9","1",".308","0","0","0","","","","DEN"
"714","2025","Dan Campbell","17","9","8","0",".529","","","","","John Morton","Kelvin Sheppard","DET"
"715","2024","Dan Campbell","17","15","2","0",".882","1","0","1","Lost Div","Ben Johnson","Aaron Glenn","DET"
"716","2023","Dan Campbell","17","12","5","0",".706","3","2","1","Lost Conf","Ben Johnson","Aaron Glenn","DET"
"717","2022","Dan Campbell","17","9","8","0",".529","","","","","Ben Johnson","Aaron Glenn","DET"
"718","2021","Dan Campbell","17","3","13","1",".206","","","","","Anthony Lynn","Aaron Glenn","DET"
"719","2020","Darrell Bevell","5","1","4","0",".200","","","","","","Cory Undlin","DET"
"720","2020","Matt Patricia","11","4","7","0",".364","","","","","Darrell Bevell","Cory Undlin","DET"
"721","2019","Matt Patricia","16","3","12","1",".219","","","","","Darrell Bevell","Paul Pasqualoni","DET"
"722","2018","Matt Patricia","16","6","10","0",".375","","","","","Jim Bob Cooter","Paul Pasqualoni","DET"
"723","2017","Jim Caldwell","16","9","7","0",".563","","","","","Jim Bob Cooter","Teryl Austin","DET"
"724","2016","Jim Caldwell","16","9","7","0",".563","1","0","1","Lost WC","Jim Bob Cooter","Teryl Austin","DET"
"725","2015","Jim Caldwell","16","7","9","0",".438","","","","","Jim Bob Cooter, Joe Lombardi","Teryl Austin","DET"
"726","2014","Jim Caldwell","16","11","5","0",".688","1","0","1","Lost WC","Joe Lombardi","Teryl Austin","DET"
"727","2013","Jim Schwartz","16","7","9","0",".438","0","0","0","","Scott Linehan","Gunther Cunningham","DET"
"728","2012","Jim Schwartz","16","4","12","0",".250","0","0","0","","Scott Linehan","Gunther Cunningham","DET"
"729","2011","Jim Schwartz","16","10","6","0",".625","1","0","1","Lost WC","Scott Linehan","Gunther Cunningham","DET"
"730","2010","Jim Schwartz","16","6","10","0",".375","0","0","0","","Scott Linehan","Gunther Cunningham","DET"
"731","2009","Jim Schwartz","16","2","14","0",".125","0","0","0","","Scott Linehan","Gunther Cunningham","DET"
"732","2008","Rod Marinelli","16","0","16","0",".000","0","0","0","","Jim Colletto","Joe Barry","DET"
"733","2007","Rod Marinelli","16","7","9","0",".438","0","0","0","","Mike Martz","Joe Barry","DET"
"734","2006","Rod Marinelli","16","3","13","0",".188","0","0","0","","Mike Martz","Donnie Henderson","DET"
"735","2005","Dick Jauron","5","1","4","0",".200","0","0","0","","Greg Olson, Ted Tollner","","DET"
"736","2005","Steve Mariucci","11","4","7","0",".364","0","0","0","","Greg Olson, Ted Tollner","Dick Jauron","DET"
"737","2004","Steve Mariucci","16","6","10","0",".375","0","0","0","","Sherman Lewis","Dick Jauron","DET"
"738","2003","Steve Mariucci","16","5","11","0",".313","0","0","0","","Sherman Lewis","Kurt Schottenheimer","DET"
"739","2002","Marty Mornhinweg","16","3","13","0",".188","0","0","0","","Maurice Carthon","Kurt Schottenheimer","DET"
"740","2001","Marty Mornhinweg","16","2","14","0",".125","0","0","0","","Maurice Carthon","Vince Tobin","DET"
"741","2000","Gary Moeller","7","4","3","0",".571","0","0","0","","Sylvester Croom","Larry Peccatiello","DET"
"742","2000","Bobby Ross","9","5","4","0",".556","0","0","0","","Sylvester Croom","Larry Peccatiello","DET"
"743","1999","Bobby Ross","16","8","8","0",".500","1","0","1","Lost WC","Sylvester Croom","Larry Peccatiello","DET"
"744","1998","Bobby Ross","16","5","11","0",".313","0","0","0","","Sylvester Croom","Larry Peccatiello","DET"
"745","1997","Bobby Ross","16","9","7","0",".563","1","0","1","Lost WC","Sylvester Croom","Larry Peccatiello","DET"
"746","1996","Wayne Fontes","16","5","11","0",".313","0","0","0","","Tom Moore","Jim Eddy","DET"
"747","1995","Wayne Fontes","16","10","6","0",".625","1","0","1","Lost WC","Tom Moore","Herb Paterra","DET"
"748","1994","Wayne Fontes","16","9","7","0",".563","1","0","1","Lost WC","Dave Levy","Herb Paterra","DET"
"749","1993","Wayne Fontes","16","10","6","0",".625","1","0","1","Lost WC","Dan Henning, Dave Levy","Hank Bullough","DET"
"750","1992","Wayne Fontes","16","5","11","0",".313","0","0","0","","Dan Henning","Woody Widenhofer","DET"
"751","1991","Wayne Fontes","16","12","4","0",".750","2","1","1","Lost Conf","Dave Levy","Woody Widenhofer","DET"
"752","1990","Wayne Fontes","16","6","10","0",".375","0","0","0","","Mouse Davis","Woody Widenhofer","DET"
"753","1989","Wayne Fontes","16","7","9","0",".438","0","0","0","","Mouse Davis","Woody Widenhofer","DET"
"754","1988","Wayne Fontes","5","2","3","0",".400","0","0","0","","Bob Baker, Lew Carpenter","","DET"
"755","1988","Darryl Rogers","11","2","9","0",".182","0","0","0","","Bob Baker, Lew Carpenter","Wayne Fontes","DET"
"756","1987","Darryl Rogers","15","4","11","0",".267","0","0","0","","Bob Baker","Wayne Fontes","DET"
"757","1986","Darryl Rogers","16","5","11","0",".313","0","0","0","","Bob Baker","Wayne Fontes","DET"
"758","1985","Darryl Rogers","16","7","9","0",".438","0","0","0","","Bob Baker","Wayne Fontes","DET"
"759","1984","Monte Clark","16","4","11","1",".281","0","0","0","","Bill Nelsen","Ed Beard","DET"
"760","1983","Monte Clark","16","9","7","0",".563","1","0","1","Lost Div","Ted Marchibroda","Ed Beard","DET"
"761","1982","Monte Clark","9","4","5","0",".444","1","0","1","Lost WC","Ted Marchibroda","Maxie Baughan","DET"
"762","1981","Monte Clark","16","8","8","0",".500","0","0","0","","Bob Schnelker","Maxie Baughan","DET"
"763","1980","Monte Clark","16","9","7","0",".563","0","0","0","","Bob Schnelker","Maxie Baughan","DET"
"764","1979","Monte Clark","16","2","14","0",".125","0","0","0","","Bob Schnelker","","DET"
"765","1978","Monte Clark","16","7","9","0",".438","0","0","0","","Bob Schnelker","","DET"
"766","1977","Tommy Hudspeth","14","6","8","0",".429","0","0","0","","Ed Hughes","Fritz Shurmur","DET"
"767","1976","Tommy Hudspeth","10","5","5","0",".500","0","0","0","","Ken Shipp","","DET"
"768","1976","Rick Forzano","4","1","3","0",".250","0","0","0","","Ken Shipp","","DET"
"769","1975","Rick Forzano","14","7","7","0",".500","0","0","0","","","","DET"
"770","1974","Rick Forzano","14","7","7","0",".500","0","0","0","","","","DET"
"771","1973","Don McCafferty","14","6","7","1",".464","0","0","0","","","","DET"
"772","1972","Joe Schmidt","14","8","5","1",".607","0","0","0","","Bill McPeak","Jim David","DET"
"773","1971","Joe Schmidt","14","7","6","1",".538","0","0","0","","Bill McPeak","Jim David","DET"
"774","1970","Joe Schmidt","14","10","4","0",".714","1","0","1","Lost Div","Bill McPeak","Jim David","DET"
"775","1969","Joe Schmidt","14","9","4","1",".692","0","0","0","","Bill McPeak","Jim David","DET"
"776","1968","Joe Schmidt","14","4","8","2",".333","0","0","0","","Bill McPeak","Jim David","DET"
"777","1967","Joe Schmidt","14","5","7","2",".417","0","0","0","","Bill McPeak","Jim David","DET"
"778","1966","Harry Gilmer","14","4","9","1",".308","0","0","0","","","","DET"
"779","1965","Harry Gilmer","14","6","7","1",".462","0","0","0","","","","DET"
"780","1964","George Wilson","14","7","5","2",".583","0","0","0","","","","DET"
"781","1963","George Wilson","14","5","8","1",".385","0","0","0","","","","DET"
"782","1962","George Wilson","14","11","3","0",".786","0","0","0","","","Don Shula","DET"
"783","1961","George Wilson","14","8","5","1",".615","0","0","0","","","Don Shula","DET"
"784","1960","George Wilson","12","7","5","0",".583","0","0","0","","","","DET"
"785","1959","George Wilson","12","3","8","1",".273","0","0","0","","","Buster Ramsey","DET"
"786","1958","George Wilson","12","4","7","1",".364","0","0","0","","","Buster Ramsey","DET"
"787","1957","George Wilson","12","8","4","0",".667","2","2","0","Won Champ","","Buster Ramsey","DET"
"788","1956","Buddy Parker","12","9","3","0",".750","0","0","0","","","Buster Ramsey","DET"
"789","1955","Buddy Parker","12","3","9","0",".250","0","0","0","","","Buster Ramsey","DET"
"790","1954","Buddy Parker","12","9","2","1",".818","1","0","1","Lost Champ","","Buster Ramsey","DET"
"791","1953","Buddy Parker","12","10","2","0",".833","1","1","0","Won Champ","","Buster Ramsey","DET"
"792","1952","Buddy Parker","12","9","3","0",".750","2","2","0","Won Champ","","Buster Ramsey","DET"
"793","1951","Buddy Parker","12","7","4","1",".636","0","0","0","","","","DET"
"794","1950","Bo McMillin","12","6","6","0",".500","0","0","0","","","","DET"
"795","1949","Bo McMillin","12","4","8","0",".333","0","0","0","","","","DET"
"796","1948","Bo McMillin","12","2","10","0",".167","0","0","0","","","","DET"
"797","1947","Gus Dorais","12","3","9","0",".250","0","0","0","","","","DET"
"798","1946","Gus Dorais","11","1","10","0",".091","0","0","0","","","","DET"
"799","1945","Gus Dorais","10","7","3","0",".700","0","0","0","","","","DET"
"800","1944","Gus Dorais","10","6","3","1",".667","0","0","0","","","","DET"
"801","1943","Gus Dorais","10","3","6","1",".333","0","0","0","","","","DET"
"802","1942","Bull Karcis","8","0","8","0",".000","0","0","0","","","","DET"
"803","1942","Bill Edwards","3","0","3","0",".000","0","0","0","","","","DET"
"804","1941","Bill Edwards","11","4","6","1",".400","0","0","0","","","","DET"
"805","1940","Potsy Clark","11","5","5","1",".500","0","0","0","","","","DET"
"806","1939","Gus Henderson","11","6","5","0",".545","0","0","0","","","","DET"
"807","1938","Dutch Clark","11","7","4","0",".636","0","0","0","","","","DET"
"808","1937","Dutch Clark","11","7","4","0",".636","0","0","0","","","","DET"
"809","1936","Potsy Clark","12","8","4","0",".667","0","0","0","","","","DET"
"810","1935","Potsy Clark","12","7","3","2",".700","1","1","0","Won Champ","","","DET"
"811","1934","Potsy Clark","13","10","3","0",".769","0","0","0","","","","DET"
"812","1933","Potsy Clark","11","6","5","0",".545","0","0","0","","","","DET"
"813","1932","Potsy Clark","12","6","2","4",".750","0","0","0","","","","DET"
"814","1931","Potsy Clark","14","11","3","0",".786","0","0","0","","","","DET"
"815","1930","Hal Griffen","14","5","6","3",".455","0","0","0","","","","DET"
"816","2025","Matt LaFleur","17","9","7","1",".559","1","0","1","","Adam Stenavich","Jeff Hafley","GB"
"817","2024","Matt LaFleur","17","11","6","0",".647","1","0","1","Lost WC","Adam Stenavich","Jeff Hafley","GB"
"818","2023","Matt LaFleur","17","9","8","0",".529","2","1","1","Lost Div","Adam Stenavich","Joe Barry","GB"
"819","2022","Matt LaFleur","17","8","9","0",".471","","","","","Adam Stenavich","Joe Barry","GB"
"820","2021","Matt LaFleur","17","13","4","0",".765","1","0","1","Lost Div","Nathaniel Hackett","Joe Barry","GB"
"821","2020","Matt LaFleur","16","13","3","0",".813","2","1","1","Lost Conf","Nathaniel Hackett","Mike Pettine","GB"
"822","2019","Matt LaFleur","16","13","3","0",".813","2","1","1","Lost Conf","Nathaniel Hackett","Mike Pettine","GB"
"823","2018","Joe Philbin","4","2","2","0",".500","","","","","","Mike Pettine","GB"
"824","2018","Mike McCarthy","12","4","7","1",".375","","","","","Joe Philbin","Mike Pettine","GB"
"825","2017","Mike McCarthy","16","7","9","0",".438","","","","","Edgar Bennett","Dom Capers","GB"
"826","2016","Mike McCarthy","16","10","6","0",".625","3","2","1","Lost Conf","Edgar Bennett","Dom Capers","GB"
"827","2015","Mike McCarthy","16","10","6","0",".625","2","1","1","Lost Div","Edgar Bennett","Dom Capers","GB"
"828","2014","Mike McCarthy","16","12","4","0",".750","2","1","1","Lost Conf","Tom Clements","Dom Capers","GB"
"829","2013","Mike McCarthy","16","8","7","1",".531","1","0","1","Lost WC","Tom Clements","Dom Capers","GB"
"830","2012","Mike McCarthy","16","11","5","0",".688","2","1","1","Lost Div","Tom Clements","Dom Capers","GB"
"831","2011","Mike McCarthy","16","15","1","0",".938","1","0","1","Lost Div","Joe Philbin","Dom Capers","GB"
"832","2010","Mike McCarthy","16","10","6","0",".625","4","4","0","Won SB","Joe Philbin","Dom Capers","GB"
"833","2009","Mike McCarthy","16","11","5","0",".688","1","0","1","Lost WC","Joe Philbin","Dom Capers","GB"
"834","2008","Mike McCarthy","16","6","10","0",".375","0","0","0","","Joe Philbin","Bob Sanders","GB"
"835","2007","Mike McCarthy","16","13","3","0",".813","2","1","1","Lost Conf","Joe Philbin","Bob Sanders","GB"
"836","2006","Mike McCarthy","16","8","8","0",".500","0","0","0","","Jeff Jagodzinski","Bob Sanders","GB"
"837","2005","Mike Sherman","16","4","12","0",".250","0","0","0","","Tom Rossley","Jim Bates","GB"
"838","2004","Mike Sherman","16","10","6","0",".625","1","0","1","Lost WC","Tom Rossley","Bob Slowik","GB"
"839","2003","Mike Sherman","16","10","6","0",".625","2","1","1","Lost Div","Tom Rossley","Ed Donatell","GB"
"840","2002","Mike Sherman","16","12","4","0",".750","1","0","1","Lost WC","Tom Rossley","Ed Donatell","GB"
"841","2001","Mike Sherman","16","12","4","0",".750","2","1","1","Lost Div","Tom Rossley","Ed Donatell","GB"
"842","2000","Mike Sherman","16","9","7","0",".563","0","0","0","","Tom Rossley","Ed Donatell","GB"
"843","1999","Ray Rhodes","16","8","8","0",".500","0","0","0","","Sherman Lewis","Emmitt Thomas","GB"
"844","1998","Mike Holmgren","16","11","5","0",".688","1","0","1","Lost WC","Sherman Lewis","Fritz Shurmur","GB"
"845","1997","Mike Holmgren","16","13","3","0",".813","3","2","1","Lost SB","Sherman Lewis","Fritz Shurmur","GB"
"846","1996","Mike Holmgren","16","13","3","0",".813","3","3","0","Won SB","Sherman Lewis","Fritz Shurmur","GB"
"847","1995","Mike Holmgren","16","11","5","0",".688","3","2","1","Lost Conf","Sherman Lewis","Fritz Shurmur","GB"
"848","1994","Mike Holmgren","16","9","7","0",".563","2","1","1","Lost Div","Sherman Lewis","Fritz Shurmur","GB"
"849","1993","Mike Holmgren","16","9","7","0",".563","2","1","1","Lost Div","Sherman Lewis","Ray Rhodes","GB"
"850","1992","Mike Holmgren","16","9","7","0",".563","0","0","0","","Sherman Lewis","Ray Rhodes","GB"
"851","1991","Lindy Infante","16","4","12","0",".250","0","0","0","","","Hank Bullough","GB"
"852","1990","Lindy Infante","16","6","10","0",".375","0","0","0","","","Hank Bullough","GB"
"853","1989","Lindy Infante","16","10","6","0",".625","0","0","0","","","Hank Bullough","GB"
"854","1988","Lindy Infante","16","4","12","0",".250","0","0","0","","","Hank Bullough","GB"
"855","1987","Forrest Gregg","15","5","9","1",".367","0","0","0","","","Dick Modzelewski","GB"
"856","1986","Forrest Gregg","16","4","12","0",".250","0","0","0","","","Dick Modzelewski","GB"
"857","1985","Forrest Gregg","16","8","8","0",".500","0","0","0","","Bob Schnelker","Dick Modzelewski","GB"
"858","1984","Forrest Gregg","16","8","8","0",".500","0","0","0","","Bob Schnelker","Dick Modzelewski","GB"
"859","1983","Bart Starr","16","8","8","0",".500","0","0","0","","Bob Schnelker","John Meyer","GB"
"860","1982","Bart Starr","9","5","3","1",".611","2","1","1","Lost Div","Bob Schnelker","John Meyer","GB"
"861","1981","Bart Starr","16","8","8","0",".500","0","0","0","","","John Meyer","GB"
"862","1980","Bart Starr","16","5","10","1",".344","0","0","0","","","John Meyer","GB"
"863","1979","Bart Starr","16","5","11","0",".313","0","0","0","","","Dave Hanner","GB"
"864","1978","Bart Starr","16","8","7","1",".531","0","0","0","","","Dave Hanner","GB"
"865","1977","Bart Starr","14","4","10","0",".286","0","0","0","","","Dave Hanner","GB"
"866","1976","Bart Starr","14","5","9","0",".357","0","0","0","","Paul Roach","Dave Hanner","GB"
"867","1975","Bart Starr","14","4","10","0",".286","0","0","0","","Paul Roach","Dave Hanner","GB"
"868","1974","Dan Devine","14","6","8","0",".429","0","0","0","","","Dave Hanner","GB"
"869","1973","Dan Devine","14","5","7","2",".429","0","0","0","","","Dave Hanner","GB"
"870","1972","Dan Devine","14","10","4","0",".714","1","0","1","Lost Div","","Dave Hanner","GB"
"871","1971","Dan Devine","14","4","8","2",".333","0","0","0","","","","GB"
"872","1970","Phil Bengtson","14","6","8","0",".429","0","0","0","","","","GB"
"873","1969","Phil Bengtson","14","8","6","0",".571","0","0","0","","","","GB"
"874","1968","Phil Bengtson","14","6","7","1",".462","0","0","0","","","","GB"
"875","1967","Vince Lombardi","14","9","4","1",".692","3","3","0","Won SB","","Phil Bengtson","GB"
"876","1966","Vince Lombardi","14","12","2","0",".857","2","2","0","Won SB","","Phil Bengtson","GB"
"877","1965","Vince Lombardi","14","10","3","1",".769","2","2","0","Won Champ","","Phil Bengtson","GB"
"878","1964","Vince Lombardi","14","8","5","1",".615","0","0","0","","","Phil Bengtson","GB"
"879","1963","Vince Lombardi","14","11","2","1",".846","0","0","0","","","Phil Bengtson","GB"
"880","1962","Vince Lombardi","14","13","1","0",".929","1","1","0","Won Champ","","Phil Bengtson","GB"
"881","1961","Vince Lombardi","14","11","3","0",".786","1","1","0","Won Champ","","Phil Bengtson","GB"
"882","1960","Vince Lombardi","12","8","4","0",".667","1","0","1","Lost Champ","","Phil Bengtson","GB"
"883","1959","Vince Lombardi","12","7","5","0",".583","0","0","0","","","Phil Bengtson","GB"
"884","1958","Ray McLean","12","1","10","1",".091","0","0","0","","","Ray Richards","GB"
"885","1957","Lisle Blackbourn","12","3","9","0",".250","0","0","0","","","","GB"
"886","1956","Lisle Blackbourn","12","4","8","0",".333","0","0","0","","","","GB"
"887","1955","Lisle Blackbourn","12","6","6","0",".500","0","0","0","","","","GB"
"888","1954","Lisle Blackbourn","12","4","8","0",".333","0","0","0","","","","GB"
"889","1953","Hugh Devore","2","0","2","0",".000","0","0","0","","","","GB"
"890","1953","Ray McLean","2","0","2","0",".000","0","0","0","","","","GB"
"891","1953","Gene Ronzani","10","2","7","1",".222","0","0","0","","","","GB"
"892","1952","Gene Ronzani","12","6","6","0",".500","0","0","0","","","","GB"
"893","1951","Gene Ronzani","12","3","9","0",".250","0","0","0","","","","GB"
"894","1950","Gene Ronzani","12","3","9","0",".250","0","0","0","","","","GB"
"895","1949","Curly Lambeau","12","2","10","0",".167","0","0","0","","","","GB"
"896","1948","Curly Lambeau","12","3","9","0",".250","0","0","0","","","","GB"
"897","1947","Curly Lambeau","12","6","5","1",".545","0","0","0","","","","GB"
"898","1946","Curly Lambeau","11","6","5","0",".545","0","0","0","","","","GB"
"899","1945","Curly Lambeau","10","6","4","0",".600","0","0","0","","","","GB"
"900","1944","Curly Lambeau","10","8","2","0",".800","1","1","0","Won Champ","","","GB"
"901","1943","Curly Lambeau","10","7","2","1",".778","0","0","0","","","","GB"
"902","1942","Curly Lambeau","11","8","2","1",".800","0","0","0","","","","GB"
"903","1941","Curly Lambeau","11","10","1","0",".909","1","0","1","Lost Div","","","GB"
"904","1940","Curly Lambeau","11","6","4","1",".600","0","0","0","","","","GB"
"905","1939","Curly Lambeau","11","9","2","0",".818","1","1","0","Won Champ","","","GB"
"906","1938","Curly Lambeau","11","8","3","0",".727","1","0","1","Lost Champ","","","GB"
"907","1937","Curly Lambeau","11","7","4","0",".636","0","0","0","","","","GB"
"908","1936","Curly Lambeau","12","10","1","1",".909","1","1","0","Won Champ","","","GB"
"909","1935","Curly Lambeau","12","8","4","0",".667","0","0","0","","","","GB"
"910","1934","Curly Lambeau","13","7","6","0",".538","0","0","0","","","","GB"
"911","1933","Curly Lambeau","13","5","7","1",".417","0","0","0","","","","GB"
"912","1932","Curly Lambeau","14","10","3","1",".769","0","0","0","","","","GB"
"913","1931","Curly Lambeau","14","12","2","0",".857","0","0","0","Won Champ","","","GB"
"914","1930","Curly Lambeau","14","10","3","1",".769","0","0","0","Won Champ","","","GB"
"915","1929","Curly Lambeau","13","12","0","1","1.000","0","0","0","Won Champ","","","GB"
"916","1928","Curly Lambeau","13","6","4","3",".600","0","0","0","","","","GB"
"917","1927","Curly Lambeau","10","7","2","1",".778","0","0","0","","","","GB"
"918","1926","Curly Lambeau","13","7","3","3",".700","0","0","0","","","","GB"
"919","1925","Curly Lambeau","13","8","5","0",".615","0","0","0","","","","GB"
"920","1924","Curly Lambeau","11","7","4","0",".636","0","0","0","","","","GB"
"921","1923","Curly Lambeau","10","7","2","1",".778","0","0","0","","","","GB"
"922","1922","Curly Lambeau","10","4","3","3",".571","0","0","0","","","","GB"
"923","1921","Curly Lambeau","6","3","2","1",".600","0","0","0","","","","GB"
"924","2025","DeMeco Ryans","17","12","5","0",".706","2","1","1","","Nick Caley","Matt Burke","HOU"
"925","2024","DeMeco Ryans","17","10","7","0",".588","2","1","1","Lost Div","Bobby Slowik","Matt Burke","HOU"
"926","2023","DeMeco Ryans","17","10","7","0",".588","2","1","1","Lost Div","Bobby Slowik","Matt Burke","HOU"
"927","2022","Lovie Smith","17","3","13","1",".206","","","","","Pep Hamilton","","HOU"
"928","2021","David Culley","17","4","13","0",".235","","","","","Tim Kelly","Lovie Smith","HOU"
"929","2020","Romeo Crennel","12","4","8","0",".333","","","","","Tim Kelly","Anthony Weaver","HOU"
"930","2020","Bill O'Brien","4","0","4","0",".000","","","","","Tim Kelly","Anthony Weaver","HOU"
"931","2019","Bill O'Brien","16","10","6","0",".625","2","1","1","Lost Div","Tim Kelly","Romeo Crennel","HOU"
"932","2018","Bill O'Brien","16","11","5","0",".688","1","0","1","Lost WC","","Romeo Crennel","HOU"
"933","2017","Bill O'Brien","16","4","12","0",".250","","","","","","Mike Vrabel","HOU"
"934","2016","Bill O'Brien","16","9","7","0",".563","2","1","1","Lost Div","George Godsey","Romeo Crennel","HOU"
"935","2015","Bill O'Brien","16","9","7","0",".563","1","0","1","Lost WC","George Godsey","Romeo Crennel","HOU"
"936","2014","Bill O'Brien","16","9","7","0",".563","0","0","0","","","Romeo Crennel","HOU"
"937","2013","Wade Phillips","3","0","3","0",".000","0","0","0","","Rick Dennison","","HOU"
"938","2013","Gary Kubiak","13","2","11","0",".154","0","0","0","","Rick Dennison","Wade Phillips","HOU"
"939","2012","Gary Kubiak","16","12","4","0",".750","2","1","1","Lost Div","Rick Dennison","Wade Phillips","HOU"
"940","2011","Gary Kubiak","16","10","6","0",".625","2","1","1","Lost Div","Rick Dennison","Wade Phillips","HOU"
"941","2010","Gary Kubiak","16","6","10","0",".375","0","0","0","","Rick Dennison","Frank Bush","HOU"
"942","2009","Gary Kubiak","16","9","7","0",".563","0","0","0","","Kyle Shanahan","Frank Bush","HOU"
"943","2008","Gary Kubiak","16","8","8","0",".500","0","0","0","","Kyle Shanahan","Richard Smith","HOU"
"944","2007","Gary Kubiak","16","8","8","0",".500","0","0","0","","Mike Sherman","Richard Smith","HOU"
"945","2006","Gary Kubiak","16","6","10","0",".375","0","0","0","","Troy Calhoun","Richard Smith","HOU"
"946","2005","Dom Capers","16","2","14","0",".125","0","0","0","","Chris Palmer, Joe Pendry","Vic Fangio","HOU"
"947","2004","Dom Capers","16","7","9","0",".438","0","0","0","","Chris Palmer","Vic Fangio","HOU"
"948","2003","Dom Capers","16","5","11","0",".313","0","0","0","","Chris Palmer","Vic Fangio","HOU"
"949","2002","Dom Capers","16","4","12","0",".250","0","0","0","","Chris Palmer","Vic Fangio","HOU"
"950","2025","Shane Steichen","17","8","9","0",".471","","","","","Jim Bob Cooter","Lou Anarumo","IND"
"951","2024","Shane Steichen","17","8","9","0",".471","","","","","Jim Bob Cooter","Gus Bradley","IND"
"952","2023","Shane Steichen","17","9","8","0",".529","","","","","Jim Bob Cooter","Gus Bradley","IND"
"953","2022","Jeff Saturday","8","1","7","0",".125","","","","","Marcus Brady","Gus Bradley","IND"
"954","2022","Frank Reich","9","3","5","1",".389","","","","","Marcus Brady","Gus Bradley","IND"
"955","2021","Frank Reich","17","9","8","0",".529","","","","","Marcus Brady","Matt Eberflus","IND"
"956","2020","Frank Reich","16","11","5","0",".688","1","0","1","Lost WC","Nick Sirianni","Matt Eberflus","IND"
"957","2019","Frank Reich","16","7","9","0",".438","","","","","Nick Sirianni","Matt Eberflus","IND"
"958","2018","Frank Reich","16","10","6","0",".625","2","1","1","Lost Div","Nick Sirianni","Matt Eberflus","IND"
"959","2017","Chuck Pagano","16","4","12","0",".250","","","","","Rob Chudzinski","Ted Monachino","IND"
"960","2016","Chuck Pagano","16","8","8","0",".500","","","","","Rob Chudzinski","Ted Monachino","IND"
"961","2015","Chuck Pagano","16","8","8","0",".500","","","","","Rob Chudzinski, Pep Hamilton","Greg Manusky","IND"
"962","2014","Chuck Pagano","16","11","5","0",".688","3","2","1","Lost Conf","Pep Hamilton","Greg Manusky","IND"
"963","2013","Chuck Pagano","16","11","5","0",".688","2","1","1","Lost Div","Pep Hamilton","Greg Manusky","IND"
"964","2012","Chuck Pagano","16","11","5","0",".688","1","0","1","Lost WC","Bruce Arians","Greg Manusky","IND"
"965","2011","Jim Caldwell","16","2","14","0",".125","0","0","0","","Clyde Christensen","Larry Coyer","IND"
"966","2010","Jim Caldwell","16","10","6","0",".625","1","0","1","Lost WC","Clyde Christensen","Larry Coyer","IND"
"967","2009","Jim Caldwell","16","14","2","0",".875","3","2","1","Lost SB","Tom Moore","Larry Coyer","IND"
"968","2008","Tony Dungy","16","12","4","0",".750","1","0","1","Lost WC","Tom Moore","Ron Meeks","IND"
"969","2007","Tony Dungy","16","13","3","0",".813","1","0","1","Lost Div","Tom Moore","Ron Meeks","IND"
"970","2006","Tony Dungy","16","12","4","0",".750","4","4","0","Won SB","Tom Moore","Ron Meeks","IND"
"971","2005","Tony Dungy","16","14","2","0",".875","1","0","1","Lost Div","Tom Moore","Ron Meeks","IND"
"972","2004","Tony Dungy","16","12","4","0",".750","2","1","1","Lost Div","Tom Moore","Ron Meeks","IND"
"973","2003","Tony Dungy","16","12","4","0",".750","3","2","1","Lost Conf","Tom Moore","Ron Meeks","IND"
"974","2002","Tony Dungy","16","10","6","0",".625","1","0","1","Lost WC","Tom Moore","Ron Meeks","IND"
"975","2001","Jim Mora","16","6","10","0",".375","0","0","0","","Tom Moore","Vic Fangio","IND"
"976","2000","Jim Mora","16","10","6","0",".625","1","0","1","Lost WC","Tom Moore","Vic Fangio","IND"
"977","1999","Jim Mora","16","13","3","0",".813","1","0","1","Lost Div","Tom Moore","Vic Fangio","IND"
"978","1998","Jim Mora","16","3","13","0",".188","0","0","0","","Tom Moore","Rusty Tillman","IND"
"979","1997","Lindy Infante","16","3","13","0",".188","0","0","0","","","Jim Johnson","IND"
"980","1996","Lindy Infante","16","9","7","0",".563","1","0","1","Lost WC","","Jim Johnson","IND"
"981","1995","Ted Marchibroda","16","9","7","0",".563","3","2","1","Lost Conf","Lindy Infante","Jim Johnson","IND"
"982","1994","Ted Marchibroda","16","8","8","0",".500","0","0","0","","Nick Nicolau","Jim Johnson","IND"
"983","1993","Ted Marchibroda","16","4","12","0",".250","0","0","0","","Nick Nicolau","Rick Venturi","IND"
"984","1992","Ted Marchibroda","16","9","7","0",".563","0","0","0","","Nick Nicolau","Rick Venturi","IND"
"985","1991","Rick Venturi","11","1","10","0",".091","0","0","0","","Leon Burtnett, Milt Jackson","","IND"
"986","1991","Ron Meyer","5","0","5","0",".000","0","0","0","","Leon Burtnett, Milt Jackson","Rick Venturi","IND"
"987","1990","Ron Meyer","16","7","9","0",".438","0","0","0","","Larry Kennan","Bill Muir","IND"
"988","1989","Ron Meyer","16","8","8","0",".500","0","0","0","","Larry Kennan","Bill Muir","IND"
"989","1988","Ron Meyer","16","9","7","0",".563","0","0","0","","John Becker","George Hill","IND"
"990","1987","Ron Meyer","15","9","6","0",".600","1","0","1","Lost Div","John Becker","George Hill","IND"
"991","1986","Ron Meyer","3","3","0","0","1.000","0","0","0","","Billie Matthews","George Hill","IND"
"992","1986","Rod Dowhower","13","0","13","0",".000","0","0","0","","Billie Matthews","George Hill","IND"
"993","1985","Rod Dowhower","16","5","11","0",".313","0","0","0","","Billie Matthews","George Hill","IND"
"994","1984","Hal Hunter","1","0","1","0",".000","0","0","0","","Zeke Bratkowski","Rick Venturi","IND"
"995","1984","Frank Kush","15","4","11","0",".267","0","0","0","","Zeke Bratkowski","Rick Venturi","IND"
"996","1983","Frank Kush","16","7","9","0",".438","0","0","0","","Zeke Bratkowski","","IND"
"997","1982","Frank Kush","9","0","8","1",".056","0","0","0","","Zeke Bratkowski","Bud Carson","IND"
"998","1981","Mike McCormack","16","2","14","0",".125","0","0","0","","","Chuck Weber","IND"
"999","1980","Mike McCormack","16","7","9","0",".438","0","0","0","","","Chuck Weber","IND"
"1000","1979","Ted Marchibroda","16","5","11","0",".313","0","0","0","","","Maxie Baughan","IND"
"1001","1978","Ted Marchibroda","16","5","11","0",".313","0","0","0","","","Maxie Baughan","IND"
"1002","1977","Ted Marchibroda","14","10","4","0",".714","1","0","1","Lost Div","","Maxie Baughan","IND"
"1003","1976","Ted Marchibroda","14","11","3","0",".786","1","0","1","Lost Div","","Maxie Baughan","IND"
"1004","1975","Ted Marchibroda","14","10","4","0",".714","1","0","1","Lost Div","","Maxie Baughan","IND"
"1005","1974","Joe Thomas","11","2","9","0",".182","0","0","0","","George Young","Don Doll","IND"
"1006","1974","Howard Schnellenberger","3","0","3","0",".000","0","0","0","","George Young","Don Doll","IND"
"1007","1973","Howard Schnellenberger","14","4","10","0",".286","0","0","0","","George Young","Dick Voris","IND"
"1008","1972","John Sandusky","9","4","5","0",".444","0","0","0","","John Idzik","","IND"
"1009","1972","Don McCafferty","5","1","4","0",".200","0","0","0","","John Idzik","","IND"
"1010","1971","Don McCafferty","14","10","4","0",".714","2","1","1","Lost Conf","John Idzik","","IND"
"1011","1970","Don McCafferty","14","11","2","1",".846","3","3","0","Won SB","John Idzik","","IND"
"1012","1969","Don Shula","14","8","5","1",".615","0","0","0","","","","IND"
"1013","1968","Don Shula","14","13","1","0",".929","3","2","1","Lost SB","","","IND"
"1014","1967","Don Shula","14","11","1","2",".917","0","0","0","","","","IND"
"1015","1966","Don Shula","14","9","5","0",".643","0","0","0","","","","IND"
"1016","1965","Don Shula","14","10","3","1",".769","1","0","1","Lost Div","","Charley Winner","IND"
"1017","1964","Don Shula","14","12","2","0",".857","1","0","1","Lost Champ","","Charley Winner","IND"
"1018","1963","Don Shula","14","8","6","0",".571","0","0","0","","","Charley Winner","IND"
"1019","1962","Weeb Ewbank","14","7","7","0",".500","0","0","0","","","","IND"
"1020","1961","Weeb Ewbank","14","8","6","0",".571","0","0","0","","","","IND"
"1021","1960","Weeb Ewbank","12","6","6","0",".500","0","0","0","","","","IND"
"1022","1959","Weeb Ewbank","12","9","3","0",".750","1","1","0","Won Champ","","","IND"
"1023","1958","Weeb Ewbank","12","9","3","0",".750","1","1","0","Won Champ","","","IND"
"1024","1957","Weeb Ewbank","12","7","5","0",".583","0","0","0","","","","IND"
"1025","1956","Weeb Ewbank","12","5","7","0",".417","0","0","0","","","","IND"
"1026","1955","Weeb Ewbank","12","5","6","1",".455","0","0","0","","","","IND"
"1027","1954","Weeb Ewbank","12","3","9","0",".250","0","0","0","","","","IND"
"1028","1953","Keith Molesworth","12","3","9","0",".250","0","0","0","","","","IND"
"1029","2025","Liam Coen","17","13","4","0",".765","1","0","1","","Grant Udinski","Anthony Campanile","JAX"
"1030","2024","Doug Pederson","17","4","13","0",".235","","","","","Press Taylor","Ryan Nielsen","JAX"
"1031","2023","Doug Pederson","17","9","8","0",".529","","","","","Press Taylor","Mike Caldwell","JAX"
"1032","2022","Doug Pederson","17","9","8","0",".529","2","1","1","Lost Div","Press Taylor","Mike Caldwell","JAX"
"1033","2021","Darrell Bevell","4","1","3","0",".250","","","","","","Joe Cullen","JAX"
"1034","2021","Urban Meyer","13","2","11","0",".154","","","","","Darrell Bevell","Joe Cullen","JAX"
"1035","2020","Doug Marrone","16","1","15","0",".063","","","","","Jay Gruden","Todd Wash","JAX"
"1036","2019","Doug Marrone","16","6","10","0",".375","","","","","John DeFilippo","Todd Wash","JAX"
"1037","2018","Doug Marrone","16","5","11","0",".313","","","","","Nathaniel Hackett","Todd Wash","JAX"
"1038","2017","Doug Marrone","16","10","6","0",".625","3","2","1","Lost Conf","Nathaniel Hackett","Todd Wash","JAX"
"1039","2016","Doug Marrone","2","1","1","0",".500","","","","","Nathaniel Hackett, Greg Olson","Todd Wash","JAX"
"1040","2016","Gus Bradley","14","2","12","0",".143","0","0","0","","Nathaniel Hackett, Greg Olson","Todd Wash","JAX"
"1041","2015","Gus Bradley","16","5","11","0",".313","","","","","Greg Olson","Bob Babich","JAX"
"1042","2014","Gus Bradley","16","3","13","0",".188","0","0","0","","Jedd Fisch","Bob Babich","JAX"
"1043","2013","Gus Bradley","16","4","12","0",".250","0","0","0","","Jedd Fisch","Bob Babich","JAX"
"1044","2012","Mike Mularkey","16","2","14","0",".125","0","0","0","","Bob Bratkowski","Mel Tucker","JAX"
"1045","2011","Mel Tucker","5","2","3","0",".400","0","0","0","","Dirk Koetter","","JAX"
"1046","2011","Jack Del Rio","11","3","8","0",".273","0","0","0","","Dirk Koetter","Mel Tucker","JAX"
"1047","2010","Jack Del Rio","16","8","8","0",".500","0","0","0","","Dirk Koetter","Mel Tucker","JAX"
"1048","2009","Jack Del Rio","16","7","9","0",".438","0","0","0","","Dirk Koetter","Mel Tucker","JAX"
"1049","2008","Jack Del Rio","16","5","11","0",".313","0","0","0","","Dirk Koetter","Gregg Williams","JAX"
"1050","2007","Jack Del Rio","16","11","5","0",".688","2","1","1","Lost Div","Dirk Koetter","Mike Smith","JAX"
"1051","2006","Jack Del Rio","16","8","8","0",".500","0","0","0","","Carl Smith","Mike Smith","JAX"
"1052","2005","Jack Del Rio","16","12","4","0",".750","1","0","1","Lost WC","Carl Smith","Mike Smith","JAX"
"1053","2004","Jack Del Rio","16","9","7","0",".563","0","0","0","","Bill Musgrave","Mike Smith","JAX"
"1054","2003","Jack Del Rio","16","5","11","0",".313","0","0","0","","Bill Musgrave","Mike Smith","JAX"
"1055","2002","Tom Coughlin","16","6","10","0",".375","0","0","0","","","John Pease","JAX"
"1056","2001","Tom Coughlin","16","6","10","0",".375","0","0","0","","Bobby Petrino","Gary Moeller","JAX"
"1057","2000","Tom Coughlin","16","7","9","0",".438","0","0","0","","","Dom Capers","JAX"
"1058","1999","Tom Coughlin","16","14","2","0",".875","2","1","1","Lost Conf","","Dom Capers","JAX"
"1059","1998","Tom Coughlin","16","11","5","0",".688","2","1","1","Lost Div","Chris Palmer","Dick Jauron","JAX"
"1060","1997","Tom Coughlin","16","11","5","0",".688","1","0","1","Lost WC","Chris Palmer","Dick Jauron","JAX"
"1061","1996","Tom Coughlin","16","9","7","0",".563","3","2","1","Lost Conf","Kevin Gilbride","Dick Jauron","JAX"
"1062","1995","Tom Coughlin","16","4","12","0",".250","0","0","0","","Kevin Gilbride","Dick Jauron","JAX"
"1063","2025","Andy Reid","17","6","11","0",".353","","","","","Matt Nagy","Steve Spagnuolo","KC"
"1064","2024","Andy Reid","17","15","2","0",".882","3","2","1","Lost SB","Matt Nagy","Steve Spagnuolo","KC"
"1065","2023","Andy Reid","17","11","6","0",".647","4","4","0","Won SB","Matt Nagy","Steve Spagnuolo","KC"
"1066","2022","Andy Reid","17","14","3","0",".824","3","3","0","Won SB","Eric Bieniemy","Steve Spagnuolo","KC"
"1067","2021","Andy Reid","17","12","5","0",".706","3","2","1","Lost Conf","Eric Bieniemy","Steve Spagnuolo","KC"
"1068","2020","Andy Reid","16","14","2","0",".875","3","2","1","Lost SB","Eric Bieniemy","Steve Spagnuolo","KC"
"1069","2019","Andy Reid","16","12","4","0",".750","3","3","0","Won SB","Eric Bieniemy","Steve Spagnuolo","KC"
"1070","2018","Andy Reid","16","12","4","0",".750","2","1","1","Lost Conf","Eric Bieniemy","Bob Sutton","KC"
"1071","2017","Andy Reid","16","10","6","0",".625","1","0","1","Lost WC","Matt Nagy","Bob Sutton","KC"
"1072","2016","Andy Reid","16","12","4","0",".750","1","0","1","Lost Div","Brad Childress","Bob Sutton","KC"
"1073","2015","Andy Reid","16","11","5","0",".688","2","1","1","Lost Div","Doug Pederson","Bob Sutton","KC"
"1074","2014","Andy Reid","16","9","7","0",".563","0","0","0","","Doug Pederson","Bob Sutton","KC"
"1075","2013","Andy Reid","16","11","5","0",".688","1","0","1","Lost WC","Doug Pederson","Bob Sutton","KC"
"1076","2012","Romeo Crennel","16","2","14","0",".125","0","0","0","","Brian Daboll","","KC"
"1077","2011","Romeo Crennel","3","2","1","0",".667","0","0","0","","Bill Muir","","KC"
"1078","2011","Todd Haley","13","5","8","0",".385","0","0","0","","Bill Muir","Romeo Crennel","KC"
"1079","2010","Todd Haley","16","10","6","0",".625","1","0","1","Lost WC","Charlie Weis","Romeo Crennel","KC"
"1080","2009","Todd Haley","16","4","12","0",".250","0","0","0","","","Clancy Pendergast","KC"
"1081","2008","Herm Edwards","16","2","14","0",".125","0","0","0","","Chan Gailey","Gunther Cunningham","KC"
"1082","2007","Herm Edwards","16","4","12","0",".250","0","0","0","","Mike Solari","Gunther Cunningham","KC"
"1083","2006","Herm Edwards","16","9","7","0",".563","1","0","1","Lost WC","Mike Solari","Gunther Cunningham","KC"
"1084","2005","Dick Vermeil","16","10","6","0",".625","0","0","0","","Al Saunders","Gunther Cunningham","KC"
"1085","2004","Dick Vermeil","16","7","9","0",".438","0","0","0","","Al Saunders","Gunther Cunningham","KC"
"1086","2003","Dick Vermeil","16","13","3","0",".813","1","0","1","Lost Div","Al Saunders","Greg Robinson","KC"
"1087","2002","Dick Vermeil","16","8","8","0",".500","0","0","0","","Al Saunders","Greg Robinson","KC"
"1088","2001","Dick Vermeil","16","6","10","0",".375","0","0","0","","Al Saunders","Greg Robinson","KC"
"1089","2000","Gunther Cunningham","16","7","9","0",".438","0","0","0","","Jimmy Raye","Kurt Schottenheimer","KC"
"1090","1999","Gunther Cunningham","16","9","7","0",".563","0","0","0","","Jimmy Raye","Kurt Schottenheimer","KC"
"1091","1998","Marty Schottenheimer","16","7","9","0",".438","0","0","0","","Jimmy Raye","Gunther Cunningham","KC"
"1092","1997","Marty Schottenheimer","16","13","3","0",".813","1","0","1","Lost Div","Paul Hackett","Gunther Cunningham","KC"
"1093","1996","Marty Schottenheimer","16","9","7","0",".563","0","0","0","","Paul Hackett","Gunther Cunningham","KC"
"1094","1995","Marty Schottenheimer","16","13","3","0",".813","1","0","1","Lost Div","Paul Hackett","Gunther Cunningham","KC"
"1095","1994","Marty Schottenheimer","16","9","7","0",".563","1","0","1","Lost WC","Paul Hackett","Dave Adolph","KC"
"1096","1993","Marty Schottenheimer","16","11","5","0",".688","3","2","1","Lost Conf","Paul Hackett","Dave Adolph","KC"
"1097","1992","Marty Schottenheimer","16","10","6","0",".625","1","0","1","Lost WC","Joe Pendry","Dave Adolph","KC"
"1098","1991","Marty Schottenheimer","16","10","6","0",".625","2","1","1","Lost Div","Joe Pendry","Bill Cowher","KC"
"1099","1990","Marty Schottenheimer","16","11","5","0",".688","1","0","1","Lost WC","Joe Pendry","Bill Cowher","KC"
"1100","1989","Marty Schottenheimer","16","8","7","1",".531","0","0","0","","Joe Pendry","Bill Cowher","KC"
"1101","1988","Frank Gansz","16","4","11","1",".281","0","0","0","","George Sefcik","Rod Rust","KC"
"1102","1987","Frank Gansz","15","4","11","0",".267","0","0","0","","Homer Smith","John Paul Young","KC"
"1103","1986","John Mackovic","16","10","6","0",".625","1","0","1","Lost WC","","Walt Corey","KC"
"1104","1985","John Mackovic","16","6","10","0",".375","0","0","0","","","Dan Daniel","KC"
"1105","1984","John Mackovic","16","8","8","0",".500","0","0","0","","","Dan Daniel","KC"
"1106","1983","John Mackovic","16","6","10","0",".375","0","0","0","","","Bud Carson","KC"
"1107","1982","Marv Levy","9","3","6","0",".333","0","0","0","","","Rod Rust","KC"
"1108","1981","Marv Levy","16","9","7","0",".563","0","0","0","","","Rod Rust","KC"
"1109","1980","Marv Levy","16","8","8","0",".500","0","0","0","","","Rod Rust","KC"
"1110","1979","Marv Levy","16","7","9","0",".438","0","0","0","","","Rod Rust","KC"
"1111","1978","Marv Levy","16","4","12","0",".250","0","0","0","","","Rod Rust","KC"
"1112","1977","Tom Bettis","7","1","6","0",".143","0","0","0","","Bob Schnelker","","KC"
"1113","1977","Paul Wiggin","7","1","6","0",".143","0","0","0","","Bob Schnelker","Tom Bettis","KC"
"1114","1976","Paul Wiggin","14","5","9","0",".357","0","0","0","","Chet Franklin","Vince Costello","KC"
"1115","1975","Paul Wiggin","14","5","9","0",".357","0","0","0","","Chet Franklin","Vince Costello","KC"
"1116","1974","Hank Stram","14","5","9","0",".357","0","0","0","","","","KC"
"1117","1973","Hank Stram","14","7","5","2",".571","0","0","0","","","","KC"
"1118","1972","Hank Stram","14","8","6","0",".571","0","0","0","","","","KC"
"1119","1971","Hank Stram","14","10","3","1",".769","1","0","1","Lost Div","","","KC"
"1120","1970","Hank Stram","14","7","5","2",".583","0","0","0","","","","KC"
"1121","1969","Hank Stram","14","11","3","0",".786","3","3","0","Won SB","","","KC"
"1122","1968","Hank Stram","14","12","2","0",".857","1","0","1","Lost Div","","","KC"
"1123","1967","Hank Stram","14","9","5","0",".643","0","0","0","","","","KC"
"1124","1966","Hank Stram","14","11","2","1",".846","2","1","1","Lost SB","","","KC"
"1125","1965","Hank Stram","14","7","5","2",".583","0","0","0","","","","KC"
"1126","1964","Hank Stram","14","7","7","0",".500","0","0","0","","","","KC"
"1127","1963","Hank Stram","14","5","7","2",".417","0","0","0","","","","KC"
"1128","1962","Hank Stram","14","11","3","0",".786","1","1","0","Won Champ","","","KC"
"1129","1961","Hank Stram","14","6","8","0",".429","0","0","0","","","","KC"
"1130","1960","Hank Stram","14","8","6","0",".571","0","0","0","","","","KC"
"1131","2025","Jim Harbaugh","17","11","6","0",".647","1","0","1","","Greg Roman","Jesse Minter","LAC"
"1132","2024","Jim Harbaugh","17","11","6","0",".647","1","0","1","Lost WC","Greg Roman","Jesse Minter","LAC"
"1133","2023","Giff Smith","3","0","3","0",".000","","","","","Kellen Moore","Derrick Ansley","LAC"
"1134","2023","Brandon Staley","14","5","9","0",".357","","","","","Kellen Moore","Derrick Ansley","LAC"
"1135","2022","Brandon Staley","17","10","7","0",".588","1","0","1","Lost WC","Joe Lombardi","Renaldo Hill","LAC"
"1136","2021","Brandon Staley","17","9","8","0",".529","","","","","Joe Lombardi","Renaldo Hill","LAC"
"1137","2020","Anthony Lynn","16","7","9","0",".438","","","","","Shane Steichen","Gus Bradley","LAC"
"1138","2019","Anthony Lynn","16","5","11","0",".313","","","","","Shane Steichen, Ken Whisenhunt","Gus Bradley","LAC"
"1139","2018","Anthony Lynn","16","12","4","0",".750","2","1","1","Lost Div","Ken Whisenhunt","Gus Bradley","LAC"
"1140","2017","Anthony Lynn","16","9","7","0",".563","","","","","Ken Whisenhunt","Gus Bradley","LAC"
"1141","2016","Mike McCoy","16","5","11","0",".313","","","","","Ken Whisenhunt","John Pagano","LAC"
"1142","2015","Mike McCoy","16","4","12","0",".250","","","","","Frank Reich","John Pagano","LAC"
"1143","2014","Mike McCoy","16","9","7","0",".563","0","0","0","","Frank Reich","John Pagano","LAC"
"1144","2013","Mike McCoy","16","9","7","0",".563","2","1","1","Lost Div","Ken Whisenhunt","John Pagano","LAC"
"1145","2012","Norv Turner","16","7","9","0",".438","0","0","0","","Hal Hunter","John Pagano","LAC"
"1146","2011","Norv Turner","16","8","8","0",".500","0","0","0","","Clarence Shelmon","Greg Manusky","LAC"
"1147","2010","Norv Turner","16","9","7","0",".563","0","0","0","","Clarence Shelmon","Ron Rivera","LAC"
"1148","2009","Norv Turner","16","13","3","0",".813","1","0","1","Lost Div","Clarence Shelmon","Ron Rivera","LAC"
"1149","2008","Norv Turner","16","8","8","0",".500","2","1","1","Lost Div","Clarence Shelmon","Ted Cottrell, Ron Rivera","LAC"
"1150","2007","Norv Turner","16","11","5","0",".688","3","2","1","Lost Conf","Clarence Shelmon","Ted Cottrell","LAC"
"1151","2006","Marty Schottenheimer","16","14","2","0",".875","1","0","1","Lost Div","Cam Cameron","Wade Phillips","LAC"
"1152","2005","Marty Schottenheimer","16","9","7","0",".563","0","0","0","","Cam Cameron","Wade Phillips","LAC"
"1153","2004","Marty Schottenheimer","16","12","4","0",".750","1","0","1","Lost WC","Cam Cameron","Wade Phillips","LAC"
"1154","2003","Marty Schottenheimer","16","4","12","0",".250","0","0","0","","Cam Cameron","Dale Lindsey","LAC"
"1155","2002","Marty Schottenheimer","16","8","8","0",".500","0","0","0","","Cam Cameron","Dale Lindsey","LAC"
"1156","2001","Mike Riley","16","5","11","0",".313","0","0","0","","Norv Turner","Mark Banker, Joe Pascale, Jim Vechiarella","LAC"
"1157","2000","Mike Riley","16","1","15","0",".063","0","0","0","","Geep Chryst","Joe Pascale","LAC"
"1158","1999","Mike Riley","16","8","8","0",".500","0","0","0","","Geep Chryst","Joe Pascale","LAC"
"1159","1998","June Jones","10","3","7","0",".300","0","0","0","","Mike Sheppard","Joe Pascale","LAC"
"1160","1998","Kevin Gilbride","6","2","4","0",".333","0","0","0","","Mike Sheppard","Joe Pascale","LAC"
"1161","1997","Kevin Gilbride","16","4","12","0",".250","0","0","0","","Mike Sheppard","Joe Pascale","LAC"
"1162","1996","Bobby Ross","16","8","8","0",".500","0","0","0","","Ralph Friedgen","Dave Adolph","LAC"
"1163","1995","Bobby Ross","16","9","7","0",".563","1","0","1","Lost WC","Ralph Friedgen","Dave Adolph","LAC"
"1164","1994","Bobby Ross","16","11","5","0",".688","3","2","1","Lost SB","Ralph Friedgen","Bill Arnsparger","LAC"
"1165","1993","Bobby Ross","16","8","8","0",".500","0","0","0","","","Bill Arnsparger","LAC"
"1166","1992","Bobby Ross","16","11","5","0",".688","2","1","1","Lost Div","","Bill Arnsparger","LAC"
"1167","1991","Dan Henning","16","4","12","0",".250","0","0","0","","Ted Tollner","Ron Lynn","LAC"
"1168","1990","Dan Henning","16","6","10","0",".375","0","0","0","","","Ron Lynn","LAC"
"1169","1989","Dan Henning","16","6","10","0",".375","0","0","0","","Larry Beightol","Ron Lynn","LAC"
"1170","1988","Al Saunders","16","6","10","0",".375","0","0","0","","Jerry Rhome","Ron Lynn","LAC"
"1171","1987","Al Saunders","15","8","7","0",".533","0","0","0","","Dave Levy","Ron Lynn","LAC"
"1172","1986","Al Saunders","8","3","5","0",".375","0","0","0","","Ernie Zampese","Ron Lynn","LAC"
"1173","1986","Don Coryell","8","1","7","0",".125","0","0","0","","Ernie Zampese","Ron Lynn","LAC"
"1174","1985","Don Coryell","16","8","8","0",".500","0","0","0","","Dave Levy","Dave Adolph, Tom Bass","LAC"
"1175","1984","Don Coryell","16","7","9","0",".438","0","0","0","","Dave Levy","Tom Bass","LAC"
"1176","1983","Don Coryell","16","6","10","0",".375","0","0","0","","Dave Levy","Tom Bass","LAC"
"1177","1982","Don Coryell","9","6","3","0",".667","2","1","1","Lost Div","Larrye Weaver","Tom Bass","LAC"
"1178","1981","Don Coryell","16","10","6","0",".625","2","1","1","Lost Conf","Larrye Weaver","Jack Pardee","LAC"
"1179","1980","Don Coryell","16","11","5","0",".688","2","1","1","Lost Conf","Joe Gibbs","Jackie Simpson","LAC"
"1180","1979","Don Coryell","16","12","4","0",".750","1","0","1","Lost Div","Joe Gibbs","Jackie Simpson","LAC"
"1181","1978","Don Coryell","12","8","4","0",".667","0","0","0","","Ray Perkins","Jackie Simpson","LAC"
"1182","1978","Tommy Prothro","4","1","3","0",".250","0","0","0","","Ray Perkins","Jackie Simpson","LAC"
"1183","1977","Tommy Prothro","14","7","7","0",".500","0","0","0","","Max Coley","Jackie Simpson","LAC"
"1184","1976","Tommy Prothro","14","6","8","0",".429","0","0","0","","Bill Walsh","Jackie Simpson","LAC"
"1185","1975","Tommy Prothro","14","2","12","0",".143","0","0","0","","John David Crow","Jackie Simpson","LAC"
"1186","1974","Tommy Prothro","14","5","9","0",".357","0","0","0","","John David Crow","Jackie Simpson","LAC"
"1187","1973","Ron Waller","6","1","5","0",".167","0","0","0","","Bob Schnelker","","LAC"
"1188","1973","Harland Svare","8","1","6","1",".188","0","0","0","","Bob Schnelker","","LAC"
"1189","1972","Harland Svare","14","4","9","1",".321","0","0","0","","Bob Schnelker","","LAC"
"1190","1971","Harland Svare","4","2","2","0",".500","0","0","0","","Charlie Waller","Phil Bengtson","LAC"
"1191","1971","Sid Gillman","10","4","6","0",".400","0","0","0","","Charlie Waller","Phil Bengtson","LAC"
"1192","1970","Charlie Waller","14","5","6","3",".455","0","0","0","","","Bum Phillips","LAC"
"1193","1969","Charlie Waller","5","4","1","0",".800","0","0","0","","","Bum Phillips","LAC"
"1194","1969","Sid Gillman","9","4","5","0",".444","0","0","0","","","Bum Phillips","LAC"
"1195","1968","Sid Gillman","14","9","5","0",".643","0","0","0","","","","LAC"
"1196","1967","Sid Gillman","14","8","5","1",".615","0","0","0","","","Tom Bass","LAC"
"1197","1966","Sid Gillman","14","7","6","1",".538","0","0","0","","","","LAC"
"1198","1965","Sid Gillman","14","9","2","3",".818","1","0","1","Lost Champ","","","LAC"
"1199","1964","Sid Gillman","14","8","5","1",".615","1","0","1","Lost Champ","","","LAC"
"1200","1963","Sid Gillman","14","11","3","0",".786","1","1","0","Won Champ","Hugh Taylor","","LAC"
"1201","1962","Sid Gillman","14","4","10","0",".286","0","0","0","","","","LAC"
"1202","1961","Sid Gillman","14","12","2","0",".857","1","0","1","Lost Champ","","","LAC"
"1203","1960","Sid Gillman","14","10","4","0",".714","1","0","1","Lost Champ","","","LAC"
"1204","2025","Sean McVay","17","12","5","0",".706","2","2","0","","Mike LaFleur","Chris Shula","LAR"
"1205","2024","Sean McVay","17","10","7","0",".588","2","1","1","Lost Div","Mike LaFleur","Chris Shula","LAR"
"1206","2023","Sean McVay","17","10","7","0",".588","1","0","1","Lost WC","Mike LaFleur","Raheem Morris","LAR"
"1207","2022","Sean McVay","17","5","12","0",".294","","","","","Liam Coen","Raheem Morris","LAR"
"1208","2021","Sean McVay","17","12","5","0",".706","4","4","0","Won SB","Kevin O'Connell","Raheem Morris","LAR"
"1209","2020","Sean McVay","16","10","6","0",".625","2","1","1","Lost Div","Kevin O'Connell","Brandon Staley","LAR"
"1210","2019","Sean McVay","16","9","7","0",".563","","","","","","Wade Phillips","LAR"
"1211","2018","Sean McVay","16","13","3","0",".813","3","2","1","Lost SB","","Wade Phillips","LAR"
"1212","2017","Sean McVay","16","11","5","0",".688","1","0","1","Lost WC","Matt LaFleur","Wade Phillips","LAR"
"1213","2016","John Fassel","3","0","3","0",".000","","","","","Rob Boras","Gregg Williams","LAR"
"1214","2016","Jeff Fisher","13","4","9","0",".308","0","0","0","","Rob Boras","Gregg Williams","LAR"
"1215","2015","Jeff Fisher","16","7","9","0",".438","","","","","Rob Boras, Frank Cignetti","Gregg Williams","LAR"
"1216","2014","Jeff Fisher","16","6","10","0",".375","0","0","0","","Brian Schottenheimer","Gregg Williams","LAR"
"1217","2013","Jeff Fisher","16","7","9","0",".438","0","0","0","","Brian Schottenheimer","Tim Walton","LAR"
"1218","2012","Jeff Fisher","16","7","8","1",".469","0","0","0","","Brian Schottenheimer","","LAR"
"1219","2011","Steve Spagnuolo","16","2","14","0",".125","0","0","0","","Josh McDaniels","Ken Flajole","LAR"
"1220","2010","Steve Spagnuolo","16","7","9","0",".438","0","0","0","","Pat Shurmur","Ken Flajole","LAR"
"1221","2009","Steve Spagnuolo","16","1","15","0",".063","0","0","0","","Pat Shurmur","Ken Flajole","LAR"
"1222","2008","Jim Haslett","12","2","10","0",".167","0","0","0","","Al Saunders","Rick Venturi","LAR"
"1223","2008","Scott Linehan","4","0","4","0",".000","0","0","0","","Al Saunders","Jim Haslett, Rick Venturi","LAR"
"1224","2007","Scott Linehan","16","3","13","0",".188","0","0","0","","Greg Olson","Jim Haslett","LAR"
"1225","2006","Scott Linehan","16","8","8","0",".500","0","0","0","","Greg Olson","Jim Haslett","LAR"
"1226","2005","Joe Vitt","11","4","7","0",".364","0","0","0","","Steve Fairchild","Larry Marmie","LAR"
"1227","2005","Mike Martz","5","2","3","0",".400","0","0","0","","Steve Fairchild","Larry Marmie","LAR"
"1228","2004","Mike Martz","16","8","8","0",".500","2","1","1","Lost Div","Steve Fairchild","Larry Marmie","LAR"
"1229","2003","Mike Martz","16","12","4","0",".750","1","0","1","Lost Div","Steve Fairchild","Lovie Smith","LAR"
"1230","2002","Mike Martz","16","7","9","0",".438","0","0","0","","Bobby Jackson","Lovie Smith","LAR"
"1231","2001","Mike Martz","16","14","2","0",".875","3","2","1","Lost SB","Bobby Jackson","Lovie Smith","LAR"
"1232","2000","Mike Martz","16","10","6","0",".625","1","0","1","Lost WC","Bobby Jackson","Peter Giunta","LAR"
"1233","1999","Dick Vermeil","16","13","3","0",".813","3","3","0","Won SB","Mike Martz","Peter Giunta","LAR"
"1234","1998","Dick Vermeil","16","4","12","0",".250","0","0","0","","Jerry Rhome","Peter Giunta","LAR"
"1235","1997","Dick Vermeil","16","5","11","0",".313","0","0","0","","Jerry Rhome","Bud Carson","LAR"
"1236","1996","Rich Brooks","16","6","10","0",".375","0","0","0","","Jack Reilly","Willie Shaw","LAR"
"1237","1995","Rich Brooks","16","7","9","0",".438","0","0","0","","Jack Reilly","Willie Shaw","LAR"
"1238","1994","Chuck Knox","16","4","12","0",".250","0","0","0","","Chick Harris","George Dyer","LAR"
"1239","1993","Chuck Knox","16","5","11","0",".313","0","0","0","","Ernie Zampese","George Dyer","LAR"
"1240","1992","Chuck Knox","16","6","10","0",".375","0","0","0","","Ernie Zampese","George Dyer","LAR"
"1241","1991","John Robinson","16","3","13","0",".188","0","0","0","","Ernie Zampese","Jeff Fisher","LAR"
"1242","1990","John Robinson","16","5","11","0",".313","0","0","0","","Ernie Zampese","Fritz Shurmur","LAR"
"1243","1989","John Robinson","16","11","5","0",".688","3","2","1","Lost Conf","Ernie Zampese","Fritz Shurmur","LAR"
"1244","1988","John Robinson","16","10","6","0",".625","1","0","1","Lost WC","Ernie Zampese","Fritz Shurmur","LAR"
"1245","1987","John Robinson","15","6","9","0",".400","0","0","0","","Ernie Zampese","Fritz Shurmur","LAR"
"1246","1986","John Robinson","16","10","6","0",".625","1","0","1","Lost WC","","Fritz Shurmur","LAR"
"1247","1985","John Robinson","16","11","5","0",".688","2","1","1","Lost Conf","","Fritz Shurmur","LAR"
"1248","1984","John Robinson","16","10","6","0",".625","1","0","1","Lost WC","Jimmy Raye","Fritz Shurmur","LAR"
"1249","1983","John Robinson","16","9","7","0",".563","2","1","1","Lost Div","Jimmy Raye","Fritz Shurmur","LAR"
"1250","1982","Ray Malavasi","9","2","7","0",".222","0","0","0","","John Hadl","","LAR"
"1251","1981","Ray Malavasi","16","6","10","0",".375","0","0","0","","Lionel Taylor","Bud Carson","LAR"
"1252","1980","Ray Malavasi","16","11","5","0",".688","1","0","1","Lost WC","Lionel Taylor","Bud Carson","LAR"
"1253","1979","Ray Malavasi","16","9","7","0",".563","3","2","1","Lost SB","","Bud Carson","LAR"
"1254","1978","Ray Malavasi","16","12","4","0",".750","2","1","1","Lost Conf","","Bud Carson","LAR"
"1255","1977","Chuck Knox","14","10","4","0",".714","1","0","1","Lost Div","Ray Prochaska","Ray Malavasi","LAR"
"1256","1976","Chuck Knox","14","10","3","1",".750","2","1","1","Lost Conf","Ken Meyer","Ray Malavasi","LAR"
"1257","1975","Chuck Knox","14","12","2","0",".857","2","1","1","Lost Conf","Ken Meyer","Ray Malavasi","LAR"
"1258","1974","Chuck Knox","14","10","4","0",".714","2","1","1","Lost Conf","Ken Meyer","Ray Malavasi","LAR"
"1259","1973","Chuck Knox","14","12","2","0",".857","1","0","1","Lost Div","Ken Meyer","Ray Malavasi","LAR"
"1260","1972","Tommy Prothro","14","6","7","1",".464","0","0","0","","","","LAR"
"1261","1971","Tommy Prothro","14","8","5","1",".615","0","0","0","","","","LAR"
"1262","1970","George Allen","14","9","4","1",".692","0","0","0","","Ray Prochaska","","LAR"
"1263","1969","George Allen","14","11","3","0",".786","1","0","1","Lost Div","Ray Prochaska","","LAR"
"1264","1968","George Allen","14","10","3","1",".769","0","0","0","","","","LAR"
"1265","1967","George Allen","14","11","1","2",".917","1","0","1","Lost Div","","","LAR"
"1266","1966","George Allen","14","8","6","0",".571","0","0","0","","","","LAR"
"1267","1965","Harland Svare","14","4","10","0",".286","0","0","0","","","","LAR"
"1268","1964","Harland Svare","14","5","7","2",".417","0","0","0","","","","LAR"
"1269","1963","Harland Svare","14","5","9","0",".357","0","0","0","","","","LAR"
"1270","1962","Harland Svare","6","0","5","1",".000","0","0","0","","Hampton Pool","","LAR"
"1271","1962","Bob Waterfield","8","1","7","0",".125","0","0","0","","Hampton Pool","","LAR"
"1272","1961","Bob Waterfield","14","4","10","0",".286","0","0","0","","Hampton Pool","","LAR"
"1273","1960","Bob Waterfield","12","4","7","1",".364","0","0","0","","Hampton Pool","","LAR"
"1274","1959","Sid Gillman","12","2","10","0",".167","0","0","0","","","","LAR"
"1275","1958","Sid Gillman","12","8","4","0",".667","0","0","0","","","","LAR"
"1276","1957","Sid Gillman","12","6","6","0",".500","0","0","0","","","","LAR"
"1277","1956","Sid Gillman","12","4","8","0",".333","0","0","0","","","","LAR"
"1278","1955","Sid Gillman","12","8","3","1",".727","1","0","1","Lost Champ","","","LAR"
"1279","1954","Hampton Pool","12","6","5","1",".545","0","0","0","","","","LAR"
"1280","1953","Hampton Pool","12","8","3","1",".727","0","0","0","","","","LAR"
"1281","1952","Hampton Pool","11","9","2","0",".818","1","0","1","Lost Div","","","LAR"
"1282","1952","Joe Stydahar","1","0","1","0",".000","0","0","0","Lost Div","","","LAR"
"1283","1951","Joe Stydahar","12","8","4","0",".667","1","1","0","Won Champ","","","LAR"
"1284","1950","Joe Stydahar","12","9","3","0",".750","2","1","1","Lost Champ","","","LAR"
"1285","1949","Clark Shaughnessy","12","8","2","2",".800","1","0","1","Lost Champ","","","LAR"
"1286","1948","Clark Shaughnessy","12","6","5","1",".545","0","0","0","","","","LAR"
"1287","1947","Bob Snyder","12","6","6","0",".500","0","0","0","","","","LAR"
"1288","1946","Adam Walsh","11","6","4","1",".600","0","0","0","","","","LAR"
"1289","1945","Adam Walsh","10","9","1","0",".900","1","1","0","Won Champ","","","LAR"
"1290","1944","Aldo Donelli","10","4","6","0",".400","0","0","0","","","","LAR"
"1291","1942","Dutch Clark","11","5","6","0",".455","0","0","0","","","","LAR"
"1292","1941","Dutch Clark","11","2","9","0",".182","0","0","0","","","","LAR"
"1293","1940","Dutch Clark","11","4","6","1",".400","0","0","0","","","","LAR"
"1294","1939","Dutch Clark","11","5","5","1",".500","0","0","0","","","","LAR"
"1295","1938","Art Lewis","8","4","4","0",".500","0","0","0","","","","LAR"
"1296","1938","Hugo Bezdek","3","0","3","0",".000","0","0","0","","","","LAR"
"1297","1937","Hugo Bezdek","11","1","10","0",".091","0","0","0","","","","LAR"
"1298","2025","Pete Carroll","17","3","14","0",".176","","","","","Chip Kelly, Greg Olson","Patrick Graham","LV"
"1299","2024","Antonio Pierce","17","4","13","0",".235","","","","","Luke Getsy, Scott Turner","Patrick Graham","LV"
"1300","2023","Antonio Pierce","9","5","4","0",".556","","","","","Bo Hardegree, Mick Lombardi","Patrick Graham","LV"
"1301","2023","Josh McDaniels","8","3","5","0",".375","","","","","Bo Hardegree, Mick Lombardi","Patrick Graham","LV"
"1302","2022","Josh McDaniels","17","6","11","0",".353","","","","","Mick Lombardi","Patrick Graham","LV"
"1303","2021","Rich Bisaccia","12","7","5","0",".583","1","0","1","Lost WC","Greg Olson","Gus Bradley","LV"
"1304","2021","Jon Gruden","5","3","2","0",".600","0","0","0","Lost WC","Greg Olson","Gus Bradley","LV"
"1305","2020","Jon Gruden","16","8","8","0",".500","","","","","Greg Olson","Paul Guenther, Rod Marinelli","LV"
"1306","2019","Jon Gruden","16","7","9","0",".438","","","","","Greg Olson","Paul Guenther","LV"
"1307","2018","Jon Gruden","16","4","12","0",".250","","","","","Greg Olson","Paul Guenther","LV"
"1308","2017","Jack Del Rio","16","6","10","0",".375","","","","","Todd Downing","Ken Norton, John Pagano","LV"
"1309","2016","Jack Del Rio","16","12","4","0",".750","1","0","1","Lost WC","Bill Musgrave","Ken Norton","LV"
"1310","2015","Jack Del Rio","16","7","9","0",".438","","","","","Bill Musgrave","Ken Norton","LV"
"1311","2014","Tony Sparano","12","3","9","0",".250","0","0","0","","Greg Olson","Jason Tarver","LV"
"1312","2014","Dennis Allen","4","0","4","0",".000","0","0","0","","Greg Olson","Jason Tarver","LV"
"1313","2013","Dennis Allen","16","4","12","0",".250","0","0","0","","Greg Olson","Jason Tarver","LV"
"1314","2012","Dennis Allen","16","4","12","0",".250","0","0","0","","Greg Knapp","Jason Tarver","LV"
"1315","2011","Hue Jackson","16","8","8","0",".500","0","0","0","","Al Saunders","Chuck Bresnahan","LV"
"1316","2010","Tom Cable","16","8","8","0",".500","0","0","0","","Hue Jackson","John Marshall","LV"
"1317","2009","Tom Cable","16","5","11","0",".313","0","0","0","","","John Marshall","LV"
"1318","2008","Tom Cable","12","4","8","0",".333","0","0","0","","Greg Knapp","Rob Ryan","LV"
"1319","2008","Lane Kiffin","4","1","3","0",".250","0","0","0","","Greg Knapp","Rob Ryan","LV"
"1320","2007","Lane Kiffin","16","4","12","0",".250","0","0","0","","Greg Knapp","Rob Ryan","LV"
"1321","2006","Art Shell","16","2","14","0",".125","0","0","0","","John Shoop, Tom Walsh","Rob Ryan","LV"
"1322","2005","Norv Turner","16","4","12","0",".250","0","0","0","","Jimmy Raye","Rob Ryan","LV"
"1323","2004","Norv Turner","16","5","11","0",".313","0","0","0","","Jimmy Raye","Rob Ryan","LV"
"1324","2003","Bill Callahan","16","4","12","0",".250","0","0","0","","Marc Trestman","Chuck Bresnahan","LV"
"1325","2002","Bill Callahan","16","11","5","0",".688","3","2","1","Lost SB","Marc Trestman","Chuck Bresnahan","LV"
"1326","2001","Jon Gruden","16","10","6","0",".625","2","1","1","Lost Div","Bill Callahan","Chuck Bresnahan","LV"
"1327","2000","Jon Gruden","16","12","4","0",".750","2","1","1","Lost Conf","Bill Callahan","Chuck Bresnahan","LV"
"1328","1999","Jon Gruden","16","8","8","0",".500","0","0","0","","Bill Callahan","Willie Shaw","LV"
"1329","1998","Jon Gruden","16","8","8","0",".500","0","0","0","","Bill Callahan","Willie Shaw","LV"
"1330","1997","Joe Bugel","16","4","12","0",".250","0","0","0","","Ray Perkins","Fred Whittingham","LV"
"1331","1996","Mike White","16","7","9","0",".438","0","0","0","","Joe Bugel","Fred Whittingham","LV"
"1332","1995","Mike White","16","8","8","0",".500","0","0","0","","Joe Bugel","John Fox","LV"
"1333","1994","Art Shell","16","9","7","0",".563","0","0","0","","Tom Walsh","John Fox","LV"
"1334","1993","Art Shell","16","10","6","0",".625","2","1","1","Lost Div","Tom Walsh","Gunther Cunningham","LV"
"1335","1992","Art Shell","16","7","9","0",".438","0","0","0","","Terry Robiskie, Tom Walsh","Gunther Cunningham","LV"
"1336","1991","Art Shell","16","9","7","0",".563","1","0","1","Lost WC","Terry Robiskie","Dave Adolph","LV"
"1337","1990","Art Shell","16","12","4","0",".750","2","1","1","Lost Conf","Terry Robiskie","Dave Adolph","LV"
"1338","1989","Art Shell","12","7","5","0",".583","0","0","0","","Terry Robiskie, Tom Walsh","Dave Adolph","LV"
"1339","1989","Mike Shanahan","4","1","3","0",".250","0","0","0","","Terry Robiskie, Tom Walsh","Dave Adolph","LV"
"1340","1988","Mike Shanahan","16","7","9","0",".438","0","0","0","","","Charlie Sumner","LV"
"1341","1987","Tom Flores","15","5","10","0",".333","0","0","0","","","Charlie Sumner","LV"
"1342","1986","Tom Flores","16","8","8","0",".500","0","0","0","","","","LV"
"1343","1985","Tom Flores","16","12","4","0",".750","1","0","1","Lost Div","","","LV"
"1344","1984","Tom Flores","16","11","5","0",".688","1","0","1","Lost WC","","","LV"
"1345","1983","Tom Flores","16","12","4","0",".750","3","3","0","Won SB","","Charlie Sumner","LV"
"1346","1982","Tom Flores","9","8","1","0",".889","2","1","1","Lost Div","","Charlie Sumner","LV"
"1347","1981","Tom Flores","16","7","9","0",".438","0","0","0","","","Charlie Sumner","LV"
"1348","1980","Tom Flores","16","11","5","0",".688","4","4","0","Won SB","","Charlie Sumner","LV"
"1349","1979","Tom Flores","16","9","7","0",".563","0","0","0","","","Charlie Sumner","LV"
"1350","1978","John Madden","16","9","7","0",".563","0","0","0","","","","LV"
"1351","1977","John Madden","14","11","3","0",".786","2","1","1","Lost Conf","","","LV"
"1352","1976","John Madden","14","13","1","0",".929","3","3","0","Won SB","","","LV"
"1353","1975","John Madden","14","11","3","0",".786","2","1","1","Lost Conf","","","LV"
"1354","1974","John Madden","14","12","2","0",".857","2","1","1","Lost Conf","","","LV"
"1355","1973","John Madden","14","9","4","1",".679","2","1","1","Lost Conf","","","LV"
"1356","1972","John Madden","14","10","3","1",".750","1","0","1","Lost Div","","","LV"
"1357","1971","John Madden","14","8","4","2",".667","0","0","0","","","","LV"
"1358","1970","John Madden","14","8","4","2",".667","2","1","1","Lost Conf","","","LV"
"1359","1969","John Madden","14","12","1","1",".923","2","1","1","Lost Conf","","","LV"
"1360","1968","John Rauch","14","12","2","0",".857","2","1","1","Lost Conf","","","LV"
"1361","1967","John Rauch","14","13","1","0",".929","2","1","1","Lost SB","","","LV"
"1362","1966","John Rauch","14","8","5","1",".615","0","0","0","","","","LV"
"1363","1965","Al Davis","14","8","5","1",".615","0","0","0","","","","LV"
"1364","1964","Al Davis","14","5","7","2",".417","0","0","0","","","","LV"
"1365","1963","Al Davis","14","10","4","0",".714","0","0","0","","","","LV"
"1366","1962","Bill Conkright","9","1","8","0",".111","0","0","0","","","","LV"
"1367","1962","Marty Feldman","5","0","5","0",".000","0","0","0","","","","LV"
"1368","1961","Marty Feldman","12","2","10","0",".167","0","0","0","","","","LV"
"1369","1961","Eddie Erdelatz","2","0","2","0",".000","0","0","0","","","","LV"
"1370","1960","Eddie Erdelatz","14","6","8","0",".429","0","0","0","","","","LV"
"1371","2025","Mike McDaniel","17","7","10","0",".412","","","","","Frank Smith","Anthony Weaver","MIA"
"1372","2024","Mike McDaniel","17","8","9","0",".471","","","","","Frank Smith","Anthony Weaver","MIA"
"1373","2023","Mike McDaniel","17","11","6","0",".647","1","0","1","Lost WC","Frank Smith","Vic Fangio","MIA"
"1374","2022","Mike McDaniel","17","9","8","0",".529","1","0","1","Lost WC","Frank Smith","Josh Boyer","MIA"
"1375","2021","Brian Flores","17","9","8","0",".529","","","","","George Godsey, Eric Studesville","Josh Boyer","MIA"
"1376","2020","Brian Flores","16","10","6","0",".625","","","","","Chan Gailey","Josh Boyer","MIA"
"1377","2019","Brian Flores","16","5","11","0",".313","","","","","Chad O'Shea","Patrick Graham","MIA"
"1378","2018","Adam Gase","16","7","9","0",".438","","","","","Dowell Loggains","Matt Burke","MIA"
"1379","2017","Adam Gase","16","6","10","0",".375","","","","","Clyde Christensen","Matt Burke","MIA"
"1380","2016","Adam Gase","16","10","6","0",".625","1","0","1","Lost WC","Clyde Christensen","Vance Joseph","MIA"
"1381","2015","Dan Campbell","12","5","7","0",".417","","","","","Bill Lazor, Zac Taylor","Lou Anarumo, Kevin Coyle","MIA"
"1382","2015","Joe Philbin","4","1","3","0",".250","0","0","0","","Bill Lazor, Zac Taylor","Lou Anarumo, Kevin Coyle","MIA"
"1383","2014","Joe Philbin","16","8","8","0",".500","0","0","0","","Bill Lazor","Kevin Coyle","MIA"
"1384","2013","Joe Philbin","16","8","8","0",".500","0","0","0","","Mike Sherman","Kevin Coyle","MIA"
"1385","2012","Joe Philbin","16","7","9","0",".438","0","0","0","","Mike Sherman","Kevin Coyle","MIA"
"1386","2011","Todd Bowles","3","2","1","0",".667","0","0","0","","Brian Daboll","Mike Nolan","MIA"
"1387","2011","Tony Sparano","13","4","9","0",".308","0","0","0","","Brian Daboll","Mike Nolan","MIA"
"1388","2010","Tony Sparano","16","7","9","0",".438","0","0","0","","Dan Henning","Mike Nolan","MIA"
"1389","2009","Tony Sparano","16","7","9","0",".438","0","0","0","","Dan Henning","Paul Pasqualoni","MIA"
"1390","2008","Tony Sparano","16","11","5","0",".688","1","0","1","Lost WC","Dan Henning","Paul Pasqualoni","MIA"
"1391","2007","Cam Cameron","16","1","15","0",".063","0","0","0","","","Dom Capers","MIA"
"1392","2006","Nick Saban","16","6","10","0",".375","0","0","0","","Mike Mularkey","Dom Capers","MIA"
"1393","2005","Nick Saban","16","9","7","0",".563","0","0","0","","Scott Linehan","Richard Smith","MIA"
"1394","2004","Jim Bates","7","3","4","0",".429","0","0","0","","Chris Foerster","","MIA"
"1395","2004","Dave Wannstedt","9","1","8","0",".111","0","0","0","","Chris Foerster","Jim Bates","MIA"
"1396","2003","Dave Wannstedt","16","10","6","0",".625","0","0","0","","Norv Turner","Jim Bates","MIA"
"1397","2002","Dave Wannstedt","16","9","7","0",".563","0","0","0","","Norv Turner","Jim Bates","MIA"
"1398","2001","Dave Wannstedt","16","11","5","0",".688","1","0","1","Lost WC","Chan Gailey","Jim Bates","MIA"
"1399","2000","Dave Wannstedt","16","11","5","0",".688","2","1","1","Lost Div","Chan Gailey","Jim Bates","MIA"
"1400","1999","Jimmy Johnson","16","9","7","0",".563","2","1","1","Lost Div","Kippy Brown","George Hill, Dave Wannstedt","MIA"
"1401","1998","Jimmy Johnson","16","10","6","0",".625","2","1","1","Lost Div","Kippy Brown","George Hill","MIA"
"1402","1997","Jimmy Johnson","16","9","7","0",".563","1","0","1","Lost WC","Gary Stevens","George Hill","MIA"
"1403","1996","Jimmy Johnson","16","8","8","0",".500","0","0","0","","Gary Stevens","George Hill","MIA"
"1404","1995","Don Shula","16","9","7","0",".563","1","0","1","Lost WC","Gary Stevens","Tom Olivadotti","MIA"
"1405","1994","Don Shula","16","10","6","0",".625","2","1","1","Lost Div","Gary Stevens","Tom Olivadotti","MIA"
"1406","1993","Don Shula","16","9","7","0",".563","0","0","0","","Gary Stevens","Tom Olivadotti","MIA"
"1407","1992","Don Shula","16","11","5","0",".688","2","1","1","Lost Conf","Gary Stevens","Tom Olivadotti","MIA"
"1408","1991","Don Shula","16","8","8","0",".500","0","0","0","","Gary Stevens","Tom Olivadotti","MIA"
"1409","1990","Don Shula","16","12","4","0",".750","2","1","1","Lost Div","Gary Stevens","Tom Olivadotti","MIA"
"1410","1989","Don Shula","16","8","8","0",".500","0","0","0","","Gary Stevens","Tom Olivadotti","MIA"
"1411","1988","Don Shula","16","6","10","0",".375","0","0","0","","","Tom Olivadotti","MIA"
"1412","1987","Don Shula","15","8","7","0",".533","0","0","0","","","Tom Olivadotti","MIA"
"1413","1986","Don Shula","16","8","8","0",".500","0","0","0","","","Chuck Studley","MIA"
"1414","1985","Don Shula","16","12","4","0",".750","2","1","1","Lost Conf","","Chuck Studley","MIA"
"1415","1984","Don Shula","16","14","2","0",".875","3","2","1","Lost SB","","Chuck Studley","MIA"
"1416","1983","Don Shula","16","12","4","0",".750","1","0","1","Lost Div","","Bill Arnsparger","MIA"
"1417","1982","Don Shula","9","7","2","0",".778","4","3","1","Lost SB","","Bill Arnsparger","MIA"
"1418","1981","Don Shula","16","11","4","1",".719","1","0","1","Lost Div","","Bill Arnsparger","MIA"
"1419","1980","Don Shula","16","8","8","0",".500","0","0","0","","","Bill Arnsparger","MIA"
"1420","1979","Don Shula","16","10","6","0",".625","1","0","1","Lost Div","","Bill Arnsparger","MIA"
"1421","1978","Don Shula","16","11","5","0",".688","1","0","1","Lost WC","Howard Schnellenberger","Bill Arnsparger","MIA"
"1422","1977","Don Shula","14","10","4","0",".714","0","0","0","","Howard Schnellenberger","Bill Arnsparger","MIA"
"1423","1976","Don Shula","14","6","8","0",".429","0","0","0","","Howard Schnellenberger","Bill Arnsparger","MIA"
"1424","1975","Don Shula","14","10","4","0",".714","0","0","0","","Howard Schnellenberger","","MIA"
"1425","1974","Don Shula","14","11","3","0",".786","1","0","1","Lost Div","Monte Clark","Vince Costello","MIA"
"1426","1973","Don Shula","14","12","2","0",".857","3","3","0","Won SB","Bill McPeak","Bill Arnsparger","MIA"
"1427","1972","Don Shula","14","14","0","0","1.000","3","3","0","Won SB","Howard Schnellenberger","Bill Arnsparger","MIA"
"1428","1971","Don Shula","14","10","3","1",".769","3","2","1","Lost SB","Howard Schnellenberger","Bill Arnsparger","MIA"
"1429","1970","Don Shula","14","10","4","0",".714","1","0","1","Lost Div","Howard Schnellenberger","Bill Arnsparger","MIA"
"1430","1969","George Wilson","14","3","10","1",".231","0","0","0","","","","MIA"
"1431","1968","George Wilson","14","5","8","1",".385","0","0","0","","","","MIA"
"1432","1967","George Wilson","14","4","10","0",".286","0","0","0","","","","MIA"
"1433","1966","George Wilson","14","3","11","0",".214","0","0","0","","","","MIA"
"1434","2025","Kevin O'Connell","17","9","8","0",".529","","","","","Wes Phillips","Brian Flores","MIN"
"1435","2024","Kevin O'Connell","17","14","3","0",".824","1","0","1","Lost WC","Wes Phillips","Brian Flores","MIN"
"1436","2023","Kevin O'Connell","17","7","10","0",".412","","","","","Wes Phillips","Brian Flores","MIN"
"1437","2022","Kevin O'Connell","17","13","4","0",".765","1","0","1","Lost WC","Wes Phillips","Ed Donatell","MIN"
"1438","2021","Mike Zimmer","17","8","9","0",".471","","","","","Klint Kubiak","Andre Patterson, Adam Zimmer","MIN"
"1439","2020","Mike Zimmer","16","7","9","0",".438","","","","","Gary Kubiak","Andre Patterson, Adam Zimmer","MIN"
"1440","2019","Mike Zimmer","16","10","6","0",".625","2","1","1","Lost Div","Kevin Stefanski","George Edwards","MIN"
"1441","2018","Mike Zimmer","16","8","7","1",".531","","","","","John DeFilippo","George Edwards","MIN"
"1442","2017","Mike Zimmer","16","13","3","0",".813","2","1","1","Lost Conf","Pat Shurmur","George Edwards","MIN"
"1443","2016","Mike Zimmer","16","8","8","0",".500","","","","","Pat Shurmur, Norv Turner","George Edwards","MIN"
"1444","2015","Mike Zimmer","16","11","5","0",".688","1","0","1","Lost WC","Norv Turner","George Edwards","MIN"
"1445","2014","Mike Zimmer","16","7","9","0",".438","0","0","0","","Norv Turner","George Edwards","MIN"
"1446","2013","Leslie Frazier","16","5","10","1",".344","0","0","0","","Bill Musgrave","Alan Williams","MIN"
"1447","2012","Leslie Frazier","16","10","6","0",".625","1","0","1","Lost WC","Bill Musgrave","Alan Williams","MIN"
"1448","2011","Leslie Frazier","16","3","13","0",".188","0","0","0","","Bill Musgrave","Fred Pagac","MIN"
"1449","2010","Leslie Frazier","6","3","3","0",".500","0","0","0","","Darrell Bevell","Fred Pagac","MIN"
"1450","2010","Brad Childress","10","3","7","0",".300","0","0","0","","Darrell Bevell","Leslie Frazier, Fred Pagac","MIN"
"1451","2009","Brad Childress","16","12","4","0",".750","2","1","1","Lost Conf","Darrell Bevell","Leslie Frazier","MIN"
"1452","2008","Brad Childress","16","10","6","0",".625","1","0","1","Lost WC","Darrell Bevell","Leslie Frazier","MIN"
"1453","2007","Brad Childress","16","8","8","0",".500","0","0","0","","Darrell Bevell","Leslie Frazier","MIN"
"1454","2006","Brad Childress","16","6","10","0",".375","0","0","0","","Darrell Bevell","Mike Tomlin","MIN"
"1455","2005","Mike Tice","16","9","7","0",".563","0","0","0","","Steve Loney","Ted Cottrell","MIN"
"1456","2004","Mike Tice","16","8","8","0",".500","2","1","1","Lost Div","Scott Linehan","Ted Cottrell","MIN"
"1457","2003","Mike Tice","16","9","7","0",".563","0","0","0","","Scott Linehan","George O'Leary","MIN"
"1458","2002","Mike Tice","16","6","10","0",".375","0","0","0","","Scott Linehan","Willie Shaw","MIN"
"1459","2001","Mike Tice","1","0","1","0",".000","0","0","0","","Sherman Lewis","Emmitt Thomas","MIN"
"1460","2001","Dennis Green","15","5","10","0",".333","0","0","0","","Sherman Lewis","Emmitt Thomas","MIN"
"1461","2000","Dennis Green","16","11","5","0",".688","2","1","1","Lost Conf","Sherman Lewis","Emmitt Thomas","MIN"
"1462","1999","Dennis Green","16","10","6","0",".625","2","1","1","Lost Div","Ray Sherman","Foge Fazio","MIN"
"1463","1998","Dennis Green","16","15","1","0",".938","2","1","1","Lost Conf","Brian Billick","Foge Fazio","MIN"
"1464","1997","Dennis Green","16","9","7","0",".563","2","1","1","Lost Div","Brian Billick","Foge Fazio","MIN"
"1465","1996","Dennis Green","16","9","7","0",".563","1","0","1","Lost WC","Brian Billick","Foge Fazio","MIN"
"1466","1995","Dennis Green","16","8","8","0",".500","0","0","0","","Brian Billick","Tony Dungy","MIN"
"1467","1994","Dennis Green","16","10","6","0",".625","1","0","1","Lost WC","Brian Billick","Tony Dungy","MIN"
"1468","1993","Dennis Green","16","9","7","0",".563","1","0","1","Lost WC","Brian Billick, Jack Burns","Tony Dungy","MIN"
"1469","1992","Dennis Green","16","11","5","0",".688","1","0","1","Lost WC","Jack Burns","Tony Dungy","MIN"
"1470","1991","Jerry Burns","16","8","8","0",".500","0","0","0","","Tom Moore","Monte Kiffin","MIN"
"1471","1990","Jerry Burns","16","6","10","0",".375","0","0","0","","Bob Schnelker","Floyd Peters","MIN"
"1472","1989","Jerry Burns","16","10","6","0",".625","1","0","1","Lost Div","Bob Schnelker","Floyd Peters","MIN"
"1473","1988","Jerry Burns","16","11","5","0",".688","2","1","1","Lost Div","Bob Schnelker","Floyd Peters","MIN"
"1474","1987","Jerry Burns","15","8","7","0",".533","3","2","1","Lost Conf","Bob Schnelker","Floyd Peters","MIN"
"1475","1986","Jerry Burns","16","9","7","0",".563","0","0","0","","Bob Schnelker","Floyd Peters","MIN"
"1476","1985","Bud Grant","16","7","9","0",".438","0","0","0","","Jerry Burns","Bob Hollway","MIN"
"1477","1984","Les Steckel","16","3","13","0",".188","0","0","0","","Jerry Burns","Floyd Reese","MIN"
"1478","1983","Bud Grant","16","8","8","0",".500","0","0","0","","Jerry Burns","Bob Hollway","MIN"
"1479","1982","Bud Grant","9","5","4","0",".556","2","1","1","Lost Div","Jerry Burns","Bob Hollway","MIN"
"1480","1981","Bud Grant","16","7","9","0",".438","0","0","0","","Jerry Burns","Bob Hollway","MIN"
"1481","1980","Bud Grant","16","9","7","0",".563","1","0","1","Lost Div","Jerry Burns","Bob Hollway","MIN"
"1482","1979","Bud Grant","16","7","9","0",".438","0","0","0","","Jerry Burns","Bob Hollway","MIN"
"1483","1978","Bud Grant","16","8","7","1",".531","1","0","1","Lost Div","Jerry Burns","Bob Hollway","MIN"
"1484","1977","Bud Grant","14","9","5","0",".643","2","1","1","Lost Conf","Jerry Burns","Neill Armstrong","MIN"
"1485","1976","Bud Grant","14","11","2","1",".821","3","2","1","Lost SB","Jerry Burns","Neill Armstrong","MIN"
"1486","1975","Bud Grant","14","12","2","0",".857","1","0","1","Lost Div","Jerry Burns","Neill Armstrong","MIN"
"1487","1974","Bud Grant","14","10","4","0",".714","3","2","1","Lost SB","Jerry Burns","Neill Armstrong","MIN"
"1488","1973","Bud Grant","14","12","2","0",".857","3","2","1","Lost SB","Jerry Burns","Neill Armstrong","MIN"
"1489","1972","Bud Grant","14","7","7","0",".500","0","0","0","","Jerry Burns","Neill Armstrong","MIN"
"1490","1971","Bud Grant","14","11","3","0",".786","1","0","1","Lost Div","Jerry Burns","Neill Armstrong","MIN"
"1491","1970","Bud Grant","14","12","2","0",".857","1","0","1","Lost Div","Jerry Burns","Bob Hollway","MIN"
"1492","1969","Bud Grant","14","12","2","0",".857","3","2","1","Lost SB","Jerry Burns","Bob Hollway","MIN"
"1493","1968","Bud Grant","14","8","6","0",".571","1","0","1","Lost Div","Jerry Burns","","MIN"
"1494","1967","Bud Grant","14","3","8","3",".273","0","0","0","","","","MIN"
"1495","1966","Norm Van Brocklin","14","4","9","1",".308","0","0","0","","","","MIN"
"1496","1965","Norm Van Brocklin","14","7","7","0",".500","0","0","0","","","","MIN"
"1497","1964","Norm Van Brocklin","14","8","5","1",".615","0","0","0","","","","MIN"
"1498","1963","Norm Van Brocklin","14","5","8","1",".385","0","0","0","","","","MIN"
"1499","1962","Norm Van Brocklin","14","2","11","1",".154","0","0","0","","","","MIN"
"1500","1961","Norm Van Brocklin","14","3","11","0",".214","0","0","0","","","","MIN"
"1501","2025","Mike Vrabel","17","14","3","0",".824","2","2","0","","Josh McDaniels","Terrell Williams","NE"
"1502","2024","Jerod Mayo","17","4","13","0",".235","","","","","Alex Van Pelt","DeMarcus Covington","NE"
"1503","2023","Bill Belichick","17","4","13","0",".235","","","","","Bill O'Brien","","NE"
"1504","2022","Bill Belichick","17","8","9","0",".471","","","","","","","NE"
"1505","2021","Bill Belichick","17","10","7","0",".588","1","0","1","Lost WC","Josh McDaniels","","NE"
"1506","2020","Bill Belichick","16","7","9","0",".438","","","","","Josh McDaniels","","NE"
"1507","2019","Bill Belichick","16","12","4","0",".750","1","0","1","Lost WC","Josh McDaniels","","NE"
"1508","2018","Bill Belichick","16","11","5","0",".688","3","3","0","Won SB","Josh McDaniels","","NE"
"1509","2017","Bill Belichick","16","13","3","0",".813","3","2","1","Lost SB","Josh McDaniels","Matt Patricia","NE"
"1510","2016","Bill Belichick","16","14","2","0",".875","3","3","0","Won SB","Josh McDaniels","Matt Patricia","NE"
"1511","2015","Bill Belichick","16","12","4","0",".750","2","1","1","Lost Conf","Josh McDaniels","Matt Patricia","NE"
"1512","2014","Bill Belichick","16","12","4","0",".750","3","3","0","Won SB","Josh McDaniels","Matt Patricia","NE"
"1513","2013","Bill Belichick","16","12","4","0",".750","2","1","1","Lost Conf","Josh McDaniels","Matt Patricia","NE"
"1514","2012","Bill Belichick","16","12","4","0",".750","2","1","1","Lost Conf","Josh McDaniels","Matt Patricia","NE"
"1515","2011","Bill Belichick","16","13","3","0",".813","3","2","1","Lost SB","Bill O'Brien","","NE"
"1516","2010","Bill Belichick","16","14","2","0",".875","1","0","1","Lost Div","","","NE"
"1517","2009","Bill Belichick","16","10","6","0",".625","1","0","1","Lost WC","","Dean Pees","NE"
"1518","2008","Bill Belichick","16","11","5","0",".688","0","0","0","","Josh McDaniels","Dean Pees","NE"
"1519","2007","Bill Belichick","16","16","0","0","1.000","3","2","1","Lost SB","Josh McDaniels","Dean Pees","NE"
"1520","2006","Bill Belichick","16","12","4","0",".750","3","2","1","Lost Conf","Josh McDaniels","Dean Pees","NE"
"1521","2005","Bill Belichick","16","10","6","0",".625","2","1","1","Lost Div","","Eric Mangini","NE"
"1522","2004","Bill Belichick","16","14","2","0",".875","3","3","0","Won SB","Charlie Weis","Romeo Crennel","NE"
"1523","2003","Bill Belichick","16","14","2","0",".875","3","3","0","Won SB","Charlie Weis","Romeo Crennel","NE"
"1524","2002","Bill Belichick","16","9","7","0",".563","0","0","0","","Charlie Weis","Romeo Crennel","NE"
"1525","2001","Bill Belichick","16","11","5","0",".688","3","3","0","Won SB","Charlie Weis","Romeo Crennel","NE"
"1526","2000","Bill Belichick","16","5","11","0",".313","0","0","0","","Charlie Weis","","NE"
"1527","1999","Pete Carroll","16","8","8","0",".500","0","0","0","","Ernie Zampese","Steve Sidwell","NE"
"1528","1998","Pete Carroll","16","9","7","0",".563","1","0","1","Lost WC","Ernie Zampese","Steve Sidwell","NE"
"1529","1997","Pete Carroll","16","10","6","0",".625","2","1","1","Lost Div","Larry Kennan","Steve Sidwell","NE"
"1530","1996","Bill Parcells","16","11","5","0",".688","3","2","1","Lost SB","Ray Perkins","Al Groh","NE"
"1531","1995","Bill Parcells","16","6","10","0",".375","0","0","0","","Ray Perkins","Al Groh","NE"
"1532","1994","Bill Parcells","16","10","6","0",".625","1","0","1","Lost WC","Ray Perkins","Al Groh","NE"
"1533","1993","Bill Parcells","16","5","11","0",".313","0","0","0","","Ray Perkins","Al Groh","NE"
"1534","1992","Dick MacPherson","16","2","14","0",".125","0","0","0","","Dick Coury","Joe Collier","NE"
"1535","1991","Dick MacPherson","16","6","10","0",".375","0","0","0","","Dick Coury","Joe Collier","NE"
"1536","1990","Rod Rust","16","1","15","0",".063","0","0","0","","Jimmy Raye","Charlie Sumner","NE"
"1537","1989","Raymond Berry","16","5","11","0",".313","0","0","0","","","","NE"
"1538","1988","Raymond Berry","16","9","7","0",".563","0","0","0","","","","NE"
"1539","1987","Raymond Berry","15","8","7","0",".533","0","0","0","","","Rod Rust","NE"
"1540","1986","Raymond Berry","16","11","5","0",".688","1","0","1","Lost Div","","Rod Rust","NE"
"1541","1985","Raymond Berry","16","11","5","0",".688","4","3","1","Lost SB","","Rod Rust","NE"
"1542","1984","Raymond Berry","8","4","4","0",".500","0","0","0","","Lew Erber","Rod Rust","NE"
"1543","1984","Ron Meyer","8","5","3","0",".625","0","0","0","","Lew Erber","Rod Rust","NE"
"1544","1983","Ron Meyer","16","8","8","0",".500","0","0","0","","Lew Erber","Rod Rust","NE"
"1545","1982","Ron Meyer","9","5","4","0",".556","1","0","1","Lost WC","Lew Erber","Jim Mora","NE"
"1546","1981","Ron Erhardt","16","2","14","0",".125","0","0","0","","Jim Ringo","Fritz Shurmur","NE"
"1547","1980","Ron Erhardt","16","10","6","0",".625","0","0","0","","Jim Ringo","Fritz Shurmur","NE"
"1548","1979","Ron Erhardt","16","9","7","0",".563","0","0","0","","Jim Ringo","Hank Bullough","NE"
"1549","1978","Chuck Fairbanks","15","11","4","0",".733","1","0","1","Lost Div","Ron Erhardt","Hank Bullough","NE"
"1550","1978","Ron Erhardt","1","0","1","0",".000","0","0","0","Lost Div","","Hank Bullough","NE"
"1551","1978","Hank Bullough","1","0","1","0",".000","0","0","0","Lost Div","Ron Erhardt","","NE"
"1552","1977","Chuck Fairbanks","14","9","5","0",".643","0","0","0","","Ron Erhardt","","NE"
"1553","1976","Chuck Fairbanks","14","11","3","0",".786","1","0","1","Lost Div","","","NE"
"1554","1975","Chuck Fairbanks","14","3","11","0",".214","0","0","0","","","","NE"
"1555","1974","Chuck Fairbanks","14","7","7","0",".500","0","0","0","","","","NE"
"1556","1973","Chuck Fairbanks","14","5","9","0",".357","0","0","0","","","","NE"
"1557","1972","Phil Bengtson","5","1","4","0",".200","0","0","0","","","Dick Evans","NE"
"1558","1972","John Mazur","9","2","7","0",".222","0","0","0","","","Dick Evans","NE"
"1559","1971","John Mazur","14","6","8","0",".429","0","0","0","","","Dick Evans","NE"
"1560","1970","John Mazur","7","1","6","0",".143","0","0","0","","","Bill Elias","NE"
"1561","1970","Clive Rush","7","1","6","0",".143","0","0","0","","John Mazur","Bill Elias","NE"
"1562","1969","Clive Rush","14","4","10","0",".286","0","0","0","","John Mazur","","NE"
"1563","1968","Mike Holovak","14","4","10","0",".286","0","0","0","","","","NE"
"1564","1967","Mike Holovak","14","3","10","1",".231","0","0","0","","","","NE"
"1565","1966","Mike Holovak","14","8","4","2",".667","0","0","0","","","","NE"
"1566","1965","Mike Holovak","14","4","8","2",".333","0","0","0","","","","NE"
"1567","1964","Mike Holovak","14","10","3","1",".769","0","0","0","","","","NE"
"1568","1963","Mike Holovak","14","7","6","1",".538","2","1","1","Lost Champ","","","NE"
"1569","1962","Mike Holovak","14","9","4","1",".692","0","0","0","","","","NE"
"1570","1961","Mike Holovak","9","7","1","1",".875","0","0","0","","","","NE"
"1571","1961","Lou Saban","5","2","3","0",".400","0","0","0","","","","NE"
"1572","1960","Lou Saban","14","5","9","0",".357","0","0","0","","","","NE"
"1573","2025","Kellen Moore","17","6","11","0",".353","","","","","Doug Nussmeier","Brandon Staley","NO"
"1574","2024","Darren Rizzi","8","3","5","0",".375","","","","","Klint Kubiak","Joe Woods","NO"
"1575","2024","Dennis Allen","9","2","7","0",".222","","","","","Klint Kubiak","Joe Woods","NO"
"1576","2023","Dennis Allen","17","9","8","0",".529","","","","","Pete Carmichael","Joe Woods","NO"
"1577","2022","Dennis Allen","17","7","10","0",".412","","","","","Pete Carmichael","Ryan Nielsen, Kris Richard","NO"
"1578","2021","Sean Payton","17","9","8","0",".529","","","","","Pete Carmichael","Dennis Allen","NO"
"1579","2020","Sean Payton","16","12","4","0",".750","2","1","1","Lost Div","Pete Carmichael","Dennis Allen","NO"
"1580","2019","Sean Payton","16","13","3","0",".813","1","0","1","Lost WC","Pete Carmichael","Dennis Allen","NO"
"1581","2018","Sean Payton","16","13","3","0",".813","2","1","1","Lost Conf","Pete Carmichael","Dennis Allen","NO"
"1582","2017","Sean Payton","16","11","5","0",".688","2","1","1","Lost Div","Pete Carmichael","Dennis Allen","NO"
"1583","2016","Sean Payton","16","7","9","0",".438","","","","","Pete Carmichael","Dennis Allen","NO"
"1584","2015","Sean Payton","16","7","9","0",".438","","","","","Pete Carmichael","Dennis Allen, Rob Ryan","NO"
"1585","2014","Sean Payton","16","7","9","0",".438","0","0","0","","Pete Carmichael","Rob Ryan","NO"
"1586","2013","Sean Payton","16","11","5","0",".688","2","1","1","Lost Div","Pete Carmichael","Rob Ryan","NO"
"1587","2012","Joe Vitt","10","5","5","0",".500","0","0","0","","Pete Carmichael","Steve Spagnuolo","NO"
"1588","2012","Aaron Kromer","6","2","4","0",".333","0","0","0","","Pete Carmichael","Steve Spagnuolo","NO"
"1589","2011","Sean Payton","16","13","3","0",".813","2","1","1","Lost Div","Pete Carmichael","Gregg Williams","NO"
"1590","2010","Sean Payton","16","11","5","0",".688","1","0","1","Lost WC","Pete Carmichael","Gregg Williams","NO"
"1591","2009","Sean Payton","16","13","3","0",".813","3","3","0","Won SB","Pete Carmichael","Gregg Williams","NO"
"1592","2008","Sean Payton","16","8","8","0",".500","0","0","0","","Doug Marrone","Gary Gibbs","NO"
"1593","2007","Sean Payton","16","7","9","0",".438","0","0","0","","Doug Marrone","Gary Gibbs","NO"
"1594","2006","Sean Payton","16","10","6","0",".625","2","1","1","Lost Conf","Doug Marrone","Gary Gibbs","NO"
"1595","2005","Jim Haslett","16","3","13","0",".188","0","0","0","","Mike Sheppard","Rick Venturi","NO"
"1596","2004","Jim Haslett","16","8","8","0",".500","0","0","0","","Mike McCarthy","Rick Venturi","NO"
"1597","2003","Jim Haslett","16","8","8","0",".500","0","0","0","","Mike McCarthy","Rick Venturi","NO"
"1598","2002","Jim Haslett","16","9","7","0",".563","0","0","0","","Mike McCarthy","Rick Venturi","NO"
"1599","2001","Jim Haslett","16","7","9","0",".438","0","0","0","","Mike McCarthy","Ron Zook","NO"
"1600","2000","Jim Haslett","16","10","6","0",".625","2","1","1","Lost Div","Mike McCarthy","Ron Zook","NO"
"1601","1999","Mike Ditka","16","3","13","0",".188","0","0","0","","Danny Abramowicz","Zaven Yaralian","NO"
"1602","1998","Mike Ditka","16","6","10","0",".375","0","0","0","","Danny Abramowicz","Zaven Yaralian","NO"
"1603","1997","Mike Ditka","16","6","10","0",".375","0","0","0","","Danny Abramowicz","Zaven Yaralian","NO"
"1604","1996","Rick Venturi","8","1","7","0",".125","0","0","0","","Carl Smith","Jim Haslett","NO"
"1605","1996","Jim Mora","8","2","6","0",".250","0","0","0","","Carl Smith","Jim Haslett","NO"
"1606","1995","Jim Mora","16","7","9","0",".438","0","0","0","","Carl Smith","Monte Kiffin","NO"
"1607","1994","Jim Mora","16","7","9","0",".438","0","0","0","","Carl Smith","Steve Sidwell","NO"
"1608","1993","Jim Mora","16","8","8","0",".500","0","0","0","","Carl Smith","Steve Sidwell","NO"
"1609","1992","Jim Mora","16","12","4","0",".750","1","0","1","Lost WC","Carl Smith","Steve Sidwell","NO"
"1610","1991","Jim Mora","16","11","5","0",".688","1","0","1","Lost WC","Carl Smith","Steve Sidwell","NO"
"1611","1990","Jim Mora","16","8","8","0",".500","1","0","1","Lost WC","Carl Smith","Steve Sidwell","NO"
"1612","1989","Jim Mora","16","9","7","0",".563","0","0","0","","Carl Smith","Steve Sidwell","NO"
"1613","1988","Jim Mora","16","10","6","0",".625","0","0","0","","Carl Smith","Steve Sidwell","NO"
"1614","1987","Jim Mora","15","12","3","0",".800","1","0","1","Lost WC","Carl Smith","Steve Sidwell","NO"
"1615","1986","Jim Mora","16","7","9","0",".438","0","0","0","","Carl Smith","Steve Sidwell","NO"
"1616","1985","Wade Phillips","4","1","3","0",".250","0","0","0","","King Hill, John Levra","","NO"
"1617","1985","Bum Phillips","12","4","8","0",".333","0","0","0","","King Hill, John Levra","Wade Phillips","NO"
"1618","1984","Bum Phillips","16","7","9","0",".438","0","0","0","","King Hill","Wade Phillips","NO"
"1619","1983","Bum Phillips","16","8","8","0",".500","0","0","0","","King Hill","Wade Phillips","NO"
"1620","1982","Bum Phillips","9","4","5","0",".444","0","0","0","","King Hill","Wade Phillips","NO"
"1621","1981","Bum Phillips","16","4","12","0",".250","0","0","0","","King Hill","Wade Phillips","NO"
"1622","1980","Dick Stanfel","4","1","3","0",".250","0","0","0","","","Ed Beard","NO"
"1623","1980","Dick Nolan","12","0","12","0",".000","0","0","0","","Dick Stanfel","Ed Beard","NO"
"1624","1979","Dick Nolan","16","8","8","0",".500","0","0","0","","Ed Hughes","Paul Wiggin","NO"
"1625","1978","Dick Nolan","16","7","9","0",".438","0","0","0","","Ed Hughes","Paul Wiggin","NO"
"1626","1977","Hank Stram","14","3","11","0",".214","0","0","0","","","","NO"
"1627","1976","Hank Stram","14","4","10","0",".286","0","0","0","","","","NO"
"1628","1975","Ernie Hefferle","8","1","7","0",".125","0","0","0","","","","NO"
"1629","1975","John North","6","1","5","0",".167","0","0","0","","","","NO"
"1630","1974","John North","14","5","9","0",".357","0","0","0","","","","NO"
"1631","1973","John North","14","5","9","0",".357","0","0","0","","","Jim Champion","NO"
"1632","1972","J.D. Roberts","14","2","11","1",".179","0","0","0","","Ken Shipp","Jim Champion","NO"
"1633","1971","J.D. Roberts","14","4","8","2",".333","0","0","0","","Ken Shipp","Jim Champion","NO"
"1634","1970","J.D. Roberts","7","1","6","0",".143","0","0","0","","","","NO"
"1635","1970","Tom Fears","7","1","5","1",".167","0","0","0","","","","NO"
"1636","1969","Tom Fears","14","5","9","0",".357","0","0","0","","","Jack Faulkner","NO"
"1637","1968","Tom Fears","14","4","9","1",".308","0","0","0","","George Dickson","Jack Faulkner","NO"
"1638","1967","Tom Fears","14","3","11","0",".214","0","0","0","","George Dickson","Jack Faulkner","NO"
"1639","2025","Mike Kafka","7","2","5","0",".286","","","","","","Shane Bowen, Charlie Bullen","NYG"
"1640","2025","Brian Daboll","10","2","8","0",".200","","","","","Mike Kafka","Shane Bowen, Charlie Bullen","NYG"
"1641","2024","Brian Daboll","17","3","14","0",".176","","","","","Mike Kafka","Shane Bowen","NYG"
"1642","2023","Brian Daboll","17","6","11","0",".353","","","","","Mike Kafka","Don Martindale","NYG"
"1643","2022","Brian Daboll","17","9","7","1",".559","2","1","1","Lost Div","Mike Kafka","Don Martindale","NYG"
"1644","2021","Joe Judge","17","4","13","0",".235","","","","","Jason Garrett, Freddie Kitchens","Patrick Graham","NYG"
"1645","2020","Joe Judge","16","6","10","0",".375","","","","","Jason Garrett","Patrick Graham","NYG"
"1646","2019","Pat Shurmur","16","4","12","0",".250","","","","","Mike Shula","James Bettcher","NYG"
"1647","2018","Pat Shurmur","16","5","11","0",".313","","","","","Mike Shula","James Bettcher","NYG"
"1648","2017","Steve Spagnuolo","4","1","3","0",".250","","","","","Mike Sullivan","","NYG"
"1649","2017","Ben McAdoo","12","2","10","0",".167","","","","","Mike Sullivan","Steve Spagnuolo","NYG"
"1650","2016","Ben McAdoo","16","11","5","0",".688","1","0","1","Lost WC","Mike Sullivan","Steve Spagnuolo","NYG"
"1651","2015","Tom Coughlin","16","6","10","0",".375","","","","","Ben McAdoo","Steve Spagnuolo","NYG"
"1652","2014","Tom Coughlin","16","6","10","0",".375","0","0","0","","Ben McAdoo","Perry Fewell","NYG"
"1653","2013","Tom Coughlin","16","7","9","0",".438","0","0","0","","Kevin Gilbride","Perry Fewell","NYG"
"1654","2012","Tom Coughlin","16","9","7","0",".563","0","0","0","","Kevin Gilbride","Perry Fewell","NYG"
"1655","2011","Tom Coughlin","16","9","7","0",".563","4","4","0","Won SB","Kevin Gilbride","Perry Fewell","NYG"
"1656","2010","Tom Coughlin","16","10","6","0",".625","0","0","0","","Kevin Gilbride","Perry Fewell","NYG"
"1657","2009","Tom Coughlin","16","8","8","0",".500","0","0","0","","Kevin Gilbride","Bill Sheridan","NYG"
"1658","2008","Tom Coughlin","16","12","4","0",".750","1","0","1","Lost Div","Kevin Gilbride","Steve Spagnuolo","NYG"
"1659","2007","Tom Coughlin","16","10","6","0",".625","4","4","0","Won SB","Kevin Gilbride","Steve Spagnuolo","NYG"
"1660","2006","Tom Coughlin","16","8","8","0",".500","1","0","1","Lost WC","John Hufnagel","Tim Lewis","NYG"
"1661","2005","Tom Coughlin","16","11","5","0",".688","1","0","1","Lost WC","John Hufnagel","Tim Lewis","NYG"
"1662","2004","Tom Coughlin","16","6","10","0",".375","0","0","0","","John Hufnagel","Tim Lewis","NYG"
"1663","2003","Jim Fassel","16","4","12","0",".250","0","0","0","","","Johnny Lynn","NYG"
"1664","2002","Jim Fassel","16","10","6","0",".625","1","0","1","Lost WC","Sean Payton","Johnny Lynn","NYG"
"1665","2001","Jim Fassel","16","7","9","0",".438","0","0","0","","Sean Payton","John Fox","NYG"
"1666","2000","Jim Fassel","16","12","4","0",".750","3","2","1","Lost SB","Sean Payton","John Fox","NYG"
"1667","1999","Jim Fassel","16","7","9","0",".438","0","0","0","","Jim Skipper","John Fox","NYG"
"1668","1998","Jim Fassel","16","8","8","0",".500","0","0","0","","Jim Skipper","John Fox","NYG"
"1669","1997","Jim Fassel","16","10","5","1",".656","1","0","1","Lost WC","Jim Skipper","John Fox","NYG"
"1670","1996","Dan Reeves","16","6","10","0",".375","0","0","0","","George Henshaw","Mike Nolan","NYG"
"1671","1995","Dan Reeves","16","5","11","0",".313","0","0","0","","George Henshaw","Mike Nolan","NYG"
"1672","1994","Dan Reeves","16","9","7","0",".563","0","0","0","","George Henshaw","Mike Nolan","NYG"
"1673","1993","Dan Reeves","16","11","5","0",".688","2","1","1","Lost Div","George Henshaw","Mike Nolan","NYG"
"1674","1992","Ray Handley","16","6","10","0",".375","0","0","0","","Jim Fassel","Rod Rust","NYG"
"1675","1991","Ray Handley","16","8","8","0",".500","0","0","0","","","Al Groh","NYG"
"1676","1990","Bill Parcells","16","13","3","0",".813","3","3","0","Won SB","Ron Erhardt","Bill Belichick","NYG"
"1677","1989","Bill Parcells","16","12","4","0",".750","1","0","1","Lost Div","Ron Erhardt","Bill Belichick","NYG"
"1678","1988","Bill Parcells","16","10","6","0",".625","0","0","0","","Ron Erhardt","Bill Belichick","NYG"
"1679","1987","Bill Parcells","15","6","9","0",".400","0","0","0","","Ron Erhardt","Bill Belichick","NYG"
"1680","1986","Bill Parcells","16","14","2","0",".875","3","3","0","Won SB","Ron Erhardt","Bill Belichick","NYG"
"1681","1985","Bill Parcells","16","10","6","0",".625","2","1","1","Lost Div","Ron Erhardt","Bill Belichick","NYG"
"1682","1984","Bill Parcells","16","9","7","0",".563","2","1","1","Lost Div","Ron Erhardt","","NYG"
"1683","1983","Bill Parcells","16","3","12","1",".219","0","0","0","","Ron Erhardt","","NYG"
"1684","1982","Ray Perkins","9","4","5","0",".444","0","0","0","","Ron Erhardt","Bill Parcells","NYG"
"1685","1981","Ray Perkins","16","9","7","0",".563","2","1","1","Lost Div","","Bill Parcells","NYG"
"1686","1980","Ray Perkins","16","4","12","0",".250","0","0","0","","","Ralph Hawkins","NYG"
"1687","1979","Ray Perkins","16","6","10","0",".375","0","0","0","","","Ralph Hawkins","NYG"
"1688","1978","John McVay","16","6","10","0",".375","0","0","0","","Bob Gibson","Dick Modzelewski","NYG"
"1689","1977","John McVay","14","5","9","0",".357","0","0","0","","Bob Gibson","Marty Schottenheimer","NYG"
"1690","1976","John McVay","7","3","4","0",".429","0","0","0","","","","NYG"
"1691","1976","Bill Arnsparger","7","0","7","0",".000","0","0","0","","","","NYG"
"1692","1975","Bill Arnsparger","14","5","9","0",".357","0","0","0","","","","NYG"
"1693","1974","Bill Arnsparger","14","2","12","0",".143","0","0","0","","","","NYG"
"1694","1973","Alex Webster","14","2","11","1",".179","0","0","0","","Joe Walton","Jim Garrett","NYG"
"1695","1972","Alex Webster","14","8","6","0",".571","0","0","0","","Joe Walton","Jim Garrett","NYG"
"1696","1971","Alex Webster","14","4","10","0",".286","0","0","0","","Joe Walton","Norb Hecker","NYG"
"1697","1970","Alex Webster","14","9","5","0",".643","0","0","0","","Ken Kavanaugh","Norb Hecker","NYG"
"1698","1969","Alex Webster","14","6","8","0",".429","0","0","0","","Ken Kavanaugh","Norb Hecker","NYG"
"1699","1968","Allie Sherman","14","7","7","0",".500","0","0","0","","","Harland Svare","NYG"
"1700","1967","Allie Sherman","14","7","7","0",".500","0","0","0","","","Harland Svare","NYG"
"1701","1966","Allie Sherman","14","1","12","1",".077","0","0","0","","","Pop Ivy","NYG"
"1702","1965","Allie Sherman","14","7","7","0",".500","0","0","0","","","Pop Ivy","NYG"
"1703","1964","Allie Sherman","14","2","10","2",".167","0","0","0","","","Andy Robustelli","NYG"
"1704","1963","Allie Sherman","14","11","3","0",".786","1","0","1","Lost Champ","Kyle Rote","Andy Robustelli","NYG"
"1705","1962","Allie Sherman","14","12","2","0",".857","1","0","1","Lost Champ","Kyle Rote","Andy Robustelli","NYG"
"1706","1961","Allie Sherman","14","10","3","1",".769","1","0","1","Lost Champ","","Harland Svare","NYG"
"1707","1960","Jim Lee Howell","12","6","4","2",".600","0","0","0","","Allie Sherman","Harland Svare","NYG"
"1708","1959","Jim Lee Howell","12","10","2","0",".833","1","0","1","Lost Champ","Allie Sherman","Tom Landry","NYG"
"1709","1958","Jim Lee Howell","12","9","3","0",".750","2","1","1","Lost Champ","Vince Lombardi","Tom Landry","NYG"
"1710","1957","Jim Lee Howell","12","7","5","0",".583","0","0","0","","Vince Lombardi","Tom Landry","NYG"
"1711","1956","Jim Lee Howell","12","8","3","1",".727","1","1","0","Won Champ","Vince Lombardi","Tom Landry","NYG"
"1712","1955","Jim Lee Howell","12","6","5","1",".545","0","0","0","","Vince Lombardi","Tom Landry","NYG"
"1713","1954","Jim Lee Howell","12","7","5","0",".583","0","0","0","","Vince Lombardi","Tom Landry","NYG"
"1714","1953","Steve Owen","12","3","9","0",".250","0","0","0","","","","NYG"
"1715","1952","Steve Owen","12","7","5","0",".583","0","0","0","","","","NYG"
"1716","1951","Steve Owen","12","9","2","1",".818","0","0","0","","","","NYG"
"1717","1950","Steve Owen","12","10","2","0",".833","1","0","1","Lost Div","","","NYG"
"1718","1949","Steve Owen","12","6","6","0",".500","0","0","0","","","","NYG"
"1719","1948","Steve Owen","12","4","8","0",".333","0","0","0","","","","NYG"
"1720","1947","Steve Owen","12","2","8","2",".200","0","0","0","","","","NYG"
"1721","1946","Steve Owen","11","7","3","1",".700","1","0","1","Lost Champ","","","NYG"
"1722","1945","Steve Owen","10","3","6","1",".333","0","0","0","","","","NYG"
"1723","1944","Steve Owen","10","8","1","1",".889","1","0","1","Lost Champ","","","NYG"
"1724","1943","Steve Owen","10","6","3","1",".667","1","0","1","Lost Div","","","NYG"
"1725","1942","Steve Owen","11","5","5","1",".500","0","0","0","","","","NYG"
"1726","1941","Steve Owen","11","8","3","0",".727","1","0","1","Lost Champ","","","NYG"
"1727","1940","Steve Owen","11","6","4","1",".600","0","0","0","","","","NYG"
"1728","1939","Steve Owen","11","9","1","1",".900","1","0","1","Lost Champ","","","NYG"
"1729","1938","Steve Owen","11","8","2","1",".800","1","1","0","Won Champ","","","NYG"
"1730","1937","Steve Owen","11","6","3","2",".667","0","0","0","","","","NYG"
"1731","1936","Steve Owen","12","5","6","1",".455","0","0","0","","","","NYG"
"1732","1935","Steve Owen","12","9","3","0",".750","1","0","1","Lost Champ","","","NYG"
"1733","1934","Steve Owen","13","8","5","0",".615","1","1","0","Won Champ","","","NYG"
"1734","1933","Steve Owen","14","11","3","0",".786","1","0","1","Lost Champ","","","NYG"
"1735","1932","Steve Owen","12","4","6","2",".400","0","0","0","","","","NYG"
"1736","1931","Steve Owen","14","7","6","1",".538","0","0","0","","","","NYG"
"1737","1930","Benny Friedman","2","2","0","0","1.000","0","0","0","","","","NYG"
"1738","1930","Steve Owen","2","2","0","0","1.000","","","","","","","NYG"
"1739","1930","Roy Andrews","15","11","4","0",".733","0","0","0","","","","NYG"
"1740","1929","Roy Andrews","15","13","1","1",".929","0","0","0","","","","NYG"
"1741","1928","Earl Potteiger","13","4","7","2",".364","0","0","0","","","","NYG"
"1742","1927","Earl Potteiger","13","11","1","1",".917","0","0","0","Won Champ","","","NYG"
"1743","1926","Doc Alexander","13","8","4","1",".667","0","0","0","","","","NYG"
"1744","1925","Bob Folwell","12","8","4","0",".667","0","0","0","","","","NYG"
"1745","2025","Aaron Glenn","17","3","14","0",".176","","","","","Tanner Engstrand","Steve Wilks","NYJ"
"1746","2024","Jeff Ulbrich","12","3","9","0",".250","","","","","Nathaniel Hackett","","NYJ"
"1747","2024","Robert Saleh","5","2","3","0",".400","","","","","Nathaniel Hackett","Jeff Ulbrich","NYJ"
"1748","2023","Robert Saleh","17","7","10","0",".412","","","","","Nathaniel Hackett","Jeff Ulbrich","NYJ"
"1749","2022","Robert Saleh","17","7","10","0",".412","","","","","Mike LaFleur","Jeff Ulbrich","NYJ"
"1750","2021","Robert Saleh","17","4","13","0",".235","","","","","Mike LaFleur","Jeff Ulbrich","NYJ"
"1751","2020","Adam Gase","16","2","14","0",".125","","","","","Dowell Loggains","Frank Bush, Gregg Williams","NYJ"
"1752","2019","Adam Gase","16","7","9","0",".438","","","","","Dowell Loggains","Gregg Williams","NYJ"
"1753","2018","Todd Bowles","16","4","12","0",".250","","","","","Jeremy Bates","Kacy Rodgers","NYJ"
"1754","2017","Todd Bowles","16","5","11","0",".313","","","","","John Morton","Kacy Rodgers","NYJ"
"1755","2016","Todd Bowles","16","5","11","0",".313","","","","","Chan Gailey","Kacy Rodgers","NYJ"
"1756","2015","Todd Bowles","16","10","6","0",".625","","","","","Chan Gailey","Kacy Rodgers","NYJ"
"1757","2014","Rex Ryan","16","4","12","0",".250","0","0","0","","Marty Mornhinweg","Dennis Thurman","NYJ"
"1758","2013","Rex Ryan","16","8","8","0",".500","0","0","0","","Marty Mornhinweg","Dennis Thurman","NYJ"
"1759","2012","Rex Ryan","16","6","10","0",".375","0","0","0","","Tony Sparano","Mike Pettine","NYJ"
"1760","2011","Rex Ryan","16","8","8","0",".500","0","0","0","","Brian Schottenheimer","Mike Pettine","NYJ"
"1761","2010","Rex Ryan","16","11","5","0",".688","3","2","1","Lost Conf","Brian Schottenheimer","Mike Pettine","NYJ"
"1762","2009","Rex Ryan","16","9","7","0",".563","3","2","1","Lost Conf","Brian Schottenheimer","Mike Pettine","NYJ"
"1763","2008","Eric Mangini","16","9","7","0",".563","0","0","0","","Brian Schottenheimer","Bob Sutton","NYJ"
"1764","2007","Eric Mangini","16","4","12","0",".250","0","0","0","","Brian Schottenheimer","Bob Sutton","NYJ"
"1765","2006","Eric Mangini","16","10","6","0",".625","1","0","1","Lost WC","Brian Schottenheimer","Bob Sutton","NYJ"
"1766","2005","Herm Edwards","16","4","12","0",".250","0","0","0","","Mike Heimerdinger","Donnie Henderson","NYJ"
"1767","2004","Herm Edwards","16","10","6","0",".625","2","1","1","Lost Div","Paul Hackett","Donnie Henderson","NYJ"
"1768","2003","Herm Edwards","16","6","10","0",".375","0","0","0","","Paul Hackett","Ted Cottrell","NYJ"
"1769","2002","Herm Edwards","16","9","7","0",".563","2","1","1","Lost Div","Paul Hackett","Ted Cottrell","NYJ"
"1770","2001","Herm Edwards","16","10","6","0",".625","1","0","1","Lost WC","Paul Hackett","Ted Cottrell","NYJ"
"1771","2000","Al Groh","16","9","7","0",".563","0","0","0","","Dan Henning","Mike Nolan","NYJ"
"1772","1999","Bill Parcells","16","8","8","0",".500","0","0","0","","Charlie Weis","Bill Belichick","NYJ"
"1773","1998","Bill Parcells","16","12","4","0",".750","2","1","1","Lost Conf","Charlie Weis","Bill Belichick","NYJ"
"1774","1997","Bill Parcells","16","9","7","0",".563","0","0","0","","Charlie Weis","Bill Belichick","NYJ"
"1775","1996","Rich Kotite","16","1","15","0",".063","0","0","0","","Ron Erhardt","Jim Vechiarella","NYJ"
"1776","1995","Rich Kotite","16","3","13","0",".188","0","0","0","","Zeke Bratkowski","Jim Vechiarella","NYJ"
"1777","1994","Pete Carroll","16","6","10","0",".375","0","0","0","","Ray Sherman","Greg Robinson","NYJ"
"1778","1993","Bruce Coslet","16","8","8","0",".500","0","0","0","","","Pete Carroll","NYJ"
"1779","1992","Bruce Coslet","16","4","12","0",".250","0","0","0","","","Pete Carroll","NYJ"
"1780","1991","Bruce Coslet","16","8","8","0",".500","1","0","1","Lost WC","","Pete Carroll","NYJ"
"1781","1990","Bruce Coslet","16","6","10","0",".375","0","0","0","","","Pete Carroll","NYJ"
"1782","1989","Joe Walton","16","4","12","0",".250","0","0","0","","Rich Kotite","Ralph Hawkins","NYJ"
"1783","1988","Joe Walton","16","8","7","1",".531","0","0","0","","Rich Kotite","Bud Carson","NYJ"
"1784","1987","Joe Walton","15","6","9","0",".400","0","0","0","","Rich Kotite","Bud Carson","NYJ"
"1785","1986","Joe Walton","16","10","6","0",".625","2","1","1","Lost Div","Rich Kotite","Bud Carson","NYJ"
"1786","1985","Joe Walton","16","11","5","0",".688","1","0","1","Lost WC","Rich Kotite","Bud Carson","NYJ"
"1787","1984","Joe Walton","16","7","9","0",".438","0","0","0","","","Joe Gardi","NYJ"
"1788","1983","Joe Walton","16","7","9","0",".438","0","0","0","","","Joe Gardi","NYJ"
"1789","1982","Walt Michaels","9","6","3","0",".667","3","2","1","Lost Conf","Joe Walton","Joe Gardi","NYJ"
"1790","1981","Walt Michaels","16","10","5","1",".656","1","0","1","Lost WC","Joe Walton","Joe Gardi","NYJ"
"1791","1980","Walt Michaels","16","4","12","0",".250","0","0","0","","","John Mazur","NYJ"
"1792","1979","Walt Michaels","16","8","8","0",".500","0","0","0","","John Idzik","John Mazur","NYJ"
"1793","1978","Walt Michaels","16","8","8","0",".500","0","0","0","","John Idzik","","NYJ"
"1794","1977","Walt Michaels","14","3","11","0",".214","0","0","0","","John Idzik","","NYJ"
"1795","1976","Mike Holovak","1","0","1","0",".000","0","0","0","","","Walt Michaels","NYJ"
"1796","1976","Lou Holtz","13","3","10","0",".231","0","0","0","","","Walt Michaels","NYJ"
"1797","1975","Ken Shipp","5","1","4","0",".200","0","0","0","","","Dick Voris","NYJ"
"1798","1975","Charley Winner","9","2","7","0",".222","0","0","0","","Ken Shipp","Dick Voris","NYJ"
"1799","1974","Charley Winner","14","7","7","0",".500","0","0","0","","Ken Shipp","Dick Voris","NYJ"
"1800","1973","Weeb Ewbank","14","4","10","0",".286","0","0","0","","Ken Shipp","Charley Winner","NYJ"
"1801","1972","Weeb Ewbank","14","7","7","0",".500","0","0","0","","","","NYJ"
"1802","1971","Weeb Ewbank","14","6","8","0",".429","0","0","0","","","","NYJ"
"1803","1970","Weeb Ewbank","14","4","10","0",".286","0","0","0","","","","NYJ"
"1804","1969","Weeb Ewbank","14","10","4","0",".714","1","0","1","Lost Div","","","NYJ"
"1805","1968","Weeb Ewbank","14","11","3","0",".786","2","2","0","Won SB","Clive Rush","","NYJ"
"1806","1967","Weeb Ewbank","14","8","5","1",".615","0","0","0","","Clive Rush","","NYJ"
"1807","1966","Weeb Ewbank","14","6","6","2",".500","0","0","0","","Clive Rush","","NYJ"
"1808","1965","Weeb Ewbank","14","5","8","1",".385","0","0","0","","Clive Rush","","NYJ"
"1809","1964","Weeb Ewbank","14","5","8","1",".385","0","0","0","","Clive Rush","","NYJ"
"1810","1963","Weeb Ewbank","14","5","8","1",".385","0","0","0","","","","NYJ"
"1811","1962","Bulldog Turner","14","5","9","0",".357","0","0","0","","","","NYJ"
"1812","1961","Sammy Baugh","14","7","7","0",".500","0","0","0","","","","NYJ"
"1813","1960","Sammy Baugh","14","7","7","0",".500","0","0","0","","","","NYJ"
"1814","2025","Nick Sirianni","17","11","6","0",".647","1","0","1","","Kevin Patullo","Vic Fangio","PHI"
"1815","2024","Nick Sirianni","17","14","3","0",".824","4","4","0","Won SB","Kellen Moore","Vic Fangio","PHI"
"1816","2023","Nick Sirianni","17","11","6","0",".647","1","0","1","Lost WC","Brian Johnson","Sean Desai","PHI"
"1817","2022","Nick Sirianni","17","14","3","0",".824","3","2","1","Lost SB","Shane Steichen","Jonathan Gannon","PHI"
"1818","2021","Nick Sirianni","17","9","8","0",".529","1","0","1","Lost WC","Shane Steichen","Jonathan Gannon","PHI"
"1819","2020","Doug Pederson","16","4","11","1",".281","","","","","","Jim Schwartz","PHI"
"1820","2019","Doug Pederson","16","9","7","0",".563","1","0","1","Lost WC","Mike Groh","Jim Schwartz","PHI"
"1821","2018","Doug Pederson","16","9","7","0",".563","2","1","1","Lost Div","Mike Groh","Jim Schwartz","PHI"
"1822","2017","Doug Pederson","16","13","3","0",".813","3","3","0","Won SB","Frank Reich","Jim Schwartz","PHI"
"1823","2016","Doug Pederson","16","7","9","0",".438","","","","","Frank Reich","Jim Schwartz","PHI"
"1824","2015","Pat Shurmur","1","1","0","0","1.000","","","","","","Bill Davis","PHI"
"1825","2015","Chip Kelly","15","6","9","0",".400","0","0","0","","Pat Shurmur","Bill Davis","PHI"
"1826","2014","Chip Kelly","16","10","6","0",".625","0","0","0","","Pat Shurmur","Bill Davis","PHI"
"1827","2013","Chip Kelly","16","10","6","0",".625","1","0","1","Lost WC","Pat Shurmur","Bill Davis","PHI"
"1828","2012","Andy Reid","16","4","12","0",".250","0","0","0","","Marty Mornhinweg","Todd Bowles, Juan Castillo","PHI"
"1829","2011","Andy Reid","16","8","8","0",".500","0","0","0","","Marty Mornhinweg","Juan Castillo","PHI"
"1830","2010","Andy Reid","16","10","6","0",".625","1","0","1","Lost WC","Marty Mornhinweg","Sean McDermott","PHI"
"1831","2009","Andy Reid","16","11","5","0",".688","1","0","1","Lost WC","Marty Mornhinweg","Sean McDermott","PHI"
"1832","2008","Andy Reid","16","9","6","1",".594","3","2","1","Lost Conf","Marty Mornhinweg","Jim Johnson","PHI"
"1833","2007","Andy Reid","16","8","8","0",".500","0","0","0","","Marty Mornhinweg","Jim Johnson","PHI"
"1834","2006","Andy Reid","16","10","6","0",".625","2","1","1","Lost Div","Marty Mornhinweg","Jim Johnson","PHI"
"1835","2005","Andy Reid","16","6","10","0",".375","0","0","0","","Brad Childress","Jim Johnson","PHI"
"1836","2004","Andy Reid","16","13","3","0",".813","3","2","1","Lost SB","Brad Childress","Jim Johnson","PHI"
"1837","2003","Andy Reid","16","12","4","0",".750","2","1","1","Lost Conf","Brad Childress","Jim Johnson","PHI"
"1838","2002","Andy Reid","16","12","4","0",".750","2","1","1","Lost Conf","Brad Childress","Jim Johnson","PHI"
"1839","2001","Andy Reid","16","11","5","0",".688","3","2","1","Lost Conf","Rod Dowhower","Jim Johnson","PHI"
"1840","2000","Andy Reid","16","11","5","0",".688","2","1","1","Lost Div","Rod Dowhower","Jim Johnson","PHI"
"1841","1999","Andy Reid","16","5","11","0",".313","0","0","0","","Rod Dowhower","Jim Johnson","PHI"
"1842","1998","Ray Rhodes","16","3","13","0",".188","0","0","0","","Dana Bible","Emmitt Thomas","PHI"
"1843","1997","Ray Rhodes","16","6","9","1",".406","0","0","0","","Jon Gruden","Emmitt Thomas","PHI"
"1844","1996","Ray Rhodes","16","10","6","0",".625","1","0","1","Lost WC","Jon Gruden","Emmitt Thomas","PHI"
"1845","1995","Ray Rhodes","16","10","6","0",".625","2","1","1","Lost Div","Jon Gruden","Emmitt Thomas","PHI"
"1846","1994","Rich Kotite","16","7","9","0",".438","0","0","0","","Zeke Bratkowski","Bud Carson","PHI"
"1847","1993","Rich Kotite","16","8","8","0",".500","0","0","0","","Zeke Bratkowski","Bud Carson","PHI"
"1848","1992","Rich Kotite","16","11","5","0",".688","2","1","1","Lost Div","","Bud Carson","PHI"
"1849","1991","Rich Kotite","16","10","6","0",".625","0","0","0","","","Bud Carson","PHI"
"1850","1990","Buddy Ryan","16","10","6","0",".625","1","0","1","Lost WC","Rich Kotite","Jeff Fisher","PHI"
"1851","1989","Buddy Ryan","16","11","5","0",".688","1","0","1","Lost WC","Ted Plumb","Jeff Fisher","PHI"
"1852","1988","Buddy Ryan","16","10","6","0",".625","1","0","1","Lost Div","Ted Plumb","Wade Phillips","PHI"
"1853","1987","Buddy Ryan","15","7","8","0",".467","0","0","0","","Ted Plumb","Wade Phillips","PHI"
"1854","1986","Buddy Ryan","16","5","10","1",".344","0","0","0","","Ted Plumb","Wade Phillips","PHI"
"1855","1985","Fred Bruney","1","1","0","0","1.000","0","0","0","","Ted Marchibroda","","PHI"
"1856","1985","Marion Campbell","15","6","9","0",".400","0","0","0","","Ted Marchibroda","","PHI"
"1857","1984","Marion Campbell","16","6","9","1",".406","0","0","0","","Ted Marchibroda","","PHI"
"1858","1983","Marion Campbell","16","5","11","0",".313","0","0","0","","Dick Wood","","PHI"
"1859","1982","Dick Vermeil","9","3","6","0",".333","0","0","0","","","Marion Campbell","PHI"
"1860","1981","Dick Vermeil","16","10","6","0",".625","1","0","1","Lost WC","","Marion Campbell","PHI"
"1861","1980","Dick Vermeil","16","12","4","0",".750","3","2","1","Lost SB","","Marion Campbell","PHI"
"1862","1979","Dick Vermeil","16","11","5","0",".688","2","1","1","Lost Div","","Marion Campbell","PHI"
"1863","1978","Dick Vermeil","16","9","7","0",".563","1","0","1","Lost WC","John Ralston","Marion Campbell","PHI"
"1864","1977","Dick Vermeil","14","5","9","0",".357","0","0","0","","","Marion Campbell","PHI"
"1865","1976","Dick Vermeil","14","4","10","0",".286","0","0","0","","John Idzik","John Mazur","PHI"
"1866","1975","Mike McCormack","14","4","10","0",".286","0","0","0","","","Walt Michaels","PHI"
"1867","1974","Mike McCormack","14","7","7","0",".500","0","0","0","","","Walt Michaels","PHI"
"1868","1973","Mike McCormack","14","5","8","1",".393","0","0","0","","","Walt Michaels","PHI"
"1869","1972","Ed Khayat","14","2","11","1",".179","0","0","0","","Tom Fears","Walt Michaels","PHI"
"1870","1971","Ed Khayat","11","6","4","1",".600","0","0","0","","Tom Fears","","PHI"
"1871","1971","Jerry Williams","3","0","3","0",".000","0","0","0","","Tom Fears","","PHI"
"1872","1970","Jerry Williams","14","3","10","1",".231","0","0","0","","","","PHI"
"1873","1969","Jerry Williams","14","4","9","1",".308","0","0","0","","","","PHI"
"1874","1968","Joe Kuharich","14","2","12","0",".143","0","0","0","","Herman Ball","Dick Evans","PHI"
"1875","1967","Joe Kuharich","14","6","7","1",".462","0","0","0","","Herman Ball","Dick Evans","PHI"
"1876","1966","Joe Kuharich","14","9","5","0",".643","0","0","0","","Herman Ball","Dick Evans","PHI"
"1877","1965","Joe Kuharich","14","5","9","0",".357","0","0","0","","Herman Ball","Dick Evans","PHI"
"1878","1964","Joe Kuharich","14","6","8","0",".429","0","0","0","","Herman Ball","Dick Evans","PHI"
"1879","1963","Nick Skorich","14","2","10","2",".167","0","0","0","","","","PHI"
"1880","1962","Nick Skorich","14","3","10","1",".231","0","0","0","","","","PHI"
"1881","1961","Nick Skorich","14","10","4","0",".714","0","0","0","","","","PHI"
"1882","1960","Buck Shaw","12","10","2","0",".833","1","1","0","Won Champ","","","PHI"
"1883","1959","Buck Shaw","12","7","5","0",".583","0","0","0","","","","PHI"
"1884","1958","Buck Shaw","12","2","9","1",".182","0","0","0","","","","PHI"
"1885","1957","Hugh Devore","12","4","8","0",".333","0","0","0","","","","PHI"
"1886","1956","Hugh Devore","12","3","8","1",".273","0","0","0","","","","PHI"
"1887","1955","Jim Trimble","12","4","7","1",".364","0","0","0","","","","PHI"
"1888","1954","Jim Trimble","12","7","4","1",".636","0","0","0","","","","PHI"
"1889","1953","Jim Trimble","12","7","4","1",".636","0","0","0","","","","PHI"
"1890","1952","Jim Trimble","12","7","5","0",".583","0","0","0","","","","PHI"
"1891","1951","Wayne Millner","10","2","8","0",".200","0","0","0","","","","PHI"
"1892","1951","Bo McMillin","2","2","0","0","1.000","0","0","0","","","","PHI"
"1893","1950","Greasy Neale","12","6","6","0",".500","0","0","0","","","","PHI"
"1894","1949","Greasy Neale","12","11","1","0",".917","1","1","0","Won Champ","","","PHI"
"1895","1948","Greasy Neale","12","9","2","1",".818","1","1","0","Won Champ","","","PHI"
"1896","1947","Greasy Neale","12","8","4","0",".667","2","1","1","Lost Champ","","","PHI"
"1897","1946","Greasy Neale","11","6","5","0",".545","0","0","0","","","","PHI"
"1898","1945","Greasy Neale","10","7","3","0",".700","0","0","0","","","","PHI"
"1899","1944","Greasy Neale","10","7","1","2",".875","0","0","0","","","","PHI"
"1900","1943","Greasy Neale","10","5","4","1",".556","0","0","0","","","","PHI"
"1901","1943","Walt Kiesling","10","5","4","1",".556","0","0","0","","","","PHI"
"1902","1942","Greasy Neale","11","2","9","0",".182","0","0","0","","","","PHI"
"1903","1941","Greasy Neale","11","2","8","1",".200","0","0","0","","","","PHI"
"1904","1940","Bert Bell","11","1","10","0",".091","0","0","0","","","","PHI"
"1905","1939","Bert Bell","11","1","9","1",".100","0","0","0","","","","PHI"
"1906","1938","Bert Bell","11","5","6","0",".455","0","0","0","","","","PHI"
"1907","1937","Bert Bell","11","2","8","1",".200","0","0","0","","","","PHI"
"1908","1936","Bert Bell","12","1","11","0",".083","0","0","0","","","","PHI"
"1909","1935","Lud Wray","11","2","9","0",".182","0","0","0","","","","PHI"
"1910","1934","Lud Wray","11","4","7","0",".364","0","0","0","","","","PHI"
"1911","1933","Lud Wray","9","3","5","1",".375","0","0","0","","","","PHI"
"1912","2025","Mike Tomlin","17","10","7","0",".588","1","0","1","","Arthur Smith","Teryl Austin","PIT"
"1913","2024","Mike Tomlin","17","10","7","0",".588","1","0","1","Lost WC","Arthur Smith","Teryl Austin","PIT"
"1914","2023","Mike Tomlin","17","10","7","0",".588","1","0","1","Lost WC","Matt Canada, Eddie Faulkner","Teryl Austin","PIT"
"1915","2022","Mike Tomlin","17","9","8","0",".529","","","","","Matt Canada","Teryl Austin","PIT"
"1916","2021","Mike Tomlin","17","9","7","1",".559","1","0","1","Lost WC","Matt Canada","Keith Butler","PIT"
"1917","2020","Mike Tomlin","16","12","4","0",".750","1","0","1","Lost WC","Randy Fichtner","Keith Butler","PIT"
"1918","2019","Mike Tomlin","16","8","8","0",".500","","","","","Randy Fichtner","Keith Butler","PIT"
"1919","2018","Mike Tomlin","16","9","6","1",".594","","","","","Randy Fichtner","Keith Butler","PIT"
"1920","2017","Mike Tomlin","16","13","3","0",".813","1","0","1","Lost Div","Todd Haley","Keith Butler","PIT"
"1921","2016","Mike Tomlin","16","11","5","0",".688","3","2","1","Lost Conf","Todd Haley","Keith Butler","PIT"
"1922","2015","Mike Tomlin","16","10","6","0",".625","2","1","1","Lost Div","Todd Haley","Keith Butler","PIT"
"1923","2014","Mike Tomlin","16","11","5","0",".688","1","0","1","Lost WC","Todd Haley","Dick LeBeau","PIT"
"1924","2013","Mike Tomlin","16","8","8","0",".500","0","0","0","","Todd Haley","Dick LeBeau","PIT"
"1925","2012","Mike Tomlin","16","8","8","0",".500","0","0","0","","Todd Haley","Dick LeBeau","PIT"
"1926","2011","Mike Tomlin","16","12","4","0",".750","1","0","1","Lost WC","Bruce Arians","Dick LeBeau","PIT"
"1927","2010","Mike Tomlin","16","12","4","0",".750","3","2","1","Lost SB","Bruce Arians","Dick LeBeau","PIT"
"1928","2009","Mike Tomlin","16","9","7","0",".563","0","0","0","","Bruce Arians","Dick LeBeau","PIT"
"1929","2008","Mike Tomlin","16","12","4","0",".750","3","3","0","Won SB","Bruce Arians","Dick LeBeau","PIT"
"1930","2007","Mike Tomlin","16","10","6","0",".625","1","0","1","Lost WC","Bruce Arians","Dick LeBeau","PIT"
"1931","2006","Bill Cowher","16","8","8","0",".500","0","0","0","","Ken Whisenhunt","Dick LeBeau","PIT"
"1932","2005","Bill Cowher","16","11","5","0",".688","4","4","0","Won SB","Ken Whisenhunt","Dick LeBeau","PIT"
"1933","2004","Bill Cowher","16","15","1","0",".938","2","1","1","Lost Conf","Ken Whisenhunt","Dick LeBeau","PIT"
"1934","2003","Bill Cowher","16","6","10","0",".375","0","0","0","","Mike Mularkey","Tim Lewis","PIT"
"1935","2002","Bill Cowher","16","10","5","1",".656","2","1","1","Lost Div","Mike Mularkey","Tim Lewis","PIT"
"1936","2001","Bill Cowher","16","13","3","0",".813","2","1","1","Lost Conf","Mike Mularkey","Tim Lewis","PIT"
"1937","2000","Bill Cowher","16","9","7","0",".563","0","0","0","","Kevin Gilbride","Tim Lewis","PIT"
"1938","1999","Bill Cowher","16","6","10","0",".375","0","0","0","","Kevin Gilbride","Jim Haslett","PIT"
"1939","1998","Bill Cowher","16","7","9","0",".438","0","0","0","","Ray Sherman","Jim Haslett","PIT"
"1940","1997","Bill Cowher","16","11","5","0",".688","2","1","1","Lost Conf","Chan Gailey","Jim Haslett","PIT"
"1941","1996","Bill Cowher","16","10","6","0",".625","2","1","1","Lost Div","Chan Gailey","Dick LeBeau","PIT"
"1942","1995","Bill Cowher","16","11","5","0",".688","3","2","1","Lost SB","Ron Erhardt","Dick LeBeau","PIT"
"1943","1994","Bill Cowher","16","12","4","0",".750","2","1","1","Lost Conf","Ron Erhardt","Dom Capers","PIT"
"1944","1993","Bill Cowher","16","9","7","0",".563","1","0","1","Lost WC","Ron Erhardt","Dom Capers","PIT"
"1945","1992","Bill Cowher","16","11","5","0",".688","1","0","1","Lost Div","Ron Erhardt","Dom Capers","PIT"
"1946","1991","Chuck Noll","16","7","9","0",".438","0","0","0","","Joe Walton","Dave Brazil","PIT"
"1947","1990","Chuck Noll","16","9","7","0",".563","0","0","0","","Joe Walton","Dave Brazil","PIT"
"1948","1989","Chuck Noll","16","9","7","0",".563","2","1","1","Lost Div","Tom Moore","Rod Rust","PIT"
"1949","1988","Chuck Noll","16","5","11","0",".313","0","0","0","","Tom Moore","Tony Dungy","PIT"
"1950","1987","Chuck Noll","15","8","7","0",".533","0","0","0","","Tom Moore","Tony Dungy","PIT"
"1951","1986","Chuck Noll","16","6","10","0",".375","0","0","0","","Tom Moore","Tony Dungy","PIT"
"1952","1985","Chuck Noll","16","7","9","0",".438","0","0","0","","Tom Moore","Tony Dungy","PIT"
"1953","1984","Chuck Noll","16","9","7","0",".563","2","1","1","Lost Conf","Tom Moore","Tony Dungy","PIT"
"1954","1983","Chuck Noll","16","10","6","0",".625","1","0","1","Lost Div","Tom Moore","Woody Widenhofer","PIT"
"1955","1982","Chuck Noll","9","6","3","0",".667","1","0","1","Lost WC","","Woody Widenhofer","PIT"
"1956","1981","Chuck Noll","16","8","8","0",".500","0","0","0","","","Woody Widenhofer","PIT"
"1957","1980","Chuck Noll","16","9","7","0",".563","0","0","0","","","Woody Widenhofer","PIT"
"1958","1979","Chuck Noll","16","12","4","0",".750","3","3","0","Won SB","","Woody Widenhofer","PIT"
"1959","1978","Chuck Noll","16","14","2","0",".875","3","3","0","Won SB","","George Perles","PIT"
"1960","1977","Chuck Noll","14","9","5","0",".643","1","0","1","Lost Div","","Bud Carson","PIT"
"1961","1976","Chuck Noll","14","10","4","0",".714","2","1","1","Lost Conf","","Bud Carson","PIT"
"1962","1975","Chuck Noll","14","12","2","0",".857","3","3","0","Won SB","","Bud Carson","PIT"
"1963","1974","Chuck Noll","14","10","3","1",".750","3","3","0","Won SB","","Bud Carson","PIT"
"1964","1973","Chuck Noll","14","10","4","0",".714","1","0","1","Lost Div","","Bud Carson","PIT"
"1965","1972","Chuck Noll","14","11","3","0",".786","2","1","1","Lost Conf","","Bud Carson","PIT"
"1966","1971","Chuck Noll","14","6","8","0",".429","0","0","0","","","","PIT"
"1967","1970","Chuck Noll","14","5","9","0",".357","0","0","0","","","","PIT"
"1968","1969","Chuck Noll","14","1","13","0",".071","0","0","0","","","","PIT"
"1969","1968","Bill Austin","14","2","11","1",".154","0","0","0","","","LaVern Torgeson","PIT"
"1970","1967","Bill Austin","14","4","9","1",".308","0","0","0","","","LaVern Torgeson","PIT"
"1971","1966","Bill Austin","14","5","8","1",".385","0","0","0","","","LaVern Torgeson","PIT"
"1972","1965","Mike Nixon","14","2","12","0",".143","0","0","0","","","","PIT"
"1973","1964","Buddy Parker","14","5","9","0",".357","0","0","0","","","Buster Ramsey","PIT"
"1974","1963","Buddy Parker","14","7","4","3",".636","0","0","0","","","Buster Ramsey","PIT"
"1975","1962","Buddy Parker","14","9","5","0",".643","0","0","0","","","Buster Ramsey","PIT"
"1976","1961","Buddy Parker","14","6","8","0",".429","0","0","0","","","","PIT"
"1977","1960","Buddy Parker","12","5","6","1",".455","0","0","0","","","","PIT"
"1978","1959","Buddy Parker","12","6","5","1",".545","0","0","0","","","","PIT"
"1979","1958","Buddy Parker","12","7","4","1",".636","0","0","0","","","","PIT"
"1980","1957","Buddy Parker","12","6","6","0",".500","0","0","0","","","","PIT"
"1981","1956","Walt Kiesling","12","5","7","0",".417","0","0","0","","","","PIT"
"1982","1955","Walt Kiesling","12","4","8","0",".333","0","0","0","","","","PIT"
"1983","1954","Walt Kiesling","12","5","7","0",".417","0","0","0","","","","PIT"
"1984","1953","Joe Bach","12","6","6","0",".500","0","0","0","","","","PIT"
"1985","1952","Joe Bach","12","5","7","0",".417","0","0","0","","","","PIT"
"1986","1951","John Michelosen","12","4","7","1",".364","0","0","0","","","","PIT"
"1987","1950","John Michelosen","12","6","6","0",".500","0","0","0","","","","PIT"
"1988","1949","John Michelosen","12","6","5","1",".545","0","0","0","","","","PIT"
"1989","1948","John Michelosen","12","4","8","0",".333","0","0","0","","","","PIT"
"1990","1947","Jock Sutherland","12","8","4","0",".667","1","0","1","Lost Div","","","PIT"
"1991","1946","Jock Sutherland","11","5","5","1",".500","0","0","0","","","","PIT"
"1992","1945","Jim Leonard","10","2","8","0",".200","0","0","0","","","","PIT"
"1993","1942","Walt Kiesling","11","7","4","0",".636","0","0","0","","","","PIT"
"1994","1941","Walt Kiesling","4","1","2","1",".333","0","0","0","","","","PIT"
"1995","1941","Aldo Donelli","5","0","5","0",".000","0","0","0","","","","PIT"
"1996","1941","Bert Bell","2","0","2","0",".000","0","0","0","","","","PIT"
"1997","1940","Walt Kiesling","11","2","7","2",".222","0","0","0","","","","PIT"
"1998","1939","Walt Kiesling","8","1","6","1",".143","0","0","0","","","","PIT"
"1999","1939","Johnny Blood","3","0","3","0",".000","0","0","0","","","","PIT"
"2000","1938","Johnny Blood","11","2","9","0",".182","0","0","0","","","","PIT"
"2001","1937","Johnny Blood","11","4","7","0",".364","0","0","0","","","","PIT"
"2002","1936","Joe Bach","12","6","6","0",".500","0","0","0","","","","PIT"
"2003","1935","Joe Bach","12","4","8","0",".333","0","0","0","","","","PIT"
"2004","1934","Luby DiMeolo","12","2","10","0",".167","0","0","0","","","","PIT"
"2005","1933","Forrest Douds","11","3","6","2",".333","0","0","0","","","","PIT"
"2006","2025","Mike Macdonald","17","14","3","0",".824","1","1","0","","Klint Kubiak","Aden Durde","SEA"
"2007","2024","Mike Macdonald","17","10","7","0",".588","","","","","Ryan Grubb","Aden Durde","SEA"
"2008","2023","Pete Carroll","17","9","8","0",".529","","","","","Shane Waldron","Clint Hurtt","SEA"
"2009","2022","Pete Carroll","17","9","8","0",".529","1","0","1","Lost WC","Shane Waldron","Clint Hurtt","SEA"
"2010","2021","Pete Carroll","17","7","10","0",".412","","","","","Shane Waldron","Ken Norton","SEA"
"2011","2020","Pete Carroll","16","12","4","0",".750","1","0","1","Lost WC","Brian Schottenheimer","Ken Norton","SEA"
"2012","2019","Pete Carroll","16","11","5","0",".688","2","1","1","Lost Div","Brian Schottenheimer","Ken Norton","SEA"
"2013","2018","Pete Carroll","16","10","6","0",".625","1","0","1","Lost WC","Brian Schottenheimer","Ken Norton","SEA"
"2014","2017","Pete Carroll","16","9","7","0",".563","","","","","Darrell Bevell","Kris Richard","SEA"
"2015","2016","Pete Carroll","16","10","5","1",".656","2","1","1","Lost Div","Darrell Bevell","Kris Richard","SEA"
"2016","2015","Pete Carroll","16","10","6","0",".625","2","1","1","Lost Div","Darrell Bevell","Kris Richard","SEA"
"2017","2014","Pete Carroll","16","12","4","0",".750","3","2","1","Lost SB","Darrell Bevell","Dan Quinn","SEA"
"2018","2013","Pete Carroll","16","13","3","0",".813","3","3","0","Won SB","Darrell Bevell","Dan Quinn","SEA"
"2019","2012","Pete Carroll","16","11","5","0",".688","2","1","1","Lost Div","Darrell Bevell","Gus Bradley","SEA"
"2020","2011","Pete Carroll","16","7","9","0",".438","0","0","0","","Darrell Bevell","Gus Bradley","SEA"
"2021","2010","Pete Carroll","16","7","9","0",".438","2","1","1","Lost Div","Jeremy Bates","Gus Bradley","SEA"
"2022","2009","Jim Mora","16","5","11","0",".313","0","0","0","","Greg Knapp","Gus Bradley","SEA"
"2023","2008","Mike Holmgren","16","4","12","0",".250","0","0","0","","Gil Haskell","John Marshall","SEA"
"2024","2007","Mike Holmgren","16","10","6","0",".625","2","1","1","Lost Div","Gil Haskell","John Marshall","SEA"
"2025","2006","Mike Holmgren","16","9","7","0",".563","2","1","1","Lost Div","Gil Haskell","John Marshall","SEA"
"2026","2005","Mike Holmgren","16","13","3","0",".813","3","2","1","Lost SB","Gil Haskell","John Marshall, Ray Rhodes","SEA"
"2027","2004","Mike Holmgren","16","9","7","0",".563","1","0","1","Lost WC","Gil Haskell","Ray Rhodes","SEA"
"2028","2003","Mike Holmgren","16","10","6","0",".625","1","0","1","Lost WC","Gil Haskell","Ray Rhodes","SEA"
"2029","2002","Mike Holmgren","16","7","9","0",".438","0","0","0","","Gil Haskell","Steve Sidwell","SEA"
"2030","2001","Mike Holmgren","16","9","7","0",".563","0","0","0","","Gil Haskell","Steve Sidwell","SEA"
"2031","2000","Mike Holmgren","16","6","10","0",".375","0","0","0","","Gil Haskell","Steve Sidwell","SEA"
"2032","1999","Mike Holmgren","16","9","7","0",".563","1","0","1","Lost WC","Mike Sherman","Jim Lind","SEA"
"2033","1998","Dennis Erickson","16","8","8","0",".500","0","0","0","","Bob Bratkowski","Greg McMackin","SEA"
"2034","1997","Dennis Erickson","16","8","8","0",".500","0","0","0","","Bob Bratkowski","Greg McMackin","SEA"
"2035","1996","Dennis Erickson","16","7","9","0",".438","0","0","0","","Bob Bratkowski","Greg McMackin","SEA"
"2036","1995","Dennis Erickson","16","8","8","0",".500","0","0","0","","Bob Bratkowski","Greg McMackin","SEA"
"2037","1994","Tom Flores","16","6","10","0",".375","0","0","0","","Larry Kennan","Rusty Tillman","SEA"
"2038","1993","Tom Flores","16","6","10","0",".375","0","0","0","","Larry Kennan","Rusty Tillman","SEA"
"2039","1992","Tom Flores","16","2","14","0",".125","0","0","0","","Larry Kennan","Tom Catlin","SEA"
"2040","1991","Chuck Knox","16","7","9","0",".438","0","0","0","","John Becker","Tom Catlin","SEA"
"2041","1990","Chuck Knox","16","9","7","0",".563","0","0","0","","John Becker","Tom Catlin","SEA"
"2042","1989","Chuck Knox","16","7","9","0",".438","0","0","0","","John Becker","Tom Catlin","SEA"
"2043","1988","Chuck Knox","16","9","7","0",".563","1","0","1","Lost Div","Steve Moore","Tom Catlin","SEA"
"2044","1987","Chuck Knox","15","9","6","0",".600","1","0","1","Lost WC","Steve Moore","Tom Catlin","SEA"
"2045","1986","Chuck Knox","16","10","6","0",".625","0","0","0","","Steve Moore","Tom Catlin","SEA"
"2046","1985","Chuck Knox","16","8","8","0",".500","0","0","0","","Ray Prochaska","Tom Catlin","SEA"
"2047","1984","Chuck Knox","16","12","4","0",".750","2","1","1","Lost Div","Ray Prochaska","Tom Catlin","SEA"
"2048","1983","Chuck Knox","16","9","7","0",".563","3","2","1","Lost Conf","Ray Prochaska","Tom Catlin","SEA"
"2049","1982","Mike McCormack","7","4","3","0",".571","0","0","0","","Jerry Rhome","Jackie Simpson","SEA"
"2050","1982","Jack Patera","2","0","2","0",".000","0","0","0","","Jerry Rhome","Jackie Simpson","SEA"
"2051","1981","Jack Patera","16","6","10","0",".375","0","0","0","","Jerry Rhome","Jackie Simpson","SEA"
"2052","1980","Jack Patera","16","4","12","0",".250","0","0","0","","Jerry Rhome","Larry Peccatiello","SEA"
"2053","1979","Jack Patera","16","9","7","0",".563","0","0","0","","Jerry Rhome","Larry Peccatiello","SEA"
"2054","1978","Jack Patera","16","9","7","0",".563","0","0","0","","Jerry Rhome","Larry Peccatiello","SEA"
"2055","1977","Jack Patera","14","5","9","0",".357","0","0","0","","Sam Boghosian","Bob Hollway","SEA"
"2056","1976","Jack Patera","14","2","12","0",".143","0","0","0","","Sam Boghosian","Bob Hollway","SEA"
"2057","2025","Kyle Shanahan","17","12","5","0",".706","2","1","1","","Klay Kubiak","Robert Saleh","SF"
"2058","2024","Kyle Shanahan","17","6","11","0",".353","","","","","","Nick Sorensen","SF"
"2059","2023","Kyle Shanahan","17","12","5","0",".706","3","2","1","Lost SB","","Steve Wilks","SF"
"2060","2022","Kyle Shanahan","17","13","4","0",".765","3","2","1","Lost Conf","","DeMeco Ryans","SF"
"2061","2021","Kyle Shanahan","17","10","7","0",".588","3","2","1","Lost Conf","Mike McDaniel","DeMeco Ryans","SF"
"2062","2020","Kyle Shanahan","16","6","10","0",".375","","","","","","Robert Saleh","SF"
"2063","2019","Kyle Shanahan","16","13","3","0",".813","3","2","1","Lost SB","","Robert Saleh","SF"
"2064","2018","Kyle Shanahan","16","4","12","0",".250","","","","","","Robert Saleh","SF"
"2065","2017","Kyle Shanahan","16","6","10","0",".375","","","","","","Robert Saleh","SF"
"2066","2016","Chip Kelly","16","2","14","0",".125","","","","","Curtis Modkins","Jim O'Neil","SF"
"2067","2015","Jim Tomsula","16","5","11","0",".313","","","","","Geep Chryst","Eric Mangini","SF"
"2068","2014","Jim Harbaugh","16","8","8","0",".500","0","0","0","","Greg Roman","Vic Fangio","SF"
"2069","2013","Jim Harbaugh","16","12","4","0",".750","3","2","1","Lost Conf","Greg Roman","Vic Fangio","SF"
"2070","2012","Jim Harbaugh","16","11","4","1",".719","3","2","1","Lost SB","Greg Roman","Vic Fangio","SF"
"2071","2011","Jim Harbaugh","16","13","3","0",".813","2","1","1","Lost Conf","Greg Roman","Vic Fangio","SF"
"2072","2010","Jim Tomsula","1","1","0","0","1.000","0","0","0","","Jimmy Raye","Greg Manusky","SF"
"2073","2010","Mike Singletary","15","5","10","0",".333","0","0","0","","Jimmy Raye","Greg Manusky","SF"
"2074","2009","Mike Singletary","16","8","8","0",".500","0","0","0","","Jimmy Raye","Greg Manusky","SF"
"2075","2008","Mike Singletary","9","5","4","0",".556","0","0","0","","Mike Martz","Greg Manusky","SF"
"2076","2008","Mike Nolan","7","2","5","0",".286","0","0","0","","Mike Martz","Greg Manusky","SF"
"2077","2007","Mike Nolan","16","5","11","0",".313","0","0","0","","Jim Hostler","Greg Manusky","SF"
"2078","2006","Mike Nolan","16","7","9","0",".438","0","0","0","","Norv Turner","Bill Davis","SF"
"2079","2005","Mike Nolan","16","4","12","0",".250","0","0","0","","Mike McCarthy","Bill Davis","SF"
"2080","2004","Dennis Erickson","16","2","14","0",".125","0","0","0","","Ted Tollner","Willy Robinson","SF"
"2081","2003","Dennis Erickson","16","7","9","0",".438","0","0","0","","Greg Knapp","Jim Mora","SF"
"2082","2002","Steve Mariucci","16","10","6","0",".625","2","1","1","Lost Div","Greg Knapp","Jim Mora","SF"
"2083","2001","Steve Mariucci","16","12","4","0",".750","1","0","1","Lost WC","Greg Knapp","Jim Mora","SF"
"2084","2000","Steve Mariucci","16","6","10","0",".375","0","0","0","","Marty Mornhinweg","Jim Mora","SF"
"2085","1999","Steve Mariucci","16","4","12","0",".250","0","0","0","","Marty Mornhinweg","Jim Mora","SF"
"2086","1998","Steve Mariucci","16","12","4","0",".750","2","1","1","Lost Div","Marty Mornhinweg","John Marshall","SF"
"2087","1997","Steve Mariucci","16","13","3","0",".813","2","1","1","Lost Conf","Marty Mornhinweg","John Marshall","SF"
"2088","1996","George Seifert","16","12","4","0",".750","2","1","1","Lost Div","Marc Trestman","Pete Carroll","SF"
"2089","1995","George Seifert","16","11","5","0",".688","1","0","1","Lost Div","Marc Trestman","Pete Carroll","SF"
"2090","1994","George Seifert","16","13","3","0",".813","3","3","0","Won SB","Mike Shanahan","Ray Rhodes","SF"
"2091","1993","George Seifert","16","10","6","0",".625","2","1","1","Lost Conf","Mike Shanahan","Bill McPherson","SF"
"2092","1992","George Seifert","16","14","2","0",".875","2","1","1","Lost Conf","Mike Shanahan","Bill McPherson","SF"
"2093","1991","George Seifert","16","10","6","0",".625","0","0","0","","Mike Holmgren","Bill McPherson","SF"
"2094","1990","George Seifert","16","14","2","0",".875","2","1","1","Lost Conf","Mike Holmgren","Bill McPherson","SF"
"2095","1989","George Seifert","16","14","2","0",".875","3","3","0","Won SB","Mike Holmgren","Bill McPherson","SF"
"2096","1988","Bill Walsh","16","10","6","0",".625","3","3","0","Won SB","","George Seifert","SF"
"2097","1987","Bill Walsh","15","13","2","0",".867","1","0","1","Lost Div","","George Seifert","SF"
"2098","1986","Bill Walsh","16","10","5","1",".656","1","0","1","Lost Div","","George Seifert","SF"
"2099","1985","Bill Walsh","16","10","6","0",".625","1","0","1","Lost WC","","George Seifert","SF"
"2100","1984","Bill Walsh","16","15","1","0",".938","3","3","0","Won SB","","George Seifert","SF"
"2101","1983","Bill Walsh","16","10","6","0",".625","2","1","1","Lost Conf","","George Seifert","SF"
"2102","1982","Bill Walsh","9","3","6","0",".333","0","0","0","","","Chuck Studley","SF"
"2103","1981","Bill Walsh","16","13","3","0",".813","3","3","0","Won SB","","Chuck Studley","SF"
"2104","1980","Bill Walsh","16","6","10","0",".375","0","0","0","","","Chuck Studley","SF"
"2105","1979","Bill Walsh","16","2","14","0",".125","0","0","0","","","Chuck Studley","SF"
"2106","1978","Fred O'Connor","7","1","6","0",".143","0","0","0","","","Dan Radakovich","SF"
"2107","1978","Pete McCulley","9","1","8","0",".111","0","0","0","","Fred O'Connor","Dan Radakovich","SF"
"2108","1977","Ken Meyer","14","5","9","0",".357","0","0","0","","","","SF"
"2109","1976","Monte Clark","14","8","6","0",".571","0","0","0","","","","SF"
"2110","1975","Dick Nolan","14","5","9","0",".357","0","0","0","","Dick Stanfel","","SF"
"2111","1974","Dick Nolan","14","6","8","0",".429","0","0","0","","Dick Stanfel","Paul Wiggin","SF"
"2112","1973","Dick Nolan","14","5","9","0",".357","0","0","0","","Dick Stanfel","","SF"
"2113","1972","Dick Nolan","14","8","5","1",".607","1","0","1","Lost Div","Dick Stanfel","","SF"
"2114","1971","Dick Nolan","14","9","5","0",".643","2","1","1","Lost Conf","Dick Stanfel","","SF"
"2115","1970","Dick Nolan","14","10","3","1",".769","2","1","1","Lost Conf","Ed Hughes","","SF"
"2116","1969","Dick Nolan","14","4","8","2",".333","0","0","0","","","","SF"
"2117","1968","Dick Nolan","14","7","6","1",".538","0","0","0","","","","SF"
"2118","1967","Jack Christiansen","14","7","7","0",".500","0","0","0","","","","SF"
"2119","1966","Jack Christiansen","14","6","6","2",".500","0","0","0","","","","SF"
"2120","1965","Jack Christiansen","14","7","6","1",".538","0","0","0","","","","SF"
"2121","1964","Jack Christiansen","14","4","10","0",".286","0","0","0","","","","SF"
"2122","1963","Jack Christiansen","11","2","9","0",".182","0","0","0","","","","SF"
"2123","1963","Red Hickey","3","0","3","0",".000","0","0","0","","","","SF"
"2124","1962","Red Hickey","14","6","8","0",".429","0","0","0","","","","SF"
"2125","1961","Red Hickey","14","7","6","1",".538","0","0","0","","","","SF"
"2126","1960","Red Hickey","12","7","5","0",".583","0","0","0","","","","SF"
"2127","1959","Red Hickey","12","7","5","0",".583","0","0","0","","","","SF"
"2128","1958","Frankie Albert","12","6","6","0",".500","0","0","0","","","Phil Bengtson","SF"
"2129","1957","Frankie Albert","12","8","4","0",".667","1","0","1","Lost Div","","","SF"
"2130","1956","Frankie Albert","12","5","6","1",".455","0","0","0","","","","SF"
"2131","1955","Red Strader","12","4","8","0",".333","0","0","0","","","","SF"
"2132","1954","Buck Shaw","12","7","4","1",".636","0","0","0","","","","SF"
"2133","1953","Buck Shaw","12","9","3","0",".750","0","0","0","","","","SF"
"2134","1952","Buck Shaw","12","7","5","0",".583","0","0","0","","","","SF"
"2135","1951","Buck Shaw","12","7","4","1",".636","0","0","0","","","","SF"
"2136","1950","Buck Shaw","12","3","9","0",".250","0","0","0","","","","SF"
"2137","1949","Buck Shaw","12","9","3","0",".750","2","1","1","Lost Champ","","","SF"
"2138","1948","Buck Shaw","14","12","2","0",".857","0","0","0","","","","SF"
"2139","1947","Buck Shaw","14","8","4","2",".667","0","0","0","","","","SF"
"2140","1946","Buck Shaw","14","9","5","0",".643","0","0","0","","","","SF"
"2141","2025","Todd Bowles","17","8","9","0",".471","","","","","Josh Grizzard","","TB"
"2142","2024","Todd Bowles","17","10","7","0",".588","1","0","1","Lost WC","Liam Coen","Larry Foote, Kacy Rodgers","TB"
"2143","2023","Todd Bowles","17","9","8","0",".529","2","1","1","Lost Div","Dave Canales","Larry Foote, Kacy Rodgers","TB"
"2144","2022","Todd Bowles","17","8","9","0",".471","1","0","1","Lost WC","Byron Leftwich","Larry Foote, Kacy Rodgers","TB"
"2145","2021","Bruce Arians","17","13","4","0",".765","2","1","1","Lost Div","Byron Leftwich","Todd Bowles","TB"
"2146","2020","Bruce Arians","16","11","5","0",".688","4","4","0","Won SB","Byron Leftwich","Todd Bowles","TB"
"2147","2019","Bruce Arians","16","7","9","0",".438","","","","","Byron Leftwich","Todd Bowles","TB"
"2148","2018","Dirk Koetter","16","5","11","0",".313","","","","","Todd Monken","Mark Duffner, Mike Smith","TB"
"2149","2017","Dirk Koetter","16","5","11","0",".313","","","","","Todd Monken","Mike Smith","TB"
"2150","2016","Dirk Koetter","16","9","7","0",".563","","","","","Todd Monken","Mike Smith","TB"
"2151","2015","Lovie Smith","16","6","10","0",".375","","","","","Dirk Koetter","Leslie Frazier","TB"
"2152","2014","Lovie Smith","16","2","14","0",".125","0","0","0","","Jeff Tedford","Leslie Frazier","TB"
"2153","2013","Greg Schiano","16","4","12","0",".250","0","0","0","","Mike Sullivan","Bill Sheridan","TB"
"2154","2012","Greg Schiano","16","7","9","0",".438","0","0","0","","Mike Sullivan","Bill Sheridan","TB"
"2155","2011","Raheem Morris","16","4","12","0",".250","0","0","0","","Greg Olson","Keith Millard","TB"
"2156","2010","Raheem Morris","16","10","6","0",".625","0","0","0","","Greg Olson","","TB"
"2157","2009","Raheem Morris","16","3","13","0",".188","0","0","0","","Greg Olson","Jim Bates","TB"
"2158","2008","Jon Gruden","16","9","7","0",".563","0","0","0","","Bill Muir","Monte Kiffin","TB"
"2159","2007","Jon Gruden","16","9","7","0",".563","1","0","1","Lost WC","Bill Muir","Monte Kiffin","TB"
"2160","2006","Jon Gruden","16","4","12","0",".250","0","0","0","","Bill Muir","Monte Kiffin","TB"
"2161","2005","Jon Gruden","16","11","5","0",".688","1","0","1","Lost WC","Bill Muir","Monte Kiffin","TB"
"2162","2004","Jon Gruden","16","5","11","0",".313","0","0","0","","Bill Muir","Monte Kiffin","TB"
"2163","2003","Jon Gruden","16","7","9","0",".438","0","0","0","","Bill Muir","Monte Kiffin","TB"
"2164","2002","Jon Gruden","16","12","4","0",".750","3","3","0","Won SB","Bill Muir","Monte Kiffin","TB"
"2165","2001","Tony Dungy","16","9","7","0",".563","1","0","1","Lost WC","Clyde Christensen","Monte Kiffin","TB"
"2166","2000","Tony Dungy","16","10","6","0",".625","1","0","1","Lost WC","Les Steckel","Monte Kiffin","TB"
"2167","1999","Tony Dungy","16","11","5","0",".688","2","1","1","Lost Conf","Mike Shula","Monte Kiffin","TB"
"2168","1998","Tony Dungy","16","8","8","0",".500","0","0","0","","Mike Shula","Monte Kiffin","TB"
"2169","1997","Tony Dungy","16","10","6","0",".625","2","1","1","Lost Div","Mike Shula","Monte Kiffin","TB"
"2170","1996","Tony Dungy","16","6","10","0",".375","0","0","0","","Mike Shula","Monte Kiffin","TB"
"2171","1995","Sam Wyche","16","7","9","0",".438","0","0","0","","","Rusty Tillman","TB"
"2172","1994","Sam Wyche","16","6","10","0",".375","0","0","0","","","Floyd Peters","TB"
"2173","1993","Sam Wyche","16","5","11","0",".313","0","0","0","","","Floyd Peters","TB"
"2174","1992","Sam Wyche","16","5","11","0",".313","0","0","0","","","Floyd Peters","TB"
"2175","1991","Richard Williamson","16","3","13","0",".188","0","0","0","","Hank Kuhlmann","Floyd Peters","TB"
"2176","1990","Richard Williamson","3","1","2","0",".333","0","0","0","","","Fred Bruney","TB"
"2177","1990","Ray Perkins","13","5","8","0",".385","0","0","0","","","Fred Bruney","TB"
"2178","1989","Ray Perkins","16","5","11","0",".313","0","0","0","","","Doug Graber","TB"
"2179","1988","Ray Perkins","16","5","11","0",".313","0","0","0","","","Doug Graber","TB"
"2180","1987","Ray Perkins","15","4","11","0",".267","0","0","0","","","Doug Graber","TB"
"2181","1986","Leeman Bennett","16","2","14","0",".125","0","0","0","","Jimmy Raye","Jim Stanley","TB"
"2182","1985","Leeman Bennett","16","2","14","0",".125","0","0","0","","Jimmy Raye","Doug Shively","TB"
"2183","1984","John McKay","16","6","10","0",".375","0","0","0","","John Brunner","Wayne Fontes","TB"
"2184","1983","John McKay","16","2","14","0",".125","0","0","0","","","Wayne Fontes","TB"
"2185","1982","John McKay","9","5","4","0",".556","1","0","1","Lost WC","","Wayne Fontes","TB"
"2186","1981","John McKay","16","9","7","0",".563","1","0","1","Lost Div","","Tom Bass","TB"
"2187","1980","John McKay","16","5","10","1",".344","0","0","0","","","Tom Bass","TB"
"2188","1979","John McKay","16","10","6","0",".625","2","1","1","Lost Conf","","Tom Bass","TB"
"2189","1978","John McKay","16","5","11","0",".313","0","0","0","","Joe Gibbs","Tom Bass","TB"
"2190","1977","John McKay","14","2","12","0",".143","0","0","0","","","Abe Gibron","TB"
"2191","1976","John McKay","14","0","14","0",".000","0","0","0","","John Rauch","Abe Gibron","TB"
"2192","2025","Mike McCoy","11","2","9","0",".182","","","","","Nick Holz","Dennard Wilson","TEN"
"2193","2025","Brian Callahan","6","1","5","0",".167","","","","","Nick Holz","Dennard Wilson","TEN"
"2194","2024","Brian Callahan","17","3","14","0",".176","","","","","Nick Holz","Dennard Wilson","TEN"
"2195","2023","Mike Vrabel","17","6","11","0",".353","","","","","Tim Kelly","Shane Bowen","TEN"
"2196","2022","Mike Vrabel","17","7","10","0",".412","","","","","Todd Downing","Shane Bowen","TEN"
"2197","2021","Mike Vrabel","17","12","5","0",".706","1","0","1","Lost Div","Todd Downing","Shane Bowen","TEN"
"2198","2020","Mike Vrabel","16","11","5","0",".688","1","0","1","Lost WC","Arthur Smith","","TEN"
"2199","2019","Mike Vrabel","16","9","7","0",".563","3","2","1","Lost Conf","Arthur Smith","Dean Pees","TEN"
"2200","2018","Mike Vrabel","16","9","7","0",".563","","","","","Matt LaFleur","Dean Pees","TEN"
"2201","2017","Mike Mularkey","16","9","7","0",".563","2","1","1","Lost Div","Terry Robiskie","Dick LeBeau","TEN"
"2202","2016","Mike Mularkey","16","9","7","0",".563","","","","","Terry Robiskie","Dick LeBeau","TEN"
"2203","2015","Mike Mularkey","9","2","7","0",".222","","","","","Jason Michael","Ray Horton","TEN"
"2204","2015","Ken Whisenhunt","7","1","6","0",".143","0","0","0","","Jason Michael","Ray Horton","TEN"
"2205","2014","Ken Whisenhunt","16","2","14","0",".125","0","0","0","","Jason Michael","Ray Horton","TEN"
"2206","2013","Mike Munchak","16","7","9","0",".438","0","0","0","","Dowell Loggains","Jerry Gray","TEN"
"2207","2012","Mike Munchak","16","6","10","0",".375","0","0","0","","Chris Palmer","Jerry Gray","TEN"
"2208","2011","Mike Munchak","16","9","7","0",".563","0","0","0","","Chris Palmer","Jerry Gray","TEN"
"2209","2010","Jeff Fisher","16","6","10","0",".375","0","0","0","","Mike Heimerdinger","Chuck Cecil","TEN"
"2210","2009","Jeff Fisher","16","8","8","0",".500","0","0","0","","Mike Heimerdinger","Chuck Cecil","TEN"
"2211","2008","Jeff Fisher","16","13","3","0",".813","1","0","1","Lost Div","Mike Heimerdinger","Jim Schwartz","TEN"
"2212","2007","Jeff Fisher","16","10","6","0",".625","1","0","1","Lost WC","Norm Chow","Jim Schwartz","TEN"
"2213","2006","Jeff Fisher","16","8","8","0",".500","0","0","0","","Norm Chow","Jim Schwartz","TEN"
"2214","2005","Jeff Fisher","16","4","12","0",".250","0","0","0","","Norm Chow","Jim Schwartz","TEN"
"2215","2004","Jeff Fisher","16","5","11","0",".313","0","0","0","","Mike Heimerdinger","Jim Schwartz","TEN"
"2216","2003","Jeff Fisher","16","12","4","0",".750","2","1","1","Lost Div","Mike Heimerdinger","Jim Schwartz","TEN"
"2217","2002","Jeff Fisher","16","11","5","0",".688","2","1","1","Lost Conf","Mike Heimerdinger","Jim Schwartz","TEN"
"2218","2001","Jeff Fisher","16","7","9","0",".438","0","0","0","","Mike Heimerdinger","Jim Schwartz","TEN"
"2219","2000","Jeff Fisher","16","13","3","0",".813","1","0","1","Lost Div","Mike Heimerdinger","Gregg Williams","TEN"
"2220","1999","Jeff Fisher","16","13","3","0",".813","4","3","1","Lost SB","Les Steckel","Gregg Williams","TEN"
"2221","1998","Jeff Fisher","16","8","8","0",".500","0","0","0","","Les Steckel","Gregg Williams","TEN"
"2222","1997","Jeff Fisher","16","8","8","0",".500","0","0","0","","Les Steckel","Gregg Williams","TEN"
"2223","1996","Jeff Fisher","16","8","8","0",".500","0","0","0","","Jerry Rhome","Steve Sidwell","TEN"
"2224","1995","Jeff Fisher","16","7","9","0",".438","0","0","0","","Jerry Rhome","Steve Sidwell","TEN"
"2225","1994","Jeff Fisher","6","1","5","0",".167","0","0","0","","Dick Coury, Kevin Gilbride","","TEN"
"2226","1994","Jack Pardee","10","1","9","0",".100","0","0","0","","Dick Coury, Kevin Gilbride","Jeff Fisher","TEN"
"2227","1993","Jack Pardee","16","12","4","0",".750","1","0","1","Lost Div","Kevin Gilbride","Buddy Ryan","TEN"
"2228","1992","Jack Pardee","16","10","6","0",".625","1","0","1","Lost WC","Kevin Gilbride","Jim Eddy","TEN"
"2229","1991","Jack Pardee","16","11","5","0",".688","2","1","1","Lost Div","Kevin Gilbride","Jim Eddy","TEN"
"2230","1990","Jack Pardee","16","9","7","0",".563","1","0","1","Lost WC","Kevin Gilbride","Jim Eddy","TEN"
"2231","1989","Jerry Glanville","16","9","7","0",".563","1","0","1","Lost WC","Kevin Gilbride","","TEN"
"2232","1988","Jerry Glanville","16","10","6","0",".625","2","1","1","Lost Div","","","TEN"
"2233","1987","Jerry Glanville","15","9","6","0",".600","2","1","1","Lost Div","Dick Jamieson","","TEN"
"2234","1986","Jerry Glanville","16","5","11","0",".313","0","0","0","","Dick Jamieson","","TEN"
"2235","1985","Jerry Glanville","2","0","2","0",".000","0","0","0","","Joe Faragalli","","TEN"
"2236","1985","Hugh Campbell","14","5","9","0",".357","0","0","0","","Joe Faragalli","Jerry Glanville","TEN"
"2237","1984","Hugh Campbell","16","3","13","0",".188","0","0","0","","Kay Dalton","Jerry Glanville","TEN"
"2238","1983","Chuck Studley","10","2","8","0",".200","0","0","0","","Kay Dalton","","TEN"
"2239","1983","Ed Biles","6","0","6","0",".000","0","0","0","","Kay Dalton","Chuck Studley","TEN"
"2240","1982","Ed Biles","9","1","8","0",".111","0","0","0","","Jim Shofner","","TEN"
"2241","1981","Ed Biles","16","7","9","0",".438","0","0","0","","Jim Shofner","Dick Nolan","TEN"
"2242","1980","Bum Phillips","16","11","5","0",".688","1","0","1","Lost WC","","Ed Biles","TEN"
"2243","1979","Bum Phillips","16","11","5","0",".688","3","2","1","Lost Conf","","Ed Biles","TEN"
"2244","1978","Bum Phillips","16","10","6","0",".625","3","2","1","Lost Conf","Ken Shipp","Ed Biles","TEN"
"2245","1977","Bum Phillips","14","8","6","0",".571","0","0","0","","Ken Shipp","Ed Biles","TEN"
"2246","1976","Bum Phillips","14","5","9","0",".357","0","0","0","","King Hill","Ed Biles","TEN"
"2247","1975","Bum Phillips","14","10","4","0",".714","0","0","0","","King Hill","Ed Biles","TEN"
"2248","1974","Sid Gillman","14","7","7","0",".500","0","0","0","","","Bum Phillips","TEN"
"2249","1973","Sid Gillman","9","1","8","0",".111","0","0","0","","","Burnie Miller","TEN"
"2250","1973","Bill Peterson","5","0","5","0",".000","0","0","0","","","Burnie Miller","TEN"
"2251","1972","Bill Peterson","14","1","13","0",".071","0","0","0","","","","TEN"
"2252","1971","Ed Hughes","14","4","9","1",".308","0","0","0","","","","TEN"
"2253","1970","Wally Lemm","14","3","10","1",".231","0","0","0","","","","TEN"
"2254","1969","Wally Lemm","14","6","6","2",".500","1","0","1","Lost Div","","","TEN"
"2255","1968","Wally Lemm","14","7","7","0",".500","0","0","0","","","","TEN"
"2256","1967","Wally Lemm","14","9","4","1",".692","1","0","1","Lost Conf","","","TEN"
"2257","1966","Wally Lemm","14","3","11","0",".214","0","0","0","","","","TEN"
"2258","1965","Hugh Taylor","14","4","10","0",".286","0","0","0","","","","TEN"
"2259","1964","Sammy Baugh","14","4","10","0",".286","0","0","0","","","","TEN"
"2260","1963","Pop Ivy","14","6","8","0",".429","0","0","0","","","","TEN"
"2261","1962","Pop Ivy","14","11","3","0",".786","1","0","1","Lost Champ","","","TEN"
"2262","1961","Wally Lemm","9","9","0","0","1.000","1","1","0","Won Champ","","","TEN"
"2263","1961","Lou Rymkus","5","1","3","1",".250","0","0","0","Won Champ","","","TEN"
"2264","1960","Lou Rymkus","14","10","4","0",".714","1","1","0","Won Champ","","","TEN"
"2265","2025","Dan Quinn","17","5","12","0",".294","","","","","Kliff Kingsbury","Joe Whitt","WSH"
"2266","2024","Dan Quinn","17","12","5","0",".706","3","2","1","Lost Conf","Kliff Kingsbury","Joe Whitt","WSH"
"2267","2023","Ron Rivera","17","4","13","0",".235","","","","","Eric Bieniemy","Jack Del Rio","WSH"
"2268","2022","Ron Rivera","17","8","8","1",".500","","","","","Scott Turner","Jack Del Rio","WSH"
"2269","2021","Ron Rivera","17","7","10","0",".412","","","","","Scott Turner","Jack Del Rio","WSH"
"2270","2020","Ron Rivera","16","7","9","0",".438","1","0","1","Lost WC","Scott Turner","Jack Del Rio","WSH"
"2271","2019","Bill Callahan","11","3","8","0",".273","","","","","Kevin O'Connell","Greg Manusky","WSH"
"2272","2019","Jay Gruden","5","0","5","0",".000","","","","","Kevin O'Connell","Greg Manusky","WSH"
"2273","2018","Jay Gruden","16","7","9","0",".438","","","","","Matt Cavanaugh","Greg Manusky","WSH"
"2274","2017","Jay Gruden","16","7","9","0",".438","","","","","Matt Cavanaugh","Greg Manusky","WSH"
"2275","2016","Jay Gruden","16","8","7","1",".531","","","","","Sean McVay","Joe Barry","WSH"
"2276","2015","Jay Gruden","16","9","7","0",".563","1","0","1","Lost WC","Sean McVay","Joe Barry","WSH"
"2277","2014","Jay Gruden","16","4","12","0",".250","0","0","0","","Sean McVay","Jim Haslett","WSH"
"2278","2013","Mike Shanahan","16","3","13","0",".188","0","0","0","","Kyle Shanahan","Jim Haslett","WSH"
"2279","2012","Mike Shanahan","16","10","6","0",".625","1","0","1","Lost WC","Kyle Shanahan","Jim Haslett","WSH"
"2280","2011","Mike Shanahan","16","5","11","0",".313","0","0","0","","Kyle Shanahan","Jim Haslett","WSH"
"2281","2010","Mike Shanahan","16","6","10","0",".375","0","0","0","","Kyle Shanahan","Jim Haslett","WSH"
"2282","2009","Jim Zorn","16","4","12","0",".250","0","0","0","","Sherman Smith","Greg Blache","WSH"
"2283","2008","Jim Zorn","16","8","8","0",".500","0","0","0","","Sherman Smith","Greg Blache","WSH"
"2284","2007","Joe Gibbs","16","9","7","0",".563","1","0","1","Lost WC","Don Breaux, Al Saunders","Gregg Williams","WSH"
"2285","2006","Joe Gibbs","16","5","11","0",".313","0","0","0","","Don Breaux, Al Saunders","Gregg Williams","WSH"
"2286","2005","Joe Gibbs","16","10","6","0",".625","2","1","1","Lost Div","Don Breaux","Gregg Williams","WSH"
"2287","2004","Joe Gibbs","16","6","10","0",".375","0","0","0","","Don Breaux","Gregg Williams","WSH"
"2288","2003","Steve Spurrier","16","5","11","0",".313","0","0","0","","Hue Jackson","George Edwards","WSH"
"2289","2002","Steve Spurrier","16","7","9","0",".438","0","0","0","","","Marvin Lewis","WSH"
"2290","2001","Marty Schottenheimer","16","8","8","0",".500","0","0","0","","Jimmy Raye","Kurt Schottenheimer","WSH"
"2291","2000","Terry Robiskie","3","1","2","0",".333","0","0","0","","","Ray Rhodes","WSH"
"2292","2000","Norv Turner","13","7","6","0",".538","0","0","0","","","Ray Rhodes","WSH"
"2293","1999","Norv Turner","16","10","6","0",".625","2","1","1","Lost Div","","Mike Nolan","WSH"
"2294","1998","Norv Turner","16","6","10","0",".375","0","0","0","","","Mike Nolan","WSH"
"2295","1997","Norv Turner","16","8","7","1",".531","0","0","0","","","Mike Nolan","WSH"
"2296","1996","Norv Turner","16","9","7","0",".563","0","0","0","","","Ron Lynn","WSH"
"2297","1995","Norv Turner","16","6","10","0",".375","0","0","0","","","Ron Lynn","WSH"
"2298","1994","Norv Turner","16","3","13","0",".188","0","0","0","","","Ron Lynn","WSH"
"2299","1993","Richie Petitbon","16","4","12","0",".250","0","0","0","","Rod Dowhower","Larry Peccatiello","WSH"
"2300","1992","Joe Gibbs","16","9","7","0",".563","2","1","1","Lost Div","","Larry Peccatiello, Richie Petitbon","WSH"
"2301","1991","Joe Gibbs","16","14","2","0",".875","3","3","0","Won SB","","Larry Peccatiello, Richie Petitbon","WSH"
"2302","1990","Joe Gibbs","16","10","6","0",".625","2","1","1","Lost Div","","Larry Peccatiello, Richie Petitbon","WSH"
"2303","1989","Joe Gibbs","16","10","6","0",".625","0","0","0","","Joe Bugel","Larry Peccatiello, Richie Petitbon","WSH"
"2304","1988","Joe Gibbs","16","7","9","0",".438","0","0","0","","Joe Bugel","Larry Peccatiello, Richie Petitbon","WSH"
"2305","1987","Joe Gibbs","15","11","4","0",".733","3","3","0","Won SB","Joe Bugel","Larry Peccatiello, Richie Petitbon","WSH"
"2306","1986","Joe Gibbs","16","12","4","0",".750","3","2","1","Lost Conf","Joe Bugel","Larry Peccatiello, Richie Petitbon","WSH"
"2307","1985","Joe Gibbs","16","10","6","0",".625","0","0","0","","Joe Bugel","Larry Peccatiello, Richie Petitbon","WSH"
"2308","1984","Joe Gibbs","16","11","5","0",".688","1","0","1","Lost Div","Joe Bugel","Larry Peccatiello, Richie Petitbon","WSH"
"2309","1983","Joe Gibbs","16","14","2","0",".875","3","2","1","Lost SB","Joe Bugel","Richie Petitbon","WSH"
"2310","1982","Joe Gibbs","9","8","1","0",".889","4","4","0","Won SB","Joe Bugel","Richie Petitbon","WSH"
"2311","1981","Joe Gibbs","16","8","8","0",".500","0","0","0","","Joe Bugel","Richie Petitbon","WSH"
"2312","1980","Jack Pardee","16","6","10","0",".375","0","0","0","","Joe Walton","Richard Urich","WSH"
"2313","1979","Jack Pardee","16","10","6","0",".625","0","0","0","","Joe Walton","Richard Urich","WSH"
"2314","1978","Jack Pardee","16","8","8","0",".500","0","0","0","","Joe Walton","Richard Urich","WSH"
"2315","1977","George Allen","14","9","5","0",".643","0","0","0","","Charlie Waller","LaVern Torgeson","WSH"
"2316","1976","George Allen","14","10","4","0",".714","1","0","1","Lost Div","Charlie Waller","LaVern Torgeson","WSH"
"2317","1975","George Allen","14","8","6","0",".571","0","0","0","","Charlie Waller","LaVern Torgeson","WSH"
"2318","1974","George Allen","14","10","4","0",".714","1","0","1","Lost Div","Ted Marchibroda","LaVern Torgeson","WSH"
"2319","1973","George Allen","14","10","4","0",".714","1","0","1","Lost Div","Ted Marchibroda","LaVern Torgeson","WSH"
"2320","1972","George Allen","14","11","3","0",".786","3","2","1","Lost SB","Ted Marchibroda","LaVern Torgeson","WSH"
"2321","1971","George Allen","14","9","4","1",".692","1","0","1","Lost Div","Ted Marchibroda","LaVern Torgeson","WSH"
"2322","1970","Bill Austin","14","6","8","0",".429","0","0","0","","","Harland Svare","WSH"
"2323","1969","Vince Lombardi","14","7","5","2",".583","0","0","0","","","Harland Svare","WSH"
"2324","1968","Otto Graham","14","5","9","0",".357","0","0","0","","","Mike Scarry","WSH"
"2325","1967","Otto Graham","14","5","6","3",".455","0","0","0","","","Mike Scarry","WSH"
"2326","1966","Otto Graham","14","7","7","0",".500","0","0","0","","","Mike Scarry","WSH"
"2327","1965","Bill McPeak","14","6","8","0",".429","0","0","0","","George Wilson","","WSH"
"2328","1964","Bill McPeak","14","6","8","0",".429","0","0","0","","","","WSH"
"2329","1963","Bill McPeak","14","3","11","0",".214","0","0","0","","","","WSH"
"2330","1962","Bill McPeak","14","5","7","2",".417","0","0","0","","","","WSH"
"2331","1961","Bill McPeak","14","1","12","1",".077","0","0","0","","","","WSH"
"2332","1960","Mike Nixon","12","1","9","2",".100","0","0","0","","","","WSH"
"2333","1959","Mike Nixon","12","3","9","0",".250","0","0","0","","","","WSH"
"2334","1958","Joe Kuharich","12","4","7","1",".364","0","0","0","","","","WSH"
"2335","1957","Joe Kuharich","12","5","6","1",".455","0","0","0","","","","WSH"
"2336","1956","Joe Kuharich","12","6","6","0",".500","0","0","0","","","","WSH"
"2337","1955","Joe Kuharich","12","8","4","0",".667","0","0","0","","","","WSH"
"2338","1954","Joe Kuharich","12","3","9","0",".250","0","0","0","","","","WSH"
"2339","1953","Curly Lambeau","12","6","5","1",".545","0","0","0","","","","WSH"
"2340","1952","Curly Lambeau","12","4","8","0",".333","0","0","0","","","","WSH"
"2341","1951","Dick Todd","9","5","4","0",".556","0","0","0","","","","WSH"
"2342","1951","Herman Ball","3","0","3","0",".000","0","0","0","","","","WSH"
"2343","1950","Herman Ball","12","3","9","0",".250","0","0","0","","","","WSH"
"2344","1949","Herman Ball","5","1","4","0",".200","0","0","0","","","","WSH"
"2345","1949","John Whelchel","7","3","3","1",".500","0","0","0","","","","WSH"
"2346","1948","Turk Edwards","12","7","5","0",".583","0","0","0","","","","WSH"
"2347","1947","Turk Edwards","12","4","8","0",".333","0","0","0","","","","WSH"
"2348","1946","Turk Edwards","11","5","5","1",".500","0","0","0","","","","WSH"
"2349","1945","Dudley DeGroot","10","8","2","0",".800","1","0","1","Lost Champ","","","WSH"
"2350","1944","Dudley DeGroot","10","6","3","1",".667","0","0","0","","","","WSH"
"2351","1943","Dutch Bergman","10","6","3","1",".667","2","1","1","Lost Champ","","","WSH"
"2352","1942","Ray Flaherty","11","10","1","0",".909","1","1","0","Won Champ","","","WSH"
"2353","1941","Ray Flaherty","11","6","5","0",".545","0","0","0","","","","WSH"
"2354","1940","Ray Flaherty","11","9","2","0",".818","1","0","1","Lost Champ","","","WSH"
"2355","1939","Ray Flaherty","11","8","2","1",".800","0","0","0","","","","WSH"
"2356","1938","Ray Flaherty","11","6","3","2",".667","0","0","0","","","","WSH"
"2357","1937","Ray Flaherty","11","8","3","0",".727","1","1","0","Won Champ","","","WSH"
"2358","1936","Ray Flaherty","12","7","5","0",".583","1","0","1","Lost Champ","","","WSH"
"2359","1935","Eddie Casey","11","2","8","1",".200","0","0","0","","","","WSH"
"2360","1934","Lone Star Dietz","12","6","6","0",".500","0","0","0","","","","WSH"
"2361","1933","Lone Star Dietz","12","5","5","2",".500","0","0","0","","","","WSH"
"2362","1932","Lud Wray","10","4","4","2",".500","0","0","0","","","","WSH"
